Diện tích đất:,Số phòng ngủ:,Số phòng vệ sinh:,Giấy tờ pháp lý:,Loại hình nhà ở:,Chiều ngang:,Diện tích sử dụng:,Giá/m2:,Hướng cửa chính:,Tổng số tầng:,Đặc điểm nhà/đất:,Tình trạng nội thất:,Chiều dài:,Location,Name,URL,District,Price
77 m²,4 phòng,4 phòng,,Nhà phố liền kề,,77 m²,"122,08 triệu/m²",,,,,,ha-noi,"Nhà Liền kề Nam La Khê- Quang Trung, 77m/tầng, lô góc chắc chắn",,"Đường Quang Trung, Phường La Khê, Quận Hà Đông, Hà NộiXem bản đồ","9,4 tỷ - 77 m2"
40 m²,3 phòng,,Đã có sổ,"Nhà ngõ, hẻm",,40 m²,103 triệu/m²,,5,,,,ha-noi,"Lô góc, Trần Thái Tông, nhà mới, gần oto, trung tâm Cầu Giấy, gần phố",,"Trần Thái Tông, Phường Dịch Vọng Hậu, Quận Cầu Giấy, Hà NộiXem bản đồ","4,12 tỷ - 40 m2"
62 m²,nhiều hơn 10 phòng,,,"Nhà mặt phố, mặt tiền",,,"137,1 triệu/m²",,,,,,ha-noi,"BÁN NHÀ YÊN HÒA, 12 PHÒNG, DÒNG TIỀN 70 TRIỆU/ THÁNG, 8.5 TỶ",,"Yên Hòa, Phường Yên Hoà, Quận Cầu Giấy, Hà NộiXem bản đồ","8,5 tỷ - 62 m2"
55 m²,4 phòng,4 phòng,Đã có sổ,"Nhà ngõ, hẻm",,,"90,91 triệu/m²",,5,,Nội thất cao cấp,,ha-noi,"QUÁ RẺ - Nhà dân Hoàng Hoa Thám, còn mới ở ngay, vuông đẹp, 55m2 mt 5m",,"Hoàng Hoa Thám, Phường Vĩnh Phúc, Quận Ba Đình, Hà NộiXem bản đồ",5 tỷ - 55 m2
50 m²,5 phòng,5 phòng,Đã có sổ,Nhà phố liền kề,,,200 triệu/m²,Đông Nam,7,,,,ha-noi,CHÍNH CHỦ CẦN BÁN GẤP LIỀN KỀ DT 50m×7 TẦNG KĐT VẠN PHÚC-HÀ ĐÔNG,,"Đường Tố Hữu, Phường Vạn Phúc, Hà Đông, Hà Nội, Phường Vạn Phúc, Quận Hà Đông, Hà NộiXem bản đồ",10 tỷ - 50 m2
45 m²,4 phòng,,Đã có sổ,"Nhà mặt phố, mặt tiền",,,80 triệu/m²,,,,,,ha-noi,"BÁN NHÀ TÂY MỖ, PHÂN LÔ ÔTÔ, NỘI THẤT VIP, 45Mx5T, MT4M, 3.6 TỶ.",,"Tây Mỗ, Phường Tây Mỗ, Quận Nam Từ Liêm, Hà NộiXem bản đồ","3,6 tỷ - 45 m2"
35 m²,3 phòng,4 phòng,Đã có sổ,"Nhà ngõ, hẻm",,,"114,29 triệu/m²",Tây Bắc,5,,,,ha-noi,"BÁN NHÀ 42 SÀI ĐỒNG, LONG BIÊN 35M 5T LÔ GÓC- ÔTÔ- FULL ĐỒ -ẢNH THẬT",,"42 SÀI ĐỒNG, Phường Sài Đồng, Quận Long Biên, Hà NộiXem bản đồ",4 tỷ - 35 m2
52 m²,4 phòng,4 phòng,Đã có sổ,"Nhà ngõ, hẻm",,,"96,15 triệu/m²",,5,"Hẻm xe hơi,Nở hậu",,,ha-noi,"Nhà mới đét, Cổ Linh- Thạch Bàn. Gara oto, sát phố",,"Cổ Linh, Phường Thạch Bàn, Quận Long Biên, Hà NộiXem bản đồ",5 tỷ - 52 m2
30 m²,3 phòng,4 phòng,Đã có sổ,"Nhà ngõ, hẻm",,,140 triệu/m²,,5,,Nội thất đầy đủ,,ha-noi,"Nhà riêng đẹp 30m2, 3 phòng ngủ, Đường Trần Khát Chân, Q. Hai Bà Trưng",,"Trần Khát Chân, Phường Thanh Lương, Quận Hai Bà Trưng, Hà NộiXem bản đồ","4,2 tỷ - 30 m2"
51 m²,4 phòng,3 phòng,Đã có sổ,"Nhà ngõ, hẻm",,,"125,49 triệu/m²",,4,,Nội thất đầy đủ,,ha-noi,Bán nhà Nguy,,"Nguyễn Trãi, Phường Thượng Đình, Quận Thanh Xuân, Hà NộiXem bản đồ","6,4 tỷ - 51 m2"
37 m²,4 phòng,5 phòng,Đã có sổ,"Nhà ngõ, hẻm",,,"139,19 triệu/m²",,6,,Nội thất đầy đủ,,ha-noi,"Bán nhà mặt ngõ Hào Nam, ngõ thông, gần phố, 2 thoáng, ở ngay 37m*6T.",,"Phố Hào Nam, Phường Ô Chợ Dừa, Quận Đống Đa, Hà NộiXem bản đồ","5,15 tỷ - 37 m2"
40 m²,3 phòng,5 phòng,,"Nhà ngõ, hẻm",,40 m²,"212,5 triệu/m²",,,,,,ha-noi,bán nhà 6 tầng 40m2 xây mới thang máy phố vĩnh phúc,,"vĩnh phúc, Phường Vĩnh Phúc, Quận Ba Đình, Hà NộiXem bản đồ","8,5 tỷ - 40 m2"
55 m²,5 phòng,6 phòng,Đã có sổ,"Nhà ngõ, hẻm",,,"343,64 triệu/m²",,7,,Nội thất cao cấp,,ha-noi,"Bán nhà Hồ Tùng Mậu 7 Tầng Thang máy , Cách Phố 20M",,"Hồ Tùng Mậu, Phường Mai Dịch, Quận Cầu Giấy, Hà NộiXem bản đồ","18,9 tỷ - 55 m2"
42 m²,4 phòng,4 phòng,,Nhà phố liền kề,4.3 m,,"272,62 triệu/m²",,5,,Nội thất cao cấp,,ha-noi,"Bán nhà phố Phan Văn Trường 42m x 5 tầng, nhỉnh 11 tỷ",,"Phan Văn Trường, Phường Dịch Vọng Hậu, Quận Cầu Giấy, Hà NộiXem bản đồ","11,45 tỷ - 42 m2"
35 m²,3 phòng,3 phòng,Đã có sổ,"Nhà ngõ, hẻm",,,"85,71 triệu/m²",Bắc,5,,,,ha-noi,BÁN NHÀ NHƯ ẢNH CỔ LINH-THẠCH BÀN 35M 5 TẦNG 2 THOÁNG FULL ĐỒ ~ 3 TỶ,,"CỔ LINH, Phường Thạch Bàn, Quận Long Biên, Hà NộiXem bản đồ",3 tỷ - 35 m2
36 m²,3 phòng,3 phòng,Đã có sổ,"Nhà ngõ, hẻm",,36 m²,"97,22 triệu/m²",,4,,,,ha-noi,"Cực hot! Dương Quang Hàm, oto đỗ cửa, 4 mặt thoáng, lô góc, trung tâm",,"Dương Quảng Hàm, Phường Quan Hoa, Quận Cầu Giấy, Hà NộiXem bản đồ","3,5 tỷ - 36 m2"
85 m²,nhiều hơn 10 phòng,,Đã có sổ,"Nhà ngõ, hẻm",6 m,,"176,47 triệu/m²",,7,,Nội thất cao cấp,,ha-noi,Bán toà Căn Hộ Dịch Vụ Trung Kính 85m2 Chỉ 15 tỷ Dòng tiền cao,,"Trung Kính, Phường Trung Hoà, Quận Cầu Giấy, Hà NộiXem bản đồ",15 tỷ - 85 m2
45 m²,5 phòng,,Đã có sổ,"Nhà ngõ, hẻm",4 m,,"199,56 triệu/m²",,7,,Nội thất cao cấp,,ha-noi,Bán nhà Thuỵ Khuê 8.98 Tỷ Cách Phố 10m-7 Tầng thang máy,,"Đường Thụy Khuê, Phường Bưởi, Quận Tây Hồ, Hà NộiXem bản đồ","8,98 tỷ - 45 m2"
36 m²,3 phòng,4 phòng,Đã có sổ,"Nhà ngõ, hẻm",,,"81,94 triệu/m²",,5,,,,ha-noi,"BÁN NHÀ VIỆT HƯNG NGAY QUẬN UỶ LONG BIÊN 36M 4,5 TẦNG GIÁ 2,9 TỶ",,"Trường Lâm, Phường Việt Hưng, Quận Long Biên, Hà NộiXem bản đồ","2,95 tỷ - 36 m2"
38 m²,3 phòng,3 phòng,Đã có sổ,"Nhà ngõ, hẻm",5 m,,"89,47 triệu/m²",,,,,8 m,ha-noi,"Bán nhà Kim Ngưu , 38m2 , 3,4 tỷ, , cách đường lớn 50m",,"Kim Ngưu, Phường Minh Khai, Quận Hai Bà Trưng, Hà NộiXem bản đồ","3,4 tỷ - 38 m2"
38 m²,3 phòng,3 phòng,Đã có sổ,"Nhà ngõ, hẻm",5 m,,"89,47 triệu/m²",,,,,8 m,ha-noi,"Bán nhà Kim Ngưu , 38m2 , 3,4 tỷ, , cách đường lớn 50m",,"Kim Ngưu, Phường Minh Khai, Quận Hai Bà Trưng, Hà NộiXem bản đồ","3,4 tỷ - 38 m2"
40 m²,4 phòng,4 phòng,Đã có sổ,"Nhà mặt phố, mặt tiền",,,160 triệu/m²,,5,,Nội thất đầy đủ,,ha-noi,"Phân lô Mỗ Lao, ô tô tránh, kinh doanh đỉnh, đường thông, 40m2, 6.4 tỷ",,"Đường Thanh Bình, Phường Mộ Lao, Quận Hà Đông, Hà NộiXem bản đồ","6,4 tỷ - 40 m2"
36 m²,4 phòng,,Đã có sổ,"Nhà ngõ, hẻm",5.5 m,,"137,5 triệu/m²",,4,,Nội thất đầy đủ,,ha-noi,"Bán nhà mặt ngõ Xã Đàn, ngõ thông, gần phố, lô góc, ở ngay 36m*5T.",,"Đường Xã Đàn, Phường Ô Chợ Dừa, Quận Đống Đa, Hà NộiXem bản đồ","4,95 tỷ - 36 m2"
40 m²,3 phòng,,Đã có sổ,"Nhà ngõ, hẻm",3.4 m,,"103,75 triệu/m²",,4,,Nội thất đầy đủ,,ha-noi,"Bán nhà mặt ngõ khu Tôn Đức Thắng, ngõ rộng, ô tô gần, ở ngay 40M*4T",,"Phố Tôn Đức Thắng, Phường Hàng Bột, Quận Đống Đa, Hà NộiXem bản đồ","4,15 tỷ - 40 m2"
50 m²,4 phòng,4 phòng,Đã có sổ,"Nhà ngõ, hẻm",,,122 triệu/m²,Đông,6,,,,ha-noi,"Bán Nhà Cổ Linh, Thạch Bàn 50M x 6T, gara ô tô, thang máy - 6,1 tỷ",,"Đường Cổ Linh, Phường Thạch Bàn, Quận Long Biên, Hà NộiXem bản đồ","6,1 tỷ - 50 m2"
39 m²,3 phòng,4 phòng,Đã có sổ,"Nhà ngõ, hẻm",,,"75,64 triệu/m²",,5,,Nhà trống,,ha-noi,"Nhà 39M x 5 Tầng Đối Diện Aeon Long Biên, Ngõ 206 Cổ Linh - 2,95 Tỷ",,"Đường Cổ Linh, Phường Long Biên, Quận Long Biên, Hà NộiXem bản đồ","2,95 tỷ - 39 m2"
38.5998 m²,3 phòng,4 phòng,Đã có sổ,"Nhà ngõ, hẻm",,,"116,58 triệu/m²",,6,,Nhà trống,,ha-noi,"Tôi Bán Nhà Thạch Bàn, LB - 38,6M x 6T - Lo Góc - Ngõ Thông Kinh Doanh",,"Đường Cổ Linh, Phường Thạch Bàn, Quận Long Biên, Hà NộiXem bản đồ","4,5 tỷ - 38.5.998 m2"
52 m²,5 phòng,,Đã có sổ,"Nhà mặt phố, mặt tiền",,,"105,77 triệu/m²",,5,"Hẻm xe hơi,Nở hậu",,,ha-noi,"Siêu hiếm, Nhà mới cứng 5tg, Gara oto.Ngay đầu Phố Trạm .Giá hữu nghị",,"Phố Trạm, Phường Long Biên, Quận Long Biên, Hà NộiXem bản đồ","5,5 tỷ - 52 m2"
80 m²,4 phòng,,,"Nhà mặt phố, mặt tiền",4.5 m,80 m²,"193,75 triệu/m²",,,,,,ha-noi,"Nhà Liền kề Mỗ Lao- Làng Việt Kiều, 80m/ 4 tầng mt rộng view hồ",,"Phố Nguyễn Văn Lộc, Phường Mộ Lao, Quận Hà Đông, Hà NộiXem bản đồ","15,5 tỷ - 80 m2"
40 m²,4 phòng,4 phòng,Đã có sổ,"Nhà ngõ, hẻm",,,270 triệu/m²,,5,,Nội thất cao cấp,,ha-noi,"Xuân Diệu 40m, 5 Tầng, MT 4,3m. Lô góc, Oto tránh, KD. 10,8 Tỷ.",,"Đường Xuân Diệu, Phường Quảng An, Quận Tây Hồ, Hà NộiXem bản đồ","10,8 tỷ - 40 m2"
40 m²,3 phòng,4 phòng,Đã có sổ,"Nhà ngõ, hẻm",,,"123,75 triệu/m²",,4,,Nội thất cao cấp,,ha-noi,"Nhà riêng lộng lẫy 40m2, 3 phòng ngủ, đường Vạn Kiếp, Q. Hai Bà Trưng",,"Vạn Kiếp, Phường Bạch Đằng, Quận Hai Bà Trưng, Hà NộiXem bản đồ","4,95 tỷ - 40 m2"
37 m²,3 phòng,4 phòng,Đã có sổ,"Nhà mặt phố, mặt tiền",,,"154,05 triệu/m²",,5,,Nhà trống,,ha-noi,"Bán nhà phố giang biên,gara,thang máy,mặt tiền kinh doanh",,"Giang Biên, Phường Giang Biên, Quận Long Biên, Hà NộiXem bản đồ","5,7 tỷ - 37 m2"
5 m²,4 phòng,,Đã có sổ,"Nhà ngõ, hẻm",,,810 triệu/m²,,,Hẻm xe hơi,,,ha-noi,"CC BÁN NHÀ XUÂN PHƯƠNG, LÔ GÓC, GẦN OTO, 52M2, GIÁ 4.05 TỶ",,"Đường Xuân Phương, Phường Xuân Phương, Quận Nam Từ Liêm, Hà NộiXem bản đồ","4,05 tỷ - 5 m2"
39 m²,6 phòng,4 phòng,Đã có sổ,"Nhà ngõ, hẻm",,,"103,85 triệu/m²",,5,,Nội thất cao cấp,,ha-noi,Bán Nhà Cầu Diễn - Nam Từ Liêm - 39m2 - 6 Phòng - Trước Nhà Rộng 3M,,"Đường Hồ Tùng Mậu, Phường Cầu Diễn, Quận Nam Từ Liêm, Hà NộiXem bản đồ","4,05 tỷ - 39 m2"
35 m²,4 phòng,5 phòng,Đã có sổ,"Nhà ngõ, hẻm",,,"110,86 triệu/m²",,5,,Nội thất đầy đủ,,ha-noi,"3,88 tỷ nhà Xuân La-Tây Hồ-35m2-5 tầng-cách oto vài chục mét",,"xuân la, Phường Xuân La, Quận Tây Hồ, Hà NộiXem bản đồ","3,88 tỷ - 35 m2"
90 m²,8 phòng,,,Nhà phố liền kề,,,"175,56 triệu/m²",,,,,,ha-noi,PHÂN LÔ LẠC TRUNG 90M 8TẦNG THANG MÁY Ở SƯỚNG KINH DOANH ĐỈNH,,"Phố Lạc Trung, Phường Minh Khai, Quận Hai Bà Trưng, Hà NộiXem bản đồ","15,8 tỷ - 90 m2"
39 m²,3 phòng,4 phòng,Đã có sổ,"Nhà ngõ, hẻm",,,"79,49 triệu/m²",,5,,,,ha-noi,"BÁN NHÀ NGÕ 206 CỔ LINH GẦN AEON MALL 39M 4,5 TẦNG GIÁ 3,1 TỶ",,"Ngõ 206 , Đường Cổ Linh, Phường Long Biên, Quận Long Biên, Hà NộiXem bản đồ","3,1 tỷ - 39 m2"
70 m²,4 phòng,,Đã có sổ,"Nhà ngõ, hẻm",,,"105,71 triệu/m²",,4,,,,ha-noi,"Bán nhà Tây Sơn, 70m2*4T, MT6.5m 2 thoáng, kinh doanh, ô tô, 7.4 tỷ",,"Phố Tây Sơn, Phường Trung Liệt, Quận Đống Đa, Hà NộiXem bản đồ","7,4 tỷ - 70 m2"
45 m²,4 phòng,,Đã có sổ,"Nhà ngõ, hẻm",,,"93,33 triệu/m²",,,,,,ha-noi,"Bán nhà ngõ 157 Pháo Đài Láng thông Nguyễn Chí Thanh, bagac, 55m oto",,"Ngõ 157 Pháo Đài Láng, Phường Láng Thượng, Quận Đống Đa, Hà NộiXem bản đồ","4,2 tỷ - 45 m2"
38 m²,6 phòng,4 phòng,Đã có sổ,"Nhà ngõ, hẻm",,,"90,79 triệu/m²",,5,,Nội thất đầy đủ,,ha-noi,"Bán nhà Tu Hoàng rẻ nhất quả đất mới tinh,10m ra tới ô tô. 38m2",,"Phố Tu Hoàng, Phường Xuân Phương, Quận Nam Từ Liêm, Hà NộiXem bản đồ","3,45 tỷ - 38 m2"
39 m²,3 phòng,4 phòng,Đã có sổ,"Nhà ngõ, hẻm",,,"79,49 triệu/m²",,5,,,,ha-noi,"BÁN NHÀ NGÕ 206 CỔ LINH GẦN AEON MALL 39M 4,5 TẦNG GIÁ 3,1 TỶ",,"Ngõ 206 , Đường Cổ Linh, Phường Long Biên, Quận Long Biên, Hà NộiXem bản đồ","3,1 tỷ - 39 m2"
70 m²,4 phòng,,Đã có sổ,"Nhà ngõ, hẻm",,,"105,71 triệu/m²",,4,,,,ha-noi,"Bán nhà Tây Sơn, 70m2*4T, MT6.5m 2 thoáng, kinh doanh, ô tô, 7.4 tỷ",,"Phố Tây Sơn, Phường Trung Liệt, Quận Đống Đa, Hà NộiXem bản đồ","7,4 tỷ - 70 m2"
45 m²,4 phòng,,Đã có sổ,"Nhà ngõ, hẻm",,,"93,33 triệu/m²",,,,,,ha-noi,"Bán nhà ngõ 157 Pháo Đài Láng thông Nguyễn Chí Thanh, bagac, 55m oto",,"Ngõ 157 Pháo Đài Láng, Phường Láng Thượng, Quận Đống Đa, Hà NộiXem bản đồ","4,2 tỷ - 45 m2"
38 m²,6 phòng,4 phòng,Đã có sổ,"Nhà ngõ, hẻm",,,"90,79 triệu/m²",,5,,Nội thất đầy đủ,,ha-noi,"Bán nhà Tu Hoàng rẻ nhất quả đất mới tinh,10m ra tới ô tô. 38m2",,"Phố Tu Hoàng, Phường Xuân Phương, Quận Nam Từ Liêm, Hà NộiXem bản đồ","3,45 tỷ - 38 m2"
66 m²,5 phòng,,Đã có sổ,"Nhà ngõ, hẻm",,,"78,79 triệu/m²",,4,"Hẻm xe hơi,Nở hậu",,,ha-noi,"BÁN NHÀ THẠCH BÀN CỔ LINH 66M 4 TẦNG NGÕ NÔNG, SÂN RỘNG 5,2 TỶ",,"Đường Cổ Linh, Phường Thạch Bàn, Quận Long Biên, Hà NộiXem bản đồ","5,2 tỷ - 66 m2"
36 m²,4 phòng,5 phòng,Đã có sổ,"Nhà ngõ, hẻm",,,"141,67 triệu/m²",Đông Nam,5,,,,ha-noi,"5,x tỷ nhà Trung Kính-Cầu Giấy-36m2-5 tầng-oto đỗ gần",,"trung kính, Phường Trung Hoà, Quận Cầu Giấy, Hà NộiXem bản đồ","5,1 tỷ - 36 m2"
74 m²,3 phòng,,Đã có sổ,"Nhà ngõ, hẻm",,74 m²,"85,14 triệu/m²",,4,,Nội thất đầy đủ,,ha-noi,"Bán nhà Mỗ Lao, Hà Đông, diện tích rộng ở sướng, 74m2, 6.3 tỷ",,"Đường Trần Phú, Phường Mộ Lao, Quận Hà Đông, Hà NộiXem bản đồ","6,3 tỷ - 74 m2"
25 m²,3 phòng,,Đã có sổ,"Nhà ngõ, hẻm",,,110 triệu/m²,,5,,,,ha-noi,"Chính chủ cần bán căn Trung Phụng, nhà đẹp, gần phố. DT 25m, 5 tầng",,"Trung Phụng, Phường Trung Phụng, Quận Đống Đa, Hà NộiXem bản đồ","2,75 tỷ - 25 m2"
45 m²,4 phòng,5 phòng,Đã có sổ,Nhà phố liền kề,,,"211,11 triệu/m²",,7,,Nội thất cao cấp,,ha-noi,"Nguyễn Khuyến,Văn Quán 45m 7t thang máy,ô tô vào nhà,ở sướng,KD tốt",,"Nguyễn Khuyến, Phường Văn Quán, Quận Hà Đông, Hà NộiXem bản đồ","9,5 tỷ - 45 m2"
31 m²,3 phòng,3 phòng,Đã có sổ,"Nhà ngõ, hẻm",,,"108,06 triệu/m²",,3,,Nội thất đầy đủ,,ha-noi,Bán nhà tại Ngô Quyền Hà Đông 31m - 3 .35 tỷ,,"Đường Ngô Quyền, Phường Quang Trung, Quận Hà Đông, Hà NộiXem bản đồ","3,35 tỷ - 31 m2"
46 m²,4 phòng,5 phòng,Đã có sổ,"Nhà ngõ, hẻm",,,"82,61 triệu/m²",,5,,Nội thất đầy đủ,,ha-noi,3.8 tỷ nhà Văn Tiến Dũng-46m2-5 tầng-oto đỗ tận cửa-cách đường chỉ 10m,,"Đường Văn Tiến Dũng, Phường Phúc Diễn, Quận Bắc Từ Liêm, Hà NộiXem bản đồ","3,8 tỷ - 46 m2"
32 m²,3 phòng,4 phòng,Đã có sổ,"Nhà ngõ, hẻm",,,"107,81 triệu/m²",,5,,Nội thất đầy đủ,,ha-noi,Bán Nhà Xuân Phương - Nam Từ Liêm - 3.45 Tỷ - Ngõ Nông - Ô tô Đỗ Gần,,"Đường Xuân Phương, Phường Xuân Phương, Quận Nam Từ Liêm, Hà NộiXem bản đồ","3,45 tỷ - 32 m2"
38 m²,4 phòng,3 phòng,Đã có sổ,"Nhà ngõ, hẻm",,,"107,89 triệu/m²",,4,,Nội thất cao cấp,,ha-noi,CẦN BÁN NHÀ XÂY MỚI THẠCH BÀN,,"0, Đường Thạch Bàn, Phường Thạch Bàn, Quận Long Biên, Hà NộiXem bản đồ","4,1 tỷ - 38 m2"
45 m²,5 phòng,,Đã có sổ,"Nhà ngõ, hẻm",,45 m²,"126,67 triệu/m²",,,,,,ha-noi,"100%! bán nhà ngõ 68 Cầu Giấy lô góc, ngõ thông, ba gác đua 45m2*5T",,"Cầu Giấy, Phường Quan Hoa, Quận Cầu Giấy, Hà NộiXem bản đồ","5,7 tỷ - 45 m2"
120 m²,6 phòng,,Đã có sổ,"Nhà mặt phố, mặt tiền",,,"212,5 triệu/m²",,8,,,,ha-noi,"Bán tòa nhà 8 tầng phố Giáp Bát, 120m2, 25,5 tỷ",,"Đường Giáp Bát, Phường Giáp Bát, Quận Hoàng Mai, Hà NộiXem bản đồ","25,5 tỷ - 120 m2"
45 m²,8 phòng,,Đã có sổ,"Nhà mặt phố, mặt tiền",,,"244,44 triệu/m²",,,,,,ha-noi,"Bán nhà phân lô phố Hưng Thịnh, Tam Trinh, Q. Hoàng Mai, 45m2, 6 tầng,",,"Phố Hưng Thịnh, Phường Yên Sở, Quận Hoàng Mai, Hà NộiXem bản đồ",11 tỷ - 45 m2
50 m²,3 phòng,,Đã có sổ,"Nhà mặt phố, mặt tiền",,,260 triệu/m²,,,Hẻm xe hơi,,,ha-noi,"Bán nhà phố Tam Trinh, Q. Hoàng Mai - Ô tô tránh - 50m2, 4 tầng 13 tỷ",,"Đường Tam Trinh, Phường Mai Động, Quận Hoàng Mai, Hà NộiXem bản đồ",13 tỷ - 50 m2
52 m²,2 phòng,,Đã có sổ,"Nhà mặt phố, mặt tiền",,,"280,77 triệu/m²",,,,,,ha-noi,"Bán Nhà Mặt Phố Tam Trinh 52m2, lô góc, mặt tiền 5m, 14,6 tỷ",,"Đường Tam Trinh, Phường Yên Sở, Quận Hoàng Mai, Hà NộiXem bản đồ","14,6 tỷ - 52 m2"
40 m²,3 phòng,,Đã có sổ,"Nhà ngõ, hẻm",,40 m²,145 triệu/m²,,5,,Nội thất cao cấp,,ha-noi,"Siêu hiếm, bán nhà Phùng Hưng, nội thất đẹp mê ly, ô tô đỗ cửa, 5.8 tỷ",,"Đường Phùng Hưng, Phường Phúc La, Quận Hà Đông, Hà NộiXem bản đồ","5,8 tỷ - 40 m2"
52 m²,nhiều hơn 10 phòng,,Đã có sổ,"Nhà ngõ, hẻm",,,"103,85 triệu/m²",,5,Nở hậu,,,ha-noi,Siêu Phẩm dòng tiền 40tr/tháng Phùng Khoang 52m2 6 tầng 5.4tỷ,,"Phùng Khoang, Phường Trung Văn, Quận Nam Từ Liêm, Hà NộiXem bản đồ","5,4 tỷ - 52 m2"
50 m²,3 phòng,,Đã có sổ,"Nhà mặt phố, mặt tiền",,,260 triệu/m²,,,Hẻm xe hơi,,,ha-noi,"Bán nhà phố Tam Trinh, Q. Hoàng Mai - Ô tô tránh - 50m2, 4 tầng 13 tỷ",,"Đường Tam Trinh, Phường Mai Động, Quận Hoàng Mai, Hà NộiXem bản đồ",13 tỷ - 50 m2
52 m²,2 phòng,,Đã có sổ,"Nhà mặt phố, mặt tiền",,,"280,77 triệu/m²",,,,,,ha-noi,"Bán Nhà Mặt Phố Tam Trinh 52m2, lô góc, mặt tiền 5m, 14,6 tỷ",,"Đường Tam Trinh, Phường Yên Sở, Quận Hoàng Mai, Hà NộiXem bản đồ","14,6 tỷ - 52 m2"
40 m²,3 phòng,,Đã có sổ,"Nhà ngõ, hẻm",,40 m²,145 triệu/m²,,5,,Nội thất cao cấp,,ha-noi,"Siêu hiếm, bán nhà Phùng Hưng, nội thất đẹp mê ly, ô tô đỗ cửa, 5.8 tỷ",,"Đường Phùng Hưng, Phường Phúc La, Quận Hà Đông, Hà NộiXem bản đồ","5,8 tỷ - 40 m2"
52 m²,nhiều hơn 10 phòng,,Đã có sổ,"Nhà ngõ, hẻm",,,"103,85 triệu/m²",,5,Nở hậu,,,ha-noi,Siêu Phẩm dòng tiền 40tr/tháng Phùng Khoang 52m2 6 tầng 5.4tỷ,,"Phùng Khoang, Phường Trung Văn, Quận Nam Từ Liêm, Hà NộiXem bản đồ","5,4 tỷ - 52 m2"
89 m²,1 phòng,1 phòng,Đã có sổ,"Nhà ngõ, hẻm",6 m,,"149,44 triệu/m²",,1,,,,ha-noi,"89m2 đất phố Huỳnh Thúc Kháng, mặt tiền 6.2m, ô tô đỗ cửa",,"Huỳnh Thúc Kháng, Phường Láng Thượng, Quận Đống Đa, Hà NộiXem bản đồ","13,3 tỷ - 89 m2"
43 m²,4 phòng,3 phòng,Đã có sổ,"Nhà ngõ, hẻm",,,"148,84 triệu/m²",,4,,Nhà trống,,ha-noi,"NHÀ AN DƯƠNG,TÂY HỒ, Ô TÔ ĐỖ CỬA,NGÕ THÔNG, KINH DOANH 43m2 CHỈ 6,4 TỶ",,"An Dương, Phường Yên Phụ, Quận Tây Hồ, Hà NộiXem bản đồ","6,4 tỷ - 43 m2"
20 m²,2 phòng,2 phòng,Đã có sổ,"Nhà ngõ, hẻm",,,"62,5 triệu/m²",,3,,Nhà trống,,ha-noi,CHỈ VỚI 1.25 TỶ CÓ NGAY NHÀ 3 TẦNG TẠI LĨNH NAM - SỔ ĐỎ,,"Lĩnh nam, Phường Lĩnh Nam, Quận Hoàng Mai, Hà NộiXem bản đồ","1,25 tỷ - 20 m2"
50 m²,3 phòng,3 phòng,Đã có sổ,,,,320 triệu/m²,Đông Bắc,5,,,,ha-noi,"cần bán gấp căn nhà Kim Giang 47m 4 tầng giá 3,8 tỷ.",,"Ngach Khu Tap The K5, Phường Bách Khoa, Quận Hai Bà Trưng, Hà NộiXem bản đồ","16,000000333 tỷ - 50 m2"
38 m²,3 phòng,,Giấy tờ khác,"Nhà ngõ, hẻm",,42 m²,"63,16 triệu/m²",,,,,,ha-noi,"Siêu phẩm NGON BỔ RẺ Định Công Hạ, nhỉnh 2 tỷ",,"Định Công Hạ, Phường Định Công, Quận Hoàng Mai, Hà NộiXem bản đồ","2,4 tỷ - 38 m2"
54 m²,4 phòng,3 phòng,Đã có sổ,"Nhà mặt phố, mặt tiền",,,"137,04 triệu/m²",,3,,Nội thất đầy đủ,,ha-noi,"Nhà Mặt Phố Yên Phúc 54m 3 tầng mt4,5m an sinh, Kinh doanh đỉnh",,"yên phúc, Phường Văn Quán, Quận Hà Đông, Hà NộiXem bản đồ","7,4 tỷ - 54 m2"
39 m²,4 phòng,,Đã có sổ,"Nhà ngõ, hẻm",4.1999 m,,"135,64 triệu/m²",,5,,Nội thất đầy đủ,,ha-noi,"Bán nhà Hồ Tùng Mậu Cầu Giấy 5,29 tỷ.Lô góc 4 thoáng,ngõ rộng,gần phố.",,"Hồ tùng mậu, Phường Mai Dịch, Quận Cầu Giấy, Hà NộiXem bản đồ","5,29 tỷ - 39 m2"
38 m²,1 phòng,1 phòng,Đã có sổ,Nhà phố liền kề,,,"86,58 triệu/m²",Nam,1,,,,ha-noi,⭐️BÁN GẤP NHÀ C4 PHỐ HỒNG MAI 38m2 OTO LÙI CỬA GIÁ 3 TỶ 29 CÓ TL.,,"3, Phố Hồng Mai, Phường Quỳnh Lôi, Quận Hai Bà Trưng, Hà NộiXem bản đồ","3,29 tỷ - 38 m2"
36 m²,6 phòng,,Đã có sổ,"Nhà ngõ, hẻm",,36 m²,"130,56 triệu/m²",,5,,,,ha-noi,"Nóng bỏng tay, Nguyễn Khánh Toàn, gần phố ô tô, kinh doanh ol 36m2*5T",,"Nguyễn khánh toàn, Phường Quan Hoa, Quận Cầu Giấy, Hà NộiXem bản đồ","4,7 tỷ - 36 m2"
35 m²,3 phòng,3 phòng,Đã có sổ,"Nhà ngõ, hẻm",,,"102,86 triệu/m²",,5,,Nội thất đầy đủ,,ha-noi,"BÁN NHÀ MỚI Ở LUÔN PHỐ HOÀNG MAI-GẦN PHỐ-GẦN OTO-DT35M2x5T-GIÁ 3,6 TỶ",,"Đường Hoàng Mai, Phường Hoàng Văn Thụ, Quận Hoàng Mai, Hà NộiXem bản đồ","3,6 tỷ - 35 m2"
160 m²,nhiều hơn 10 phòng,Nhiều hơn 6 phòng,,"Nhà ngõ, hẻm",,,225 triệu/m²,,7,"Hẻm xe hơi,Nở hậu",Nội thất cao cấp,,ha-noi,"Shophouse đẹp nhất The Manor Nguyễn Xiển, Hoàng Mai, 133m2, 39 tỷ 600",,"Nguyễn Ngọc Vũ, Phường Trung Hoà, Quận Cầu Giấy, Hà NộiXem bản đồ",36 tỷ - 160 m2
35 m²,3 phòng,4 phòng,Đã có sổ,"Nhà ngõ, hẻm",,,100 triệu/m²,,5,,Nhà trống,,ha-noi,"BÁN NHÀ CỰC ĐẸP NGÕ 68 NGUYỄN VĂN LINH,PHÚC LỢI,LONG BIÊN",,"Nguyễn Văn Linh, Phường Phúc Đồng, Quận Long Biên, Hà NộiXem bản đồ","3,5 tỷ - 35 m2"
40 m²,3 phòng,3 phòng,Đã có sổ,Nhà phố liền kề,4 m,,215 triệu/m²,,,,Nội thất cao cấp,,ha-noi,"Bán nhà Mỗ Lao, phân lô 3 ô tô tránh, view công viên, 40m2, 8,6 tỷ",,"Đường 18M, Phường Mộ Lao, Quận Hà Đông, Hà NộiXem bản đồ","8,6 tỷ - 40 m2"
115 m²,3 phòng,2 phòng,Đã có sổ,"Nhà ngõ, hẻm",,,"19,13 triệu/m²",,,,,,ha-noi,Tập Thể Nguyễn Quý Đức nhà đẹp ở ngay 115m2 giá 2.2 tỷ,,"Nguyễn Quý Đưcs, Phường Thanh Xuân Bắc, Quận Thanh Xuân, Hà NộiXem bản đồ","2,2 tỷ - 115 m2"
96 m²,5 phòng,6 phòng,Đã có sổ,"Nhà mặt phố, mặt tiền",,,"229,17 triệu/m²",,,Hẻm xe hơi,,,ha-noi,"Ngõ ô tô tránh, VIEW HỒ siêu hiếm phố Cầu Giấy 96m2, 6 tầng thang máy",,"Đường Cầu Giấy, Phường Quan Hoa, Quận Cầu Giấy, Hà NộiXem bản đồ",22 tỷ - 96 m2
42 m²,4 phòng,3 phòng,Đã có sổ,"Nhà ngõ, hẻm",,,"133,33 triệu/m²",,4,,Nội thất đầy đủ,,ha-noi,CẦN BÁN NHÀ -BA ĐÌNH 30M RA PHỐ - DT 46m2 GIÁ CHỈ 5.6 tỷ,,"Đội cấn, Phường Đội Cấn, Quận Ba Đình, Hà NộiXem bản đồ","5,6 tỷ - 42 m2"
42 m²,4 phòng,3 phòng,Đã có sổ,"Nhà ngõ, hẻm",,,"133,33 triệu/m²",,4,,Nội thất đầy đủ,,ha-noi,CẦN BÁN NHÀ -BA ĐÌNH 30M RA PHỐ - DT 46m2 GIÁ CHỈ 5.6 tỷ,,"Đội cấn, Phường Đội Cấn, Quận Ba Đình, Hà NộiXem bản đồ","5,6 tỷ - 42 m2"
45 m²,6 phòng,,Đã có sổ,"Nhà ngõ, hẻm",,45 m²,"122,22 triệu/m²",,5,,Nội thất cao cấp,,ha-noi,Bán Nhà Lô Góc Phố Hoàng Ngân-Thanh Xuân 45m² x 5T Ngõ Ô Tô Giá 5.5 Tỷ,,"Hoàng Ngân, Phường Nhân Chính, Quận Thanh Xuân, Hà NộiXem bản đồ","5,5 tỷ - 45 m2"
25 m²,2 phòng,,Đã có sổ,"Nhà ngõ, hẻm",3.7999 m,,106 triệu/m²,,2,,Nội thất cao cấp,,ha-noi,"BÁN GẤP NHÀ DIỆN TÍCH 25M2 FULL NỘI THẤT Ở NGỌC KHÁNH GIÁ 2,65 TỶ",,"Phố Ngọc Khánh, Phường Giảng Võ, Quận Ba Đình, Hà NộiXem bản đồ","2,65 tỷ - 25 m2"
40 m²,3 phòng,4 phòng,Đã có sổ,"Nhà ngõ, hẻm",,,"87,5 triệu/m²",,5,,Nội thất đầy đủ,,ha-noi,"Siêu phẩm Thượng Thanh-40m 5 tầng mới-ngõ nông, khu vực an sinh đỉnh !",,"Thượng Thanh, Phường Thượng Thanh, Quận Long Biên, Hà NộiXem bản đồ","3,5 tỷ - 40 m2"
70 m²,4 phòng,5 phòng,Đã có sổ,"Nhà ngõ, hẻm",,,"178,57 triệu/m²",,6,,Nội thất đầy đủ,,ha-noi,Hoàng Quốc Việt 70m2x6 tầng-6 TẦNG THANG MÁY-Ô TÔ Tránh-CHỈ12 tỷ,,"hoàng quốc việt, Phường Nghĩa Tân, Quận Cầu Giấy, Hà NộiXem bản đồ","12,5 tỷ - 70 m2"
86 m²,nhiều hơn 10 phòng,Nhiều hơn 6 phòng,Đã có sổ,"Nhà ngõ, hẻm",,,"180,23 triệu/m²",Đông Nam,8,,,,ha-noi,BÁN TÒA CCMN CỰC ĐẸP 8 TẦNG LÔ GÓC 86M2 20PKK ĐẦY ĐỦ PCCC GIÁ 15.5 TỶ,,"Đường Láng, Phường Láng Hạ, Quận Đống Đa, Hà NộiXem bản đồ","15,5 tỷ - 86 m2"
90 m²,4 phòng,4 phòng,Đã có sổ,Nhà biệt thự,5 m,,"197,78 triệu/m²",,,,,18 m,ha-noi,BÁN BIỆT THỰ LIỀN KỀ FULL NỘI THẤT LK05 GAMUDA HÀNG HIẾM GIÁ TỐT 1X TỶ,,"Hoa Thược Dược, Phường Trần Phú, Quận Hoàng Mai, Hà NộiXem bản đồ","17,8 tỷ - 90 m2"
34 m²,4 phòng,4 phòng,Đã có sổ,"Nhà ngõ, hẻm",,36 m²,"76,47 triệu/m²",,,,Nội thất đầy đủ,,ha-noi,"Bán Nhà 5 tầng [Xây Đơn Lập] 34m2 giá 2,6Tỷ tại Di Trạch-Hoài Đức",,"Đường Di Trạch, Xã Di Trạch, Huyện Hoài Đức, Hà NộiXem bản đồ","2,6 tỷ - 34 m2"
50 m²,4 phòng,5 phòng,Đã có sổ,Nhà biệt thự,12 m,,156 triệu/m²,,,,,4.5 m,ha-noi,BÁN BIỆT THƯ LÔ GÓC KHU ĐÔ THỊ KHUYẾN LƯƠNG TRẦN PHÚ 50M GIÁ SỐC,,"Khuyến Lương, Phường Trần Phú, Quận Hoàng Mai, Hà NộiXem bản đồ","7,8 tỷ - 50 m2"
33 m²,3 phòng,4 phòng,Đã có sổ,"Nhà ngõ, hẻm",,,"133,33 triệu/m²",,4,,Nội thất đầy đủ,,ha-noi,Bán nhà đường. Quan nhân. Quận Thanh Xuân,,"Quan nhân, Phường Nhân Chính, Quận Thanh Xuân, Hà NộiXem bản đồ","4,4 tỷ - 33 m2"
40 m²,4 phòng,3 phòng,Đã có sổ,"Nhà ngõ, hẻm",3.5 m,,"87,5 triệu/m²",,4,,,,ha-noi,Bán nhà đường Nam Dư. Dt 40m2 mt 3.5m fias 3.5 tỷ,,"Ngõ 95 Phố Nam Dư, Phường Lĩnh Nam, Quận Hoàng Mai, Hà NộiXem bản đồ","3,5 tỷ - 40 m2"
30 m²,3 phòng,3 phòng,Đã có sổ,"Nhà ngõ, hẻm",,,"91,67 triệu/m²",,4,,Nhà trống,,ha-noi,Bán nhà đường nam dư. Lĩnh Nam,,"Ngõ 95 Phố Nam Dư, Phường Lĩnh Nam, Quận Hoàng Mai, Hà NộiXem bản đồ","2,75 tỷ - 30 m2"
184 m²,5 phòng,,Đã có sổ,Nhà biệt thự,,184 m²,240 triệu/m²,Nam,,,,,ha-noi,Chính chủ cần bán căn biệt thự Ciputra giá rẻ ( Giá trước tết ),,"ciputra, Phường Phú Thượng, Quận Tây Hồ, Hà NộiXem bản đồ","44,16 tỷ - 184 m2"
42 m²,3 phòng,,Đã có sổ,"Nhà ngõ, hẻm",4 m,,"178,57 triệu/m²",,5,,Nội thất đầy đủ,,ha-noi,"Nhỉnh 7 tỷ có nhà đẹp ở ngay, ô tô vào nhà tại Văn Quán",,"Đường Chiến Thắng, Phường Văn Quán, Quận Hà Đông, Hà NộiXem bản đồ","7,5 tỷ - 42 m2"
50 m²,10 phòng,,Đã có sổ,"Nhà ngõ, hẻm",,50 m²,127 triệu/m²,,5,Nở hậu,,,ha-noi,Bán chung cư mini Phùng Khoang 50m2 giá 6.35 tỷ,,"Phùng Khoang, Phường Trung Văn, Quận Nam Từ Liêm, Hà NộiXem bản đồ","6,35 tỷ - 50 m2"
35 m²,3 phòng,4 phòng,Đã có sổ,"Nhà ngõ, hẻm",,,"151,43 triệu/m²",,6,,Nhà trống,,ha-noi,"Bán nhà bát khối,thạch bàn,long biên",,"6, Bát Khối, Phường Thạch Bàn, Quận Long Biên, Hà NộiXem bản đồ","5,3 tỷ - 35 m2"
42 m²,4 phòng,3 phòng,Đã có sổ,"Nhà mặt phố, mặt tiền",,,"119,05 triệu/m²",,4,,Nội thất cao cấp,,ha-noi,BÁN NHÀ NGUYỄN HOÀNG- TỪ LIÊM- 42M2-4 TẦNG-NHỈNH 5 TỶ-NHÀ MỚI SIÊU ĐẸP,,"Phố Nguyễn Hoàng, Phường Mỹ Đình 2, Quận Nam Từ Liêm, Hà NộiXem bản đồ",5 tỷ - 42 m2
55 m²,6 phòng,,,"Nhà ngõ, hẻm",4 m,55 m²,"305,45 triệu/m²",,,,,,ha-noi,Bán nhà Đặng Thuỳ Trâm 55m2- 6 tầng thang máy,,"Đặng Thùy Trâm, Phường Dịch Vọng Hậu, Quận Cầu Giấy, Hà NộiXem bản đồ","16,8 tỷ - 55 m2"
26 m²,3 phòng,,Đã có sổ,"Nhà ngõ, hẻm",,,"96,15 triệu/m²",,5,,Nội thất đầy đủ,,ha-noi,"Gấp ! bán nhà khương trung,2thoáng,full NT,cực đẹp 26m2*4T chỉ 2.5 tỷ",,"khương trung, Phường Khương Đình, Quận Thanh Xuân, Hà NộiXem bản đồ","2,5 tỷ - 26 m2"
49 m²,4 phòng,,,"Nhà ngõ, hẻm",,,"84,69 triệu/m²",,4,,Nội thất đầy đủ,,ha-noi,"Có 102! Bán nhà Kim Giang giá rẻ, lô góc, thoáng,nông , tk đẹp 49m2,4T",,"kim giang, Phường Kim Giang, Quận Thanh Xuân, Hà NộiXem bản đồ","4,15 tỷ - 49 m2"
