Diện tích đất:,Số phòng ngủ:,Số phòng vệ sinh:,Giấy tờ pháp lý:,Loại hình nhà ở:,Chiều ngang:,Diện tích sử dụng:,Giá/m2:,Hướng cửa chính:,Tổng số tầng:,Đặc điểm nhà/đất:,Tình trạng nội thất:,Chiều dài:,Location,Name,URL,District,Price
220 m²,5 phòng,6 phòng,Đã có sổ,Nhà biệt thự,12.5 m,,"90,91 triệu/m²",,,,,15 m,ha-noi,"Bán Biệt Thự Linh Đàm, Đẳng Cấp Doanh Nhân.",,"Bắc linh Đàm, Phường Hoàng Liệt, Quận Hoàng Mai, Hà NộiXem bản đồ",20 tỷ - 220 m2
195 m²,5 phòng,5 phòng,Đã có sổ,"Nhà mặt phố, mặt tiền",,,"163,59 triệu/m²",,4,,Nội thất cao cấp,,ha-noi,"Biệt thự Linh Đàm 195m, 4 tầng, MT 13m. Vị trí đẹp, KD tốt. 31,9 Tỷ.",,"Cầu Bắc Linh Đàm, Phường Hoàng Liệt, Quận Hoàng Mai, Hà NộiXem bản đồ","31,9 tỷ - 195 m2"
39 m²,3 phòng,4 phòng,Đã có sổ,"Nhà ngõ, hẻm",4.1999 m,,"107,69 triệu/m²",,,,,9.3 m,ha-noi,💎 CỰC HIẾM 👉 LÔ GÓC 3 MẶT TIỀN.BÁN NHÀ ĐÊ LA THÀNH - ĐỐNG ĐA 39M 5,,"Đê La Thành, Phường Ô Chợ Dừa, Quận Đống Đa, Hà NộiXem bản đồ","4,2 tỷ - 39 m2"
47 m²,5 phòng,4 phòng,Đã có sổ,"Nhà ngõ, hẻm",,,"126,6 triệu/m²",Đông,5,,,,ha-noi,BA ĐÌNHH - NHÀ MỚI ĐÓN TẾT - 47M2 - MẶT TIỀN RỘNG - GẦN Ô TÔ,,"Ngõ 194 Đội Cấn, Phường Đội Cấn, Quận Ba Đình, Hà NộiXem bản đồ","5,95 tỷ - 47 m2"
20 m²,3 phòng,4 phòng,Đã có sổ,"Nhà ngõ, hẻm",,,"127,5 triệu/m²",,4,,Nội thất đầy đủ,,ha-noi,"Bán nhà Ngọc Khánh, Ba Đình 4 tầng 3 ngủ giá 2.5 tỉ",,"Phố Ngọc Khánh, Phường Ngọc Khánh, Quận Ba Đình, Hà NộiXem bản đồ","2,55 tỷ - 20 m2"
50 m²,5 phòng,4 phòng,Đã có sổ,"Nhà mặt phố, mặt tiền",,,190 triệu/m²,,5,,Nội thất đầy đủ,,ha-noi,Chính Chủ bán nhà Lê Đức Thọ vỉa hè rộng oto tránh nhau,,"Lê Đức Thọ , Phường Mỹ Đình 1, Quận Nam Từ Liêm, Hà NộiXem bản đồ","9,5 tỷ - 50 m2"
33 m²,3 phòng,,Đã có sổ,"Nhà ngõ, hẻm",3.0999 m,,"96,67 triệu/m²",,4,,Nhà trống,,ha-noi,"Nhà đẹp Tây Mỗ ngõ rộng thoáng ở luôn, hàng xóm Vin, 33m 4T nhỉnh 3tỷ",,"Tây Mỗ, Phường Tây Mỗ, Quận Nam Từ Liêm, Hà NộiXem bản đồ","3,19 tỷ - 33 m2"
26 m²,3 phòng,3 phòng,Đã có sổ,"Nhà mặt phố, mặt tiền",,,"107,69 triệu/m²",,3,,Nội thất đầy đủ,,ha-noi,KIM HOA XÃ ĐÀN-26M2-5M MẶT TIỀN-3 NGỦ RỘNG-3 BƯỚC RA OTO- DÂN TRÍ CAO,,"Phố Kim Hoa, Phường Phương Liên, Quận Đống Đa, Hà NộiXem bản đồ","2,8 tỷ - 26 m2"
55 m²,nhiều hơn 10 phòng,Nhiều hơn 6 phòng,Đã có sổ,"Nhà ngõ, hẻm",,,200 triệu/m²,,7,,Nội thất đầy đủ,,ha-noi,"17 Phòng KK, 7 Tầng Thang Máy. CCMN Hồ Đền Lừ, Full phòng. 50m Tân Mai",,"Tân Mai, Phường Tân Mai, Quận Hoàng Mai, Hà NộiXem bản đồ",11 tỷ - 55 m2
67 m²,5 phòng,,,Nhà phố liền kề,,,"205,97 triệu/m²",,,,,,ha-noi,Chính chủ bán nhà phố nguyễn xiển quận thanh xuân vỉa hè kinh doanh,,"Nguyễn Xiển, Phường Hạ Đình, Quận Thanh Xuân, Hà NộiXem bản đồ","13,8 tỷ - 67 m2"
33 m²,3 phòng,4 phòng,Đã có sổ,"Nhà mặt phố, mặt tiền",,,"143,94 triệu/m²",,5,,Nội thất cao cấp,,ha-noi,Cần bán nhà,,"Cự Lộc, Phường Thượng Đình, Quận Thanh Xuân, Hà NộiXem bản đồ","4,75 tỷ - 33 m2"
100 m²,nhiều hơn 10 phòng,Nhiều hơn 6 phòng,Đã có sổ,"Nhà mặt phố, mặt tiền",,,420 triệu/m²,,10,Nở hậu,,,ha-noi,"Bán căn nhà 9.5 tầng, dt 100m2 CAO NHẤT phố Võng Thị, quận Tây Hồ.",,"35, Võng Thị, Phường Bưởi, Quận Tây Hồ, Hà NộiXem bản đồ",42 tỷ - 100 m2
55 m²,5 phòng,5 phòng,Đã có sổ,"Nhà ngõ, hẻm",,,"269,09 triệu/m²",,5,,Nội thất cao cấp,,ha-noi,"Nguyễn Cảnh Dị 55m, 5 Tầng, MT 4,2m. View công viên, KD tốt. 14,8 Tỷ.",,"Phố Nguyễn Cảnh Dị, Phường Đại Kim, Quận Hoàng Mai, Hà NộiXem bản đồ","14,8 tỷ - 55 m2"
40 m²,3 phòng,3 phòng,Đã có sổ,"Nhà ngõ, hẻm",,,"104,5 triệu/m²",Tây Bắc,4,,,,ha-noi,Láng Hạ... diện tích:35/40T2m2* 4tầng; mặt tiền: 6.1m; giá: 4.18 tỷ,,"Láng Hạ, Phường Láng Hạ, Quận Đống Đa, Hà NộiXem bản đồ","4,18 tỷ - 40 m2"
50 m²,6 phòng,4 phòng,Đã có sổ,"Nhà ngõ, hẻm",,,75 triệu/m²,,5,,Nội thất cao cấp,,ha-noi,BÁN NHÀ 50m2 x 5 TẦNG SỔ ĐỎ RIÊNG 6PN TẠI 141 NAM DƯ,,"141, Nam Dư, Phường Lĩnh Nam, Quận Hoàng Mai, Hà NộiXem bản đồ","3,75 tỷ - 50 m2"
35 m²,5 phòng,5 phòng,Đã có sổ,Nhà biệt thự,,,"122,86 triệu/m²",,6,,Nội thất cao cấp,,ha-noi,BÁN NHÀ BẰNG LIỆT NGÕ NÔNG SÁT Ô TÔ NHÀ ĐẸP 6 TẦNG NHỈNH 4 TỶ,,"Bằng Liệt, Phường Hoàng Liệt, Quận Hoàng Mai, Hà NộiXem bản đồ","4,3 tỷ - 35 m2"
108 m²,8 phòng,,,Nhà phố liền kề,,,"347,22 triệu/m²",,,,,,ha-noi,"Bán nhà phố LK 16.48, KĐT An Hưng, La Khê, Hà Đông, HN 102m2 37.5 tỷ.",,"Lk 16.48, Kđt mới An Hưng, Phố Nguyễn Thanh Bình, Phường La Khê, Quận Hà Đông, Hà NộiXem bản đồ","37,5 tỷ - 108 m2"
21 m²,3 phòng,4 phòng,Đã có sổ,"Nhà mặt phố, mặt tiền",,,"111,9 triệu/m²",,5,,Nội thất đầy đủ,,ha-noi,PHỐ THÁI HÀ NHÀ 5 TẦNG 3 NGỦ - CÁCH OTO 5M - MT 3.2M - DÂN TRÍ CAO,,"Phố Thái Hà, Phường Trung Liệt, Quận Đống Đa, Hà NộiXem bản đồ","2,35 tỷ - 21 m2"
40 m²,3 phòng,4 phòng,Đã có sổ,"Nhà ngõ, hẻm",,,"141,25 triệu/m²",Tây Bắc,5,,,,ha-noi,"NHÀ XÂY MỚI 5 TẦNG NGÃ TƯ VẠN PHÚC, 3 NGỦ, 35M, Ô TÔ , CHỈ NHỈNH 5 TỶ",,"Vũ văn cẩn, Phường Vạn Phúc, Quận Hà Đông, Hà NộiXem bản đồ","5,65 tỷ - 40 m2"
38 m²,4 phòng,,Đã có sổ,"Nhà ngõ, hẻm",3.7999 m,,"92,11 triệu/m²",,4,,Nội thất cao cấp,,ha-noi,"Bán nhà Nghĩa Dũng, DT: 38m2 x 4 tầng đẹp, cách phố 20m, 3.5 tỷ",,"Phố Phúc Xá, Phường Phúc Xá, Quận Ba Đình, Hà NộiXem bản đồ","3,5 tỷ - 38 m2"
24 m²,2 phòng,3 phòng,Đã có sổ,"Nhà ngõ, hẻm",,,"116,67 triệu/m²",,4,,Nội thất cao cấp,,ha-noi,"Độc lạ! Ngay mặt phố Đại La, ngõ nông nhà mới rẻ đẹp, ở ngay, 24m2*4T",,"Đường Vành đai 2, Phường Đồng Tâm, Quận Hai Bà Trưng, Hà NộiXem bản đồ","2,8 tỷ - 24 m2"
20 m²,2 phòng,2 phòng,Đã có sổ,"Nhà ngõ, hẻm",,,105 triệu/m²,,3,,Nhà trống,,ha-noi,2tỷ nhà 3T Minh Khai-HaiBàTrưng-DT20m-Sổ riêng-Mua ở hay đầu tư đềuOK,,"874, Minh Khai, Phường Vĩnh Tuy, Quận Hai Bà Trưng, Hà NộiXem bản đồ","2,1 tỷ - 20 m2"
55 m²,4 phòng,,Đã có sổ,"Nhà ngõ, hẻm",,,"69,09 triệu/m²",,3,Nở hậu,,,ha-noi,"Bán nhà Ngõ Tô Hoàng, Bạch Mai, diện tích 55m, 4 tầng, giá 3.8 tỷ",,"Đường Tô Hoàng, Phường Cầu Dền, Quận Hai Bà Trưng, Hà NộiXem bản đồ","3,8 tỷ - 55 m2"
36 m²,3 phòng,4 phòng,,"Nhà ngõ, hẻm",,,"137,5 triệu/m²",,5,Nở hậu,Nội thất cao cấp,,ha-noi,"NGỌC HÀ_Ô TÔ CÁCH 30M_DT 36M_5T_GIÁ 4,95 TỶ",,"Phố Ngọc Hà, Phường Ngọc Hà, Quận Ba Đình, Hà NộiXem bản đồ","4,95 tỷ - 36 m2"
60 m²,4 phòng,,Đã có sổ,"Nhà ngõ, hẻm",,,"99,17 triệu/m²",,4,,,,ha-noi,"Biệt thự sân vườn láng hạ đẹp hết nước chấm 60M!5,9 tỷ",,"Láng Hạ, Phường Láng Hạ, Quận Đống Đa, Hà NộiXem bản đồ","5,95 tỷ - 60 m2"
27 m²,3 phòng,4 phòng,Đã có sổ,"Nhà ngõ, hẻm",,,"99,26 triệu/m²",,,,,,ha-noi,"Bán nhà,Văn Chương,vị trí cực kỳ đắc địa, DT 27m,2,68 tỷ",,"văn chương, Phường Văn Miếu, Quận Đống Đa, Hà NộiXem bản đồ","2,68 tỷ - 27 m2"
28 m²,2 phòng,1 phòng,Giấy tờ khác,"Nhà ngõ, hẻm",4 m,,"33,93 triệu/m²",,2,,,,ha-noi,QUÁ HIẾM – NHÀ BỒ ĐỀ - TT LONG BIÊN - 28 M2 – 2 TẦNG – 950 TRIỆU,,"Ngách 193/25 Phố Bồ Đề, Phường Bồ Đề, Quận Long Biên, Hà NộiXem bản đồ",950 triệu - 28 m2
36 m²,3 phòng,4 phòng,Đã có sổ,"Nhà ngõ, hẻm",,,"141,67 triệu/m²",,5,,Nội thất đầy đủ,,ha-noi,Đường Láng diện tích: 36m2* 5tầng; mặt tiền: 3m; giá: 5.1 tỷ,,"đường láng, Phường Ngã Tư Sở, Quận Đống Đa, Hà NộiXem bản đồ","5,1 tỷ - 36 m2"
50 m²,4 phòng,4 phòng,Đã có sổ,"Nhà ngõ, hẻm",,,216 triệu/m²,,5,,Nội thất đầy đủ,,ha-noi,"Bán nhà Trần Quốc Hoàn- Cầu Giấy - Ô tô - 55m2 x MT 4,5m - Nhỉnh 10 tỷ",,"Trần Quốc Hoàn, Phường Dịch Vọng Hậu, Quận Cầu Giấy, Hà NộiXem bản đồ","10,8 tỷ - 50 m2"
80 m²,4 phòng,3 phòng,Đã có sổ,"Nhà ngõ, hẻm",,,"197,5 triệu/m²",,4,,Nội thất đầy đủ,,ha-noi,Bán nhà TT Cầu Giấy - Ô tô - Kinh Doanh - Văn Phòng - DT 80m MT 4.3m,,"Cầu Giấy, Phường Quan Hoa, Quận Cầu Giấy, Hà NộiXem bản đồ","15,8 tỷ - 80 m2"
112 m²,2 phòng,2 phòng,Đã có sổ,"Nhà ngõ, hẻm",,,"120,54 triệu/m²",,2,,Nhà trống,,ha-noi,"Nguyễn Chính 112m, 2 Tầng, MT 4,8m. Oto tránh, KD tốt. 13,5 Tỷ.",,"Nguyễn Chính, Phường Thịnh Liệt, Quận Hoàng Mai, Hà NộiXem bản đồ","13,5 tỷ - 112 m2"
45 m²,5 phòng,,,"Nhà ngõ, hẻm",,45 m²,"88,89 triệu/m²",,5,,,,ha-noi,⚡️B.án nh.à 45m rẻ nhất #MỹĐình⚡️,,"Ngách 16 Ngõ 394 Đường Mỹ Đình, Phường Mỹ Đình 1, Quận Nam Từ Liêm, Hà NộiXem bản đồ",4 tỷ - 45 m2
70 m²,6 phòng,4 phòng,Đã có sổ,"Nhà ngõ, hẻm",,,"164,29 triệu/m²",,2,,Nội thất đầy đủ,,ha-noi,Bán nhà PL TT Cầu Giấy - Ô Tô - KD VP 70m x MT 5m- 3 Thoáng Nhỉnh 11tỷ,,"Đông Quan, Phường Quan Hoa, Quận Cầu Giấy, Hà NộiXem bản đồ","11,5 tỷ - 70 m2"
30 m²,3 phòng,4 phòng,Đã có sổ,"Nhà ngõ, hẻm",,,"146,67 triệu/m²",,6,,Nội thất đầy đủ,,ha-noi,"Bán nhà xây mới đầy đủ nội thất mặt ngõ Trương Định. 30m2, 6 tầng",,"Trương Định, Phường Thịnh Liệt, Quận Hoàng Mai, Hà NộiXem bản đồ","4,4 tỷ - 30 m2"
35 m²,4 phòng,,,"Nhà ngõ, hẻm",,,"168,57 triệu/m²",,,,,,ha-noi,Bán nhà TT Học Viện Nguyễn Ái Quốc 35m 5 tầng giá 5.9 tỷ. ô tô đỗ cửa,,"Dang tien dong, Phường Láng Hạ, Quận Đống Đa, Hà NộiXem bản đồ","5,9 tỷ - 35 m2"
40 m²,4 phòng,,,"Nhà ngõ, hẻm",,,"141,25 triệu/m²",,,,,,ha-noi,Bán nhà Nguyễn Đình Hoàn diện tích 40 m2 4 tầng giá 5.65 tỷ,,"Phố Nghĩa Đô, Phường Nghĩa Đô, Quận Cầu Giấy, Hà NộiXem bản đồ","5,65 tỷ - 40 m2"
30 m²,4 phòng,,,"Nhà ngõ, hẻm",,,"196,67 triệu/m²",,,,,,ha-noi,"Bán nhà Hồng Hà, ô tô tránh nhau, vỉa hè 30m2, 4 tầng, giá 5.9 tỷ",,"Ngọc hà, Phường Phúc Xá, Quận Ba Đình, Hà NộiXem bản đồ","5,9 tỷ - 30 m2"
42 m²,6 phòng,,,"Nhà ngõ, hẻm",,,"115,71 triệu/m²",,,,,,ha-noi,Bán nhà ngõ 93 Văn Hương diện tích 42m 5 tầng giá 4.86 tỷ,,"Văn Hương, Phường Khâm Thiên, Quận Đống Đa, Hà NộiXem bản đồ","4,86 tỷ - 42 m2"
30 m²,2 phòng,,Đang chờ sổ,"Nhà ngõ, hẻm",3 m,,90 triệu/m²,,3,,Nội thất đầy đủ,,ha-noi,"nhà 3 tầng, ngõ chợ Thanh Xuân Nam",,"Nguyễn Xiển, Phường Thanh Xuân Nam, Quận Thanh Xuân, Hà NộiXem bản đồ","2,7 tỷ - 30 m2"
58 m²,5 phòng,,,Nhà phố liền kề,,,"255,17 triệu/m²",,,,,,ha-noi,"14,8 tỷ ở luôn nhà đẹp liền kề khu đô thị mới Đại Kim (Nguyễn Cảnh Dị)",,"Phố Nguyễn Cảnh Dị, Phường Đại Kim, Quận Hoàng Mai, Hà NộiXem bản đồ","14,8 tỷ - 58 m2"
47 m²,4 phòng,,Đã có sổ,"Nhà ngõ, hẻm",,,"119,15 triệu/m²",,,,,,ha-noi,"Hoa hậu Thái Thinh ,Mới đẹp gần phố, 47M2 x4T, Sổ đỏ đẹp chỉ 5.6 TỶ.",,"Phố Thái Thịnh, Phường Ngã Tư Sở, Quận Đống Đa, Hà NộiXem bản đồ","5,6 tỷ - 47 m2"
33 m²,2 phòng,2 phòng,Đã có sổ,"Nhà ngõ, hẻm",,,"60,61 triệu/m²",,2,,Nội thất đầy đủ,,ha-noi,CHỈ VỚI HƠN 2 TỶ SỞ HỮU NGAY CĂN NHÀ CỔ NHUẾ 33M - VỊ TRÍ CỰC ĐẸP,,"Cổ Nhuế, Phường Cổ Nhuế 2, Quận Bắc Từ Liêm, Hà NộiXem bản đồ",2 tỷ - 33 m2
39 m²,4 phòng,4 phòng,Đã có sổ,"Nhà ngõ, hẻm",,,110 triệu/m²,,5,,Nội thất cao cấp,,ha-noi,"Thật 200%! Nhà Trung Phụng, 2 thoáng, gần phố, nội thất Vip, 39m2*4T",,"Trung Phụng, Phường Ô Chợ Dừa, Quận Đống Đa, Hà NộiXem bản đồ","4,29 tỷ - 39 m2"
39 m²,3 phòng,3 phòng,Đã có sổ,"Nhà ngõ, hẻm",,,"102,05 triệu/m²",,4,,,,ha-noi,CẦN BÁN GẤP NHÀ PHỐ VÕ THỊ SÁU - NGÕ THÔNG SANG BẠCH MAI - 3 THOÁNG -,,"Phố Võ Thị Sáu, Phường Thanh Nhàn, Quận Hai Bà Trưng, Hà NộiXem bản đồ","3,98 tỷ - 39 m2"
31 m²,3 phòng,4 phòng,Đã có sổ,"Nhà ngõ, hẻm",,,"121,94 triệu/m²",Tây Nam,5,,,,ha-noi,Bán nhà Trần Phú phường Văn Quán-31m -5 Tầng Mặt tiền 4m-Lô góc,,"Đường Trần Phú, Phường Văn Quán, Quận Hà Đông, Hà NộiXem bản đồ","3,78 tỷ - 31 m2"
60 m²,6 phòng,4 phòng,Đã có sổ,"Nhà ngõ, hẻm",,,130 triệu/m²,Tây,5,,,,ha-noi,"Nhà Đẹp Kim Giang-60m-5 Tầng Mặt Tiền 4m- Kinh Doanh- 7,8 tỷ",,"Kim Giang, Phường Đại Kim, Quận Hoàng Mai, Hà NộiXem bản đồ","7,8 tỷ - 60 m2"
30 m²,3 phòng,4 phòng,Đã có sổ,"Nhà ngõ, hẻm",,,"103,33 triệu/m²",,5,,Nội thất đầy đủ,,ha-noi,"Bán nhà Thanh Liệt 5 tầng chỉ 3,1 tỷ, ô tô gần",,"Kim Giang, Xã Thanh Liệt, Huyện Thanh Trì, Hà NộiXem bản đồ","3,1 tỷ - 30 m2"
40 m²,4 phòng,3 phòng,Đã có sổ,"Nhà ngõ, hẻm",,,"46,25 triệu/m²",,4,,Nội thất đầy đủ,,ha-noi,"Bán nhà Tả Thanh Oai, Thanh Trì, DT40m 4T. Giá 1,85 tỷ",,"Tả Thanh oai, Xã Tả Thanh Oai, Huyện Thanh Trì, Hà NộiXem bản đồ","1,85 tỷ - 40 m2"
60 m²,4 phòng,4 phòng,Đã có sổ,"Nhà mặt phố, mặt tiền",,,"188,33 triệu/m²",,4,,Nội thất đầy đủ,,ha-noi,"Đê La Thành 60m, 4 Tầng, MT 4,2m. Oto tránh, kinh doanh tốt. 11,3 Tỷ.",,"Đê La Thành, Phường Thổ Quan, Quận Đống Đa, Hà NộiXem bản đồ","11,3 tỷ - 60 m2"
33 m²,3 phòng,4 phòng,Đã có sổ,"Nhà ngõ, hẻm",,,"159,09 triệu/m²",,5,,Nội thất cao cấp,,ha-noi,"BÁN NHÀ LÒ ĐÚC , TRẦN KHÁT CHÂN 5 TẦNG , NGÕ THÔNG ÔTÔ , KINH DOANH",,"Đường Trần Khát Chân, Phường Đống Mác, Quận Hai Bà Trưng, Hà NộiXem bản đồ","5,25 tỷ - 33 m2"
33 m²,3 phòng,,Đã có sổ,"Nhà ngõ, hẻm",4.0998 m,,"116,67 triệu/m²",,5,,Nội thất đầy đủ,,ha-noi,Hàng kịch độc Trần Phú lô góc-ở luôn-2 thoáng-nở hậu-33m 5T giá 3.85tỷ,,"Đường Trần Phú, Phường Văn Quán, Quận Hà Đông, Hà NộiXem bản đồ","3,85 tỷ - 33 m2"
31 m²,3 phòng,3 phòng,Đã có sổ,"Nhà ngõ, hẻm",,,"129,03 triệu/m²",,1,,Nội thất đầy đủ,,ha-noi,GẤP GẤP_NHÀ DÂN XÂY 4 NĂM 31M2 X 4 TẦNG PHỐ THÁI THỊNH_50M Ô TÔ THÔNG.,,"Phố Thái Thịnh, Phường Trung Liệt, Quận Đống Đa, Hà NộiXem bản đồ",4 tỷ - 31 m2
38 m²,3 phòng,,Đã có sổ,"Nhà ngõ, hẻm",,,"113,16 triệu/m²",,,,,,ha-noi,"Thật 500% Thái Thịnh Mới đẹp, 38M2 x5T, MT5.6m. Gần phố, sổ vuông .",,"Thái thịnh , Phường Hàng Bột, Quận Đống Đa, Hà NộiXem bản đồ","4,3 tỷ - 38 m2"
38 m²,3 phòng,3 phòng,Đã có sổ,"Nhà ngõ, hẻm",,,"113,16 triệu/m²",,4,,Nội thất đầy đủ,,ha-noi,SIÊU HIẾM_NHỈNH 4T DÂN XÂY 38M2 X 4 TẦNG NGAY NGÃ 6 XÃ ĐÀN_3 GÁC ĐỖ.,,"Xã Đàn, Phường Thổ Quan, Quận Đống Đa, Hà NộiXem bản đồ","4,3 tỷ - 38 m2"
42 m²,4 phòng,,,"Nhà mặt phố, mặt tiền",,,"185,71 triệu/m²",,,,,,ha-noi,Bán nhà phố Lê Lợi Hà Đông Hà Nội,,"Lê Lợi, Phường Nguyễn Trãi, Quận Hà Đông, Hà NộiXem bản đồ","7,8 tỷ - 42 m2"
34 m²,4 phòng,3 phòng,Đã có sổ,"Nhà mặt phố, mặt tiền",,,"77,94 triệu/m²",,5,,Nội thất cao cấp,,ha-noi,Nhà xây đơn lập yên vĩnh kim chung.,,"Ngõ 52 Đường Yên Vĩnh, Xã Kim Chung, Huyện Hoài Đức, Hà NộiXem bản đồ","2,65 tỷ - 34 m2"
38 m²,4 phòng,3 phòng,Đã có sổ,"Nhà mặt phố, mặt tiền",,,"82,89 triệu/m²",,4,,Nội thất cao cấp,,ha-noi,Nhà tây tựu quận bắc từ liêm.,,"Ngách 160/99 Đường Tây Tựu, Phường Tây Tựu, Quận Bắc Từ Liêm, Hà NộiXem bản đồ","3,15 tỷ - 38 m2"
35 m²,3 phòng,3 phòng,Đã có sổ,"Nhà ngõ, hẻm",,,80 triệu/m²,,4,,Nhà trống,,ha-noi,"BÁN NHÀ KIM QUAN 35M 4TẦNG GIÁ 2,8TỶ - NHÀ DÂN XÂY, CÒN MỚI, NGÕ NÔNG",,"Kim quan, Phường Việt Hưng, Quận Long Biên, Hà NộiXem bản đồ","2,8 tỷ - 35 m2"
60 m²,4 phòng,,Đã có sổ,"Nhà ngõ, hẻm",4 m,,"91,67 triệu/m²",,5,,Nội thất cao cấp,,ha-noi,"Bán nhà Hoàng Như Tiếp, DT sổ: 60m, MT 4m, Ô tô 7 chỗ vào nhà, 5.5 tỷ",,"Phố Hoàng Như Tiếp, Phường Bồ Đề, Quận Long Biên, Hà NộiXem bản đồ","5,5 tỷ - 60 m2"
100 m²,6 phòng,3 phòng,Đã có sổ,"Nhà mặt phố, mặt tiền",,,155 triệu/m²,,3,,Nội thất đầy đủ,,ha-noi,NHÀ PHÂN LÔ CÁN BỘ- LẠC TRUNG - HAI BÀ TRƯNG-Ô TÔ ĐỖ CỬA - 100M2,,"Lạc Trung, Phường Vĩnh Tuy, Quận Hai Bà Trưng, Hà NộiXem bản đồ","15,5 tỷ - 100 m2"
35 m²,4 phòng,3 phòng,Đã có sổ,"Nhà ngõ, hẻm",,,"74,29 triệu/m²",,,,Nội thất cao cấp,,ha-noi,Nhà vân canh ô tô đỗ cách 20m.,,"Đường Vân Canh, Xã Vân Canh, Huyện Hoài Đức, Hà NộiXem bản đồ","2,6 tỷ - 35 m2"
54 m²,2 phòng,5 phòng,Đã có sổ,"Nhà ngõ, hẻm",7 m,,"150,93 triệu/m²",,6,,,,ha-noi,"Bán nhà 54m2 Phú Mỹ, Mỹ Đình 2, Nam Từ Liêm, Hà Nội.",,"Đường Phú Mỹ, Phường Mỹ Đình 2, Quận Nam Từ Liêm, Hà NộiXem bản đồ","8,15 tỷ - 54 m2"
36 m²,4 phòng,3 phòng,Đã có sổ,"Nhà mặt phố, mặt tiền",,,100 triệu/m²,,5,,Nội thất cao cấp,,ha-noi,Nhà phú diễn quận bắc từ liêm.,,"Hẻm 193/220/119 Đường Phú Diễn, Phường Phú Diễn, Quận Bắc Từ Liêm, Hà NộiXem bản đồ","3,6 tỷ - 36 m2"
33 m²,3 phòng,3 phòng,Đã có sổ,"Nhà mặt phố, mặt tiền",,,"98,48 triệu/m²",,4,,Nội thất đầy đủ,,ha-noi,Nhà xuân phương ô tô đỗ cửa ngõ thông.,,"Ngõ 158 Đường Xuân Phương, Phường Xuân Phương, Quận Nam Từ Liêm, Hà NộiXem bản đồ","3,25 tỷ - 33 m2"
35 m²,2 phòng,,Đã có sổ,"Nhà ngõ, hẻm",,,"111,43 triệu/m²",,,,,,ha-noi,"Đẹp nhất Hào Nam ở ngay, 35M2, MT3.8 ngõ rộng thoáng, Lô góc đẹp",,"Nguyên lương bằng , Phường Hàng Bột, Quận Đống Đa, Hà NộiXem bản đồ","3,9 tỷ - 35 m2"
35 m²,4 phòng,,Đã có sổ,"Nhà ngõ, hẻm",,,"171,43 triệu/m²",,,,,,ha-noi,"Cực đẹp, Hot! Bán nhà mặt ngõ 81 Xã Đàn, 35m²x5T kinh doanh, ngõ r3m",,"Ngõ 81 Xã Đàn, Phường Phương Liên, Quận Đống Đa, Hà NộiXem bản đồ",6 tỷ - 35 m2
45 m²,3 phòng,4 phòng,Đã có sổ,"Nhà ngõ, hẻm",,,"153,33 triệu/m²",,5,,Nội thất cao cấp,,ha-noi,Nhà 45m oto đỗ Lương Định Của 5 tầng đẹp khu ít bán giá chỉ hơn 6 tỷ,,"Phố Lương Định Của, Phường Kim Liên, Quận Đống Đa, Hà NộiXem bản đồ","6,9 tỷ - 45 m2"
45 m²,3 phòng,4 phòng,Đã có sổ,"Nhà ngõ, hẻm",,,"153,33 triệu/m²",,5,,Nội thất cao cấp,,ha-noi,Đống Đa Phạm Ngọc Thạch oto đỗ cửa nhà đẹp 5 tầng gần phố chưa đến 7tỷ,,"Phố Phạm Ngọc Thạch, Phường Kim Liên, Quận Đống Đa, Hà NộiXem bản đồ","6,9 tỷ - 45 m2"
81 m²,6 phòng,4 phòng,Đã có sổ,Nhà phố liền kề,,,"191,36 triệu/m²",,5,,Nhà trống,,ha-noi,"Liền kề Văn Quán 81m 5 tầng mt4.6m vị trí đẹp, an sinh,kinh doanh đỉnh",,"Nguyễn Khuyến, Phường Văn Quán, Quận Hà Đông, Hà NộiXem bản đồ","15,5 tỷ - 81 m2"
28 m²,2 phòng,2 phòng,Đã có sổ,"Nhà ngõ, hẻm",,,"103,57 triệu/m²",,2,,Nhà trống,,ha-noi,Dưới 3tỷ có nhà 2T phố Trần Khát Chân-Hai Bà Trưng-DT28m-Gần phố-Hiếm,,"Đường Trần Khát Chân, Phường Thanh Lương, Quận Hai Bà Trưng, Hà NộiXem bản đồ","2,9 tỷ - 28 m2"
34 m²,3 phòng,3 phòng,Đã có sổ,"Nhà ngõ, hẻm",,,"94,12 triệu/m²",,4,,Nhà trống,,ha-noi,Bán nhà Tây Mỗ-Nam Từ Liêm 34m-4 tầng-cạnh bệnh viện Vinmec-nhỉnh 3 tỷ,,"undefined, Phường Tây Mỗ, Quận Nam Từ Liêm, Hà NộiXem bản đồ","3,2 tỷ - 34 m2"
37 m²,1 phòng,,,"Nhà ngõ, hẻm",,,"40,54 triệu/m²",,,,,,ha-noi,"CC bán đất Nguyễn Khoái, HM, 37m, MT 4m, 1.5 tỷ",,"Nguyễn Khoái, Phường Thanh Trì, Quận Hoàng Mai, Hà NộiXem bản đồ","1,5 tỷ - 37 m2"
46 m²,1 phòng,,Đã có sổ,"Nhà ngõ, hẻm",,46 m²,"26,09 triệu/m²",,,Hẻm xe hơi,,,ha-noi,"Cần bán Đất Xóm 4 Vạn Phúc 3, TT, 46m, MT5m, 1.2 tỷ",,"Vạn Phúc, Xã Vạn Phúc, Huyện Thanh Trì, Hà NộiXem bản đồ","1,2 tỷ - 46 m2"
55 m²,6 phòng,5 phòng,Đã có sổ,"Nhà ngõ, hẻm",,,"161,82 triệu/m²",,5,,Nội thất đầy đủ,,ha-noi,Bán Nhà Ngõ 279 Phố Đội Cấn. 55m2 - Nhỉnh 8 Tỷ. 5 Tầng Dân Xây Lô Góc,,"Phố Đội Cấn, Phường Đội Cấn, Quận Ba Đình, Hà NộiXem bản đồ","8,9 tỷ - 55 m2"
40 m²,3 phòng,4 phòng,,"Nhà ngõ, hẻm",,,"112,5 triệu/m²",,6,"Hẻm xe hơi,Nở hậu",,,ha-noi,bán nhà Thạch Bàn. 40m2x6 tầng. gara ô tô- kinh doanh,,"undefined, Phường Thạch Bàn, Quận Long Biên, Hà NộiXem bản đồ","4,5 tỷ - 40 m2"
25 m²,2 phòng,3 phòng,Đã có sổ,"Nhà ngõ, hẻm",,,112 triệu/m²,,,Nở hậu,,,ha-noi,"Nhà mới 4 tầng, ngay phố Nguyễn Sơn. 2.8 tỷ",,"Phố Hoàng Như Tiếp, Phường Bồ Đề, Quận Long Biên, Hà NộiXem bản đồ","2,8 tỷ - 25 m2"
75 m²,5 phòng,,Đã có sổ,"Nhà mặt phố, mặt tiền",,,"78,67 triệu/m²",,,,,,ha-noi,Hoa hậu Yên Nghĩa trong đê 75m cả sân nhà 4 tâng mới đẹp như hình 5ty9,,"Yên Lộ, Phường Yên Nghĩa, Quận Hà Đông, Hà NộiXem bản đồ","5,9 tỷ - 75 m2"
60 m²,5 phòng,4 phòng,Đã có sổ,"Nhà ngõ, hẻm",,,"183,33 triệu/m²",Tây,5,,,,ha-noi,55 Nguyễn Ng,,"55, Nguyễn Ngọc Nại, Phường Khương Mai, Quận Thanh Xuân, Hà NộiXem bản đồ",11 tỷ - 60 m2
68 m²,6 phòng,,Đã có sổ,"Nhà ngõ, hẻm",,,"129,41 triệu/m²",,5,,Nội thất đầy đủ,,ha-noi,Bán Gấp Nhà Phố Nguyễn Sơn 70M 6 Phòng Bao Phí,,"Đường Nguyễn Sơn, Phường Gia Thụy, Quận Long Biên, Hà NộiXem bản đồ","8,8 tỷ - 68 m2"
37 m²,3 phòng,4 phòng,Đã có sổ,"Nhà ngõ, hẻm",,,"148,65 triệu/m²",,4,,Nội thất đầy đủ,,ha-noi,NHÀ PHỐ MINH KHAI - HAI BÀ TRƯNG - NGÕ NÔNG SÁT PHỐ,,"Phố Minh Khai, Phường Minh Khai, Quận Hai Bà Trưng, Hà NộiXem bản đồ","5,5 tỷ - 37 m2"
35 m²,4 phòng,4 phòng,Đã có sổ,"Nhà ngõ, hẻm",,,"114,29 triệu/m²",,5,,Nội thất đầy đủ,,ha-noi,Nhà mới ful nội thất ngõ rộng 3m Ô tô tránh đỗ ngày đêm cách một nhà,,"Đường Đa Sỹ, Phường Kiến Hưng, Quận Hà Đông, Hà NộiXem bản đồ",4 tỷ - 35 m2
45 m²,3 phòng,4 phòng,Đã có sổ,"Nhà ngõ, hẻm",,,"117,78 triệu/m²",,5,,Nội thất cao cấp,,ha-noi,"NHÀ ĐẸP HAI BÀ, 45m - 5 tầng, 3 phòng ngủ, hàng xóm Times City",,"Phố Vĩnh Tuy, Phường Vĩnh Tuy, Quận Hai Bà Trưng, Hà NộiXem bản đồ","5,3 tỷ - 45 m2"
33 m²,3 phòng,,Đã có sổ,"Nhà ngõ, hẻm",,,"106,06 triệu/m²",,,,,,ha-noi,"Cực đẹp Vừa ở vừa Cho thuê Nguyễn Lương Bằng, 35m2, MT6.5m,full đồ sịn",,"Nguyễn Lương bằng, Phường Hàng Bột, Quận Đống Đa, Hà NộiXem bản đồ","3,5 tỷ - 33 m2"
37 m²,3 phòng,4 phòng,Đã có sổ,"Nhà ngõ, hẻm",,,"115,95 triệu/m²",,5,,Nội thất đầy đủ,,ha-noi,"Độc! 4 tỷ nhà Thái Thịnh, gần phố, 20m ô tô, mới, full NT xịn, 37m*5T",,"Phố Thái Thịnh, Phường Thịnh Quang, Quận Đống Đa, Hà NộiXem bản đồ","4,29 tỷ - 37 m2"
30 m²,3 phòng,4 phòng,Đã có sổ,"Nhà ngõ, hẻm",,,110 triệu/m²,Bắc,5,,,,ha-noi,"Bán nhà 5t, diện tích 30m, mới xây",,"Nam Dư, Phường Lĩnh Nam, Quận Hoàng Mai, Hà NộiXem bản đồ","3,3 tỷ - 30 m2"
73 m²,4 phòng,Nhiều hơn 6 phòng,Đã có sổ,"Nhà ngõ, hẻm",,,"153,42 triệu/m²",,7,,Nội thất đầy đủ,,ha-noi,"Kim Giang 73m, 7 Tầng, MT 5,5m. Lô góc, Oto, Kinh doanh. 11,2 Tỷ.",,"Kim Giang, Phường Kim Giang, Quận Thanh Xuân, Hà NộiXem bản đồ","11,2 tỷ - 73 m2"
35 m²,3 phòng,4 phòng,Đã có sổ,Nhà phố liền kề,,40 m²,"215,71 triệu/m²",,5,,,,ha-noi,"HIẾM PHÂN LÔ, VỈA HÈ, KD THÔNG SÀN, VĂN QUÁN, HÀ ĐÔNG 40M2T2, 7.55 TỶ",,"Đường Chiến Thắng, Phường Văn Quán, Quận Hà Đông, Hà NộiXem bản đồ","7,55 tỷ - 35 m2"
35 m²,3 phòng,2 phòng,Đã có sổ,"Nhà ngõ, hẻm",,,"87,14 triệu/m²",,2,,Nội thất đầy đủ,,ha-noi,"BÁN NHÀ RIÊNG NGÕ 8 LÊ QUANG ĐẠO (Làng Bún Phú Đô) Mỹ Đình 35m,2.5 tần",,"Ngõ 8 Lê Quang Đạo, Phường Phú Đô, Quận Nam Từ Liêm, Hà NộiXem bản đồ","3,05 tỷ - 35 m2"
55 m²,nhiều hơn 10 phòng,Nhiều hơn 6 phòng,,"Nhà ngõ, hẻm",,55 m²,"281,82 triệu/m²",,8,,,,ha-noi,"Bán tòa căn hộ dịch vụ phố Lạc Long Quân, Tây Hồ 55m2 - 8T",,"Ngõ 535 Đường Lạc Long Quân, Phường Xuân La, Quận Tây Hồ, Hà NộiXem bản đồ","15,5 tỷ - 55 m2"
60 m²,6 phòng,5 phòng,Đã có sổ,"Nhà ngõ, hẻm",,,"238,33 triệu/m²",,7,,Nội thất cao cấp,,ha-noi,Bán nhà Đội Cấn Ba Đình 60m2 7 Tầng Thang máy LÔ GÓC - Ngõ Thông -m,,"Đội cấn, Phường Điện Biên, Quận Ba Đình, Hà NộiXem bản đồ","14,3 tỷ - 60 m2"
35 m²,3 phòng,4 phòng,Đã có sổ,"Nhà ngõ, hẻm",,,"108,57 triệu/m²",,5,,Nội thất đầy đủ,,ha-noi,"Bán nhà Lê Đức Thọ 35m2 5 tầng 3pn full nội thất,ô tô 10m giá 3.8 tỷ",,"Đường Lê Đức Thọ, Phường Mỹ Đình 2, Quận Nam Từ Liêm, Hà NộiXem bản đồ","3,8 tỷ - 35 m2"
66 m²,5 phòng,4 phòng,Đã có sổ,Nhà phố liền kề,,,"162,12 triệu/m²",,6,,Nội thất cao cấp,,ha-noi,Bán nhà Thiên Hiền Mỹ Đình 66m2 6 tầng OTO vào nhà nhỉnh 10 tỷ,,"Thiên Hiền, Phường Mỹ Đình 1, Quận Nam Từ Liêm, Hà NộiXem bản đồ","10,7 tỷ - 66 m2"
50 m²,5 phòng,6 phòng,Đã có sổ,"Nhà mặt phố, mặt tiền",,,236 triệu/m²,,7,,Nội thất cao cấp,,ha-noi,Bán nhà phố Mễ Trì Hạ 50m 7T thang máy O TÔ vào nhà KINH DOANH 11.8 tỷ,,"Mễ Trì Hạ, Phường Mễ Trì, Quận Nam Từ Liêm, Hà NộiXem bản đồ","11,8 tỷ - 50 m2"
40 m²,3 phòng,3 phòng,Đã có sổ,"Nhà ngõ, hẻm",,,"82,5 triệu/m²",,5,,Nội thất đầy đủ,,ha-noi,"Bán nhà Trịnh Văn Bô Phương Canh 40M2 5T 3PN, ngõ Oto nhỉnh 3 tỷ",,"Phố Trịnh Văn Bô, Phường Phương Canh, Quận Nam Từ Liêm, Hà NộiXem bản đồ","3,3 tỷ - 40 m2"
36 m²,4 phòng,4 phòng,Đã có sổ,"Nhà ngõ, hẻm",,,"106,94 triệu/m²",,6,,Nội thất đầy đủ,,ha-noi,Bán 1 căn cực hiếm Lê Quang Đạo 32m2 6 tầng ngõ riêng giá 3.85 tỷ.,,"Đường Lê Quang Đạo, Phường Phú Đô, Quận Nam Từ Liêm, Hà NộiXem bản đồ","3,85 tỷ - 36 m2"
35 m²,3 phòng,4 phòng,Đã có sổ,"Nhà ngõ, hẻm",,,"102,86 triệu/m²",,5,,Nội thất đầy đủ,,ha-noi,Bán nhà ngõ 322 Mỹ Đình Nam Từ Liêm 35m2 5T 3pn cách otto 70m 3.6ty,,"322, Đường Mỹ Đình, Phường Mỹ Đình 2, Quận Nam Từ Liêm, Hà NộiXem bản đồ","3,6 tỷ - 35 m2"
40 m²,3 phòng,3 phòng,Đã có sổ,"Nhà ngõ, hẻm",,,95 triệu/m²,,5,,Nội thất đầy đủ,,ha-noi,3.8 tỷ bán Nhà Lê Quang Đạo 40m2 5 tầng Oto 50m full nt ở luôn,,"Đường Lê Quang Đạo, Phường Mỹ Đình 1, Quận Nam Từ Liêm, Hà NộiXem bản đồ","3,8 tỷ - 40 m2"
45 m²,7 phòng,6 phòng,Đã có sổ,"Nhà ngõ, hẻm",,,100 triệu/m²,,5,,Nội thất cao cấp,,ha-noi,Bán nhà Đình Thôn Mỹ Đình 45m 5T 7 phòng khép kín thuê 25tr giá 4.5ty,,"Đường Đình Thôn, Phường Mỹ Đình 1, Quận Nam Từ Liêm, Hà NộiXem bản đồ","4,5 tỷ - 45 m2"
30 m²,3 phòng,4 phòng,Đã có sổ,"Nhà ngõ, hẻm",,,155 triệu/m²,,5,,Nội thất đầy đủ,,ha-noi,"Nhà mới đón tết,5 tầng,Thang Máy,30/35m,đường HOÀNG MAI,HOÀNG MAI,",,"Đường Hoàng Mai, Phường Hoàng Văn Thụ, Quận Hoàng Mai, Hà NộiXem bản đồ","4,65 tỷ - 30 m2"
40 m²,3 phòng,3 phòng,Đã có sổ,"Nhà ngõ, hẻm",,40 m²,"118,75 triệu/m²",,,,Nội thất cao cấp,,ha-noi,🧨NHÀ MỚI TO ĐẸP - LÔ GÓC- VỀ Ở NGAY.🧨20M RA PHỐ BẠCH MAI,,"Phố Bạch Mai, Phường Bạch Mai, Quận Hai Bà Trưng, Hà NộiXem bản đồ","4,75 tỷ - 40 m2"
