Diện tích đất:,Số phòng ngủ:,Số phòng vệ sinh:,Giấy tờ pháp lý:,Loại hình nhà ở:,Chiều ngang:,Diện tích sử dụng:,Giá/m2:,Hướng cửa chính:,Tổng số tầng:,Đặc điểm nhà/đất:,Tình trạng nội thất:,Chiều dài:,Location,Name,URL,District,Price
45 m²,4 phòng,4 phòng,Đã có sổ,"Nhà ngõ, hẻm",,,"184,44 triệu/m²",,5,,Nội thất đầy đủ,,ha-noi,"Cực Hiếm! Nhà đẹp Quán Thánh, Ba Đình, ô tô vào nhà, 20m ra phố, 45m2",,"Quán Thánh, Phường Quán Thánh, Quận Ba Đình, Hà NộiXem bản đồ","8,3 tỷ - 45 m2"
30 m²,3 phòng,,Đã có sổ,"Nhà ngõ, hẻm",,,"116,67 triệu/m²",,5,,Nội thất đầy đủ,,ha-noi,"O to Đỗ cửa, Thông, Kinh Doanh, Ở Tân Mai 30m2 giá 3.5 tỷ",,"Tân Mai, Phường Tân Mai, Quận Hoàng Mai, Hà NộiXem bản đồ","3,5 tỷ - 30 m2"
34 m²,3 phòng,4 phòng,Đã có sổ,"Nhà ngõ, hẻm",,,"82,35 triệu/m²",,5,,Nội thất đầy đủ,,ha-noi,"Bán nhà An Trai, Vân Canh 34m2 ô tô đỗ cổng 2,7x tỷ full nội thất",,"Ngõ 8 Đường An Trai, Xã Vân Canh, Huyện Hoài Đức, Hà NộiXem bản đồ","2,799999999 tỷ - 34 m2"
35 m²,4 phòng,4 phòng,Đã có sổ,"Nhà ngõ, hẻm",,,"71,43 triệu/m²",,4,,Nhà trống,,ha-noi,"Bán nhà Di Trạch, Hoài Đức 35m2 ô tô đỗ cổng chỉ 2,5 tỷ",,"Đường Di Trạch, Xã Di Trạch, Huyện Hoài Đức, Hà NộiXem bản đồ","2,5 tỷ - 35 m2"
34 m²,4 phòng,4 phòng,Đã có sổ,"Nhà ngõ, hẻm",,,"80,88 triệu/m²",,5,,Nhà trống,,ha-noi,"Bán nhà Hậu Ái, Vân Canh 34m2 xây độc lập ô tô đỗ gần",,"Ngõ 60 Đường Hậu Ái, Xã Vân Canh, Huyện Hoài Đức, Hà NộiXem bản đồ","2,75 tỷ - 34 m2"
45 m²,5 phòng,4 phòng,Đã có sổ,"Nhà ngõ, hẻm",,,"144,44 triệu/m²",,5,,Nhà trống,,ha-noi,"CHÍNH CHỦ BÁN NHÀ PHỐ NGUYỄN HOÀNG, LÔ GÓC CẠNH PHỐ DT45M2 NHỈNH 6 TỶ.",,"Nguyễn Hoàng , Phường Mỹ Đình 2, Quận Nam Từ Liêm, Hà NộiXem bản đồ","6,5 tỷ - 45 m2"
35 m²,3 phòng,4 phòng,Đã có sổ,"Nhà ngõ, hẻm",,175 m²,"128,57 triệu/m²",,5,,,,ha-noi,"Bán nhà ngõ 167 Thanh Nhàn, Hai Bà Trưng, 35m² x 5 tầng, sổ đỏ, 3 PN",,"167, Phố Thanh Nhàn, Phường Thanh Nhàn, Quận Hai Bà Trưng, Hà NộiXem bản đồ","4,5 tỷ - 35 m2"
33 m²,3 phòng,,Đã có sổ,"Nhà ngõ, hẻm",,,"87,88 triệu/m²",,5,,Nội thất đầy đủ,,ha-noi,"Nhà Đẹp, Thông Chợ, Gần Ô to Trương Định 33m2 giá 2.9 tỷ.",,"Trương Định, Phường Tương Mai, Quận Hoàng Mai, Hà NộiXem bản đồ","2,9 tỷ - 33 m2"
65 m²,4 phòng,,,"Nhà mặt phố, mặt tiền",,,"292,31 triệu/m²",,5,,,,ha-noi,SIÊU PHẨM-MẶT PHỐ LA THÀNH- ĐỐNG ĐA-65Mx5T-KD VIP DÒNG TIỀN CAO 60TR,,"La Thành, Phường Ô Chợ Dừa, Quận Đống Đa, Hà NộiXem bản đồ",19 tỷ - 65 m2
70 m²,3 phòng,4 phòng,Đã có sổ,"Nhà ngõ, hẻm",,,"152,86 triệu/m²",,5,,Nội thất đầy đủ,,ha-noi,Bán nhà Phố Đội Cấn. 70m2 - Nhỉnh 10 Tỷ. 5 Tầng dân xây - Ô TÔ tránh 1,,"Phố Đội Cấn, Phường Đội Cấn, Quận Ba Đình, Hà NộiXem bản đồ","10,7 tỷ - 70 m2"
60 m²,1 phòng,1 phòng,Giấy tờ khác,"Nhà ngõ, hẻm",,,"15,83 triệu/m²",,1,,,,ha-noi,Bỏ ra 900 triệu có ngay mảnh đất ngõ 92 phố Định Công Hạ -60m2 MT 3.5m,,"Định Công Hạ, Phường Định Công, Quận Hoàng Mai, Hà NộiXem bản đồ",950 triệu - 60 m2
14 m²,4 phòng,,,"Nhà ngõ, hẻm",,,"178,57 triệu/m²",,,,,,ha-noi,"Bán Nhà 5 Tầng Thái Hà, Đống Đa, Ô Tô Đỗ Cửa, Tặng Nội Thất, 2,5 Tỷ.",,"Hào Nam, Phường Ô Chợ Dừa, Quận Đống Đa, Hà NộiXem bản đồ","2,5 tỷ - 14 m2"
200 m²,4 phòng,,Đã có sổ,Nhà biệt thự,8 m,,40 triệu/m²,,4,,,25 m,ha-noi,"Quý căn bán lại Biệt thự The Phoenix Garden 200m, 230m, 400m, 600m",,"Thị Trấn Phùng, Thị trấn Phùng, Huyện Đan Phượng, Hà NộiXem bản đồ",8 tỷ - 200 m2
61 m²,5 phòng,4 phòng,Đã có sổ,"Nhà ngõ, hẻm",,,"101,64 triệu/m²",,6,,Nội thất cao cấp,,ha-noi,"Bán Nhà Vũ Tông Phan, Ô Tô Đỗ, 2 Thoáng, Sát Phố, 61m2, 6 Tầng, 6.2 tỷ",,"Phố Vũ Tông Phan, Phường Khương Đình, Quận Thanh Xuân, Hà NộiXem bản đồ","6,2 tỷ - 61 m2"
40 m²,3 phòng,4 phòng,Đã có sổ,,,,200 triệu/m²,Đông Nam,6,,,,ha-noi,Bỏ ra 8 tỷ có ngay nhà đẹp - Lô Góc - khu phân lô Vương Thừa Vũ,,"vương thừa vũ, Phường Khương Trung, Quận Thanh Xuân, Hà NộiXem bản đồ",8 tỷ - 40 m2
55 m²,2 phòng,,Đã có sổ,"Nhà ngõ, hẻm",4 m,,"209,09 triệu/m²",,3,,Nhà trống,,ha-noi,💥💥💥HOÀNG QUỐC VIỆT- 55m2- 2 MẶT NGÕ OTO- 10m RA PHỐ- BÁN ĐẤT TẶNG NHÀ,,"Hoàng Quốc Việt, Phường Nghĩa Đô, Quận Cầu Giấy, Hà NộiXem bản đồ","11,5 tỷ - 55 m2"
33 m²,3 phòng,,Đã có sổ,"Nhà ngõ, hẻm",,,"98,48 triệu/m²",,,,,,ha-noi,"Nhà đẹp ở ngay, ngõ nông, gần mặt phố Nguyễn Chính 33m2 x 4Tầng MT5 nh",,"Phố Nguyễn Chính, Phường Tân Mai, Quận Hoàng Mai, Hà NộiXem bản đồ","3,25 tỷ - 33 m2"
33 m²,3 phòng,3 phòng,Đã có sổ,"Nhà ngõ, hẻm",,,"80,3 triệu/m²",Đông Nam,4,,,,ha-noi,Nhà vuông vắn đối diện cây xăng phố Xốm/ 70m ra mặt QL21B 33m2x4T,,"Phú Lương, Phường Phú Lương, Quận Hà Đông, Hà NộiXem bản đồ","2,65 tỷ - 33 m2"
33 m²,3 phòng,4 phòng,Đã có sổ,"Nhà ngõ, hẻm",,,"62,12 triệu/m²",Đông Nam,5,,,,ha-noi,Siêu hiếm! Nhà mới 33m2x5T trung tâm Phú Lương/ ô tô đỗ cách chỉ 30m,,"Phú Lương, Phường Phú Lương, Quận Hà Đông, Hà NộiXem bản đồ","2,05 tỷ - 33 m2"
33 m²,3 phòng,3 phòng,Đã có sổ,"Nhà ngõ, hẻm",,,"60,61 triệu/m²",Đông Bắc,4,,,,ha-noi,Chưa đến 2tỷ! Cóngaynhà 33m2x4T gần Bến YênNghĩa/15m ra đg lớn ôtô tải,,"Quang Trung, Phường Yên Nghĩa, Quận Hà Đông, Hà NộiXem bản đồ",2 tỷ - 33 m2
54 m²,5 phòng,4 phòng,Đã có sổ,"Nhà ngõ, hẻm",,216 m²,"203,7 triệu/m²",,,,,,ha-noi,"Bán nhà ngõ 31 Trần Quốc Hoàn, Cầu Giấy, 54m² x 4 tầng, ô tô đỗ cửa",,"31, Trần Quốc Hoàn, Phường Dịch Vọng Hậu, Quận Cầu Giấy, Hà NộiXem bản đồ",11 tỷ - 54 m2
36 m²,4 phòng,,Đã có sổ,"Nhà ngõ, hẻm",,36 m²,"163,89 triệu/m²",,,Hẻm xe hơi,Nội thất đầy đủ,,ha-noi,"BÁN NHÀ TRẦN THÁI TÔNG, 5 TẦNG ,GẦN CV CẦU GIẤY, NHỈNH 5 TỶ",,"Trần Thái Tông, Phường Dịch Vọng Hậu, Quận Cầu Giấy, Hà NộiXem bản đồ","5,9 tỷ - 36 m2"
41 m²,4 phòng,,Đã có sổ,"Nhà ngõ, hẻm",,,"102,44 triệu/m²",,4,Nở hậu,Nội thất đầy đủ,,ha-noi,"Giảm 500tr! 75 Xuân Đỉnh, gần oto, sát phố, ở sướng 41m*4T",,"Xuân Đỉnh, Phường Xuân Tảo, Quận Bắc Từ Liêm, Hà NộiXem bản đồ","4,2 tỷ - 41 m2"
38 m²,3 phòng,,,"Nhà ngõ, hẻm",,,"107,89 triệu/m²",,5,"Hẻm xe hơi,Nở hậu",,,ha-noi,"Ngoại Giao Đoàn, 20m oto tránh, ngõ thông, mới đẹp ở ngay 38.7m*5T",,"XUÂN ĐỈNH, Phường Xuân Đỉnh, Quận Bắc Từ Liêm, Hà NộiXem bản đồ","4,1 tỷ - 38 m2"
37 m²,3 phòng,,,"Nhà mặt phố, mặt tiền",,,"116,22 triệu/m²",,5,"Hẻm xe hơi,Nở hậu",,,ha-noi,"Hiếm! Xuân Đỉnh, xe 5 tạ đỗ, sát phố, ngõ thẳng, mới ở sướng 36.6*5T",,"Xuân Đỉnh, Phường Xuân Đỉnh, Quận Bắc Từ Liêm, Hà NộiXem bản đồ","4,3 tỷ - 37 m2"
36 m²,3 phòng,,Đã có sổ,"Nhà ngõ, hẻm",,,"115,28 triệu/m²",,,,,,ha-noi,"Nhà mới lô góc, ngõ nông Lĩnh Nam 36m2 x 5T, MT4.6 nhỉnh 4.15 tỷ",,"Lĩnh Nam, Phường Lĩnh Nam, Quận Hoàng Mai, Hà NộiXem bản đồ","4,15 tỷ - 36 m2"
48 m²,5 phòng,4 phòng,Đã có sổ,"Nhà mặt phố, mặt tiền",,240 m²,"135,42 triệu/m²",,,Hẻm xe hơi,,,ha-noi,"Bán nhà mặt ngõ 28 Chùa Hà, Cầu Giấy, 48m2 x 5 tầng, sổ đỏ, 5 PN, 4WC",,"28, Chùa Hà, Phường Dịch Vọng, Quận Cầu Giấy, Hà NộiXem bản đồ","6,5 tỷ - 48 m2"
150 m²,5 phòng,4 phòng,,Nhà biệt thự,,,"193,33 triệu/m²",,4,,Nhà trống,,ha-noi,Bán biệt thự Song Lập Tây Bắc dãy Ngọc Trai 11 - Vinhomes Ocean Park,,"Ngọc Trai 12, Thị trấn Trâu Quỳ, Huyện Gia Lâm, Hà NộiXem bản đồ",29 tỷ - 150 m2
54 m²,4 phòng,5 phòng,Đã có sổ,"Nhà ngõ, hẻm",,,"96,3 triệu/m²",,6,,Nội thất đầy đủ,,ha-noi,ANH ĐÔNG NHỜ BÁN NHÀ VĨNH PHÚC 54M-30R RA PHỐ-NGÕ THOÁNG-MẶT THOÁNG,,"68, Vĩnh Phúc, Phường Vĩnh Phúc, Quận Ba Đình, Hà NộiXem bản đồ","5,2 tỷ - 54 m2"
35 m²,4 phòng,5 phòng,Đã có sổ,"Nhà ngõ, hẻm",,,"128,57 triệu/m²",,6,,Nhà trống,,ha-noi,CHỦ NHỜ BÁN NHÀ TỪ LIÊM 35M-6 TẦNG THANG MÁY-5M RA ÔTÔ-NGÕ THOÁNG,,"45, Cổ Nhuế, Phường Cổ Nhuế 1, Quận Bắc Từ Liêm, Hà NộiXem bản đồ","4,5 tỷ - 35 m2"
55 m²,4 phòng,5 phòng,Đã có sổ,"Nhà ngõ, hẻm",,,"94,55 triệu/m²",,6,,Nội thất đầy đủ,,ha-noi,CHỦ NHÀ NHỜ BÁN NHÀ VĂN CAO 55M-MẶT TIỀN RỘNG-NGÕ THOÁNG-20M RA PHỐ,,"69, Văn Cao, Phường Liễu Giai, Quận Ba Đình, Hà NộiXem bản đồ","5,2 tỷ - 55 m2"
50 m²,4 phòng,,Đã có sổ,"Nhà ngõ, hẻm",4.5 m,,190 triệu/m²,,7,,Nhà trống,,ha-noi,BÁN NHÀ TRUNG TÂM CẦU GIẤY 50M-7 TẦNG THANG MÁY-GARA ÔTÔ-KINH DOANH,,"68, Hoàng Quốc Việt, Phường Nghĩa Tân, Quận Cầu Giấy, Hà NộiXem bản đồ","9,5 tỷ - 50 m2"
30 m²,3 phòng,4 phòng,Đã có sổ,"Nhà ngõ, hẻm",,,"98,33 triệu/m²",,4,,Nội thất cao cấp,,ha-noi,"Cần Bán nhanh TRƯỚC TẾT nhà 4 tầng ngõ 180 đường Tây Mỗ, Nam Từ Liêm",,"Ngõ 193 Cầu Cốc, Phường Tây Mỗ, Quận Nam Từ Liêm, Hà NộiXem bản đồ","2,95 tỷ - 30 m2"
55 m²,3 phòng,,Đã có sổ,"Nhà ngõ, hẻm",,,60 triệu/m²,,,,,,ha-noi,Nhà Phố ✔️ Việt Hưng-Lô Góc-Rộng Rãi-An Sinh-Tiện Ích-Trung Tâm-55m2-,,"Phố Việt Hưng, Phường Việt Hưng, Quận Long Biên, Hà NộiXem bản đồ","3,3 tỷ - 55 m2"
40 m²,5 phòng,,Đã có sổ,"Nhà mặt phố, mặt tiền",,,"182,5 triệu/m²",,5,,Nội thất cao cấp,,ha-noi,"Bán nhà phân lô, ô tô tránh tại Chiến Thắng, Văn Quán. 40mx5t, 7,3ty",,"Đường Chiến Thắng, Phường Văn Quán, Quận Hà Đông, Hà NộiXem bản đồ","7,3 tỷ - 40 m2"
45 m²,4 phòng,,,"Nhà ngõ, hẻm",,,"131,11 triệu/m²",,6,,,,ha-noi,"ANH HÙNG BÁN NHÀ KIM ĐỒNG 45M GARA OTO,THANG MÁY GIÁ NHỈNH 5 TỶ",,"Phố Kim Đồng, Phường Giáp Bát, Quận Hoàng Mai, Hà NộiXem bản đồ","5,9 tỷ - 45 m2"
57 m²,5 phòng,,Đã có sổ,"Nhà mặt phố, mặt tiền",,,"166,67 triệu/m²",,,,Nội thất đầy đủ,,ha-noi,"Chính chủ bán nhà mặt phố Chiến Thắng, Hà Đông, 57m2, 4 tầng, 9,5 tỷ.",,"Đường Chiến Thắng, Phường Văn Quán, Quận Hà Đông, Hà NộiXem bản đồ","9,5 tỷ - 57 m2"
40 m²,4 phòng,3 phòng,Đã có sổ,"Nhà ngõ, hẻm",,,"117,5 triệu/m²",,4,,Nội thất đầy đủ,,ha-noi,"Cực hiếm ! Tây Sơn-Nhà Đẹp ở luôn -Ngõ Rộng Thoáng, 40m*4T nhỉnh4",,"Phố Tây Sơn, Phường Quang Trung, Quận Đống Đa, Hà NộiXem bản đồ","4,7 tỷ - 40 m2"
109 m²,3 phòng,3 phòng,Đã có sổ,"Nhà ngõ, hẻm",,,"77,98 triệu/m²",,3,,Nội thất đầy đủ,,ha-noi,Bán nhà Phúc Lợi 109m2 lô góc 3 mặt tiền đường oto tránh 8.5 tỷ,,"Phúc Lợi, Phường Phúc Lợi, Quận Long Biên, Hà NộiXem bản đồ","8,5 tỷ - 109 m2"
38 m²,3 phòng,4 phòng,Đã có sổ,"Nhà ngõ, hẻm",,,"113,16 triệu/m²",,5,,Nội thất đầy đủ,,ha-noi,"Bán Nhà Kim Mã , 5Tầng , 3 Ngủ , Ngõ Nông , full Đồ , Giá 4,3tỷ",,"Kim Mã, Phường Ngọc Hà, Quận Ba Đình, Hà NộiXem bản đồ","4,3 tỷ - 38 m2"
35 m²,3 phòng,4 phòng,Đã có sổ,"Nhà ngõ, hẻm",,,"107,14 triệu/m²",,5,,Nội thất cao cấp,,ha-noi,"CỰC NGON, HIẾM THUỴ KHUÊ LÔ GÓC 50M RA PHỐ 35M2 CHỈ 3.75 TỶ",,"Đường Thụy Khuê, Phường Thụy Khuê, Quận Tây Hồ, Hà NộiXem bản đồ","3,75 tỷ - 35 m2"
42 m²,3 phòng,4 phòng,Đã có sổ,"Nhà ngõ, hẻm",,42 m²,"110,71 triệu/m²",,5,,,,ha-noi,Võng Thị - Tây Hồ - Lô Góc 2 Thoáng - Nhà Đẹp - Ngõ Thoáng - Hiếm,,"Võng Thị, Phường Bưởi, Quận Tây Hồ, Hà NộiXem bản đồ","4,65 tỷ - 42 m2"
50 m²,3 phòng,3 phòng,Đã có sổ,"Nhà ngõ, hẻm",,,112 triệu/m²,,4,,Nội thất đầy đủ,,ha-noi,Phan Kế Bính 50m2 4T Lô góc- 3 mặt thoáng- Giá hơn 5 tỷ- Hiếm nhà bán,,"Phố Phan Kế Bính, Phường Cống Vị, Quận Ba Đình, Hà NộiXem bản đồ","5,6 tỷ - 50 m2"
46 m²,4 phòng,5 phòng,Đã có sổ,"Nhà ngõ, hẻm",,,"163,04 triệu/m²",,6,,Nội thất đầy đủ,,ha-noi,Phố Đội Cấn 46m2 6T Thang máy- 30m ra phố- Giá hơn 7 tỷ- Nhà mới,,"Đội Cấn, Phường Đội Cấn, Quận Ba Đình, Hà NộiXem bản đồ","7,5 tỷ - 46 m2"
45 m²,4 phòng,3 phòng,Đã có sổ,"Nhà ngõ, hẻm",,,"115,56 triệu/m²",,4,,Nội thất đầy đủ,,ha-noi,Thuỵ Khuê 45m2 Lô góc 3 thoáng- Cách phố 30m- Giá 5.2 tỷ Gần Hồ,,"Đường Thụy Khuê, Phường Bưởi, Quận Tây Hồ, Hà NộiXem bản đồ","5,2 tỷ - 45 m2"
48 m²,4 phòng,,Đã có sổ,"Nhà ngõ, hẻm",4.5 m,,"109,38 triệu/m²",,6,,Nội thất đầy đủ,,ha-noi,Phố Vĩnh Phúc Ba Đình 48m2- 6T Giá hơn 5 tỷ- Ngõ 2.5m- Nhà đẹp,,"Phố Vĩnh Phúc, Phường Vĩnh Phúc, Quận Ba Đình, Hà NộiXem bản đồ","5,25 tỷ - 48 m2"
48 m²,4 phòng,5 phòng,Đã có sổ,"Nhà mặt phố, mặt tiền",,,"229,17 triệu/m²",,5,,Nội thất cao cấp,,ha-noi,"BÁN NHÀ PHỐ DƯƠNG VĂN BÉ HÀNG XÓM TIMES CITY 5TẦNG THANG MÁY,GARA ÔTÔ",,"Phố Dương Văn Bé, Phường Vĩnh Tuy, Quận Hai Bà Trưng, Hà NộiXem bản đồ",11 tỷ - 48 m2
40 m²,6 phòng,4 phòng,Đã có sổ,"Nhà mặt phố, mặt tiền",,200 m²,"183,75 triệu/m²",,,"Hẻm xe hơi,Nở hậu",,,ha-noi,MẶT PHỐ - 5 TẦNG THANG MÁY - PHÂN LÔ - VỈA HÈ - Ô.TÔ -KINH DOANH,,"XALA, Phường Phúc La, Quận Hà Đông, Hà NộiXem bản đồ","7,35 tỷ - 40 m2"
34 m²,3 phòng,4 phòng,Đã có sổ,"Nhà ngõ, hẻm",,,"105,88 triệu/m²",,5,,,,ha-noi,"LĨNH NAM NHÀ MỚI NGÕ RỘNG GẦN TRƯỜNG ĐHKT CÔNG NGHIỆP 34m/5TẦNG/3,6TỶ",,"Lĩnh Nam, Phường Lĩnh Nam, Quận Hoàng Mai, Hà NộiXem bản đồ","3,6 tỷ - 34 m2"
39 m²,4 phòng,,Đã có sổ,"Nhà ngõ, hẻm",,,"120,26 triệu/m²",,5,,Nội thất đầy đủ,,ha-noi,"Nhà mới đón TẾT, Khương Đình 39m, 4.5T, full đồ, ngõ nông, gần phố, kd",,"Khương Đình, Phường Khương Đình, Quận Thanh Xuân, Hà NộiXem bản đồ","4,69 tỷ - 39 m2"
60 m²,4 phòng,4 phòng,Đã có sổ,"Nhà ngõ, hẻm",,,"158,33 triệu/m²",,5,,Nội thất đầy đủ,,ha-noi,Bán nhà Chùa Bộc 60m2 2 mặt tiền oto vào nhà mặt tiền rộng 9.5 tỷ,,"Phố Chùa Bộc, Phường Trung Liệt, Quận Đống Đa, Hà NộiXem bản đồ","9,5 tỷ - 60 m2"
41 m²,3 phòng,,,"Nhà ngõ, hẻm",,,"104,88 triệu/m²",,,,,,ha-noi,Nhà Đẹp_Yên Hoà_Mặt Ngõ Thông_Gần Phố_Tặng Pull Đồ_Sạch Sẽ_Thoáng mát,,"Đường Yên Hoà, Phường Yên Hoà, Quận Cầu Giấy, Hà NộiXem bản đồ","4,3 tỷ - 41 m2"
90 m²,1 phòng,,Đã có sổ,"Nhà ngõ, hẻm",,,40 triệu/m²,,1,,Nhà trống,,ha-noi,"Bán đất tặng nhà Cổ Nhuế DT 90m2, siêu thoáng 2 mặt ngõ, chỉ 3.6 tỷ.",,"Cổ Nhuế, Phường Cổ Nhuế 2, Quận Bắc Từ Liêm, Hà NộiXem bản đồ","3,6 tỷ - 90 m2"
50 m²,4 phòng,5 phòng,Đã có sổ,"Nhà ngõ, hẻm",,,100 triệu/m²,,6,,Nội thất đầy đủ,,ha-noi,"BÁN NHÀ BA ĐÌNH, DÂN XÂY CHẮC CHẮN, GẦN PHỐ, 50M2, CHỈ CÓ 5 TỶ.",,"Phố Vĩnh Phúc, Phường Vĩnh Phúc, Quận Ba Đình, Hà NộiXem bản đồ",5 tỷ - 50 m2
50 m²,2 phòng,,Đã có sổ,"Nhà ngõ, hẻm",,50 m²,176 triệu/m²,,4,,,,ha-noi,KHU PHÂN LÔ - TAM TRINH HOÀNG MAI HÀ NỘI,,"Đường Tam Trinh, Phường Mai Động, Quận Hoàng Mai, Hà NộiXem bản đồ","8,8 tỷ - 50 m2"
50 m²,4 phòng,5 phòng,Đã có sổ,"Nhà ngõ, hẻm",,,100 triệu/m²,,6,,Nội thất đầy đủ,,ha-noi,"BÁN NHÀ BA ĐÌNH, NHÀ ĐẸP Ở NGAY, NGÕ RỘNG, GẦN PHỐ, 50M2, NHỈNH 5 TỶ.",,"Phố Vĩnh Phúc, Phường Vĩnh Phúc, Quận Ba Đình, Hà NộiXem bản đồ",5 tỷ - 50 m2
45 m²,4 phòng,5 phòng,Đã có sổ,"Nhà ngõ, hẻm",,,"111,11 triệu/m²",,5,,Nội thất đầy đủ,,ha-noi,"Bán nhà Đội Cấn, 30m ra phố, dân xây mới cứng, 45m2, nhỉnh 5 tỷ.",,"Ngõ 279 Phố Đội Cấn, Phường Liễu Giai, Quận Ba Đình, Hà NộiXem bản đồ",5 tỷ - 45 m2
78 m²,4 phòng,,Đã có sổ,"Nhà ngõ, hẻm",5.5 m,,"80,77 triệu/m²",,4,,Nội thất đầy đủ,,ha-noi,"HOT! PHÂN LÔ KĐT ĐẠI KIM, ÔTÔ DỪNG ĐỖ, KD - VP, GẦN HỒ Ở SƯỚNG, 78MX4T",,"Phố Đại Từ, Phường Đại Kim, Quận Hoàng Mai, Hà NộiXem bản đồ","6,3 tỷ - 78 m2"
40 m²,4 phòng,4 phòng,Đã có sổ,"Nhà ngõ, hẻm",,,"212,5 triệu/m²",,5,,Nội thất đầy đủ,,ha-noi,Bán nhà Đội Cấn 40m2 vị trí đẹp oto vào nhà gần oto tránh 8.5 tỷ,,"Đội Cấn, Phường Đội Cấn, Quận Ba Đình, Hà NộiXem bản đồ","8,5 tỷ - 40 m2"
35 m²,3 phòng,,Đã có sổ,"Nhà ngõ, hẻm",3.5 m,,"111,43 triệu/m²",,5,,Nội thất đầy đủ,,ha-noi,💥PHÚ DIỄN- 35m- FULL NỘI THẤT- THOÁNG SÁNG- GẦN OTO- NHÀ MỚI Ở NGAY,,"Đường Trần Cung, Phường Cổ Nhuế 1, Quận Bắc Từ Liêm, Hà NộiXem bản đồ","3,9 tỷ - 35 m2"
40 m²,4 phòng,4 phòng,Đã có sổ,"Nhà ngõ, hẻm",,,"212,5 triệu/m²",,5,,Nội thất đầy đủ,,ha-noi,Bán nhà Đội Cấn 40m2 vị trí đẹp oto vào nhà gần oto tránh 8.5 tỷ,,"Đội Cấn, Phường Đội Cấn, Quận Ba Đình, Hà NộiXem bản đồ","8,5 tỷ - 40 m2"
35 m²,3 phòng,,Đã có sổ,"Nhà ngõ, hẻm",3.5 m,,"111,43 triệu/m²",,5,,Nội thất đầy đủ,,ha-noi,💥PHÚ DIỄN- 35m- FULL NỘI THẤT- THOÁNG SÁNG- GẦN OTO- NHÀ MỚI Ở NGAY,,"Đường Trần Cung, Phường Cổ Nhuế 1, Quận Bắc Từ Liêm, Hà NộiXem bản đồ","3,9 tỷ - 35 m2"
42 m²,4 phòng,,,"Nhà ngõ, hẻm",,,"121,43 triệu/m²",,,,,,ha-noi,"BÁN NHÀ HIẾM CÓ CẦU GIẤY 42M - NGÕ BUÔN BÁN SẦM UẤT .GIÁ 5,1 TỶ",,"Cầu giấy, Phường Dịch Vọng, Quận Cầu Giấy, Hà NộiXem bản đồ","5,1 tỷ - 42 m2"
50 m²,3 phòng,,,"Nhà ngõ, hẻm",,,"11,58 triệu/m²",,,,,,ha-noi,VỊ TRÍ HIẾM - BỒ ĐỀ - 4 TẦNG DÂN XÂY - LONG LANH -Ô TÔ TRÁNH CÁCH- Ở S,,"Bồ Đề, Phường Bồ Đề, Quận Long Biên, Hà NộiXem bản đồ",579 triệu - 50 m2
36 m²,4 phòng,4 phòng,Đã có sổ,"Nhà ngõ, hẻm",,,"70,99 triệu/m²",Tây,5,,,,ha-noi,chính chủ bán nhà làng Hoa Tây Tựu-cuối đường Tây Thăng Long- giá rẻ,,"Đường Tây Tựu, Phường Tây Tựu, Quận Bắc Từ Liêm, Hà NộiXem bản đồ","2,555555555 tỷ - 36 m2"
30 m²,3 phòng,4 phòng,Đã có sổ,"Nhà ngõ, hẻm",,,"85,19 triệu/m²",Tây Bắc,5,,,,ha-noi,chính chủ bán nhà xây đơn lập tại Yên Vĩnh - Kim Chung - mặt ngõ,,"Ngõ 38 Đường Yên Vĩnh, Xã Kim Chung, Huyện Hoài Đức, Hà NộiXem bản đồ","2,555555555 tỷ - 30 m2"
38 m²,2 phòng,3 phòng,Đã có sổ,"Nhà ngõ, hẻm",,38 m²,"112,63 triệu/m²",,4,,,,ha-noi,PHỐ TÂN MAI - NGÕ THÔNG - SÁT CHỢ - 30M RA PHỐ - NHÀ MỚI ĐẸP Ở NGAY. D,,"Phố Tân Mai, Phường Tân Mai, Quận Hoàng Mai, Hà NộiXem bản đồ","4,28 tỷ - 38 m2"
60 m²,4 phòng,,Đã có sổ,"Nhà ngõ, hẻm",7 m,180 m²,45 triệu/m²,,3,,,,ha-noi,"NHÀ MỚI KOONG, Ở LUÔN TẠI PHỐ VÂN TRÌ, VÂN NỘI ĐA",,"Vân Trì, Xã Vân Nội, Huyện Đông Anh, Hà NộiXem bản đồ","2,7 tỷ - 60 m2"
33 m²,4 phòng,3 phòng,Đã có sổ,"Nhà mặt phố, mặt tiền",,,"68,48 triệu/m²",,4,,Nội thất đầy đủ,,ha-noi,"Bán nhà mới xây khu thị trấn đông anh, huyện đông anh, hà nội.",,"Chợ Lắp Ghép, Thị trấn Đông Anh, Huyện Đông Anh, Hà NộiXem bản đồ","2,26 tỷ - 33 m2"
34 m²,4 phòng,3 phòng,Đã có sổ,"Nhà mặt phố, mặt tiền",,,"67,65 triệu/m²",Bắc,4,,,,ha-noi,Bán nhà xây mới khu vực thị trấn Đông Anh huyện Đông Anh.,,"Uy Nỗ, Thị trấn Đông Anh, Huyện Đông Anh, Hà NộiXem bản đồ","2,3 tỷ - 34 m2"
33 m²,4 phòng,4 phòng,Đã có sổ,"Nhà ngõ, hẻm",,,"69,09 triệu/m²",Tây,4,,,,ha-noi,"Bán gấp nhà xây mới thị trấn Đông Anh, Đông Anh, Hà Nội.",,"Chợ Lắp Ghép, Thị trấn Đông Anh, Huyện Đông Anh, Hà NộiXem bản đồ","2,28 tỷ - 33 m2"
40 m²,4 phòng,4 phòng,Đã có sổ,"Nhà ngõ, hẻm",4 m,,"63,75 triệu/m²",,4,,,,ha-noi,"BÁN GẤP HẠ CHÀO 200TR, NHÀ TRUNG TÂM THỊ TRẤN ĐÔNG ANH, NGÕ 8M,",,"Thị Trấn Đông Anh, Thị trấn Đông Anh, Huyện Đông Anh, Hà NộiXem bản đồ","2,55 tỷ - 40 m2"
38 m²,3 phòng,4 phòng,Đã có sổ,"Nhà ngõ, hẻm",,,"118,42 triệu/m²",,5,,Nội thất cao cấp,,ha-noi,"Bán nhà Kim Mã - Giang Văn Minh, 5 tầng x 3 ngủ, sổ vuông, chỉ 4.5 Tỷ",,"Kim Mã, Phường Kim Mã, Quận Ba Đình, Hà NộiXem bản đồ","4,5 tỷ - 38 m2"
28 m²,2 phòng,3 phòng,Đã có sổ,"Nhà ngõ, hẻm",,30 m²,"119,29 triệu/m²",,4,,,,ha-noi,"🔥 PHỐ LÊ THANH NGHỊ - HAI BÀ TRƯNG💥 👉GIÁ 3,34tỷ CÓ THƯƠNG LƯỢNG DT 30",,"Phố Lê Thanh Nghị, Phường Bách Khoa, Quận Hai Bà Trưng, Hà NộiXem bản đồ","3,34 tỷ - 28 m2"
60 m²,4 phòng,,Đã có sổ,"Nhà ngõ, hẻm",4 m,,"180,83 triệu/m²",,4,Hẻm xe hơi,,,ha-noi,KỊCH ĐỘC-CỰC NGON- TIN THẬT- 60M2 PHÂN LÔ- ÔTO- 5 TẦNG HOÀNG QUỐC VIỆT,,"Hoàng Quốc Việt, Phường Nghĩa Đô, Quận Cầu Giấy, Hà NộiXem bản đồ","10,85 tỷ - 60 m2"
35 m²,4 phòng,,Đã có sổ,"Nhà ngõ, hẻm",,,120 triệu/m²,,5,,,,ha-noi,"Có 1-0-2 sổ đỏ Thổ Quan, lô góc mới ở ngay 35M,5T",,"Thổ Quan, Phường Thổ Quan, Quận Đống Đa, Hà NộiXem bản đồ","4,2 tỷ - 35 m2"
85 m²,5 phòng,,Đã có sổ,"Nhà ngõ, hẻm",,,"89,41 triệu/m²",,4,,,,ha-noi,Thật 100% chủ gửi bán căn Xã Đàn ngõ thông dích khủng 85M 4T,,"Xã Đàn, Phường Kim Liên, Quận Đống Đa, Hà NộiXem bản đồ","7,6 tỷ - 85 m2"
171 m²,4 phòng,4 phòng,Đã có sổ,"Nhà ngõ, hẻm",5.3 m,,"25,15 triệu/m²",,,,,32 m,ha-noi,"Ở đâu giá tốt hơn, ~ 200m2, nội thất cao cấp, Tân Minh, Sóc Sơn",,"Khối 1, Khu Dân Cư 418, Xã Tân Minh, Huyện Sóc Sơn, Hà NộiXem bản đồ","4,3 tỷ - 171 m2"
42 m²,3 phòng,,,"Nhà mặt phố, mặt tiền",,,"80,95 triệu/m²",,,,,,ha-noi,🌞🌞 Tổ 9 Mậu lương Kiến Hưng gần ô tô 42m2 xây 4 tầng hơn 3 tỷ,,"Phố Mậu Lương, Phường Kiến Hưng, Quận Hà Đông, Hà NộiXem bản đồ","3,4 tỷ - 42 m2"
147 m²,3 phòng,2 phòng,Đã có sổ,"Nhà ngõ, hẻm",,,"44,22 triệu/m²",,3,,Nhà trống,,ha-noi,BÁN ĐẤT TẶNG NHÀ - DIỆN TÍCH LỚN - MẶT TIỀN RỘNG - ĐT PHÂN LÔ CỰC ĐẸP,,"Phố Mậu Lương, Phường Kiến Hưng, Quận Hà Đông, Hà NộiXem bản đồ","6,5 tỷ - 147 m2"
42 m²,4 phòng,4 phòng,Đã có sổ,"Nhà ngõ, hẻm",,,"123,81 triệu/m²",,5,,Nội thất cao cấp,,ha-noi,NHÀ XUÂN PHƯƠNG - HOÈ THỊ - LÔ GÓC - Ô TÔ VÀO NHÀ - 45m x 5T.,,"Đường Xuân Phương, Phường Xuân Phương, Quận Nam Từ Liêm, Hà NộiXem bản đồ","5,2 tỷ - 42 m2"
52 m²,5 phòng,,Đã có sổ,"Nhà mặt phố, mặt tiền",4 m,,"103,85 triệu/m²",,4,,Nội thất đầy đủ,,ha-noi,"Bán nhà Sát ga Phùng Khoang, ô tô đỗ cửa, 58m- 4 tầng- giá 5 tỷ 4.",,"Đường Trần Phú, Phường Văn Quán, Quận Hà Đông, Hà NộiXem bản đồ","5,4 tỷ - 52 m2"
80 m²,5 phòng,,Đã có sổ,Nhà phố liền kề,5 m,,"187,5 triệu/m²",,,,Nội thất cao cấp,16 m,ha-noi,"Lk Phùng Khoang kinh doanh, ô tô đỗ cửa, 80m - 5T- mt 5m- nhỉnh 15 tỷ.",,"Phùng Khoang., Phường Trung Văn, Quận Nam Từ Liêm, Hà NộiXem bản đồ",15 tỷ - 80 m2
100 m²,4 phòng,4 phòng,Đã có sổ,Nhà phố liền kề,5 m,,159 triệu/m²,,4,,,,ha-noi,Bán nhà Trung Văn kinh doanh- 100m- 4 tầng- mt 5m- giá hơn 15 tỷ.,,"Trung Văn, Phường Trung Văn, Quận Nam Từ Liêm, Hà NộiXem bản đồ","15,9 tỷ - 100 m2"
45 m²,6 phòng,4 phòng,Đã có sổ,"Nhà ngõ, hẻm",,,"133,33 triệu/m²",,5,,Nội thất đầy đủ,,ha-noi,TUYỆT !! Quan Nhân 45mx5T mới đẹp oto ngõ thông KD Hiếm Bán 30m ra phố,,"Quan Nhân, Phường Nhân Chính, Quận Thanh Xuân, Hà NộiXem bản đồ",6 tỷ - 45 m2
45 m²,4 phòng,3 phòng,Đã có sổ,"Nhà ngõ, hẻm",,,"195,33 triệu/m²",Tây Bắc,5,,,,ha-noi,"Bán gấp nhà phố nguyễn sơn. Dt 45M2, 5Tầng 4 ngủ, gara ô tô. ngõ thông",,"Ngách 117/43 Phố Nguyễn Sơn, Phường Gia Thụy, Quận Long Biên, Hà NộiXem bản đồ","8,79 tỷ - 45 m2"
75 m²,4 phòng,4 phòng,Đã có sổ,"Nhà mặt phố, mặt tiền",,,184 triệu/m²,,5,,Nội thất cao cấp,,ha-noi,"Bán nhà mặt phố Văn Quán, phân lô, oto tránh 5 tầng 75m2 13.8 tỷ",,"văn quán, Phường Văn Quán, Quận Hà Đông, Hà NộiXem bản đồ","13,8 tỷ - 75 m2"
74 m²,4 phòng,4 phòng,Đã có sổ,"Nhà mặt phố, mặt tiền",,,"1,8040540541 tỷ/m²",,5,,Nội thất cao cấp,,ha-noi,"Bán nhà phố Nguyễn Trãi, kdoanh, oto tránh 5 tầng 74m2 13.5 tỷ",,"undefined, Phường Nguyễn Trãi, Quận Hà Đông, Hà NộiXem bản đồ","133,5 tỷ - 74 m2"
74 m²,5 phòng,5 phòng,Đã có sổ,"Nhà mặt phố, mặt tiền",,,"182,43 triệu/m²",,5,,Nội thất cao cấp,,ha-noi,"Tôi bán nhà mặt tiên Văn Quán, phân lô, oto tránh 5 tầng 74m2 13.5 tỷ",,"undefined, Phường Văn Quán, Quận Hà Đông, Hà NộiXem bản đồ","13,5 tỷ - 74 m2"
45 m²,3 phòng,3 phòng,Đã có sổ,"Nhà ngõ, hẻm",,,"83,33 triệu/m²",,4,,Nội thất đầy đủ,,ha-noi,"Tôi bán nhà Cự Lộc 45m 4T 30M ra phố kinh doanh tấp nập 3,75 tỷ",,"NGUYỄN TRÃI, Phường Thanh Xuân Bắc, Quận Thanh Xuân, Hà NộiXem bản đồ","3,75 tỷ - 45 m2"
80 m²,4 phòng,4 phòng,Đã có sổ,Nhà phố liền kề,,,"172,5 triệu/m²",,5,,Nội thất cao cấp,,ha-noi,Phùng hưng vỉa hè phân lô ôtô tránh kinh doanh đa dạng 80 5T Hơn 10 tỷ,,"Đường Phùng Hưng, Phường Phúc La, Quận Hà Đông, Hà NộiXem bản đồ","13,8 tỷ - 80 m2"
30 m²,3 phòng,4 phòng,Đã có sổ,"Nhà ngõ, hẻm",,,"172,67 triệu/m²",,5,,Nội thất cao cấp,,ha-noi,"Kỳ diệu! TÔN ĐỨC THẮNG, đẳng cấp lô góc,ngõ thông,nhà đẹp. 30m*5T",,"Phố Tôn Đức Thắng, Phường Hàng Bột, Quận Đống Đa, Hà NộiXem bản đồ","5,18 tỷ - 30 m2"
60 m²,4 phòng,6 phòng,,"Nhà mặt phố, mặt tiền",4.5998 m,240 m²,"116,67 triệu/m²",,4,,,,ha-noi,CC BÁN TRẦN KHÁT CHÂN-OTO ĐỖ CỬA-KD-DT60m2-4 TẦNG-FULL NT-HƠN 7 TỶ.,,"Đường Trần Khát Chân, Phường Thanh Lương, Quận Hai Bà Trưng, Hà NộiXem bản đồ",7 tỷ - 60 m2
60 m²,4 phòng,4 phòng,Đã có sổ,Nhà phố liền kề,,,180 triệu/m²,,6,,Nội thất cao cấp,,ha-noi,Bán nhà GMUDA Hoàng Mai 60m 6T Thang Máy Lô Góc Kinh doanh 10.8tỷ,,"Quốc lộ 1, Phường Yên Sở, Quận Hoàng Mai, Hà NộiXem bản đồ","10,8 tỷ - 60 m2"
40 m²,6 phòng,4 phòng,Đã có sổ,Nhà phố liền kề,,,"182,5 triệu/m²",,5,,Nội thất đầy đủ,,ha-noi,"Tôi bán nhà Trích Sài Văn Cao 40m2, 5T nhà phân lô ô tô vào nhà 7.3 tỷ",,"Phố Trích Sài, Phường Thụy Khuê, Quận Tây Hồ, Hà NộiXem bản đồ","7,3 tỷ - 40 m2"
80 m²,4 phòng,4 phòng,Đã có sổ,Nhà phố liền kề,,,"172,25 triệu/m²",,5,,Nội thất cao cấp,,ha-noi,"Trần Phú phân lô ô tô tránh kinh doanh đa dạng 80 5T 13,78 TỶ CÓ BỚT",,"Đường Trần Phú, Phường Văn Quán, Quận Hà Đông, Hà NộiXem bản đồ","13,78 tỷ - 80 m2"
75 m²,10 phòng,6 phòng,Đã có sổ,"Nhà mặt phố, mặt tiền",,,"266,67 triệu/m²",,6,,Nội thất cao cấp,,ha-noi,"BÁN NHÀ PHỐ QUẦN NGỰA, Ô TÔ TRÁNH, THANG MÁY, NỞ HÂU, 75M2 NHỈNH 20 TỶ",,"Khu Phân Lô Quần Ngựa, Phường Liễu Giai, Quận Ba Đình, Hà NộiXem bản đồ",20 tỷ - 75 m2
46 m²,4 phòng,3 phòng,,"Nhà ngõ, hẻm",,,"102,17 triệu/m²",,4,,,,ha-noi,Bán Nhà Ngọc Hà 46M2-Giá 4.7 Tỷ-Ngõ Thông -30M Ra Ô Tô -2 Thoáng,,"Phố Ngọc Hà, Phường Ngọc Hà, Quận Ba Đình, Hà NộiXem bản đồ","4,7 tỷ - 46 m2"
170 m²,5 phòng,4 phòng,Đã có sổ,Nhà biệt thự,,,100 triệu/m²,,34,,Nội thất đầy đủ,,ha-noi,"Bán biệt thự Vạn Phúc vỉa hè, kinh doanh, ôtô tránh 4T 170m2 17. tỷ",,"Đường Vạn Phúc, Phường Vạn Phúc, Quận Hà Đông, Hà NộiXem bản đồ",17 tỷ - 170 m2
40 m²,4 phòng,,,"Nhà ngõ, hẻm",5 m,,130 triệu/m²,,5,,Nội thất cao cấp,8 m,ha-noi,BÁN NHÀ ĐỐNG ĐA 40m MẶT TIỀN RỘNG 2 THOÁNG GẦN PHỐ NHÀ ĐẸP TIỆN ÍCH,,"Phố Láng Hạ, Phường Láng Hạ, Quận Đống Đa, Hà NộiXem bản đồ","5,2 tỷ - 40 m2"
