Diện tích đất:,Số phòng ngủ:,Số phòng vệ sinh:,Giấy tờ pháp lý:,Loại hình nhà ở:,Chiều ngang:,Diện tích sử dụng:,Giá/m2:,Hướng cửa chính:,Tổng số tầng:,Đặc điểm nhà/đất:,Tình trạng nội thất:,Chiều dài:,Location,Name,URL,District,Price
40 m²,3 phòng,4 phòng,Đã có sổ,"Nhà ngõ, hẻm",5 m,,"137,5 triệu/m²",,4,,,,ha-noi,Bán nhà Ngõ 252 Phố Tây Sơn quận Đống Đa.Nhà siêu đẹp 5M ra ô tô ra P,,"Phố Tây Sơn, Phường Quang Trung, Quận Đống Đa, Hà NộiXem bản đồ","5,5 tỷ - 40 m2"
36 m²,3 phòng,4 phòng,Đã có sổ,"Nhà ngõ, hẻm",,,"149,72 triệu/m²",,6,,Nội thất cao cấp,,ha-noi,"Sắp đẻ rồi! HÀO NAM,đang hoàn thiện,nhõ thông kinh doanh. 36m*6T",,"Phố Hào Nam, Phường Ô Chợ Dừa, Quận Đống Đa, Hà NộiXem bản đồ","5,39 tỷ - 36 m2"
61 m²,4 phòng,,Đã có sổ,"Nhà ngõ, hẻm",,,"90,16 triệu/m²",,5,,Nội thất cao cấp,,ha-noi,"61M 5 TẦNG NGỌC THUỴ LONG BIÊN NHÀ ĐẸP 5,5 TỶ",,"Ngọc Thụy, Phường Ngọc Thụy, Quận Long Biên, Hà NộiXem bản đồ","5,5 tỷ - 61 m2"
50 m²,6 phòng,6 phòng,Đã có sổ,Nhà phố liền kề,,,246 triệu/m²,,7,,Nội thất cao cấp,,ha-noi,"KDT Vạn Phúc 50m mt5m 7tầng thang máy,vỉa hè rộng, Kinh doanh, ở sướng",,"Phố Tố Hữu, Phường Vạn Phúc, Quận Hà Đông, Hà NộiXem bản đồ","12,3 tỷ - 50 m2"
42 m²,4 phòng,,Đã có sổ,"Nhà ngõ, hẻm",,42 m²,"107,14 triệu/m²",,,,,,ha-noi,"BÁN GẤP KIM NGƯU, DIỆN TÍCH RỘNG, NHÀ ĐẸP Ở NGAY 47m x 4T, NHỈNH 4 TỶ",,"Phố Kim Ngưu, Phường Thanh Lương, Quận Hai Bà Trưng, Hà NộiXem bản đồ","4,5 tỷ - 42 m2"
102 m²,5 phòng,5 phòng,Đã có sổ,Nhà phố liền kề,,,"224,51 triệu/m²",,6,,Nội thất đầy đủ,,ha-noi,"Liền kề 102m mt5,2m 6 tầng thang máy tại Galaxy vạn phúc ở sướng, KD",,"Phố Tố Hữu, Phường Vạn Phúc, Quận Hà Đông, Hà NộiXem bản đồ","22,9 tỷ - 102 m2"
23 m²,2 phòng,,Đã có sổ,"Nhà ngõ, hẻm",,,"56,52 triệu/m²",Nam,2,,Nội thất đầy đủ,,ha-noi,"Chỉ 1.5 Tỷ Có Nhà 2.5 Tầng, Đang Kinh Doanh, Khu Sài Đồng, May 10.",,"Phố Vũ Xuân Thiều, Phường Sài Đồng, Quận Long Biên, Hà NộiXem bản đồ","1,3 tỷ - 23 m2"
33 m²,3 phòng,3 phòng,Đã có sổ,"Nhà ngõ, hẻm",,,"74,24 triệu/m²",Tây Bắc,5,,,,ha-noi,"Bán Nhà 4 Tầng Xóm 2 + 4 Đông Dư, Đường Ô tô Sát nhà - Chỉ 2.45 Tỷ.",,"Đường Đông Dư, Xã Đông Dư, Huyện Gia Lâm, Hà NộiXem bản đồ","2,45 tỷ - 33 m2"
39 m²,3 phòng,3 phòng,Đã có sổ,"Nhà ngõ, hẻm",,,"128,21 triệu/m²",Tây Nam,5,,,,ha-noi,"NHÀ THẠCH BÀN DÂN XÂY, LÔ GÓC HAI MẶT NGÕ, Ô TÔ TRÁNH, DỪNG ĐỖ, GẦN HỒ",,"Đường Thạch Bàn, Phường Thạch Bàn, Quận Long Biên, Hà NộiXem bản đồ",5 tỷ - 39 m2
55 m²,4 phòng,3 phòng,Đã có sổ,"Nhà ngõ, hẻm",,,"115,45 triệu/m²",Tây Nam,3,,,,ha-noi,"Bán Nhà Thạch Bàn, Cổ Linh, 55m x 3 Tầng, Đường Ô tô tránh, Kinh doanh",,"Đường Thạch Bàn, Phường Thạch Bàn, Quận Long Biên, Hà NộiXem bản đồ","6,35 tỷ - 55 m2"
32 m²,3 phòng,4 phòng,Đã có sổ,"Nhà ngõ, hẻm",,,75 triệu/m²,Đông Nam,4,,,,ha-noi,Bán Nhà Trung Tâm Phúc Lợi 4 Tầng x 32m - 2.4 Tỷ,,"Đường Phúc Lợi, Phường Phúc Lợi, Quận Long Biên, Hà NộiXem bản đồ","2,4 tỷ - 32 m2"
42 m²,3 phòng,5 phòng,Đã có sổ,"Nhà ngõ, hẻm",,,"154,76 triệu/m²",Đông Nam,7,,,,ha-noi,"Bán Nhà CỔ LINH PHỐ TRẠM - 42m x 6 TẦNG - Ô TÔ - NGÕ THÔNG, THANG MÁY",,"Phố Trạm, Phường Long Biên, Quận Long Biên, Hà NộiXem bản đồ","6,5 tỷ - 42 m2"
31 m²,3 phòng,4 phòng,Đã có sổ,"Nhà ngõ, hẻm",,,"96,77 triệu/m²",Đông Bắc,5,,,,ha-noi,"Bán Nhà Tư Đình 5 Tầng, Full Nội thất, gần cầu chương dương, vĩnh tuy",,"Phố Tư Đình, Phường Long Biên, Quận Long Biên, Hà NộiXem bản đồ",3 tỷ - 31 m2
40 m²,3 phòng,6 phòng,Đã có sổ,"Nhà ngõ, hẻm",,,185 triệu/m²,,6,,Nội thất cao cấp,,ha-noi,BÁN NHÀ LUNG LINH HỒ TÂY – NGÕ Ô TÔ - KINH DOANH- 6 TẦNG 7 TỶ,,"Đường Lạc Long Quân, Phường Nhật Tân, Quận Tây Hồ, Hà NộiXem bản đồ","7,4 tỷ - 40 m2"
65 m²,4 phòng,3 phòng,Đã có sổ,"Nhà ngõ, hẻm",,,"91,54 triệu/m²",,4,,Nội thất cao cấp,,ha-noi,"THANH KHOẢN GẤP NHÀ ĐỘI CẤN BA ĐÌNH 65M2, FULL NỘI THẤT XỊN GIÁ- 5,9TY",,"ĐỘI CẤN, Phường Đội Cấn, Quận Ba Đình, Hà NộiXem bản đồ","5,95 tỷ - 65 m2"
48 m²,4 phòng,,,"Nhà ngõ, hẻm",4 m,48 m²,125 triệu/m²,,4,Hẻm xe hơi,,,ha-noi,💥💥 NHÀ HIẾM KIM GIANG - NGÕ THÔNG Ô TÔ TRÁNH - 48M2-MT 4m 💥💥,,"kim giang, Xã Thanh Liệt, Huyện Thanh Trì, Hà NộiXem bản đồ",6 tỷ - 48 m2
39 m²,4 phòng,,Đã có sổ,"Nhà ngõ, hẻm",,,100 triệu/m²,,,,,,ha-noi,SIÊU HIẾM NHÀ MỚI ĐẸP Ở LUÔN - NGÕ THÔNG CÁC NGẢ - TIỆN ÍCH BẠT NGÀN,,"kim giang, Xã Thanh Liệt, Huyện Thanh Trì, Hà NộiXem bản đồ","3,9 tỷ - 39 m2"
58 m²,6 phòng,,,"Nhà mặt phố, mặt tiền",,,"272,41 triệu/m²",,8,,,,ha-noi,BÁN NHÀ PHỐ CẦU GIẤY 58M OTO- THANG MÁY-KINH DOANH MẠNH NHỈNH 15 TỶ,,"Cầu Giấy, Phường Nghĩa Tân, Quận Cầu Giấy, Hà NộiXem bản đồ","15,8 tỷ - 58 m2"
70 m²,5 phòng,,,"Nhà mặt phố, mặt tiền",,74 m²,"328,57 triệu/m²",,,,,,ha-noi,"Chính chủ bán toà Văn Phòng -Cầu Giấy. 74m- 7 tầng-Mt 5,1m. Giá 23 Tỉ.",,"Trung Kính, Phường Yên Hoà, Quận Cầu Giấy, Hà NộiXem bản đồ",23 tỷ - 70 m2
43 m²,4 phòng,3 phòng,Đã có sổ,"Nhà ngõ, hẻm",,,"54,65 triệu/m²",,4,,Nhà trống,,ha-noi,NHÀ LŨNG KIN,,"Ngõ 42 Đường Lũng Kinh, Xã Đức Giang, Huyện Hoài Đức, Hà NộiXem bản đồ","2,35 tỷ - 43 m2"
43 m²,4 phòng,3 phòng,Đã có sổ,"Nhà ngõ, hẻm",,,"54,65 triệu/m²",,4,,Nhà trống,,ha-noi,NHÀ LŨNG KIN,,"Ngõ 42 Đường Lũng Kinh, Xã Đức Giang, Huyện Hoài Đức, Hà NộiXem bản đồ","2,35 tỷ - 43 m2"
32 m²,3 phòng,3 phòng,Đã có sổ,"Nhà ngõ, hẻm",,,"76,56 triệu/m²",Tây Nam,5,,,,ha-noi,BÁN NHÀ 5TẦNG 32m - GẦN TRỤC CHÍNH TÂY TỰU - 2.45tỷ,,"Đường Tây Tựu, Phường Tây Tựu, Quận Bắc Từ Liêm, Hà NộiXem bản đồ","2,45 tỷ - 32 m2"
43 m²,6 phòng,6 phòng,Đã có sổ,"Nhà ngõ, hẻm",,,"92,79 triệu/m²",Tây Nam,5,,,,ha-noi,"DÒNG TIỀN TAM TRINH - 6 NGỦ - 44M - NGÕ THÔNG - GẦN PHỐ, TIME CITY.",,"243 Tam Trinh, Phường Lĩnh Nam, Quận Hoàng Mai, Hà NộiXem bản đồ","3,99 tỷ - 43 m2"
34 m²,3 phòng,3 phòng,Đã có sổ,"Nhà mặt phố, mặt tiền",,,"82,35 triệu/m²",,4,,Nội thất cao cấp,,ha-noi,DI TRẠCH - 4TẦNG XÂY MỚI GIÁ ƯU ĐÃI,,"Đường Di Trạch, Xã Di Trạch, Huyện Hoài Đức, Hà NộiXem bản đồ","2,8 tỷ - 34 m2"
25 m²,3 phòng,3 phòng,Đã có sổ,"Nhà ngõ, hẻm",,,122 triệu/m²,,5,,Nội thất đầy đủ,,ha-noi,Bán nhà ngõ phố Khâm Thiên- Đống Đa- 30m- Nở hậu- Gần phố- Ở ngay,,"Phố Khâm Thiên, Phường Ô Chợ Dừa, Quận Đống Đa, Hà NộiXem bản đồ","3,05 tỷ - 25 m2"
50 m²,5 phòng,5 phòng,Đã có sổ,"Nhà ngõ, hẻm",,,120 triệu/m²,,5,,Nội thất cao cấp,,ha-noi,Bán Nhà Cực Đẹp Phố Hoàng Ngân -Thanh Xuân 50m² x 5T Ngõ Ô Tô Giá 6 Tỷ,,"Hoàng Ngân, Phường Nhân Chính, Quận Thanh Xuân, Hà NộiXem bản đồ",6 tỷ - 50 m2
45 m²,6 phòng,,Đã có sổ,"Nhà ngõ, hẻm",5 m,,110 triệu/m²,,5,,Nội thất cao cấp,,ha-noi,CHỦ NHỜ BÁN GẤP NHÀ BA ĐÌNH 45m NHÀ MỚI ĐẸP NỘI THẤT SANG XỊN MỊN HIẾM,," Đội Cấn, Phường Đội Cấn, Quận Ba Đình, Hà NộiXem bản đồ","4,95 tỷ - 45 m2"
80 m²,6 phòng,,Đã có sổ,"Nhà ngõ, hẻm",,,"193,75 triệu/m²",,,Hẻm xe hơi,,,ha-noi,"Bán nhà 80m2, 5 tầng phố Nguyễn Chí Thanh, Đống Đa, oto, kinh doanh",,"Nguyễn Chí Thanh, Phường Láng Hạ, Quận Đống Đa, Hà NộiXem bản đồ","15,5 tỷ - 80 m2"
59 m²,10 phòng,Nhiều hơn 6 phòng,Đã có sổ,"Nhà ngõ, hẻm",,,"151,69 triệu/m²",,5,,Nội thất cao cấp,,ha-noi,"Nhà 59m2*5T thang máy ngõ thông ô tô 103 Trương Định, Chợ Mơ",,"103, Ngõ 20 Trương Định, Phường Trương Định, Quận Hai Bà Trưng, Hà NộiXem bản đồ","8,95 tỷ - 59 m2"
52 m²,5 phòng,3 phòng,Đã có sổ,"Nhà ngõ, hẻm",,,"92,31 triệu/m²",,4,,Nhà trống,,ha-noi,"DT: 52m2 x 4 TẦNG , OTO ĐỖ SÁT NHÀ TẠI NAM DƯ LĨNH NAM",,"5, Phố Nam Dư, Phường Lĩnh Nam, Quận Hoàng Mai, Hà NộiXem bản đồ","4,8 tỷ - 52 m2"
30 m²,3 phòng,4 phòng,Đã có sổ,"Nhà ngõ, hẻm",,,110 triệu/m²,,5,,Nhà trống,,ha-noi,"Nhà ngõ 126 Nam Dư, 30m, 5t mới xây. Sổ đỏ chính chủ",,"Nam Dư, Phường Lĩnh Nam, Quận Hoàng Mai, Hà NộiXem bản đồ","3,3 tỷ - 30 m2"
45 m²,4 phòng,,Đã có sổ,"Nhà ngõ, hẻm",,,"74,44 triệu/m²",,,,Nội thất đầy đủ,,ha-noi,"Nhà Bán 45M Tứ Hiệp, Cương Ngô Dân Xây, Ngõ Nông, Full NT",,"Cương ngô, Xã Ngũ Hiệp, Huyện Thanh Trì, Hà NộiXem bản đồ","3,35 tỷ - 45 m2"
50 m²,3 phòng,,Đã có sổ,"Nhà ngõ, hẻm",4.8 m,,158 triệu/m²,,4,,Nội thất cao cấp,,ha-noi,Bán Nhà Trần Cung-Ô Tô-Kinh Doanh-Văn Phòng-Nhà Đẹp Ở Ngay-Ô Chờ Thang,,"Trần cung, Phường Cổ Nhuế 1, Quận Bắc Từ Liêm, Hà NộiXem bản đồ","7,9 tỷ - 50 m2"
34 m²,4 phòng,,,"Nhà ngõ, hẻm",,,"97,06 triệu/m²",,,,,,ha-noi,Bán nhà 5 tầng đẹp ở ngay gần vin Tây Mỗ giá rẻ.,,"Đường Tây Mỗ, Phường Tây Mỗ, Quận Nam Từ Liêm, Hà NộiXem bản đồ","3,3 tỷ - 34 m2"
48 m²,4 phòng,,,"Nhà ngõ, hẻm",,48 m²,"108,42 triệu/m²",,,,,,ha-noi,"Nhanh chân còn kịp! Thái Hà, 48m2*5T, Lô Góc, KD, Thông, Thoáng",,"Thái Hà, Phường Trung Liệt, Quận Đống Đa, Hà NộiXem bản đồ","5,204 tỷ - 48 m2"
39 m²,3 phòng,,,"Nhà ngõ, hẻm",,,"103,85 triệu/m²",,,,,,ha-noi,"Quá ngon! Phố Trần Cung, lô góc, ngõ rộng, sát phố, dân xây, 35m2*5T",,"Đường Trần Cung, Phường Cổ Nhuế 1, Quận Bắc Từ Liêm, Hà NộiXem bản đồ","4,05 tỷ - 39 m2"
45 m²,5 phòng,,,"Nhà ngõ, hẻm",,,"116,67 triệu/m²",,,,,,ha-noi,"Xuất sắc! Bán nhà gần Doãn Kế Thiện, lô góc 3 thoáng, Oto, gần phố",,"Nguyễn Khả Trạc, Phường Mai Dịch, Quận Cầu Giấy, Hà NộiXem bản đồ","5,25 tỷ - 45 m2"
35 m²,3 phòng,4 phòng,Đã có sổ,"Nhà ngõ, hẻm",,,"91,14 triệu/m²",,5,,Nội thất cao cấp,,ha-noi,PHỐ NGŨ NHẠC -NHÀ MỚI ĐẸP- GẦN CHỢ -GẦN TRƯỜNG -GẦN ĐƯƠNG Ô TÔ,,"Ngũ Nhạc , Phường Vĩnh Hưng, Quận Hoàng Mai, Hà NộiXem bản đồ","3,19 tỷ - 35 m2"
45 m²,4 phòng,,,"Nhà ngõ, hẻm",,,"116,67 triệu/m²",,,,,,ha-noi,"Chính chủ! Bán nhà gần Doãn Kế Thiện, lô góc, Oto, sát phố, full đồ",,"Phạm Văn Đồng, Phường Mai Dịch, Quận Cầu Giấy, Hà NộiXem bản đồ","5,25 tỷ - 45 m2"
45 m²,9 phòng,,,"Nhà ngõ, hẻm",,,"113,33 triệu/m²",,,,,,ha-noi,"Tin thật! Bán nhà ngõ 68 Cầu Giấy, Lô góc, Oto, KD, sát phố, ở sướng",,"Cầu Giấy, Phường Quan Hoa, Quận Cầu Giấy, Hà NộiXem bản đồ","5,1 tỷ - 45 m2"
40 m²,4 phòng,,,"Nhà ngõ, hẻm",,,"109,75 triệu/m²",,,,,,ha-noi,"Đẹp quá! Hồ Tùng Mậu, lô góc, Oto, ngõ nông, nhà mới đẹp, full đồ, 40m",,"Hồ Tùng Mậu, Phường Mai Dịch, Quận Cầu Giấy, Hà NộiXem bản đồ","4,39 tỷ - 40 m2"
25 m²,2 phòng,3 phòng,Đã có sổ,"Nhà ngõ, hẻm",,,122 triệu/m²,,5,,Nội thất cao cấp,,ha-noi,"BÁN NHÀ ĐỐNG ĐA 30M2 - 5TẦNG - MT4.6M, NỘI THẤT LUNG LINH, Ở ĐƯỢC NGAY",,"Khâm Thiên, Phường Thổ Quan, Quận Đống Đa, Hà NộiXem bản đồ","3,05 tỷ - 25 m2"
45 m²,6 phòng,,Đã có sổ,"Nhà ngõ, hẻm",5 m,,"126,22 triệu/m²",,5,,Nội thất cao cấp,,ha-noi,CHỦ BÁN GẤP NHÀ BA ĐÌNH 45m NHÀ MỚI ĐẸP NỘI THẤT TIỀN TỶ ĐỂ CHO KHÁCH,," Đội Cấn, Phường Đội Cấn, Quận Ba Đình, Hà NộiXem bản đồ","5,68 tỷ - 45 m2"
42 m²,4 phòng,,,"Nhà ngõ, hẻm",,,"115,48 triệu/m²",,,,,,ha-noi,"Siêu rẻ! Bán nhà ngõ 58 Nguyễn Khánh Toàn, sát phố, oto, sổ nở hậu",,"Nguyễn Khánh Toàn, Phường Quan Hoa, Quận Cầu Giấy, Hà NộiXem bản đồ","4,85 tỷ - 42 m2"
41 m²,4 phòng,,Đã có sổ,"Nhà ngõ, hẻm",,,"82,93 triệu/m²",,,,Nội thất đầy đủ,,ha-noi,"Nhà Bán Cương Ngô 41Mx4T Dân Xây, Full NT, Vị trí trung tâm.",,"Cương ngô, Thị trấn Văn Điển, Huyện Thanh Trì, Hà NộiXem bản đồ","3,4 tỷ - 41 m2"
43 m²,6 phòng,,,"Nhà ngõ, hẻm",4 m,,"108,14 triệu/m²",,,,,,ha-noi,"Tin đăng thật! Bán nhà gần Nguyễn Khánh Toàn, sát phố, gần Oto",,"Nguyễn Văn Huyên, Phường Quan Hoa, Quận Cầu Giấy, Hà NộiXem bản đồ","4,65 tỷ - 43 m2"
48 m²,3 phòng,,,"Nhà ngõ, hẻm",,,"97,92 triệu/m²",,,,,,ha-noi,"Tin thật. Bán nhà ngõ 63 Trần Quốc Vượng, ngõ nông, oto gần, full đồ",,"Trần Quốc Vượng, Phường Dịch Vọng Hậu, Quận Cầu Giấy, Hà NộiXem bản đồ","4,7 tỷ - 48 m2"
54 m²,4 phòng,,,"Nhà ngõ, hẻm",,,"109,26 triệu/m²",,,,,,ha-noi,"Tin thật! Bán nhà ngõ 175 Lạc Long Quân, lô góc, oto, full đồ",,"Lạc Long Quân, Phường Nghĩa Đô, Quận Cầu Giấy, Hà NộiXem bản đồ","5,9 tỷ - 54 m2"
40 m²,9 phòng,,Đã có sổ,"Nhà ngõ, hẻm",,,"147,5 triệu/m²",,5,,,,ha-noi,SIÊU HÓT CCMN PHÚ MỸ - MỸ ĐÌNH LÔ GÓC - GẦN PHỐ - 5 TẦNG - 9 NGỦ,,"Đường Phú Mỹ, Phường Mỹ Đình 1, Quận Nam Từ Liêm, Hà NộiXem bản đồ","5,9 tỷ - 40 m2"
42 m²,4 phòng,5 phòng,Đã có sổ,"Nhà ngõ, hẻm",,,"133,33 triệu/m²",,5,,Nội thất đầy đủ,,ha-noi,"BÁN NHÀ - Lê Đức Thọ S= 42m2 - 5 tầng , mặt tiền 5m , Giá 5.6 TỶ",,"Đường Lê Đức Thọ, Phường Mỹ Đình 1, Quận Nam Từ Liêm, Hà NộiXem bản đồ","5,6 tỷ - 42 m2"
42 m²,4 phòng,,Đã có sổ,"Nhà ngõ, hẻm",,,"66,67 triệu/m²",,,Hẻm xe hơi,Nội thất đầy đủ,,ha-noi,"Bán Nhà LK Ngũ Hiệp 42Mx3,5T, Ôtô Đỗ Cửa, 4PN, Đủ Công Năng",,"Vũ Lăng, Xã Tứ Hiệp, Huyện Thanh Trì, Hà NộiXem bản đồ","2,8 tỷ - 42 m2"
30 m²,4 phòng,4 phòng,Đã có sổ,"Nhà ngõ, hẻm",,,160 triệu/m²,Đông Nam,6,,,,ha-noi,"BÁN GẤP NHÀ 6 TẦNG DIỆN TÍCH 30M2 Ở VŨ NGỌC PHAN GIÁ 4,8 TỶ",,"Phố Vũ Ngọc Phan, Phường Láng Hạ, Quận Đống Đa, Hà NộiXem bản đồ","4,8 tỷ - 30 m2"
45 m²,4 phòng,,Đã có sổ,"Nhà ngõ, hẻm",,,"74,44 triệu/m²",,,,Nội thất đầy đủ,,ha-noi,"Nhà Bán Cương Ngô 45Mx4T Dân Xây Mới Koong, Full NT",,"Cương Ngô, Xã Tứ Hiệp, Huyện Thanh Trì, Hà NộiXem bản đồ","3,35 tỷ - 45 m2"
33 m²,3 phòng,,,"Nhà ngõ, hẻm",,,"121,21 triệu/m²",,,,,,ha-noi,"Bán nhà ngõ thông phố Phú Xá, có giếng trời như một khu vườn trên cao",,"Phố Phú Gia, Phường Phú Thượng, Quận Tây Hồ, Hà NộiXem bản đồ",4 tỷ - 33 m2
38 m²,4 phòng,4 phòng,Đã có sổ,"Nhà ngõ, hẻm",,,"115,79 triệu/m²",,5,,Nhà trống,,ha-noi,"Bán nhà Trần Cung, 38m 5 tầng, thoáng sáng, 4.4 tỷ",,"Trần Cung, Phường Cổ Nhuế 1, Quận Bắc Từ Liêm, Hà NộiXem bản đồ","4,4 tỷ - 38 m2"
48 m²,5 phòng,5 phòng,Đã có sổ,"Nhà ngõ, hẻm",,,"93,75 triệu/m²",,5,,Nội thất đầy đủ,,ha-noi,BÁN NHÀ TT BA ĐÌNH – 48m2- 4 tỷ 5 - NHÀ DÂN XÂY CHẮC CHẮN,,"Phố Ngọc Hà, Phường Ngọc Hà, Quận Ba Đình, Hà NộiXem bản đồ","4,5 tỷ - 48 m2"
35 m²,4 phòng,4 phòng,Đã có sổ,"Nhà ngõ, hẻm",,,"111,43 triệu/m²",,,,,,ha-noi,"NHÀ ĐẸP ĐÓN TẾT Ở NGAY PHỐ TRẦN BÌNH, DT 35M2, 5T , ĐỦ CÔNG NĂNG",,"trần bình, Phường Mai Dịch, Quận Cầu Giấy, Hà NộiXem bản đồ","3,9 tỷ - 35 m2"
42 m²,4 phòng,,,"Nhà ngõ, hẻm",,,"105,95 triệu/m²",,,,,,ha-noi,"Bán nhà phố Phúc Hoa, Phú Thượng có sân nhỏ cực chill, gần Ciputra",,"Phố Phúc Hoa, Phường Phú Thượng, Quận Tây Hồ, Hà NộiXem bản đồ","4,45 tỷ - 42 m2"
58 m²,6 phòng,,Đã có sổ,"Nhà ngõ, hẻm",,,"127,59 triệu/m²",,,Nở hậu,,,ha-noi,"Nhà đẹp - Mặt ngõ, 10m oto tránh, trung tâm Đống Đa, 58m2 5 tầng 7,4ty",,"Đặng Tiến Đông, Phường Trung Liệt, Quận Đống Đa, Hà NộiXem bản đồ","7,4 tỷ - 58 m2"
25 m²,2 phòng,3 phòng,Đã có sổ,"Nhà ngõ, hẻm",,,122 triệu/m²,,5,,Nội thất đầy đủ,,ha-noi,Siêu phẩm cực hiếm trung Tâm Quận Đống Đa,,"Khâm Thiên, Phường Ô Chợ Dừa, Quận Đống Đa, Hà NộiXem bản đồ","3,05 tỷ - 25 m2"
58 m²,6 phòng,,Đã có sổ,"Nhà ngõ, hẻm",,,"127,59 triệu/m²",,,Nở hậu,,,ha-noi,"Nhà đẹp - Mặt ngõ, 10m oto tránh, trung tâm Đống Đa, 58m2 5 tầng 7,4ty",,"Đặng Tiến Đông, Phường Trung Liệt, Quận Đống Đa, Hà NộiXem bản đồ","7,4 tỷ - 58 m2"
25 m²,2 phòng,3 phòng,Đã có sổ,"Nhà ngõ, hẻm",,,122 triệu/m²,,5,,Nội thất đầy đủ,,ha-noi,Siêu phẩm cực hiếm trung Tâm Quận Đống Đa,,"Khâm Thiên, Phường Ô Chợ Dừa, Quận Đống Đa, Hà NộiXem bản đồ","3,05 tỷ - 25 m2"
40 m²,4 phòng,3 phòng,Đã có sổ,Nhà phố liền kề,,,"112,5 triệu/m²",,4,Nở hậu,,,ha-noi,"Bán nhà Xã Đàn xây mới - sổ đỏ 40m x 4 tầng giá 4,5 tỷ - Gần ô tô",,"Xã Đàn, Phường Thổ Quan, Quận Đống Đa, Hà NộiXem bản đồ","4,5 tỷ - 40 m2"
36 m²,3 phòng,4 phòng,Đã có sổ,"Nhà ngõ, hẻm",,,"149,72 triệu/m²",,5,,Nội thất cao cấp,,ha-noi,"Cực độc! Nhà phố Hào Nam, 50m ra phố, lô góc, ngõ thông, KD, 36m2*5T",,"Phố Hào Nam, Phường Ô Chợ Dừa, Quận Đống Đa, Hà NộiXem bản đồ","5,39 tỷ - 36 m2"
70 m²,5 phòng,,Đã có sổ,Nhà phố liền kề,,270 m²,"228,57 triệu/m²",,,,,,ha-noi,Shophouse đường 52m Đường To nhất TPHN_Hoàn thiện đẹp_Cho thuê ngay,,"Yên Viên, Thị trấn Trâu Quỳ, Huyện Gia Lâm, Hà NộiXem bản đồ",16 tỷ - 70 m2
45 m²,nhiều hơn 10 phòng,Nhiều hơn 6 phòng,Đã có sổ,"Nhà ngõ, hẻm",4.3 m,,"128,89 triệu/m²",,6,,,,ha-noi,"Bán gấp nhà trường chinh, thông tôn thất tùng, 11 phòng cho thuê.",,"Đường Trường Chinh, Phường Khương Thượng, Quận Đống Đa, Hà NộiXem bản đồ","5,8 tỷ - 45 m2"
60 m²,4 phòng,6 phòng,Đã có sổ,"Nhà ngõ, hẻm",,,175 triệu/m²,,7,,Nội thất đầy đủ,,ha-noi,❤️BÁN NHÀ CẦU GIẤY 7T THANG MÁY- Ô TÔ VÀO NHÀ -60M20 GIÁ NHỈNH 12 TỶ❤️,,"hồ tùng mậu, Phường Mai Dịch, Quận Cầu Giấy, Hà NộiXem bản đồ","10,5 tỷ - 60 m2"
40 m²,3 phòng,,Đã có sổ,"Nhà ngõ, hẻm",,,"107,5 triệu/m²",,,Nở hậu,,,ha-noi,Bán nhà siêu đẹp Phố Quan Nhân gần ô tô 40m2 giá 4.3 tỷ,,"Quan Nhân, Phường Nhân Chính, Quận Thanh Xuân, Hà NộiXem bản đồ","4,3 tỷ - 40 m2"
40 m²,4 phòng,3 phòng,Đã có sổ,"Nhà ngõ, hẻm",,,"82,5 triệu/m²",Đông Bắc,4,,,,ha-noi,Chính chủ cần bán nhà riêng Căn GÓC 2 Mặt Tiền vị trí đẹp tại Yên Lũng,,"Bắc Yên Lũng, Xã An Khánh, Huyện Hoài Đức, Hà NộiXem bản đồ","3,3 tỷ - 40 m2"
60 m²,3 phòng,3 phòng,,"Nhà mặt phố, mặt tiền",3.5 m,,"166,67 triệu/m²",,,Hẻm xe hơi,Nội thất đầy đủ,,ha-noi,MẶT PHỐ NGHĨA TÂN- CẦU GIẤY- KINH DOANH ĐỈNH- DT 60M*5 TẦNG. GIÁ 10 TỶ,,"Nghĩa Tân, Phường Nghĩa Tân, Quận Cầu Giấy, Hà NộiXem bản đồ",10 tỷ - 60 m2
40 m²,4 phòng,,Đã có sổ,"Nhà ngõ, hẻm",5 m,,"147,25 triệu/m²",,5,,Nội thất cao cấp,,ha-noi,CHỦ CẦN BÁN GẤP NHÀ TÂY HỒ 40m NHÀ DÂN XÂY MỚI CỰC GẦN Ô TÔ TIỆN ÍCH,,"Lạc Long Quân, Phường Thụy Khuê, Quận Tây Hồ, Hà NộiXem bản đồ","5,89 tỷ - 40 m2"
50 m²,5 phòng,,,"Nhà ngõ, hẻm",,,118 triệu/m²,,,,,,ha-noi,"Nhà Mới Ở Luôn, Lô Góc, Thụy Khuê, Tây Hồ, 50m2 x 5 Tầng.",,"Thụy Khuê, Phường Thụy Khuê, Quận Tây Hồ, Hà NộiXem bản đồ","5,9 tỷ - 50 m2"
45 m²,4 phòng,,,"Nhà ngõ, hẻm",,,"191,11 triệu/m²",,6,,,,ha-noi,Bán nhà phố vĩnh phúc-ba đình 45M ô tô- thang máy giá nhỉnh 8 tỷ,,"Phố Vĩnh Phúc, Phường Vĩnh Phúc, Quận Ba Đình, Hà NộiXem bản đồ","8,6 tỷ - 45 m2"
41 m²,3 phòng,,Đã có sổ,"Nhà mặt phố, mặt tiền",,41 m²,"104,88 triệu/m²",,6,,,,ha-noi,"Bán nhanh nhà dân xây Tư Đình, Long Biên. Đi bộ ra chợ. 41m2 x 6T.",,"Bát Khối, Phường Long Biên, Quận Long Biên, Hà NộiXem bản đồ","4,3 tỷ - 41 m2"
21 m²,3 phòng,4 phòng,Đã có sổ,"Nhà ngõ, hẻm",,,"128,1 triệu/m²",,5,,Nội thất đầy đủ,,ha-noi,"Tôi chính chủ cần bán nhà Văn Chương, ngõ thông, nông, rộng, 5 tầng.",,"Phố Hồ Văn Chương, Phường Văn Chương, Quận Đống Đa, Hà NộiXem bản đồ","2,69 tỷ - 21 m2"
33 m²,3 phòng,4 phòng,Đã có sổ,"Nhà ngõ, hẻm",,,200 triệu/m²,,4,,Nội thất đầy đủ,,ha-noi,"Bán nhà Phạm Hồng Thái, lô góc, 20m ra phố, 6.6 tỷ",,"Phạm Hồng Thái, Phường Nguyễn Trung Trực, Quận Ba Đình, Hà NộiXem bản đồ","6,6 tỷ - 33 m2"
35.4 m²,3 phòng,3 phòng,Đã có sổ,"Nhà ngõ, hẻm",,,"96,05 triệu/m²",Đông Nam,4,,,,ha-noi,chính chủ bán nhà mới 4 tầng ô tô đỗ sát nhà ngõ 12 đường TTO,,"Đường Tả Thanh Oai, Xã Tả Thanh Oai, Huyện Thanh Trì, Hà NộiXem bản đồ","3,4 tỷ - 35.4 m2"
35 m²,3 phòng,,Đã có sổ,"Nhà ngõ, hẻm",,,"108,57 triệu/m²",,5,,Nội thất đầy đủ,,ha-noi,"Bán nhà Hữu Hưng, Tây Mỗ, xây mới, gần phố, ngõ rộng, 35m2, 3.8 tỷ",,"Đường Hữu Hưng, Phường Tây Mỗ, Quận Nam Từ Liêm, Hà NộiXem bản đồ","3,8 tỷ - 35 m2"
37 m²,4 phòng,4 phòng,,"Nhà ngõ, hẻm",,,"134,59 triệu/m²",,5,,Nội thất cao cấp,,ha-noi,"Bán gấp nhà phố Âu Cơ quận Tây Hồ, 37m2 – 5 tầng full nội thất.",,"Đường Âu Cơ, Phường Quảng An, Quận Tây Hồ, Hà NộiXem bản đồ","4,98 tỷ - 37 m2"
90 m²,6 phòng,Nhiều hơn 6 phòng,Đã có sổ,"Nhà mặt phố, mặt tiền",,,"205,56 triệu/m²",Nam,6,,,,ha-noi,"Nhỉnh18 tỷ có ngay nhà 6 tầng, thang máy ,DT 90 m² VIP nhất Long Biên.",,"Nguyễn Văn Cừ, Phường Long Biên, Quận Long Biên, Hà NộiXem bản đồ","18,5 tỷ - 90 m2"
37 m²,4 phòng,4 phòng,,"Nhà ngõ, hẻm",,,"134,59 triệu/m²",,5,,Nội thất cao cấp,,ha-noi,"Bán gấp nhà phố Âu Cơ quận Tây Hồ, 37m2 – 5 tầng full nội thất.",,"Đường Âu Cơ, Phường Quảng An, Quận Tây Hồ, Hà NộiXem bản đồ","4,98 tỷ - 37 m2"
90 m²,6 phòng,Nhiều hơn 6 phòng,Đã có sổ,"Nhà mặt phố, mặt tiền",,,"205,56 triệu/m²",Nam,6,,,,ha-noi,"Nhỉnh18 tỷ có ngay nhà 6 tầng, thang máy ,DT 90 m² VIP nhất Long Biên.",,"Nguyễn Văn Cừ, Phường Long Biên, Quận Long Biên, Hà NộiXem bản đồ","18,5 tỷ - 90 m2"
31 m²,3 phòng,4 phòng,Đã có sổ,"Nhà ngõ, hẻm",,,"145,16 triệu/m²",,5,,Nội thất đầy đủ,,ha-noi,"Bán nhà Nghĩa Tân hơn 4 tỷ, đẹp full nội thất",,"Hoàng Quốc Việt, Phường Nghĩa Tân, Quận Cầu Giấy, Hà NộiXem bản đồ","4,5 tỷ - 31 m2"
36 m²,3 phòng,3 phòng,,"Nhà mặt phố, mặt tiền",3.7 m,,125 triệu/m²,,1,,Nội thất đầy đủ,,ha-noi,"BÁN NHÀ LÊ VĂN LƯƠNG,DÂN XÂY, THOÁNG SÁNG, DIỆN TÍCH 36M2, GIÁ 4TỶ500",,"Lê Văn Lương, Phường Nhân Chính, Quận Thanh Xuân, Hà NộiXem bản đồ","4,5 tỷ - 36 m2"
42 m²,6 phòng,5 phòng,Đã có sổ,"Nhà ngõ, hẻm",,,"164,29 triệu/m²",,5,,Nội thất đầy đủ,,ha-noi,"Bán nhà phân lô Vũ Trọng Khánh, lô góc, 42m 5T, oto tránh, kd, 6.9 tỷ",,"Phố Vũ Trọng Khánh, Phường Mộ Lao, Quận Hà Đông, Hà NộiXem bản đồ","6,9 tỷ - 42 m2"
46 m²,4 phòng,,Đã có sổ,"Nhà ngõ, hẻm",,,"105,65 triệu/m²",,,Nở hậu,,,ha-noi,Bán nhà siêu đẹp Phố Triều Khúc 46m2 giá 4.85 tỷ,,"Triều Khúc, Phường Thanh Xuân Nam, Quận Thanh Xuân, Hà NộiXem bản đồ","4,86 tỷ - 46 m2"
35 m²,3 phòng,4 phòng,Đã có sổ,"Nhà ngõ, hẻm",,,"72,86 triệu/m²",,5,,,,ha-noi,"BÁN NHÀ PHÚC LỢI 35M 5 TẦNG CÓ SÂN ĐỂ XE RỘNG GIÁ 2,55 TỶ",,"Phúc Lợi, Phường Phúc Lợi, Quận Long Biên, Hà NộiXem bản đồ","2,55 tỷ - 35 m2"
60 m²,3 phòng,,Đã có sổ,"Nhà ngõ, hẻm",5 m,,80 triệu/m²,,,,Nhà trống,12 m,ha-noi,"ĐỈNH CỦA ĐỈNH : Bán nhà Tam Trinh , 60m2 , 4,8 tỷ , mặt tiền 4,8m",,"Đường Tam Trinh, Phường Mai Động, Quận Hoàng Mai, Hà NộiXem bản đồ","4,8 tỷ - 60 m2"
50 m²,6 phòng,5 phòng,Đã có sổ,Nhà phố liền kề,,,170 triệu/m²,,6,,Nội thất đầy đủ,,ha-noi,"Bán nhà Dương Nội, đi bộ ra Aeonmall, 6 tầng dân xây, rẻ nhất khu",,"Dương Nội, Phường Dương Nội, Quận Hà Đông, Hà NộiXem bản đồ","8,499999999 tỷ - 50 m2"
41 m²,3 phòng,,,"Nhà ngõ, hẻm",,,"119,51 triệu/m²",,,,,,ha-noi,"Đội Cấn, Lô góc, Thoáng Sáng, Ngõ Thông, Ở Luôn, Dân Trí Cao",,"Đội Cấn, Phường Đội Cấn, Quận Ba Đình, Hà NộiXem bản đồ","4,9 tỷ - 41 m2"
26 m²,2 phòng,3 phòng,Giấy tờ khác,"Nhà ngõ, hẻm",,,"46,15 triệu/m²",Đông Nam,3,,,,ha-noi,Gia đình cần bán căn nhà,,"34, Ngõ 192, Phường Định Công, Quận Hoàng Mai, Hà NộiXem bản đồ","1,2 tỷ - 26 m2"
35 m²,3 phòng,4 phòng,Đã có sổ,"Nhà ngõ, hẻm",,,"141,43 triệu/m²",,5,,Nội thất cao cấp,,ha-noi,"BA ĐÌNH_NGỌC HÀ_NHÀ ĐẸP Ở LUÔN_30 RA Ô TÔ_DT 35M_5T_GIÁ 4,95 TỶ",,"NGỌC HÀ, Phường Ngọc Hà, Quận Ba Đình, Hà NộiXem bản đồ","4,95 tỷ - 35 m2"
65 m²,4 phòng,,Đã có sổ,"Nhà ngõ, hẻm",5 m,,200 triệu/m²,,5,,Nội thất đầy đủ,,ha-noi,💥MẶT NGÕ CẦU GIẤY_65m2x5 tầng-OTO TRÁNH-GARA-20M RA PHỐ-NHỈNH 13 TỶ,,"Lê Văn Lương, Phường Trung Hoà, Quận Cầu Giấy, Hà NộiXem bản đồ",13 tỷ - 65 m2
56 m²,6 phòng,Nhiều hơn 6 phòng,Đã có sổ,"Nhà ngõ, hẻm",,,"148,21 triệu/m²",,5,,Nội thất đầy đủ,,ha-noi,"Bán nhà Hoàng Hoa Thám, ô tô qua nhà, dt 56m, 5 tầng, giá 8.3 tỷ",,"Hoàng Hoa Thám, Phường Thụy Khuê, Quận Tây Hồ, Hà NộiXem bản đồ","8,3 tỷ - 56 m2"
33 m²,3 phòng,4 phòng,Đã có sổ,"Nhà ngõ, hẻm",,,"78,79 triệu/m²",Tây Nam,5,,,,ha-noi,"nhà đơn lập mặt ngõ tại Yên Vĩnh - Kim Chung - 5 tầng - giá 2,x tỷ",,"Ngõ 38 Đường Yên Vĩnh, Xã Kim Chung, Huyện Hoài Đức, Hà NộiXem bản đồ","2,6 tỷ - 33 m2"
46 m²,5 phòng,,Đã có sổ,"Nhà ngõ, hẻm",4.0998 m,,"217,39 triệu/m²",,6,,Nội thất cao cấp,,ha-noi,SIÊU PHẨM MỸ ĐÌNH-46m2x6 tầng- LÔ GÓC- OTO- NHÀ ĐẸP Ở LUÔN- CHỈ 10 TỶ,,"Hàm Nghi, Phường Mỹ Đình 1, Quận Nam Từ Liêm, Hà NộiXem bản đồ",10 tỷ - 46 m2
48 m²,4 phòng,4 phòng,Đã có sổ,"Nhà ngõ, hẻm",,,"143,75 triệu/m²",,4,,Nội thất cao cấp,,ha-noi,"Bán nhà Hào Nam, lô góc, ngõ nông, rộng, dt 48m, giá 6.9 tỷ",,"Hào Nam, Phường Ô Chợ Dừa, Quận Đống Đa, Hà NộiXem bản đồ","6,9 tỷ - 48 m2"
23 m²,3 phòng,4 phòng,Đã có sổ,"Nhà ngõ, hẻm",,,150 triệu/m²,,4,,,,ha-noi,"cần bán nhà ,Hoàng Mai,ô tô đậu cửa,DT 23m,4tầng,giá 3,45 tỷ",,"hoàng mai, Phường Hoàng Văn Thụ, Quận Hoàng Mai, Hà NộiXem bản đồ","3,45 tỷ - 23 m2"
60 m²,5 phòng,,Đã có sổ,"Nhà ngõ, hẻm",,,"166,67 triệu/m²",,5,,,,ha-noi,PHÙNG CHÍ KIÊN- 60m2- PHÂN LÔ OTO- MẶT NGÕ KINH DOANH- NHỈNH 10 TỶ,,"Phùng Chí Kiên, Phường Nghĩa Đô, Quận Cầu Giấy, Hà NộiXem bản đồ",10 tỷ - 60 m2
45 m²,6 phòng,,Đã có sổ,"Nhà ngõ, hẻm",,,"102,22 triệu/m²",,6,,,,ha-noi,"Gần trường Đại Học Hà Nội đường Nguyễn Trãi Thanh Xuân 45m2, 5T,4.6 tỷ",,"nguyễn trãi, Phường Thanh Xuân Bắc, Quận Thanh Xuân, Hà NộiXem bản đồ","4,6 tỷ - 45 m2"
