Diện tích đất:,Số phòng ngủ:,Số phòng vệ sinh:,Giấy tờ pháp lý:,Loại hình nhà ở:,Chiều ngang:,Diện tích sử dụng:,Giá/m2:,Hướng cửa chính:,Tổng số tầng:,Đặc điểm nhà/đất:,Tình trạng nội thất:,Chiều dài:,Location,Name,URL,District,Price
60 m²,4 phòng,,,"Nhà mặt phố, mặt tiền",,,115 triệu/m²,,6,,Nội thất đầy đủ,,ha-noi,"Nhà mặt phố Tô Vĩnh Diện Thanh Xuân,60M*6T,thang máy, full nội thất",,"Tô Vĩnh Diện, Phường Nhân Chính, Quận Thanh Xuân, Hà NộiXem bản đồ","6,9 tỷ - 60 m2"
52 m²,5 phòng,5 phòng,Đã có sổ,"Nhà ngõ, hẻm",,,"144,23 triệu/m²",Đông Nam,7,,,,ha-noi,"Bán nhà lô góc 7 tầng, 52m, mt 4,6m, gara, thang máy xịn, giá hữu nghị",,"phố Trạm, Phường Long Biên, Quận Long Biên, Hà NộiXem bản đồ","7,5 tỷ - 52 m2"
50 m²,4 phòng,5 phòng,Đã có sổ,"Nhà ngõ, hẻm",,,148 triệu/m²,,7,,Nội thất đầy đủ,,ha-noi,Hoàng Quốc Việt 50m2 x 7 Tầng Thang Máy - Gần Phố - 20m Ra Ô Tô,,"Hoàng Quốc Việt, Phường Nghĩa Tân, Quận Cầu Giấy, Hà NộiXem bản đồ","7,4 tỷ - 50 m2"
80 m²,4 phòng,4 phòng,Đã có sổ,"Nhà mặt phố, mặt tiền",,,"193,75 triệu/m²",,3,,Nội thất đầy đủ,,ha-noi,"Bán nhà Phố Lê Văn Hưu, ô tô đỗ cửa, Khu Vip ít nhà bán. 80m giá 15,5t",,"Lê Văn Hưu, Phường Ngô Thì Nhậm, Quận Hai Bà Trưng, Hà NộiXem bản đồ","15,5 tỷ - 80 m2"
25 m²,3 phòng,4 phòng,Đã có sổ,"Nhà ngõ, hẻm",,,130 triệu/m²,Đông Nam,5,,,,ha-noi,"Nhà Kim Giang, nhỏ nhắn, tầm tiền hiếm, 10m ô tô, 5 tầng 3 ngủ, 3.25ty",,"Kim Giang, Xã Thanh Liệt, Huyện Thanh Trì, Hà NộiXem bản đồ","3,25 tỷ - 25 m2"
73 m²,6 phòng,Nhiều hơn 6 phòng,Đã có sổ,"Nhà mặt phố, mặt tiền",,,"205,48 triệu/m²",,4,,Nội thất đầy đủ,,ha-noi,"Liền kề Bắc Linh Đàm, phân lô, kinh doanh ác liệt",,"Linh đàm, Phường Hoàng Liệt, Quận Hoàng Mai, Hà NộiXem bản đồ",15 tỷ - 73 m2
36 m²,3 phòng,4 phòng,Đã có sổ,"Nhà ngõ, hẻm",,,"122,08 triệu/m²",,5,,Nội thất đầy đủ,,ha-noi,"Bán nhà ngõ Gốc Đề: 36m, 5tầng, 5.9m mặt tiền.",,"Ngõ Gốc Đề, Phường Minh Khai, Quận Hai Bà Trưng, Hà NộiXem bản đồ","4,395 tỷ - 36 m2"
60 m²,4 phòng,4 phòng,Đã có sổ,Nhà phố liền kề,,,"196,67 triệu/m²",,4,,Nội thất cao cấp,,ha-noi,"Nhà Phân lô khu quận ủy Hoàng Mai, 60m2, 11.8 tỷ",,"Bùi Huy Bích, Phường Hoàng Liệt, Quận Hoàng Mai, Hà NộiXem bản đồ","11,8 tỷ - 60 m2"
35 m²,3 phòng,,Đã có sổ,"Nhà ngõ, hẻm",,,"102,86 triệu/m²",,5,,,,ha-noi,"Bán nhà Phú Đô 35m 5T nhà mới đẹp, gần ô tô. Giá 3.65 tỷ.",,"Đường Phú Mỹ, Phường Mỹ Đình 2, Quận Nam Từ Liêm, Hà NộiXem bản đồ","3,6 tỷ - 35 m2"
72.5 m²,4 phòng,3 phòng,Đã có sổ,Nhà phố liền kề,,,"122,76 triệu/m²",,4,,Bàn giao thô,,ha-noi,"Nhà Liền kề KDT Hồng Hà, Thịnh Liệt, 72.5m,mt5m, giá 8.9 tỷ",,"Thịnh liệt, Phường Thịnh Liệt, Quận Hoàng Mai, Hà NộiXem bản đồ","8,9 tỷ - 72.5 m2"
43 m²,4 phòng,5 phòng,Đã có sổ,Nhà phố liền kề,,,"125,58 triệu/m²",,5,,Nội thất đầy đủ,,ha-noi,🌟BÁN NHÀ MỚI MỸ ĐÌNH- NGUYỄN HOÀNG ĐÓN TẾT- 43M- 5.4 TỶ DỌN VỀ Ở LUÔN🌟,,"Phố Nguyễn Hoàng, Phường Mỹ Đình 2, Quận Nam Từ Liêm, Hà NộiXem bản đồ","5,4 tỷ - 43 m2"
55 m²,4 phòng,3 phòng,Đã có sổ,Nhà phố liền kề,,,"227,27 triệu/m²",,5,,Nội thất đầy đủ,,ha-noi,"Phân lô Khu đô thị Đại Kim 55m, mt5m, 5tầng, 12.5 tỷ",,"Đại kim, Phường Đại Kim, Quận Hoàng Mai, Hà NộiXem bản đồ","12,5 tỷ - 55 m2"
80 m²,5 phòng,6 phòng,Đã có sổ,Nhà biệt thự,,,"236,25 triệu/m²",,5,,Nội thất cao cấp,,ha-noi,"Biệt thự kiểu pháp, cạnh The Manor Nguyễn Xiển, Đẳng cấp sang trọng",,"Thanh liệt, Xã Thanh Liệt, Huyện Thanh Trì, Hà NộiXem bản đồ","18,9 tỷ - 80 m2"
43 m²,3 phòng,4 phòng,Đã có sổ,"Nhà ngõ, hẻm",,,"94,19 triệu/m²",,5,,Nội thất đầy đủ,,ha-noi,Bán nhà 211 Khương Trung 43m2 - 5 tầng - chỉ 4.05 tỷ có T.L,,"Khương Trung, Phường Khương Trung, Quận Thanh Xuân, Hà NộiXem bản đồ","4,05 tỷ - 43 m2"
39 m²,3 phòng,3 phòng,Đã có sổ,"Nhà ngõ, hẻm",,,"179,48 triệu/m²",,4,,Nội thất đầy đủ,,ha-noi,"HOA HẬU NGUYỄN TRÃI, KINH DOANH,Ô TÔ ĐỖ CỬA - VÀO NHÀ 39M2 - 6.99 TỶ",,"Nguyễn Trãi, Phường Thượng Đình, Quận Thanh Xuân, Hà NộiXem bản đồ","6,9999 tỷ - 39 m2"
61 m²,4 phòng,3 phòng,Đã có sổ,Nhà phố liền kề,,,"180,33 triệu/m²",,4,,Nội thất đầy đủ,,ha-noi,"Nhà Liền kề tổng cục 5 Tân Triều 61m2, 4 tầng, 11 tỷ",,"Yên xá, Xã Tân Triều, Huyện Thanh Trì, Hà NộiXem bản đồ",11 tỷ - 61 m2
65 m²,4 phòng,5 phòng,Đã có sổ,Nhà phố liền kề,,,"130,77 triệu/m²",Đông Nam,5,,,,ha-noi,"Nhà Liền kề Kiến Hưng Hà Đông, 65m, Mt5,5m, 5 tầng, 8.5 tỷ",,"Mậu Lương, Phường Kiến Hưng, Quận Hà Đông, Hà NộiXem bản đồ","8,5 tỷ - 65 m2"
38 m²,2 phòng,,,"Nhà mặt phố, mặt tiền",,38 m²,"118,42 triệu/m²",,,,,,ha-noi,chinh chu Bán đất trung tâm văn quán Hà đông - Oto kinh doanh,,"Đường Trần Phú, Phường Văn Quán, Quận Hà Đông, Hà NộiXem bản đồ","4,5 tỷ - 38 m2"
54 m²,4 phòng,4 phòng,Đang chờ sổ,"Nhà ngõ, hẻm",,,"66,67 triệu/m²",,5,,Nội thất đầy đủ,,ha-noi,"BÁN NHÀ MỸ ĐÌNH 54M X 5T, 6 NGỦ - 3,6 TỈ",,"Đường Mỹ Đình, Phường Mỹ Đình 2, Quận Nam Từ Liêm, Hà NộiXem bản đồ","3,6 tỷ - 54 m2"
43 m²,4 phòng,4 phòng,Đã có sổ,"Nhà ngõ, hẻm",,,"127,91 triệu/m²",,4,,Nội thất cao cấp,,ha-noi,"Bán nhà Nguyễn Hoàng - Mỹ Đình 43m x 4T..Nhà siêu đẹp, vị trí cực hiếm",,"Nguyễn Hoàng, Phường Mỹ Đình 2, Quận Nam Từ Liêm, Hà NộiXem bản đồ","5,5 tỷ - 43 m2"
42 m²,4 phòng,4 phòng,Đã có sổ,"Nhà mặt phố, mặt tiền",3.7999 m,,"307,14 triệu/m²",,4,,,,ha-noi,"Cực hót! Mặt phố Hồ Đắc Di, kinh doanh tấp nập, 42m2, 12,9 tỷ có TL",,"hồ đắc di, Phường Ô Chợ Dừa, Quận Đống Đa, Hà NộiXem bản đồ","12,9 tỷ - 42 m2"
50 m²,3 phòng,3 phòng,Đã có sổ,Nhà phố liền kề,4 m,,140 triệu/m²,,,,Nội thất cao cấp,,ha-noi,"Nhà Liền Kề Hà Đông 50m2, 7 tỷ",,"Mậu lương, Phường Kiến Hưng, Quận Hà Đông, Hà NộiXem bản đồ",7 tỷ - 50 m2
42 m²,3 phòng,4 phòng,,"Nhà ngõ, hẻm",,,"110,71 triệu/m²",,,,Nội thất đầy đủ,,ha-noi,HOÀNG HOA THÁM - 42M2x 5 TẦNG - LÔ GÓC - TẶNG FULL NỘI THẤT 400 TRIỆU,,"Đường Hoàng Hoa Thám, Phường Liễu Giai, Quận Ba Đình, Hà NộiXem bản đồ","4,65 tỷ - 42 m2"
50 m²,4 phòng,,,"Nhà ngõ, hẻm",,,82 triệu/m²,,4,,,,ha-noi,Bán nhà đẹp Vũ Tông Phan Thanh Xuân 50m2x4T MT 3.8m cách ôtô 20m,,"Vũ Tông Phan, Phường Khương Đình, Quận Thanh Xuân, Hà NộiXem bản đồ","4,1 tỷ - 50 m2"
46 m²,5 phòng,Nhiều hơn 6 phòng,,"Nhà mặt phố, mặt tiền",,46 m²,"478,26 triệu/m²",,7,,,,ha-noi,NHƯỢNG SIÊU PHẨM DÒNG TIỀN VÕNG THỊ 46M 7TẦNG THANG MÁY NHỈNH 20 TỶ,,"Võng Thị, Phường Thụy Khuê, Quận Tây Hồ, Hà NộiXem bản đồ",22 tỷ - 46 m2
50 m²,6 phòng,6 phòng,Đã có sổ,Nhà phố liền kề,,,184 triệu/m²,,7,,Nội thất cao cấp,,ha-noi,"Bán nhà Liền Kề Kiến Hưng Hà Đông. 50m2, 7 tầng thông sàn, thang máy",,"Phố Hoàng Công, Phường Kiến Hưng, Quận Hà Đông, Hà NộiXem bản đồ","9,2 tỷ - 50 m2"
32 m²,3 phòng,3 phòng,Đã có sổ,"Nhà ngõ, hẻm",,,"90,63 triệu/m²",Nam,3,,,,ha-noi,nhà Đa Sỹ chỉ 2.9 tỷ- có thương lượng- nhà mới 5 tầng,,"Đường Đa Sỹ, Phường Kiến Hưng, Quận Hà Đông, Hà NộiXem bản đồ","2,9 tỷ - 32 m2"
55 m²,nhiều hơn 10 phòng,,Đã có sổ,"Nhà ngõ, hẻm",,55 m²,"226,91 triệu/m²",,6,,Nội thất đầy đủ,,ha-noi,BÁN CCMN PHỐ DỊCH VỌNG CẦU GIẤY 55M 11 PHÒNG KHÉP KÍN FULL ĐỒ CAO CẤP,,"Hồ Tùng Mậu, Phường Mai Dịch, Quận Cầu Giấy, Hà NộiXem bản đồ","12,48 tỷ - 55 m2"
38 m²,7 phòng,4 phòng,Đã có sổ,"Nhà ngõ, hẻm",5 m,,"144,74 triệu/m²",,,,,7.6999 m,ha-noi,Nhà gần phố Khu vực Mỹ Đình,,"Nguyễn Hoàng, Phường Mỹ Đình 1, Quận Nam Từ Liêm, Hà NộiXem bản đồ","5,5 tỷ - 38 m2"
60 m²,4 phòng,3 phòng,Đã có sổ,Nhà phố liền kề,,,"208,33 triệu/m²",Đông,6,,,,ha-noi,"Bán nhà Liền Kề Linh Đàm 60m2, 5x12m, 5 tầng nổi, 1 hầm. 12,5 tỷ",,"Linh đàm, Phường Hoàng Liệt, Quận Hoàng Mai, Hà NộiXem bản đồ","12,5 tỷ - 60 m2"
32 m²,3 phòng,2 phòng,Đã có sổ,"Nhà ngõ, hẻm",,,"51,56 triệu/m²",Nam,3,,,,ha-noi,Biên Giang- Hà Đông 1.65 tỷ Nhà mới ô tô gần,,"Giang Chính, Phường Biên Giang, Quận Hà Đông, Hà NộiXem bản đồ","1,65 tỷ - 32 m2"
110 m²,4 phòng,3 phòng,Đã có sổ,,,,"120,3 triệu/m²",Đông Nam,4,,,,ha-noi,"bán nhà 4T, MT 5,5m, đường 12m, DT 110m, KD các mặt hàng đỉnh của đỉnh",,"YÊN SƠN, Thị trấn Chúc Sơn, Huyện Chương Mỹ, Hà NộiXem bản đồ","13,233 tỷ - 110 m2"
30 m²,3 phòng,4 phòng,Đã có sổ,"Nhà ngõ, hẻm",,,150 triệu/m²,,6,,Nội thất cao cấp,,ha-noi,"""Nên mua nhà này"" Bán Nhà đẹp Tân Ấp-Ba Đình-DT30/49m-6T-Giá 4.5tỷ",,"Phố Tân Ấp, Phường Phúc Xá, Quận Ba Đình, Hà NộiXem bản đồ","4,5 tỷ - 30 m2"
45 m²,4 phòng,,,"Nhà ngõ, hẻm",,,"87,78 triệu/m²",,4,,,,ha-noi,"Bán nhà Bùi Xương Trạch Thanh Xuân 45m2x4T, mặt tiền 4m, 20m ra ô tô.",,"Bùi Xương Trạch, Phường Khương Đình, Quận Thanh Xuân, Hà NộiXem bản đồ","3,95 tỷ - 45 m2"
42 m²,3 phòng,,,"Nhà ngõ, hẻm",,,"57,14 triệu/m²",,4,,,,ha-noi,Bán nhà đẹp 4 tầng Bùi Xương Trạch Thanh Xuân 42m2 MT 4.7m 30m ra ô tô,,"Bùi Xương Trạch, Phường Khương Đình, Quận Thanh Xuân, Hà NộiXem bản đồ","2,4 tỷ - 42 m2"
45 m²,4 phòng,,,"Nhà ngõ, hẻm",,,"88,89 triệu/m²",,24,,,,ha-noi,"Bán nhà đẹp Khương Trung Thanh Xuân 45m2x5T, ngõ thông, cách ô tô 30m.",,"Khương Trung, Phường Khương Trung, Quận Thanh Xuân, Hà NộiXem bản đồ",4 tỷ - 45 m2
45 m²,3 phòng,,,"Nhà ngõ, hẻm",,,"87,89 triệu/m²",,86,,,,ha-noi,"Bán nhà Kim Giang Hoàng Mai 45m2x4T mặt tiền 3.8m, 30m ra ô tô tránh.",,"Kim Giang, Phường Đại Kim, Quận Hoàng Mai, Hà NộiXem bản đồ","3,955 tỷ - 45 m2"
40 m²,3 phòng,,,"Nhà ngõ, hẻm",,,"97,5 triệu/m²",,5,,,,ha-noi,Bán nhà 5 tầng Vũ Tông Phan Thanh Xuân 40m2 mặt tiền 3.8m 2 mặt thoáng,,"Vũ Tông Phan, Phường Khương Đình, Quận Thanh Xuân, Hà NộiXem bản đồ","3,9 tỷ - 40 m2"
40 m²,3 phòng,,,"Nhà ngõ, hẻm",,,"98,75 triệu/m²",,5,,,,ha-noi,"Bán nhà đẹp Khương Đình Thanh Xuân 40m2, 5 tầng, cách ô tô đúng 20m.",,"Khương Đình, Phường Khương Trung, Quận Thanh Xuân, Hà NộiXem bản đồ","3,95 tỷ - 40 m2"
40 m²,2 phòng,,,"Nhà ngõ, hẻm",,,"98,75 triệu/m²",,4,,,,ha-noi,"Bán nhà đẹp phố Khương Trung Thanh Xuân 40m2, 4T, mt 4.3m, 50m ra ô tô",,"Khương Đình, Phường Khương Trung, Quận Thanh Xuân, Hà NộiXem bản đồ","3,95 tỷ - 40 m2"
54 m²,4 phòng,,Đã có sổ,"Nhà mặt phố, mặt tiền",,54 m²,"462,96 triệu/m²",,,,,,ha-noi,"BÁN NHÀ MẶT PHỐ GIẢNG VÕ, 54M2 × 4 TẦNG, MT 4.5M, 25 TỶ",,"Phố Giảng Võ, Phường Kim Mã, Quận Ba Đình, Hà NộiXem bản đồ",25 tỷ - 54 m2
40 m²,4 phòng,5 phòng,Đã có sổ,"Nhà ngõ, hẻm",,,"147,5 triệu/m²",,6,,Nội thất cao cấp,,ha-noi,"Phân lô Ba Đình 5,9tỷ Nhà Mới 40m2 6TTHANG MÁY 25m oto Đỗ Trước Nhà 3m",,"Kim Mã, Phường Đội Cấn, Quận Ba Đình, Hà NộiXem bản đồ","5,9 tỷ - 40 m2"
40 m²,4 phòng,4 phòng,Đã có sổ,Nhà phố liền kề,,,"156,25 triệu/m²",,5,,Nội thất đầy đủ,,ha-noi,Nguyễn Khoái phân lô 5 tầng gara oto vỉa hè mặt tiền rộng,,"Nguyễn Khoái, Phường Thanh Trì, Quận Hoàng Mai, Hà NộiXem bản đồ","6,25 tỷ - 40 m2"
41 m²,3 phòng,4 phòng,Đã có sổ,"Nhà ngõ, hẻm",,,"95,12 triệu/m²",,5,,,,ha-noi,"Lĩnh Nam, Vĩnh Hưng 5 tầng sân cổng nhà mới đẹp 40m2",,"Lĩnh Nam, Phường Vĩnh Hưng, Quận Hoàng Mai, Hà NộiXem bản đồ","3,9 tỷ - 41 m2"
35 m²,3 phòng,4 phòng,Đã có sổ,"Nhà ngõ, hẻm",,,"136,86 triệu/m²",,5,,Nội thất đầy đủ,,ha-noi,Lĩnh Nam 5 tầng THANG MÁY ngõ 3m nhà LÔ GÓC giá HỢP LÝ,,"Lĩnh Nam, Phường Lĩnh Nam, Quận Hoàng Mai, Hà NộiXem bản đồ","4,79 tỷ - 35 m2"
30 m²,3 phòng,3 phòng,Giấy tờ khác,"Nhà ngõ, hẻm",,,"58,33 triệu/m²",,3,,Nội thất đầy đủ,,ha-noi,Đông Thiên bán nhà 30m2 3 ngủ riêng 3 tầng cầu thang giữa đóng thuế đủ,,"Phố Đông Thiên, Phường Vĩnh Hưng, Quận Hoàng Mai, Hà NộiXem bản đồ","1,75 tỷ - 30 m2"
39 m²,3 phòng,,Đã có sổ,"Nhà mặt phố, mặt tiền",,,"153,85 triệu/m²",,4,,,,ha-noi,"Cần bán ngôi nhà mặt phố Đại Đồng, Vĩnh Hưng, kinh doanh đỉnh",,"Đại Đồng, Phường Thanh Trì, Quận Hoàng Mai, Hà NộiXem bản đồ",6 tỷ - 39 m2
36 m²,3 phòng,4 phòng,Đã có sổ,"Nhà ngõ, hẻm",,,"137,5 triệu/m²",Tây Nam,5,,,,ha-noi,5 tầng mới Hơn 4tỷ ngõ 255 sát phố Lĩnh Nam oto tránh,,"Ngõ 393 Lĩnh Nam, Phường Vĩnh Hưng, Quận Hoàng Mai, Hà NộiXem bản đồ","4,95 tỷ - 36 m2"
50 m²,4 phòng,4 phòng,,"Nhà ngõ, hẻm",,,80 triệu/m²,,,,,,ha-noi,Bán nhà đẹp 2thoáng Khương Đình Thanh Xuân 50m2x4T MT3.8m cách ôtô 20m,,"Khương Đình, Phường Khương Đình, Quận Thanh Xuân, Hà NộiXem bản đồ",4 tỷ - 50 m2
40 m²,4 phòng,,,"Nhà ngõ, hẻm",,,100 triệu/m²,,4,,,,ha-noi,Chỉ 4 tỷ sở hữu nhà dân xây Đại Linh Nam Từ Liêm 40m2 4 tầng 4 ngủ,,"Phố Đại Linh, Phường Trung Văn, Quận Nam Từ Liêm, Hà NộiXem bản đồ",4 tỷ - 40 m2
50 m²,4 phòng,4 phòng,Đã có sổ,"Nhà mặt phố, mặt tiền",,,170 triệu/m²,,4,,Nội thất đầy đủ,,ha-noi,"Phân lô Mỹ Đình 50m2 5 tầng 4 ngủ ô tô tránh, vỉa hè giá 8,5 tỷ",,"Đường Mỹ Đình, Phường Mỹ Đình 2, Quận Nam Từ Liêm, Hà NộiXem bản đồ","8,5 tỷ - 50 m2"
40 m²,4 phòng,3 phòng,Đã có sổ,"Nhà ngõ, hẻm",,,"92,5 triệu/m²",,4,,,,ha-noi,"Bán nhà ngõ phố Phương Canh 40m2 4 tầng giá 3,7 tỷ",,"Đường Phương Canh, Phường Phương Canh, Quận Nam Từ Liêm, Hà NộiXem bản đồ","3,7 tỷ - 40 m2"
45 m²,4 phòng,4 phòng,Đã có sổ,"Nhà ngõ, hẻm",,,"126,67 triệu/m²",,5,,Nội thất cao cấp,,ha-noi,"Nhà Mới Láng Hạ,45m2 5T Chỉ 5,7tỷ_Thoáng Sáng, Gần Phố, Ngõ Thông Rộng",,"Phố Láng Hạ, Phường Giảng Võ, Quận Ba Đình, Hà NộiXem bản đồ","5,7 tỷ - 45 m2"
43 m²,4 phòng,5 phòng,Đã có sổ,"Nhà ngõ, hẻm",,,"126,74 triệu/m²",Đông Nam,4,,,,ha-noi,"BN: ÂU CƠ TÂY HỒ; 47(43)M×4T..MT3,5M.NHỈNH 5 TỶ.",,"Đường Âu Cơ, Phường Tứ Liên, Quận Tây Hồ, Hà NộiXem bản đồ","5,45 tỷ - 43 m2"
42 m²,3 phòng,,,"Nhà ngõ, hẻm",,42 m²,"190,48 triệu/m²",,6,,,,ha-noi,BÁN NHÀ BA ĐÌNH 42M 6T THANG MÁY Ô TÔ 2 ĐẦU NGÕ NÔNG CHỈ NHỈNH 8 TỶ,,"Vĩnh Phúc, Phường Vĩnh Phúc, Quận Ba Đình, Hà NộiXem bản đồ",8 tỷ - 42 m2
36 m²,4 phòng,4 phòng,Đã có sổ,"Nhà ngõ, hẻm",,,"148,61 triệu/m²",,5,,Nội thất cao cấp,,ha-noi,"💥💥NHÀ ĐẸP PHỐ DƯƠNG KHUÊ - NGUYỄN HOÀNG 36M X 5T. DÂN XÂY, OTO 10M",,"Dương Khuê, Phường Mai Dịch, Quận Cầu Giấy, Hà NộiXem bản đồ","5,35 tỷ - 36 m2"
32 m²,4 phòng,4 phòng,Đã có sổ,"Nhà ngõ, hẻm",,,"132,81 triệu/m²",,5,,Nội thất đầy đủ,,ha-noi,Bán Nhà Phú Mỹ - Mỹ Đình 32m x 5T. Hơn 4 tỉ xíu còn thương lượng,,"Đường Mỹ Đình, Phường Mỹ Đình 2, Quận Nam Từ Liêm, Hà NộiXem bản đồ","4,25 tỷ - 32 m2"
58 m²,6 phòng,4 phòng,Đã có sổ,"Nhà ngõ, hẻm",,,"103,45 triệu/m²",,5,,Nội thất cao cấp,,ha-noi,RẺ THẬT !! mặt ngõ Láng Hạ 58mx5T Lô Góc Thoáng 10m ra oto ở và KD 6ty,,"Phố Láng Hạ, Phường Láng Hạ, Quận Đống Đa, Hà NộiXem bản đồ",6 tỷ - 58 m2
36 m²,3 phòng,4 phòng,Đã có sổ,"Nhà mặt phố, mặt tiền",,,125 triệu/m²,Tây Bắc,6,,,,ha-noi,"🏠 NHÀ 6 Tầng 36M-OTO 7 CHỖ-TRƯỜNG CHỢ-AEON CẦU VĨNH TUY 500MGIÁ 4,5TỶ",,"Quốc lộ 1, Phường Thạch Bàn, Quận Long Biên, Hà NộiXem bản đồ","4,5 tỷ - 36 m2"
300 m²,6 phòng,,Đã có sổ,Nhà biệt thự,,,"45,33 triệu/m²",Tây Bắc,,,,,ha-noi,Bán lô biệt thự tại trung tâm huyện Mê Linh,,"xã Đại Thịnh, huyện Mê Linh, Hà Nội, Xã Đại Thịnh, Huyện Mê Linh, Hà NộiXem bản đồ","13,6 tỷ - 300 m2"
109 m²,4 phòng,4 phòng,Đã có sổ,"Nhà mặt phố, mặt tiền",,,"86,24 triệu/m²",Đông Nam,4,,,,ha-noi,"Bán nhà mặt phố nam dư dt109m nhà 4tâng giá 9,4ty sổ đỏ kât két sẵn s",,"Nam Dư, Phường Lĩnh Nam, Quận Hoàng Mai, Hà NộiXem bản đồ","9,4 tỷ - 109 m2"
37 m²,1 phòng,1 phòng,Đã có sổ,"Nhà ngõ, hẻm",,,100 triệu/m²,,2,,,,ha-noi,NHỎ NHƯNG CÓ VÕ - KINH DOANH ĐỈNH CAO - NGÕ THÔNG RỘNG THẲNG - MƯỜI MÉ,,"Nguyễn Khánh Toàn, Phường Nghĩa Đô, Quận Cầu Giấy, Hà NộiXem bản đồ","3,7 tỷ - 37 m2"
30 m²,3 phòng,,,"Nhà ngõ, hẻm",,,"66,67 triệu/m²",,,,,,ha-noi,Ban nha vinh hưng 30m chi 2ty,,"Lĩnh Nam, Phường Lĩnh Nam, Quận Hoàng Mai, Hà NộiXem bản đồ",2 tỷ - 30 m2
60 m²,4 phòng,4 phòng,Đã có sổ,"Nhà mặt phố, mặt tiền",,,"126,67 triệu/m²",,,"Hẻm xe hơi,Nở hậu",Nội thất đầy đủ,,ha-noi,BÁN NHÀ TÔ VĨNH DIỆN PHÂN LÔ QUÂN ĐỘI 60m2 4T NGÕ OTO 2 THOÁNG SÁT PHỐ,,"Tô Vĩnh Diện, Phường Khương Mai, Quận Thanh Xuân, Hà NộiXem bản đồ","7,6 tỷ - 60 m2"
55 m²,6 phòng,6 phòng,Đã có sổ,"Nhà ngõ, hẻm",,,"136,36 triệu/m²",,4,,Nội thất đầy đủ,,ha-noi,"bán nhà 24 ngõ 165 khương thượng , 55m2, miễn TG môi giới",,"Khương Thượng, Phường Khương Thượng, Quận Đống Đa, Hà NộiXem bản đồ","7,5 tỷ - 55 m2"
82 m²,6 phòng,,,"Nhà ngõ, hẻm",,,"95,12 triệu/m²",,4,"Hẻm xe hơi,Nở hậu",,,ha-noi,"Siêu rẻ, Kim Giang, 82m, ngõ oto, 3 thoáng, mở cửa 2 ngõ, kinh doanh.",,"Kim Giang, Phường Đại Kim, Quận Hoàng Mai, Hà NộiXem bản đồ","7,8 tỷ - 82 m2"
176 m²,1 phòng,1 phòng,Đã có sổ,"Nhà ngõ, hẻm",14 m,,"116,48 triệu/m²",,1,,,,ha-noi,"Đất đẹp Khương Trung, 176m2 mặt tiền lớn, sát phố, ngõ thẳng, ô tô qua",,"Khương Trung, Phường Khương Trung, Quận Thanh Xuân, Hà NộiXem bản đồ","20,5 tỷ - 176 m2"
30 m²,3 phòng,4 phòng,Đã có sổ,"Nhà ngõ, hẻm",,,"108,33 triệu/m²",,5,,Nhà trống,,ha-noi,NHÀ ĐẸP PHƯƠNG CANH - NGÕ RỘNG THOÁNG - 30M RA Ô TÔ,,"Phương Canh, Phường Phương Canh, Quận Nam Từ Liêm, Hà NộiXem bản đồ","3,25 tỷ - 30 m2"
39 m²,5 phòng,,Đã có sổ,"Nhà ngõ, hẻm",,160 m²,"138,46 triệu/m²",,5,,Nội thất đầy đủ,,ha-noi,"Nhà mới xây 4 tầng, 5 ngủ, mặt tiền rộng 5m, Gần đường ngõ rộng thoáng",,"Nguyễn Hoàng, Phường Mỹ Đình 1, Quận Nam Từ Liêm, Hà NộiXem bản đồ","5,4 tỷ - 39 m2"
46 m²,6 phòng,4 phòng,Đã có sổ,"Nhà ngõ, hẻm",,,"286,96 triệu/m²",,6,,Nội thất đầy đủ,,ha-noi,"13.2 TỶ - LÊ TRỌNG TẤN - PHÂN LÔ, NGÕ RỘNG OTO TRÁNH.",,"Lê Trọng Tấn, Phường Khương Mai, Quận Thanh Xuân, Hà NộiXem bản đồ","13,2 tỷ - 46 m2"
61 m²,4 phòng,4 phòng,,"Nhà ngõ, hẻm",4 m,,"234,43 triệu/m²",,4,,Nội thất đầy đủ,,ha-noi,14.3 TỶ - LÊ TRỌNG TẤN - NGÕ 2 OTO TRÁNH - GẦN TTTM ARTEMIS.,,"lê trọng tấn, Phường Khương Mai, Quận Thanh Xuân, Hà NộiXem bản đồ","14,3 tỷ - 61 m2"
61 m²,4 phòng,,Đã có sổ,"Nhà mặt phố, mặt tiền",4.1999 m,,"213,11 triệu/m²",,4,,Nội thất đầy đủ,,ha-noi,13 TỶ - MẶT PHỐ TRƯỜNG CHINH - KINH DOANH TẤP NẬP.,,"Trường Chinh, Phường Khương Mai, Quận Thanh Xuân, Hà NộiXem bản đồ",13 tỷ - 61 m2
63 m²,4 phòng,,,"Nhà ngõ, hẻm",4 m,,"233,33 triệu/m²",,4,,Nội thất đầy đủ,16 m,ha-noi,14.7 TỶ - LÊ TRỌNG TẤN - NGÕ PHÂN LÔ OTO TRÁNH - ĐI VÀI BƯỚC RA PHỐ.,,"Lê Trọng Tấn, Phường Khương Mai, Quận Thanh Xuân, Hà NộiXem bản đồ","14,7 tỷ - 63 m2"
30 m²,3 phòng,,,"Nhà ngõ, hẻm",,,90 triệu/m²,,,,,,ha-noi,🔥ĐỐNG ĐA - 30M2x 5 TẦNG - MẶT TIỀN RỘNG - NHỈNH 2 TỶ,,"Ngõ Văn Hương, Phường Hàng Bột, Quận Đống Đa, Hà NộiXem bản đồ","2,7 tỷ - 30 m2"
55 m²,4 phòng,4 phòng,Đã có sổ,"Nhà ngõ, hẻm",,,"90,91 triệu/m²",,5,,Nội thất đầy đủ,,ha-noi,"TÂY HỒ- THỤY KHUÊ 55M2-5TẦNG-4.5MMT-NHỈNH 5 TỶ,LÔ GÓC, DÂN XÂY TỈ MỈ",,"Thụy Khuê, Phường Thụy Khuê, Quận Tây Hồ, Hà NộiXem bản đồ",5 tỷ - 55 m2
38 m²,3 phòng,4 phòng,Đã có sổ,"Nhà ngõ, hẻm",,,"105,26 triệu/m²",,4,,Nội thất đầy đủ,,ha-noi,RẺ QUÁ. TRẦN QUỐC VƯỢNG 38M2-5TẦNG-4M MT-NHỈNH 4 TỶ.NHÀ -Ô TÔ ĐẬU CỔNG,,"Trần Quốc Vượng, Phường Dịch Vọng Hậu, Quận Cầu Giấy, Hà NộiXem bản đồ",4 tỷ - 38 m2
45 m²,3 phòng,4 phòng,Đã có sổ,Nhà phố liền kề,,,"111,11 triệu/m²",,5,,Nội thất đầy đủ,,ha-noi,LẠC LONG QUÂN 45m2x5 tầng-nhỉnh5 tỷ.NHÀ MỚI CỰC ĐẸP -NGÕ THÔNG-20m OTO,,"Lạc Long Quân, Phường Xuân La, Quận Tây Hồ, Hà NộiXem bản đồ",5 tỷ - 45 m2
38 m²,3 phòng,3 phòng,Đã có sổ,"Nhà ngõ, hẻm",,,"105,26 triệu/m²",,5,,Nội thất cao cấp,,ha-noi,"Thụy khuê 38m2 x5 tầng,5,3mmt, giá hơn 4tỷ..Ảnh thật 100%, oto đỗ gần.",,"Thụy Khuê, Phường Thụy Khuê, Quận Tây Hồ, Hà NộiXem bản đồ",4 tỷ - 38 m2
38 m²,5 phòng,4 phòng,Đã có sổ,Nhà phố liền kề,,,"105,26 triệu/m²",,4,,Nội thất đầy đủ,,ha-noi,Siêu phẩm Xuân Đỉnh 37m2 -4 tầng ( 5 ngủ)- giá chỉ hơn 4 tỷ. OTO 10m,,"Xuân Đỉnh, Phường Xuân Đỉnh, Quận Bắc Từ Liêm, Hà NộiXem bản đồ",4 tỷ - 38 m2
45 m²,4 phòng,,,"Nhà ngõ, hẻm",,,"122,22 triệu/m²",,5,,,,ha-noi,ANH QUÂN BÁN NHÀ NGUYỄN HOÀNG 45M- 20M RA PHỐ-MẶT NGÕ NHỈNH 5 TỶ,,"Nguyễn Hoàng, Phường Mỹ Đình 1, Quận Nam Từ Liêm, Hà NộiXem bản đồ","5,5 tỷ - 45 m2"
30 m²,4 phòng,4 phòng,Đã có sổ,"Nhà ngõ, hẻm",,,"76,67 triệu/m²",,5,,Nhà trống,,ha-noi,"BÁN NHÀ 5 TẦNG TẠI X. ĐÔNG LA, HÀNG XÓM KĐT ĐÔ NGHĨA, giá Nhỉnh 2tỷ",,"Trạm Bơm Yên Nghĩa, Xã Đông La, Huyện Hoài Đức, Hà NộiXem bản đồ","2,3 tỷ - 30 m2"
61 m²,4 phòng,,Đã có sổ,"Nhà ngõ, hẻm",5 m,,"122,95 triệu/m²",,4,"Hẻm xe hơi,Nở hậu",,,ha-noi,"Bán nhà Tây Sơn 61m2*4T ngõ oto, 3 thoáng, kinh doanh, nhỉnh 7 tỷ",,"Ngõ 167, Phố Tây Sơn, Phường Quang Trung, Quận Đống Đa, Hà NộiXem bản đồ","7,5 tỷ - 61 m2"
32 m²,3 phòng,,Đã có sổ,"Nhà mặt phố, mặt tiền",,,175 triệu/m²,,,,,,ha-noi,NHÀ ĐẸP NGUYỄN NGỌC VŨ - Ô TÔ ĐỖ CỔNG - THOÁNG TRƯỚC SAU - NHÀ MỚI ĐẸP,,"Nguyễn Ngọc Vũ, Phường Trung Hoà, Quận Cầu Giấy, Hà NộiXem bản đồ","5,6 tỷ - 32 m2"
30 m²,3 phòng,4 phòng,Đã có sổ,"Nhà ngõ, hẻm",,,"133,33 triệu/m²",,5,,Nội thất đầy đủ,,ha-noi,NHÀ MỚI ĐẸP Ở NGAY - LÔ GÓC - NHỎ TIỀN - Ô TÔ TRÁNH 10M -TIỆN ÍCH FULL,,"Đường Đa Sỹ, Phường Kiến Hưng, Quận Hà Đông, Hà NộiXem bản đồ",4 tỷ - 30 m2
60 m²,4 phòng,,Đã có sổ,"Nhà ngõ, hẻm",,,68 triệu/m²,,4,"Hẻm xe hơi,Nở hậu",Nội thất cao cấp,,ha-noi,🌹🌹GIÁ YÊU THƯƠNG!! 4p ra Văn Quán. CĂN GÓC - 30M Ô TÔ ĐỖ NGÀY ĐÊM🚙🚙,,"Phúc La, Phường Văn Quán, Quận Hà Đông, Hà NộiXem bản đồ","4,08 tỷ - 60 m2"
61 m²,3 phòng,,Đã có sổ,"Nhà ngõ, hẻm",,,"75,41 triệu/m²",,3,,,,ha-noi,"Lê Trọng Tấn 61m2, 3T, mt3,7m, 4,6 tỷ",,"Lê Trọng Tấn, Phường Định Công, Quận Hoàng Mai, Hà NộiXem bản đồ","4,6 tỷ - 61 m2"
80 m²,nhiều hơn 10 phòng,Nhiều hơn 6 phòng,Đã có sổ,"Nhà ngõ, hẻm",,,325 triệu/m²,,8,,Nội thất cao cấp,,ha-noi,"BÁN NHÀ TRUNG TÂM QUẬN TÂY HỒ, DT80M2, MT7M, OTO, KD, GIÁ CHỈ 26TỶ",,"Đường Tô Ngọc Vân, Phường Quảng An, Quận Tây Hồ, Hà NộiXem bản đồ",26 tỷ - 80 m2
75 m²,4 phòng,4 phòng,Đã có sổ,"Nhà mặt phố, mặt tiền",,,280 triệu/m²,,4,Hẻm xe hơi,,,ha-noi,"Bán Nhà Đường Mỹ Đình 75m2x4 Tầng,4.5m Mặt Tiền - Kinh Doanh VIP - ÔTô",,"Đường Mỹ Đình, Phường Mỹ Đình 1, Quận Nam Từ Liêm, Hà NộiXem bản đồ",21 tỷ - 75 m2
45 m²,6 phòng,4 phòng,Đã có sổ,"Nhà mặt phố, mặt tiền",,,"131,11 triệu/m²",,5,,Nội thất cao cấp,,ha-noi,"NHÀ MỚI TT CẦU GIẤY, Ô TÔ ĐỖ CỬA, GẦN PHỐ, NỘI THẤT XỊN SÒ, KD TỐT",,"Hoa Bằng, Phường Yên Hoà, Quận Cầu Giấy, Hà NộiXem bản đồ","5,9 tỷ - 45 m2"
35 m²,4 phòng,4 phòng,Đã có sổ,"Nhà ngõ, hẻm",,,"132,86 triệu/m²",,5,,Nội thất đầy đủ,,ha-noi,Bán nhà Ô Chợ Dừa 35m2 nhà đẹp ngõ to rộng sổ đẹp 4.65 tỷ,,"Ô Chợ Dừa, Phường Ô Chợ Dừa, Quận Đống Đa, Hà NộiXem bản đồ","4,65 tỷ - 35 m2"
60 m²,4 phòng,,,"Nhà ngõ, hẻm",,,"126,67 triệu/m²",,,,,,ha-noi,👉👉 Ô TÔ ĐỖ CỬA - 60M2 - 4 TÂNG - NHỈNH 7 TỶ,,"Khuong Trung, Phường Khương Trung, Quận Thanh Xuân, Hà NộiXem bản đồ","7,6 tỷ - 60 m2"
36 m²,3 phòng,4 phòng,Đã có sổ,"Nhà ngõ, hẻm",,,"122,22 triệu/m²",,5,,Nội thất cao cấp,,ha-noi,"BÁN NHÀ 36MX5TẦNG, GẦN PHỐ, Ô TÔ TRÁNH, KINH DOANH, NHỈNH 4 TỶ",,"Ngõ Gốc Đề, Phường Hoàng Văn Thụ, Quận Hoàng Mai, Hà NộiXem bản đồ","4,4 tỷ - 36 m2"
35 m²,4 phòng,3 phòng,Đã có sổ,"Nhà ngõ, hẻm",,140 m²,"151,43 triệu/m²",,,Nở hậu,,,ha-noi,"NHÀ ĐẸP KHƯƠNG TRUNG,.50M RA PHỐ - ĐƯỜNG Ô TÔ,.100M RA HỒ ĐẦM HỒNG .",,"Khương trung, Phường Khương Trung, Quận Thanh Xuân, Hà NộiXem bản đồ","5,3 tỷ - 35 m2"
30 m²,4 phòng,4 phòng,Đã có sổ,"Nhà ngõ, hẻm",,,"78,33 triệu/m²",,5,,Nhà trống,,ha-noi,BÁN NHÀ 5 TẦNG GẦN AOEN MALL - HÀ ĐÔNG. Lh : *** (zalo),,"Hoa Thám, Xã La Phù, Huyện Hoài Đức, Hà NộiXem bản đồ","2,35 tỷ - 30 m2"
32 m²,3 phòng,4 phòng,Đã có sổ,"Nhà ngõ, hẻm",,,"135,94 triệu/m²",,5,,Nội thất đầy đủ,,ha-noi,"Cần bán nhà phân lô ngõ 412 Ngọc Thuỵ, Long Biên: 32m, 5tầng, 3.6m mặt",,"Ngõ 412, Phường Ngọc Thụy, Quận Long Biên, Hà NộiXem bản đồ","4,35 tỷ - 32 m2"
50 m²,5 phòng,5 phòng,Đã có sổ,"Nhà mặt phố, mặt tiền",,,190 triệu/m²,,77,,Nội thất đầy đủ,,ha-noi,"BÁN NHÀ PHỐ KHƯƠNG ĐÌNH, KD TẤP LẬP, 50m, 7T, 9.6 tỷ,Thanh Xuân.",,"001, khương đình, Phường Khương Đình, Quận Thanh Xuân, Hà NộiXem bản đồ","9,5 tỷ - 50 m2"
51 m²,6 phòng,,,"Nhà ngõ, hẻm",6 m,400 m²,"147,06 triệu/m²",,66,,,9 m,ha-noi,"BÁN NHÀ XÂY MỚI GẦN NGÃ TƯ SỞ - THANH XUÂN 52M, 6T, MT 6M, 7,5 TỶ",,"VŨ TÔNG PHAN, Phường Hạ Đình, Quận Thanh Xuân, Hà NộiXem bản đồ","7,5 tỷ - 51 m2"
35 m²,5 phòng,5 phòng,Đã có sổ,"Nhà mặt phố, mặt tiền",,,"254,29 triệu/m²",Tây Nam,7,,,,ha-noi,"BÁN NHÀ HOÀNG VĂN THÁI XÂY MỚi 7 Tầng, 8,9 TY - LÔ GÓC 3, OTO, KD",,"Hoàng VĂN THÁI, Phường Khương Mai, Quận Thanh Xuân, Hà NộiXem bản đồ","8,9 tỷ - 35 m2"
38 m²,4 phòng,4 phòng,Đã có sổ,"Nhà ngõ, hẻm",,,"144,74 triệu/m²",,4,,Nội thất đầy đủ,,ha-noi,BÁN NHÀ MỸ ĐÌNH - DÂN XÂY - THOÁNG SÁNG,,"Nguyễn Hoàng, Phường Mỹ Đình 1, Quận Nam Từ Liêm, Hà NộiXem bản đồ","5,5 tỷ - 38 m2"
18 m²,3 phòng,3 phòng,Giấy tờ khác,"Nhà ngõ, hẻm",,,"91,67 triệu/m²",,4,,Nội thất cao cấp,,ha-noi,"1,65 TỶ NHÀ Y HÌNH TRẦN KHẮC CHÂN 18M 4T GẦN PHỐ",,"TRẦN KHẮC CHÂN, Phường Thanh Nhàn, Quận Hai Bà Trưng, Hà NộiXem bản đồ","1,65 tỷ - 18 m2"
