Diện tích đất:,Số phòng ngủ:,Số phòng vệ sinh:,Giấy tờ pháp lý:,Loại hình nhà ở:,Chiều ngang:,Diện tích sử dụng:,Giá/m2:,Hướng cửa chính:,Tổng số tầng:,Đặc điểm nhà/đất:,Tình trạng nội thất:,Chiều dài:,Location,Name,URL,District,Price
48 m²,5 phòng,,,"Nhà ngõ, hẻm",,,"197,92 triệu/m²",,7,,,,ha-noi,"GIANG VĂN MINH 48M OTO, KINH DOANH SẦM UẤT,THANG MÁY GIÁ NHỈNH 9 TỶ",,"Giang Văn Minh, Phường Giảng Võ, Quận Ba Đình, Hà NộiXem bản đồ","9,5 tỷ - 48 m2"
35 m²,6 phòng,4 phòng,Đã có sổ,"Nhà ngõ, hẻm",,,"161,43 triệu/m²",,6,"Hẻm xe hơi,Nở hậu",,,ha-noi,"Gia đình bán nhà phố Hoa Bằng, oto ba gác đỗ cửa 35m 6T 5.65 Tỷ",,"Hoa Bằng, Phường Yên Hoà, Quận Cầu Giấy, Hà NộiXem bản đồ","5,65 tỷ - 35 m2"
42 m²,4 phòng,,Đã có sổ,"Nhà mặt phố, mặt tiền",4 m,,"128,57 triệu/m²",,5,,Nội thất cao cấp,,ha-noi,Gia Đình cần bán nhà phố Ô CHỢ DỪA HỒ ĐẮC DI ngõ ôTô đỗ cửa 4T 42m2,,"ô chợ dừa, Phường Ô Chợ Dừa, Quận Đống Đa, Hà NộiXem bản đồ","5,4 tỷ - 42 m2"
46 m²,4 phòng,,Đã có sổ,"Nhà ngõ, hẻm",,46 m²,"101,09 triệu/m²",,5,,,,ha-noi,"Bán nhà Dương Quảng Hàm, oto tránh, gần oto, vị trí đẹp, 46m2*5T",,"Dương Quảng Hàm, Phường Quan Hoa, Quận Cầu Giấy, Hà NộiXem bản đồ","4,65 tỷ - 46 m2"
63 m²,6 phòng,5 phòng,Đã có sổ,"Nhà mặt phố, mặt tiền",,,"152,38 triệu/m²",,6,,Nội thất cao cấp,,ha-noi,Tôi cần bán LK phố MINH KHAI 63m2 THANG MÁY ôTô tránh vỉa hè 9.6 tỷ,,"Phố Minh Khai, Phường Minh Khai, Quận Hai Bà Trưng, Hà NộiXem bản đồ","9,6 tỷ - 63 m2"
50 m²,4 phòng,4 phòng,Đã có sổ,"Nhà mặt phố, mặt tiền",,,"79,4 triệu/m²",,4,,Nội thất đầy đủ,,ha-noi,Gia Đình cần bán nhà phố LÁNG HẠ ngõ ôTô 7 chỗ đỗ cửa 4T 50m2,,"Đường Láng, Phường Láng Hạ, Quận Đống Đa, Hà NộiXem bản đồ","3,97 tỷ - 50 m2"
49 m²,5 phòng,,Đã có sổ,"Nhà ngõ, hẻm",,,"81,22 triệu/m²",,4,Nở hậu,,,ha-noi,Chính chủ bán nhà phố LÁNG HẠ ngõ ôTô đỗ cửa 3.98 tỷ 4T 49m2,,"Đường Láng, Phường Láng Hạ, Quận Đống Đa, Hà NộiXem bản đồ","3,98 tỷ - 49 m2"
61 m²,8 phòng,,Đã có sổ,"Nhà ngõ, hẻm",,,"106,56 triệu/m²",,5,,,,ha-noi,Chính chủ tôi bán nhà phố Nguyễn Hoàng 8m ra đường ôTô tránh 5 Tầng,,"Phố Nguyễn Hoàng, Phường Mỹ Đình 2, Quận Nam Từ Liêm, Hà NộiXem bản đồ","6,5 tỷ - 61 m2"
40 m²,4 phòng,,Đã có sổ,"Nhà ngõ, hẻm",4 m,,150 triệu/m²,,7,,Nội thất đầy đủ,,ha-noi,Lạc Long Quân 40m2 7T Thang máy- Gần hồ Tây- Giá nhỉnh 6 tỷ,,"Lạc Long Quân, Phường Bưởi, Quận Tây Hồ, Hà NộiXem bản đồ",6 tỷ - 40 m2
35 m²,3 phòng,3 phòng,Đã có sổ,"Nhà ngõ, hẻm",,,"82,86 triệu/m²",Đông Bắc,5,,,,ha-noi,"Nhà 5T*35m2-Phú lãm-HĐ Gần ĐH Đại nam.ngõ thông ô tô đỗ gần Chỉ 2,x tỷ",,"Phố Xốm, Phường Phú Lãm, Quận Hà Đông, Hà NộiXem bản đồ","2,9 tỷ - 35 m2"
40 m²,4 phòng,3 phòng,Đã có sổ,"Nhà ngõ, hẻm",,,"97,5 triệu/m²",Bắc,3,,,,ha-noi,Siêu phẩm Yên Phúc Hà Đông- hiếm có ❤❤❤ HOA HẬU ĐÓN TẾT - CỰC GẦN Ô T,,"Phố Yên Phúc, Phường Phúc La, Quận Hà Đông, Hà NộiXem bản đồ","3,9 tỷ - 40 m2"
48 m²,4 phòng,,,"Nhà ngõ, hẻm",,,"153,75 triệu/m²",,6,,,,ha-noi,"CẮT LỖ BÁN GẤP NHÀ YÊN HOÀ,CẦU GIẤY,OTO ĐỖ CỬA-KINH DOANH GIÁ 7,38 TỶ",,"Yên Hoà, Phường Yên Hoà, Quận Cầu Giấy, Hà NộiXem bản đồ","7,38 tỷ - 48 m2"
125 m²,5 phòng,4 phòng,Đã có sổ,"Nhà mặt phố, mặt tiền",19 m,,"34,4 triệu/m²",,3,,,,ha-noi,"Bán Nhà Biệt Thự Ngọc Thuỵ lô góc 125m giá 4,3 tỉ",,"Ngọc Thụy, Phường Ngọc Thụy, Quận Long Biên, Hà NộiXem bản đồ","4,3 tỷ - 125 m2"
33 m²,3 phòng,3 phòng,Đã có sổ,Nhà phố liền kề,,,"43,94 triệu/m²",,4,,Nhà trống,,ha-noi,"Hàng giá rẻ chỉ 1,45 tỉ đồng tại Phụng Châu",,"Phụng Châu, Phường Biên Giang, Quận Hà Đông, Hà NộiXem bản đồ","1,45 tỷ - 33 m2"
65 m²,4 phòng,,,"Nhà ngõ, hẻm",4 m,,"38,46 triệu/m²",,,,,,ha-noi,BÁN NHÀ 3 TẦNG ĐƯỜNG GIẢI PHÓNG HOÀNG MAI HÀ NỘI Ô TÔ ĐỖ CỬA,,"GIẢI PHÓNG, Phường Thịnh Liệt, Quận Hoàng Mai, Hà NộiXem bản đồ","2,5 tỷ - 65 m2"
55.7 m²,4 phòng,3 phòng,Đã có sổ,Nhà biệt thự,,,"39,5 triệu/m²",,4,,,,ha-noi,"Nhà xây độc lập ngõ thông, ô tô đỗ cửa chỉ 2,2 Tỷ 55.7m2 3 tầng 1 tum",,"đại thành, Xã Đại Thành, Huyện Quốc Oai, Hà NộiXem bản đồ","2,2 tỷ - 55.7 m2"
105 m²,8 phòng,6 phòng,Đã có sổ,"Nhà mặt phố, mặt tiền",,,"323,81 triệu/m²",,5,,Nội thất đầy đủ,,ha-noi,🌺 MẶT NGÕ KD PHẠM TUẤN TÀI - DIỆN TÍCH 105M2 5TANG - MẶT TIỀN 7M 34 TỶ,,"Phạm Tuấn Tài, Phường Nghĩa Tân, Quận Cầu Giấy, Hà NộiXem bản đồ",34 tỷ - 105 m2
75 m²,4 phòng,4 phòng,Đã có sổ,"Nhà mặt phố, mặt tiền",,,"293,33 triệu/m²",,5,,Nội thất cao cấp,,ha-noi,🌺 MẶT PHỐ AN DƯƠNG TÂY HỒ - KD SẦM UẤT - DT: 75M 5 TẦNG 22 TỶ.,,"Phố An Dương, Phường Yên Phụ, Quận Tây Hồ, Hà NộiXem bản đồ",22 tỷ - 75 m2
50 m²,3 phòng,3 phòng,,"Nhà ngõ, hẻm",,200 m²,106 triệu/m²,,4,,Nội thất đầy đủ,,ha-noi,"Bán nhà 4 tầng,tổ 12 Mậu Lương-Kiến Hưng,Hà Đông,nhà ở-50m-4 tầng-5xtỷ",,"Mậu Lương, Phường Biên Giang, Quận Hà Đông, Hà NộiXem bản đồ","5,3 tỷ - 50 m2"
40 m²,3 phòng,3 phòng,Đã có sổ,"Nhà mặt phố, mặt tiền",,,"97,5 triệu/m²",,5,,Nội thất đầy đủ,,ha-noi,"Bán nhà phố TRƯƠNG ĐỊNH. HAI BÀ TRƯNG. CHỈ 3 TỶ HƠN. 40M.5 TẦNG.MT3,5M",,"Trương Định, Phường Trương Định, Quận Hai Bà Trưng, Hà NộiXem bản đồ","3,9 tỷ - 40 m2"
75 m²,4 phòng,4 phòng,Đã có sổ,"Nhà mặt phố, mặt tiền",,,"293,33 triệu/m²",,5,,Nội thất cao cấp,,ha-noi,🌺 MẶT PHỐ AN DƯƠNG TÂY HỒ - KD SẦM UẤT - DT: 75M 5 TẦNG 22 TỶ.,,"Phố An Dương, Phường Yên Phụ, Quận Tây Hồ, Hà NộiXem bản đồ",22 tỷ - 75 m2
50 m²,3 phòng,3 phòng,,"Nhà ngõ, hẻm",,200 m²,106 triệu/m²,,4,,Nội thất đầy đủ,,ha-noi,"Bán nhà 4 tầng,tổ 12 Mậu Lương-Kiến Hưng,Hà Đông,nhà ở-50m-4 tầng-5xtỷ",,"Mậu Lương, Phường Biên Giang, Quận Hà Đông, Hà NộiXem bản đồ","5,3 tỷ - 50 m2"
40 m²,3 phòng,3 phòng,Đã có sổ,"Nhà mặt phố, mặt tiền",,,"97,5 triệu/m²",,5,,Nội thất đầy đủ,,ha-noi,"Bán nhà phố TRƯƠNG ĐỊNH. HAI BÀ TRƯNG. CHỈ 3 TỶ HƠN. 40M.5 TẦNG.MT3,5M",,"Trương Định, Phường Trương Định, Quận Hai Bà Trưng, Hà NộiXem bản đồ","3,9 tỷ - 40 m2"
30 m²,4 phòng,3 phòng,Đã có sổ,"Nhà ngõ, hẻm",,150 m²,140 triệu/m²,,,Nở hậu,,,ha-noi,"4,3 TỶ - 30M x 5 TẦNG - MINH KHAI - NHÀ ĐẸP MỚI LUNG LINH - GẦN PHỐ",,"Phố Minh Khai, Phường Minh Khai, Quận Hai Bà Trưng, Hà NộiXem bản đồ","4,2 tỷ - 30 m2"
60 m²,3 phòng,2 phòng,Đã có sổ,"Nhà ngõ, hẻm",,,"96,67 triệu/m²",Đông Nam,3,,,,ha-noi,"Bán nhà ngõ phố Quan Nhân, diện tích 60m2, xây 3 tầng, 3 ngủ, giá 5tỷ8",,"Quan Nhân, Phường Nhân Chính, Quận Thanh Xuân, Hà NộiXem bản đồ","5,8 tỷ - 60 m2"
38 m²,4 phòng,,Đã có sổ,"Nhà mặt phố, mặt tiền",,,"194,74 triệu/m²",,5,Hẻm xe hơi,,,ha-noi,"Chính chủ cần bán gấp nhà đường Linh Quang, Đống Đa, Hà Nội",,"Linh Quan, Phường Thổ Quan, Quận Đống Đa, Hà NộiXem bản đồ","7,4 tỷ - 38 m2"
40 m²,1 phòng,1 phòng,Giấy tờ khác,"Nhà ngõ, hẻm",,,"48,75 triệu/m²",,1,,,,ha-noi,"THANH ĐÀM NHÀ LÔ GÓC DIỆN TÍCH RỘNG Ô TÔ ĐỖ CỬA 40m/ 1,95 tỷ",,"Thanh Đàm, Phường Thanh Trì, Quận Hoàng Mai, Hà NộiXem bản đồ","1,95 tỷ - 40 m2"
50 m²,3 phòng,3 phòng,Đã có sổ,Nhà biệt thự,,,46 triệu/m²,,4,,Nhà trống,,ha-noi,"Chỉ 2,3 tỷ có ngay nhà Hà Nội diện tích 50m ngõ thông ô tô đỗ cửa",,"đại thành, Xã Đại Thành, Huyện Quốc Oai, Hà NộiXem bản đồ","2,3 tỷ - 50 m2"
30 m²,3 phòng,3 phòng,Đã có sổ,"Nhà ngõ, hẻm",,,"98,33 triệu/m²",,4,,,,ha-noi,CC BÁN GẤP PHỐ ĐẠI ĐỒNG GẦN ĐẠI HỌC KINH DOANH CÔNG NGHỆ - DT 30m2 X 4,,"Phô Thanh Đam, Phường Thanh Trì, Quận Hoàng Mai, Hà NộiXem bản đồ","2,95 tỷ - 30 m2"
50 m²,3 phòng,,Đã có sổ,"Nhà ngõ, hẻm",,,"33,6 triệu/m²",,3,Hẻm xe hơi,Nhà trống,,ha-noi,Nhà 50m2 x 3 tầng - Ôtô vào tận cửa Cách Phố Xốm - Hà Đông chỉ 15 phút,,"Phố Ba La, Phường Phú Lãm, Quận Hà Đông, Hà NộiXem bản đồ","1,68 tỷ - 50 m2"
45 m²,4 phòng,5 phòng,Đã có sổ,"Nhà ngõ, hẻm",,,140 triệu/m²,,6,,Nhà trống,,ha-noi,CHỦ NHỜ BÁN HỘ NHÀ TÂY HỒ45M-6 TẦNG THANG MÁY-40M RA PHỐ-GIÁ NHỈNH 6TỶ,,"12, Lạc Long Quân, Phường Thụy Khuê, Quận Tây Hồ, Hà NộiXem bản đồ","6,3 tỷ - 45 m2"
51 m²,3 phòng,,Đã có sổ,"Nhà ngõ, hẻm",6 m,,"84,31 triệu/m²",,,,,8 m,ha-noi,"CỰC HIẾM : Nhà Lạc Trung , 51m2 ,4,3tỷ , mặt tiền 5,5m , Ngõ thẳng tắp",,"lạc trung, Phường Thanh Lương, Quận Hai Bà Trưng, Hà NộiXem bản đồ","4,3 tỷ - 51 m2"
16 m²,3 phòng,,Đã có sổ,"Nhà ngõ, hẻm",,,"118,13 triệu/m²",,,,Nội thất đầy đủ,,ha-noi,Hiện tại gia đình cần bán lại căn nhà.Phố Tôn Đức Thắng,,"Tôn Đức Thắng, Phường Hàng Bột, Quận Đống Đa, Hà NộiXem bản đồ","1,89 tỷ - 16 m2"
62 m²,3 phòng,2 phòng,Đã có sổ,"Nhà ngõ, hẻm",,,"96,77 triệu/m²",,3,,Nội thất đầy đủ,,ha-noi,"BÁN NHÀ NGÕ PHỐ GIÁP NHẤT, DIỆN TÍCH 62M2, XÂY 3 TẦNG, 6 Tỷ, NGÕ NÔNG",,"Giáp Nhất, Phường Nhân Chính, Quận Thanh Xuân, Hà NộiXem bản đồ",6 tỷ - 62 m2
22 m²,3 phòng,,Đã có sổ,"Nhà ngõ, hẻm",,,"115,91 triệu/m²",,4,,,,ha-noi,Cần Bán Nhà Mặt Ngõ Phố Linh Quang 22m2 X4 Tầng nhà đẹp ở luôn hơn 2tỷ,,"Phố Linh Quang, Phường Khâm Thiên, Quận Đống Đa, Hà NộiXem bản đồ","2,55 tỷ - 22 m2"
39 m²,4 phòng,3 phòng,Đã có sổ,"Nhà ngõ, hẻm",,,"91,03 triệu/m²",,4,,Nội thất đầy đủ,,ha-noi,"Tôi cần bán nhà mặt ngõ khâm thiên 39m2 x4 tầng mới vào ở luôn3,55tỷ",,"Phố Khâm Thiên, Phường Khâm Thiên, Quận Đống Đa, Hà NộiXem bản đồ","3,55 tỷ - 39 m2"
26 m²,3 phòng,3 phòng,,"Nhà ngõ, hẻm",,,125 triệu/m²,,4,,,,ha-noi,Gia đình cần bán nhà mặt ngõ Giáp Nhất 26m2 X4 tầng nhỉnh hơn 3 tỷ.,,"Giáp Nhất, Phường Nhân Chính, Quận Thanh Xuân, Hà NộiXem bản đồ","3,25 tỷ - 26 m2"
32 m²,3 phòng,,,"Nhà ngõ, hẻm",,,"142,19 triệu/m²",,4,,,,ha-noi,Gia Đình Tôi cần bán nhà mặt ngõ Đoàn Thị Điểm 32m2 X4 Tầng nhà đẹp.,,"Đoàn Thị Điểm, Phường Cát Linh, Quận Đống Đa, Hà NộiXem bản đồ","4,55 tỷ - 32 m2"
30 m²,3 phòng,4 phòng,Đã có sổ,"Nhà ngõ, hẻm",,,"103,33 triệu/m²",,5,,,,ha-noi,NHỈNH 3 TỶ NHÀ MỚI PHỐ ĐẠI ĐỒNG-NGUYỄN KHOÁI 30m/5TẦNG/3 NGỦ,,"Đại Đồng, Phường Vĩnh Hưng, Quận Hoàng Mai, Hà NộiXem bản đồ","3,1 tỷ - 30 m2"
48 m²,3 phòng,4 phòng,Đã có sổ,"Nhà ngõ, hẻm",,,75 triệu/m²,,5,,,,ha-noi,"Bán nhà Xuân Phương, 48m2, 5 tầng, ngõ rộng, nhà mới, chỉ 3.6 tỷ",,"Xuân Phương, Phường Tây Mỗ, Quận Nam Từ Liêm, Hà NộiXem bản đồ","3,6 tỷ - 48 m2"
32 m²,3 phòng,,,"Nhà ngõ, hẻm",,,"142,19 triệu/m²",,4,,,,ha-noi,Gia Đình Tôi cần bán nhà mặt ngõ Đoàn Thị Điểm 32m2 X4 Tầng nhà đẹp.,,"Đoàn Thị Điểm, Phường Cát Linh, Quận Đống Đa, Hà NộiXem bản đồ","4,55 tỷ - 32 m2"
30 m²,3 phòng,4 phòng,Đã có sổ,"Nhà ngõ, hẻm",,,"103,33 triệu/m²",,5,,,,ha-noi,NHỈNH 3 TỶ NHÀ MỚI PHỐ ĐẠI ĐỒNG-NGUYỄN KHOÁI 30m/5TẦNG/3 NGỦ,,"Đại Đồng, Phường Vĩnh Hưng, Quận Hoàng Mai, Hà NộiXem bản đồ","3,1 tỷ - 30 m2"
48 m²,3 phòng,4 phòng,Đã có sổ,"Nhà ngõ, hẻm",,,75 triệu/m²,,5,,,,ha-noi,"Bán nhà Xuân Phương, 48m2, 5 tầng, ngõ rộng, nhà mới, chỉ 3.6 tỷ",,"Xuân Phương, Phường Tây Mỗ, Quận Nam Từ Liêm, Hà NộiXem bản đồ","3,6 tỷ - 48 m2"
35 m²,6 phòng,4 phòng,,"Nhà ngõ, hẻm",,,"141,43 triệu/m²",,,,,,ha-noi,Cần bán gấp nhà phố 279 đội cấn,,"Ngõ 279 Phố Đội Cấn, Phường Đội Cấn, Quận Ba Đình, Hà NộiXem bản đồ","4,95 tỷ - 35 m2"
40 m²,3 phòng,4 phòng,,"Nhà ngõ, hẻm",,40 m²,"121,25 triệu/m²",,5,,,,ha-noi,TẦY HỒ - NHÀ MỚI - 40m2x5 tầng chỉ hơn 4 tỷ .,,"Đường Thụy Khuê, Phường Bưởi, Quận Tây Hồ, Hà NộiXem bản đồ","4,85 tỷ - 40 m2"
93 m²,nhiều hơn 10 phòng,Nhiều hơn 6 phòng,Đã có sổ,"Nhà mặt phố, mặt tiền",,,"231,18 triệu/m²",,5,,Nội thất cao cấp,,ha-noi,"Nhà MỚI 5 Tầng, Giá 230tr/m2 (Rẻ hơn cùng khu đã bán 250-290tr/m2)",,"Ngõ Lương Sử C, Phường Văn Chương, Quận Đống Đa, Hà NộiXem bản đồ","21,5 tỷ - 93 m2"
38 m²,4 phòng,,Đã có sổ,"Nhà ngõ, hẻm",,,"105,26 triệu/m²",,,,,,ha-noi,NHÀ MINH KHAI TỪ LIÊN 38M - 4 TẦNG - 4 NGỦ - Ô TÔ ĐỖ CỬA,,"Đường Cầu Diễn, Phường Minh Khai, Quận Bắc Từ Liêm, Hà NộiXem bản đồ",4 tỷ - 38 m2
34 m²,3 phòng,,Đã có sổ,"Nhà ngõ, hẻm",,,"127,94 triệu/m²",,,,,,ha-noi,"Bán nhà phố Cự Lộc, nhà đẹp, ngõ thoáng, gần phố, 34m, 5T chỉ 4.35 tỷ",,"Cự Lộc, Phường Nhân Chính, Quận Thanh Xuân, Hà NộiXem bản đồ","4,35 tỷ - 34 m2"
36 m²,3 phòng,,Đã có sổ,"Nhà ngõ, hẻm",,,"162,5 triệu/m²",,,,,,ha-noi,"Bán nhà phố Đoàn Thị Điểm, nhà đẹp sát phố, 3 mặt thoáng, DT36m2x5T",,"Đoàn Thị Điểm, Phường Hàng Bột, Quận Đống Đa, Hà NộiXem bản đồ","5,85 tỷ - 36 m2"
40 m²,4 phòng,,,"Nhà ngõ, hẻm",,,"87,5 triệu/m²",,,,,,ha-noi,"BÁN NHÀ PHÚ DIỄN MỚI XÂY -SÁT TRƯỜNG ĐẠI HỌC - NGÕ RẤT RỘNG. GIÁ 3,5Tỷ",,"Đường Phú Diễn, Phường Phú Diễn, Quận Bắc Từ Liêm, Hà NộiXem bản đồ","3,5 tỷ - 40 m2"
31 m²,4 phòng,,Đã có sổ,"Nhà ngõ, hẻm",,,"95,16 triệu/m²",,,,,,ha-noi,"Bán nhà 35/31 phố La Dương Hà Đông, ngay ngã tư Lê Trọng Tấn Hữu Hưng",,"Đường Quang Trung, Phường La Khê, Quận Hà Đông, Hà NộiXem bản đồ","2,95 tỷ - 31 m2"
45 m²,6 phòng,Nhiều hơn 6 phòng,,"Nhà mặt phố, mặt tiền",,,"111,11 triệu/m²",,6,,Nội thất đầy đủ,,ha-noi,CC BÁN NHÀ TRẦN KHÁT CHÂN-NGÕ THÔNG-GẦN OTO-DT45m2-6 TẦNG-HƠN 5TỶ,,"Đường Trần Khát Chân, Phường Thanh Lương, Quận Hai Bà Trưng, Hà NộiXem bản đồ",5 tỷ - 45 m2
35 m²,3 phòng,,Đã có sổ,"Nhà ngõ, hẻm",,,90 triệu/m²,,,,,,ha-noi,"Siêu phẩm Tam Trinh, lô góc hiếm có, vành đai 3, ô tô, 35m2*6T mà 3 tỷ",,"Đường Tam Trinh, Phường Yên Sở, Quận Hoàng Mai, Hà NộiXem bản đồ","3,15 tỷ - 35 m2"
60 m²,3 phòng,3 phòng,Đã có sổ,"Nhà ngõ, hẻm",,200 m²,"86,67 triệu/m²",,4,,,,ha-noi,Bán nhà Chính Chủ 13 phố Thiền Quang - Quận Hai Bà Trưng -Hà Nội,,"13, Thiền Quang, Phường Nguyễn Du, Quận Hai Bà Trưng, Hà NộiXem bản đồ","5,2 tỷ - 60 m2"
30 m²,3 phòng,3 phòng,Đã có sổ,"Nhà ngõ, hẻm",,,100 triệu/m²,Tây Bắc,4,,,,ha-noi,Bán nhà ngay chợ Văn Nội ô tô đỗ cửa 30m xây 4 Tầng giá 3 tỷ,,"Nhân TRạch, Phường Phú Lãm, Quận Hà Đông, Hà NộiXem bản đồ",3 tỷ - 30 m2
96 m²,6 phòng,,Đã có sổ,"Nhà mặt phố, mặt tiền",6 m,,"479,17 triệu/m²",,,,Nội thất cao cấp,,ha-noi,"Bán liền kề a10 nam trung yên, bán nhà mặt phố nguyễn chánh cầu giấy",,"68, nguyễn chánh, Phường Yên Hoà, Quận Cầu Giấy, Hà NộiXem bản đồ",46 tỷ - 96 m2
32 m²,3 phòng,,Đã có sổ,"Nhà ngõ, hẻm",,,"117,19 triệu/m²",,5,Hẻm xe hơi,Nội thất đầy đủ,,ha-noi,"Bán nhà Quang Tiến, 32m2, 5 tầng, ngõ nông, 30m oto tránh, chỉ 3.75 tỷ",,"Đường Quang Tiến, Phường Đại Mỗ, Quận Nam Từ Liêm, Hà NộiXem bản đồ","3,75 tỷ - 32 m2"
62 m²,3 phòng,3 phòng,Đã có sổ,"Nhà ngõ, hẻm",,,645.161 đ/m²,,,,Nội thất đầy đủ,,ha-noi,"#CỔ ĐIỂN,CẦN B_Á_N GẤP NHÀ 3TẦNG, 3N, 62M2,NGÕ ÔTÔ THÔNG TỨ HƯỚNG",,"CỔ ĐIỂN, Xã Hải Bối, Huyện Đông Anh, Hà NộiXem bản đồ",40 triệu - 62 m2
32 m²,4 phòng,5 phòng,Đã có sổ,"Nhà ngõ, hẻm",,,"117,19 triệu/m²",,5,,Nội thất đầy đủ,,ha-noi,TRẦN KHÁT CHÂN_LÒ ĐÚC_31M2_5 TẦNG_4 NGỦ_GIÁ 3.75 TỶ,,"Phố Lò Đúc, Phường Phạm Đình Hổ, Quận Hai Bà Trưng, Hà NộiXem bản đồ","3,75 tỷ - 32 m2"
33 m²,3 phòng,,Đang chờ sổ,"Nhà ngõ, hẻm",3.5 m,,"74,24 triệu/m²",,4,,Nhà trống,,ha-noi,Nhà Phú Lương gần KĐT Thanh Hà cách 10m ra đường ô tô 33m2 nhỉnh 2 tỷ,,"Phố Phú Lương, Phường Phú Lãm, Quận Hà Đông, Hà NộiXem bản đồ","2,45 tỷ - 33 m2"
33 m²,3 phòng,,Đang chờ sổ,"Nhà ngõ, hẻm",3.5 m,,"74,24 triệu/m²",,4,,Nhà trống,,ha-noi,Nhà Phú Lương gần KĐT Thanh Hà cách 10m ra đường ô tô 33m2 nhỉnh 2 tỷ,,"Phố Phú Lương, Phường Phú Lãm, Quận Hà Đông, Hà NộiXem bản đồ","2,45 tỷ - 33 m2"
33 m²,4 phòng,4 phòng,Đã có sổ,"Nhà ngõ, hẻm",,,"74,24 triệu/m²",Đông Bắc,4,,,,ha-noi,NHÀ GẦN CÂY XĂNG XỐM FULL NỘI THẤT VỀ Ở LUÔN 2.45 TỶ 33M2 XÂY 4 TẦNG,,"Phố Xốm, Phường Phú Lãm, Quận Hà Đông, Hà NộiXem bản đồ","2,45 tỷ - 33 m2"
30 m²,4 phòng,4 phòng,Đã có sổ,"Nhà ngõ, hẻm",,,"96,67 triệu/m²",Đông Bắc,5,,,,ha-noi,"Nhà Phố Xốm Hà Đông gần đường ô tô mặt ngõ thông 33m2 xây 5 tầng 2,9tỷ",,"Phố Xốm, Phường Phú Lãm, Quận Hà Đông, Hà NộiXem bản đồ","2,9 tỷ - 30 m2"
45 m²,4 phòng,4 phòng,Đã có sổ,"Nhà ngõ, hẻm",,,190 triệu/m²,,6,,Nội thất cao cấp,,ha-noi,"Bán nhà phố Hoàng Hoa Thám_Ba Đình_45M_6 Tầng_Thang máy_Ô Tô_ 8,55 tỷ",,"Đường Hoàng Hoa Thám, Phường Vĩnh Phúc, Quận Ba Đình, Hà NộiXem bản đồ","8,55 tỷ - 45 m2"
100 m²,8 phòng,,,Nhà biệt thự,,,90 triệu/m²,,,,,,ha-noi,"Bán căn 100m2 khu C Geleximco giá 9 tỷ, hàng nét nhận cọc ngay",,"Đường Dương Nội, Phường Dương Nội, Quận Hà Đông, Hà NộiXem bản đồ",9 tỷ - 100 m2
100 m²,4 phòng,,Đã có sổ,"Nhà mặt phố, mặt tiền",6 m,400 m²,265 triệu/m²,,,,,16 m,ha-noi,Bán Nhà Lô Góc Mặt Phố Trần Phú - Hà Đông 100M MT 6M Rẻ Kinh Doanh,,"Trần Phú, Phường Văn Quán, Quận Hà Đông, Hà NộiXem bản đồ","26,5 tỷ - 100 m2"
100 m²,4 phòng,,,"Nhà mặt phố, mặt tiền",,,110 triệu/m²,,,,,,ha-noi,"Bán nhà 5 tầng, có thang máy,khu đấu giá đất Đa Sỹ- Kiến Hưng- Hà Đông",,"Đường Đa Sỹ, Phường Dương Nội, Quận Hà Đông, Hà NộiXem bản đồ",11 tỷ - 100 m2
30 m²,2 phòng,2 phòng,Giấy tờ khác,"Nhà ngõ, hẻm",,,50 triệu/m²,,2,,,,ha-noi,"LĨNH NAM NHÀ ĐẸP NHỎ TIỀN ĐỦ CÔNG NĂNG 30m/2 TẦNG/2 NGỦ/ 1,5TỶ",,"Lĩnh Nam, Phường Lĩnh Nam, Quận Hoàng Mai, Hà NộiXem bản đồ","1,5 tỷ - 30 m2"
42 m²,4 phòng,,Đã có sổ,"Nhà ngõ, hẻm",,42 m²,"116,67 triệu/m²",,5,,,,ha-noi,"Giá rẻ! Trần Duy Hưng,thông, kinh doanh, lô góc, gần ô tô, 42m2 * 5T",,"Trần Duy Hưng, Phường Trung Hoà, Quận Cầu Giấy, Hà NộiXem bản đồ","4,9 tỷ - 42 m2"
45 m²,4 phòng,,Đã có sổ,"Nhà ngõ, hẻm",,45 m²,110 triệu/m²,,5,,,,ha-noi,"Rẻ bất ngờ, Nguyễn Khánh Toàn, thoáng, ở sướng, gần chợ, 45m2*5T",,"Dương Quảng Hàm, Phường Quan Hoa, Quận Cầu Giấy, Hà NộiXem bản đồ","4,95 tỷ - 45 m2"
37 m²,3 phòng,,Đã có sổ,"Nhà ngõ, hẻm",,,"113,51 triệu/m²",,,,,,ha-noi,"Mặt 2 ngõ kinh doanh, ngõ thông Hoà Bình 37m2 * 4 tầng, MT3.5 nhỉnh 4.",,"Hoà Bình, Phường Quỳnh Mai, Quận Hai Bà Trưng, Hà NộiXem bản đồ","4,2 tỷ - 37 m2"
30 m²,3 phòng,,Đã có sổ,"Nhà ngõ, hẻm",,30 m²,140 triệu/m²,,4,,,,ha-noi,"Giá tốt! Yên Hoà, ngõ nông 20m ra phố ô tô tránh, sát chợ, 30m2 *4T",,"Yên Hoà, Phường Yên Hoà, Quận Cầu Giấy, Hà NộiXem bản đồ","4,2 tỷ - 30 m2"
28 m²,2 phòng,2 phòng,Giấy tờ khác,"Nhà ngõ, hẻm",,,"62,5 triệu/m²",,3,,,,ha-noi,"VĨNH HƯNG MẶT NGÕ THÔNG KINH DOANH ĐỈNH Ô TÔ TẢI ĐỖ CỬA 28m*3T*1,75T",,"Vĩnh Hưng, Phường Vĩnh Hưng, Quận Hoàng Mai, Hà NộiXem bản đồ","1,75 tỷ - 28 m2"
47 m²,3 phòng,5 phòng,Đã có sổ,"Nhà ngõ, hẻm",,,"120,21 triệu/m²",Tây Bắc,6,,,,ha-noi,"NGUYỄN KHOÁI MẶT NGÕ CHỢ KINH DOANH SẦM UẤT 47m*6TẦNG*5,65TỶ",,"Nguyễn Khoái, Phường Thanh Trì, Quận Hoàng Mai, Hà NộiXem bản đồ","5,65 tỷ - 47 m2"
31 m²,4 phòng,,,"Nhà ngõ, hẻm",,31 m²,"151,61 triệu/m²",,5,,,,ha-noi,Hiếm! Võ Chí,,"Võ Chí Công, Phường Nghĩa Đô, Quận Cầu Giấy, Hà NộiXem bản đồ","4,7 tỷ - 31 m2"
30 m²,3 phòng,4 phòng,Đã có sổ,"Nhà ngõ, hẻm",,,"121,33 triệu/m²",,5,,,,ha-noi,"VĨNH HƯNG-NHÀ MỚI-Ô TÔ ĐỖ CỬA 30M*5 TẦNG *3 NGỦ GIÁ 3,64 TỶ",,"Vĩnh Hưng, Phường Vĩnh Hưng, Quận Hoàng Mai, Hà NộiXem bản đồ","3,64 tỷ - 30 m2"
31 m²,3 phòng,4 phòng,Đã có sổ,"Nhà ngõ, hẻm",,,"110,65 triệu/m²",,5,,,,ha-noi,"LĨNH NAM NHÀ MỚI Ô TÔ ĐỖ CỬA 31M/5 TẦNG 3 NGỦ GIÁ 3,43 TỶ",,"Lĩnh Nam, Phường Lĩnh Nam, Quận Hoàng Mai, Hà NộiXem bản đồ","3,43 tỷ - 31 m2"
34 m²,3 phòng,4 phòng,Đã có sổ,"Nhà ngõ, hẻm",,,"119,12 triệu/m²",,5,,,,ha-noi,"NAM DƯ GẦN PHỐ-Ô TÔ ĐỖ CỬA-KINH DOANH - FULL NỘI THẤT 34M/5T/4,05TỶ",,"Nam Dư, Phường Lĩnh Nam, Quận Hoàng Mai, Hà NộiXem bản đồ","4,05 tỷ - 34 m2"
37 m²,5 phòng,4 phòng,,"Nhà ngõ, hẻm",,,"106,76 triệu/m²",,4,,,,ha-noi,"LĨNH NAM NHÀ MỚI NGÕ RỘNG Ô TÔ ĐÕ TẬN CỬA 37m/4 TẦNG/ 3,95 TỶ",,"Lĩnh Nam, Phường Lĩnh Nam, Quận Hoàng Mai, Hà NộiXem bản đồ","3,95 tỷ - 37 m2"
30 m²,3 phòng,4 phòng,Đã có sổ,"Nhà ngõ, hẻm",,,"111,67 triệu/m²",,5,,,,ha-noi,"KHUYẾN LƯƠNG - HOÀNG MAI 30M - 5 TẦNG - 3,35 TỶ - Ô TÔ ĐỖ CỬA",,"Khuyến Lương, Phường Trần Phú, Quận Hoàng Mai, Hà NộiXem bản đồ","3,35 tỷ - 30 m2"
37 m²,5 phòng,4 phòng,,"Nhà ngõ, hẻm",,,"106,76 triệu/m²",,4,,,,ha-noi,"LĨNH NAM NHÀ MỚI NGÕ RỘNG Ô TÔ ĐÕ TẬN CỬA 37m/4 TẦNG/ 3,95 TỶ",,"Lĩnh Nam, Phường Lĩnh Nam, Quận Hoàng Mai, Hà NộiXem bản đồ","3,95 tỷ - 37 m2"
30 m²,3 phòng,4 phòng,Đã có sổ,"Nhà ngõ, hẻm",,,"111,67 triệu/m²",,5,,,,ha-noi,"KHUYẾN LƯƠNG - HOÀNG MAI 30M - 5 TẦNG - 3,35 TỶ - Ô TÔ ĐỖ CỬA",,"Khuyến Lương, Phường Trần Phú, Quận Hoàng Mai, Hà NộiXem bản đồ","3,35 tỷ - 30 m2"
27 m²,3 phòng,4 phòng,Đã có sổ,"Nhà ngõ, hẻm",,,"101,85 triệu/m²",,4,,,,ha-noi,"NHÀ MỚI ĐÔNG THIÊN-VĨNH HƯNG SÁT Ô TÔ 27m/4 TẦNG /2,75 TỶ",,"Đông Thiên, Phường Vĩnh Hưng, Quận Hoàng Mai, Hà NộiXem bản đồ","2,75 tỷ - 27 m2"
34 m²,3 phòng,4 phòng,Đã có sổ,"Nhà ngõ, hẻm",,,"146,47 triệu/m²",,5,,Nội thất đầy đủ,,ha-noi,"LĨNH NAM NHÀ MỚI-THANG MÁY-Ô TÔ NGỦ TRONG NHÀ 34m*5T*4,98TỶ",,"Lĩnh Nam, Phường Lĩnh Nam, Quận Hoàng Mai, Hà NộiXem bản đồ","4,98 tỷ - 34 m2"
40 m²,5 phòng,,Đã có sổ,"Nhà mặt phố, mặt tiền",5 m,,"222,5 triệu/m²",,7,,Nội thất cao cấp,,ha-noi,BÁN GẤP NHÀ THỤY KHUÊ 40m THANG MÁY BA BƯỚC RA Ô TÔ RA PHỐ NHÀ MỚI,,"Thụy Khuê, Phường Thụy Khuê, Quận Tây Hồ, Hà NộiXem bản đồ","8,9 tỷ - 40 m2"
33 m²,4 phòng,4 phòng,Đã có sổ,"Nhà ngõ, hẻm",,,"80,3 triệu/m²",Tây Bắc,4,,,,ha-noi,Bánn nhà Phú Lãm ô tô cách 30m đường trước nhà thoáng 33m2 xây 4 tầng,,"Phố Xốm, Phường Phú Lãm, Quận Hà Đông, Hà NộiXem bản đồ","2,65 tỷ - 33 m2"
40 m²,4 phòng,4 phòng,Đã có sổ,"Nhà ngõ, hẻm",,,"88,75 triệu/m²",,5,,Nhà trống,,ha-noi,Nhà phố Xốm lô góc thoáng 40m2 xây 5 tầng ô tô vào nhà giá nhỉnh 3 tỷ,,"Phố Xốm, Phường Phú Lãm, Quận Hà Đông, Hà NộiXem bản đồ","3,55 tỷ - 40 m2"
55 m²,5 phòng,4 phòng,Đã có sổ,"Nhà ngõ, hẻm",,55 m²,"114,55 triệu/m²",,5,,,,ha-noi,Bán Nhà Hồ Tùng Mậu 55m x 5 Tầng - Gần phố - 10m Ra Ô Tô - 2 Thoáng,,"Hồ Tùng Mậu, Phường Mai Dịch, Quận Cầu Giấy, Hà NộiXem bản đồ","6,3 tỷ - 55 m2"
30 m²,4 phòng,4 phòng,Đã có sổ,"Nhà ngõ, hẻm",,,"106,67 triệu/m²",Đông Nam,5,,,,ha-noi,"Nhà Phú Lãm Hà Đông lô góc ô tô vào nhà 30m2 xây 5 tầng giá 3,2 tỷ",,"Yên Nghĩa, Hà Đông, Hà Nội, Phường Yên Nghĩa, Quận Hà Đông, Hà NộiXem bản đồ","3,2 tỷ - 30 m2"
40 m²,3 phòng,4 phòng,Đã có sổ,"Nhà ngõ, hẻm",,,"117,5 triệu/m²",,5,,Nội thất đầy đủ,,ha-noi,"NHỈNH 4 TỶ BÁN GẤP NHÀ TRẦN CUNG TỪ LIÊM 40M2*5T XÂY MỚI, NGÕ SÁT PHỐ",,"TRẦN CUNG, Phường Cổ Nhuế 1, Quận Bắc Từ Liêm, Hà NộiXem bản đồ","4,7 tỷ - 40 m2"
125 m²,5 phòng,,,"Nhà ngõ, hẻm",,,"34,4 triệu/m²",,,,,,ha-noi,🏙 SIÊU PHẨM - BIỆT THỰ SÂN VƯỜN - NGỌC THỤY- LÔ GÓC - Ô TÔ TRÁNH 30M -,,"Phố Bắc Cầu, Phường Ngọc Thụy, Quận Long Biên, Hà NộiXem bản đồ","4,3 tỷ - 125 m2"
81 m²,9 phòng,Nhiều hơn 6 phòng,Đã có sổ,"Nhà mặt phố, mặt tiền",,,"271,6 triệu/m²",,9,,Nội thất cao cấp,,ha-noi,Bán nhà mặt phố Nguyễn Thị Định_Cầu Giấy. 81M_9T_Thang máy_Kinh Doanh,,"Nguyễn thị định, Phường Trung Hoà, Quận Cầu Giấy, Hà NộiXem bản đồ",22 tỷ - 81 m2
51 m²,5 phòng,,,"Nhà ngõ, hẻm",,,"136,27 triệu/m²",,,,,,ha-noi,"Siêu Phẩm Xã Đàn, Đống Đa, 51m2, Ô Tô, Nhà Đẹp, Tặng Nội Thất.",,"Xã Đàn, Phường Nam Đồng, Quận Đống Đa, Hà NộiXem bản đồ","6,95 tỷ - 51 m2"
50 m²,4 phòng,,,"Nhà ngõ, hẻm",,,"79,1 triệu/m²",,4,,,,ha-noi,Bán nhà đẹp 2 mặt thoáng Khương Đình 50m2 mặt tiền 3.7m cách ôtô 20m,,"Khương Đình, Phường Khương Đình, Quận Thanh Xuân, Hà NộiXem bản đồ","3,955 tỷ - 50 m2"
45 m²,4 phòng,,Đã có sổ,"Nhà ngõ, hẻm",4.5 m,,"141,11 triệu/m²",,6,,Nội thất cao cấp,,ha-noi,"BÁN NHÀ TRẦN HÒA, GẦN PHỐ, ÔTÔ ĐỖ, LÔ GÓC NHÀ ĐẸP 45M2X6T NỘI THẤT XỊN",,"Phố Trần Hòa, Phường Định Công, Quận Hoàng Mai, Hà NộiXem bản đồ","6,35 tỷ - 45 m2"
39 m²,4 phòng,,Đã có sổ,"Nhà ngõ, hẻm",,,"124,36 triệu/m²",,,,,,ha-noi,"Nhà đẹp hơn Ngọc Trinh ở ngay, nội thất đủ hiện đại Bạch Mai 39m2 * 5",,"Phố Bạch Mai, Phường Bạch Mai, Quận Hai Bà Trưng, Hà NộiXem bản đồ","4,85 tỷ - 39 m2"
38 m²,4 phòng,,,"Nhà ngõ, hẻm",,,"113,16 triệu/m²",,,,,,ha-noi,"Nhà Đẹp Đón Tết, Thái Thịnh, Đống Đa, Ô Tô, 38m2 x 5 Tầng, 4,3 tỷ.",,"Thái Thịnh, Phường Thịnh Quang, Quận Đống Đa, Hà NộiXem bản đồ","4,3 tỷ - 38 m2"
28 m²,2 phòng,3 phòng,Đã có sổ,"Nhà ngõ, hẻm",,,"117,86 triệu/m²",,4,,,,ha-noi,NHÀ NHỎ XINH - CĂN GÓC - TRUNG TÂM ĐỐNG ĐA - CHỦ TỰ XÂY CHẮC CHẮN - NH,,"Đường Láng, Phường Láng Thượng, Quận Đống Đa, Hà NộiXem bản đồ","3,3 tỷ - 28 m2"
52 m²,4 phòng,,,"Nhà ngõ, hẻm",,,"78,85 triệu/m²",,4,,,,ha-noi,"Bán nhà đẹp 2 mặt thoáng Kim Giang Thanh Xuân 52m2x4T, cách ô tô 20m.",,"Kim Giang, Phường Kim Giang, Quận Thanh Xuân, Hà NộiXem bản đồ","4,1 tỷ - 52 m2"
50 m²,4 phòng,5 phòng,Đã có sổ,"Nhà ngõ, hẻm",,,139 triệu/m²,,4,,Nội thất cao cấp,,ha-noi,"NHÀ ĐẸP NHƯ KHÁCH SẠN 5 SAO , CUNG ĐIỆN MÙA ĐÔNG, 4 TẦNG 4 NGỦ RỘNG,",,"Ngõ 6 Đặng Văn Ngữ, Phường Phương Liên, Quận Đống Đa, Hà NộiXem bản đồ","6,95 tỷ - 50 m2"
