Diện tích đất:,Số phòng ngủ:,Số phòng vệ sinh:,Giấy tờ pháp lý:,Loại hình nhà ở:,Chiều ngang:,Diện tích sử dụng:,Giá/m2:,Hướng cửa chính:,Tổng số tầng:,Đặc điểm nhà/đất:,Tình trạng nội thất:,Chiều dài:,Location,Name,URL,District,Price
63 m²,7 phòng,,Đã có sổ,"Nhà ngõ, hẻm",,,"92,86 triệu/m²",,4,,,,ha-noi,NGÕ NÔNG RỘNG - 3 BƯỚC OTO- VỪA Ở VỪA CHO THUÊ DÒNG TIỀN 20 TRIỆU/TH.,,"Gốc Đề, Phường Minh Khai, Quận Hai Bà Trưng, Hà NộiXem bản đồ","5,85 tỷ - 63 m2"
38 m²,4 phòng,,Đã có sổ,"Nhà ngõ, hẻm",,,"144,74 triệu/m²",,,,,,ha-noi,BÁN NHÀ PHỐ NGUYỄN HOÀNG 38M x 4 TẦNG - 4 NGỦ - NỘI THẤT XỊN SÒ,,"Ngõ 51 Nguyễn Hoàng , Phường Mỹ Đình 2, Quận Nam Từ Liêm, Hà NộiXem bản đồ","5,5 tỷ - 38 m2"
34 m²,5 phòng,,Đã có sổ,"Nhà ngõ, hẻm",,,"97,06 triệu/m²",,,,,,ha-noi,"CHỈ 3.3 TỶ NHÀ PHỐ BẠCH MAI – NHÀ ĐẸP DÂN XÂY TẶNG NỘI THẤT – 34m, 5T",,"Phố Bạch Mai, Phường Trương Định, Quận Hai Bà Trưng, Hà NộiXem bản đồ","3,3 tỷ - 34 m2"
45 m²,4 phòng,4 phòng,Đã có sổ,"Nhà ngõ, hẻm",,,"153,33 triệu/m²",,4,,Nội thất đầy đủ,,ha-noi,NHÀ HOÀNG CẦU 2 THOÁNG 4 CHỖ LÙI CỬA 15M RA NGÕ ÔTÔ DÂN XÂY Ở SƯỚNG.,,"Phố Hoàng Cầu, Phường Ô Chợ Dừa, Quận Đống Đa, Hà NộiXem bản đồ","6,9 tỷ - 45 m2"
50 m²,4 phòng,5 phòng,Đã có sổ,"Nhà ngõ, hẻm",,,100 triệu/m²,,6,,Nội thất đầy đủ,,ha-noi,"BÁN NHÀ BA ĐÌNH, DÂN XÂY, NGÕ THÔNG, VỀ Ở NGAY, GẦN PHỐ, 50M2, 5 TỶ.",,"ngõ 75 vĩnh phúc, Phường Vĩnh Phúc, Quận Ba Đình, Hà NộiXem bản đồ",5 tỷ - 50 m2
50 m²,4 phòng,5 phòng,Đã có sổ,"Nhà ngõ, hẻm",,,100 triệu/m²,,4,,Nội thất đầy đủ,,ha-noi,"BÁN NHÀ BA ĐÌNH, NHÀ MỚI, 30M RA PHỐ, KINH DOANH ĐỈNH, 50M2, CHỈ 5 TỶ.",,"Ngõ 285 Đội Cấn, Phường Liễu Giai, Quận Ba Đình, Hà NộiXem bản đồ",5 tỷ - 50 m2
49 m²,4 phòng,5 phòng,Đã có sổ,"Nhà ngõ, hẻm",,,"108,16 triệu/m²",,5,,Nội thất đầy đủ,,ha-noi,"Bán nhà Đội Cấn, nhà mới, 30 ra phố, 49m2x 5 tỷ.",,"Phố Đội Cấn, Phường Liễu Giai, Quận Ba Đình, Hà NộiXem bản đồ","5,3 tỷ - 49 m2"
40 m²,4 phòng,4 phòng,Đã có sổ,"Nhà ngõ, hẻm",,,"107,5 triệu/m²",,5,,Nội thất đầy đủ,,ha-noi,"Bán nhà Đội Cấn, ô tô đỗ cổng, 50m ra phố, nhà mới, 40m2, nhỉnh 4 tỷ.",,"Ngõ 285 Đội Cấn, Phường Liễu Giai, Quận Ba Đình, Hà NộiXem bản đồ","4,3 tỷ - 40 m2"
30 m²,6 phòng,,,"Nhà ngõ, hẻm",,,126 triệu/m²,,,,,,ha-noi,"30 m x 5 TẦNG THU NHẬP 6 PHÒNG 30 TR/THÁNG PHỐ TRẦN KHÁT CHÂN ,",,"Phố Trần Khát Chân, Phường Thanh Lương, Quận Hai Bà Trưng, Hà NộiXem bản đồ","3,78 tỷ - 30 m2"
22 m²,3 phòng,,Đã có sổ,"Nhà ngõ, hẻm",,,"122,73 triệu/m²",,,Nở hậu,,,ha-noi,"22M x 5 TẦNG NGÕ TRUNG TẢ - KHÂM THIÊN NHỈNH 2 TỶ, SỔ ĐỎ VUÔNG VẮN .",,"Trung Tả, Phường Văn Chương, Quận Đống Đa, Hà NộiXem bản đồ","2,7 tỷ - 22 m2"
38 m²,4 phòng,,,"Nhà ngõ, hẻm",,,100 triệu/m²,,,,,,ha-noi,"BÁN NHÀ MỸ ĐÌNH - SIÊU ĐẸP - NGÕ NÔNG RỘNG - SẦM UẤT . GIÁ 3,8 TỶ",,"Đường Mỹ Đình, Phường Mỹ Đình 1, Quận Nam Từ Liêm, Hà NộiXem bản đồ","3,8 tỷ - 38 m2"
66 m²,6 phòng,Nhiều hơn 6 phòng,Đã có sổ,"Nhà mặt phố, mặt tiền",,,250 triệu/m²,,7,,Nội thất đầy đủ,,ha-noi,nhà phú đô vừa ở vừa làm văn phòng -kinh doanh 66/70m-7tầng -16ty5,,"Phú Đô , Phường Phú Đô, Quận Nam Từ Liêm, Hà NộiXem bản đồ","16,5 tỷ - 66 m2"
58 m²,5 phòng,6 phòng,Đã có sổ,"Nhà ngõ, hẻm",,,"125,86 triệu/m²",Đông Bắc,6,,,,ha-noi,Bán nhà 6 tầng thang máy gara ô tô thang máy 7.3 tỷ,,"Ngõ 33 Đường Cổ Linh, Phường Thạch Bàn, Quận Long Biên, Hà NộiXem bản đồ","7,3 tỷ - 58 m2"
36 m²,6 phòng,4 phòng,Đã có sổ,"Nhà ngõ, hẻm",,,"166,67 triệu/m²",,5,,Nội thất đầy đủ,,ha-noi,"CC bán GẤP nhà ĐĐ ngõ rộng, lô góc 3 ngõ CHỈ HƠN 6 TỶ, hiếm có, SỔ ĐẸP",,"Phố Tôn Đức Thắng, Phường Hàng Bột, Quận Đống Đa, Hà NộiXem bản đồ",6 tỷ - 36 m2
73 m²,4 phòng,5 phòng,Đã có sổ,"Nhà mặt phố, mặt tiền",,,"171,23 triệu/m²",Tây Nam,4,,,,ha-noi,Bán nhà mặt phố phúc lợi vỉ hè 5 mét kinh doanh,,"Ngõ Đường Phúc Lợi, Phường Phúc Lợi, Quận Long Biên, Hà NộiXem bản đồ","12,5 tỷ - 73 m2"
38.0998 m²,4 phòng,,,"Nhà mặt phố, mặt tiền",,,"104,99 triệu/m²",,,,,,ha-noi,"Nhà Phạm Ngọc Thạch, gần ngõ ô tô, sát phố, kinh doanh được, ở ngay.",,"Phạm Ngọc Thạch, Phường Hàng Bột, Quận Đống Đa, Hà NộiXem bản đồ",4 tỷ - 38.0.998 m2
70 m²,7 phòng,Nhiều hơn 6 phòng,Đã có sổ,"Nhà mặt phố, mặt tiền",,,"478,57 triệu/m²",,9,,Nội thất cao cấp,,ha-noi,Mặt phố Nguyễn Khang- Cầu Giấy - 70m2 x 9 Tầng - vỉa hè - KD - 33.5 tỷ,,"Nguyễn Khang, Phường Yên Hoà, Quận Cầu Giấy, Hà NộiXem bản đồ","33,5 tỷ - 70 m2"
30.6 m²,3 phòng,2 phòng,Đã có sổ,"Nhà ngõ, hẻm",,,"117,65 triệu/m²",Tây Bắc,3,,,,ha-noi,"giấy tờ chính chủ, nhà đang sử dụng. khu an ninh tốt. ***",,"Tập Thể Nhà Máy Gỗ Tổ 17, Phường Đức Giang, Quận Long Biên, Hà NộiXem bản đồ","3,6 tỷ - 30.6 m2"
35 m²,3 phòng,3 phòng,Đã có sổ,"Nhà ngõ, hẻm",,,"152,86 triệu/m²",Đông Nam,5,,,,ha-noi,"SIÊU HIẾM! NHỈNH 5 TỶ CÓ NGAY NHÀ ĐẸP,XÃ ĐÀN,CĂN GÓC,GẦN Ô TÔ,35m*4m",,"Xã Đàn, Phường Thổ Quan, Quận Đống Đa, Hà NộiXem bản đồ","5,35 tỷ - 35 m2"
33 m²,4 phòng,4 phòng,Đã có sổ,"Nhà ngõ, hẻm",,,"148,48 triệu/m²",Đông Nam,6,,,,ha-noi,"BÁN NHÀ 6 TẦNG, 4,9 TỶ, XÂY MỚI PHỐ QUAN NHÂN, THANH XUÂN, ***",,"Quan Nhân, Phường Nhân Chính, Quận Thanh Xuân, Hà NộiXem bản đồ","4,9 tỷ - 33 m2"
50 m²,3 phòng,4 phòng,,"Nhà ngõ, hẻm",,,70 triệu/m²,,,,,,ha-noi,💥NHÀ MỚI ĐẸP- Ô TÔ DỪNG ĐỖ 15M- GẦN QUẬN ỦY BẮC TỪ LIÊM- TIỀM NĂNG PT,,"Đường Phú Minh, Phường Phúc Diễn, Quận Bắc Từ Liêm, Hà NộiXem bản đồ","3,5 tỷ - 50 m2"
38 m²,6 phòng,,Đã có sổ,"Nhà ngõ, hẻm",,38 m²,"226,32 triệu/m²",,,,Nội thất đầy đủ,,ha-noi,"NHÀ HOÀNG HOA THÁM, 6T, THANG MÁY, 38m, mới 100%",,"Đường Hoàng Hoa Thám, Phường Vĩnh Phúc, Quận Ba Đình, Hà NộiXem bản đồ","8,6 tỷ - 38 m2"
60 m²,4 phòng,6 phòng,,"Nhà ngõ, hẻm",,,"131,67 triệu/m²",,,,,,ha-noi,TRẦN CUNG- 50M RA MẶT PHỐ- NGÕ RỘNG 6M Ô TÔ ĐỖ -HIẾM CÓ-MẶT TIỀN RỘNG.,,"Đường Trần Cung, Phường Cổ Nhuế 1, Quận Bắc Từ Liêm, Hà NộiXem bản đồ","7,9 tỷ - 60 m2"
40 m²,4 phòng,3 phòng,Đã có sổ,"Nhà ngõ, hẻm",,,"137,5 triệu/m²",,4,,Nội thất cao cấp,,ha-noi,Bán Nhà Nguyễn Hoàng-Nhà Đẹp Gần Phố-Khu Vực Hiếm Nhà Bán,,"Phố Nguyễn Hoàng, Phường Mỹ Đình 2, Quận Nam Từ Liêm, Hà NộiXem bản đồ","5,5 tỷ - 40 m2"
50 m²,4 phòng,5 phòng,,"Nhà ngõ, hẻm",,,146 triệu/m²,,,,,,ha-noi,LẠC LONG QUÂN - 50m2x 5 TẦNG- GẦN HỒ TÂY - GẦN Ô TÔ - CHỦ HỢP TÁC BÁN,,"Đường Thụy Khuê, Phường Thụy Khuê, Quận Tây Hồ, Hà NộiXem bản đồ","7,3 tỷ - 50 m2"
40 m²,4 phòng,,Đã có sổ,"Nhà mặt phố, mặt tiền",,,220 triệu/m²,,,,Nội thất cao cấp,,ha-noi,HOÀNG VĂN THÁI - OTO TRÁNH - KINH DOANH - LÔ GÓC - THANG MÁY,,"Hoàng Văn Thái, Phường Khương Trung, Quận Thanh Xuân, Hà NộiXem bản đồ","8,8 tỷ - 40 m2"
42 m²,4 phòng,5 phòng,Đã có sổ,"Nhà ngõ, hẻm",,,"130,95 triệu/m²",,4,,Nội thất cao cấp,,ha-noi,"MỸ ĐÌNH - S= 42m2 -4 Ngủ, Mặt Tiền 5m - GIÁ chỉ 5 tỷ",,"Nguyễn Hoàng, Phường Mỹ Đình 1, Quận Nam Từ Liêm, Hà NộiXem bản đồ","5,5 tỷ - 42 m2"
58 m²,6 phòng,,,"Nhà ngõ, hẻm",,,"102,59 triệu/m²",,,,,,ha-noi,🔥SIÊU PHẨM HỒ TÂY-58M2x 5 Tầng-NGÕ NÔNG-Ô TÔ ĐỖ GẦN-TẶNG FULL NỘI THẤT,,"Đường Võng Thị, Phường Thụy Khuê, Quận Tây Hồ, Hà NộiXem bản đồ","5,95 tỷ - 58 m2"
35 m²,3 phòng,3 phòng,Đã có sổ,"Nhà ngõ, hẻm",,,128 triệu/m²,Đông Nam,4,,,,ha-noi,"GIẢM CHÀO 500 TRIỆU!NHỈNH 4 TỶ CÓ NGAY NHÀ ĐẸP,GẦN XÃ ĐÀN,Ô TÔ,35m*4m.",,"Đường Đê La Thành, Phường Láng Thượng, Quận Đống Đa, Hà NộiXem bản đồ","4,48 tỷ - 35 m2"
40 m²,6 phòng,,Đã có sổ,"Nhà ngõ, hẻm",,230 m²,210 triệu/m²,,5,Hẻm xe hơi,,,ha-noi,"Nhà 40m2, 5 tầng còn mới, Ngõ ô tô qua 210 Đội Cấn, 6 phòng ngủ ở ngay",,"Ngõ 210 Đội Cấn, Phường Đội Cấn, Quận Ba Đình, Hà NộiXem bản đồ","8,4 tỷ - 40 m2"
33 m²,4 phòng,3 phòng,Đã có sổ,"Nhà ngõ, hẻm",,,"187,88 triệu/m²",,5,,Nội thất đầy đủ,,ha-noi,"Nhà phố Hoàng Đạo Thành - Thanh Xuân, 32m2, 5t thang máy, ô tô đỗ",,"Hoàng Đạo Thành, Phường Kim Giang, Quận Thanh Xuân, Hà NộiXem bản đồ","6,2 tỷ - 33 m2"
29 m²,4 phòng,,Đã có sổ,"Nhà ngõ, hẻm",,32 m²,"113,79 triệu/m²",,,,,,ha-noi,"Nhà đẹp định công thượng, 4 tầng 4 ngủ, ngõ ba gác phi, 150m ra ô tô",,"Định Công Thượng, Phường Định Công, Quận Hoàng Mai, Hà NộiXem bản đồ","3,3 tỷ - 29 m2"
60 m²,5 phòng,,,"Nhà ngõ, hẻm",,240 m²,125 triệu/m²,,4,Hẻm xe hơi,Nhà trống,,ha-noi,"Nhà 60m2, 4 tầng ngõ 97/16 Khương Trung, ô tô đỗ cửa, dọn vào ở ngay",,"Khương Trung, Phường Khương Trung, Quận Thanh Xuân, Hà NộiXem bản đồ","7,5 tỷ - 60 m2"
55 m²,3 phòng,5 phòng,Đã có sổ,"Nhà mặt phố, mặt tiền",,,"363,64 triệu/m²",,6,,Nội thất cao cấp,,ha-noi,"Bán nhà Cầu Giấy, 55m2 x 6 Tầng thang máy, Vỉa Hè, ÔTÔ tránh, 20 tỷ",,"Cầu Giấy, Phường Quan Hoa, Quận Cầu Giấy, Hà NộiXem bản đồ",20 tỷ - 55 m2
40 m²,4 phòng,,,"Nhà ngõ, hẻm",,,"96,25 triệu/m²",,,,,,ha-noi,"Giá giật mình!Xuân Đỉnh, 2 thoáng,ô tô đỗ cổng, nhà đẹp ở luôn,40m2*5T",,"Xuân Đỉnh, Phường Xuân Đỉnh, Quận Bắc Từ Liêm, Hà NộiXem bản đồ","3,85 tỷ - 40 m2"
45 m²,4 phòng,,Đã có sổ,"Nhà ngõ, hẻm",,150 m²,"97,78 triệu/m²",,4,,Nội thất đầy đủ,,ha-noi,"Nhà 4 tầng, 4 ngủ ngõ 320/5 Khương Đình, trước nhà rộng 3m, gần ô tô",,"Khương Đình, Phường Khương Đình, Quận Thanh Xuân, Hà NộiXem bản đồ","4,4 tỷ - 45 m2"
42 m²,4 phòng,5 phòng,,"Nhà ngõ, hẻm",,,"130,95 triệu/m²",,,,,,ha-noi,Mỹ Đình 42m2x4 Tầng - 50M Ra Mặt Phố-Nhà Dân Xây-Tiện Ích Bạt Ngàn,,"Đường Nguyễn Hoàng, Phường Mỹ Đình 1, Quận Nam Từ Liêm, Hà NộiXem bản đồ","5,5 tỷ - 42 m2"
65.5998 m²,6 phòng,4 phòng,Đã có sổ,"Nhà ngõ, hẻm",,,"126,52 triệu/m²",Tây,5,,,,ha-noi,Cần bán,,"Ngõ 347 Cổ Nhuế, Phường Cổ Nhuế 2, Quận Bắc Từ Liêm, Hà NộiXem bản đồ","8,3 tỷ - 65.5.998 m2"
45 m²,4 phòng,3 phòng,Đã có sổ,"Nhà ngõ, hẻm",4.6 m,,"122,22 triệu/m²",,,,,9.5 m,ha-noi,"Nhà Đẹp Lung Linh , Phố Đào Tấn , 45 m - 5.5 tỷ",,"Đào Tấn, Phường Cống Vị, Quận Ba Đình, Hà NộiXem bản đồ","5,5 tỷ - 45 m2"
35 m²,3 phòng,4 phòng,Đã có sổ,"Nhà ngõ, hẻm",,,"168,14 triệu/m²",,5,,Nội thất đầy đủ,,ha-noi,"Cần bán trước tết căn ngõ Vân Đồn: 35/40m, xây 5tầng, 4.7m mặt tiền",,"Phố Vân Đồn, Phường Bạch Đằng, Quận Hai Bà Trưng, Hà NộiXem bản đồ","5,885 tỷ - 35 m2"
25.2999 m²,2 phòng,2 phòng,Đã có sổ,"Nhà mặt phố, mặt tiền",,,"434,39 triệu/m²",,4,,Nội thất đầy đủ,,ha-noi,"Bán nhà lô góc mặt phố Cát Linh, Giảng Võ: 25,2m, 3.7m mặt tiền.",,"Phố Cát Linh, Phường Cát Linh, Quận Đống Đa, Hà NộiXem bản đồ","10,99 tỷ - 25.2.999 m2"
51 m²,4 phòng,3 phòng,Đã có sổ,"Nhà mặt phố, mặt tiền",,,"246,67 triệu/m²",,5,,Nội thất cao cấp,,ha-noi,"Bán nhà Thái Hà: 43/51m, 5tầng, 5.1m mặt tiền, thang máy.",,"Phố Thái Hà, Phường Trung Liệt, Quận Đống Đa, Hà NộiXem bản đồ","12,58 tỷ - 51 m2"
40 m²,6 phòng,4 phòng,Đã có sổ,"Nhà ngõ, hẻm",,,"337,5 triệu/m²",,6,,Nội thất cao cấp,,ha-noi,"Bán nhà phân lô, ô tô vào tận nhà ngõ 99 Nguyễn Chí Thanh: 40m, 6tầng,",,"Ngõ 99 Nguyễn Chí Thanh, Phường Láng Hạ, Quận Đống Đa, Hà NộiXem bản đồ","13,5 tỷ - 40 m2"
35 m²,4 phòng,,,"Nhà ngõ, hẻm",,,"117,14 triệu/m²",,,,,,ha-noi,🔥TRẦN CUNG - 35m2x5 TẦNG - 1 CĂN *** CHỈ 4 TỶ 1,,"Đường Trần Cung, Phường Cổ Nhuế 1, Quận Bắc Từ Liêm, Hà NộiXem bản đồ","4,1 tỷ - 35 m2"
35 m²,4 phòng,,,"Nhà ngõ, hẻm",,,120 triệu/m²,,,,,,ha-noi,📣 TRẦN BÌNH - 35m2x4 TẦNG - GIÁ NHỈNH 4 TỶ,,"Trần Bình, Phường Mai Dịch, Quận Cầu Giấy, Hà NộiXem bản đồ","4,2 tỷ - 35 m2"
42 m²,4 phòng,4 phòng,,"Nhà ngõ, hẻm",,200 m²,"109,52 triệu/m²",,5,,Nội thất đầy đủ,,ha-noi,"Nhà 5 tầng Ô tô đỗ cổng, 4 ngủ, phố Trương Định, dân trí cao, ở ngay",,"trương định, Phường Hoàng Văn Thụ, Quận Hoàng Mai, Hà NộiXem bản đồ","4,6 tỷ - 42 m2"
31.3999 m²,2 phòng,3 phòng,Đã có sổ,"Nhà mặt phố, mặt tiền",,90 m²,"171,98 triệu/m²",,3,,,,ha-noi,"BÁN NHÀ MẶT PHỐ NGHĨA DŨNG, QUẬN BA ĐÌNH, HÀ NỘI",,"Phố Nghĩa Dũng, Phường Phúc Xá, Quận Ba Đình, Hà NộiXem bản đồ","5,4 tỷ - 31.3.999 m2"
24 m²,4 phòng,4 phòng,Đã có sổ,"Nhà ngõ, hẻm",,,"97,92 triệu/m²",Tây Bắc,5,,,,ha-noi,"Bán nhà ngõ 121 Lê Thanh Nghị, HBT, 24m, 5 tầng, 4 pn, nhỉnh 2 tỷ",,"121, Phố Lê Thanh Nghị, Phường Bách Khoa, Quận Hai Bà Trưng, Hà NộiXem bản đồ","2,35 tỷ - 24 m2"
46 m²,3 phòng,,Đã có sổ,"Nhà ngõ, hẻm",,46 m²,"87,17 triệu/m²",,5,,,,ha-noi,"Siêu mẫu! Mỹ Đình, oto đỗ cổng, ngõ thoáng, nông, gần phố, 46m2*5T",,"Ngõ 322 Đường Mỹ Đình, Phường Mỹ Đình 1, Quận Nam Từ Liêm, Hà NộiXem bản đồ","4,01 tỷ - 46 m2"
40 m²,4 phòng,4 phòng,,"Nhà ngõ, hẻm",,200 m²,"146,25 triệu/m²",,5,,Nội thất đầy đủ,,ha-noi,"Nhà 5 tầng mới xây, ô tô lùi cửa ngõ 260 Cầu Giấy, full nội thất",,"Cầu giấy, Phường Quan Hoa, Quận Cầu Giấy, Hà NộiXem bản đồ","5,85 tỷ - 40 m2"
45 m²,4 phòng,3 phòng,Đã có sổ,"Nhà ngõ, hẻm",,,"137,33 triệu/m²",,4,,Nội thất đầy đủ,,ha-noi,Vũ Tông Phan 45m x 4 tầng. Mt5.1m. Ngõ thông. Ô tô lý thuyết. 30m mp,,"Vũ Tông Phan, Phường Khương Trung, Quận Thanh Xuân, Hà NộiXem bản đồ","6,18 tỷ - 45 m2"
30 m²,3 phòng,,Đã có sổ,"Nhà ngõ, hẻm",,,"116,67 triệu/m²",,5,,Nội thất đầy đủ,,ha-noi,"Nhà Đẹp Gần Phố, Ô to, Ở NGAY Thịnh Liệt 3.5 tỷ 3PN Rộng.",,"Thịnh Liệt, Phường Thịnh Liệt, Quận Hoàng Mai, Hà NộiXem bản đồ","3,5 tỷ - 30 m2"
35 m²,4 phòng,5 phòng,Đã có sổ,"Nhà ngõ, hẻm",,,"188,57 triệu/m²",,6,,Nội thất đầy đủ,,ha-noi,Vũ Trọng Phụng hiếm nhà bán. Lô góc. 15m ra mặt phố. Giá 6 tỷ hơn,,"Vũ Trọng Phụng, Phường Thanh Xuân Trung, Quận Thanh Xuân, Hà NộiXem bản đồ","6,6 tỷ - 35 m2"
42 m²,6 phòng,,Đã có sổ,"Nhà ngõ, hẻm",,42 m²,"95,24 triệu/m²",,5,,,,ha-noi,"Có 102! Xuân Đỉnh, oto 20m, gần phố, ngõ nông, giá siêu rẻ, 42m2*5T",,"Đường Xuân Đỉnh, Phường Xuân Đỉnh, Quận Bắc Từ Liêm, Hà NộiXem bản đồ",4 tỷ - 42 m2
39 m²,7 phòng,4 phòng,Đã có sổ,"Nhà ngõ, hẻm",,,"138,46 triệu/m²",,5,,Nhà trống,,ha-noi,"Nhà 5 tầng, 7 ngủ, Phố Trương Định, ngõ thông Ô tô kinh doanh, nhà mới",,"trương định, Phường Hoàng Văn Thụ, Quận Hoàng Mai, Hà NộiXem bản đồ","5,4 tỷ - 39 m2"
31 m²,3 phòng,4 phòng,Đã có sổ,"Nhà ngõ, hẻm",,,"117,74 triệu/m²",Đông Bắc,5,,,,ha-noi,Bán nhà 5 tầng phúc lợi,,"Phúc Lợi Long Biên Hà Nội, Phường Phúc Lợi, Quận Long Biên, Hà NộiXem bản đồ","3,65 tỷ - 31 m2"
37 m²,4 phòng,,Đã có sổ,"Nhà ngõ, hẻm",4.5 m,,100 triệu/m²,,4,,,8.2 m,ha-noi,BÁN NHÀ ĐỊNH CÔNG THƯỢNG - RẤT GẦN ÔTÔ - NHÀ ĐẸP DT 37MX4T MT 4.5M 4PN,,"Phố Định Công Thượng, Phường Định Công, Quận Hoàng Mai, Hà NộiXem bản đồ","3,7 tỷ - 37 m2"
48 m²,5 phòng,,Đã có sổ,"Nhà ngõ, hẻm",6 m,,"183,33 triệu/m²",,7,,Nội thất đầy đủ,,ha-noi,"P/LÔ LÔ GÓC PHỐ CÙ CHÍNH LAN, ÔTÔ TRÁNH, KDOANH, 48M 7T TMÁY 8TỶ8",,"PHỐ CÙ CHÍNH LAN, Phường Khương Mai, Quận Thanh Xuân, Hà NộiXem bản đồ","8,8 tỷ - 48 m2"
42 m²,3 phòng,5 phòng,Đã có sổ,"Nhà ngõ, hẻm",,,"178,57 triệu/m²",,6,,Nội thất đầy đủ,,ha-noi,"Nhà Quan Nhân Nhân Chính 42m, 6 tầng, ô tô đỗ cửa, nhỉnh 7 tỷ.",,"Quan Nhân, Phường Nhân Chính, Quận Thanh Xuân, Hà NộiXem bản đồ","7,5 tỷ - 42 m2"
46 m²,3 phòng,,Đã có sổ,"Nhà ngõ, hẻm",,46 m²,"86,96 triệu/m²",,5,,Nội thất đầy đủ,,ha-noi,"Đại hạ giá, Nhà Xuân Đỉnh, oto tránh, ngõ ba gác, 30m ra phố, 42m2*5T.",,"Đường Xuân Đỉnh, Phường Xuân Đỉnh, Quận Bắc Từ Liêm, Hà NộiXem bản đồ",4 tỷ - 46 m2
64 m²,3 phòng,,Đã có sổ,"Nhà ngõ, hẻm",5 m,,"78,13 triệu/m²",,,,Nhà trống,12 m,ha-noi,"Chính chủ gửi bán nhà Kim Ngưu , 64m2 , 5 tỷ , Ngõ xe ba gác , gần phố",,"Phố Kim Ngưu, Phường Thanh Nhàn, Quận Hai Bà Trưng, Hà NộiXem bản đồ",5 tỷ - 64 m2
41 m²,3 phòng,,Đã có sổ,"Nhà ngõ, hẻm",,41 m²,"92,68 triệu/m²",,,,,,ha-noi,"Nhỉnh 3 tỷ, Phạm Văn Đồng, oto gần, ngõ nông, thoáng, 40m2.",,"Phạm Văn Đồng, Phường Mai Dịch, Quận Cầu Giấy, Hà NộiXem bản đồ","3,8 tỷ - 41 m2"
30 m²,2 phòng,3 phòng,Đã có sổ,"Nhà ngõ, hẻm",,,"109,33 triệu/m²",,,,,,ha-noi,Bán gấp nhà 4 tầng cực rẻ đẹp tại ngõ 96 Đại Từ - Hoàng Mai,,"Đại Từ, Phường Đại Kim, Quận Hoàng Mai, Hà NộiXem bản đồ","3,28 tỷ - 30 m2"
40 m²,4 phòng,,Đã có sổ,"Nhà ngõ, hẻm",,,"83,75 triệu/m²",,,,Nội thất đầy đủ,,ha-noi,"Nhà Bán 40M Dân Xây Đơn Lập, Ngõ Nông, Bãi gửi xe gần",,"Cổ Điển, Xã Tứ Hiệp, Huyện Thanh Trì, Hà NộiXem bản đồ","3,35 tỷ - 40 m2"
60 m²,4 phòng,3 phòng,Đã có sổ,"Nhà ngõ, hẻm",,,"108,33 triệu/m²",Đông Nam,4,,,,ha-noi,"RẺ CHƯA TỪNG CÓ!CHỈ 6 TỶ CÓ NHÀ ĐẸP,ĐÊ LA THÀNH,CĂN GÓC,Ô TÔ,60m*4.7m",,"Đê La Thành, Phường Thổ Quan, Quận Đống Đa, Hà NộiXem bản đồ","6,5 tỷ - 60 m2"
45 m²,4 phòng,,Đã có sổ,"Nhà ngõ, hẻm",,,100 triệu/m²,,,Hẻm xe hơi,Nội thất đầy đủ,,ha-noi,"HIẾM! Nhà Vũ Lăng 45Mx5T Dân Xây, Lô Góc, Ôtô Tránh, KD Đỉnh",,"Vũ Lăng, Xã Ngũ Hiệp, Huyện Thanh Trì, Hà NộiXem bản đồ","4,5 tỷ - 45 m2"
60 m²,4 phòng,,Đã có sổ,"Nhà ngõ, hẻm",,,"73,17 triệu/m²",,,Hẻm xe hơi,Nội thất đầy đủ,,ha-noi,"Bán Gấp! Nhà 60Mx4T Ngõ 373 Ngọc Hồi Dân Xây, Lô Góc, Ngõ Thẳng Tắp",,"Ngõ 373 Ngọc Hồi, Thị trấn Văn Điển, Huyện Thanh Trì, Hà NộiXem bản đồ","4,39 tỷ - 60 m2"
40 m²,4 phòng,,Đã có sổ,"Nhà ngõ, hẻm",,,"133,75 triệu/m²",,5,"Hẻm xe hơi,Nở hậu",Nội thất đầy đủ,,ha-noi,"Bán Nhà 40Mx5T TĐC Lưu Phái Phân Lô Ôtô Tránh, Vỉa Hè, KD, VP ĐỈNH",,"Lưu phái, Xã Ngũ Hiệp, Huyện Thanh Trì, Hà NộiXem bản đồ","5,35 tỷ - 40 m2"
63 m²,4 phòng,,Đã có sổ,"Nhà ngõ, hẻm",,,"61,9 triệu/m²",,,,Nội thất đầy đủ,,ha-noi,"Nhà bán 63Mx3T Xóm Đồng A, KĐT Hồng Hà, Dân Xây Giá Mềm",,"Xóm đồng a, Xã Tứ Hiệp, Huyện Thanh Trì, Hà NộiXem bản đồ","3,9 tỷ - 63 m2"
60 m²,4 phòng,5 phòng,Đã có sổ,"Nhà ngõ, hẻm",4 m,,"126,67 triệu/m²",,4,,,,ha-noi,"BÁN NHÀ PHÂN LÔ PHỐ TÔ VĨNH DIỆN 60M X 4 TẦNG ,ÔTÔ TRÁNH, KINH DOANH",,"Tô Vĩnh Diện, Phường Khương Trung, Quận Thanh Xuân, Hà NộiXem bản đồ","7,6 tỷ - 60 m2"
50 m²,3 phòng,,Đã có sổ,"Nhà ngõ, hẻm",,50 m²,96 triệu/m²,,4,,,,ha-noi,"Siêu phẩm! Xuân Thuỷ, oto 20m, ngõ ba gác, ngõ nông, thoáng, trung tâm",,"Xuân Thuỷ, Phường Dịch Vọng Hậu, Quận Cầu Giấy, Hà NộiXem bản đồ","4,8 tỷ - 50 m2"
47 m²,4 phòng,,,"Nhà ngõ, hẻm",,,"110,64 triệu/m²",,,,,,ha-noi,Gọi Ngay Cho Em_Nhà Cầu Giấy_Lô Góc_Ngõ Thoáng_Nhà Đẹp_Ở Ngay_Tặng Đồ,,"Cầu Giấy, Phường Quan Hoa, Quận Cầu Giấy, Hà NộiXem bản đồ","5,2 tỷ - 47 m2"
40 m²,2 phòng,,,"Nhà ngõ, hẻm",,,"39,5 triệu/m²",,,,,,ha-noi,BÁN GẤP NHÀ TRƯƠNG ĐỊNH - HOÀNG MAI,,"Trương Định, Phường Hoàng Văn Thụ, Quận Hoàng Mai, Hà NộiXem bản đồ","1,58 tỷ - 40 m2"
55.4 m²,4 phòng,,Đã có sổ,,,,"191,34 triệu/m²",Tây Nam,4,,,,ha-noi,Chính chủ bán căn LK full NT Nhà Ở Cán Bộ Văn Phòng Trung Ương Đảng,,"Trần Hữu Dực, Phường Xuân Phương, Quận Nam Từ Liêm, Hà NộiXem bản đồ","10,6 tỷ - 55.4 m2"
45 m²,3 phòng,3 phòng,Đã có sổ,"Nhà ngõ, hẻm",,,"95,56 triệu/m²",Đông Nam,4,,,,ha-noi,"THẬT300%!NHỈNH 4 TỶ CÓ NGAY NHÀ ĐẸP,GẦN XÃ ĐÀN,NGÕ THÔNG,Ô TÔ,45m*4.2m",,"Ngõ Thổ Quan, Phường Thổ Quan, Quận Đống Đa, Hà NộiXem bản đồ","4,3 tỷ - 45 m2"
38 m²,4 phòng,4 phòng,Đã có sổ,"Nhà ngõ, hẻm",,,"92,11 triệu/m²",Tây Bắc,6,,,,ha-noi,cực phẩm 6 tầng ô tô 7 chỗ vào nhà tại Bắc Từ Liêm - giá nhỉnh 3 tỷ,,"Đường văn tiế, Phường Minh Khai, Quận Bắc Từ Liêm, Hà NộiXem bản đồ","3,5 tỷ - 38 m2"
25 m²,3 phòng,4 phòng,Đã có sổ,"Nhà ngõ, hẻm",,,108 triệu/m²,,5,,,,ha-noi,"Hồ Văn Chương, 25m2*5T, cách ô tô 20m, cách hồ Văn Chương 60m, 2.7 tỷ",,"Phố Hồ Văn Chương, Phường Văn Chương, Quận Đống Đa, Hà NộiXem bản đồ","2,7 tỷ - 25 m2"
30 m²,4 phòng,3 phòng,Đã có sổ,"Nhà ngõ, hẻm",,,100 triệu/m²,,5,,Nội thất đầy đủ,,ha-noi,"BÁN NHÀ HỌC VIỆN TÀI CHÍNH, OTO, KINH DOANH - GIÁ CHỈ HƠN 3 TỶ",,"Lê Văn Hiến, Phường Đức Thắng, Quận Bắc Từ Liêm, Hà NộiXem bản đồ",3 tỷ - 30 m2
40 m²,5 phòng,4 phòng,Đã có sổ,"Nhà ngõ, hẻm",,,"121,25 triệu/m²",,4,,Nhà trống,,ha-noi,"Cực hiếm ! Nguyễn Lương Bằng-Nhà Đẹp ở luôn -Ngõ Rộng Thoáng, nhỉnh 4T",,"Phố Nguyễn Lương Bằng, Phường Quang Trung, Quận Đống Đa, Hà NộiXem bản đồ","4,85 tỷ - 40 m2"
70 m²,2 phòng,,Đã có sổ,"Nhà ngõ, hẻm",,,"121,43 triệu/m²",,3,Hẻm xe hơi,,,ha-noi,Mỹ Đình 70m2 - Lô Góc - ÔTô Dừng Đỗ - Xây CCMN Tuyệt Vời - 50m Ra Phố,,"Mỹ Đình, Phường Mỹ Đình 1, Quận Nam Từ Liêm, Hà NộiXem bản đồ","8,5 tỷ - 70 m2"
40 m²,4 phòng,4 phòng,Đã có sổ,"Nhà ngõ, hẻm",,,107 triệu/m²,,4,,Nội thất đầy đủ,,ha-noi,"NHÀ MỚI - MỄ TRÌ,S= 40m2 - 4 tầng - GIÁ CHỈ 4.2 tỷ",,"Mễ Trì Hạ, Phường Mễ Trì, Quận Nam Từ Liêm, Hà NộiXem bản đồ","4,28 tỷ - 40 m2"
45 m²,4 phòng,4 phòng,Đã có sổ,"Nhà ngõ, hẻm",,,100 triệu/m²,,5,,Nội thất đầy đủ,,ha-noi,"Đỉnh cao! Hoàng Hoa Thám, ở ngay, ngõ nông, 30m ra oto, 45m2*4T",,"Hoàng Hoa Thám, Phường Đội Cấn, Quận Ba Đình, Hà NộiXem bản đồ","4,5 tỷ - 45 m2"
55 m²,4 phòng,6 phòng,Đã có sổ,"Nhà ngõ, hẻm",,55 m²,240 triệu/m²,,7,,,,ha-noi,"Bán nhà Đại Kim 55m2 x 7 tầng thang máy, ô tô tránh, nhà đẹp ở ngay",,"Phố Nguyễn Cảnh Dị, Phường Đại Kim, Quận Hoàng Mai, Hà NộiXem bản đồ","13,2 tỷ - 55 m2"
35 m²,4 phòng,3 phòng,Đã có sổ,"Nhà ngõ, hẻm",,,"97,14 triệu/m²",,5,,Nội thất cao cấp,,ha-noi,Siêu phẩm Phan Đình Giót- La Khê- Hà Đông 30 mét ra phố oto- sát ga tà,,"Phố Phan Đình Giót, Phường La Khê, Quận Hà Đông, Hà NộiXem bản đồ","3,4 tỷ - 35 m2"
30 m²,3 phòng,4 phòng,Đã có sổ,"Nhà ngõ, hẻm",,,"141,67 triệu/m²",,5,,Nội thất cao cấp,,ha-noi,BÁN NHÀ MỸ ĐÌNH - LÊ ĐỨC THỌ - ĐẸP LONG LANH - FULL NỘI THẤT,,"Mỹ Đình, Phường Mỹ Đình 1, Quận Nam Từ Liêm, Hà NộiXem bản đồ","4,25 tỷ - 30 m2"
30 m²,4 phòng,4 phòng,Đã có sổ,"Nhà ngõ, hẻm",,,75 triệu/m²,Tây Bắc,4,,,,ha-noi,🏡Nhà Mới ngõ ô tô “FULL NỘI THẤT”.”Giá 2 Tỷ 2x”,,"Đường Đại Cát, Phường Liên Mạc, Quận Bắc Từ Liêm, Hà NộiXem bản đồ","2,25 tỷ - 30 m2"
40 m²,4 phòng,3 phòng,Đã có sổ,"Nhà ngõ, hẻm",,,110 triệu/m²,,5,,Nội thất cao cấp,,ha-noi,"Gấp, Nhà Đẹp phường Liễu Giai, 40m2 Chỉ 4,4tỷ _ 50m Bãi Xe,Thoáng Sáng",,"Phố Đội Cấn, Phường Liễu Giai, Quận Ba Đình, Hà NộiXem bản đồ","4,4 tỷ - 40 m2"
59 m²,4 phòng,4 phòng,Đã có sổ,"Nhà ngõ, hẻm",,,"162,71 triệu/m²",,5,,,,ha-noi,"Siêu ĐẸP!! Nhà mặt Ngõ- ôt ô - ở sướng, Cầu giấy dt 59m, giá nhỉnh 9ty",,"Dương Quảng Hàm, Phường Dịch Vọng, Quận Cầu Giấy, Hà NộiXem bản đồ","9,6 tỷ - 59 m2"
39 m²,3 phòng,4 phòng,Đã có sổ,"Nhà ngõ, hẻm",,,"112,82 triệu/m²",,4,,Nội thất cao cấp,,ha-noi,"Nhà mới trung tâm Ba Đình Ba Đình, gần oto tránh, sân rộng, 39m, Mt 4m",,"La Thành, Phường Giảng Võ, Quận Ba Đình, Hà NộiXem bản đồ","4,4 tỷ - 39 m2"
38.7999 m²,4 phòng,,,"Nhà mặt phố, mặt tiền",,,"105,67 triệu/m²",,,,,,ha-noi,"Nguyễn Lương Bằng, ngõ thông? ba gác phi, 30m ô tô đỗ, siêu hiếm.",,"Nguyễn Lương Bằng, Phường Hàng Bột, Quận Đống Đa, Hà NộiXem bản đồ","4,1 tỷ - 38.7.999 m2"
55 m²,4 phòng,,Đã có sổ,"Nhà ngõ, hẻm",,,"105,45 triệu/m²",,4,,,,ha-noi,"Chính chủ! Bán nhà Kim Giang , lô góc , ngõ thông, KD 55m2*",,"Kim Giang, Phường Đại Kim, Quận Hoàng Mai, Hà NộiXem bản đồ","5,8 tỷ - 55 m2"
27 m²,3 phòng,3 phòng,Đã có sổ,"Nhà ngõ, hẻm",,,"135,19 triệu/m²",,4,,Nội thất đầy đủ,,ha-noi,CHỈ NHỈNH 3 TỶ NHÀ TRUNG TÂM CẦU GIẤY 27m2 – 4 tầng- mt 4m,,"Hoàng Quốc Việt, Phường Nghĩa Đô, Quận Cầu Giấy, Hà NộiXem bản đồ","3,65 tỷ - 27 m2"
37 m²,4 phòng,3 phòng,Đã có sổ,"Nhà ngõ, hẻm",,,"131,35 triệu/m²",,4,,Nội thất đầy đủ,,ha-noi,Hơn 4 tỷ có nhà mới ở ngay 40m 4 tầng Thanh Xuân giáp Hoàng Văn Thái.,,"Khương Trung, Phường Khương Trung, Quận Thanh Xuân, Hà NộiXem bản đồ","4,86 tỷ - 37 m2"
22 m²,3 phòng,3 phòng,Đã có sổ,"Nhà ngõ, hẻm",,,"156,82 triệu/m²",,5,,Nhà trống,,ha-noi,Nhỉnh 3 tỷ có ngay nhà Nguyễn Trãi sát Ngã Tư Sở 5 tầng 3 ngủ ở ngay.,,"Nguyễn Trãi, Phường Nhân Chính, Quận Thanh Xuân, Hà NộiXem bản đồ","3,45 tỷ - 22 m2"
30 m²,3 phòng,3 phòng,Đã có sổ,"Nhà ngõ, hẻm",,,"113,33 triệu/m²",,4,,Nhà trống,,ha-noi,Nhỉnh 3 tỷ có nhà Thanh Xuân gần Ngã Tư Sở 34m 4 tầng ở ngay.,,"Khương Trung, Phường Khương Trung, Quận Thanh Xuân, Hà NộiXem bản đồ","3,4 tỷ - 30 m2"
48 m²,6 phòng,4 phòng,Đã có sổ,"Nhà mặt phố, mặt tiền",,,"104,17 triệu/m²",,5,,Nội thất cao cấp,,ha-noi,BÁN NHÀ VÕNG THỊ -TÂY HỒ-48M2-5 TẦNG- NHỈNH 5 TỶ-NHÀ MỚI ĐÓN TẾT- NÔNG,,"Võng Thị, Phường Bưởi, Quận Tây Hồ, Hà NộiXem bản đồ",5 tỷ - 48 m2
46 m²,4 phòng,3 phòng,Đã có sổ,"Nhà ngõ, hẻm",,,"129,13 triệu/m²",,5,,Nội thất cao cấp,,ha-noi,KIM MÃ - 46M2x5T - MT 4.6M - 5.94 TỶ - 20M RA PHỐ - ẢNH THẬT 100%,,"Phố Kim Mã, Phường Kim Mã, Quận Ba Đình, Hà NộiXem bản đồ","5,94 tỷ - 46 m2"
35 m²,3 phòng,4 phòng,Đã có sổ,"Nhà ngõ, hẻm",,,"157,14 triệu/m²",,5,,Nội thất đầy đủ,,ha-noi,"BÁN NHÀ NGÕ 63 TRẦN QUỐC VƯỢNG 35m2 – 5 tầng- Mt 5m- 5,5 tỷ",,"Trần Quốc Vượng, Phường Dịch Vọng Hậu, Quận Cầu Giấy, Hà NộiXem bản đồ","5,5 tỷ - 35 m2"
41 m²,3 phòng,3 phòng,Đã có sổ,"Nhà ngõ, hẻm",,,"102,44 triệu/m²",,5,,,,ha-noi,NHÀ ĐẸP Ở LUÔN - TRUNG TÂM ĐỐNG ĐA - 3 BƯỚC CÔNG VIÊN TRẦN QUANG DIỆU,,"Nguyễn Lương Bằng, Phường Ngã Tư Sở, Quận Đống Đa, Hà NộiXem bản đồ","4,2 tỷ - 41 m2"
45 m²,4 phòng,,Đã có sổ,"Nhà ngõ, hẻm",,45 m²,"182,22 triệu/m²",,4,,Nội thất đầy đủ,,ha-noi,PHÂN LÔ THÁI HÀ-45M2-4 TẦNG-NHỈNH 8 TỶ-SÁT PHỐ- OTO QUA- AN SINH ĐỈNH,,"Thái Hà, Phường Trung Liệt, Quận Đống Đa, Hà NộiXem bản đồ","8,2 tỷ - 45 m2"
