Diện tích đất:,Số phòng ngủ:,Số phòng vệ sinh:,Giấy tờ pháp lý:,Loại hình nhà ở:,Chiều ngang:,Diện tích sử dụng:,Giá/m2:,Hướng cửa chính:,Tổng số tầng:,Đặc điểm nhà/đất:,Tình trạng nội thất:,Chiều dài:,Location,Name,URL,District,Price
62 m²,4 phòng,Nhiều hơn 6 phòng,Đã có sổ,"Nhà ngõ, hẻm",,,"330,65 triệu/m²",,8,,Nội thất cao cấp,,ha-noi,"Trần Vỹ 62m, 8 Tầng, MT 5,2m. Lô góc, vỉa hè, Oto tránh, KD . 20,5 Tỷ.",,"Trần Vỹ, Phường Mai Dịch, Quận Cầu Giấy, Hà NộiXem bản đồ","20,5 tỷ - 62 m2"
40 m²,3 phòng,4 phòng,Đã có sổ,"Nhà ngõ, hẻm",,,"347,5 triệu/m²",,5,,Nội thất đầy đủ,,ha-noi,"Phạm Tuấn Tài 40m, 5 Tầng, MT 4,4m. Vỉa hè, KD tốt. 13,9 Tỷ.",,"Phạm Tuấn Tài, Phường Nghĩa Tân, Quận Cầu Giấy, Hà NộiXem bản đồ","13,9 tỷ - 40 m2"
36 m²,3 phòng,4 phòng,Đã có sổ,"Nhà mặt phố, mặt tiền",,,"277,78 triệu/m²",,5,,Nội thất đầy đủ,,ha-noi,"Mặt phố Đường Bưởi 36m, 5 Tầng, MT 4m. Vỉa hè, Kinh doanh tốt. 10 Tỷ",,"Đường Bưởi, Phường Cống Vị, Quận Ba Đình, Hà NộiXem bản đồ",10 tỷ - 36 m2
142 m²,9 phòng,Nhiều hơn 6 phòng,Đã có sổ,"Nhà mặt phố, mặt tiền",,,"457,75 triệu/m²",,9,,Nội thất cao cấp,,ha-noi,"Mặt phố Trần Vỹ 142m, 9 Tầng, MT 6,5m. Vỉa hè , thang máy, KD. 65 Tỷ.",,"Trần Vỹ, Phường Mai Dịch, Quận Cầu Giấy, Hà NộiXem bản đồ",65 tỷ - 142 m2
180 m²,5 phòng,6 phòng,Đã có sổ,Nhà biệt thự,,,"163,89 triệu/m²",,4,,Bàn giao thô,,ha-noi,"Biệt thự Linh Đàm 180m, 4 Tầng, MT 10m. Kinh doanh sầm uất. 29,5 Tỷ.",,"Linh đàm, Phường Hoàng Liệt, Quận Hoàng Mai, Hà NộiXem bản đồ","29,5 tỷ - 180 m2"
60 m²,4 phòng,4 phòng,Đã có sổ,"Nhà mặt phố, mặt tiền",,,"408,33 triệu/m²",,5,,Nội thất đầy đủ,,ha-noi,"Mặt phố Nguyễn Công Hoan 60m, 5 Tầng, MT 4,1m. Vỉa hè, KD . 24,5 Tỷ.",,"Nguyễn Công Hoan, Phường Ngọc Khánh, Quận Ba Đình, Hà NộiXem bản đồ","24,5 tỷ - 60 m2"
105 m²,8 phòng,Nhiều hơn 6 phòng,Đã có sổ,"Nhà mặt phố, mặt tiền",,,"361,9 triệu/m²",,7,,Nội thất đầy đủ,,ha-noi,"Mặt phố Thụy Khuê 105m, 7 Tầng, MT 5,2m. Vỉa hè, Thang máy, KD. 38 Tỷ.",,"Đường Thụy Khuê, Phường Bưởi, Quận Tây Hồ, Hà NộiXem bản đồ",38 tỷ - 105 m2
80 m²,4 phòng,Nhiều hơn 6 phòng,Đã có sổ,"Nhà mặt phố, mặt tiền",,,"321,25 triệu/m²",,7,,Nội thất cao cấp,,ha-noi,"Mặt phố Mạc thị Bưởi 80m, 7 Tầng, MT 4,1m. Thang máy, KD. 25,7 Tỷ",,"Mạc thị Bưởi, Phường Thanh Lương, Quận Hai Bà Trưng, Hà NộiXem bản đồ","25,7 tỷ - 80 m2"
30 m²,4 phòng,5 phòng,Đã có sổ,"Nhà mặt phố, mặt tiền",,,"326,67 triệu/m²",,6,,Nhà trống,,ha-noi,"Mặt Phố Yên Phụ 30m, 6 Tầng, MT 3,1m. Vỉa hè rộng, KD tốt. 9,8 tỷ.",,"Phố Yên Phụ, Phường Yên Phụ, Quận Tây Hồ, Hà NộiXem bản đồ","9,8 tỷ - 30 m2"
307 m²,4 phòng,5 phòng,Đã có sổ,Nhà biệt thự,,,"205,21 triệu/m²",,4,,Nội thất đầy đủ,,ha-noi,"Dịch Vọng 307m, 4 Tầng, Mặt Tiền 15m.Vị trí đẹp, Kinh Doanh . 63 Tỷ.",,"Dịch vọng, Phường Dịch Vọng, Quận Cầu Giấy, Hà NộiXem bản đồ",63 tỷ - 307 m2
54 m²,nhiều hơn 10 phòng,Nhiều hơn 6 phòng,Đã có sổ,"Nhà ngõ, hẻm",,,"201,85 triệu/m²",,6,,Nội thất đầy đủ,,ha-noi,"Nguyễn Khang 54m, 6 Tầng, Thang máy, Mt 4,8m. Cho thuê 75 tr. 10,9 Tỷ.",,"Nguyễn Khang, Phường Yên Hoà, Quận Cầu Giấy, Hà NộiXem bản đồ","10,9 tỷ - 54 m2"
53 m²,nhiều hơn 10 phòng,Nhiều hơn 6 phòng,Đã có sổ,"Nhà ngõ, hẻm",,,"179,25 triệu/m²",,7,,Nội thất đầy đủ,,ha-noi,"Văn Chương 53m, 7 Tầng thang máy, MT 3,7m. Cho thuê 55 tr. 9,5 Tỷ.",,"Văn Chương, Phường Văn Chương, Quận Đống Đa, Hà NộiXem bản đồ","9,5 tỷ - 53 m2"
35 m²,3 phòng,4 phòng,Đã có sổ,"Nhà ngõ, hẻm",,,"328,57 triệu/m²",,5,,Nội thất đầy đủ,,ha-noi,"Trần Quang Diệu 35m, 5 Tầng, MT 3,8m. Vỉa hè, Oto tránh, KD. 11,5 Tỷ.",,"Phố Trần Quang Diệu, Phường Ô Chợ Dừa, Quận Đống Đa, Hà NộiXem bản đồ","11,5 tỷ - 35 m2"
69 m²,2 phòng,4 phòng,Đã có sổ,"Nhà mặt phố, mặt tiền",,,"420,29 triệu/m²",,5,,Nội thất đầy đủ,,ha-noi,"Mặt phố Xuân Diệu 69m, 5 Tầng, MT 5,4m. View Hồ Tây, KD tốt. 29 Tỷ.",,"Đường Xuân Diệu, Phường Quảng An, Quận Tây Hồ, Hà NộiXem bản đồ",29 tỷ - 69 m2
30 m²,3 phòng,3 phòng,Đã có sổ,"Nhà ngõ, hẻm",,,"83,33 triệu/m²",,4,,Nhà trống,,ha-noi,"Nhà đẹp 4tầng ở ngay,giá rẻ cách ô tô tránh 20m",,"Phúc Lợi, Phường Phúc Lợi, Quận Long Biên, Hà NộiXem bản đồ","2,5 tỷ - 30 m2"
50 m²,5 phòng,,Đang chờ sổ,"Nhà ngõ, hẻm",5 m,,218 triệu/m²,,7,,,10 m,ha-noi,"BÁN NHà PHố NGUYỄN NGỌC NẠI, HOÀNG VĂN THÁI, 7T,10,9 TỶ, THANG MÁY",,"NGUYỄN NGỌC NẠI, Phường Khương Trung, Quận Thanh Xuân, Hà NộiXem bản đồ","10,9 tỷ - 50 m2"
103 m²,4 phòng,5 phòng,Đã có sổ,Nhà phố liền kề,,,"133,01 triệu/m²",,5,,Nội thất cao cấp,,ha-noi,"An Khánh 103m, 5 Tầng, MT 5,4m. Kinh doanh tốt. 13,7 Tỷ.",,"Đường An Khánh, Xã An Khánh, Huyện Hoài Đức, Hà NộiXem bản đồ","13,7 tỷ - 103 m2"
32 m²,3 phòng,4 phòng,Đã có sổ,"Nhà ngõ, hẻm",,,"140,63 triệu/m²",,5,,Nội thất cao cấp,,ha-noi,"Siêu Hiếm! Nhà Quan Nhân, gần phố,kinh doanh sầm uất DT 33m*4T",,"Quan Nhân, Phường Thanh Xuân Nam, Quận Thanh Xuân, Hà NộiXem bản đồ","4,5 tỷ - 32 m2"
34 m²,6 phòng,6 phòng,Đã có sổ,"Nhà ngõ, hẻm",,40 m²,"170,59 triệu/m²",,,,Nội thất đầy đủ,,ha-noi,"CẦN TIỀN BÁN GẤP NHÀ LAI XÁ HOÀI ĐỨC, 34/40 x 7 TẦNG, Ô TÔ TRÁNH",,"Phố Tây Lai Xá, Xã Kim Chung, Huyện Hoài Đức, Hà NộiXem bản đồ","5,8 tỷ - 34 m2"
126 m²,3 phòng,2 phòng,Đã có sổ,"Nhà ngõ, hẻm",,197 m²,"36,9 triệu/m²",,,,Nội thất đầy đủ,,ha-noi,CHÍNH CHỦ BÁN CĂN HỘ LÔ GÓC TOÀ A4 DIỆN TÍCH 126m - 3 NGỦ - 2WC - GIÁ,,"Phố Hàm Nghi, Phường Mỹ Đình 2, Quận Nam Từ Liêm, Hà NộiXem bản đồ","4,65 tỷ - 126 m2"
72 m²,nhiều hơn 10 phòng,,Đã có sổ,"Nhà ngõ, hẻm",,,"201,39 triệu/m²",,,,,,ha-noi,CHUNG CƯ MI NI 72M x 8TẦNG - 24 PHÒNG - PHÚ ĐÔ MỸ ĐÌNH,,"Phú Đô, Phường Mỹ Đình 1, Quận Nam Từ Liêm, Hà NộiXem bản đồ","14,5 tỷ - 72 m2"
35 m²,4 phòng,4 phòng,Đã có sổ,"Nhà ngõ, hẻm",,,"75,71 triệu/m²",,5,,Nhà trống,,ha-noi,"Bán Nhà Riêng Tại Di Trạch Hoài Đức Sát KĐT Mới 35m, 5Tầng Giá 2.X Tỷ",,"Đường Di Trạch, Xã Di Trạch, Huyện Hoài Đức, Hà NộiXem bản đồ","2,65 tỷ - 35 m2"
32 m²,3 phòng,3 phòng,Đã có sổ,"Nhà ngõ, hẻm",,,"114,06 triệu/m²",,4,,Nhà trống,,ha-noi,SIÊU PHẨM TRƯƠNG ĐỊNH NHÀ ĐẸP- NGÕ THÔNG- SÁT MẶT PHỐ- 10M RA Ô TÔ,,"Đường Trương Định, Phường Thịnh Liệt, Quận Hoàng Mai, Hà NộiXem bản đồ","3,65 tỷ - 32 m2"
55 m²,4 phòng,,,Nhà phố liền kề,,,200 triệu/m²,,,,,,ha-noi,"Phân lô Trần Hữu Dực - Mỹ Đình, Dt 55m2, Mt 4.5m, Giá 11 y",,"Phố Trần Hữu Dực, Phường Mỹ Đình 1, Quận Nam Từ Liêm, Hà NộiXem bản đồ",11 tỷ - 55 m2
56 m²,5 phòng,4 phòng,Đã có sổ,"Nhà mặt phố, mặt tiền",,,"258,93 triệu/m²",,5,,Nội thất cao cấp,,ha-noi,VIEW MẶT HỒ- Ô TÔ TRÁNH-NHÀ ĐẸP-BÁN NHÀ VÕ THỊ SÁU 56M 5 TẦNG 14.x TỶ.,,"Phố Võ Thị Sáu, Phường Thanh Nhàn, Quận Hai Bà Trưng, Hà NộiXem bản đồ","14,5 tỷ - 56 m2"
105 m²,5 phòng,Nhiều hơn 6 phòng,Đã có sổ,"Nhà ngõ, hẻm",,,"342,86 triệu/m²",,8,,Nội thất cao cấp,,ha-noi,"Lê Đức Thọ 105m, 8 Tầng, MT 7m. Vỉa hè, Kinh doanh đa dạng. 36 Tỷ.",,"Đường Lê Đức Thọ, Phường Mỹ Đình 2, Quận Nam Từ Liêm, Hà NộiXem bản đồ",36 tỷ - 105 m2
36 m²,2 phòng,2 phòng,Đang chờ sổ,"Nhà ngõ, hẻm",,,"59,72 triệu/m²",,25,,,,ha-noi,chủ cần bán gấp nhà ngõ 179 vĩnh hưng 36 m chỉ 2.15 tỷ,,"Phố Vĩnh Hưng, Phường Vĩnh Hưng, Quận Hoàng Mai, Hà NộiXem bản đồ","2,15 tỷ - 36 m2"
59 m²,3 phòng,2 phòng,,"Nhà ngõ, hẻm",5 m,59 m²,"96,61 triệu/m²",,3,,,,ha-noi,"Nàng thơ Phú Diễn, ô tô vào nhà, ngõ thông kinh doanh đỉnh cao, 59m*3T",,"Đường Phú Diễn, Phường Phú Diễn, Quận Bắc Từ Liêm, Hà NộiXem bản đồ","5,7 tỷ - 59 m2"
65 m²,nhiều hơn 10 phòng,Nhiều hơn 6 phòng,Đã có sổ,"Nhà ngõ, hẻm",,,"208,62 triệu/m²",,7,,Nội thất cao cấp,,ha-noi,"Bán Toàn CHDV,CCMN ngõ 279 Đội Cấn,Oto đỗ cửa 65m2 xây 7 Tầng,",,"Đội Cấn, Phường Đội Cấn, Quận Ba Đình, Hà NộiXem bản đồ","13,56 tỷ - 65 m2"
52 m²,1 phòng,,Đã có sổ,"Nhà ngõ, hẻm",,52 m²,"50,96 triệu/m²",,1,,,,ha-noi,"Bán nhà Cấp 4 tại Thạch Bàn, Long Biên. Gần Phố, 52m2, giá 2,65 tỷ.",,"undefined, Phường Thạch Bàn, Quận Long Biên, Hà NộiXem bản đồ","2,65 tỷ - 52 m2"
33 m²,3 phòng,4 phòng,Đã có sổ,"Nhà ngõ, hẻm",,,"163,03 triệu/m²",,5,,Nội thất cao cấp,,ha-noi,SIÊU PHẨM - MẶT ngõ - LÔ góc - FULL nội thất Nhập - Gần Phố QUAN NHÂN,,"Quan nhân , Phường Nhân Chính, Quận Thanh Xuân, Hà NộiXem bản đồ","5,38 tỷ - 33 m2"
35 m²,4 phòng,,,"Nhà ngõ, hẻm",,35 m²,"134,29 triệu/m²",,6,,,,ha-noi,"Cực Hiếm! Phân lô Quân đội Vương Thừa Vũ, thoáng, nhà mới tinh,",,"Vương Thừa Vũ, Phường Khương Mai, Quận Thanh Xuân, Hà NộiXem bản đồ","4,7 tỷ - 35 m2"
30 m²,4 phòng,5 phòng,Đã có sổ,"Nhà ngõ, hẻm",,30 m²,"143,33 triệu/m²",,,Hẻm xe hơi,,,ha-noi,"Bán nhà Giáp Bát, Kim Đồng, 30m, 5 tầng, 4.3 tỷ",,"Đường Giáp Bát, Phường Giáp Bát, Quận Hoàng Mai, Hà NộiXem bản đồ","4,3 tỷ - 30 m2"
28 m²,2 phòng,1 phòng,Đã có sổ,"Nhà ngõ, hẻm",,,"83,93 triệu/m²",Đông Nam,,,Nhà trống,,ha-noi,"BÁN NHÀ LÃN ÔNG TẦNG 3, BÁN SỚM GIÁ THẤP",,"Phố Hàng Bồ, Phường Hàng Bồ, Quận Hoàn Kiếm, Hà NộiXem bản đồ","2,35 tỷ - 28 m2"
36 m²,3 phòng,3 phòng,Đã có sổ,"Nhà ngõ, hẻm",,,"122,22 triệu/m²",,5,,Nội thất đầy đủ,,ha-noi,"Nhà siêu đẹp Lê Thanh Nghị - Dân xây - Ngõ Nông chỉ nhỉnh 4,4 tỷ 36m2",,"Phố Lê Thanh Nghị, Phường Bách Khoa, Quận Hai Bà Trưng, Hà NộiXem bản đồ","4,4 tỷ - 36 m2"
38 m²,5 phòng,4 phòng,Đã có sổ,"Nhà ngõ, hẻm",,,"157,89 triệu/m²",,5,,Nội thất đầy đủ,,ha-noi,NHÀ MỚI - MẶT NGÕ - KINH DOANH SẦM UẤT giá nhỉnh 6 tỷ 56m2,,"Phố Kim Ngưu, Phường Thanh Nhàn, Quận Hai Bà Trưng, Hà NộiXem bản đồ",6 tỷ - 38 m2
42 m²,3 phòng,3 phòng,Đã có sổ,"Nhà ngõ, hẻm",,,"214,29 triệu/m²",,5,,Nội thất cao cấp,,ha-noi,Siêu phẩm Nhà thiết kế Biệt thự Châu âu giá nhỉnh 9tỷ 44m2 khu vực HBT,,"Phố Lê Thanh Nghị, Phường Cầu Dền, Quận Hai Bà Trưng, Hà NộiXem bản đồ",9 tỷ - 42 m2
54 m²,4 phòng,3 phòng,Đã có sổ,"Nhà ngõ, hẻm",,,"109,26 triệu/m²",,5,,Bàn giao thô,,ha-noi,"Nhà mới Phố Trần Khát Chân giá nhỉnh 5,9 tỷ 52m2-Mặt Ngõ-Kinh doanh",,"Đường Trần Khát Chân, Phường Thanh Nhàn, Quận Hai Bà Trưng, Hà NộiXem bản đồ","5,9 tỷ - 54 m2"
30 m²,3 phòng,4 phòng,Đã có sổ,"Nhà ngõ, hẻm",,,180 triệu/m²,,5,,Nội thất cao cấp,,ha-noi,"BÁN 30M2 NHÀ TRUNG TÂM QUẬN THANH XUÂN, LÔ GÓC, Ô TÔ, KINH DOANH",,"Quan Nhân, Phường Nhân Chính, Quận Thanh Xuân, Hà NộiXem bản đồ","5,4 tỷ - 30 m2"
36 m²,2 phòng,2 phòng,Giấy tờ khác,"Nhà ngõ, hẻm",3.5999 m,,"44,44 triệu/m²",,2,,,,ha-noi,Bán nhà 2 Tầng ngõ 274 Phố Định Công quận Hoàng Mai. 20M ra đường to,,"Định Công, Phường Định Công, Quận Hoàng Mai, Hà NộiXem bản đồ","1,6 tỷ - 36 m2"
30 m²,3 phòng,4 phòng,Đã có sổ,"Nhà ngõ, hẻm",,,180 triệu/m²,,5,,Nội thất cao cấp,,ha-noi,"BÁN 30M2 NHÀ TRUNG TÂM QUẬN THANH XUÂN, LÔ GÓC, Ô TÔ, KINH DOANH",,"Quan Nhân, Phường Nhân Chính, Quận Thanh Xuân, Hà NộiXem bản đồ","5,4 tỷ - 30 m2"
36 m²,2 phòng,2 phòng,Giấy tờ khác,"Nhà ngõ, hẻm",3.5999 m,,"44,44 triệu/m²",,2,,,,ha-noi,Bán nhà 2 Tầng ngõ 274 Phố Định Công quận Hoàng Mai. 20M ra đường to,,"Định Công, Phường Định Công, Quận Hoàng Mai, Hà NộiXem bản đồ","1,6 tỷ - 36 m2"
107 m²,8 phòng,Nhiều hơn 6 phòng,Đã có sổ,Nhà phố liền kề,,,"140,19 triệu/m²",,5,,,,ha-noi,Quỹ căn bán Louis City Hoàng Mai,,"Đền Lừ, Phường Hoàng Văn Thụ, Quận Hoàng Mai, Hà NộiXem bản đồ",15 tỷ - 107 m2
30 m²,4 phòng,3 phòng,Đã có sổ,"Nhà ngõ, hẻm",,,"113,33 triệu/m²",,4,,Nội thất đầy đủ,,ha-noi,Mua ở quá OK-Kim Giang-Hoàng Mai-Ngõ thông-DT30/33m-4T-Giá3.4tỷ-Hiếm,,"Ngõ 250 Kim Giang, Phường Đại Kim, Quận Hoàng Mai, Hà NộiXem bản đồ","3,4 tỷ - 30 m2"
31 m²,3 phòng,3 phòng,Đã có sổ,"Nhà ngõ, hẻm",,,"69,35 triệu/m²",Tây Nam,4,,,,ha-noi,"Nhà 4 tầng Yên Nghĩa, oto đỗ, gần Công Viên, Đại Học Phenika",,"Yên Bình, Phường Yên Nghĩa, Quận Hà Đông, Hà NộiXem bản đồ","2,15 tỷ - 31 m2"
31 m²,3 phòng,3 phòng,Đã có sổ,"Nhà ngõ, hẻm",,,"69,35 triệu/m²",Tây Nam,4,,,,ha-noi,"Nhà 4 tầng Giáp Công Viên Âm Nhạc, Oto đỗ, vào ở ngay",,"Yên Bình, Phường Yên Nghĩa, Quận Hà Đông, Hà NộiXem bản đồ","2,15 tỷ - 31 m2"
100 m²,8 phòng,Nhiều hơn 6 phòng,Đã có sổ,,,,162 triệu/m²,Đông,5,,,,ha-noi,Quỹ căn bán Louis City Hoàng Mai,,"Đền Lừ, Phường Hoàng Văn Thụ, Quận Hoàng Mai, Hà NộiXem bản đồ","16,2 tỷ - 100 m2"
50 m²,5 phòng,,Đã có sổ,"Nhà mặt phố, mặt tiền",,,216 triệu/m²,,,,,,ha-noi,"BÁN NHÀ PHÂN LÔ XUÂN DIỆU TÂY HỒ,GARA,SÁT HỒ TÂY, 50M GIÁ 10.8 TỶ",,"Xuân Diệu, Phường Quảng An, Quận Tây Hồ, Hà NộiXem bản đồ","10,8 tỷ - 50 m2"
35 m²,5 phòng,5 phòng,Đã có sổ,"Nhà ngõ, hẻm",,,"102,86 triệu/m²",,5,,Nhà trống,,ha-noi,Nhà 5 tầng-6 PN.Yên nghĩa.Gần ĐH Phennike.Vừa ở vừa cho thuê dòng tiền,,"Phố Yên Lộ, Phường Yên Nghĩa, Quận Hà Đông, Hà NộiXem bản đồ","3,6 tỷ - 35 m2"
90 m²,10 phòng,Nhiều hơn 6 phòng,Đã có sổ,"Nhà mặt phố, mặt tiền",,,"311,11 triệu/m²",,5,,Nội thất cao cấp,,ha-noi,Nhà hai mặt tiền mặt đường đôi Tân Mai. MB90m2*5T mới. SĐCC,,"123, Phố Tân Mai, Phường Tân Mai, Quận Hoàng Mai, Hà NộiXem bản đồ",28 tỷ - 90 m2
31 m²,4 phòng,3 phòng,Đã có sổ,"Nhà ngõ, hẻm",,,"119,35 triệu/m²",,4,,Nội thất đầy đủ,,ha-noi,"""Nên mua"" Nhà Kim Giang-Hoàng Mai-Ngõ thông-DT31/35m-4T-Giá 3.7tỷ -Đẹp",,"Ngõ 168, Kim Giang, Phường Đại Kim, Quận Hoàng Mai, Hà NộiXem bản đồ","3,7 tỷ - 31 m2"
38 m²,4 phòng,4 phòng,Đã có sổ,"Nhà ngõ, hẻm",,,"123,68 triệu/m²",,5,,Nội thất đầy đủ,,ha-noi,"BÁN NHÀ THỊNH LIỆT 38M² X 5 TẦNG , MT 4.5M, GIÁ BÁN 4.7 TỶ.",,"Đường Trương Định, Phường Thịnh Liệt, Quận Hoàng Mai, Hà NộiXem bản đồ","4,7 tỷ - 38 m2"
31 m²,4 phòng,,,"Nhà ngõ, hẻm",,,"174,19 triệu/m²",,,,,,ha-noi,"Nhà Mới, Tặng Nội Thất Đẹp, Vào Ở Luôn, 5 Tầng, Phố Lạc Long Quân.",,"Lạc Long Quân, Phường Xuân La, Quận Tây Hồ, Hà NộiXem bản đồ","5,4 tỷ - 31 m2"
15 m²,4 phòng,,,"Nhà ngõ, hẻm",,,"253,33 triệu/m²",,,,,,ha-noi,"Kinh Doanh Lạc Long Quân 4 Tầng, 3 Ô Tô Tránh Trước Nhà, Chỉ 3 tỷ 8.",,"Lạc Long Quân, Phường Xuân La, Quận Tây Hồ, Hà NộiXem bản đồ","3,8 tỷ - 15 m2"
48 m²,4 phòng,5 phòng,Đã có sổ,"Nhà mặt phố, mặt tiền",,,"312,5 triệu/m²",,5,,Nội thất cao cấp,,ha-noi,"VỊ TRÍ ĐẸP NHẤT YÊN LÃNG 5 TẦNG KINH DOANH, THÔNG TỨ TUNG",,"Phố Yên Lãng, Phường Láng Hạ, Quận Đống Đa, Hà NộiXem bản đồ",15 tỷ - 48 m2
46 m²,5 phòng,,,"Nhà ngõ, hẻm",,46 m²,"93,48 triệu/m²",,5,,,,ha-noi,⚡️Nhỉnh 4 tỷ Nhi Đồng b.án nh.à 46m đẹp nhất #ĐìnhThôn⚡️,,"Ngõ 378 Đường Mỹ Đình, Phường Mỹ Đình 1, Quận Nam Từ Liêm, Hà NộiXem bản đồ","4,3 tỷ - 46 m2"
35 m²,4 phòng,4 phòng,Đã có sổ,"Nhà ngõ, hẻm",,,"128,57 triệu/m²",,5,,,,ha-noi,Cần Bán Nhà Mặt Ngõ Phố Hào Nam 35m2 X5 Tầng Nhà Đẹp Ở Luôn Hơn 4 Tỷ.,,"Hào Nam, Phường Ô Chợ Dừa, Quận Đống Đa, Hà NộiXem bản đồ","4,5 tỷ - 35 m2"
36 m²,3 phòng,4 phòng,Đã có sổ,"Nhà mặt phố, mặt tiền",,,"147,22 triệu/m²",,5,,Nội thất cao cấp,,ha-noi,"Trung Kính - Cầu Giấy - 36m2 x 5 Tầng - Nhà mới, gần phố - Nhỉnh 5 tỷ",,"Trung Kính, Phường Trung Hoà, Quận Cầu Giấy, Hà NộiXem bản đồ","5,3 tỷ - 36 m2"
75 m²,4 phòng,,Đã có sổ,"Nhà mặt phố, mặt tiền",,,"213,33 triệu/m²",,,,,,ha-noi,"Nhà Mặt Phố Doãn Kế Thiện, Vỉa Hè Rộng, DT 75m2, MT 5.2m, Giá 16 tỷ",,"Doãn kế thiện, Phường Mai Dịch, Quận Cầu Giấy, Hà NộiXem bản đồ",16 tỷ - 75 m2
33 m²,4 phòng,,Đã có sổ,"Nhà ngõ, hẻm",,,"139,39 triệu/m²",,,,Nội thất đầy đủ,,ha-noi,"Chốt ngay! Mặt ngõ Võ Chí Công gần ô tô, full nội thất, 33m2*5T",,"Võ Chí Công, Phường Nghĩa Đô, Quận Cầu Giấy, Hà NộiXem bản đồ","4,6 tỷ - 33 m2"
33 m²,4 phòng,,Đã có sổ,"Nhà ngõ, hẻm",,,"139,39 triệu/m²",,,,Nội thất đầy đủ,,ha-noi,"Chốt ngay! Mặt ngõ Võ Chí Công gần ô tô, full nội thất, 33m2*5T",,"Võ Chí Công, Phường Nghĩa Đô, Quận Cầu Giấy, Hà NộiXem bản đồ","4,6 tỷ - 33 m2"
30 m²,3 phòng,3 phòng,Đã có sổ,"Nhà ngõ, hẻm",,,85 triệu/m²,Đông,5,,,,ha-noi,"Nhỉnh 2 tỷ sở hữu nhà 5 tầng Yên nghĩa trong đê, gần bến xe",,"Quốc lộ 6, Phường Yên Nghĩa, Quận Hà Đông, Hà NộiXem bản đồ","2,55 tỷ - 30 m2"
48 m²,9 phòng,Nhiều hơn 6 phòng,Đã có sổ,"Nhà ngõ, hẻm",,,"185,42 triệu/m²",,7,,Nội thất cao cấp,,ha-noi,BÁN TÒA CCMN TT BA ĐÌNH 6 tầng 9 phòng THANG MÁY,,"Phố Kim Mã, Phường Kim Mã, Quận Ba Đình, Hà NộiXem bản đồ","8,9 tỷ - 48 m2"
110 m²,5 phòng,5 phòng,,Nhà phố liền kề,,550 m²,"122,73 triệu/m²",,2,,,,ha-noi,Liền kề Spendora An Khánh-110m-5 tầng-siêu VIP-Nội thất tiền tỷ-13.xtỷ,,"Đường An Khánh, Xã An Khánh, Huyện Hoài Đức, Hà NộiXem bản đồ","13,5 tỷ - 110 m2"
55 m²,6 phòng,5 phòng,Đã có sổ,"Nhà ngõ, hẻm",,,"150,91 triệu/m²",,5,,Nội thất cao cấp,,ha-noi,BÁN NHÀ PHÂN LÔ NGUYỄN AN NINH 55M² X 5 TẦNG 06 PHÒNG 8.3 TỶ THANGMÁY,,"Nguyễn An Ninh, Phường Tương Mai, Quận Hoàng Mai, Hà NộiXem bản đồ","8,3 tỷ - 55 m2"
40 m²,3 phòng,4 phòng,Đã có sổ,"Nhà ngõ, hẻm",,,"87,5 triệu/m²",,5,,Nội thất đầy đủ,,ha-noi,"Sài Đồng 40M2 X 5 TẦNG MT 4,1M - Ô TÔ - KD - NGÕ THÔNG 3 TỶ",,"Phố Vũ Xuân Thiều, Phường Sài Đồng, Quận Long Biên, Hà NộiXem bản đồ","3,5 tỷ - 40 m2"
32 m²,3 phòng,4 phòng,Đã có sổ,"Nhà ngõ, hẻm",,,"151,88 triệu/m²",,5,,Nội thất đầy đủ,,ha-noi,"Bán nhà Phố Tương Mai Hai Bà Trưng 32m² x 5 tầng, 03 ngủ, mới koong",,"Ngõ 46 Tương Mai, Phường Đồng Tâm, Quận Hai Bà Trưng, Hà NộiXem bản đồ","4,86 tỷ - 32 m2"
45 m²,4 phòng,4 phòng,Đã có sổ,Nhà phố liền kề,,,240 triệu/m²,,4,,Nội thất đầy đủ,,ha-noi,"Bán nhà phân lô Phố Vọng Hai Bà Trưng 45m² x 4 tầng vỉa hè, ô tô tránh",,"Phố Vọng, Phường Đồng Tâm, Quận Hai Bà Trưng, Hà NộiXem bản đồ","10,8 tỷ - 45 m2"
30 m²,4 phòng,4 phòng,Đã có sổ,"Nhà ngõ, hẻm",,,"143,33 triệu/m²",,5,,Nội thất đầy đủ,,ha-noi,"Bán nhà Trương Định Hoàng Mai 30m² x 5 tầng, giá bán 4.3 tỷ",,"Đường Trương Định, Phường Thịnh Liệt, Quận Hoàng Mai, Hà NộiXem bản đồ","4,3 tỷ - 30 m2"
32 m²,3 phòng,4 phòng,Đã có sổ,"Nhà ngõ, hẻm",,,"134,38 triệu/m²",,5,,Nội thất đầy đủ,,ha-noi,"Bán nhà Giáp Bát 32m² x 5 tầng, 3 phòng ngủ rộng, giá bán 4.3 tỷ",,"Đường Giáp Bát, Phường Giáp Bát, Quận Hoàng Mai, Hà NộiXem bản đồ","4,3 tỷ - 32 m2"
47 m²,4 phòng,4 phòng,Đã có sổ,"Nhà ngõ, hẻm",,,"148,94 triệu/m²",,4,,Nội thất đầy đủ,,ha-noi,"Bán nhà Tương Mai 47m² x 4 tầng, MT 4m, Giá bán 7 tỷ nhà mới đẹp.",,"Phố Tương Mai, Phường Tương Mai, Quận Hoàng Mai, Hà NộiXem bản đồ",7 tỷ - 47 m2
36 m²,3 phòng,3 phòng,Đã có sổ,"Nhà ngõ, hẻm",,,"81,94 triệu/m²",,4,,Nội thất cao cấp,,ha-noi,Nhà Vân Canh,,"Kim Hoàng , Xã Vân Canh, Huyện Hoài Đức, Hà NộiXem bản đồ","2,95 tỷ - 36 m2"
32 m²,4 phòng,5 phòng,Đã có sổ,"Nhà ngõ, hẻm",,,"209,38 triệu/m²",,6,,Nội thất cao cấp,,ha-noi,Bán nhà Giáp Bát 32m² x 6 tầng lô gốc ô tô vào nhà 6.7 tỷ,,"Giáp Bát, Phường Giáp Bát, Quận Hoàng Mai, Hà NộiXem bản đồ","6,7 tỷ - 32 m2"
65 m²,9 phòng,5 phòng,Đã có sổ,"Nhà ngõ, hẻm",,,"153,85 triệu/m²",Tây Nam,5,,,,ha-noi,Nhà tại 54 Phố Hoa Bằng Cầu Giấy 65m x 5T Mt 4m ô tô tránh thuê 35tr.,,"54, Hoa Bằng, Phường Yên Hoà, Quận Cầu Giấy, Hà NộiXem bản đồ",10 tỷ - 65 m2
40 m²,4 phòng,4 phòng,Đã có sổ,"Nhà ngõ, hẻm",,,"107,5 triệu/m²",,4,,Nội thất đầy đủ,,ha-noi,"Bán nhà Tân Mai 40m² x 4 tầng, 4 phòng ngủ rộng thoáng, nhà mới ở luôn",,"Tân Mai, Phường Tân Mai, Quận Hoàng Mai, Hà NộiXem bản đồ","4,3 tỷ - 40 m2"
35 m²,3 phòng,4 phòng,Đã có sổ,"Nhà ngõ, hẻm",,,"104,29 triệu/m²",,5,,Nội thất đầy đủ,,ha-noi,BÁN NHÀ TÂN MAI 35M² X 5 TẦNG - NHÀ MỚI KOONG - 3.65 TỶ - 5M Ô TÔ,,"Phố Tân Mai, Phường Tân Mai, Quận Hoàng Mai, Hà NộiXem bản đồ","3,65 tỷ - 35 m2"
50 m²,4 phòng,,Đã có sổ,"Nhà mặt phố, mặt tiền",,,244 triệu/m²,,,,,,ha-noi,VỠ CHỨNG BÁN GẤP NHÀ TRÍCH SÀI - TÂY HỒ - Ô TÔ - CÁCH MẶT HỒ TÂY 10M,,"Trích Sài, Phường Bưởi, Quận Tây Hồ, Hà NộiXem bản đồ","12,2 tỷ - 50 m2"
50 m²,5 phòng,5 phòng,Đã có sổ,"Nhà mặt phố, mặt tiền",,,120 triệu/m²,,5,,Nội thất cao cấp,,ha-noi,Bán Nhà Cực Đẹp Phố Trần Duy Hưng-Cầu Giấy 50m2 x 5T Ngõ Ô Tô Giá 6 Tỷ,,"Trần Duy Hưng, Phường Trung Hoà, Quận Cầu Giấy, Hà NộiXem bản đồ",6 tỷ - 50 m2
190 m²,4 phòng,4 phòng,,Nhà biệt thự,,,"155,26 triệu/m²",Tây Bắc,3,,,,ha-noi,Bán Căn Biệt Thự ROMAN PLAZA 190m2x 4tầng MT: 11m Hà Đông,,"Tố Hữu, Phường Đại Mỗ, Quận Nam Từ Liêm, Hà NộiXem bản đồ","29,5 tỷ - 190 m2"
40 m²,3 phòng,,Đã có sổ,"Nhà ngõ, hẻm",,,"148,75 triệu/m²",,6,"Hẻm xe hơi,Nở hậu",Nội thất đầy đủ,,ha-noi,"Hiếm 1 0 2! Phố Vip Cầu Giấy, Ô tô đỗ cửa, 40 m2* 6 tầng, giá 5, tỷ",,"Cầu Giấy, Phường Dịch Vọng, Quận Cầu Giấy, Hà NộiXem bản đồ","5,95 tỷ - 40 m2"
36 m²,3 phòng,3 phòng,Đã có sổ,"Nhà ngõ, hẻm",,,"81,94 triệu/m²",,4,,Nội thất cao cấp,,ha-noi,Nhà Vân Canh,,"Kim Hoàng , Xã Vân Canh, Huyện Hoài Đức, Hà NộiXem bản đồ","2,95 tỷ - 36 m2"
32 m²,4 phòng,5 phòng,Đã có sổ,"Nhà ngõ, hẻm",,,"209,38 triệu/m²",,6,,Nội thất cao cấp,,ha-noi,Bán nhà Giáp Bát 32m² x 6 tầng lô gốc ô tô vào nhà 6.7 tỷ,,"Giáp Bát, Phường Giáp Bát, Quận Hoàng Mai, Hà NộiXem bản đồ","6,7 tỷ - 32 m2"
65 m²,9 phòng,5 phòng,Đã có sổ,"Nhà ngõ, hẻm",,,"153,85 triệu/m²",Tây Nam,5,,,,ha-noi,Nhà tại 54 Phố Hoa Bằng Cầu Giấy 65m x 5T Mt 4m ô tô tránh thuê 35tr.,,"54, Hoa Bằng, Phường Yên Hoà, Quận Cầu Giấy, Hà NộiXem bản đồ",10 tỷ - 65 m2
40 m²,4 phòng,4 phòng,Đã có sổ,"Nhà ngõ, hẻm",,,"107,5 triệu/m²",,4,,Nội thất đầy đủ,,ha-noi,"Bán nhà Tân Mai 40m² x 4 tầng, 4 phòng ngủ rộng thoáng, nhà mới ở luôn",,"Tân Mai, Phường Tân Mai, Quận Hoàng Mai, Hà NộiXem bản đồ","4,3 tỷ - 40 m2"
35 m²,3 phòng,4 phòng,Đã có sổ,"Nhà ngõ, hẻm",,,"104,29 triệu/m²",,5,,Nội thất đầy đủ,,ha-noi,BÁN NHÀ TÂN MAI 35M² X 5 TẦNG - NHÀ MỚI KOONG - 3.65 TỶ - 5M Ô TÔ,,"Phố Tân Mai, Phường Tân Mai, Quận Hoàng Mai, Hà NộiXem bản đồ","3,65 tỷ - 35 m2"
50 m²,4 phòng,,Đã có sổ,"Nhà mặt phố, mặt tiền",,,244 triệu/m²,,,,,,ha-noi,VỠ CHỨNG BÁN GẤP NHÀ TRÍCH SÀI - TÂY HỒ - Ô TÔ - CÁCH MẶT HỒ TÂY 10M,,"Trích Sài, Phường Bưởi, Quận Tây Hồ, Hà NộiXem bản đồ","12,2 tỷ - 50 m2"
50 m²,5 phòng,5 phòng,Đã có sổ,"Nhà mặt phố, mặt tiền",,,120 triệu/m²,,5,,Nội thất cao cấp,,ha-noi,Bán Nhà Cực Đẹp Phố Trần Duy Hưng-Cầu Giấy 50m2 x 5T Ngõ Ô Tô Giá 6 Tỷ,,"Trần Duy Hưng, Phường Trung Hoà, Quận Cầu Giấy, Hà NộiXem bản đồ",6 tỷ - 50 m2
190 m²,4 phòng,4 phòng,,Nhà biệt thự,,,"155,26 triệu/m²",Tây Bắc,3,,,,ha-noi,Bán Căn Biệt Thự ROMAN PLAZA 190m2x 4tầng MT: 11m Hà Đông,,"Tố Hữu, Phường Đại Mỗ, Quận Nam Từ Liêm, Hà NộiXem bản đồ","29,5 tỷ - 190 m2"
40 m²,3 phòng,,Đã có sổ,"Nhà ngõ, hẻm",,,"148,75 triệu/m²",,6,"Hẻm xe hơi,Nở hậu",Nội thất đầy đủ,,ha-noi,"Hiếm 1 0 2! Phố Vip Cầu Giấy, Ô tô đỗ cửa, 40 m2* 6 tầng, giá 5, tỷ",,"Cầu Giấy, Phường Dịch Vọng, Quận Cầu Giấy, Hà NộiXem bản đồ","5,95 tỷ - 40 m2"
50 m²,nhiều hơn 10 phòng,Nhiều hơn 6 phòng,Đã có sổ,"Nhà ngõ, hẻm",,,190 triệu/m²,,6,,Nội thất cao cấp,,ha-noi,BÁN TÒA CCNM BA ĐÌNH 11 phòng 6 tầng THANG MÁY,,"Đội Cấn, Phường Đội Cấn, Quận Ba Đình, Hà NộiXem bản đồ","9,5 tỷ - 50 m2"
31 m²,3 phòng,3 phòng,,"Nhà ngõ, hẻm",3.5 m,150 m²,"90,32 triệu/m²",,,,,12 m,ha-noi,NHÀ 5 TẦNG Yên Nghĩa Ô Tô đỗ gần giá chỉ 2.8 tỷ thương lượng,,"Quang Trung, Phường Yên Nghĩa, Quận Hà Đông, Hà NộiXem bản đồ","2,8 tỷ - 31 m2"
66 m²,4 phòng,,Đã có sổ,"Nhà ngõ, hẻm",,,"78,79 triệu/m²",,3,Nở hậu,Nội thất đầy đủ,,ha-noi,BÁN NHÀ SÀI ĐỒNG LONG BIÊN 66M2 4TẦNG GẦN HỒ GẦN PHỐ ÔTÔ ĐỖ GẦN 5.2 TỶ,,"Phố Sài Đồng, Phường Sài Đồng, Quận Long Biên, Hà NộiXem bản đồ","5,2 tỷ - 66 m2"
55 m²,5 phòng,6 phòng,Đã có sổ,"Nhà mặt phố, mặt tiền",,,"250,91 triệu/m²",,,,,,ha-noi,BÁN GẤP PHÂN LÔ VÕNG THỊ - TÂY HỒ - GARA - 2 Ô TÔ TRÁNH - GIÁ 13.8 TỶ,,"Võng Thị, Phường Bưởi, Quận Tây Hồ, Hà NộiXem bản đồ","13,8 tỷ - 55 m2"
35 m²,5 phòng,3 phòng,Đã có sổ,"Nhà ngõ, hẻm",,,"71,43 triệu/m²",Đông Nam,4,,,,ha-noi,Bán Nhà Liên Mạc 4 Tầng ô tô đỗ cổng giá 2.5 tỷ sát nhà văn hoá,,"Đường Liên Mạc, Phường Liên Mạc, Quận Bắc Từ Liêm, Hà NộiXem bản đồ","2,5 tỷ - 35 m2"
51 m²,3 phòng,4 phòng,Đã có sổ,"Nhà ngõ, hẻm",,,"115,69 triệu/m²",,5,,Nội thất đầy đủ,,ha-noi,BÁN NHÀ MẶT NGÕ KINH DOANH BÁT KHỐI LONG BIÊN LÔ GÓC 51M2 5TẦNG 5.9TỶ,,"Đường Bát Khối, Phường Long Biên, Quận Long Biên, Hà NộiXem bản đồ","5,9 tỷ - 51 m2"
38 m²,4 phòng,4 phòng,Đã có sổ,"Nhà ngõ, hẻm",,,"128,42 triệu/m²",,5,,Nội thất cao cấp,,ha-noi,"Lô Góc 184 Trần Duy Hưng, ngõ thông, KD, 20m ra oto, 38m*5T",,"Trần Duy Hưng, Phường Trung Hoà, Quận Cầu Giấy, Hà NộiXem bản đồ","4,88 tỷ - 38 m2"
34 m²,4 phòng,,Đã có sổ,"Nhà ngõ, hẻm",,,125 triệu/m²,,4,,Nhà trống,,ha-noi,"Bán nhà 651 Minh Khai, 4 ngủ gần ô tô chỉ nhỉnh 4đ",,"Phố Minh Khai, Phường Thanh Lương, Quận Hai Bà Trưng, Hà NộiXem bản đồ","4,25 tỷ - 34 m2"
84 m²,4 phòng,,Đã có sổ,"Nhà ngõ, hẻm",,,"90,48 triệu/m²",,4,Hẻm xe hơi,Nội thất đầy đủ,,ha-noi,BÁN NHÀ PHỐ NGUYỄN LAM LONG BIÊN 84M2 5 TẦNG ÔTÔ GẦN VINHOMES 7.6 TỶ,,"Phố Nguyễn Lam, Phường Phúc Đồng, Quận Long Biên, Hà NộiXem bản đồ","7,6 tỷ - 84 m2"
110 m²,nhiều hơn 10 phòng,Nhiều hơn 6 phòng,Đã có sổ,"Nhà ngõ, hẻm",,,"136,36 triệu/m²",,,,,,ha-noi,"BÁN TOÀ CHDV QUẬN TÂY HỒ, 20 PKK, DÒNG TIỀN 10% /NĂM",,"An Dương Vương, Phường Phú Thượng, Quận Tây Hồ, Hà NộiXem bản đồ",15 tỷ - 110 m2
40 m²,4 phòng,4 phòng,,"Nhà ngõ, hẻm",,46 m²,"157,5 triệu/m²",,5,,,,ha-noi,"Bán nhà gần Times city - Gara ô tô - Phân lô - 6,x đồng",,"Nguyễn Khoái, Phường Thanh Trì, Quận Hoàng Mai, Hà NộiXem bản đồ","6,3 tỷ - 40 m2"
