Diện tích đất:,Số phòng ngủ:,Số phòng vệ sinh:,Giấy tờ pháp lý:,Loại hình nhà ở:,Chiều ngang:,Diện tích sử dụng:,Giá/m2:,Hướng cửa chính:,Tổng số tầng:,Đặc điểm nhà/đất:,Tình trạng nội thất:,Chiều dài:,Location,Name,URL,District,Price
35 m²,3 phòng,,,"Nhà ngõ, hẻm",,,"111,43 triệu/m²",,,,,,ha-noi,🍀💥NHÀ ĐẸP PHỐ TRẠM - LONG BIÊN - NGÕ NÔNG RỘNG - Ô TÔ ĐỖ CỬA,,"Phố Trạm, Phường Long Biên, Quận Long Biên, Hà NộiXem bản đồ","3,9 tỷ - 35 m2"
30 m²,2 phòng,1 phòng,Đã có sổ,"Nhà ngõ, hẻm",,,"106,67 triệu/m²",,3,,Nhà trống,,ha-noi,"Cần bán nhà phố Nguyễn Chí Thanh,ngõ thông,50m ra ngõ oto , chỉ 3.2 tỉ",,"nguyễn chí thanh, Phường Giảng Võ, Quận Ba Đình, Hà NộiXem bản đồ","3,2 tỷ - 30 m2"
45 m²,4 phòng,3 phòng,,"Nhà ngõ, hẻm",,,"97,78 triệu/m²",,4,,,,ha-noi,"BÁN GẤP NHÀ HỒNG MAI , SÁT PHỐ , GẦN CHỢ,,TIỆN ÍCH",,"Phố Hồng Mai, Phường Quỳnh Lôi, Quận Hai Bà Trưng, Hà NộiXem bản đồ","4,4 tỷ - 45 m2"
45 m²,4 phòng,5 phòng,Đã có sổ,"Nhà mặt phố, mặt tiền",,,"122,22 triệu/m²",,4,,Nội thất cao cấp,,ha-noi,Không cái rẻ và đẹphơn cái nhà này trong cùng phân khúc ĐỐNG ĐA-HÀ NỘI,,"Phố Hào Nam, Phường Cát Linh, Quận Đống Đa, Hà NộiXem bản đồ","5,5 tỷ - 45 m2"
35 m²,4 phòng,,,"Nhà ngõ, hẻm",,,"148,57 triệu/m²",,,,,,ha-noi,"NHÀ DÂN XÂY BỒ ĐỀ, ÁI MỘ, Ô TÔ TRÁNH 10m, TẶNG FULL NỘI THẤT",,"Bồ đề, Phường Bồ Đề, Quận Long Biên, Hà NộiXem bản đồ","5,2 tỷ - 35 m2"
120 m²,6 phòng,5 phòng,Đã có sổ,"Nhà mặt phố, mặt tiền",,,"208,33 triệu/m²",,5,,,,ha-noi,Bán Nhà mặt phố xala 120M MT7.5m khu đô thị xala kd tất cả nhỉnh 25tỷ,,"xala, Phường Phúc La, Quận Hà Đông, Hà NộiXem bản đồ",25 tỷ - 120 m2
38 m²,4 phòng,3 phòng,,"Nhà mặt phố, mặt tiền",,150 m²,"144,74 triệu/m²",,4,"Hẻm xe hơi,Nở hậu",,,ha-noi,Nhà văn quán Chỉ 1 Căn *** 5.5 Tỷ...+ Khu Phân Lô Ô Tô vào nhà,,"Nguyễn Khuyến, Phường Văn Quán, Quận Hà Đông, Hà NộiXem bản đồ","5,5 tỷ - 38 m2"
33 m²,3 phòng,3 phòng,Đã có sổ,"Nhà ngõ, hẻm",57 m,,"129,64 triệu/m²",,3,,,,ha-noi,BÁN NHÀ NGÕ TRUNG TẢ 33M 4 TẦNG MT 5.7M GIÁ 4.278 TỶ NHÀ ĐẸP Ở LUÔN.,,"Ngõ Trung Tả, Phường Thổ Quan, Quận Đống Đa, Hà NộiXem bản đồ","4,278 tỷ - 33 m2"
22 m²,2 phòng,3 phòng,Đã có sổ,"Nhà ngõ, hẻm",,,"122,05 triệu/m²",,4,,Nội thất đầy đủ,,ha-noi,"Tôi chính chủ cần bán nhà phố Nguyễn Công Trứ, ngõ rộng, nông, 4 tầng.",,"Nguyễn Công Trứ , Phường Đồng Nhân, Quận Hai Bà Trưng, Hà NộiXem bản đồ","2,685 tỷ - 22 m2"
30 m²,2 phòng,2 phòng,Đã có sổ,"Nhà ngõ, hẻm",3 m,,110 triệu/m²,,4,,,,ha-noi,BÁN NHÀ HÀO NAM 30M 4 TẦNG MT 3M GIÁ 3.3 TỶ Ở LUÔN.,,"Phố Hào Nam, Phường Ô Chợ Dừa, Quận Đống Đa, Hà NộiXem bản đồ","3,3 tỷ - 30 m2"
30 m²,3 phòng,4 phòng,Đã có sổ,"Nhà ngõ, hẻm",12 m,,180 triệu/m²,,5,,,,ha-noi,BÁN NHÀ LƯƠNG ĐÌNH CỦA 30M 5 TẦNG GIÁ 5.4 TỶ NHÀ ĐẸP Ở LUÔN,,"Phố Lương Định Của, Phường Kim Liên, Quận Đống Đa, Hà NộiXem bản đồ","5,4 tỷ - 30 m2"
40 m²,6 phòng,5 phòng,Đã có sổ,,,,120 triệu/m²,Đông Bắc,5,,,,ha-noi,BÁN NHÀ DÂN XÂY CHẮC CHẮN- TRUNG TÂM NGÃ TƯ SỞ-NGÕ 354 TRƯỜNG CHINH,,"12B, Đường Trường Chinh, Phường Ngã Tư Sở, Quận Đống Đa, Hà NộiXem bản đồ","4,8 tỷ - 40 m2"
58 m²,4 phòng,5 phòng,Đã có sổ,"Nhà ngõ, hẻm",,,"102,59 triệu/m²",,5,,Nội thất đầy đủ,,ha-noi,"Nhà Nguyễn lương bằng 60M,5tang ngõ to rộng trung tâm đống đa 5,95ty",,"nguyễn lương bằng, Phường Quang Trung, Quận Đống Đa, Hà NộiXem bản đồ","5,95 tỷ - 58 m2"
31 m²,3 phòng,3 phòng,Đã có sổ,"Nhà ngõ, hẻm",,,"79,03 triệu/m²",Đông,4,,,,ha-noi,bán nhà la phù .đẹp,,"Hoang Hoa Thám , Xã La Phù, Huyện Hoài Đức, Hà NộiXem bản đồ","2,45 tỷ - 31 m2"
48 m²,9 phòng,5 phòng,Đã có sổ,"Nhà ngõ, hẻm",4 m,,"143,75 triệu/m²",,6,,,,ha-noi,BÁN NHÀ HỒ ĐẮC DI NHÀ MỚI SIÊU ĐẸP 48M 6 TẦNG MT 3.5M GIÁ 6.9 TỶ,,"Hồ đắc di, Phường Nam Đồng, Quận Đống Đa, Hà NộiXem bản đồ","6,9 tỷ - 48 m2"
35 m²,6 phòng,4 phòng,Đã có sổ,"Nhà ngõ, hẻm",5 m,,"177,14 triệu/m²",,5,,,,ha-noi,BÁN NHÀ TRONG NGÕ THỊNH HÀO 2 45M 5 TẦNG MT 5M GIÁ 6.2 TỶ NHÀ ĐẸP,,"Ngõ Thịnh Hào 2, Phường Hàng Bột, Quận Đống Đa, Hà NộiXem bản đồ","6,2 tỷ - 35 m2"
30 m²,4 phòng,6 phòng,,,,,"193,33 triệu/m²",Đông Bắc,6,,,,ha-noi,BÁN NHÀ ĐẸP NGÕ 354 TRƯỜNG CHINH-TRUNG TÂM NGÃ TƯ SỞ,,"44, Đường Trường Chinh, Phường Ngã Tư Sở, Quận Đống Đa, Hà NộiXem bản đồ","5,8 tỷ - 30 m2"
86 m²,6 phòng,6 phòng,Đã có sổ,,,,"255,81 triệu/m²",Đông Nam,4,,,,ha-noi,💥 PHÂN KHU VIP BA ĐÌNH - Ô TÔ - MẶT NGÕ - KINH DOANH VĂN PHÒNG -,,"bưởi, Phường Liễu Giai, Quận Ba Đình, Hà NộiXem bản đồ",22 tỷ - 86 m2
43 m²,6 phòng,6 phòng,Đã có sổ,"Nhà ngõ, hẻm",,,"134,88 triệu/m²",,5,,Nội thất đầy đủ,,ha-noi,"Bán nhà 5 tầng Văn Hương 43m, mt 4,3m, 5.8 tỷ",,"Ngõ Văn Chương, Phường Khâm Thiên, Quận Đống Đa, Hà NộiXem bản đồ","5,8 tỷ - 43 m2"
35 m²,3 phòng,4 phòng,Đã có sổ,"Nhà ngõ, hẻm",,,"132,86 triệu/m²",,5,,Nội thất đầy đủ,,ha-noi,"Bán nhà Xuân Đỉnh 35m2, 5T, 5m, ô tô, 4.65 tỷ.",,"Xuân Đỉnh, Phường Xuân Đỉnh, Quận Bắc Từ Liêm, Hà NộiXem bản đồ","4,65 tỷ - 35 m2"
45 m²,4 phòng,4 phòng,Đã có sổ,"Nhà mặt phố, mặt tiền",,45 m²,"122,22 triệu/m²",,4,,,,ha-noi,Chủ nhà mót bán đang giảm chào nhà tại-ĐỐNG ĐA-HÀ NỘI,,"Phố Hào Nam, Phường Cát Linh, Quận Đống Đa, Hà NộiXem bản đồ","5,5 tỷ - 45 m2"
33 m²,4 phòng,,Đã có sổ,"Nhà ngõ, hẻm",3.5999 m,,100 triệu/m²,,4,,Nội thất đầy đủ,,ha-noi,"Bán nhà Ngã Tư Sở 33m2*4T căn góc thoáng 50m oto, nhà đẹp nhỉnh 3 tỷ",,"Phố Bùi Xương Trạch, Phường Hạ Đình, Quận Thanh Xuân, Hà NộiXem bản đồ","3,3 tỷ - 33 m2"
31 m²,3 phòng,3 phòng,Đã có sổ,Nhà phố liền kề,,,"79,03 triệu/m²",Đông Nam,4,,,,ha-noi,Nhà la phù dương nội 4t 2ty450,,"Ngõ 534 Lê Trọng Tấn, Phường Dương Nội, Quận Hà Đông, Hà NộiXem bản đồ","2,45 tỷ - 31 m2"
32 m²,3 phòng,4 phòng,Đã có sổ,"Nhà ngõ, hẻm",,,125 triệu/m²,,5,,Nội thất đầy đủ,,ha-noi,"Giá sập sàn! Nhà Tây Sơn, 2 thoáng, sát phố, ở ngay, 32m2*5T",,"Phố Tây Sơn, Phường Quang Trung, Quận Đống Đa, Hà NộiXem bản đồ",4 tỷ - 32 m2
40 m²,4 phòng,3 phòng,Đã có sổ,"Nhà ngõ, hẻm",,,"197,5 triệu/m²",,4,,,,ha-noi,Chủ cần bán gấp nhà Tây Hồ oto tránh 40m 4 tầng hơn 7 tỷ LH gấp,,"Đường Nghi Tàm, Phường Yên Phụ, Quận Tây Hồ, Hà NộiXem bản đồ","7,9 tỷ - 40 m2"
50 m²,4 phòng,4 phòng,Đã có sổ,"Nhà ngõ, hẻm",,,190 triệu/m²,,4,,Nội thất cao cấp,,ha-noi,Bán nhà chính chủ phố Phạm Ngũ Lão Phan Chu Trinh Hoàn Kiếm 50m 5 tầng,,"Phạm Ngũ Lão, Phường Phan Chu Trinh, Quận Hoàn Kiếm, Hà NộiXem bản đồ","9,5 tỷ - 50 m2"
90 m²,5 phòng,6 phòng,Đã có sổ,"Nhà ngõ, hẻm",5 m,,"92,78 triệu/m²",,,,Nội thất cao cấp,,ha-noi,Bán giá rẻ nhất nhà Tây Hồ 90m 5 tầng mt 5m nhỉnh 8 tỷ,,"Phố Tứ Liên, Phường Tứ Liên, Quận Tây Hồ, Hà NộiXem bản đồ","8,35 tỷ - 90 m2"
80 m²,5 phòng,4 phòng,Đã có sổ,"Nhà mặt phố, mặt tiền",8 m,,250 triệu/m²,,5,,,,ha-noi,Bán rẻ nhất khu nhà mặt phố Trần Vỹ Cầu Giấy 80m mt 8.6m giá nhỉnh20tỷ,,"Trần Vỹ, Phường Mai Dịch, Quận Cầu Giấy, Hà NộiXem bản đồ",20 tỷ - 80 m2
50 m²,6 phòng,4 phòng,Đã có sổ,"Nhà ngõ, hẻm",,,234 triệu/m²,,5,,Nội thất cao cấp,,ha-noi,Bán gấp nhà phố Trần Phú Ba Đình 50m 5 tầng oto kinh doanh giá rẻ nhất,,"Phố Trần Phú, Phường Điện Biên, Quận Ba Đình, Hà NộiXem bản đồ","11,7 tỷ - 50 m2"
100 m²,4 phòng,4 phòng,Đã có sổ,"Nhà ngõ, hẻm",,,130 triệu/m²,,5,,Nội thất cao cấp,,ha-noi,RẺ NHẤT TÂY HỒ GIÁP BA ĐÌNH HOÀN KIẾM HỒ TÂY 98M MT 6M OTO TRÁNH 13 TỶ,,"Đường Nghi Tàm, Phường Yên Phụ, Quận Tây Hồ, Hà NộiXem bản đồ",13 tỷ - 100 m2
78 m²,1 phòng,1 phòng,Đã có sổ,"Nhà ngõ, hẻm",6 m,,"17,95 triệu/m²",,,,Bàn giao thô,,ha-noi,Chính chủ bán cắt lỗ đất cạnh công nghệ cao Hòa Lạc 78m mt 6m giá1.4ty,,"Đường tỉnh 420, Xã Bình Yên, Huyện Thạch Thất, Hà NộiXem bản đồ","1,4 tỷ - 78 m2"
60 m²,4 phòng,4 phòng,Đã có sổ,"Nhà ngõ, hẻm",,300 m²,250 triệu/m²,,5,,,,ha-noi,Bán gấp nhà riêng phố Văn Cao Ba Đình 60m mt 5m giá nhỉnh 15 tỷ oto,,"Đường Văn Cao, Phường Liễu Giai, Quận Ba Đình, Hà NộiXem bản đồ",15 tỷ - 60 m2
45 m²,4 phòng,4 phòng,Đã có sổ,"Nhà ngõ, hẻm",,,"222,22 triệu/m²",,5,,Nội thất cao cấp,,ha-noi,Cần bán gấp nhà phố Phan Đình Phùng Ba Đình 45m 5 tầng 4 ngủ giá rẻ,,"Phố Phan Đình Phùng, Phường Quán Thánh, Quận Ba Đình, Hà NộiXem bản đồ",10 tỷ - 45 m2
60 m²,7 phòng,5 phòng,Đã có sổ,"Nhà mặt phố, mặt tiền",6 m,,"416,67 triệu/m²",,5,,,,ha-noi,Chính chủ bán nhà phố Giảng Võ Ba Đình 60m 5 tầng vỉa hè kinh doanh,,"Giảng Võ, Phường Giảng Võ, Quận Ba Đình, Hà NộiXem bản đồ",25 tỷ - 60 m2
80 m²,5 phòng,4 phòng,Đã có sổ,"Nhà mặt phố, mặt tiền",,400 m²,250 triệu/m²,,,,Nội thất cao cấp,,ha-noi,Định cư nước ngoài bán gấp mặt phố Trần Vỹ Cầu Giấy 80m hơn 20 tỷ,,"Trần Vỹ, Phường Mai Dịch, Quận Cầu Giấy, Hà NộiXem bản đồ",20 tỷ - 80 m2
40 m²,4 phòng,,,"Nhà ngõ, hẻm",,,"112,5 triệu/m²",,,,,,ha-noi,TT Đống Đa_Láng Hạ_Gần Mặt Phố_2 thoáng_Ngõ Thông Tứ Tung_Nhà Đẹp,,"Đường Láng, Phường Láng Hạ, Quận Đống Đa, Hà NộiXem bản đồ","4,5 tỷ - 40 m2"
45 m²,5 phòng,5 phòng,Đã có sổ,"Nhà ngõ, hẻm",,,"166,67 triệu/m²",,8,,Nội thất đầy đủ,,ha-noi,"Siêu phẩm Phố Kim Mã. 45m2 ×8 Tầng Thang Máy - Phân Lô, Ngõ rộng - 30m",,"Phố Kim Mã, Phường Kim Mã, Quận Ba Đình, Hà NộiXem bản đồ","7,5 tỷ - 45 m2"
50 m²,3 phòng,3 phòng,Đã có sổ,"Nhà ngõ, hẻm",,,230 triệu/m²,Đông,4,,,,ha-noi,Bán gấp nhà ngõ 60 phố Dương Khuê Nam Từ Liêm 45/50m x 4T Mt 4m oto KD,,"60, Dương Khuê, Phường Mỹ Đình 2, Quận Nam Từ Liêm, Hà NộiXem bản đồ","11,5 tỷ - 50 m2"
42 m²,4 phòng,6 phòng,Đã có sổ,"Nhà ngõ, hẻm",,,"197,62 triệu/m²",,8,,Nội thất cao cấp,,ha-noi,Nhà đẹp 8 tầng thang máy phố Nghi Tàm cần bán gấp,,"Nghi Tàm, Phường Yên Phụ, Quận Tây Hồ, Hà NộiXem bản đồ","8,3 tỷ - 42 m2"
35 m²,3 phòng,4 phòng,Đã có sổ,"Nhà ngõ, hẻm",,,"115,71 triệu/m²",,5,,Nội thất đầy đủ,,ha-noi,MẬU LƯƠNG HÀ ĐÔNG - NHÀ ĐẸP Ở NGAY - NGÕ THÔNG - KINH DOANH 35M 5 TẦNG,,"Phố Mậu Lương, Phường Kiến Hưng, Quận Hà Đông, Hà NộiXem bản đồ","4,05 tỷ - 35 m2"
50 m²,2 phòng,,Đã có sổ,"Nhà ngõ, hẻm",,,89 triệu/m²,Tây Bắc,2,,Bàn giao thô,,ha-noi,"DƯỚI 100TR/M2-50M2-4,5 TỶ-NGUYỄN LƯƠNG BĂNG-1 NGOẶT RA PHỐ-ĐỐNG ĐA",,"nguyễn lương bằng, Phường Thanh Xuân Trung, Quận Thanh Xuân, Hà NộiXem bản đồ","4,45 tỷ - 50 m2"
30 m²,4 phòng,,,"Nhà mặt phố, mặt tiền",3.2 m,,"132,33 triệu/m²",,,,,,ha-noi,"Nhà ngách248/192 Lê Trọng Tấn, Thanh xuân, Hả Nội",,"Phố Định Công, Phường Định Công, Quận Hoàng Mai, Hà NộiXem bản đồ","3,97 tỷ - 30 m2"
36 m²,3 phòng,,,"Nhà ngõ, hẻm",,,"124,44 triệu/m²",,4,,,,ha-noi,"Thật 100/% nhà Dê La Thành , oto gần nhà, đẹp long lanh ở ngay 36M:3ng",,"Đê La Thành, Phường Ô Chợ Dừa, Quận Đống Đa, Hà NộiXem bản đồ","4,48 tỷ - 36 m2"
54 m²,5 phòng,4 phòng,Đã có sổ,Nhà phố liền kề,,,"109,26 triệu/m²",,4,,Nội thất đầy đủ,,ha-noi,"Ở đây có Nhà Đẹp giá Ngon ! Chùa Bộc -Oto đỗ sát cửa, ngõ rộng 54m*4T",,"Phố Chùa Bộc, Phường Quang Trung, Quận Đống Đa, Hà NộiXem bản đồ","5,9 tỷ - 54 m2"
54 m²,3 phòng,3 phòng,Đã có sổ,"Nhà ngõ, hẻm",,,"88,89 triệu/m²",,4,,Nội thất đầy đủ,,ha-noi,"Siêu ngon ! Phố Kim hoa- Xã đàn , mặt phố rộng thông mọi ngả. 54m*4T.",,"Phố Kim Hoa, Phường Phương Liên, Quận Đống Đa, Hà NộiXem bản đồ","4,8 tỷ - 54 m2"
62 m²,2 phòng,,Đã có sổ,"Nhà mặt phố, mặt tiền",,,"230,65 triệu/m²",,,,,,ha-noi,"BÁN ĐẤT LIỀN KỀ HỒ TÙNG MẬU, 2 MẶT Ô TÔ TRÁNH, KINH DOANH, 14.3 TỶ",,"Hồ Tùng Mậu, Phường Phú Diễn, Quận Bắc Từ Liêm, Hà NộiXem bản đồ","14,3 tỷ - 62 m2"
60 m²,6 phòng,,Đã có sổ,Nhà phố liền kề,5 m,,"181,67 triệu/m²",,5,,Nội thất đầy đủ,,ha-noi,"P/LÔ VỈA HÈ ÔTÔ TRÁNH PHỐ NGUYỄN HỮU THỌ, SÁT HỒ, LÔ GÓC KD VP, 60MX5T",,"Phố Nguyễn Hữu Thọ, Phường Đại Kim, Quận Hoàng Mai, Hà NộiXem bản đồ","10,9 tỷ - 60 m2"
30 m²,3 phòng,,Đã có sổ,"Nhà ngõ, hẻm",,170 m²,"176,67 triệu/m²",,5,,Nội thất cao cấp,,ha-noi,NHÀ ĐẸP TRƯỜNG CHINH - NGAY NGÃ TƯ SỞ - 5 TẦNG THANG MÁY - SỔ VUÔNG,,"Trường Chinh, Phường Khương Thượng, Quận Đống Đa, Hà NộiXem bản đồ","5,3 tỷ - 30 m2"
130 m²,4 phòng,,,"Nhà mặt phố, mặt tiền",,,"138,46 triệu/m²",,,,,,ha-noi,CẦN BÁN GẤP NHÀ ĐẸP LÔ GÓC - PHỐ BÀ TRIỆU - HÀ ĐÔNG - HÀ NỘI,,"Phố Bà Triệu, Phường Nguyễn Trãi, Quận Hà Đông, Hà NộiXem bản đồ",18 tỷ - 130 m2
31 m²,4 phòng,4 phòng,Đã có sổ,"Nhà ngõ, hẻm",,,"145,16 triệu/m²",,4,,Nhà trống,,ha-noi,BN: AN DƯƠNG ; TÂY HỒ.31M×4T NHỈNH 4 TỶ.,,"Phố An Dương, Phường Yên Phụ, Quận Tây Hồ, Hà NộiXem bản đồ","4,5 tỷ - 31 m2"
48 m²,4 phòng,3 phòng,Đã có sổ,"Nhà ngõ, hẻm",,,"104,17 triệu/m²",,4,,Nhà trống,,ha-noi,CHÍNH KINH - 48M2 CHỈ 5 TỶ - NHÀ 3 THOÁNG - GẦN PHỐ - AN SINH TỐT,,"Chính Kinh, Phường Nhân Chính, Quận Thanh Xuân, Hà NộiXem bản đồ",5 tỷ - 48 m2
46 m²,4 phòng,5 phòng,Đã có sổ,"Nhà ngõ, hẻm",,,"119,57 triệu/m²",Đông Nam,6,,,,ha-noi,"✅ Bán nhà ngõ Hoà Bình phố Minh Khai ,Hai Bà Trưng.Nội thất hiện đại.",,"Mình Khai, Phường Minh Khai, Quận Hai Bà Trưng, Hà NộiXem bản đồ","5,5 tỷ - 46 m2"
35 m²,3 phòng,,,"Nhà ngõ, hẻm",,,"115,71 triệu/m²",,1,,,,ha-noi,Bán nhà Nguyễn Xuân Khoát 35M2-Giá 4.05 Tỷ-20M Ra Ô Tô Tránh,,"Phố Nguyễn Xuân Khoát, Phường Xuân Tảo, Quận Bắc Từ Liêm, Hà NộiXem bản đồ","4,05 tỷ - 35 m2"
49 m²,4 phòng,4 phòng,Đã có sổ,"Nhà ngõ, hẻm",,,"110,2 triệu/m²",,4,,,,ha-noi,"Bán nhà Chùa Láng, Đống Đa, cách oto 20m, DT 49m2, 4 tầng, 5.4Tỷ",,"Phố Chùa Láng, Phường Láng Thượng, Quận Đống Đa, Hà NộiXem bản đồ","5,4 tỷ - 49 m2"
42 m²,4 phòng,4 phòng,Đã có sổ,"Nhà ngõ, hẻm",,,"138,1 triệu/m²",,5,,Nội thất cao cấp,,ha-noi,"Tôi cần bán nhà Phố Nguyễn Khang, Cầu Giấy 41m2, 5 tầng, 5,8 Tỷ",,"Nguyễn khang, Phường Yên Hoà, Quận Cầu Giấy, Hà NộiXem bản đồ","5,8 tỷ - 42 m2"
35 m²,8 phòng,,,"Nhà ngõ, hẻm",,39 m²,"126,29 triệu/m²",,,,,,ha-noi,SIÊU PHẨM! Trung tâm MỄ TRÌ-38.5m2 -5 tầng(8 phòng) -4.42 tỷ. 2 THOÁNG,,"Mễ Trì Thượng, Phường Mễ Trì, Quận Nam Từ Liêm, Hà NộiXem bản đồ","4,42 tỷ - 35 m2"
34 m²,2 phòng,2 phòng,Đã có sổ,"Nhà ngõ, hẻm",,,"76,47 triệu/m²",,3,,Nhà trống,,ha-noi,Bán đất tặng nhà Quận HBT,,"Đê Trần Khát Trân, Phường Thanh Lương, Quận Hai Bà Trưng, Hà NộiXem bản đồ","2,6 tỷ - 34 m2"
33 m²,3 phòng,,Đã có sổ,"Nhà ngõ, hẻm",,,"103,03 triệu/m²",,5,,Nội thất đầy đủ,,ha-noi,"Nhà Đẹp Dân Xây, Ở Ngay, Gần Phố Tân Mai 33m2 x5T giá 3.4 tỷ.",,"Tân Mai, Phường Tân Mai, Quận Hoàng Mai, Hà NộiXem bản đồ","3,4 tỷ - 33 m2"
35 m²,2 phòng,2 phòng,Đang chờ sổ,"Nhà ngõ, hẻm",,,50 triệu/m²,,2,,Nội thất đầy đủ,,ha-noi,"Bán nhà Lạc Long Quân - Tây Hồ, ngõ rộng thoáng, sát phố 35m2,1.75 tỷ.",,"Đường Lạc Long Quân, Phường Xuân La, Quận Tây Hồ, Hà NộiXem bản đồ","1,75 tỷ - 35 m2"
36 m²,4 phòng,,Đã có sổ,"Nhà ngõ, hẻm",3.6 m,,"124,17 triệu/m²",,3,,Nội thất đầy đủ,,ha-noi,NGUYỄN TRÃI-THANH XUÂN-HÀNG XÓM ROYAL-36M2-4 TẦNG-HƠN 4 TỶ- NGÃ TƯ SỞ,,"Đường Nguyễn Trãi, Phường Thanh Xuân Trung, Quận Thanh Xuân, Hà NộiXem bản đồ","4,47 tỷ - 36 m2"
35 m²,3 phòng,4 phòng,Đã có sổ,"Nhà ngõ, hẻm",,,"101,43 triệu/m²",,5,,Nội thất cao cấp,,ha-noi,Ô TÔ ĐỖ CỬA - NGÕ THÔNG KD NHỎ - 35m2 x 5 TẦNG MỚI GIÁ HƠN 3 TỶ,,"126, Phố Vĩnh Hưng, Phường Vĩnh Hưng, Quận Hoàng Mai, Hà NộiXem bản đồ","3,55 tỷ - 35 m2"
40 m²,4 phòng,3 phòng,Đã có sổ,"Nhà ngõ, hẻm",,,"103,75 triệu/m²",,4,,Nội thất đầy đủ,,ha-noi,GIẢI PHÓNG - LÔ GÓC- MẶT TIỀN RỘNG - SỔ VUÔNG - NHÀ DÂN XÂY .,,"Ngõ 192 Đường Giải Phóng, Phường Phương Liệt, Quận Thanh Xuân, Hà NộiXem bản đồ","4,15 tỷ - 40 m2"
36 m²,3 phòng,4 phòng,Đã có sổ,"Nhà ngõ, hẻm",,,"126,39 triệu/m²",,5,,Nội thất đầy đủ,,ha-noi,Bán nhà Thuỵ Phương - Nhà mới 5 tầng - Ô tô đỗ cửa - Lô góc 3 thoáng,,"Đường Thụy Phương, Phường Đông Ngạc, Quận Bắc Từ Liêm, Hà NộiXem bản đồ","4,55 tỷ - 36 m2"
30 m²,3 phòng,,Đã có sổ,"Nhà mặt phố, mặt tiền",,,"406,67 triệu/m²",,,,,,ha-noi,BÁN NHÀ MẶT PHỐ VÕ THỊ SÁU - HAI BÀ TRƯNG - VỈA HÈ ĐÁ BÓNG - KD ĐỈNH,,"Võ Thị Sáu, Phường Thanh Nhàn, Quận Hai Bà Trưng, Hà NộiXem bản đồ","12,2 tỷ - 30 m2"
32 m²,3 phòng,4 phòng,Đã có sổ,"Nhà ngõ, hẻm",,,"198,44 triệu/m²",,5,,Nội thất cao cấp,,ha-noi,"Bán nhà Ngõ Phố Tân Mai ô tô vào nhà , gần phố khu dân trí cao",,"Phố Tân Mai, Phường Tân Mai, Quận Hoàng Mai, Hà NộiXem bản đồ","6,35 tỷ - 32 m2"
63 m²,4 phòng,,,"Nhà mặt phố, mặt tiền",,,"92,86 triệu/m²",,,,,,ha-noi,"Bán nhà Thịnh Quang, ngõ thoáng, 15m ra phố, kinh doanh",,"Thịnh Quang, Phường Hàng Bột, Quận Đống Đa, Hà NộiXem bản đồ","5,85 tỷ - 63 m2"
40 m²,4 phòng,3 phòng,Đã có sổ,"Nhà mặt phố, mặt tiền",,,80 triệu/m²,Nam,5,,,,ha-noi,Bán nhà phố Việt Hưng Long Biên nhỉnh 3tỷ - 40m - oto ĐỖ NGÀY ĐÊM,,"Việt hưng, Phường Phúc Lợi, Quận Long Biên, Hà NộiXem bản đồ","3,2 tỷ - 40 m2"
45 m²,4 phòng,4 phòng,Đã có sổ,"Nhà ngõ, hẻm",,,110 triệu/m²,,5,,Nội thất đầy đủ,,ha-noi,"Lô góc Trung Kính, ngõ thông, 20m ra oto, full nội thất, 45m2*5T",,"Trung Kính, Phường Trung Hoà, Quận Cầu Giấy, Hà NộiXem bản đồ","4,95 tỷ - 45 m2"
32 m²,3 phòng,3 phòng,Đã có sổ,,,,"90,63 triệu/m²",Nam,3,,,,ha-noi,BÁN NHÀ 4 TẦNG NGÕ 134 TRƯƠNG ĐỊNH-NHỈNH 3 TỶ,,"134, Đường Trương Định, Phường Giáp Bát, Quận Hoàng Mai, Hà NộiXem bản đồ","2,9 tỷ - 32 m2"
40 m²,4 phòng,4 phòng,Đã có sổ,"Nhà ngõ, hẻm",,,"148,75 triệu/m²",,6,,Nội thất đầy đủ,,ha-noi,"BÁN NHÀ 260 CẦU GIẤY 40M*5.5TẦNG, MẶT 4M, 10M OTO TRÁNH, LÔ GÓC NỞ HẬU",,"Cầu Giấy, Phường Quan Hoa, Quận Cầu Giấy, Hà NộiXem bản đồ","5,95 tỷ - 40 m2"
70 m²,4 phòng,,Đã có sổ,"Nhà mặt phố, mặt tiền",,,"145,71 triệu/m²",,,,,,ha-noi,"Vị trí: Phân lô ô tô, ngõ thông khu dân trí cao, an sinh tốt...",,"Phố Cảm Hội, Phường Đống Mác, Quận Hai Bà Trưng, Hà NộiXem bản đồ","10,2 tỷ - 70 m2"
35 m²,3 phòng,3 phòng,,"Nhà mặt phố, mặt tiền",,,300 triệu/m²,,3,,,,ha-noi,BÁN NHÀ MẶT ĐƯỜNG 19/5-KINH DOANH SẦM UẤT,,"Yên Phúc, Phường Văn Quán, Quận Hà Đông, Hà NộiXem bản đồ","10,5 tỷ - 35 m2"
50 m²,4 phòng,4 phòng,Đã có sổ,Nhà phố liền kề,,,160 triệu/m²,Đông Nam,5,,,,ha-noi,"CHÍNH CHỦ GỬI BÁN LIỀN KỀ,DT 55m-4 PHÒNG NGỦ KĐT VĂN KHÊ-HÀ ĐÔNG",,"Phường La Khê, Hà Đông, Hà Nội, Phường La Khê, Quận Hà Đông, Hà NộiXem bản đồ",8 tỷ - 50 m2
38 m²,5 phòng,3 phòng,Đã có sổ,"Nhà ngõ, hẻm",,,"107,37 triệu/m²",,4,,Nội thất cao cấp,,ha-noi,"- ÔTÔ ĐỖ CỬA - Ô TÔ VÀO NHÀ , 38m2 x 4 Tầng , 5PN TẠI THANH LÂN",,"16, Ngõ 55 Thanh Lân, Phường Thanh Trì, Quận Hoàng Mai, Hà NộiXem bản đồ","4,08 tỷ - 38 m2"
50 m²,4 phòng,4 phòng,Đã có sổ,Nhà phố liền kề,,,134 triệu/m²,Tây Bắc,5,,,,ha-noi,CHÍNH CHỦ GỬI BÁN LIỀN KỀ DT 50m-4 PHÒNG NGỦ KĐT KIẾN HƯNG-HÀ ĐÔNG,,"Phố Lê Trọng Tấn, Phường Kiến Hưng, Hà Đông, Hà Nội, Phường Kiến Hưng, Quận Hà Đông, Hà NộiXem bản đồ","6,7 tỷ - 50 m2"
32 m²,3 phòng,,,"Nhà ngõ, hẻm",,,"90,63 triệu/m²",,,,,,ha-noi,chính chủ bán nhà XUÂN PHƯƠNG dt 32m x 5 tầng nhỉnh 2.9 tỷ Ô TÔ ĐỖ CỬA,,"Đường Xuân Phương, Phường Xuân Phương, Quận Nam Từ Liêm, Hà NộiXem bản đồ","2,9 tỷ - 32 m2"
50 m²,4 phòng,4 phòng,Đã có sổ,Nhà phố liền kề,4 m,,160 triệu/m²,Đông Nam,,,,,ha-noi,"CHÍNH CHỦ BÁN NHÀ PHÂN LÔ,DT 50m-4 PHÒNG NGỦ-VĂN LA-HÀ ĐÔNG,NHỈNH 8 TỶ",,"Đường Quang Trung, Phường La Khê, Quận Hà Đông, Hà NộiXem bản đồ",8 tỷ - 50 m2
63 m²,6 phòng,5 phòng,Đã có sổ,Nhà phố liền kề,,,"126,98 triệu/m²",Nam,5,,,,ha-noi,"CHÍNH CHỦ GỬI BÁN LIỀN KỀ,63m-6 PHÒNG NGỦ- KĐT PHÚ LƯƠNG-HÀ ĐÔNG",,"Đường Lê Trọng Tấn, Phường Phú Lương, Quận Hà Đông, Hà Nội, Phường Phú Lương, Quận Hà Đông, Hà NộiXem bản đồ",8 tỷ - 63 m2
50 m²,5 phòng,5 phòng,Đã có sổ,Nhà phố liền kề,,,200 triệu/m²,Đông Nam,7,,,,ha-noi,LIỀN KỀ DT 50m-5 PHÒNG NGỦ-KĐT VẠN PHÚC-HÀ ĐÔNG,,"Lê văn lương Kéo Dài, Phường Vạn Phúc, Quận Hà Đông, Hà NộiXem bản đồ",10 tỷ - 50 m2
90 m²,8 phòng,5 phòng,,Nhà phố liền kề,4.5 m,,"122,22 triệu/m²",Tây Bắc,5,,,,ha-noi,CHÍNH CHỦ GỬI BÁN LIỀN KỀ DT 90m-8 PHONG NGỦ KĐT VĂN PHÚ HÀ ĐÔNG,,"Đường Lê Trọng Tấn, Phường Phú La, Hà Đông, Hà Nội, Phường Phú La, Quận Hà Đông, Hà NộiXem bản đồ",11 tỷ - 90 m2
90 m²,8 phòng,5 phòng,,Nhà phố liền kề,4.5 m,,"122,22 triệu/m²",Tây Bắc,5,,,,ha-noi,CHÍNH CHỦ GỬI BÁN LIỀN KỀ DT 90m-8 PHONG NGỦ KĐT VĂN PHÚ HÀ ĐÔNG,,"Đường Lê Trọng Tấn, Phường Phú La, Hà Đông, Hà Nội, Phường Phú La, Quận Hà Đông, Hà NộiXem bản đồ",11 tỷ - 90 m2
50 m²,4 phòng,4 phòng,Đã có sổ,Nhà phố liền kề,,,160 triệu/m²,Đông Nam,5,,,,ha-noi,"CHÍNH CHỦ GỬI BÁN LIỀN KỀ,DT 50m-4 PHÒNG NGỦ KĐT VĂN KHÊ-HÀ ĐÔNG",,"Phường La Khê, Hà Đông, Hà Nội, Phường La Khê, Quận Hà Đông, Hà NộiXem bản đồ",8 tỷ - 50 m2
80 m²,6 phòng,4 phòng,Đã có sổ,Nhà phố liền kề,,,"112,5 triệu/m²",Bắc,5,,,,ha-noi,"RẺ NHẤT KHU VỰC,CẦN BÁN LIỀN KỀ 80m-6 PHÒNG NGỦ KĐT VĂN PHÚ-HÀ ĐÔNG",,"Đường Lê Trọng Tấn, Phường Phú La, Hà Đông, Hà Nội, Phường Phú La, Quận Hà Đông, Hà NộiXem bản đồ",9 tỷ - 80 m2
90 m²,6 phòng,5 phòng,Đã có sổ,Nhà phố liền kề,,,"133,33 triệu/m²",Đông Bắc,4,,,,ha-noi,CHÍNH CHỦ GỬI BÁN LIỀN KỀ DT 90m-6PHÒNG NGỦ KĐT VĂN PHÚ-HÀ ĐÔNG,,"Đường Lê Trọng Tấn, Phường Phú La, Hà Đông, Hà Nội, Phường Phú La, Quận Hà Đông, Hà NộiXem bản đồ",12 tỷ - 90 m2
35 m²,3 phòng,,Đã có sổ,"Nhà ngõ, hẻm",,175 m²,"148,57 triệu/m²",,5,,Nội thất cao cấp,,ha-noi,NHÀ KHƯƠNG TRUNG Ở NGAY - ĐẸP XỊN - 50M ĐƯỜNG Ô TÔ - AN SINH ĐỈNH CAO,,"Khương Trung, Phường Khương Trung, Quận Thanh Xuân, Hà NộiXem bản đồ","5,2 tỷ - 35 m2"
33 m²,3 phòng,3 phòng,Đã có sổ,"Nhà ngõ, hẻm",,,"136,36 triệu/m²",,5,,Nội thất đầy đủ,,ha-noi,MỸ ĐÌNH - LÔ GÓC 2 MẶT NGÕ - NGÕ RỘNG 3M - 33M 5 TẦNG NHỈNH 4 TỶ CÓ TL,,"Phú Mỹ, Phường Mỹ Đình 1, Quận Nam Từ Liêm, Hà NộiXem bản đồ","4,5 tỷ - 33 m2"
55 m²,6 phòng,4 phòng,Đã có sổ,"Nhà ngõ, hẻm",,,"192,73 triệu/m²",,5,,Nội thất đầy đủ,,ha-noi,"Bán nhà Thổ Quan, gara ô tô, 55m 5 tầng, 6 phòng, 10.6 tỷ",,"Thổ Quan, Phường Thổ Quan, Quận Đống Đa, Hà NộiXem bản đồ","10,6 tỷ - 55 m2"
44 m²,5 phòng,4 phòng,Đã có sổ,Nhà phố liền kề,,,250 triệu/m²,,5,,Nội thất đầy đủ,,ha-noi,BÁN CĂN NHÀ ĐƯỜNG LÁNG NGÕ OTO TRÁNH NHAU 44M_5TANG _11TY,,"Đường Láng, Phường Láng Thượng, Quận Đống Đa, Hà NộiXem bản đồ",11 tỷ - 44 m2
32 m²,3 phòng,,Đang chờ sổ,"Nhà ngõ, hẻm",3.2 m,,"78,13 triệu/m²",,,,,,ha-noi,"Nhà ngõ 219 Đình công thượng, q,Hoàng Mai, Hà nội",,"Dinh Cong, Phường Định Công, Quận Hoàng Mai, Hà NộiXem bản đồ","2,5 tỷ - 32 m2"
60 m²,5 phòng,5 phòng,,"Nhà mặt phố, mặt tiền",,,"233,33 triệu/m²",,4,,Nội thất đầy đủ,,ha-noi,BÁN NHÀ MẶT PHỐ NGUYỄN THANH BÌNH-KINH DOANH ĐẮC ĐỊA,,"Tố Hữu, Phường Vạn Phúc, Quận Hà Đông, Hà NộiXem bản đồ",14 tỷ - 60 m2
43 m²,4 phòng,,Đã có sổ,Nhà phố liền kề,,,"127,91 triệu/m²",,,"Hẻm xe hơi,Nở hậu",,,ha-noi,"Bán nhà nguyễn hoàng, mỹ Đình, ô tô tránh trước nhà dt 43m, 4 tầng,",,"Nguyễn Hoàng, Phường Mỹ Đình 1, Quận Nam Từ Liêm, Hà NộiXem bản đồ","5,5 tỷ - 43 m2"
40 m²,4 phòng,4 phòng,Đã có sổ,"Nhà ngõ, hẻm",5 m,,95 triệu/m²,,5,,,,ha-noi,Bán nhà phường Cự Khối- Long Biên gần cầu Vĩnh Tuy,,"Bát Khối, Phường Cự Khối, Quận Long Biên, Hà NộiXem bản đồ","3,8 tỷ - 40 m2"
32 m²,2 phòng,3 phòng,Đã có sổ,"Nhà ngõ, hẻm",,,"87,5 triệu/m²",,4,,Nội thất đầy đủ,,ha-noi,"BÁN NHÀ TÂN MAI ,Ô TÔ ĐỖ GẦN, 32M, MẶT TIỀN RỘNG, GIÁ 2,8 TỶ CÓ BỚT",,"Phố Tân Mai, Phường Tân Mai, Quận Hoàng Mai, Hà NộiXem bản đồ","2,8 tỷ - 32 m2"
30 m²,4 phòng,,Đã có sổ,"Nhà ngõ, hẻm",,,"113,33 triệu/m²",,,Hẻm xe hơi,,,ha-noi,"Bán nhà xuân phương, 5 tầng ô tô đỗ cửa giá 3,4 tỉ còn lùi.",,"Xuân Phương, Phường Phương Canh, Quận Nam Từ Liêm, Hà NộiXem bản đồ","3,4 tỷ - 30 m2"
80 m²,9 phòng,Nhiều hơn 6 phòng,Đã có sổ,"Nhà mặt phố, mặt tiền",,,150 triệu/m²,,,,,,ha-noi,BÁN GẤP VỀ BỜ NHÀ NGÕ 72 NGUYỄN TRÃI - Ô TÔ TRÁNH - KD - 9 PHÒNG KK,,"Nguyễn Trãi, Phường Khương Đình, Quận Thanh Xuân, Hà NộiXem bản đồ",12 tỷ - 80 m2
224 m²,6 phòng,6 phòng,Đã có sổ,Nhà biệt thự,,,"178,57 triệu/m²",,3,,,,ha-noi,Chào đón Gia Lâm lên Quận_Đã đơn lập lại GÓC_Vinhomes Ocean Park_225m2,,"Yên Viên, Thị trấn Trâu Quỳ, Huyện Gia Lâm, Hà NộiXem bản đồ",40 tỷ - 224 m2
45 m²,5 phòng,,,"Nhà mặt phố, mặt tiền",,,"266,67 triệu/m²",,5,,Nhà trống,,ha-noi,BÁN NHÀ PHỐ QUANG TRUNG-CHO THUÊ KINH DOANH VĂN PHÒNG,,"02, Đường Quang Trung, Phường Quang Trung, Quận Hà Đông, Hà NộiXem bản đồ",12 tỷ - 45 m2
100 m²,3 phòng,,Đã có sổ,"Nhà ngõ, hẻm",,,"28,5 triệu/m²",,,,,,ha-noi,"BÁN CĂN HỘ 100 M MỚI TINH 3 NGỦ TẬP THỂ BƯU ĐIỆN PHỐ LÊ GIA ĐỊNH,HBT",,"Lê Giá Định, Phường Đồng Nhân, Quận Hai Bà Trưng, Hà NộiXem bản đồ","2,85 tỷ - 100 m2"
35 m²,3 phòng,4 phòng,Đã có sổ,"Nhà ngõ, hẻm",4.3 m,,"181,43 triệu/m²",,5,,,,ha-noi,"BÁN NHÀ PHÂN LÔ QUÂN ĐỘI TÂN MAI – HOÀNG MAI, 35M,5 TẦNG, 6,35 TỶ",,"Phố Tân Mai, Phường Tân Mai, Quận Hoàng Mai, Hà NộiXem bản đồ","6,35 tỷ - 35 m2"
43 m²,4 phòng,3 phòng,Đã có sổ,"Nhà ngõ, hẻm",,,"162,79 triệu/m²",,5,,Nhà trống,,ha-noi,TT CẦU GIẤY - 20M RA MẶT PHỐ - Ô TÔ ĐỖ CỬA - NHỈNH 7 TỶ CÓ TL,,"Yên Hoà, Phường Yên Hoà, Quận Cầu Giấy, Hà NộiXem bản đồ",7 tỷ - 43 m2
