Diện tích đất:,Số phòng ngủ:,Số phòng vệ sinh:,Giấy tờ pháp lý:,Loại hình nhà ở:,Chiều ngang:,Diện tích sử dụng:,Giá/m2:,Hướng cửa chính:,Tổng số tầng:,Đặc điểm nhà/đất:,Tình trạng nội thất:,Chiều dài:,Location,Name,URL,District,Price
45 m²,5 phòng,4 phòng,Đã có sổ,Nhà phố liền kề,,,"171,11 triệu/m²",,6,,Nội thất cao cấp,,ha-noi,"Phân lô_Khương Trung mới_Ôtô tránh đỗ,quay đầu_3 thoáng_45m*6T_Ở sướng",,"Vũ Tông Phan, Phường Khương Trung, Quận Thanh Xuân, Hà NộiXem bản đồ","7,7 tỷ - 45 m2"
36 m²,4 phòng,3 phòng,Đã có sổ,"Nhà mặt phố, mặt tiền",,36 m²,"188,89 triệu/m²",,4,,,,ha-noi,"Mặt phố Giải Phóng, 36m x 4T, quy hoạch ổn định, kinh doanh ngày đêm",,"Đường Giải Phóng, Phường Giáp Bát, Quận Hoàng Mai, Hà NộiXem bản đồ","6,8 tỷ - 36 m2"
100 m²,nhiều hơn 10 phòng,Nhiều hơn 6 phòng,,"Nhà ngõ, hẻm",,100 m²,148 triệu/m²,,,,,,ha-noi,"Bán CCMN Lê Trọng Tấn, 100m x 8 tầng, 22 phòng, ô tô, PCCC, 14.8 tỷ",," Lê Trọng Tấn, Phường Định Công, Quận Hoàng Mai, Hà NộiXem bản đồ","14,8 tỷ - 100 m2"
34 m²,2 phòng,,Đã có sổ,"Nhà mặt phố, mặt tiền",,34 m²,"602,94 triệu/m²",,,,,,ha-noi,"Bán mặt phố Mai Hắc Đế, 34m x 4T, MT4.1m, kinh doanh đỉnh, rẻ nhất phố",,"Phố Mai Hắc Đế, Phường Phố Huế, Quận Hai Bà Trưng, Hà NộiXem bản đồ","20,5 tỷ - 34 m2"
12 m²,3 phòng,3 phòng,Đã có sổ,"Nhà ngõ, hẻm",,,140 triệu/m²,,3,,Nội thất đầy đủ,,ha-noi,Bán nhà Trong Ngõ 191 Phố Đại La quận Hai Bà Trưng. Sổ đỏ giá rẻ,,"Phố Đại La, Phường Trương Định, Quận Hai Bà Trưng, Hà NộiXem bản đồ","1,68 tỷ - 12 m2"
35 m²,4 phòng,3 phòng,Đã có sổ,"Nhà ngõ, hẻm",,,"74,29 triệu/m²",,4,,,,ha-noi,"NHÀ CĐT XÂY LÔ 12 CĂN NGÕ 1175 QUANG TRUNG, 35M, Giá 2,6 tỷ",,"1175, quang trung, Phường Yên Nghĩa, Quận Hà Đông, Hà NộiXem bản đồ","2,6 tỷ - 35 m2"
50 m²,4 phòng,3 phòng,Đã có sổ,"Nhà ngõ, hẻm",,,27 triệu/m²,Tây Bắc,3,,,,ha-noi,nhà 60m² xây 3T gần chợ Đại Thành ô tô đỗ sát cửa - hỗ Trợ NH 70% -,,"Ngõ 42 Đường Đồng Nhân, Xã Đông La, Huyện Hoài Đức, Hà NộiXem bản đồ","1,35 tỷ - 50 m2"
50 m²,4 phòng,4 phòng,Đã có sổ,"Nhà ngõ, hẻm",,,37 triệu/m²,Đông Nam,4,,,,ha-noi,"nhà 4tầng 50m ôtô đỗ cổng,cách KĐTĐô Nghĩa 2km giá1ty850.",,"Ngõ 42 Đường Đồng Nhân, Xã Đông La, Huyện Hoài Đức, Hà NộiXem bản đồ","1,85 tỷ - 50 m2"
20 m²,2 phòng,1 phòng,Đã có sổ,"Nhà ngõ, hẻm",,,84 triệu/m²,,1,,Nội thất đầy đủ,,ha-noi,"Tập thể tầng 1 Nguyễn Chí Thanh, 35m 2 ngủ giá 1.68 tỉ ở ngay",,"Đường Nguyễn Chí Thanh, Phường Láng Thượng, Quận Đống Đa, Hà NộiXem bản đồ","1,68 tỷ - 20 m2"
34 m²,3 phòng,3 phòng,Đã có sổ,"Nhà ngõ, hẻm",,,"122,06 triệu/m²",,5,,Nội thất cao cấp,,ha-noi,"PHẢI THẬT NHANH, XUÂN LA NGÕ RỘNG GẦN OTO NHÀ MỚI Ở LUÔN 34M2 4.15 TỶ",,"Đường Xuân La, Phường Xuân La, Quận Tây Hồ, Hà NộiXem bản đồ","4,15 tỷ - 34 m2"
17 m²,2 phòng,,Đã có sổ,"Nhà ngõ, hẻm",3 m,,"107,65 triệu/m²",,3,,,,ha-noi,"BÁN NHÀ PHỐ NGÔ GIA KHẢM HÀ ĐÔNG, 17M, 3T, MT3M, GIÁ 1,83",,"Phố Ngô Gia Khảm, Phường Yết Kiêu, Quận Hà Đông, Hà NộiXem bản đồ","1,83 tỷ - 17 m2"
30 m²,3 phòng,,Đã có sổ,"Nhà ngõ, hẻm",6 m,,100 triệu/m²,,5,,,,ha-noi,"BÁN NHÀ PHỐ NGỌC TRỤC, 30M, 5T, MT 6M, GIÁ 3 TỶ",,"PHỐ NGỌC TRỤC, Phường Đại Mỗ, Quận Nam Từ Liêm, Hà NộiXem bản đồ",3 tỷ - 30 m2
35 m²,3 phòng,4 phòng,Đã có sổ,"Nhà ngõ, hẻm",,,114 triệu/m²,,5,,,,ha-noi,"Bán Nhà 5 Tầng 35m2 3 Ngủ Tại Phố Đỗ Nhuận, Gần Công Viên Hòa Bình",,"Phố Đỗ Nhuận, Phường Xuân Tảo, Quận Bắc Từ Liêm, Hà NộiXem bản đồ","3,99 tỷ - 35 m2"
95 m²,6 phòng,6 phòng,Đã có sổ,"Nhà mặt phố, mặt tiền",,,"263,16 triệu/m²",,5,,Nội thất đầy đủ,,ha-noi,"BÁN PHỐ HOÀNG HOA THÁM 95M2, MT5.5M 2 MẶT TIỀN 2 VỈA HÈ Ô TÔ ĐỖ 25TỶ",,"Đường Hoàng Hoa Thám, Phường Vĩnh Phúc, Quận Ba Đình, Hà NộiXem bản đồ",25 tỷ - 95 m2
39 m²,3 phòng,4 phòng,Đã có sổ,"Nhà ngõ, hẻm",,,110 triệu/m²,,5,,Nội thất cao cấp,,ha-noi,"Có 102! Nhà Yên Lãng, gần phố, thoáng, nội thất cao cấp, 39m2*5T",,"Phố Yên Lãng, Phường Thịnh Quang, Quận Đống Đa, Hà NộiXem bản đồ","4,29 tỷ - 39 m2"
34 m²,3 phòng,,,"Nhà ngõ, hẻm",,,"55,29 triệu/m²",,,,,,ha-noi,"VĨNH HƯNG HOÀNG MAI: 34M* 3 TẦNG* 3 NGỦ* GIÁ 1,88 TỶ. Ô TÔ ĐỖ CỬA",,"Phố Vĩnh Hưng, Phường Vĩnh Hưng, Quận Hoàng Mai, Hà NộiXem bản đồ","1,88 tỷ - 34 m2"
24 m²,2 phòng,,Giấy tờ khác,"Nhà ngõ, hẻm",,,"60,42 triệu/m²",,,,,,ha-noi,NHỈNH 1 TỶ - NHÀ VĨNH HƯNG : 24m * 3 tầng * 2 ngủ * FULL NỘI THẤT.,,"Phố Vĩnh Hưng, Phường Vĩnh Hưng, Quận Hoàng Mai, Hà NộiXem bản đồ","1,45 tỷ - 24 m2"
26 m²,2 phòng,,,"Nhà ngõ, hẻm",,,"67,31 triệu/m²",,,,,,ha-noi,VĨNH HƯNG- Ô TÔ TẢI ĐỖ CỬA- NGÕ THÔNG KINH DOANH: 26M * 3 TẦNG * 2 NGỦ,,"Phố Vĩnh Hưng, Phường Vĩnh Hưng, Quận Hoàng Mai, Hà NộiXem bản đồ","1,75 tỷ - 26 m2"
52 m²,2 phòng,,,"Nhà ngõ, hẻm",,,"53,85 triệu/m²",,,,,,ha-noi,NHÀ MỚI PHỐ ĐÔNG THIÊN- FULL NỘI THẤT : 52M * 3 TẦNG * Ô TÔ ĐỖ CỬA.,,"Phố Đông Thiên, Phường Vĩnh Hưng, Quận Hoàng Mai, Hà NộiXem bản đồ","2,8 tỷ - 52 m2"
26 m²,2 phòng,,,"Nhà ngõ, hẻm",,,"67,31 triệu/m²",,,,,,ha-noi,VĨNH HƯNG- Ô TÔ TẢI ĐỖ CỬA- NGÕ THÔNG KINH DOANH: 26M * 3 TẦNG * 2 NGỦ,,"Phố Vĩnh Hưng, Phường Vĩnh Hưng, Quận Hoàng Mai, Hà NộiXem bản đồ","1,75 tỷ - 26 m2"
52 m²,2 phòng,,,"Nhà ngõ, hẻm",,,"53,85 triệu/m²",,,,,,ha-noi,NHÀ MỚI PHỐ ĐÔNG THIÊN- FULL NỘI THẤT : 52M * 3 TẦNG * Ô TÔ ĐỖ CỬA.,,"Phố Đông Thiên, Phường Vĩnh Hưng, Quận Hoàng Mai, Hà NộiXem bản đồ","2,8 tỷ - 52 m2"
30 m²,3 phòng,,Đã có sổ,"Nhà ngõ, hẻm",,,"108,33 triệu/m²",,,,,,ha-noi,"NHÀ MỚI YÊN DUYÊN-HÀNG XÓM GAMUDA: 30M/ 5 TẦNG/ 3,25 TỶ.",,"Phố Yên Duyên, Phường Yên Sở, Quận Hoàng Mai, Hà NộiXem bản đồ","3,25 tỷ - 30 m2"
38 m²,4 phòng,3 phòng,Đã có sổ,"Nhà ngõ, hẻm",,,"107,89 triệu/m²",,4,,Nội thất đầy đủ,,ha-noi,"Bán nhà Thanh Liệt, ô tô đỗ cửa, ngõ thông 38m2 4,1 tỷ",,"Phan Trọng Tuệ, Xã Thanh Liệt, Huyện Thanh Trì, Hà NộiXem bản đồ","4,1 tỷ - 38 m2"
38 m²,4 phòng,4 phòng,Đã có sổ,"Nhà ngõ, hẻm",,,"130,26 triệu/m²",,6,,Nội thất đầy đủ,,ha-noi,"Bán nhà Đội Cấn - Ba đình 38m 6 tầng 4.95 tỷ gần phố, ở ngay",,"Ngõ 279 Phố Đội Cấn, Phường Ngọc Hà, Quận Ba Đình, Hà NộiXem bản đồ","4,95 tỷ - 38 m2"
38 m²,4 phòng,5 phòng,Đã có sổ,"Nhà ngõ, hẻm",,,"134,21 triệu/m²",,5,,Nội thất đầy đủ,,ha-noi,"Bán nhà Đội Cấn 38m 5 tầng giá 5.1 tỉ gần phố, lô góc, kinh doanh",,"Ngõ 279 Phố Đội Cấn, Phường Ngọc Hà, Quận Ba Đình, Hà NộiXem bản đồ","5,1 tỷ - 38 m2"
106 m²,5 phòng,Nhiều hơn 6 phòng,Đã có sổ,"Nhà ngõ, hẻm",,,"177,36 triệu/m²",,5,,Nội thất cao cấp,,ha-noi,"Bán nhà Ba Đình 106m 5 tầng mặt tiền 5m giá 18.8 tỷ phân lô, ô tô",,"Phố Đội Cấn, Phường Liễu Giai, Quận Ba Đình, Hà NộiXem bản đồ","18,8 tỷ - 106 m2"
55 m²,4 phòng,5 phòng,Đã có sổ,"Nhà ngõ, hẻm",,,"94,55 triệu/m²",,5,,Nội thất đầy đủ,,ha-noi,BÁN NHÀ ĐÀO TẤN 55M-MẶT TIỀN RỘNG-NGÕ THOÁNG-20M RA PHỐ-GIÁ NHỈNH 5 TỶ,,"34, Đào Tấn, Phường Đội Cấn, Quận Ba Đình, Hà NộiXem bản đồ","5,2 tỷ - 55 m2"
40 m²,4 phòng,5 phòng,Đã có sổ,"Nhà ngõ, hẻm",,,150 triệu/m²,,6,,Nhà trống,,ha-noi,CHỦ NHỜ BÁN HỘ NHÀ TÂY HỒ-6 TẦNG THANG MÁY-20M RA PHỐ-NGÕ THÔNG THOÁNG,,"69, Lạc Long Quân, Phường Thụy Khuê, Quận Tây Hồ, Hà NộiXem bản đồ",6 tỷ - 40 m2
45 m²,4 phòng,5 phòng,,"Nhà ngõ, hẻm",,45 m²,"211,11 triệu/m²",,7,,Nhà trống,,ha-noi,BÁN NHÀ HOÀNG QUỐC VIỆT 45M-7 TẦNG THANG MÁY-GARA Ô TÔ-NGÕ THÔNG,,"69, Hoàng Quốc Việt, Phường Nghĩa Tân, Quận Cầu Giấy, Hà NộiXem bản đồ","9,5 tỷ - 45 m2"
45 m²,4 phòng,4 phòng,Đã có sổ,"Nhà ngõ, hẻm",,,"122,22 triệu/m²",,6,,Nội thất đầy đủ,,ha-noi,"Ngon rẻ ! Nhà đẹp Hoàng Hoa Thám, gần ô tô, 70m ra phố, dt 45m2x6T.",,"Hoàng Hoa Thám, Phường Vĩnh Phúc, Quận Ba Đình, Hà NộiXem bản đồ","5,5 tỷ - 45 m2"
30 m²,3 phòng,,,"Nhà ngõ, hẻm",,,"111,67 triệu/m²",,,,,,ha-noi,NHỈNH 3 TỶ - NHÀ MỚI KHUYẾN LƯƠNG - Ô TÔ ĐỖ CỬA: 30M - 5 TẦNG,,"Khuyến Lương, Phường Trần Phú, Quận Hoàng Mai, Hà NộiXem bản đồ","3,35 tỷ - 30 m2"
35 m²,3 phòng,3 phòng,Đã có sổ,"Nhà mặt phố, mặt tiền",,,"111,43 triệu/m²",,5,,Nội thất đầy đủ,,ha-noi,Bán nhà phố TRƯƠNG ĐỊNH. HAI BÀ TRƯNG.35M.5 TẦNG. GIÁ CHÀO 3 TỶ NHỈNH,,"Đường Trương Định, Phường Trương Định, Quận Hai Bà Trưng, Hà NộiXem bản đồ","3,9 tỷ - 35 m2"
30 m²,3 phòng,,,"Nhà ngõ, hẻm",,,115 triệu/m²,,,,,,ha-noi,NHỈNH 3 TỶ-NHÀ ĐẸP NHƯ HÌNH PHỐ LĨNH NAM – Ô TÔ ĐỖ CỬA: 31M * 5 tẦNG,,"Lĩnh Nam, Phường Lĩnh Nam, Quận Hoàng Mai, Hà NộiXem bản đồ","3,45 tỷ - 30 m2"
30 m²,3 phòng,,Đã có sổ,"Nhà ngõ, hẻm",,,"103,33 triệu/m²",,,,,,ha-noi,"NGUYỄN KHOÁI 30M * 5 TẦNG * 3,1 TỶ-FULL ĐỒ-OTO ĐỖ CỔNG",,"Nguyễn Khoái, Phường Thanh Trì, Quận Hoàng Mai, Hà NộiXem bản đồ","3,1 tỷ - 30 m2"
62 m²,3 phòng,,Đã có sổ,"Nhà ngõ, hẻm",3.7999 m,,"74,19 triệu/m²",,3,,Nội thất đầy đủ,,ha-noi,BÁN NHÀ NGÕ 192 LÊ TRỌNG TẤN - SÁT HỒ - ÔTÔ ĐỖ - DT62M 3T 3PN - Ở NGAY,,"Ngõ 192 Lê Trọng Tấn, Phường Định Công, Quận Hoàng Mai, Hà NộiXem bản đồ","4,6 tỷ - 62 m2"
33 m²,3 phòng,3 phòng,,"Nhà ngõ, hẻm",3.5 m,,"68,18 triệu/m²",,5,,,,ha-noi,Bán nhà Đồng Mai 33m2 xây 5 tầng ô tô đỗ cạnh nhà giá 2.25 tỷ,,"Quốc lộ 6, Phường Đồng Mai, Quận Hà Đông, Hà NộiXem bản đồ","2,25 tỷ - 33 m2"
200 m²,nhiều hơn 10 phòng,Nhiều hơn 6 phòng,Đã có sổ,"Nhà mặt phố, mặt tiền",,,145 triệu/m²,,9,,Nội thất đầy đủ,,ha-noi,"CẦN BÁN LÔ GÓC VÕ CHÍ CÔNG 200M2, MT14M Ô TÔ TRÁNH KINH DOANH 29TỶ",,"Võ Chí Công, Phường Bưởi, Quận Tây Hồ, Hà NộiXem bản đồ",29 tỷ - 200 m2
40 m²,3 phòng,,Đã có sổ,"Nhà ngõ, hẻm",6 m,,"136,25 triệu/m²",,5,,Nội thất cao cấp,,ha-noi,BÁN GẤP NHÀ CẦU GIẤY 40m NHÀ ĐẸP DÂN XÂY GẦN PHỐ NGÕ THÔNG TỨ TUNG,,"Trần Thái Tông, Phường Dịch Vọng, Quận Cầu Giấy, Hà NộiXem bản đồ","5,45 tỷ - 40 m2"
112 m²,6 phòng,Nhiều hơn 6 phòng,Đã có sổ,"Nhà mặt phố, mặt tiền",,,"312,5 triệu/m²",,5,,Nội thất đầy đủ,,ha-noi,"CẦN BÁN PHỐ DỊCH VỌNG, CẦU GIẤY 112M2 MT6M VỈA HÈ KINH DOANH 35 TỶ",,"Dịch Vọng, Phường Dịch Vọng, Quận Cầu Giấy, Hà NộiXem bản đồ",35 tỷ - 112 m2
40 m²,3 phòng,,Đã có sổ,"Nhà ngõ, hẻm",6 m,,"136,25 triệu/m²",,5,,Nội thất cao cấp,,ha-noi,BÁN GẤP NHÀ CẦU GIẤY 40m NHÀ ĐẸP DÂN XÂY GẦN PHỐ NGÕ THÔNG TỨ TUNG,,"Trần Thái Tông, Phường Dịch Vọng, Quận Cầu Giấy, Hà NộiXem bản đồ","5,45 tỷ - 40 m2"
112 m²,6 phòng,Nhiều hơn 6 phòng,Đã có sổ,"Nhà mặt phố, mặt tiền",,,"312,5 triệu/m²",,5,,Nội thất đầy đủ,,ha-noi,"CẦN BÁN PHỐ DỊCH VỌNG, CẦU GIẤY 112M2 MT6M VỈA HÈ KINH DOANH 35 TỶ",,"Dịch Vọng, Phường Dịch Vọng, Quận Cầu Giấy, Hà NộiXem bản đồ",35 tỷ - 112 m2
35 m²,3 phòng,3 phòng,Đã có sổ,"Nhà mặt phố, mặt tiền",,,"114,29 triệu/m²",,5,,Nội thất đầy đủ,,ha-noi,"Bán nhà phố Nguyễn An Ninh, Hai Bà Trưng, 35MX 4T X 3,8M, GIÁ CHỈ 4 TỶ",,"Phố Nguyễn An Ninh, Phường Đồng Tâm, Quận Hai Bà Trưng, Hà NộiXem bản đồ",4 tỷ - 35 m2
638 m²,8 phòng,Nhiều hơn 6 phòng,Đã có sổ,"Nhà mặt phố, mặt tiền",,,"297,81 triệu/m²",,4,,Nội thất đầy đủ,,ha-noi,"LÔ GÓC NGUYỄN VĂN HUYÊN, TÂY HỒ 638M2, MT50M, 2 MẶT PHỐ NHỈNH 190 TỶ",,"Nguyễn Văn Huyên, Phường Phú Thượng, Quận Tây Hồ, Hà NộiXem bản đồ",190 tỷ - 638 m2
31 m²,3 phòng,4 phòng,Đã có sổ,"Nhà ngõ, hẻm",,,"80,65 triệu/m²",,,,,,ha-noi,"Chính chủ Bán nhà 5 tầng 6/14 ngõ 798 đường Ngãi Cầu, Hoài Đức Hà Nội",,"Đường Chùa Tổng, Xã An Khánh, Huyện Hoài Đức, Hà NộiXem bản đồ","2,5 tỷ - 31 m2"
120 m²,6 phòng,Nhiều hơn 6 phòng,Đã có sổ,"Nhà mặt phố, mặt tiền",,,"333,33 triệu/m²",,5,,Nội thất cao cấp,,ha-noi,BIỆT THỰ ĐỘI CẤN 1 MẶT HỒ 1 MẶT NGÕ 120M2 MT7M THANG MÁY VỈA HÈ 40 TỶ,,"Đội Cấn, Phường Đội Cấn, Quận Ba Đình, Hà NộiXem bản đồ",40 tỷ - 120 m2
43 m²,6 phòng,6 phòng,Đã có sổ,"Nhà ngõ, hẻm",,,"197,67 triệu/m²",,7,,Nội thất cao cấp,,ha-noi,"Bán gấp siêu phẩm mặt ngõ 376 Bưởi, gara ô tô, 7T, thang máy, lô góc",,"Đường Bưởi, Phường Cống Vị, Quận Ba Đình, Hà NộiXem bản đồ","8,5 tỷ - 43 m2"
175 m²,nhiều hơn 10 phòng,Nhiều hơn 6 phòng,Đã có sổ,"Nhà mặt phố, mặt tiền",,,"131,43 triệu/m²",,9,,Nội thất đầy đủ,,ha-noi,"LÔ GÓC 3 MẶT TIỀN HOÀNG NGÂN 175M2, MT8M MẶT HỒ Ô TÔ KINH DOANH 23 TỶ",,"Hoàng Ngân, Phường Nhân Chính, Quận Thanh Xuân, Hà NộiXem bản đồ",23 tỷ - 175 m2
43 m²,6 phòng,6 phòng,Đã có sổ,"Nhà ngõ, hẻm",,,"197,67 triệu/m²",,6,,Nội thất cao cấp,,ha-noi,"Bán gấp gấp nhà Phùng Chí Kiên, gara Ô TÔ, 7T, Thang máy, MT khủng.",,"phùng chí kiên, Phường Nghĩa Đô, Quận Cầu Giấy, Hà NộiXem bản đồ","8,5 tỷ - 43 m2"
40 m²,3 phòng,4 phòng,Đã có sổ,"Nhà ngõ, hẻm",,,"122,5 triệu/m²",,5,,Nội thất đầy đủ,,ha-noi,"BÁN GẤP NHÀ ĐẸP PHẠM VĂN ĐỒNG TỪ LIÊM 40M2, SÁT OTO TRÁNH, GIÁ 4,9 TỶ.",,"Phạm Văn Đồng, Phường Cổ Nhuế 1, Quận Bắc Từ Liêm, Hà NộiXem bản đồ","4,9 tỷ - 40 m2"
45 m²,3 phòng,3 phòng,Đã có sổ,,,,"104,44 triệu/m²",Tây Bắc,3,,,,ha-noi,"Bán Nhà mặt phố sầm uất kinh doanh Đại Mạch, Đông Anh, 3 tầng",,"quốc lộ 23, Xã Đại Mạch, Huyện Đông Anh, Hà NộiXem bản đồ","4,7 tỷ - 45 m2"
90 m²,4 phòng,4 phòng,Đã có sổ,"Nhà mặt phố, mặt tiền",,,"81,11 triệu/m²",Tây Nam,1,,,,ha-noi,"Bán Nhà mặt phố Tây Bầu kinh doanh sát UBND xã Kim Chung Đông Anh,90m2",,"Tây Bầu Võ Văn Kiệt, Xã Kim Chung, Huyện Đông Anh, Hà NộiXem bản đồ","7,3 tỷ - 90 m2"
40 m²,4 phòng,,,"Nhà ngõ, hẻm",,,"99,75 triệu/m²",,,,,,ha-noi,Quá Hiếm_Chùa Bộc_Ở Ngay_Ngõ To Thoáng_Lô Góc_Ô Tô_Tặng Pull Đồ,,"Chùa Bộc, Phường Quang Trung, Quận Đống Đa, Hà NộiXem bản đồ","3,99 tỷ - 40 m2"
41 m²,4 phòng,,,"Nhà ngõ, hẻm",,,"109,76 triệu/m²",,,,,,ha-noi,Quá Hiếm_Đào Tấn_Ngõ to Thông_Ô tô_Sát Phố_Nhà Đẹp_Ở Sướng_Dân Trí Cao,,"Phố Đào Tấn, Phường Cống Vị, Quận Ba Đình, Hà NộiXem bản đồ","4,5 tỷ - 41 m2"
45 m²,6 phòng,3 phòng,Đã có sổ,"Nhà ngõ, hẻm",,,"84,22 triệu/m²",,5,,Nội thất đầy đủ,,ha-noi,"Bán nhà Đông Thiên,OTO-NGÕ THÔNG-LÔ GÓC,45m2 x 5T, MT 4,5m.Giá:3,79 tỷ",,"Đông Thiên, Phường Lĩnh Nam, Quận Hoàng Mai, Hà NộiXem bản đồ","3,79 tỷ - 45 m2"
38 m²,4 phòng,3 phòng,Đã có sổ,"Nhà ngõ, hẻm",,,"173,16 triệu/m²",,6,,Nội thất đầy đủ,,ha-noi,"Bán nhà Tô Vĩnh Diện, 38m2 x 6T x 6.58 tỷ, THANG MÁY - Ô TÔ CÁCH 5M",,"Tô Vĩnh Diễn, Phường Khương Trung, Quận Thanh Xuân, Hà NộiXem bản đồ","6,58 tỷ - 38 m2"
50 m²,5 phòng,3 phòng,Đã có sổ,"Nhà ngõ, hẻm",,,138 triệu/m²,,5,,Nội thất đầy đủ,,ha-noi,"Bán nhà Nguyễn An Ninh, 50m2 x 5T x 6.9 tỷ, Ô TÔ CÁCH 20M - NGÕ NÔNG",,"Phố Nguyễn An Ninh, Phường Tương Mai, Quận Hoàng Mai, Hà NộiXem bản đồ","6,9 tỷ - 50 m2"
156 m²,4 phòng,4 phòng,Đã có sổ,"Nhà mặt phố, mặt tiền",,,"185,9 triệu/m²",,3,,Nội thất đầy đủ,,ha-noi,bán căn nhà 3 tầng biệt thự pháp 156m - mặt tiền 10m -29ty,,"Phố Ngọc Hà, Phường Ngọc Hà, Quận Ba Đình, Hà NộiXem bản đồ",29 tỷ - 156 m2
36 m²,4 phòng,,,"Nhà ngõ, hẻm",,,"83,33 triệu/m²",,,,,,ha-noi,BÁN NHÀ MỚI SIÊU ĐẸP PHÚ DIỄN 36M - CẠNH ĐH TN MÔI TRƯỜNG - GIÁ 3 TỶ,,"Phú diễn, Phường Phú Diễn, Quận Bắc Từ Liêm, Hà NộiXem bản đồ",3 tỷ - 36 m2
32 m²,3 phòng,,Đã có sổ,"Nhà ngõ, hẻm",,,"108,75 triệu/m²",,,,,,ha-noi,"CĂN GÓC GẦN Ô TÔ PHỐ ĐẠI ĐỒNG, NGUYỄN KHOÁI, NỘI THẤY ĐỈNH",,"Phố Đại Đồng, Phường Thanh Trì, Quận Hoàng Mai, Hà NộiXem bản đồ","3,48 tỷ - 32 m2"
32 m²,3 phòng,,Đã có sổ,"Nhà ngõ, hẻm",,,"108,75 triệu/m²",,,,,,ha-noi,"NHÀ ĐẸP ĐẠI ĐỒNG N KHOÁI, CĂN GÓC GẦN Ô TÔ, NỘI THẤT CAO CẤP",,"Phố Đại Đồng, Phường Thanh Trì, Quận Hoàng Mai, Hà NộiXem bản đồ","3,48 tỷ - 32 m2"
28 m²,2 phòng,,Đã có sổ,"Nhà ngõ, hẻm",,,"95,71 triệu/m²",,,,,,ha-noi,Nhà sổ đỏ Nam Dư gần ô tô 28m2 * 4 tầng MT4 nhỉnh 2.68 tỷ,,"Phố Nam Dư, Phường Lĩnh Nam, Quận Hoàng Mai, Hà NộiXem bản đồ","2,68 tỷ - 28 m2"
32 m²,3 phòng,,Đã có sổ,"Nhà ngõ, hẻm",,,"110,31 triệu/m²",,,,,,ha-noi,"NHÀ VĨNH HƯNG NGÕ THÔNG KD NHỎ, Ô TÔ QUA",,"Phố Đông Thiên, Phường Vĩnh Hưng, Quận Hoàng Mai, Hà NộiXem bản đồ","3,53 tỷ - 32 m2"
95 m²,nhiều hơn 10 phòng,Nhiều hơn 6 phòng,Đã có sổ,"Nhà mặt phố, mặt tiền",,,"194,74 triệu/m²",Nam,4,,,,ha-noi,bán căn mặt ngõ oto vào nhà phố đội cấn 95/100m -4 tầng -18ty5,,"Đội Cấn, Phường Cống Vị, Quận Ba Đình, Hà NộiXem bản đồ","18,5 tỷ - 95 m2"
32 m²,2 phòng,1 phòng,Đang chờ sổ,,,,"34,34 triệu/m²",Đông Nam,2,,,,ha-noi,Nhà mặt ngõ 32m2 - 2PN đường Phan Bá Vành - Bắc Từ Liêm,,"2A, Phan Bá Vành, Phường Cổ Nhuế 2, Quận Bắc Từ Liêm, Hà NộiXem bản đồ","1,099 tỷ - 32 m2"
50 m²,3 phòng,2 phòng,Đã có sổ,"Nhà ngõ, hẻm",,,60 triệu/m²,,3,,Nhà trống,,ha-noi,"CỰC HIẾM Cổ Dương 50 m +3TẦNG MT 4 . GIÁ 2,95 tỷ .ÔTÔ Đỗ CỬA,",,"Cổ Dương, Xã Tiên Dương, Huyện Đông Anh, Hà NộiXem bản đồ",3 tỷ - 50 m2
50 m²,5 phòng,,,"Nhà ngõ, hẻm",,,119 triệu/m²,,5,,,,ha-noi,BÁN NHÀ VÕNG THỊ 50M2-5 TẦNG-GIÁ 5.95 TỶ-LÔ GÓC 2 THOÁNG-Ô TÔ,,"Phố Võng Thị, Phường Bưởi, Quận Tây Hồ, Hà NộiXem bản đồ","5,95 tỷ - 50 m2"
48 m²,3 phòng,3 phòng,Đã có sổ,"Nhà ngõ, hẻm",,,"143,75 triệu/m²",,4,,Nội thất đầy đủ,,ha-noi,Bán nhà Hào Nam 48m2 nhà đẹp lô góc 3 thoáng ngõ thông 6.9 tỷ,,"Phố Hào Nam, Phường Ô Chợ Dừa, Quận Đống Đa, Hà NộiXem bản đồ","6,9 tỷ - 48 m2"
43 m²,6 phòng,6 phòng,Đã có sổ,"Nhà ngõ, hẻm",,,"197,67 triệu/m²",,7,,Nội thất cao cấp,,ha-noi,"Bán gấp nhà Hoàng Quốc Việt, gara Ô TÔ, 7T, Thang máy, lô góc 2 thoáng",,"hoàng quốc việt, Phường Nghĩa Đô, Quận Cầu Giấy, Hà NộiXem bản đồ","8,5 tỷ - 43 m2"
40 m²,3 phòng,,Đã có sổ,"Nhà mặt phố, mặt tiền",3.2 m,,"272,5 triệu/m²",,6,,Nội thất cao cấp,,ha-noi,"BÁN NHÀ MẶT PHỐ NGUYỄN NGỌC NẠI, ÔTÔ TRÁNH, KINH DOANH, DT 40M2 6 TẦNG",,"PHỐ NGUYỄN NGỌC NẠI, Phường Khương Mai, Quận Thanh Xuân, Hà NộiXem bản đồ","10,9 tỷ - 40 m2"
52 m²,10 phòng,Nhiều hơn 6 phòng,Đã có sổ,"Nhà ngõ, hẻm",,,125 triệu/m²,,7,,Nội thất đầy đủ,,ha-noi,Bán nhà dòng tiền Tây Mỗ-Nam Từ Liêm-52m-7 tầng thang máy-10 phòng,,"Ngõ 45 Cầu Cốc, Phường Tây Mỗ, Quận Nam Từ Liêm, Hà NộiXem bản đồ","6,5 tỷ - 52 m2"
30 m²,4 phòng,4 phòng,Đã có sổ,"Nhà ngõ, hẻm",,,100 triệu/m²,,5,,Nội thất đầy đủ,,ha-noi,"NHÀ ĐẸP Ở LUÔN-30m Ô TÔ-MẶT TIỀN 6,3m-FULL NỘI THẤT- NGỌC TRỤC, ĐẠI MỖ",,"Phố Ngọc Trục, Phường Đại Mỗ, Quận Nam Từ Liêm, Hà NộiXem bản đồ",3 tỷ - 30 m2
39 m²,3 phòng,4 phòng,Đã có sổ,"Nhà ngõ, hẻm",,,"98,72 triệu/m²",,5,,Nội thất đầy đủ,,ha-noi,"Bán nhà ngõ to đường Quang Tiến, Đại Mỗ. FULL ĐỒ, CHỈ VIỆC ĐẾN Ở",,"Đường Quang Tiến, Phường Đại Mỗ, Quận Nam Từ Liêm, Hà NộiXem bản đồ","3,85 tỷ - 39 m2"
45 m²,6 phòng,6 phòng,Đã có sổ,"Nhà ngõ, hẻm",,,200 triệu/m²,,7,,Nội thất cao cấp,,ha-noi,"Bán gấp nhà Hoàng Quốc Việt, gara Ô TÔ, 7T, Thang máy, MT 5m",,"hoàng quốc việt, Phường Nghĩa Đô, Quận Cầu Giấy, Hà NộiXem bản đồ",9 tỷ - 45 m2
30 m²,3 phòng,,Đã có sổ,"Nhà ngõ, hẻm",,,"118,33 triệu/m²",,5,,,,ha-noi,"Chính chủ cần bán nhà 5 tầng tại Tổ dân phố Tháp, Đại Mỗ, Nam Từ Liêm",,"Tổ dân phố Tháp, Phường Đại Mỗ, Quận Nam Từ Liêm, Hà NộiXem bản đồ","3,55 tỷ - 30 m2"
