Diện tích đất:,Số phòng ngủ:,Số phòng vệ sinh:,Giấy tờ pháp lý:,Loại hình nhà ở:,Chiều ngang:,Diện tích sử dụng:,Giá/m2:,Hướng cửa chính:,Tổng số tầng:,Đặc điểm nhà/đất:,Tình trạng nội thất:,Chiều dài:,Location,Name,URL,District,Price
45 m²,3 phòng,,Đã có sổ,"Nhà ngõ, hẻm",5 m,,"195,56 triệu/m²",,6,,Nội thất cao cấp,,ha-noi,TRUNG TÂM BA ĐÌNH-PHÂN LÔ Ô TÔ - NHÀ MỚI THANG MÁY - GIÁ CỰC TÌNH YÊU,,"Nguyễn Chí Thanh, Phường Điện Biên, Quận Ba Đình, Hà NộiXem bản đồ","8,8 tỷ - 45 m2"
76 m²,4 phòng,3 phòng,Đã có sổ,"Nhà ngõ, hẻm",5.4 m,,45 triệu/m²,,,,Nội thất đầy đủ,,ha-noi,"Bán nhà Ngọc Chi , Vĩnh Ngọc ,Đông Anh DT 76m2 x 3 tầng x 3,42 tỷ",,"Đường Cầu Ranh, Xã Vĩnh Ngọc, Huyện Đông Anh, Hà NộiXem bản đồ","3,42 tỷ - 76 m2"
60 m²,3 phòng,3 phòng,Đã có sổ,"Nhà ngõ, hẻm",,,"136,67 triệu/m²",,3,,Nội thất đầy đủ,,ha-noi,"LÔ GÓC, NGÕ THÁI HÀ HƠN 8 TỶ, 60M2, ĐI LẠI TỐT, DÂN TRÍ, SỔ ĐỎ NỞ HẬU",,"Phố Thái Hà, Phường Trung Liệt, Quận Đống Đa, Hà NộiXem bản đồ","8,2 tỷ - 60 m2"
43 m²,4 phòng,3 phòng,Đã có sổ,"Nhà ngõ, hẻm",,,"162,79 triệu/m²",,4,,Nội thất đầy đủ,,ha-noi,"Bán Nhà mặt ngõ ô tô, Hồ Phương Mai, 43m, 4 tầng, Full nội thất",,"Ngõ 38 - Phương Mai, Phường Phương Mai, Quận Đống Đa, Hà NộiXem bản đồ",7 tỷ - 43 m2
40 m²,4 phòng,,,"Nhà ngõ, hẻm",,,100 triệu/m²,,4,Nở hậu,,,ha-noi,BOM TẤn - NHà ĐẸp Ở NGay - 40m THaNH XUân,,"Đường Khương Đình, Phường Khương Đình, Quận Thanh Xuân, Hà NộiXem bản đồ",4 tỷ - 40 m2
50 m²,4 phòng,3 phòng,Đã có sổ,"Nhà ngõ, hẻm",,,98 triệu/m²,,4,,Nội thất đầy đủ,,ha-noi,Chỉ 4.9 tỷ nhà 50m2 phố Nguyễn Đình Hoàn – Cầu Giấy 4 Tầng,,"nguyễn đình hoàn, Phường Quan Hoa, Quận Cầu Giấy, Hà NộiXem bản đồ","4,9 tỷ - 50 m2"
50 m²,3 phòng,3 phòng,Đã có sổ,"Nhà ngõ, hẻm",,,100 triệu/m²,,4,,Nội thất đầy đủ,,ha-noi,BÁN CĂN NHÀ TỰ XÂY Ở PHỐ LƯƠNG THẾ VINH – THANH XUÂN NHỈNH 5 TỶ.,,"Lương Thế Vinh, Phường Thanh Xuân Bắc, Quận Thanh Xuân, Hà NộiXem bản đồ",5 tỷ - 50 m2
20 m²,3 phòng,3 phòng,Đã có sổ,"Nhà ngõ, hẻm",,,110 triệu/m²,,4,,Nội thất đầy đủ,,ha-noi,"CẦN BÁN NHÀ 2,2 TỶ, 4 TẦNG, CÁCH MỘT NHÀ RA MẶT PHỐ LÒ ĐÚC",,"Phố Lò Đúc, Phường Đống Mác, Quận Hai Bà Trưng, Hà NộiXem bản đồ","2,2 tỷ - 20 m2"
46 m²,3 phòng,3 phòng,Đã có sổ,"Nhà ngõ, hẻm",,,"121,72 triệu/m²",,3,,Nhà trống,,ha-noi,Bán nhà 3 tầng Ngõ 145 Phố Trần Hữu Tước 40M ra Hồ Đắc Di. 15M ra phố,,"Hồ Đắc Di, Phường Nam Đồng, Quận Đống Đa, Hà NộiXem bản đồ","5,599 tỷ - 46 m2"
47 m²,4 phòng,3 phòng,Đã có sổ,"Nhà ngõ, hẻm",,,"170,21 triệu/m²",Tây Bắc,4,,,,ha-noi,"Nhà 47mx4t ,MT3,3m, 4pn,3vvc ,sđcc,",,"14/51, Láng Trung Đống Đa Hà Nội, Phường Láng Hạ, Quận Đống Đa, Hà NộiXem bản đồ",8 tỷ - 47 m2
13 m²,2 phòng,1 phòng,Đã có sổ,"Nhà ngõ, hẻm",,,"115,38 triệu/m²",,,,,,ha-noi,Chính chủ bán nhà ngõ 67 văn cao 13.3 m2,,"Ngõ 67, Phường Liễu Giai, Quận Ba Đình, Hà NộiXem bản đồ","1,5 tỷ - 13 m2"
23 m²,3 phòng,3 phòng,Đã có sổ,"Nhà ngõ, hẻm",,,"130,43 triệu/m²",,4,,Nội thất đầy đủ,,ha-noi,NHÀ MẶT NGÕ LÒ ĐÚC CHỈ 3 TỶ - GIÁ CỰC HIẾM TẠI TRUNG TÂM HAI BÀ TRƯNG,,"Phố Lò Đúc, Phường Phạm Đình Hổ, Quận Hai Bà Trưng, Hà NộiXem bản đồ",3 tỷ - 23 m2
35 m²,3 phòng,,Đã có sổ,"Nhà ngõ, hẻm",,,"85,71 triệu/m²",,5,,,,ha-noi,CẦN BÁN GẤP NHÀ LÊ TRONG TẤN 35 x 5T giá 3tỷ chính chủ,,"Đường Lê Trọng Tấn, Phường La Khê, Quận Hà Đông, Hà NộiXem bản đồ",3 tỷ - 35 m2
33 m²,3 phòng,,,"Nhà ngõ, hẻm",,,"165,15 triệu/m²",,5,,,,ha-noi,💥NHÀ MẶT TIỀN 6M - CÁCH 100M RA NGÃ TƯ TRẦN THÁI TÔNG - CẦU GIẤY,,"Trần Thái Tông, Phường Dịch Vọng Hậu, Quận Cầu Giấy, Hà NộiXem bản đồ","5,45 tỷ - 33 m2"
40 m²,4 phòng,,,"Nhà ngõ, hẻm",,,"136,25 triệu/m²",,,,Nội thất cao cấp,,ha-noi,PHỐ NGUYỄN LƯƠNG BẰNG- ĐỐNG ĐA- 40M2- 5.4 TỶ.,,"Phố Nguyễn Lương Bằng, Phường Nam Đồng, Quận Đống Đa, Hà NộiXem bản đồ","5,45 tỷ - 40 m2"
66 m²,4 phòng,6 phòng,Đã có sổ,,,,"130,3 triệu/m²",Đông Nam,5,,,,ha-noi,Đức Giang chính chủ bán nhà,,"Phố Đức Giang, Phường Đức Giang, Quận Long Biên, Hà NộiXem bản đồ","8,6 tỷ - 66 m2"
48.3 m²,1 phòng,1 phòng,Đã có sổ,"Nhà ngõ, hẻm",,,"72,46 triệu/m²",Bắc,1,,,,ha-noi,"Bán nhà riêng 48,3m2 tại 406 Lê Duẩn, Đống Đa, Hà Nội",,"406, 406 lê duẩn đống đa hà nội, Phường Phương Liên, Quận Đống Đa, Hà NộiXem bản đồ","3,5 tỷ - 48.3 m2"
5 m²,4 phòng,3 phòng,Đã có sổ,"Nhà ngõ, hẻm",,,"2,3 tỷ/m²",,4,,Nội thất cao cấp,,ha-noi,BÁN NHÀ HOÀNG QUỐC VIỆT. HÀ NỘI. dt 50m.4 tầng. Mt 4.5m. 11.5 Tỷ.,,"2, Lạc Long Qua, Phường Xuân La, Quận Tây Hồ, Hà NộiXem bản đồ","11,5 tỷ - 5 m2"
58 m²,2 phòng,1 phòng,Đang chờ sổ,"Nhà mặt phố, mặt tiền",,,"28,45 triệu/m²",Đông Nam,1,,,,ha-noi,58m2 Nhà T1 cạnh Trường Mầm Non Ngô Thị Nhậm Hà Đông,,"1, Nguyễn Viết Xu, Phường Quang Trung, Quận Hà Đông, Hà NộiXem bản đồ","1,65 tỷ - 58 m2"
35 m²,4 phòng,3 phòng,Đã có sổ,"Nhà ngõ, hẻm",,,"122,23 triệu/m²",,4,,Nội thất đầy đủ,,ha-noi,"Bán nhà xây mới ngõ Trung Tả, 35m2x4T. SDCC",,"Ngõ Trung Tả, Phường Khâm Thiên, Quận Đống Đa, Hà NộiXem bản đồ","4,278 tỷ - 35 m2"
35 m²,3 phòng,,,"Nhà ngõ, hẻm",,,"117,14 triệu/m²",,,,,,ha-noi,"Rẻ đẹp! Thinh Quang, bagac phi, kinh doanh, mới đẹp full TT 35m2*5T",,"Thịnh Quang, Phường Thịnh Quang, Quận Đống Đa, Hà NộiXem bản đồ","4,1 tỷ - 35 m2"
34.5 m²,3 phòng,3 phòng,,"Nhà ngõ, hẻm",6 m,,"73,91 triệu/m²",Tây Bắc,,,Nhà trống,,ha-noi,"CHÍNH CHỦ, BÁN NHÀ 3 TẦNG TẠI HÀ NỘI, MT 6M, Ô TÔ TRÁNH CÁCH 15M",,"số 2 ngõ 1139, Đường Chùa Tổng, Xã An Khánh, Huyện Hoài Đức, Hà NộiXem bản đồ","2,55 tỷ - 34.5 m2"
55 m²,5 phòng,4 phòng,Đã có sổ,"Nhà ngõ, hẻm",4.5 m,,"88,18 triệu/m²",,5,,,,ha-noi,"Bán gấp nhà phố Láng Hạ 4.85 tỷ 55m2, dân xây, ở ngay, ngõ gần",,"Phố Láng Hạ, Phường Láng Hạ, Quận Đống Đa, Hà NộiXem bản đồ","4,85 tỷ - 55 m2"
43 m²,4 phòng,5 phòng,,"Nhà ngõ, hẻm",,,"147,67 triệu/m²",,6,,,,ha-noi,Bán nhà Lạc Long Quân- 43M2-6 Tầng-50M Ô Tô-Thang Máy-Lô góc,,"Lạc Long Quân, Phường Nghĩa Đô, Quận Cầu Giấy, Hà NộiXem bản đồ","6,35 tỷ - 43 m2"
54 m²,7 phòng,Nhiều hơn 6 phòng,Đã có sổ,"Nhà ngõ, hẻm",,,"127,78 triệu/m²",,4,,Nội thất cao cấp,,ha-noi,Tôi chính chủ bán tòa chung cư mini có thang máy,,"45 553/108, Đường Giải Phóng, Phường Giáp Bát, Quận Hoàng Mai, Hà NộiXem bản đồ","6,9 tỷ - 54 m2"
46.2 m²,2 phòng,2 phòng,Giấy tờ khác,"Nhà ngõ, hẻm",,46.2 m²,"38,96 triệu/m²",,,,Nhà trống,,ha-noi,"Diện tích 46,2m , 2 ngủ 2 vệ sinh .Mua bán vi bằng",,"Số nhà 10, Tân khai, Phường Vĩnh Hưng, Quận Hoàng Mai, Hà NộiXem bản đồ","1,8 tỷ - 46.2 m2"
32 m²,5 phòng,4 phòng,Đã có sổ,"Nhà ngõ, hẻm",,,"140,63 triệu/m²",Đông Nam,,,Nội thất đầy đủ,,ha-noi,chính chủ bán nhà phố vũ ngọc phan,,"Vũ Ngọc Phan, Phường Láng Hạ, Quận Đống Đa, Hà NộiXem bản đồ","4,5 tỷ - 32 m2"
43 m²,4 phòng,,Đã có sổ,"Nhà ngõ, hẻm",,,"132,56 triệu/m²",,,,Nội thất đầy đủ,,ha-noi,"Nhà Xuân Thủy, ô tô tránh, ngõ nông, kinh doanh, gần phố, 43m2*4T",,"Xuân Thủy, Phường Dịch Vọng Hậu, Quận Cầu Giấy, Hà NộiXem bản đồ","5,7 tỷ - 43 m2"
56 m²,5 phòng,,Đã có sổ,"Nhà ngõ, hẻm",,,"105,36 triệu/m²",,5,,Nội thất đầy đủ,,ha-noi,"Bán nhà Tôn Đức Thắng, ngõ thông, Kinh doanh, ô tô, full đồ, 56m2*5T",,"Phố Tôn Đức Thắng, Phường Hàng Bột, Quận Đống Đa, Hà NộiXem bản đồ","5,9 tỷ - 56 m2"
43.66 m²,4 phòng,,Đã có sổ,"Nhà mặt phố, mặt tiền",,,"274,85 triệu/m²",,4,,Nội thất đầy đủ,,ha-noi,"Nhà mặt tiền, oto đỗ cửa",,"Phố Ô Đồng Lầm, Phường Phương Liên, Quận Đống Đa, Hà NộiXem bản đồ",12 tỷ - 43.66 m2
29 m²,2 phòng,3 phòng,Đã có sổ,"Nhà ngõ, hẻm",,172 m²,"213,79 triệu/m²",,,,Nội thất đầy đủ,,ha-noi,BÁN NHÀ 6 TẦNG MẶT NGÕ KHÂM THIÊN,,"Phố Khâm Thiên, Phường Thổ Quan, Quận Đống Đa, Hà NộiXem bản đồ","6,2 tỷ - 29 m2"
82 m²,4 phòng,4 phòng,Đã có sổ,"Nhà mặt phố, mặt tiền",,,"267,07 triệu/m²",Tây,5,,,,ha-noi,Nhà mặt tiền 4 phòng ngủ đường Lương Yên quận Hai Bà Trưng Hà Nội,,"35, Phố Lương Yên, Phường Bạch Đằng, Quận Hai Bà Trưng, Hà NộiXem bản đồ","21,9 tỷ - 82 m2"
25 m²,4 phòng,,,"Nhà ngõ, hẻm",,,256 triệu/m²,,,,,,ha-noi,BÁN NHÀ -MINH KHAI. - 25m x 5t,,"Mình Khai, Phường Hoàng Văn Thụ, Quận Hoàng Mai, Hà NộiXem bản đồ","6,4 tỷ - 25 m2"
68 m²,4 phòng,,Đã có sổ,"Nhà mặt phố, mặt tiền",6 m,,"257,35 triệu/m²",,,,,,ha-noi,PHÂN LÔ 214 NGUYỄN XIỂN- ĐƯỜNG 3 Ô TÔ TRÁNH-VỈA HÈ RỘNG - KD24/7,,"Nguyễn Xiển, Phường Thanh Xuân Nam, Quận Thanh Xuân, Hà NộiXem bản đồ","17,5 tỷ - 68 m2"
50 m²,5 phòng,4 phòng,Đã có sổ,,,,200 triệu/m²,Tây Bắc,6,,,,ha-noi,Bán gấp,,"Trung Kính, Phường Yên Hoà, Quận Cầu Giấy, Hà NộiXem bản đồ",10 tỷ - 50 m2
60 m²,4 phòng,,Đã có sổ,"Nhà mặt phố, mặt tiền",,50 m²,130 triệu/m²,,,,,,ha-noi,"Bán Nhà Hoàng Văn Thái, 60m, Mặt tiền rông đẹp, chỉ 7,8 tỷ",,"Hoàng Văn Thái, Phường Khương Trung, Quận Thanh Xuân, Hà NộiXem bản đồ","7,8 tỷ - 60 m2"
41 m²,1 phòng,1 phòng,Đã có sổ,"Nhà mặt phố, mặt tiền",,,"72,44 triệu/m²",Tây Bắc,1,,,,ha-noi,"Đất Oto đỗ cửa giáp QL 32- Lai Xá Hoài Đức 41m2, 2ty97",,"Đường Vạn Xuân, Xã Kim Chung, Huyện Hoài Đức, Hà NộiXem bản đồ","2,97 tỷ - 41 m2"
83.8 m²,4 phòng,4 phòng,Đã có sổ,"Nhà ngõ, hẻm",,,"161,1 triệu/m²",Tây,4,,,,ha-noi,CHÍNH CHỦ BÁN NHÀ ĐẸP NGÕ 409 KIM MÃ,,"Ngõ 409, Phố Kim Mã, Phường Ngọc Khánh, Quận Ba Đình, Hà NộiXem bản đồ","13,5 tỷ - 83.8 m2"
36 m²,4 phòng,4 phòng,Đã có sổ,"Nhà ngõ, hẻm",,,"129,17 triệu/m²",,5,,Nội thất đầy đủ,,ha-noi,"CCHỦ NHÀ, THỤY KHUÊ. BA GÁC ĐỖ CỬA, 36M, 5T, Full NỘI THẤT, 4,65 TỶ",,"Đường Thụy Khuê, Phường Thụy Khuê, Quận Tây Hồ, Hà NộiXem bản đồ","4,65 tỷ - 36 m2"
20 m²,1 phòng,1 phòng,Giấy tờ khác,"Nhà ngõ, hẻm",,,60 triệu/m²,Tây Nam,2,,,,ha-noi,Nhà Buôn Bán,,"Phố An Dương, Phường Yên Phụ, Quận Tây Hồ, Hà NộiXem bản đồ","1,2 tỷ - 20 m2"
30 m²,3 phòng,3 phòng,Đã có sổ,"Nhà ngõ, hẻm",,,95 triệu/m²,,4,,Nhà trống,,ha-noi,"Bán nhà Thanh Đàm-Tặng Nội Thất- chủ cần bán gấp 2,85 tỷ",,"Thanh đàm, Phường Lĩnh Nam, Quận Hoàng Mai, Hà NộiXem bản đồ","2,85 tỷ - 30 m2"
66.9 m²,3 phòng,2 phòng,Đã có sổ,"Nhà ngõ, hẻm",,,"31,39 triệu/m²",Đông Nam,3,,,,ha-noi,"Nhà 3 tầng 66m2 3PN tại Bình Yên gần khu CNC Hòa Lạc, Hà Nội",,"Đường tỉnh 420, Xã Bình Yên, Huyện Thạch Thất, Hà NộiXem bản đồ","2,1 tỷ - 66.9 m2"
55 m²,8 phòng,,Đã có sổ,"Nhà ngõ, hẻm",,330 m²,"143,64 triệu/m²",,6,,Nội thất đầy đủ,,ha-noi,"Nhà Yên Lãng Đống Đa 55m2 6 tầng hơn 7 tỷ kinh doanh tốt, ô tô tránh",,"Phố Yên Lãng, Phường Láng Hạ, Quận Đống Đa, Hà NộiXem bản đồ","7,9 tỷ - 55 m2"
34 m²,3 phòng,2 phòng,Đã có sổ,"Nhà ngõ, hẻm",,,"86,76 triệu/m²",Tây Nam,3,,,,ha-noi,"Chính chủ bán nhà cổng Tây Lai Xá, 10m ra đường ô tô, vị trí cực đẹp",,"Phố Tây Lai Xá, Xã Kim Chung, Huyện Hoài Đức, Hà NộiXem bản đồ","2,95 tỷ - 34 m2"
31 m²,2 phòng,2 phòng,Đã có sổ,"Nhà ngõ, hẻm",,,"106,45 triệu/m²",Tây Bắc,4,,,,ha-noi,"Chính chủ bán nhà 31m2 x 4T xây mới phố Đại Đồng, Vĩnh Hưng",,"Phố đại đồng, Phường Thịnh Liệt, Quận Hoàng Mai, Hà NộiXem bản đồ","3,3 tỷ - 31 m2"
45 m²,3 phòng,,,"Nhà ngõ, hẻm",,,"95,56 triệu/m²",,5,,,,ha-noi,"Kịch độc phố víp thái thịnh 60M ra oto 45M,5T",,"Thái Thịnh, Phường Trung Liệt, Quận Đống Đa, Hà NộiXem bản đồ","4,3 tỷ - 45 m2"
38 m²,3 phòng,,Đã có sổ,"Nhà ngõ, hẻm",,,"131,58 triệu/m²",,5,,,,ha-noi,"BÁN NHÀ DƯƠNG QUẢNG HÀM DT 38M2, GIÁ CHỈ 5 TỶ CẦU GIẤY",,"Dương Quảng Hàm, Phường Yên Hoà, Quận Cầu Giấy, Hà NộiXem bản đồ",5 tỷ - 38 m2
32 m²,4 phòng,3 phòng,Đã có sổ,"Nhà ngõ, hẻm",,,100 triệu/m²,Bắc,4,,,,ha-noi,"4 Tầng Lô Góc nhỉnh 3 tỷ Mậu Lương- Kiến Hưng, ảnh chụp thật",,"mậu lương, Phường Kiến Hưng, Quận Hà Đông, Hà NộiXem bản đồ","3,2 tỷ - 32 m2"
105 m²,3 phòng,2 phòng,Đã có sổ,"Nhà ngõ, hẻm",,,"20,95 triệu/m²",Đông Bắc,3,,,,ha-noi,BÁN GẤP CĂN NHÀ 3 TẦNG CỰC ĐẸP,,"quốc lộ 21B, Huyện Thanh Oai, Hà NộiXem bản đồ","2,2 tỷ - 105 m2"
45 m²,5 phòng,3 phòng,Đã có sổ,"Nhà ngõ, hẻm",,,"125,56 triệu/m²",Đông Bắc,4,,,,ha-noi,Bán Nhà,,"Minh Khai, Phường Minh Khai, Quận Hai Bà Trưng, Hà NộiXem bản đồ","5,65 tỷ - 45 m2"
44 m²,4 phòng,3 phòng,Đã có sổ,"Nhà mặt phố, mặt tiền",,,"147,73 triệu/m²",Đông,5,,,,ha-noi,Bán nhà Ngã Tư Sở _ Giá chào bất ngờ 6ty5 _ Đẹp từng săng ti mét.,,"Ngã Tư Sở, Phường Cổ Nhuế 1, Quận Bắc Từ Liêm, Hà NộiXem bản đồ","6,5 tỷ - 44 m2"
43 m²,5 phòng,4 phòng,Đã có sổ,"Nhà ngõ, hẻm",,,"95,35 triệu/m²",,5,,Nội thất đầy đủ,,ha-noi,BÁN GẤP- TRƯƠNG ĐỊNH- 43M- 5 TẦNG MỚI XÂY- SỔ ĐỎ CHÍNH CHỦ,,"Đường Trương Định, Phường Tân Mai, Quận Hoàng Mai, Hà NộiXem bản đồ","4,1 tỷ - 43 m2"
94 m²,1 phòng,,,"Nhà mặt phố, mặt tiền",7 m,,"370,21 triệu/m²",,,,,,ha-noi,"BÁN NHÀ MẶT PHỐ NGUYÊN HỒNG - MẶT TIỀN 7m - 94m2 - 34,8 tỷ",,"Nguyên Hồng, Phường Ngã Tư Sở, Quận Đống Đa, Hà NộiXem bản đồ","34,8 tỷ - 94 m2"
120 m²,nhiều hơn 10 phòng,,Đã có sổ,"Nhà ngõ, hẻm",,120 m²,"130,65 triệu/m²",,,Nở hậu,,,ha-noi,"DT:120m2 - MT:6m nở hậu đẹp ngõ Dương Văn Bé, ô tô đỗ cửa, SDCC",,"Phố Dương Văn Bé, Phường Vĩnh Tuy, Quận Hai Bà Trưng, Hà NộiXem bản đồ","15,678 tỷ - 120 m2"
55 m²,6 phòng,4 phòng,Đã có sổ,Nhà phố liền kề,,,"156,36 triệu/m²",Tây Bắc,5,,,,ha-noi,bán nhà mặt phố phan đình giót kinh doanh được,,"Phố Phan Đình Giót, Phường La Khê, Quận Hà Đông, Hà NộiXem bản đồ","8,6 tỷ - 55 m2"
30 m²,5 phòng,5 phòng,Đã có sổ,"Nhà ngõ, hẻm",,,"196,67 triệu/m²",Bắc,6,,,,ha-noi,Bán nhà,,"Bùi Huy Bích, Phường Hoàng Liệt, Quận Hoàng Mai, Hà NộiXem bản đồ","5,9 tỷ - 30 m2"
36 m²,5 phòng,5 phòng,Đã có sổ,"Nhà ngõ, hẻm",,,"118,3 triệu/m²",,4,,Nội thất đầy đủ,,ha-noi,BÁN NHÀ HOÀNG VĂN THÁI - 36/40M2 - 5M OTO ĐỖ CỬA - GIÁ CHỈ HƠN 4 TỶ,,"Hoàng Văn Thái, Phường Khương Trung, Quận Thanh Xuân, Hà NộiXem bản đồ","4,258888555 tỷ - 36 m2"
40 m²,3 phòng,5 phòng,Đã có sổ,"Nhà ngõ, hẻm",5.6 m,,"197,5 triệu/m²",,,,Nội thất cao cấp,,ha-noi,"Nhà mới, đẹp nhất phố Nguyễn an ninh 40m2 5 tầng thang máy 7,9 tỷ.",,"Phố Nguyễn An Ninh, Phường Tương Mai, Quận Hoàng Mai, Hà NộiXem bản đồ","7,9 tỷ - 40 m2"
35 m²,4 phòng,,,"Nhà ngõ, hẻm",,35 m²,"142,86 triệu/m²",,,Nở hậu,,,ha-noi,🏎 BÁN NHÀ TRẦN KHÁT CHÂN GẦN TOÀ ÁN QUẬN - PHỐ VIP HAI BÀ TRƯNG,,"Trần Khát Chân, Phường Thanh Nhàn, Quận Hai Bà Trưng, Hà NộiXem bản đồ",5 tỷ - 35 m2
45 m²,8 phòng,,Đã có sổ,"Nhà ngõ, hẻm",,,"121,11 triệu/m²",,5,,,,ha-noi,Bán nhà phố Trương Định,,"trương định, Phường Tương Mai, Quận Hoàng Mai, Hà NộiXem bản đồ","5,45 tỷ - 45 m2"
35 m²,4 phòng,,,"Nhà ngõ, hẻm",,35 m²,"142,86 triệu/m²",,,Nở hậu,,,ha-noi,🏎 BÁN NHÀ TRẦN KHÁT CHÂN GẦN TOÀ ÁN QUẬN - PHỐ VIP HAI BÀ TRƯNG,,"Trần Khát Chân, Phường Thanh Nhàn, Quận Hai Bà Trưng, Hà NộiXem bản đồ",5 tỷ - 35 m2
45 m²,8 phòng,,Đã có sổ,"Nhà ngõ, hẻm",,,"121,11 triệu/m²",,5,,,,ha-noi,Bán nhà phố Trương Định,,"trương định, Phường Tương Mai, Quận Hoàng Mai, Hà NộiXem bản đồ","5,45 tỷ - 45 m2"
35 m²,4 phòng,4 phòng,,"Nhà ngõ, hẻm",4 m,,"62,86 triệu/m²",,5,,Nội thất đầy đủ,,ha-noi,"Siêu phẩm Xuân Phương, Nam Từ Liêm, 35m², 5 tầng, 2.2 tỷ.",,"Đường Xuân Phương, Phường Xuân Phương, Quận Nam Từ Liêm, Hà NộiXem bản đồ","2,2 tỷ - 35 m2"
43 m²,3 phòng,3 phòng,Đã có sổ,"Nhà ngõ, hẻm",,,"206,98 triệu/m²",Đông Bắc,4,,,,ha-noi,Bán nhà ngõ 69B Hoàng Văn Thái- Thanh Xuân- Hà Nội,,"Hoàng Văn Thái, Phường Khương Trung, Quận Thanh Xuân, Hà NộiXem bản đồ","8,9 tỷ - 43 m2"
40 m²,nhiều hơn 10 phòng,3 phòng,Đã có sổ,"Nhà ngõ, hẻm",,,"121,5 triệu/m²",Đông,4,,,,ha-noi,"NHÀ MỚI, THIẾT KẾ HIỆN ĐẠI 4TẦNG-KHƯƠNG TRUNG- MT RỘNG 11m.ÔTÔ ĐỖ GẦN.",,"Khương trung, Phường Khương Trung, Quận Thanh Xuân, Hà NộiXem bản đồ","4,86 tỷ - 40 m2"
45 m²,4 phòng,5 phòng,Đã có sổ,"Nhà ngõ, hẻm",,,"146,67 triệu/m²",,5,,Nội thất cao cấp,,ha-noi,"Dân Xây L G Ngọc_Thụy 45m 5T MT6,5m Giá_Chỉ_6_6_Tỷ TL LH Cho Khánh NT",,"Ngọc Thụy, Phường Ngọc Thụy, Quận Long Biên, Hà NộiXem bản đồ","6,6 tỷ - 45 m2"
68 m²,4 phòng,1 phòng,,"Nhà mặt phố, mặt tiền",,68 m²,"73,53 triệu/m²",,1,,,,ha-noi,NHÀ 5 TẦNG MẶT PHỐ - TRUNG TÂM TT YÊN VIÊN - VỪA Ở VỪA KINH DOANH,,"Đường Hà Huy Tập, Xã Yên Viên, Huyện Gia Lâm, Hà NộiXem bản đồ",5 tỷ - 68 m2
90 m²,6 phòng,,Đã có sổ,"Nhà mặt phố, mặt tiền",,,"161,11 triệu/m²",,,Nở hậu,,,ha-noi,MẶT PHỐ KINH DOANH - SỔ VUÔNG - 2 THOÁNG- NỞ HẬU-SỔ ĐỎ NÉT CĂNG,,"Yên hoà, Phường Yên Hoà, Quận Cầu Giấy, Hà NộiXem bản đồ","14,5 tỷ - 90 m2"
31 m²,4 phòng,3 phòng,Đã có sổ,"Nhà ngõ, hẻm",,,"140,32 triệu/m²",,5,,Nội thất đầy đủ,,ha-noi,"Nhà 02 mặt thông thoáng, thiết kế ô tô 5 chỗ vào nhà",,"Yên lộ, Phường Yên Nghĩa, Quận Hà Đông, Hà NộiXem bản đồ","4,35 tỷ - 31 m2"
50 m²,3 phòng,3 phòng,Đã có sổ,"Nhà ngõ, hẻm",,,47 triệu/m²,Tây Bắc,3,,,,ha-noi,"CÁCH KĐT ĐÔ NGHĨA CHỈ 3 km căn nhà 4 tầng, dt 50m2 giá nhỉnh 2 tỷ",,"Thôn Độ Chàng, Xã Đại Thành, Huyện Quốc Oai, Hà NộiXem bản đồ","2,35 tỷ - 50 m2"
210 m²,6 phòng,5 phòng,,Nhà biệt thự,,400 m²,"123,81 triệu/m²",Tây,4,,,,ha-noi,"Bán nhà biệt thự sân vườn tại phố Đội Cấn, Quận Ba Đình, Hà Nội.",,"Đội Cấn, Phường Đội Cấn, Quận Ba Đình, Hà NộiXem bản đồ",26 tỷ - 210 m2
55 m²,7 phòng,5 phòng,Đã có sổ,"Nhà ngõ, hẻm",,,"161,82 triệu/m²",,6,,Nội thất cao cấp,,ha-noi,"Nhà xây mới 55m2, 6 tầng, ô tô, thang máy, đường Tân Mai, Q. Hoàng Mai",,"Phố Tân Mai, Phường Tân Mai, Quận Hoàng Mai, Hà NộiXem bản đồ","8,9 tỷ - 55 m2"
20 m²,1 phòng,1 phòng,,"Nhà ngõ, hẻm",,20 m²,"37,5 triệu/m²",Đông Bắc,2,,,,ha-noi,CẦN BÁN NHÀ Ở TRONG NGÕ 238 ÂU CƠ,,"Ngõ 238 Đường Âu Cơ, Phường Quảng An, Quận Tây Hồ, Hà NộiXem bản đồ",750 triệu - 20 m2
43 m²,3 phòng,3 phòng,,"Nhà ngõ, hẻm",,43 m²,"69,77 triệu/m²",,5,,,,ha-noi,"Nhà THANH LÂN mới xây - ngõ nông, nhiều tiện ích giá CỰC TỐT",,"thanh lân, Phường Thanh Trì, Quận Hoàng Mai, Hà NộiXem bản đồ",3 tỷ - 43 m2
47.5 m²,3 phòng,4 phòng,Đã có sổ,"Nhà mặt phố, mặt tiền",,35 m²,"92,63 triệu/m²",,,"Hẻm xe hơi,Nở hậu",,,ha-noi,CẦN TIỀN BÁN NHÀ BÁT KHỐI ( Miễn trung gian),,"Tư Đình, Phường Long Biên, Quận Long Biên, Hà NộiXem bản đồ","4,4 tỷ - 47.5 m2"
100 m²,1 phòng,1 phòng,Đã có sổ,"Nhà ngõ, hẻm",,,36 triệu/m²,Tây Nam,1,,,,ha-noi,Nhà cấp 4 full đồ nội thất 100m2 ngõ rộng ô tô vào tận nhà ngõ 64,,"Ngõ 64, Xã Đa Tốn, Huyện Gia Lâm, Hà NộiXem bản đồ","3,6 tỷ - 100 m2"
38 m²,3 phòng,4 phòng,Đã có sổ,"Nhà ngõ, hẻm",,,"103,95 triệu/m²",,5,,Nội thất cao cấp,,ha-noi,Bán Nhà-Giải Phóng 38/40m2-5 tầng-3 tỉ950,,"Đường Giải Phóng, Phường Giáp Bát, Quận Hoàng Mai, Hà NộiXem bản đồ","3,95 tỷ - 38 m2"
35 m²,2 phòng,3 phòng,Đã có sổ,"Nhà ngõ, hẻm",,,"101,43 triệu/m²",Tây Bắc,3,,,,ha-noi,bán nhà Tư đình cc,,"Cổ Linh, Phường Long Biên, Quận Long Biên, Hà NộiXem bản đồ","3,55 tỷ - 35 m2"
33.7 m²,2 phòng,,,"Nhà ngõ, hẻm",,,"48,96 triệu/m²",,,,,,ha-noi,"Bán nhà tổ 10 Phúc Lợi, Long Biên dt 34m giá 1.65 tỷ",,"Phúc Lợi, Phường Phúc Lợi, Quận Long Biên, Hà NộiXem bản đồ","1,65 tỷ - 33.7 m2"
30 m²,2 phòng,1 phòng,Đã có sổ,"Nhà ngõ, hẻm",,,"100,67 triệu/m²",Đông Nam,3,,,,ha-noi,Cần bán nhà số 11 ngách 72 ngõ 71 Tân Ấp,,"11 ngách 72 ngõ 71 Tân Ấp, Phố Tân Ấp, Phường Phúc Xá, Quận Ba Đình, Hà NộiXem bản đồ","3,02 tỷ - 30 m2"
30 m²,2 phòng,1 phòng,Đã có sổ,"Nhà ngõ, hẻm",,,"100,67 triệu/m²",Đông Nam,3,,,,ha-noi,Cần bán nhà số 11 ngách 72 ngõ 71 Tân Ấp,,"11 ngách 72 ngõ 71 Tân Ấp, Phố Tân Ấp, Phường Phúc Xá, Quận Ba Đình, Hà NộiXem bản đồ","3,02 tỷ - 30 m2"
30 m²,2 phòng,1 phòng,Đã có sổ,"Nhà ngõ, hẻm",,,"100,67 triệu/m²",Đông Nam,3,,,,ha-noi,Cần bán nhà số 11 ngách 72 ngõ 71 Tân Ấp Ba Đình,,"11 ngách 72 ngõ 71 Tân Ấp, Ngõ 71 Tân Ấp, Phường Phúc Xá, Quận Ba Đình, Hà NộiXem bản đồ","3,02 tỷ - 30 m2"
30 m²,2 phòng,,,"Nhà ngõ, hẻm",,,60 triệu/m²,,3,,Nội thất đầy đủ,,ha-noi,Cần bán nhà 3 tầng trong ngõ đường Lĩnh Nam - dt 30m2,,"Đường Lĩnh Nam, Phường Vĩnh Hưng, Quận Hoàng Mai, Hà NộiXem bản đồ","1,8 tỷ - 30 m2"
40 m²,3 phòng,4 phòng,Đã có sổ,"Nhà ngõ, hẻm",,40 m²,95 triệu/m²,,5,,,,ha-noi,4 CHỖ VÀO NHÀ - TRƯỚC NHÀ RỘNG THOÁNG,,"đường tứ hiệp, Xã Tứ Hiệp, Huyện Thanh Trì, Hà NộiXem bản đồ","3,8 tỷ - 40 m2"
48 m²,6 phòng,4 phòng,Đã có sổ,"Nhà ngõ, hẻm",,,"86,46 triệu/m²",,4,,Nhà trống,,ha-noi,"Chính chủ bán gấp nhà 4 tầng mới xây 48m2 tại Tây Mỗ, Nam Từ Liêm, HN",,"Phố Miêu Nha, Phường Tây Mỗ, Quận Nam Từ Liêm, Hà NộiXem bản đồ","4,15 tỷ - 48 m2"
30 m²,3 phòng,2 phòng,Đã có sổ,"Nhà ngõ, hẻm",,,"93,33 triệu/m²",,3,,Nội thất đầy đủ,,ha-noi,"BÁN NHÀ CỰC ĐẸP NGÕ GỐC ĐỀ, giá hợp lý, dưới 3tỷ",,"Đường Minh Khai, Phường Mai Động, Quận Hoàng Mai, Hà NộiXem bản đồ","2,8 tỷ - 30 m2"
48 m²,1 phòng,,,"Nhà ngõ, hẻm",,120 m²,"72,92 triệu/m²",,,"Hẻm xe hơi,Nở hậu",,,ha-noi,Bán nhà 48m2 MT 6M tại số nhà 24 ngõ 95/35/14 vũ xuân thiều ngõ 3m,,"Phố Vũ Xuân Thiều, Phường Sài Đồng, Quận Long Biên, Hà NộiXem bản đồ","3,5 tỷ - 48 m2"
25 m²,3 phòng,3 phòng,Đã có sổ,"Nhà ngõ, hẻm",,,166 triệu/m²,,4,,Nội thất đầy đủ,,ha-noi,"Nhà lô góc 2 thoáng ngõ Đê La Thành, ngõ thông KD.",,"Đê La Thành, Phường Giảng Võ, Quận Ba Đình, Hà NộiXem bản đồ","4,15 tỷ - 25 m2"
42 m²,4 phòng,,Đã có sổ,"Nhà mặt phố, mặt tiền",4.1 m,,"352,38 triệu/m²",,5,,,,ha-noi,Hiếm! mặt phố Nguyễn Trãi 42m2 5 tầng chỉ 14.8 tỷ cho thuê 50tr /tháng,,"Nguyễn Trãi, Phường Thanh Xuân Trung, Quận Thanh Xuân, Hà NộiXem bản đồ","14,8 tỷ - 42 m2"
120 m²,4 phòng,4 phòng,Đã có sổ,Nhà phố liền kề,,,"195,83 triệu/m²",,1,,Nhà trống,,ha-noi,Bán nhà liền kề VIP thuộc tiểu khu Nadyne - KĐT ParkCity Hà Đông,,"Lê Trọng Tấn, Phường La Khê, Quận Hà Đông, Hà NộiXem bản đồ","23,5 tỷ - 120 m2"
56 m²,6 phòng,,,"Nhà ngõ, hẻm",,,"60,71 triệu/m²",,,Hẻm xe hơi,,,ha-noi,"B_à_n Nhà đẹp 56m2 thanh trì giá hơn 3 tỷ,oto đỗ cửa,kinh doanh tốt.",,"Vũ Lăng, Xã Ngũ Hiệp, Huyện Thanh Trì, Hà NộiXem bản đồ","3,4 tỷ - 56 m2"
31 m²,3 phòng,2 phòng,Đã có sổ,"Nhà ngõ, hẻm",,,"103,71 triệu/m²",Tây Bắc,3,,,,ha-noi,Chính chủ bán nhà mễ trì hạ,,"Chính chủ cần bán nhà ngách 32 ngõ 32 đỗ đức dục, Gần nhà văn hoá 1 2 mễ tri hạ Gần ngõ 32 đỗ đức dục, Phường Mễ Trì, Quận Nam Từ Liêm, Hà NộiXem bản đồ","3,215 tỷ - 31 m2"
17 m²,2 phòng,1 phòng,Đã có sổ,,,,"58,24 triệu/m²",Đông Nam,2,,,,ha-noi,nhà A5 TT Văn Chương 17m2 khép kín 2 tầng diện tích sử dụng hơn 40m2,,"Ngõ Văn Chương, Phường Văn Chương, Quận Đống Đa, Hà NộiXem bản đồ",990 triệu - 17 m2
56 m²,3 phòng,,,"Nhà mặt phố, mặt tiền",,56 m²,125 triệu/m²,,4,,,,ha-noi,HOÀNG VĂN THÁI - THANH XUÂN - BÁN NHÀ 4 TẦNG 56M2 - CHỈ 7.8 TỶ,,"HOÀNG VĂN THÁI, Phường Thanh Xuân Trung, Quận Thanh Xuân, Hà NộiXem bản đồ",7 tỷ - 56 m2
30 m²,4 phòng,,Đã có sổ,"Nhà ngõ, hẻm",,,100 triệu/m²,,,,,,ha-noi,"Bán nhà xuân phương, gần đường oto chỉ 3tỷ",,"Đường Xuân Phương, Phường Xuân Phương, Quận Nam Từ Liêm, Hà NộiXem bản đồ",3 tỷ - 30 m2
60 m²,4 phòng,,,"Nhà mặt phố, mặt tiền",,40 m²,"116,67 triệu/m²",,5,Nở hậu,,,ha-noi,BÁN NHÀ PHỐ HOÀNG VĂN THÁI - Ô TÔ ĐỖ CỦA - 60M2 X 4T - NHỈNH 7 TỶ,,"Tô Vĩnh Diện, Phường Khương Trung, Quận Thanh Xuân, Hà NộiXem bản đồ",7 tỷ - 60 m2
40 m²,4 phòng,,Đã có sổ,"Nhà ngõ, hẻm",4.5 m,,"88,75 triệu/m²",Đông Bắc,,,Nhà trống,,ha-noi,Bán nhà Phố Xốm l ô tô vào xây 5 tầng 40m2 giá nhỉnh 3 tỷ ngõ thông,,"Phố Xốm, Phường Phú Lãm, Quận Hà Đông, Hà NộiXem bản đồ","3,55 tỷ - 40 m2"
27 m²,2 phòng,3 phòng,Đã có sổ,"Nhà ngõ, hẻm",,,"133,33 triệu/m²",Tây Bắc,4,,,,ha-noi,Nhà ở 30m2+3 vệ sinh+2 phòng ngủ+ngõ to ô tô đỗ cửa,,"Ngõ 218 Ngõ Chợ Khâm Thiên, Phường Trung Phụng, Quận Đống Đa, Hà NộiXem bản đồ","3,6 tỷ - 27 m2"
41.1 m²,2 phòng,,Đã có sổ,"Nhà mặt phố, mặt tiền",3 m,,"158,15 triệu/m²",,,,,,ha-noi,BÁN NHÀ,,"63, Lý Tự Trọng, Phường Kiến Hưng, Quận Hà Đông, Hà NộiXem bản đồ","6,5 tỷ - 41.1 m2"
54 m²,3 phòng,,,"Nhà ngõ, hẻm",,,"52,78 triệu/m²",,,,,,ha-noi,Chính chủ cần thanh khoản trả ngân hàng căn 3 tầng 52m2 tại Quốc Oai,,"Đại Tảo - Đại Thành - Quốc Oai - Hà Nội, Lê Trọng Tấn, Xã Đại Thành, Huyện Quốc Oai, Hà NộiXem bản đồ","2,85 tỷ - 54 m2"
