Diện tích đất:,Số phòng ngủ:,Số phòng vệ sinh:,Giấy tờ pháp lý:,Loại hình nhà ở:,Chiều ngang:,Diện tích sử dụng:,Giá/m2:,Hướng cửa chính:,Tổng số tầng:,Đặc điểm nhà/đất:,Tình trạng nội thất:,Chiều dài:,Location,Name,URL,District,Price
50 m²,5 phòng,5 phòng,Đã có sổ,"Nhà ngõ, hẻm",,,140 triệu/m²,Đông Nam,6,,,,ha-noi,HIẾM - NHÀ BỒ ĐỀ 50m GIÁ NHỈNH 7TỶ- FULL CÔNG NĂNG - ÔTÔ VÀO NHÀ - N,,"Bồ Đề, Phường Bồ Đề, Quận Long Biên, Hà NộiXem bản đồ",7 tỷ - 50 m2
39 m²,4 phòng,5 phòng,Đã có sổ,"Nhà ngõ, hẻm",,,"162,82 triệu/m²",,6,,Nội thất cao cấp,,ha-noi,SIÊU PHẨM ĐỊNH CÔNG THƯỢNG - 6 TẦNG - 4 NGỦ - 40M2 CHỈ 6.35 TỶ CÓ T.L,,"Ngõ 18 Định Công Thượng, Phường Định Công, Quận Hoàng Mai, Hà NộiXem bản đồ","6,35 tỷ - 39 m2"
49 m²,4 phòng,4 phòng,Đã có sổ,"Nhà ngõ, hẻm",,,"254,08 triệu/m²",,5,,Nội thất cao cấp,,ha-noi,NHÀ HIẾM - PHÂN LÔ TỔNG CỤC II - Ngõ 105 Xuân la - DT 49M giá 12.45 tỷ,,"105 XUÂN LA, Phường Xuân La, Quận Tây Hồ, Hà NộiXem bản đồ","12,45 tỷ - 49 m2"
52 m²,6 phòng,5 phòng,Đã có sổ,"Nhà mặt phố, mặt tiền",,,"259,62 triệu/m²",,6,,Nội thất đầy đủ,,ha-noi,TIN THỰC TẾ- PHÂN LÔ BỘ GIÁO DỤC -VÕ CHÍ CÔNG -DT 52M GIẤ CHÀO 13.5 TỶ,,"VÕ CHÍ CÔNG, Phường Xuân La, Quận Tây Hồ, Hà NộiXem bản đồ","13,5 tỷ - 52 m2"
73 m²,5 phòng,5 phòng,Đã có sổ,"Nhà ngõ, hẻm",,,"290,14 triệu/m²",,6,,Nội thất cao cấp,,ha-noi,DT 73M ĐỐC NGỮ NHÀ THIẾT KẾ ĐẸP LẠ - ĐẲNG CẤP - GARA 2 Ô TÔ - MT 6.5M,,"ĐỐC NGỮ, Phường Vĩnh Phúc, Quận Ba Đình, Hà NộiXem bản đồ","21,18 tỷ - 73 m2"
39.5 m²,3 phòng,,,"Nhà mặt phố, mặt tiền",,,"108,86 triệu/m²",,,,,,ha-noi,"Phố Thịnh Quang, gần phố, gần ngõ ô tô, giáp Royal City, ở ngay.",,"Thịnh Quang, Phường Trung Liệt, Quận Đống Đa, Hà NộiXem bản đồ","4,3 tỷ - 39.5 m2"
42 m²,6 phòng,4 phòng,Đã có sổ,"Nhà ngõ, hẻm",,,"133,33 triệu/m²",,5,,,,ha-noi,"CHỦ TỤT HUYẾT ÁP, HẠ CHÀO 350TR Nhà Mỹ Đình 42m2 x 5 Tầng,3 Mặt Thoáng",,"Đường Lê Đức Thọ, Phường Mỹ Đình 1, Quận Nam Từ Liêm, Hà NộiXem bản đồ","5,6 tỷ - 42 m2"
60 m²,4 phòng,3 phòng,Đã có sổ,"Nhà ngõ, hẻm",,,150 triệu/m²,,4,"Nở hậu,Hẻm xe hơi",,,ha-noi,"Nhỉnh 9Tỷ Khu Mễ Trì Hạ 60m2 - ÔTô Tránh, Lô Góc, Kinh Doanh Sầm Uất",,"Mễ Trì, Phường Mễ Trì, Quận Nam Từ Liêm, Hà NộiXem bản đồ",9 tỷ - 60 m2
35 m²,4 phòng,4 phòng,Đã có sổ,Nhà phố liền kề,3.5 m,,"231,43 triệu/m²",,4,,,,ha-noi,bán nhà phan văn trường 2 mặt ngõ 35/38m -4tầng oto đỗ cửa 8ty1,,"Phân Văn Trương, Phường Nghĩa Tân, Quận Cầu Giấy, Hà NộiXem bản đồ","8,1 tỷ - 35 m2"
40 m²,2 phòng,,Đã có sổ,"Nhà ngõ, hẻm",,,"111,25 triệu/m²",,4,,,,ha-noi,"Ngõ Văn Hương 40m2, 4T, MT3,3m nhỉnh 4 tỷ",,"Ngõ Văn Hương, Phường Hàng Bột, Quận Đống Đa, Hà NộiXem bản đồ","4,45 tỷ - 40 m2"
50 m²,5 phòng,4 phòng,Đã có sổ,"Nhà ngõ, hẻm",,,130 triệu/m²,,5,,Nội thất cao cấp,,ha-noi,SỐC !! mặt ngõ Văn Cao 50mx5T 30m ra phố tự xây 6 ty gần bãi gửi oto,,"Đường Văn Cao, Phường Liễu Giai, Quận Ba Đình, Hà NộiXem bản đồ","6,5 tỷ - 50 m2"
77 m²,nhiều hơn 10 phòng,,Đã có sổ,"Nhà ngõ, hẻm",4.5 m,,"136,36 triệu/m²",,6,,Nội thất đầy đủ,,ha-noi,"Hiếm có! Chung cư mini ô tô đỗ cổng, 15m ô tô tránh. Thang Máy.",,"Trương Định, Phường Tân Mai, Quận Hoàng Mai, Hà NộiXem bản đồ","10,5 tỷ - 77 m2"
32 m²,3 phòng,3 phòng,Đã có sổ,"Nhà ngõ, hẻm",,,"112,5 triệu/m²",,4,,,,ha-noi,HÀNG HIẾM – HOÀNG QUỐC VIỆT – NHỎ TIỀN – Ô TÔ ĐỖ NGÀY ĐÊM,,"hoàng quốc việt, Phường Nghĩa Đô, Quận Cầu Giấy, Hà NộiXem bản đồ","3,6 tỷ - 32 m2"
50 m²,4 phòng,4 phòng,Đã có sổ,"Nhà mặt phố, mặt tiền",,,166 triệu/m²,,5,,Nội thất cao cấp,,ha-noi,"💥NHÀ CỰC ĐẸP TRẦN PHÚ,DO KTS TỰ THIẾT KẾ TÂM HUYẾT 50M2M, 5T. Ở NGAY💥",,"Đường Trần Phú, Phường Văn Quán, Quận Hà Đông, Hà NộiXem bản đồ","8,3 tỷ - 50 m2"
38 m²,3 phòng,4 phòng,Đã có sổ,"Nhà ngõ, hẻm",,30 m²,"112,89 triệu/m²",,5,,,,ha-noi,"Nhà đẹp ở ngay Thịnh Quang, Đống Đa. DT 38m. 5 tầng. Giá 4.290 tỷ.",,"Thịnh Quang, Phường Thịnh Quang, Quận Đống Đa, Hà NộiXem bản đồ","4,29 tỷ - 38 m2"
45 m²,3 phòng,,Đã có sổ,"Nhà ngõ, hẻm",,,100 triệu/m²,,4,,,,ha-noi,"Vĩnh Phúc - BĐ 45m2, 4T, mt4,3m, 4,5 tỷ",,"Vĩnh Phúc, Phường Vĩnh Phúc, Quận Ba Đình, Hà NộiXem bản đồ","4,5 tỷ - 45 m2"
39 m²,3 phòng,,Đã có sổ,"Nhà ngõ, hẻm",45 m,,"105,13 triệu/m²",,5,,,,ha-noi,"Gần Phố ! Trương Định ngõ nông ,diện tích rộng ,tặng full nội thất ...",,"Trương Định, Phường Trương Định, Quận Hai Bà Trưng, Hà NộiXem bản đồ","4,1 tỷ - 39 m2"
38 m²,3 phòng,,Đã có sổ,"Nhà ngõ, hẻm",,,"113,16 triệu/m²",,,,,,ha-noi,"Mua nhà đẹp đón tết! Phố Thái Thịnh ,ba bước ra oto , KD tốt 38m*5 t",,"Phố Thái Thịnh, Phường Trung Liệt, Quận Đống Đa, Hà NộiXem bản đồ","4,3 tỷ - 38 m2"
38 m²,4 phòng,4 phòng,Đã có sổ,"Nhà ngõ, hẻm",,,"89,47 triệu/m²",,5,,Nội thất đầy đủ,,ha-noi,"NGÕ THÔNG GẦN PHỐ Ở,KINH DOANH 3.4tỷ 38m TRƯƠNG ĐỊNH HOÀNG MAI HÀ NỘI",,"trương định, Phường Hoàng Văn Thụ, Quận Hoàng Mai, Hà NộiXem bản đồ","3,4 tỷ - 38 m2"
80 m²,8 phòng,,,"Nhà ngõ, hẻm",,,"86,88 triệu/m²",,,,,,ha-noi,"ĐỘC ĐẮC 1 CĂN 80m2, 5 tầng, Ô TÔ đỗ cửa, phố Xuân Thủy, Cầu Giấy",,"Trần thái tông, Phường Dịch Vọng Hậu, Quận Cầu Giấy, Hà NộiXem bản đồ","6,95 tỷ - 80 m2"
38 m²,3 phòng,,Đã có sổ,"Nhà ngõ, hẻm",,,"113,16 triệu/m²",,,,,,ha-noi,"Mua nhà đẹp đón tết! Phố Thái Thịnh ,ba bước ra oto , KD tốt 38m*5 t",,"Phố Thái Thịnh, Phường Trung Liệt, Quận Đống Đa, Hà NộiXem bản đồ","4,3 tỷ - 38 m2"
38 m²,4 phòng,4 phòng,Đã có sổ,"Nhà ngõ, hẻm",,,"89,47 triệu/m²",,5,,Nội thất đầy đủ,,ha-noi,"NGÕ THÔNG GẦN PHỐ Ở,KINH DOANH 3.4tỷ 38m TRƯƠNG ĐỊNH HOÀNG MAI HÀ NỘI",,"trương định, Phường Hoàng Văn Thụ, Quận Hoàng Mai, Hà NộiXem bản đồ","3,4 tỷ - 38 m2"
80 m²,8 phòng,,,"Nhà ngõ, hẻm",,,"86,88 triệu/m²",,,,,,ha-noi,"ĐỘC ĐẮC 1 CĂN 80m2, 5 tầng, Ô TÔ đỗ cửa, phố Xuân Thủy, Cầu Giấy",,"Trần thái tông, Phường Dịch Vọng Hậu, Quận Cầu Giấy, Hà NộiXem bản đồ","6,95 tỷ - 80 m2"
80 m²,6 phòng,,,"Nhà ngõ, hẻm",,,"86,88 triệu/m²",,,,,,ha-noi,"ĐỘC NHẤT, 1 căn 80m2, 5 tầng, ÔTÔ đỗ cửa, Phố Trần Quốc Vượng,Cầu Giấy",,"Trần Quốc Vượng, Phường Dịch Vọng Hậu, Quận Cầu Giấy, Hà NộiXem bản đồ","6,95 tỷ - 80 m2"
12 m²,3 phòng,2 phòng,Đã có sổ,"Nhà ngõ, hẻm",,,"155,83 triệu/m²",,6,,Nội thất đầy đủ,,ha-noi,Bán nhà ngõ phố Tây Sơn- Đống Đa- 12m - 3 ngủ- Gần ô tô- Vị trí đẹp,,"Phố Tây Sơn, Phường Trung Liệt, Quận Đống Đa, Hà NộiXem bản đồ","1,87 tỷ - 12 m2"
34 m²,1 phòng,,Đã có sổ,"Nhà ngõ, hẻm",,,"91,18 triệu/m²",,3,,,,ha-noi,"Ngõ chợ Khâm Thiên 34m2, 3T, mt3,7m, dưới 3 tỷ",,"Ngõ Chợ Khâm Thiên, Phường Trung Phụng, Quận Đống Đa, Hà NộiXem bản đồ","3,1 tỷ - 34 m2"
50 m²,4 phòng,4 phòng,Đã có sổ,"Nhà mặt phố, mặt tiền",,,68 triệu/m²,,5,,Nội thất đầy đủ,,ha-noi,BÁN NHÀ NGUYỄN KHOÁI 3.4tỷ 50m 5 TẦNG GẦN Ô TÔ ĐỖ CỬA HOÀNG MAI HÀ NỘI,,"nguyễn khoái, Phường Vĩnh Hưng, Quận Hoàng Mai, Hà NộiXem bản đồ","3,4 tỷ - 50 m2"
36 m²,6 phòng,3 phòng,Đã có sổ,"Nhà ngõ, hẻm",,,"155,56 triệu/m²",Nam,5,,,,ha-noi,Bán nhà ngõ phố Hoàng Hoa Thám- Ba Đình- 36m- 6 ngủ- Ô tô- Kinh doanh,,"Đường Hoàng Hoa Thám, Phường Ngọc Hà, Quận Ba Đình, Hà NộiXem bản đồ","5,6 tỷ - 36 m2"
39 m²,3 phòng,,Đã có sổ,"Nhà ngõ, hẻm",,,"88,46 triệu/m²",,5,,,,ha-noi,"Quá rẻ .Nhà Thịnh Liệt 39M2 x5T ,Siêu đẹp ô tô đỗ gần ,ko lỗi P thủy.",,"Thịnh Liệt, Phường Thịnh Liệt, Quận Hoàng Mai, Hà NộiXem bản đồ","3,45 tỷ - 39 m2"
15 m²,3 phòng,4 phòng,Đã có sổ,"Nhà ngõ, hẻm",,,124 triệu/m²,,5,,Nội thất đầy đủ,,ha-noi,CỰC HIẾM BÁN NHÀ MINH KHAI HƠN 1 TỶ- SỔ RIÊNG-NHÀ ĐẸP Ở NGAY-MẶT NGÕ,,"Phố Minh Khai, Phường Minh Khai, Quận Hai Bà Trưng, Hà NộiXem bản đồ","1,86 tỷ - 15 m2"
35 m²,3 phòng,,Đã có sổ,"Nhà ngõ, hẻm",,,"124,29 triệu/m²",,5,,,,ha-noi,"Loanh Quanh 4 Tỷ có nhà giáp bát ,ô tô 10m ,trc nhà 2m ,tk hiện đại",,"Giáp Bát, Phường Giáp Bát, Quận Hoàng Mai, Hà NộiXem bản đồ","4,35 tỷ - 35 m2"
30 m²,3 phòng,,Đã có sổ,"Nhà ngõ, hẻm",,30 m²,"163,33 triệu/m²",,5,,Nội thất đầy đủ,,ha-noi,TRUNG TÂM CẦU GIẤy - FULL NỘI THẤT - NHÀ ĐẸP - NHỈNH 4 TỶ,,"Yên Hoà, Phường Yên Hoà, Quận Cầu Giấy, Hà NộiXem bản đồ","4,9 tỷ - 30 m2"
33 m²,4 phòng,,Đã có sổ,"Nhà ngõ, hẻm",,33 m²,"121,21 triệu/m²",,4,,Nội thất đầy đủ,,ha-noi,TRẦN BÌNH - NHÀ ĐẸP - 2 MẶT THOÁNG ĐỦ NỘI THẤT - NHỈNH 4 TỶ,,"Trần Bình, Phường Mai Dịch, Quận Cầu Giấy, Hà NộiXem bản đồ",4 tỷ - 33 m2
40 m²,4 phòng,4 phòng,Đã có sổ,"Nhà mặt phố, mặt tiền",,,"107,5 triệu/m²",,5,,Nội thất đầy đủ,,ha-noi,"NHÀ MỚI THỊNH QUANG 4.3tỷ 40m MẶT TIỀN 5m NGÕ THÔNG ĐỐNG ĐA,HÀ NỘI",,"Ngõ Thịnh Quang, Phường Ngã Tư Sở, Quận Đống Đa, Hà NộiXem bản đồ","4,3 tỷ - 40 m2"
39 m²,4 phòng,3 phòng,Đã có sổ,"Nhà mặt phố, mặt tiền",,,"112,82 triệu/m²",,5,,Nội thất đầy đủ,,ha-noi,"NHÀ ĐẸP PHỐ TÂN MAI-GẦN HỒ ĐỀN LỪ-Ô TÔ ĐỖ CỔNG-DT 39M2x5T GIÁ 4,4 TỶ",,"Phố Tân Mai, Phường Tân Mai, Quận Hoàng Mai, Hà NộiXem bản đồ","4,4 tỷ - 39 m2"
29 m²,4 phòng,4 phòng,Đã có sổ,"Nhà ngõ, hẻm",,,"110,34 triệu/m²",,6,,Nội thất đầy đủ,,ha-noi,Bán nhà ngõ phố Chính Kinh - Thanh Xuân - 6 tầng 4 ngủ - Gần phố,,"Chính Kinh, Phường Nhân Chính, Quận Thanh Xuân, Hà NộiXem bản đồ","3,2 tỷ - 29 m2"
48 m²,4 phòng,5 phòng,Đã có sổ,"Nhà ngõ, hẻm",,,"89,58 triệu/m²",,5,,Nội thất đầy đủ,,ha-noi,"HIẾM - nhà đẹp Kim Giang 48m, 5t, ô tô đỗ cửa, dân xây, full nội thất",,"Đường Kim Giang, Phường Đại Kim, Quận Hoàng Mai, Hà NộiXem bản đồ","4,3 tỷ - 48 m2"
45 m²,4 phòng,4 phòng,Đã có sổ,"Nhà mặt phố, mặt tiền",,,"86,67 triệu/m²",,5,,Nội thất đầy đủ,,ha-noi,"Bán nhà đẹp Kim Giang 45m2, 5T, ngõ ô tô, kinh doanh, full nội thất.",,"Kim Giang, Xã Thanh Liệt, Huyện Thanh Trì, Hà NộiXem bản đồ","3,9 tỷ - 45 m2"
48 m²,4 phòng,4 phòng,Đã có sổ,"Nhà ngõ, hẻm",,,"89,58 triệu/m²",,5,,Nội thất cao cấp,,ha-noi,"Bán Nhà Đẹp Kim Giang, Thanh Liệt 48m 5t lô góc ô tô đỗ cửa chỉ 4,3 tỷ",,"Kim giang, Xã Thanh Liệt, Huyện Thanh Trì, Hà NộiXem bản đồ","4,3 tỷ - 48 m2"
48 m²,6 phòng,,Đã có sổ,"Nhà mặt phố, mặt tiền",,48 m²,"312,5 triệu/m²",,7,,Nội thất cao cấp,,ha-noi,"nhà Lý Nam Đế, 48m 7T, thang máy, ô tô, full nội thất chỉ 15 tỷ",,"Phố Lý Nam Đế, Phường Cửa Đông, Quận Hoàn Kiếm, Hà NộiXem bản đồ",15 tỷ - 48 m2
41 m²,3 phòng,4 phòng,Đã có sổ,"Nhà ngõ, hẻm",,,"76,83 triệu/m²",,5,,Nội thất đầy đủ,,ha-noi,"Bán nhà Thanh trì, Tứ Hiệp 41m 5 tầng giá chỉ 3,15tỷ, bao phí sang tên",,"Đường Cương Ngô, Xã Tứ Hiệp, Huyện Thanh Trì, Hà NộiXem bản đồ","3,15 tỷ - 41 m2"
55 m²,4 phòng,4 phòng,Đã có sổ,"Nhà ngõ, hẻm",,,"72,73 triệu/m²",,4,,Nội thất đầy đủ,,ha-noi,"TT Văn Điển, phân lô ô tô đỗ cửa 55m, 4T, nhà dân xây, khu vực sầm uất",,"Tứ Hiệp, Thị trấn Văn Điển, Huyện Thanh Trì, Hà NộiXem bản đồ",4 tỷ - 55 m2
20 m²,3 phòng,3 phòng,Đã có sổ,"Nhà ngõ, hẻm",,,"92,5 triệu/m²",,5,,Nội thất đầy đủ,,ha-noi,"1,85 TỶ NHÀ -ĐÔNG THIÊN 20M 5T/MT 3M /3 NGỦ",,"ĐÔNG THIÊN, Phường Vĩnh Hưng, Quận Hoàng Mai, Hà NộiXem bản đồ","1,85 tỷ - 20 m2"
54 m²,4 phòng,4 phòng,Đã có sổ,"Nhà ngõ, hẻm",,,"75,93 triệu/m²",,4,,Nội thất đầy đủ,,ha-noi,"Bán gấp nhà trung tâm thị trấn Văn Điển, 54m, 4 tầng ô tô đỗ cửa.",,"Tứ Hiệp, Thị trấn Văn Điển, Huyện Thanh Trì, Hà NộiXem bản đồ","4,1 tỷ - 54 m2"
52 m²,3 phòng,4 phòng,Đã có sổ,"Nhà mặt phố, mặt tiền",,,"61,54 triệu/m²",,4,,Nội thất đầy đủ,,ha-noi,"Hiếm, bán nhà Thị Trấn Văn Điển 52mx4T ô tô đỗ gần, cạnh chợ, sầm uất",,"Văn Điển, Thị trấn Văn Điển, Huyện Thanh Trì, Hà NộiXem bản đồ","3,2 tỷ - 52 m2"
55 m²,4 phòng,4 phòng,Đã có sổ,"Nhà mặt phố, mặt tiền",,,"54,55 triệu/m²",,5,,Nội thất đầy đủ,,ha-noi,"HIẾM - NGỌC HỒI 55M, 5T GIÁ CHỈ 3 TỶ TRUNG TÂM, SẦM UẤT, KD, Ô TÔ.",,"Ngọc Hồi, Xã Tứ Hiệp, Huyện Thanh Trì, Hà NộiXem bản đồ",3 tỷ - 55 m2
55 m²,4 phòng,4 phòng,Đã có sổ,"Nhà ngõ, hẻm",,,"63,64 triệu/m²",,4,,Nội thất đầy đủ,,ha-noi,"HIẾM - nhà đẹp thị trấn Văn Điển Thanh Trì 55m, 4 ngủ, 30m ô tô tránh.",,"Ngõ 373 Ngọc Hồi, Thị trấn Văn Điển, Huyện Thanh Trì, Hà NộiXem bản đồ","3,5 tỷ - 55 m2"
42 m²,4 phòng,4 phòng,Đã có sổ,"Nhà ngõ, hẻm",,,"66,67 triệu/m²",,4,,Nội thất cao cấp,,ha-noi,"Bán nhà Đẹp Vũ Lăng Ngũ Hiệp, 42m, 5 tầng, ô tô đỗ cửa, full nội thất.",,"VŨ LĂNG, Xã Ngũ Hiệp, Huyện Thanh Trì, Hà NộiXem bản đồ","2,8 tỷ - 42 m2"
42 m²,4 phòng,4 phòng,Đã có sổ,"Nhà ngõ, hẻm",,,100 triệu/m²,,5,,Nội thất cao cấp,,ha-noi,"Bán gấp nhà ĐẸP Vũ Lăng Tứ Hiệp 42m, 5 tầng ô tô đỗ cửa, dân xây.",,"Tứ Hiệp, Xã Tứ Hiệp, Huyện Thanh Trì, Hà NộiXem bản đồ","4,2 tỷ - 42 m2"
40 m²,3 phòng,4 phòng,Đã có sổ,"Nhà ngõ, hẻm",,,"71,25 triệu/m²",,5,,Nội thất đầy đủ,,ha-noi,"Bán Gấp! Nhà ĐẸP - Tứ Hiệp 40M x 5T, ô tô đỗ cửa, dân xây, lô góc.",,"Đường Nguyễn Bồ, Xã Tứ Hiệp, Huyện Thanh Trì, Hà NộiXem bản đồ","2,85 tỷ - 40 m2"
40 m²,3 phòng,,Đã có sổ,"Nhà mặt phố, mặt tiền",,,"107,5 triệu/m²",,5,,Nhà trống,,ha-noi,"Phải thật nhanh! Thái Thịnh, ô tô gần,full nội thất, ở sướng 40m2*5T",,"Phố Thái Thịnh, Phường Thịnh Quang, Quận Đống Đa, Hà NộiXem bản đồ","4,3 tỷ - 40 m2"
51 m²,4 phòng,4 phòng,Đã có sổ,"Nhà ngõ, hẻm",,,"166,67 triệu/m²",,4,,Nội thất đầy đủ,,ha-noi,"BÁN NHÀ RIÊNG CẦU GIẤY, Ô TÔ ĐỖ CỬA, 1 NHÀ RA Ô TRÁNH, 20M RA MẶT PHỐ.",,"Nguyễn Khánh Toàn, Phường Quan Hoa, Quận Cầu Giấy, Hà NộiXem bản đồ","8,5 tỷ - 51 m2"
39 m²,4 phòng,,Đã có sổ,"Nhà ngõ, hẻm",,,"110,26 triệu/m²",,,,,,ha-noi,ĐÓN TẾT NHÀ,,"Ngõ Thịnh Quang, Phường Thịnh Quang, Quận Đống Đa, Hà NộiXem bản đồ","4,3 tỷ - 39 m2"
36 m²,3 phòng,4 phòng,Đã có sổ,"Nhà ngõ, hẻm",4 m,,"116,67 triệu/m²",,5,,,,ha-noi,"Bán nhà Trung Phụng! 2 thoáng, gần phố, nhà mới, ở ngay, 39m2*5T",,"Trung Phụng, Phường Ô Chợ Dừa, Quận Đống Đa, Hà NộiXem bản đồ","4,2 tỷ - 36 m2"
41 m²,4 phòng,,Đã có sổ,"Nhà ngõ, hẻm",4 m,,"104,76 triệu/m²",,,,Nội thất đầy đủ,10 m,ha-noi,"Giá sập sàn! Nhà Vĩnh Hồ, 2 thoáng, gần phố, ở ngay, 41m2*5T",,"Thái Thịnh, Phường Thịnh Quang, Quận Đống Đa, Hà NộiXem bản đồ","4,295 tỷ - 41 m2"
345 m²,nhiều hơn 10 phòng,Nhiều hơn 6 phòng,Đã có sổ,"Nhà mặt phố, mặt tiền",,,"266,67 triệu/m²",,10,,Nội thất cao cấp,,ha-noi,"THẬT 300%! P Xuân La, 10 Tầng, 345m2, 500TR/Tháng, THANG MÁY chỉ 92 Tỷ",,"Đường Võ Chí Công, Phường Xuân La, Quận Tây Hồ, Hà NộiXem bản đồ",92 tỷ - 345 m2
51 m²,4 phòng,,Đã có sổ,"Nhà mặt phố, mặt tiền",,51 m²,"166,67 triệu/m²",,,,,,ha-noi,NHÀ NGUYỄN KHÁNH TOÀN - PHÂN LÔ - 20M RA MẶT PHỐ - THOÁNG TRƯỚC SAU,,"Nguyễn Khánh Toàn, Phường Nghĩa Đô, Quận Cầu Giấy, Hà NộiXem bản đồ","8,5 tỷ - 51 m2"
44 m²,3 phòng,4 phòng,Đã có sổ,"Nhà ngõ, hẻm",,,"104,55 triệu/m²",,5,,Nội thất đầy đủ,,ha-noi,BÁN NHÀ CỔ NHUẾ - BẮC TỪ LIÊM - 20M RA PHỐ - 5M Ô TÔ ĐỖ - NHÀ MỚI 44M,,"Cổ Nhuế, Phường Cổ Nhuế 2, Quận Bắc Từ Liêm, Hà NộiXem bản đồ","4,6 tỷ - 44 m2"
44 m²,3 phòng,,Đã có sổ,"Nhà ngõ, hẻm",,44 m²,"102,27 triệu/m²",,,,,,ha-noi,BÁN NHÀ CỔ NHUẾ - NHÀ MỚI - 10M RA MẶT PHỐ,,"Cổ Nhuế, Phường Cổ Nhuế 1, Quận Bắc Từ Liêm, Hà NộiXem bản đồ","4,5 tỷ - 44 m2"
33 m²,3 phòng,3 phòng,Đã có sổ,"Nhà ngõ, hẻm",,,"112,12 triệu/m²",Nam,5,,,,ha-noi,chủ cần b án nhà Vĩnh Hưng tìm tài chính 3 tỷ hơn * Nhà 5 tầng 33 m2 *,,"Đương Vĩnh Hưng, Phường Vĩnh Hưng, Quận Hoàng Mai, Hà NộiXem bản đồ","3,7 tỷ - 33 m2"
44 m²,3 phòng,,Đã có sổ,"Nhà ngõ, hẻm",,44 m²,"102,27 triệu/m²",,,,,,ha-noi,BÁN NHÀ CỔ NHUẾ - NHÀ MỚI - 10M RA MẶT PHỐ,,"Cổ Nhuế, Phường Cổ Nhuế 1, Quận Bắc Từ Liêm, Hà NộiXem bản đồ","4,5 tỷ - 44 m2"
33 m²,3 phòng,3 phòng,Đã có sổ,"Nhà ngõ, hẻm",,,"112,12 triệu/m²",Nam,5,,,,ha-noi,chủ cần b án nhà Vĩnh Hưng tìm tài chính 3 tỷ hơn * Nhà 5 tầng 33 m2 *,,"Đương Vĩnh Hưng, Phường Vĩnh Hưng, Quận Hoàng Mai, Hà NộiXem bản đồ","3,7 tỷ - 33 m2"
30 m²,3 phòng,,Đã có sổ,"Nhà ngõ, hẻm",,30 m²,"96,67 triệu/m²",,5,,,,ha-noi,THANH LÂN NGŨ NHẠC 30M2 x 3NGỦ TRƯỚC NHÀ RỘNG 3M,,"Thanh Lân, Phường Thanh Trì, Quận Hoàng Mai, Hà NộiXem bản đồ","2,9 tỷ - 30 m2"
24 m²,3 phòng,4 phòng,Đã có sổ,"Nhà ngõ, hẻm",,,"179,17 triệu/m²",,5,,Nội thất đầy đủ,,ha-noi,"Chính chủ bán nhà ngõ phố Lê Trọng Tấn, nhà đẹp 5T, giá chỉ nhỉnh 4 tỷ",,"Lê Trọng Tấn, Phường Khương Mai, Quận Thanh Xuân, Hà NộiXem bản đồ","4,3 tỷ - 24 m2"
50 m²,4 phòng,,,"Nhà mặt phố, mặt tiền",,,164 triệu/m²,,,,,,ha-noi,"Bán nhà mặt phố Tương Mai 50m2 mặt tiền 3,42m sổ đỏ chính chủ",,"Phố Tương Mai, Phường Tương Mai, Quận Hoàng Mai, Hà NộiXem bản đồ","8,2 tỷ - 50 m2"
53 m²,4 phòng,4 phòng,Đã có sổ,"Nhà ngõ, hẻm",4 m,,"160,38 triệu/m²",,4,,,,ha-noi,BÁN NHÀ NGUYỄN KHÁNH TOÀN - CẦU GIẤY - 5M RA Ô TÔ - NGAY GẦN NGÕ 118,,"Nguyễn Khánh Toàn, Phường Quan Hoa, Quận Cầu Giấy, Hà NộiXem bản đồ","8,5 tỷ - 53 m2"
250 m²,3 phòng,3 phòng,Đã có sổ,"Nhà mặt phố, mặt tiền",,,292 triệu/m²,,3,,Nhà trống,,ha-noi,"Bán đất Xuân La Tây Hồ, 250m mặt tiền 7.8m, 3 ô tô tránh, vỉa hè kd",,"Xuân la, Phường Xuân La, Quận Tây Hồ, Hà NộiXem bản đồ",73 tỷ - 250 m2
65 m²,5 phòng,5 phòng,Đã có sổ,"Nhà ngõ, hẻm",,,"338,46 triệu/m²",,5,,Nội thất đầy đủ,,ha-noi,BÁN NHÀ NGUYỄN KHÁNH TOÀN 2 NGÕ ÔTÔ TRÁNH- LÔ GÓC KD - 65M 5T - MT:10M,,"Nguyễn khánh Toàn, Phường Nghĩa Đô, Quận Cầu Giấy, Hà NộiXem bản đồ",22 tỷ - 65 m2
105 m²,3 phòng,3 phòng,Đã có sổ,"Nhà ngõ, hẻm",,,"101,9 triệu/m²",,3,,Nội thất đầy đủ,,ha-noi,BÁN ĐẤT TẶNG NHÀ 3 TẦNG - PHỐ VĨNH PHÚC BA ĐÌNH- 105M MT: 7.6M 10x TỶ,,"Vĩnh Phúc, Phường Vĩnh Phúc, Quận Ba Đình, Hà NộiXem bản đồ","10,7 tỷ - 105 m2"
59 m²,2 phòng,2 phòng,Đã có sổ,"Nhà ngõ, hẻm",,,"62,71 triệu/m²",,1,,Nhà trống,,ha-noi,BÁN ĐẤT TẶNG NHÀ 2.5 TẦG- OTO 7 CHỖ-CÁCH 500M TRUNG TÂM QUÂN ĐÔNG ANH,,"QUỐC LỘ 3, Xã Tiên Dương, Huyện Đông Anh, Hà NộiXem bản đồ","3,7 tỷ - 59 m2"
112.5 m²,6 phòng,6 phòng,Giấy tờ khác,,,,"84,44 triệu/m²",Tây Nam,4,,,,ha-noi,"Bán nhà 112,5 m2, 9,5 tỷ, khu đô thị Xuân Phương, Quốc Hội",,"Foresa 8, Đường 70, Xuân Phương, Phường Xuân Phương, Quận Nam Từ Liêm, Hà NộiXem bản đồ","9,5 tỷ - 112.5 m2"
34 m²,3 phòng,4 phòng,Đã có sổ,"Nhà mặt phố, mặt tiền",,,"113,24 triệu/m²",,4,,Nội thất cao cấp,,ha-noi,HÀNG HIẾM bán nhà KHÂM THIÊN 34m2 nhà đẹp long lanh 3 tỷ 85 ở luôn,,"Phố Khâm Thiên, Phường Khâm Thiên, Quận Đống Đa, Hà NộiXem bản đồ","3,85 tỷ - 34 m2"
35 m²,3 phòng,,Đã có sổ,"Nhà ngõ, hẻm",,,"99,66 triệu/m²",,5,Nở hậu,,,ha-noi,"Cực ngon ! Ngõ thông chạy vòng quanh ,ô tô tải qua nhà ,mới đẹp 35M2",,"Lĩnh Lam, Phường Lĩnh Nam, Quận Hoàng Mai, Hà NộiXem bản đồ","3,488 tỷ - 35 m2"
24 m²,3 phòng,4 phòng,Đã có sổ,"Nhà ngõ, hẻm",,,"133,33 triệu/m²",,44,,Nội thất đầy đủ,,ha-noi,"CC Bán nhà ngõ phố BXT, nhà đẹp 4T., tặng nội thất giá chỉ nhỉnh 3 tỷ",,"Bùi Xương Trạch, Phường Khương Đình, Quận Thanh Xuân, Hà NộiXem bản đồ","3,2 tỷ - 24 m2"
34 m²,3 phòng,,Đã có sổ,"Nhà ngõ, hẻm",,,"107,35 triệu/m²",,5,,,,ha-noi,"Xem là Ưng ,Nhà Đẹp Tam Trinh 34M2x5T ,Trc nhà 3m ,ngõ nông sát phố",,"Tam Trinh, Phường Yên Sở, Quận Hoàng Mai, Hà NộiXem bản đồ","3,65 tỷ - 34 m2"
45 m²,3 phòng,4 phòng,Đã có sổ,"Nhà ngõ, hẻm",,,"106,67 triệu/m²",,5,,Nội thất cao cấp,,ha-noi,"Nhà Đẹp Đội Cấn,45m2 5T Chỉ 4,8tỷ_Ngõ Thông Gần Oto Đỗ, Trước Nhà 3M",,"Đội Cấn, Phường Đội Cấn, Quận Ba Đình, Hà NộiXem bản đồ","4,8 tỷ - 45 m2"
30 m²,3 phòng,,,"Nhà ngõ, hẻm",,,210 triệu/m²,,,,,,ha-noi,🔥1 NHÀ RA MẶT PHỐ ĐẠI LA - 30M2 - 4 TẦNG - NHINHr 6 TỶ,,"Đại La, Phường Đồng Tâm, Quận Hai Bà Trưng, Hà NộiXem bản đồ","6,3 tỷ - 30 m2"
62 m²,4 phòng,3 phòng,Đã có sổ,"Nhà mặt phố, mặt tiền",,,"219,35 triệu/m²",,4,,Nội thất đầy đủ,,ha-noi,MẶT PHỐ CAO LỖ-LÔ GÓC 3 MẶT TIỀN ĐỀU KINH DOANH SẦM-UẤT-HIẾM NGƯỜI BÁN,,"CAO LỖ, Xã Uy Nỗ, Huyện Đông Anh, Hà NộiXem bản đồ","13,6 tỷ - 62 m2"
22 m²,3 phòng,3 phòng,Đã có sổ,"Nhà ngõ, hẻm",4 m,,"122,73 triệu/m²",,44,,,,ha-noi,"Bán nhà ngõ phố chợ Khâm Thiên, 4 tầng, tặng nội thất giá 2,7 tỷ",,"Ngõ Chợ Khâm Thiên, Phường Khâm Thiên, Quận Đống Đa, Hà NộiXem bản đồ","2,7 tỷ - 22 m2"
38 m²,3 phòng,4 phòng,Đã có sổ,"Nhà ngõ, hẻm",,,"107,89 triệu/m²",,5,,Nội thất đầy đủ,,ha-noi,"án nhà ngõ phố Khương Trung, nhà đẹp 5 tầng, 38m2, giá chỉ nhỉnh 4 tỷ",,"Khương Trung, Phường Khương Trung, Quận Thanh Xuân, Hà NộiXem bản đồ","4,1 tỷ - 38 m2"
38 m²,3 phòng,4 phòng,Đã có sổ,"Nhà ngõ, hẻm",,,"107,89 triệu/m²",,5,,Nội thất đầy đủ,,ha-noi,"án nhà ngõ phố Khương Trung, nhà đẹp 5 tầng, 38m2, giá chỉ nhỉnh 4 tỷ",,"Khương Trung, Phường Khương Trung, Quận Thanh Xuân, Hà NộiXem bản đồ","4,1 tỷ - 38 m2"
31 m²,4 phòng,5 phòng,Đã có sổ,"Nhà ngõ, hẻm",,,"145,16 triệu/m²",,66,,Nội thất đầy đủ,,ha-noi,"Chính chủ bán nhà ngõ phố BXT, nhà đẹp 6 tầng MT5m, giá chỉ nhỉnh 4 tỷ",,"Bùi Xương Trạch, Phường Khương Đình, Quận Thanh Xuân, Hà NộiXem bản đồ","4,5 tỷ - 31 m2"
40 m²,6 phòng,,Đã có sổ,"Nhà ngõ, hẻm",7.1999 m,,"337,5 triệu/m²",,8,,Nội thất đầy đủ,,ha-noi,"Nhà 8 tầng thang máy KĐT Đền Lừ 40m2 MT7,2m 13,5 tỷ mới vừa xây xong",,"Đường Hoàng Mai, Phường Hoàng Văn Thụ, Quận Hoàng Mai, Hà NộiXem bản đồ","13,5 tỷ - 40 m2"
30.5 m²,3 phòng,,Đã có sổ,Nhà phố liền kề,,150 m²,"154,1 triệu/m²",,,Hẻm xe hơi,,,ha-noi,"Ô tô, 5 tầng nhà đẹp, lô góc, kinh doanh, 4.x tỷ",,"Phố Phan Đình Giót, Phường La Khê, Quận Hà Đông, Hà NộiXem bản đồ","4,7 tỷ - 30.5 m2"
40 m²,3 phòng,3 phòng,Đã có sổ,"Nhà ngõ, hẻm",,,"72,25 triệu/m²",,4,,Nội thất đầy đủ,,ha-noi,KHÁM THIÊN CÁC PHỐ 50M. BÁN ĐẤT TẶNG NHÀ,,"Khâm Thiên, Phường Khâm Thiên, Quận Đống Đa, Hà NộiXem bản đồ","2,89 tỷ - 40 m2"
52 m²,2 phòng,3 phòng,Đã có sổ,"Nhà ngõ, hẻm",,,"126,92 triệu/m²",,44,,Nội thất đầy đủ,,ha-noi,"Bán nhà ngõ phố BXT, nhà đẹp 4T, 52m2, MT5m, lô góc, giá chỉ 6.X tỷ",,"Bùi Xương Trạch, Phường Khương Đình, Quận Thanh Xuân, Hà NộiXem bản đồ","6,6 tỷ - 52 m2"
37 m²,4 phòng,,Đã có sổ,"Nhà ngõ, hẻm",,37 m²,"81,08 triệu/m²",,,,,,ha-noi,BÁN NHÀ GIÁP NHỊ NGÕ RỘNG THOÁNG SÁNG GẦN Ô TÔ 37m2 5Tầng Nhỉnh 3 Tỷ,,"Phố Giáp Nhị, Phường Thịnh Liệt, Quận Hoàng Mai, Hà NộiXem bản đồ",3 tỷ - 37 m2
170 m²,nhiều hơn 10 phòng,,Đã có sổ,"Nhà ngõ, hẻm",8 m,170 m²,"94,12 triệu/m²",,,,,,ha-noi,"BÁN GẤP ĐẤT XÂY CCMN TẠI LÁNG HẠ - BA ĐÌNH, 170M2, MT 7.5M, 16 TỶ",,"Phố Láng Hạ, Phường Láng Hạ, Quận Đống Đa, Hà NộiXem bản đồ",16 tỷ - 170 m2
130 m²,10 phòng,Nhiều hơn 6 phòng,Đã có sổ,Nhà biệt thự,8 m,,"353,85 triệu/m²",,9,,,,ha-noi,"BÁN GẤP KHÁCH SẠN VP TRẦN HƯNG ĐẠO, 115M2 × 8.5 TẦNG, MT 7.2M, 46 TỶ",,"Phố Trần Hưng Đạo, Phường Trần Hưng Đạo, Quận Hoàn Kiếm, Hà NộiXem bản đồ",46 tỷ - 130 m2
190 m²,6 phòng,,Đã có sổ,"Nhà mặt phố, mặt tiền",7 m,190 m²,"315,79 triệu/m²",,4,,,,ha-noi,"BÁN ĐẤT NGUYỄN KHUYỄN – VĂN MIẾU, 190M2, MT 6.5M, 60 TỶ",,"Phố Nguyễn Khuyến, Phường Văn Miếu, Quận Đống Đa, Hà NộiXem bản đồ",60 tỷ - 190 m2
35 m²,3 phòng,,Đã có sổ,"Nhà mặt phố, mặt tiền",,,"111,43 triệu/m²",,,"Hẻm xe hơi,Nở hậu",Nội thất cao cấp,,ha-noi,"Nhà đẹp 4,2t giảm còn 3,9t đườg HMai chốt trong tháng còn giảm sâu.",,"Đường Hoàng Mai, Phường Hoàng Văn Thụ, Quận Hoàng Mai, Hà NộiXem bản đồ","3,9 tỷ - 35 m2"
22 m²,3 phòng,1 phòng,Đã có sổ,"Nhà mặt phố, mặt tiền",,,"390,91 triệu/m²",,4,,Nội thất đầy đủ,,ha-noi,"mặt phố VŨ TRỌNG PHỤNG kinh doanh đỉnh mặt tiền 5,4m vỉ hè 6m chỉ 8tỷ6",,"Vũ Trọng Phụng, Phường Thanh Xuân Nam, Quận Thanh Xuân, Hà NộiXem bản đồ","8,6 tỷ - 22 m2"
42 m²,4 phòng,,,"Nhà ngõ, hẻm",,,"78,57 triệu/m²",,,,,,ha-noi,"NHÀ ĐẸP PHÚ DIỄN 42M - Ô TÔ ĐỖ CỬA - SẦM UẤT . GIÁ 3,3 tỷ",,"Đường Phú Diễn, Phường Phú Diễn, Quận Bắc Từ Liêm, Hà NộiXem bản đồ","3,3 tỷ - 42 m2"
38 m²,4 phòng,,Đã có sổ,"Nhà ngõ, hẻm",3.6 m,,"128,95 triệu/m²",,4,,Nhà trống,,ha-noi,"Bán nhà ngõ phố Khương Trung, nhà đẹp 4T, 38m2, giá mong muốn 4.X tỷ",,"Khương Trung, Phường Khương Trung, Quận Thanh Xuân, Hà NộiXem bản đồ","4,9 tỷ - 38 m2"
34 m²,3 phòng,4 phòng,Đã có sổ,"Nhà ngõ, hẻm",,,"155,88 triệu/m²",,5,,Nội thất đầy đủ,,ha-noi,"Bán nhà ngõ phố Khương Trung, nhà đẹp 5T, 34m2, giá chỉ nhỉnh 5 tỷ",,"Khương Trung, Phường Khương Trung, Quận Thanh Xuân, Hà NộiXem bản đồ","5,3 tỷ - 34 m2"
38 m²,3 phòng,5 phòng,Đã có sổ,"Nhà ngõ, hẻm",,,"171,05 triệu/m²",,66,,Nội thất đầy đủ,,ha-noi,"Bán nhà ngõ phố Khương Trung, đẹp 6T, lô góc, thang máy, chỉ 6.X tỷ.",,"Khương Trung, Phường Khương Trung, Quận Thanh Xuân, Hà NộiXem bản đồ","6,5 tỷ - 38 m2"
55 m²,4 phòng,3 phòng,Đã có sổ,"Nhà ngõ, hẻm",,,"118,18 triệu/m²",,55,,Nội thất đầy đủ,,ha-noi,"Bán nhà ngõ phố Khương Trung, nhà đẹp , 55m2, giá mong muốn 6,5 tỷ.",,"Khương Trung, Phường Khương Trung, Quận Thanh Xuân, Hà NộiXem bản đồ","6,5 tỷ - 55 m2"
53 m²,4 phòng,4 phòng,Đã có sổ,"Nhà ngõ, hẻm",,,"106,79 triệu/m²",,5,,Nội thất cao cấp,,ha-noi,"Nhà bán đảo Linh Đàm, DT53m2 x 5T, Ngõ Ô tô, nội thất đẹp, giá 5.66 tỷ",,"Hoàng Liệt, Phường Đại Kim, Quận Hoàng Mai, Hà NộiXem bản đồ","5,66 tỷ - 53 m2"
54 m²,3 phòng,3 phòng,Đã có sổ,"Nhà ngõ, hẻm",,,"103,7 triệu/m²",,3,,Nội thất đầy đủ,,ha-noi,"Cực hot! Bán nhà ngõ phố Khương Đình, nhà đẹp 3T, 54m2, giá chỉ 5.X tỷ",,"Khương Đình, Phường Khương Đình, Quận Thanh Xuân, Hà NộiXem bản đồ","5,6 tỷ - 54 m2"
43 m²,6 phòng,4 phòng,,"Nhà ngõ, hẻm",4.3 m,43 m²,"132,56 triệu/m²",,5,,,,ha-noi,"Bán nhà ngõ phố Khương Đình, nhà 5T,43m2, tặng nội thất giá chỉ 5.X tỷ",,"Khương Đình, Phường Khương Đình, Quận Thanh Xuân, Hà NộiXem bản đồ","5,7 tỷ - 43 m2"
