Diện tích đất:,Số phòng ngủ:,Số phòng vệ sinh:,Giấy tờ pháp lý:,Loại hình nhà ở:,Chiều ngang:,Diện tích sử dụng:,Giá/m2:,Hướng cửa chính:,Tổng số tầng:,Đặc điểm nhà/đất:,Tình trạng nội thất:,Chiều dài:,Location,Name,URL,District,Price
37 m²,6 phòng,5 phòng,Đã có sổ,"Nhà ngõ, hẻm",,,"91,89 triệu/m²",,5,,Nội thất cao cấp,,ha-noi,Nhỉnh 3 tỷ nhà Phú Diễn- gần trường Tài Nguyên-37m2-5 tầng- oto cổng,,"Đường Phú Diễn, Phường Phú Diễn, Quận Bắc Từ Liêm, Hà NộiXem bản đồ","3,4 tỷ - 37 m2"
53 m²,3 phòng,3 phòng,Đã có sổ,"Nhà ngõ, hẻm",,,"159,43 triệu/m²",,5,,Nội thất đầy đủ,,ha-noi,"Phân lô Mỗ Lao, ô tô tránh, kinh doanh văn phòng, 53m2, 8.45 tỷ",,"Đường Thanh Bình, Phường Mộ Lao, Quận Hà Đông, Hà NộiXem bản đồ","8,45 tỷ - 53 m2"
50 m²,4 phòng,5 phòng,Đã có sổ,"Nhà ngõ, hẻm",,,100 triệu/m²,,6,,Nội thất đầy đủ,,ha-noi,"BÁN NHÀ BA ĐÌNH, DÂN XÂY, VỀ Ở NGAY, GẦN PHỐ, NGÕ RỘNG, 50M, CHỈ 5 TỶ.",,"Vĩnh Phúc, Phường Vĩnh Phúc, Quận Ba Đình, Hà NộiXem bản đồ",5 tỷ - 50 m2
40 m²,4 phòng,,Đã có sổ,"Nhà ngõ, hẻm",,,155 triệu/m²,,6,"Hẻm xe hơi,Nở hậu",Nội thất cao cấp,,ha-noi,"Bán nhà Đội Cấn, 6T THANG MÁY, 20m Oto, ngõ thông, 4 ngủ, chỉ 6.2 Tỷ",,"Đội Cấn, Phường Đội Cấn, Quận Ba Đình, Hà NộiXem bản đồ","6,2 tỷ - 40 m2"
30 m²,3 phòng,4 phòng,Đã có sổ,"Nhà ngõ, hẻm",,,"211,67 triệu/m²",,5,,Nội thất cao cấp,,ha-noi,"TÂN MAI - PHÂN LÔ - KINH DOANH .DT 38M x 5 TẦNG, MT 4.3M. CHỈ 6.35 TỶ",,"Tân mai, Phường Tân Mai, Quận Hoàng Mai, Hà NộiXem bản đồ","6,35 tỷ - 30 m2"
55 m²,2 phòng,,Đã có sổ,"Nhà ngõ, hẻm",5 m,60 m²,"98,18 triệu/m²",,2,,,,ha-noi,"Bán đất tặng nhà tại Đội Cấn, LÔ GÓC, thoáng sáng, thửa vuông, 5.4 Tỷ",,"Đội Cấn, Phường Ngọc Hà, Quận Ba Đình, Hà NộiXem bản đồ","5,4 tỷ - 55 m2"
30 m²,3 phòng,3 phòng,Đã có sổ,Nhà phố liền kề,,,"68,67 triệu/m²",,3,,Nhà trống,,ha-noi,Bán nhà ngay trạm bơm yên nghĩa chỉ 2 tỉ,,"Đông La, Phường Yên Nghĩa, Quận Hà Đông, Hà NộiXem bản đồ","2,06 tỷ - 30 m2"
69 m²,2 phòng,2 phòng,Đã có sổ,"Nhà ngõ, hẻm",,,"84,06 triệu/m²",,3,,Nội thất đầy đủ,,ha-noi,Bán nhà Ngọc Thuỵ 69m2 vị trí đẹp oto vào nhà phân lô 5.8 tỷ,,"Ngọc Thụy, Phường Ngọc Thụy, Quận Long Biên, Hà NộiXem bản đồ","5,8 tỷ - 69 m2"
50 m²,4 phòng,3 phòng,Đã có sổ,"Nhà ngõ, hẻm",,,108 triệu/m²,,3,,Nội thất đầy đủ,,ha-noi,Bán nhà Ngọc Lâm 50m2 nhà đẹp oto đỗ cổng vị trí đẹp oto qua 5.4 tỷ,,"Ngọc Lâm, Phường Ngọc Lâm, Quận Long Biên, Hà NộiXem bản đồ","5,4 tỷ - 50 m2"
41 m²,5 phòng,,Đã có sổ,"Nhà mặt phố, mặt tiền",,,"129,27 triệu/m²",,,Hẻm xe hơi,Nội thất đầy đủ,,ha-noi,Nhà phân lô Ô tô tránh - 41M - Trung tâm Thanh Trì,,"Ngọc hồi , Xã Ngũ Hiệp, Huyện Thanh Trì, Hà NộiXem bản đồ","5,3 tỷ - 41 m2"
42 m²,3 phòng,,,"Nhà ngõ, hẻm",,,"90,48 triệu/m²",,,,,,ha-noi,SIÊU PHẨM - DÂN XÂY BÁT KHỐI- Ô TÔ ĐỖ CỔNG - FULL NỘI THẤT - GẦN AEON,,"Đường Bát Khối, Phường Cự Khối, Quận Long Biên, Hà NộiXem bản đồ","3,8 tỷ - 42 m2"
31 m²,4 phòng,4 phòng,Đã có sổ,"Nhà ngõ, hẻm",,,"154,84 triệu/m²",,4,,Nội thất đầy đủ,,ha-noi,Bán nhà Khâm Thiên 31m2 nhà đẹp ở ngay ngõ to thoáng trước sau 4.8 tỷ,,"Phố Khâm Thiên, Phường Khâm Thiên, Quận Đống Đa, Hà NộiXem bản đồ","4,8 tỷ - 31 m2"
50 m²,5 phòng,5 phòng,Đã có sổ,"Nhà ngõ, hẻm",,,240 triệu/m²,,5,,Nội thất đầy đủ,,ha-noi,CẦU GIẤY 55M2X5 TẦNG CHỈ NHỈNH 12 TỶ-VIEW HỒ QUẬN UỶ- Ô TÔ TRÁNH,,"CẦU GIẤY, Phường Quan Hoa, Quận Cầu Giấy, Hà NộiXem bản đồ",12 tỷ - 50 m2
71 m²,5 phòng,4 phòng,Đã có sổ,"Nhà ngõ, hẻm",,,"183,1 triệu/m²",,4,,Nội thất đầy đủ,,ha-noi,HOÀNG QUỐC VIỆT 75m2 x5 tầng nhỉnh 13tỷ-Ô TÔ TRÁNH-2 MẶT NGÕ THÔNG,,"106 hoàng quốc việt, Phường Nghĩa Tân, Quận Cầu Giấy, Hà NộiXem bản đồ",13 tỷ - 71 m2
58 m²,4 phòng,4 phòng,Đã có sổ,"Nhà ngõ, hẻm",,,100 triệu/m²,,5,,Nội thất đầy đủ,,ha-noi,ANH TUẤN SANG ĐỨC ĐỊNH CƯ CẦN BÁN GẤP NHÀ TÂY HỒ 58m2x5 Tầng Giá 5 tỷ,,"Đường Thụy Khuê, Phường Thụy Khuê, Quận Tây Hồ, Hà NộiXem bản đồ","5,8 tỷ - 58 m2"
35 m²,3 phòng,4 phòng,Đã có sổ,"Nhà ngõ, hẻm",,,140 triệu/m²,,5,,Nội thất đầy đủ,,ha-noi,SIÊU HIẾM NHÀ NGỌC HÀ 38m2 x5 tầng chỉ nhỉnh 4 tỷ - NGÕ RỘNG- VÀI BƯỚC,,"Phố Ngọc Hà, Phường Ngọc Hà, Quận Ba Đình, Hà NộiXem bản đồ","4,9 tỷ - 35 m2"
66 m²,4 phòng,,Đã có sổ,"Nhà ngõ, hẻm",,,"159,09 triệu/m²",,,Hẻm xe hơi,Nội thất đầy đủ,,ha-noi,BÁN NHÀ GIANG BIÊN VIEW VƯỜN HOA VỈA HÈ ÔTÔ TRÁNH 66M2 4 TẦNG 10.5 TỶ,,"Phạm Khắc Quảng, Phường Giang Biên, Quận Long Biên, Hà NộiXem bản đồ","10,5 tỷ - 66 m2"
47 m²,4 phòng,3 phòng,Đã có sổ,"Nhà ngõ, hẻm",,,"120,21 triệu/m²",,4,,Nhà trống,,ha-noi,"Bán nhà đẹp, ngõ nông, ba gác tránh, Thịnh Quang, Đống Đa 47m2*4T",,"Thịnh Quang, Phường Thịnh Quang, Quận Đống Đa, Hà NộiXem bản đồ","5,65 tỷ - 47 m2"
36 m²,5 phòng,4 phòng,,"Nhà ngõ, hẻm",,,"129,17 triệu/m²",,,,,,ha-noi,"Bán nhà Láng Hạ, vị trí đẹp, ngõ rộng, gần phố 36m2* 6T chỉ 4.65 tỷ",,"Láng Hạ, Phường Thành Công, Quận Ba Đình, Hà NộiXem bản đồ","4,65 tỷ - 36 m2"
43 m²,3 phòng,3 phòng,Đã có sổ,"Nhà ngõ, hẻm",,,"125,58 triệu/m²",,4,,Nội thất đầy đủ,,ha-noi,"Bán nhà Hào Nam, lô góc, hai thoáng, 50m ô tô tránh 43m2*4T, Mt 4m",,"Hào Nam, Phường Ô Chợ Dừa, Quận Đống Đa, Hà NộiXem bản đồ","5,4 tỷ - 43 m2"
38 m²,4 phòng,3 phòng,Đã có sổ,"Nhà ngõ, hẻm",,,"144,74 triệu/m²",,4,,Nội thất đầy đủ,,ha-noi,"Nhà đẹp! lô góc! hai thoáng! Nhà Vĩnh Hồ, Đống Đa 38m2*4T",,"Vĩnh Hồ, Phường Thịnh Quang, Quận Đống Đa, Hà NộiXem bản đồ","5,5 tỷ - 38 m2"
76 m²,3 phòng,3 phòng,Đã có sổ,"Nhà ngõ, hẻm",,,"92,11 triệu/m²",,4,,Nội thất đầy đủ,,ha-noi,Bán nhà Tôn Đức Thắng 76m2 lô góc mặt ngõ thẳng tắp vị trí đẹp 7 tỷ,,"Phố Tôn Đức Thắng, Phường Hàng Bột, Quận Đống Đa, Hà NộiXem bản đồ",7 tỷ - 76 m2
158 m²,9 phòng,,Đã có sổ,"Nhà mặt phố, mặt tiền",,,"189,87 triệu/m²",,,,Nội thất cao cấp,,ha-noi,"Bán tòa nhà 7 tầng Phố Vọng, Q. Thanh Xuân, 158m2, 30 tỷ",,"Phố Vọng, Phường Phương Liệt, Quận Thanh Xuân, Hà NộiXem bản đồ",30 tỷ - 158 m2
57 m²,3 phòng,,Đã có sổ,"Nhà mặt phố, mặt tiền",,,"578,95 triệu/m²",,,,Nội thất đầy đủ,,ha-noi,"Bán nhà mặt phố Kim Đồng, Q. Hoàng Mai, 57m2, 5 tầng, 33 tỷ",,"Phố Kim Đồng, Phường Giáp Bát, Quận Hoàng Mai, Hà NộiXem bản đồ",33 tỷ - 57 m2
78 m²,4 phòng,,,"Nhà mặt phố, mặt tiền",,,"242,31 triệu/m²",,,,,,ha-noi,"Bán biệt thự Giải Phóng - 78m2, 8 tầng, 18,9 tỷ",,"Đường Giải Phóng, Phường Giáp Bát, Quận Hoàng Mai, Hà NộiXem bản đồ","18,9 tỷ - 78 m2"
60 m²,5 phòng,,Đã có sổ,"Nhà mặt phố, mặt tiền",,,"246,67 triệu/m²",,7,,,,ha-noi,"Bán nhà mặt đường vành đai 3 Tam Trinh - 60m2, 7 tầng, 14,8 tỷ",,"Đường cao tốc Vành đai 3, Phường Yên Sở, Quận Hoàng Mai, Hà NộiXem bản đồ","14,8 tỷ - 60 m2"
44 m²,5 phòng,,Đã có sổ,"Nhà ngõ, hẻm",4 m,,"188,64 triệu/m²",,6,,Nội thất cao cấp,,ha-noi,"BÁN NHÀ QUAN NHÂN, LÔ GÓC KD, GẦN PHỐ ÔTÔ ĐỖ CỬA NHÀ ĐẸP Ở NGAY 44MX6T",,"PHỐ QUAN NHÂN, Phường Nhân Chính, Quận Thanh Xuân, Hà NộiXem bản đồ","8,3 tỷ - 44 m2"
100 m²,4 phòng,,Đã có sổ,"Nhà ngõ, hẻm",,,138 triệu/m²,,,Hẻm xe hơi,,,ha-noi,"Nhà đẹp Ngọc Hồi, quận Thanh Trì, 100m2, ô tô tránh, 13,8 tỷ",,"Đường Giải Phóng, Phường Giáp Bát, Quận Hoàng Mai, Hà NộiXem bản đồ","13,8 tỷ - 100 m2"
79 m²,3 phòng,3 phòng,Đã có sổ,"Nhà ngõ, hẻm",,,"69,62 triệu/m²",,3,,Nội thất đầy đủ,,ha-noi,NHÀ MẶT NGÕ TỪ LIÊM - ÔTÔ 9 CHỖ VÀO NHÀ - NGÕ HƠN 4M - KINH DOANH NHỎ,,"Lê Văn Hiến, Phường Đức Thắng, Quận Bắc Từ Liêm, Hà NộiXem bản đồ","5,5 tỷ - 79 m2"
37 m²,3 phòng,3 phòng,Đã có sổ,Nhà phố liền kề,,,"178,38 triệu/m²",,6,Nở hậu,,,ha-noi,Nhà Tô Vĩnh Diện 37m x 6 tầng xây mới thang máy - 30m ra phố ngõ thẳng,,"Tô Vĩnh Diện, Phường Khương Trung, Quận Thanh Xuân, Hà NộiXem bản đồ","6,6 tỷ - 37 m2"
313 m²,3 phòng,,Đã có sổ,"Nhà mặt phố, mặt tiền",,,"559,11 triệu/m²",,5,,,,ha-noi,"Bán nhà mặt phố Thợ Nhuộm, Hoàn Kiếm, 313m2, mặt tiền 15m, 175 tỷ",,"Phố Thợ Nhuộm, Phường Hàng Bông, Quận Hoàn Kiếm, Hà NộiXem bản đồ",175 tỷ - 313 m2
85 m²,4 phòng,4 phòng,Đã có sổ,Nhà biệt thự,,,"147,06 triệu/m²",,5,,Nội thất cao cấp,,ha-noi,"BÁN BIẸT THỰ NHÀ VƯỜN 85M, 5T, FULL NỘI THẤT, OTO,GIÁ 12.5 TỶ",,"Mễ Trì Thượng, Phường Mễ Trì, Quận Nam Từ Liêm, Hà NộiXem bản đồ","12,5 tỷ - 85 m2"
30 m²,3 phòng,,Đã có sổ,"Nhà ngõ, hẻm",4.3 m,,"103,33 triệu/m²",,4,,Nội thất cao cấp,,ha-noi,"BÁN NHÀ ĐẠI TỪ, GẦN ÔTÔ, GẦN PHỐ GẦN HỒ, GẦN CHỢ, NHÀ ĐẸP NỘI THẤT XỊN",,"Phố Đại Từ, Phường Đại Kim, Quận Hoàng Mai, Hà NộiXem bản đồ","3,1 tỷ - 30 m2"
40 m²,5 phòng,,Đã có sổ,"Nhà ngõ, hẻm",,,"89,75 triệu/m²",,,,,,ha-noi,Bán nhà chợ chiêif Đại Mỗ Nam Từ Liêm 40m 4 tầng 5 ngủ mới ở ngay.,,"Quang Tiến, Phường Tây Mỗ, Quận Nam Từ Liêm, Hà NộiXem bản đồ","3,59 tỷ - 40 m2"
33 m²,3 phòng,,,"Nhà ngõ, hẻm",,,"75,76 triệu/m²",,,,,,ha-noi,"NHÀ ĐẸP 2,5 TỶ- 4 TẦNG PHÚC LỢI - 33M - ĐƯỜNG 2M - TIỆN ÍCH VINHOME",,"Phúc Lơi, Phường Phúc Lợi, Quận Long Biên, Hà NộiXem bản đồ","2,5 tỷ - 33 m2"
34 m²,3 phòng,4 phòng,Đã có sổ,"Nhà mặt phố, mặt tiền",,,"76,47 triệu/m²",,4,,Nội thất cao cấp,,ha-noi,Bán nhà lôgóc Di Trạch. Thiết kế sang. Ngõ thông rộng thoáng,,"Đường Di Trạch, Xã Di Trạch, Huyện Hoài Đức, Hà NộiXem bản đồ","2,6 tỷ - 34 m2"
33 m²,3 phòng,3 phòng,Đã có sổ,"Nhà mặt phố, mặt tiền",,,"77,27 triệu/m²",,4,,Nội thất cao cấp,,ha-noi,Bán nhà Liên Mạc Bắc Từ Liêm. ÔTÔ đỗ cạnh nhà,,"Đường Liên Mạc, Phường Liên Mạc, Quận Bắc Từ Liêm, Hà NộiXem bản đồ","2,55 tỷ - 33 m2"
42 m²,4 phòng,,,"Nhà ngõ, hẻm",,,"102,14 triệu/m²",,,,,,ha-noi,LONG LANH - 5 TẦNG PHỐ TRẠM - Ô TÔ ĐỖ CỬA - THẰNG MÁY- FULL NỘI THẤT -,,"Phố Trạm, Phường Long Biên, Quận Long Biên, Hà NộiXem bản đồ","4,29 tỷ - 42 m2"
45 m²,2 phòng,1 phòng,Đang chờ sổ,"Nhà ngõ, hẻm",,,44 triệu/m²,,1,,Nhà trống,,ha-noi,Lô góc ngõ Thông 2.5m Kim Giang Trần Hòa . 45m2 cấp 4 chỉ 1.98 tỷ,,"Trần Hòa, Phường Đại Kim, Quận Hoàng Mai, Hà NộiXem bản đồ","1,98 tỷ - 45 m2"
62 m²,8 phòng,5 phòng,Đã có sổ,"Nhà ngõ, hẻm",,,"83,87 triệu/m²",,5,,Nội thất đầy đủ,,ha-noi,"Nhỉnh 80 triệu/m2 nhà 5 tầng mới đẹp 8 phòng ngủ đủ nội thất,vềở luôn",,"Đường Hoàng Mai, Phường Hoàng Văn Thụ, Quận Hoàng Mai, Hà NộiXem bản đồ","5,2 tỷ - 62 m2"
38 m²,4 phòng,4 phòng,Đã có sổ,"Nhà ngõ, hẻm",,,"97,37 triệu/m²",,4,,Nội thất đầy đủ,,ha-noi,"NHÀ 38M x 4TẦNG, 4 NGỦ, GIÁ 3.7TỶ, CẠNH CHỢ CHIỀU ĐẠI MỖ, NAM TỪ LIÊM.",,"Đường Đại Mỗ, Phường Đại Mỗ, Quận Nam Từ Liêm, Hà NộiXem bản đồ","3,7 tỷ - 38 m2"
40 m²,4 phòng,3 phòng,Đã có sổ,"Nhà ngõ, hẻm",,,"137,5 triệu/m²",,4,,Nội thất cao cấp,,ha-noi,"NHÀ SIÊU ĐẸP MỸ ĐÌNH-40m2,4PN RỘNG-SÁT BẾN XE MỸ ĐÌNH-TẶNG NỘI THẤT!",,"Phố Nguyễn Hoàng, Phường Mỹ Đình 2, Quận Nam Từ Liêm, Hà NộiXem bản đồ","5,5 tỷ - 40 m2"
36 m²,4 phòng,4 phòng,Đã có sổ,"Nhà ngõ, hẻm",,,"102,78 triệu/m²",,4,,Nội thất đầy đủ,,ha-noi,"NHÀ NGÕ 180 TÂY MỖ, NAM TỪ LIÊM LÔ GÓC 36M x 4TẦNG, MT 3.5, GIÁ 3.7 TỶ",,"Đường Tây Mỗ, Phường Tây Mỗ, Quận Nam Từ Liêm, Hà NộiXem bản đồ","3,7 tỷ - 36 m2"
26 m²,3 phòng,3 phòng,Đã có sổ,"Nhà ngõ, hẻm",,,"103,08 triệu/m²",,4,,Nội thất đầy đủ,,ha-noi,CỰC HIẾM. Định công lô góc 26m 4 tầng mt 3.5 giá 2.6 tỷ,,"Định Công, Phường Định Công, Quận Hoàng Mai, Hà NộiXem bản đồ","2,68 tỷ - 26 m2"
45 m²,4 phòng,3 phòng,Đã có sổ,"Nhà ngõ, hẻm",,,"98,89 triệu/m²",,4,,Nội thất đầy đủ,,ha-noi,"Bán nhà Hoàng Liệt dt 48m2x 5T, nhỉnh 4 tỷ,ngõ oto,gần đường,ở luôn.",,"Phố Hoàng Liệt, Phường Hoàng Liệt, Quận Hoàng Mai, Hà NộiXem bản đồ","4,45 tỷ - 45 m2"
35 m²,2 phòng,3 phòng,Đã có sổ,"Nhà ngõ, hẻm",,,"104,29 triệu/m²",,4,,Nội thất đầy đủ,,ha-noi,Bán nhà Đại Mỗ-Nam Từ Liêm-35m-4 tầng-gần ô tô-ngõ thoáng-3.x tỷ,,"Đường Đại Mỗ, Phường Đại Mỗ, Quận Nam Từ Liêm, Hà NộiXem bản đồ","3,65 tỷ - 35 m2"
35 m²,3 phòng,5 phòng,Đã có sổ,"Nhà ngõ, hẻm",4 m,,"128,57 triệu/m²",,5,,,,ha-noi,"Nguyễn Thái Học - Hà Đông, nhà dân xây, 35m²× 5 tầng× mt 4m× 4.5 tỷ",,"Nguyễn Thái Học, Phường Quang Trung, Quận Hà Đông, Hà NộiXem bản đồ","4,5 tỷ - 35 m2"
40 m²,4 phòng,4 phòng,Đã có sổ,"Nhà ngõ, hẻm",,,85 triệu/m²,,5,,Nhà trống,,ha-noi,"Bán nhà Thụy phương căn góc 2 mặt thoáng, 40m2, 4PN, gần ô tô, gần Hồ",,"Đường Thụy Phương, Đông Ngạc, Phường Đông Ngạc, Quận Bắc Từ Liêm, Hà NộiXem bản đồ","3,4 tỷ - 40 m2"
40 m²,3 phòng,4 phòng,Đã có sổ,"Nhà ngõ, hẻm",,,140 triệu/m²,,5,,Nội thất cao cấp,,ha-noi,"Nhà Đẹp phường Liễu Giai, 40m2 5T Chỉ 5,6tỷ_10m oto Tránh, Thoáng Sáng",,"Hoàng Hoa Thám, Phường Liễu Giai, Quận Ba Đình, Hà NộiXem bản đồ","5,6 tỷ - 40 m2"
35 m²,3 phòng,3 phòng,Đã có sổ,"Nhà ngõ, hẻm",,,"92,86 triệu/m²",,5,,Nhà trống,,ha-noi,"Bán nhà 5 tầng 35m Đông Ngạc, ngõ trước nhà rộng, gần ô tô. Giá 3,2 tỷ",,"Đường Đông Ngạc, Phường Đông Ngạc, Quận Bắc Từ Liêm, Hà NộiXem bản đồ","3,25 tỷ - 35 m2"
55 m²,5 phòng,,,"Nhà ngõ, hẻm",,,"136,36 triệu/m²",,,,,,ha-noi,SIÊU PHẨM- 7 TẦNG PHỐ TRẠM - Ô TÔ VÀO NHÀ - THẰNG MÁY- FULL NỘI THẤT -,,"Phố Trạm, Phường Long Biên, Quận Long Biên, Hà NộiXem bản đồ","7,5 tỷ - 55 m2"
33 m²,4 phòng,,Đã có sổ,"Nhà mặt phố, mặt tiền",,,"124,24 triệu/m²",,5,,Nội thất đầy đủ,,ha-noi,"Hiếm! Thái Thịnh, sáng thoáng, mới, full nội thất 33m2*5T",,"Phố Thái Thịnh, Phường Thịnh Quang, Quận Đống Đa, Hà NộiXem bản đồ","4,1 tỷ - 33 m2"
45 m²,3 phòng,,,"Nhà ngõ, hẻm",,,110 triệu/m²,,,,,,ha-noi,ĐẲNG CẤP -DÂN XÂY 5 TẦNG -NGUYỄN VĂN CỪ - FULL NỘI THẤT - AN SINH ĐỈNH,,"Đường Nguyễn Văn Cừ, Phường Ngọc Lâm, Quận Long Biên, Hà NộiXem bản đồ","4,95 tỷ - 45 m2"
55 m²,4 phòng,,,"Nhà ngõ, hẻm",,,"110,91 triệu/m²",,,,,,ha-noi,"NHÀ MẶT PHỐ - BÁT KHỐI - LÔ GÓC- MT RỘNG, KINH DOANH ĐỈNH - 55M",,"Đường Bát Khối, Phường Long Biên, Quận Long Biên, Hà NộiXem bản đồ","6,1 tỷ - 55 m2"
100 m²,3 phòng,3 phòng,Đã có sổ,"Nhà ngõ, hẻm",8 m,,65 triệu/m²,,,,,12 m,ha-noi,Tin Hiếm - bán đất tặng nhà 3 tầng 100m2 chỉ 6.55 tỷ HOa Bằng Cầu,,"Hoa Bằng, Phường Yên Hoà, Quận Cầu Giấy, Hà NộiXem bản đồ","6,5 tỷ - 100 m2"
130 m²,nhiều hơn 10 phòng,Nhiều hơn 6 phòng,Đã có sổ,"Nhà mặt phố, mặt tiền",9 m,,"369,23 triệu/m²",,,,,14 m,ha-noi,TIN THẬT bán Tòa nhà 130m2 kinh doanh khách sạn ( có giấy phép ),,"Trần Duy Hưng, Phường Yên Hoà, Quận Cầu Giấy, Hà NộiXem bản đồ",48 tỷ - 130 m2
103 m²,nhiều hơn 10 phòng,Nhiều hơn 6 phòng,Đã có sổ,"Nhà ngõ, hẻm",6 m,,"247,57 triệu/m²",,,,,20 m,ha-noi,Cần bán CHDV kinh doanh cho thuê dòng tiền 170tr/th tại Nguyễn Khang,,"Nguyễn Khang, Phường Dịch Vọng, Quận Cầu Giấy, Hà NộiXem bản đồ","25,5 tỷ - 103 m2"
32 m²,6 phòng,4 phòng,Đã có sổ,"Nhà mặt phố, mặt tiền",3 m,,"112,5 triệu/m²",,4,,,,ha-noi,4 NGỦ_32M2_Ô TÔ ĐỖ SÁT_629 TRƯƠNG ĐỊNH_GIÁ 3.6 TỶ,,"Trương Định, Phường Tân Mai, Quận Hoàng Mai, Hà NộiXem bản đồ","3,6 tỷ - 32 m2"
47 m²,9 phòng,Nhiều hơn 6 phòng,Đã có sổ,"Nhà ngõ, hẻm",,,"195,53 triệu/m²",,6,,Nội thất đầy đủ,,ha-noi,"Bán CHDV Quan Hoa_CG, Gần Phố, Dân Xây, 47m*6T*9p KK,TM, Full Đồ, SDCC",,"quan hoa, Phường Quan Hoa, Quận Cầu Giấy, Hà NộiXem bản đồ","9,19 tỷ - 47 m2"
41 m²,9 phòng,Nhiều hơn 6 phòng,Đã có sổ,"Nhà ngõ, hẻm",4.2 m,,"157,32 triệu/m²",,,,Nội thất đầy đủ,,ha-noi,"Nhà Đẹp Thanh Xuân_41m*5T*9p KK, Ngõ nông, View thoáng, Dthu 45tr/th",,"Khương Đình, Phường Khương Đình, Quận Thanh Xuân, Hà NộiXem bản đồ","6,45 tỷ - 41 m2"
45 m²,9 phòng,,Đã có sổ,"Nhà ngõ, hẻm",3.5 m,,"168,44 triệu/m²",,5,,Nội thất đầy đủ,,ha-noi,"Mỏ Vàng CCMN Hoa Bằng, ngõ thông, oto tránh, 45m*5T*9p KK, PCCC đầy đủ",,"Đường Nguyễn Khang, Phường Yên Hoà, Quận Cầu Giấy, Hà NộiXem bản đồ","7,58 tỷ - 45 m2"
35 m²,3 phòng,,,"Nhà mặt phố, mặt tiền",,,"85,71 triệu/m²",,,,,,ha-noi,🌸🌸 35m2 gần khu đấu giá ngõ cổng Đa Sỹ chỉ hơn 3 tỷ xây 4 tầng,,"Đường Đa Sỹ, Phường Kiến Hưng, Quận Hà Đông, Hà NộiXem bản đồ",3 tỷ - 35 m2
33 m²,2 phòng,2 phòng,Đã có sổ,"Nhà ngõ, hẻm",,,"87,88 triệu/m²",,3,,Nội thất đầy đủ,,ha-noi,"BÁN NHÀ HỒNG MAI – HAI BÀ TRƯNG, 33M, 3 TẦNG, 2,9 TỶ",,"Phố Hồng Mai, Phường Quỳnh Lôi, Quận Hai Bà Trưng, Hà NộiXem bản đồ","2,9 tỷ - 33 m2"
30 m²,3 phòng,4 phòng,Đã có sổ,"Nhà ngõ, hẻm",,,110 triệu/m²,,4,,Nội thất cao cấp,,ha-noi,Bán Nhà Thanh Xuân,,"Bùi Xương Trạch, Phường Khương Trung, Quận Thanh Xuân, Hà NộiXem bản đồ","3,3 tỷ - 30 m2"
45 m²,5 phòng,,Đã có sổ,"Nhà ngõ, hẻm",,,"132,22 triệu/m²",,5,,Nội thất đầy đủ,,ha-noi,"TT BA ĐÌNH - VIP ĐỘI CẤN 45M - NHÀ MỚI ĐÓN TẾT, Ô TÔ ĐỖ SÁT NHÀ.",,"Đội Cấn, Phường Đội Cấn, Quận Ba Đình, Hà NộiXem bản đồ","5,95 tỷ - 45 m2"
32 m²,4 phòng,,,"Nhà ngõ, hẻm",,,"148,44 triệu/m²",,,,,,ha-noi,Bá.n nhà LÊ LỢI - DÂN XÂY - NỞ HẬU - Phân khúc hiếm - MT3m8 Hơn 4tỷ,,"Lê Lợi, Phường Nguyễn Trãi, Quận Hà Đông, Hà NộiXem bản đồ","4,75 tỷ - 32 m2"
36 m²,4 phòng,5 phòng,Đã có sổ,"Nhà ngõ, hẻm",,,"205,56 triệu/m²",,6,,,,ha-noi,"Ô TÔ VÀO NHÀ, PHÂN LÔ DỊCH VỌNG HẬU, CẦU GIẤY. 36M*5T THƯƠNG LƯỢNG SÂU",,"Nguyễn Phong Sắc, Phường Dịch Vọng Hậu, Quận Cầu Giấy, Hà NộiXem bản đồ","7,4 tỷ - 36 m2"
44 m²,7 phòng,,Đã có sổ,"Nhà ngõ, hẻm",,,"129,55 triệu/m²",,5,,Nội thất đầy đủ,,ha-noi,NGUYỄN KHANG 44M - LÔ GÓC - CÁCH Ô TÔ 10M - NHÀ DÂN XÂY - NHỈNH 5 TỶ.,,"Nguyễn Khang, Phường Yên Hoà, Quận Cầu Giấy, Hà NộiXem bản đồ","5,7 tỷ - 44 m2"
86 m²,4 phòng,,Đã có sổ,"Nhà mặt phố, mặt tiền",,200 m²,"761,63 triệu/m²",,,,,,ha-noi,"Bán gấp giá rẻ mặt phố cổ Lãn Ông 86m, 3 tầng, mặt tiền 3.8m, 65.5 tỷ",,"Lãn Ông, Phường Hàng Bồ, Quận Hoàn Kiếm, Hà NộiXem bản đồ","65,5 tỷ - 86 m2"
55 m²,3 phòng,3 phòng,Đã có sổ,"Nhà ngõ, hẻm",,,"154,18 triệu/m²",,4,,Nội thất đầy đủ,,ha-noi,BÁN NHÀ VŨ HỮU - ÔTÔ VÀO NHÀ - 55M2 - 4 TẦNG - CHỈ 8.48 TỶ,,"Vũ Hữu, Phường Thanh Xuân Bắc, Quận Thanh Xuân, Hà NộiXem bản đồ","8,48 tỷ - 55 m2"
70 m²,6 phòng,5 phòng,Đã có sổ,"Nhà mặt phố, mặt tiền",,,"107,14 triệu/m²",,5,,Nội thất cao cấp,,ha-noi,BÁN NHÀ PHỐ TAM TRINH- KHU PHÂN LÔ - ĐẲNG CẤP THƯỢNG LƯU - VIEW HỒ - S,,"Đường Tam Trinh, Phường Hoàng Văn Thụ, Quận Hoàng Mai, Hà NộiXem bản đồ","7,5 tỷ - 70 m2"
43 m²,5 phòng,,Đã có sổ,"Nhà ngõ, hẻm",4 m,,"98,84 triệu/m²",,4,,Nội thất đầy đủ,,ha-noi,Bán nhà Tôn Đức Thắng 43m2*4T ngõ rộng gần phố 50m oto nhỉnh 4 tỷ,,"Phố Tôn Đức Thắng, Phường Ô Chợ Dừa, Quận Đống Đa, Hà NộiXem bản đồ","4,25 tỷ - 43 m2"
38 m²,3 phòng,4 phòng,Đã có sổ,"Nhà ngõ, hẻm",,,"167,11 triệu/m²",,5,,Nội thất cao cấp,,ha-noi,BÁN NHÀ PHỐ TÂN MAI PHÂN LÔ ÔTÔ VÀO NHÀ - NGÕ THÔNG KINH DOANH SẦM UẤT,,"Phố Tân Mai, Phường Tân Mai, Quận Hoàng Mai, Hà NộiXem bản đồ","6,35 tỷ - 38 m2"
37 m²,3 phòng,,Đã có sổ,"Nhà ngõ, hẻm",,37 m²,"148,65 triệu/m²",,3,,,,ha-noi,NHÀ THUỘC NGHĨA ĐÔ - CẦU GIẤY - BÁN ĐẤT TẶNG NHÀ,,"Lạc Long Quân, Phường Nghĩa Đô, Quận Cầu Giấy, Hà NộiXem bản đồ","5,5 tỷ - 37 m2"
33 m²,1 phòng,,Đã có sổ,"Nhà mặt phố, mặt tiền",,,100 triệu/m²,,1,Hẻm xe hơi,,,ha-noi,NHÀ MẶT PHỐ PHÚ LƯƠNG CĂN GÓC KINH DOANH TỐT 33M C4 3.3TỶ,,"Phú Lương, Phường Phú Lương, Quận Hà Đông, Hà NộiXem bản đồ","3,3 tỷ - 33 m2"
32 m²,3 phòng,4 phòng,Đã có sổ,"Nhà mặt phố, mặt tiền",,,"92,19 triệu/m²",Tây Nam,5,,,,ha-noi,kinh doanh- cắt tóc- spa- nhà gần Kđt Đô Nghĩa chỉ 2.95 tỷ,,"Ngõ 42 Đường Đồng Nhân, Xã Đông La, Huyện Hoài Đức, Hà NộiXem bản đồ","2,95 tỷ - 32 m2"
38 m²,4 phòng,4 phòng,Đã có sổ,"Nhà ngõ, hẻm",,,"144,61 triệu/m²",,4,,Nội thất đầy đủ,,ha-noi,TUYỆT TÁC GIÁ RẺ Ở NGAY!Phố VIP Nguyễn Hoàng 38m dân xây mặt tiền rộng,,"Phố Nguyễn Hoàng, Phường Mỹ Đình 2, Quận Nam Từ Liêm, Hà NộiXem bản đồ","5,495 tỷ - 38 m2"
36 m²,4 phòng,3 phòng,Đã có sổ,"Nhà ngõ, hẻm",,,"91,67 triệu/m²",,3,,Nội thất cao cấp,,ha-noi,"Gia đình bán gấp nhà phường Đồng Tâm, HBT. 36m 3 tầng nhỉnh 3 tỷ",,"Đại La, Phường Đồng Tâm, Quận Hai Bà Trưng, Hà NộiXem bản đồ","3,3 tỷ - 36 m2"
60 m²,3 phòng,3 phòng,Đã có sổ,"Nhà ngõ, hẻm",,60 m²,65 triệu/m²,,3,,,,ha-noi,"BÁN GẤP BẠCH MAI, 2 THOÁNG, SÁT PHỐ, NHÀ ĐẸP Ở LUÔN 60M 3.9 TỶ",,"Phố Bạch Mai, Phường Bạch Mai, Quận Hai Bà Trưng, Hà NộiXem bản đồ","3,9 tỷ - 60 m2"
45 m²,3 phòng,3 phòng,Đã có sổ,"Nhà ngõ, hẻm",4 m,,"81,78 triệu/m²",,4,,,,ha-noi,"BÁN GẤP BẠCH MAI, DIỆN TÍCH RỘNG, SÁT PHỐ 45m x 4T, NHỈNH 3 TỶ",,"Phố Bạch Mai, Phường Bạch Mai, Quận Hai Bà Trưng, Hà NộiXem bản đồ","3,68 tỷ - 45 m2"
46 m²,4 phòng,4 phòng,Đã có sổ,"Nhà ngõ, hẻm",,46 m²,"91,3 triệu/m²",,4,,,,ha-noi,"BÁN GẤP KIM NGƯU, PHÂN LÔ, Ô TÔ ĐỖ GẦN, Ở SƯỚNG 42M x 4T, CHỈ 4 TỶ",,"Phố Kim Ngưu, Phường Thanh Lương, Quận Hai Bà Trưng, Hà NộiXem bản đồ","4,2 tỷ - 46 m2"
43 m²,4 phòng,4 phòng,Đã có sổ,"Nhà ngõ, hẻm",,,"113,95 triệu/m²",,4,,Nội thất cao cấp,,ha-noi,"Bán nhà phố Kim ngưu, gần ô tô tránh, 5 phút lên phố cổ 43mx4TxMT4,5",,"Phố Kim Ngưu, Phường Thanh Lương, Quận Hai Bà Trưng, Hà NộiXem bản đồ","4,9 tỷ - 43 m2"
29 m²,4 phòng,3 phòng,Đã có sổ,"Nhà ngõ, hẻm",,,"112,07 triệu/m²",,4,,Nội thất đầy đủ,,ha-noi,BÁN NHÀ ĐỊNH CÔNG THƯỢNG 29/32 M2 - 4 TẦNG 4 NGỦ CHỈ 3.25 TỶ(CÓ T.L),,"Định Công Thượng, Phường Định Công, Quận Hoàng Mai, Hà NộiXem bản đồ","3,25 tỷ - 29 m2"
60 m²,4 phòng,4 phòng,Đã có sổ,"Nhà mặt phố, mặt tiền",4 m,,165 triệu/m²,,4,,,,ha-noi,"Mễ Trì Nam Từ Liêm 60m2 4 tầng 2 mặt thoáng, oto tránh, giá nhỉnh 9 tỷ",,"Mễ Trì, Phường Mễ Trì, Quận Nam Từ Liêm, Hà NộiXem bản đồ","9,9 tỷ - 60 m2"
46 m²,4 phòng,4 phòng,Đã có sổ,"Nhà ngõ, hẻm",,,"107,61 triệu/m²",,4,"Hẻm xe hơi,Nở hậu",,,ha-noi,NHÀ LA KHÊ PHÂN LÔ ÔTÔ ĐỖ CỬA 2THOÁNG 46M 4T 4.95TỶ,,"Phố Ngô Đình Mẫn, Phường La Khê, Quận Hà Đông, Hà NộiXem bản đồ","4,95 tỷ - 46 m2"
31 m²,3 phòng,4 phòng,Đã có sổ,"Nhà ngõ, hẻm",,,"141,29 triệu/m²",,5,,Nội thất cao cấp,,ha-noi,"BÁN NHÀ ĐỊNH CÔNG THƯỢNG - 5 TẦNG, 4 NGỦ - 33M2 - CHỈ 4.38 TỶ (CÓ T.L)",,"Ngõ 219 Định Công Thượng, Phường Định Công, Quận Hoàng Mai, Hà NộiXem bản đồ","4,38 tỷ - 31 m2"
35 m²,7 phòng,4 phòng,,"Nhà ngõ, hẻm",,36 m²,"128,57 triệu/m²",,5,"Nở hậu,Hẻm xe hơi",,,ha-noi,BÁN NHÀ ĐỊNH CÔNG THƯỢNG Ô TÔ ĐỖ CỬA - 35M2 - 5TẦNG - 4 NGỦ - 4.5 TỶ,,"Ngõ 46 Định Công Thượng, Phường Định Công, Quận Hoàng Mai, Hà NộiXem bản đồ","4,5 tỷ - 35 m2"
31.5 m²,2 phòng,2 phòng,Đã có sổ,"Nhà ngõ, hẻm",,,"73,02 triệu/m²",,3,,Nội thất đầy đủ,,ha-noi,"Chính chủ cần bán căn nhà 3 tầng ở ngõ 49 thúy lĩnh 31m2 mặt tiền 3,5m",,"Phố Thúy Lĩnh, Phường Lĩnh Nam, Quận Hoàng Mai, Hà NộiXem bản đồ","2,3 tỷ - 31.5 m2"
35 m²,4 phòng,4 phòng,Đã có sổ,"Nhà mặt phố, mặt tiền",4 m,,"128,57 triệu/m²",,5,,,,ha-noi,"Bán nhà nhỉnh 4,5 tỷ 218Lĩnh Nam 33m²,xây kiên cố 5 tần",,"Lĩnh Nam, Phường Lĩnh Nam, Quận Hoàng Mai, Hà NộiXem bản đồ","4,5 tỷ - 35 m2"
34 m²,2 phòng,2 phòng,Đã có sổ,"Nhà ngõ, hẻm",3 m,,"57,35 triệu/m²",,,Hẻm xe hơi,,,ha-noi,"Chính chủ bán nhà phố Thúy Lĩnh 1,95 tỷ cam kết thông tin thật 100%.",,"Thúy Lĩnh, Phường Lĩnh Nam, Quận Hoàng Mai, Hà NộiXem bản đồ","1,95 tỷ - 34 m2"
35 m²,4 phòng,,Đã có sổ,"Nhà ngõ, hẻm",,,"75,71 triệu/m²",,3,,,,ha-noi,NHÀ DƯƠNG NỘI ÔTÔ ĐỖ GẦN 35M 4T 2.65TỶ,,"Ỷ La, Phường Dương Nội, Quận Hà Đông, Hà NộiXem bản đồ","2,65 tỷ - 35 m2"
48 m²,2 phòng,1 phòng,Đã có sổ,"Nhà ngõ, hẻm",,,"54,17 triệu/m²",,1,,,,ha-noi,"Bán nhà phố Kim Mã, 48m² Kinh doanh sầm uất, ô tô, 2.6 tỷ",,"Kim Mã, Phường Ngọc Khánh, Quận Ba Đình, Hà NộiXem bản đồ","2,6 tỷ - 48 m2"
43 m²,4 phòng,5 phòng,Đã có sổ,"Nhà ngõ, hẻm",,,"151,16 triệu/m²",,6,"Hẻm xe hơi,Nở hậu",,,ha-noi,"Bán nhà ngõ 93 Hoàng Văn Thái 6 tầng Thang Máy, 43m² , giá 6.5 tỷ",,"Hoàng Văn Thái, Phường Khương Trung, Quận Thanh Xuân, Hà NộiXem bản đồ","6,5 tỷ - 43 m2"
50 m²,5 phòng,5 phòng,Đã có sổ,"Nhà ngõ, hẻm",,,164 triệu/m²,,6,Hẻm xe hơi,,,ha-noi,"PL Gần Nguyễn Xiển 50 m2, 6 tầng , ô thang máy, ÔTÔ tránh, KD, 8.2 tỷ",,"Nguyễn Xiển, Phường Thanh Xuân Bắc, Quận Thanh Xuân, Hà NộiXem bản đồ","8,2 tỷ - 50 m2"
50 m²,4 phòng,3 phòng,Đã có sổ,"Nhà ngõ, hẻm",,,126 triệu/m²,,5,,Nội thất cao cấp,,ha-noi,Bán nhà ngõ Đê La Thành to- Ba Đình- 50m- 4 ngủ- Tặng nội thất- Ở ngay,,"Đường La Thành, Phường Giảng Võ, Quận Ba Đình, Hà NộiXem bản đồ","6,3 tỷ - 50 m2"
53 m²,4 phòng,4 phòng,Đã có sổ,"Nhà ngõ, hẻm",,,"126,42 triệu/m²",,4,,Nội thất cao cấp,,ha-noi,Bán nhà ngõ phố Thái Hà- Đống Đa- 53m- 4ngủ- Gần phố- An sinh tốt,,"Phố Thái Hà, Phường Trung Liệt, Quận Đống Đa, Hà NộiXem bản đồ","6,7 tỷ - 53 m2"
35 m²,3 phòng,6 phòng,Đã có sổ,,,,"394,29 triệu/m²",Đông Bắc,7,,,,ha-noi,BÁN NHÀ VIP NHẤT HÀ ĐÔNG VIEW SÔNG KINH DOANH CỰC ĐỈNH DÒNG TIỀN,,"Nhuệ Giang, Phường Yết Kiêu, Quận Hà Đông, Hà NộiXem bản đồ","13,8 tỷ - 35 m2"
42 m²,5 phòng,3 phòng,Đã có sổ,"Nhà ngõ, hẻm",5 m,,"128,57 triệu/m²",,,,Nội thất đầy đủ,,ha-noi,"`Bán gấp giá rẻ nhà mới koong Nguyễn Hoàng 38m/42m,4 tầng,mt 5m,5.4 tỷ",,"Phố Nguyễn Cơ Thạch, Phường Mỹ Đình 2, Quận Nam Từ Liêm, Hà NộiXem bản đồ","5,4 tỷ - 42 m2"
45 m²,2 phòng,,,"Nhà ngõ, hẻm",,,"122,22 triệu/m²",,3,Hẻm xe hơi,,,ha-noi,Ô TÔ TRÁNH 10M - BÁN ĐẤT TẶNG NHÀ - LỐI RA THÔNG THOÁNG.,,"Phố Tương Mai, Phường Tương Mai, Quận Hoàng Mai, Hà NộiXem bản đồ","5,5 tỷ - 45 m2"
45 m²,8 phòng,Nhiều hơn 6 phòng,Đã có sổ,"Nhà ngõ, hẻm",,,"144,44 triệu/m²",,5,,Nội thất đầy đủ,,ha-noi,Bán Nhà Trần Cung Lô Góc. 2 Mặt Ngõ Kinh Doanh. 45mx5T. Giá: 6.5 tỷ,,"Đường Trần Cung, Phường Cổ Nhuế 1, Quận Bắc Từ Liêm, Hà NộiXem bản đồ","6,5 tỷ - 45 m2"
