Diện tích đất:,Số phòng ngủ:,Số phòng vệ sinh:,Giấy tờ pháp lý:,Loại hình nhà ở:,Chiều ngang:,Diện tích sử dụng:,Giá/m2:,Hướng cửa chính:,Tổng số tầng:,Đặc điểm nhà/đất:,Tình trạng nội thất:,Chiều dài:,Location,Name,URL,District,Price
23 m²,2 phòng,2 phòng,,"Nhà mặt phố, mặt tiền",,,"117,39 triệu/m²",,4,,,,ha-noi,Nhà MẶT NGÕ CHỢ KHÂM THIÊN- Đ.Đa. 23m2x 4 tầng. Mt 4m. Giá 2 tỷ hơn.,,"Ngõ Chợ Khâm Thiên, Phường Khâm Thiên, Quận Đống Đa, Hà NộiXem bản đồ","2,7 tỷ - 23 m2"
42 m²,3 phòng,4 phòng,Đã có sổ,"Nhà ngõ, hẻm",,,100 triệu/m²,,5,,Nhà trống,,ha-noi,BÁN NHÀ THỤY PHƯƠNG(BTL)_DT 42M2_X5 TẦNG_Ô TÔ ĐỖ CỬA_LÔ GÓC_20M RA PHỐ,,"Thụy Phương, Phường Thụy Phương, Quận Bắc Từ Liêm, Hà NộiXem bản đồ","4,2 tỷ - 42 m2"
82 m²,nhiều hơn 10 phòng,Nhiều hơn 6 phòng,Đã có sổ,Nhà phố liền kề,,,"169,51 triệu/m²",,4,,Nội thất đầy đủ,,ha-noi,"Cần bán nhà 4 tầng, 82m2, ô tô vào nhà, phố mai dịch.",,"Mai Dịch, Phường Mai Dịch, Quận Cầu Giấy, Hà NộiXem bản đồ","13,9 tỷ - 82 m2"
80 m²,6 phòng,5 phòng,Đã có sổ,"Nhà ngõ, hẻm",,,"52,5 triệu/m²",,2,,Nội thất đầy đủ,,ha-noi,"BÁN NHÀ LẠC TRUNG, HAI BÀ TRƯNG, PHÂN LÔ, 62.3M X 4.8 TỶ",,"12, Lạc Trung, Phường Cầu Dền, Quận Hai Bà Trưng, Hà NộiXem bản đồ","4,2 tỷ - 80 m2"
32.0998 m²,3 phòng,4 phòng,,"Nhà ngõ, hẻm",4 m,,"147,98 triệu/m²",Đông Nam,5,,,,ha-noi,"Bán nhà 32,1 m2 x 5 tầng nhà số 8 ngõ 310/43 đường nghi tàm .",,"Ngõ 310 Nghi Tàm, Phường Tứ Liên, Quận Tây Hồ, Hà NộiXem bản đồ","4,75 tỷ - 32.0.998 m2"
33 m²,3 phòng,3 phòng,Đã có sổ,"Nhà ngõ, hẻm",,,"73,64 triệu/m²",Nam,3,,,,ha-noi,"2.43 TỶ Nhà 3 tầng An Khánh gần Thiên Đường Bảo Sơn , ĐL Thăng Lon",,"Ngõ 42 Đường Cây Trà, Xã Lại Yên, Huyện Hoài Đức, Hà NộiXem bản đồ","2,43 tỷ - 33 m2"
47 m²,5 phòng,6 phòng,Đã có sổ,"Nhà ngõ, hẻm",,,"126,6 triệu/m²",,5,,Nội thất đầy đủ,,ha-noi,BA ĐÌNH 47m2 5 tầng mt8.8m NHÀ MỚI ĐÓN TẾT 2024,,"Ngõ 194 Đội Cấn, Phường Đội Cấn, Quận Ba Đình, Hà NộiXem bản đồ","5,95 tỷ - 47 m2"
47 m²,4 phòng,,,"Nhà ngõ, hẻm",,,"102,13 triệu/m²",,,,,,ha-noi,NHÀ ĐỘI CẤN 47M2 -NHỈNH 4 TỶ-NGÕ NÔNG-NGÕ THÔNG-CĂN GÓC 3 THOÁNG,,"Ngõ 279 Phố Đội Cấn, Phường Ngọc Hà, Quận Ba Đình, Hà NộiXem bản đồ","4,8 tỷ - 47 m2"
56 m²,4 phòng,,,"Nhà ngõ, hẻm",,,"151,79 triệu/m²",,6,,,,ha-noi,Nhà Võng Thị-56m2-MT4.5M-6 Tầng-Giá 8.5 Tỷ-Thang Máy-2 Thoáng,,"Võng Thị, Phường Bưởi, Quận Tây Hồ, Hà NộiXem bản đồ","8,5 tỷ - 56 m2"
55 m²,3 phòng,3 phòng,Đã có sổ,"Nhà ngõ, hẻm",,,"40,91 triệu/m²",Đông Nam,3,,,,ha-noi,nhà 55 m xây 3.5 tầng giá 2.25 tỷ gần ĐôngLa khu Đô thị. Đô Nghĩa,,"Độ Chàng, Xã Đại Thành, Huyện Quốc Oai, Hà NộiXem bản đồ","2,25 tỷ - 55 m2"
50 m²,4 phòng,,,"Nhà ngõ, hẻm",,,110 triệu/m²,,,,,,ha-noi,Bán nhà Cầu Giấy 50m2-Hơn 5 tỷ-15M Ra ô tô-Lô góc -Ngõ Thông,,"Cầu Giấy, Phường Dịch Vọng, Quận Cầu Giấy, Hà NộiXem bản đồ","5,5 tỷ - 50 m2"
32 m²,3 phòng,3 phòng,Đã có sổ,"Nhà ngõ, hẻm",,,750 triệu/m²,Đông Nam,4,,,,ha-noi,Bán nhà Phú Lương gần trường Tiểu học Phú Cường như ảnh: - 40m ra mặt,,"Quốc Lộ 21 B, Phường Phú Lương, Quận Hà Đông, Hà NộiXem bản đồ",24 tỷ - 32 m2
50 m²,6 phòng,,,"Nhà ngõ, hẻm",,,112 triệu/m²,,5,,,,ha-noi,BÁN NHÀ TRUNG KÍNH-50M2x5T-GIÁ 5.6 TỶ- 30M RA Ô TÔ PHỐ-LÔ GÓC,,"Trung kính, Phường Trung Hoà, Quận Cầu Giấy, Hà NộiXem bản đồ","5,6 tỷ - 50 m2"
54 m²,4 phòng,4 phòng,,"Nhà ngõ, hẻm",,,"96,3 triệu/m²",,5,,,,ha-noi,Bán nhà Vĩnh Phúc-54M2-MT 5.1m-Giá 5.2 Tỷ-Dân xây-Ngõ Thoáng,,"Phố Vĩnh Phúc, Phường Vĩnh Phúc, Quận Ba Đình, Hà NộiXem bản đồ","5,2 tỷ - 54 m2"
55 m²,4 phòng,,,"Nhà ngõ, hẻm",,,"147,27 triệu/m²",,6,,,,ha-noi,Bán Nhà Vĩnh Phúc55M2-giá 8.1 Tỷ- 6T-Phân Lô-Thang Máy 10M Ô Tô,,"Vĩnh Phúc, Phường Vĩnh Phúc, Quận Ba Đình, Hà NộiXem bản đồ","8,1 tỷ - 55 m2"
43 m²,3 phòng,,Đã có sổ,"Nhà ngõ, hẻm",,,"127,91 triệu/m²",,,,,,ha-noi,"- GẤP cần bán gấp nhà gần nhàThái Hà ( Đống Đa), nhà mới đẹp thiết kế",,"Phố Tây Sơn, Phường Trung Liệt, Quận Đống Đa, Hà NộiXem bản đồ","5,5 tỷ - 43 m2"
55 m²,4 phòng,5 phòng,,"Nhà ngõ, hẻm",,,"143,64 triệu/m²",,6,,,,ha-noi,BÁN NHÀ HOÀNG HOA THÁM 55M2-6T -GIÁ 7.9 TỶ-Thang máy-LÔ GÓC-2 Thoáng,,"Đường Hoàng Hoa Thám, Phường Liễu Giai, Quận Ba Đình, Hà NộiXem bản đồ","7,9 tỷ - 55 m2"
34 m²,5 phòng,3 phòng,Đã có sổ,"Nhà ngõ, hẻm",,,"63,24 triệu/m²",Đông Bắc,5,,,,ha-noi,Bán nhà gần cây xăng Đồng Mai 33m2 giá chỉ từ 2.15 tỷ ô tô đỗ cổng,,"Quốc lộ 6, Phường Yên Nghĩa, Quận Hà Đông, Hà NộiXem bản đồ","2,15 tỷ - 34 m2"
38 m²,3 phòng,4 phòng,Đã có sổ,"Nhà ngõ, hẻm",,,"103,95 triệu/m²",,5,,Nội thất cao cấp,,ha-noi,"Nhà đẹp đón tết - Vị trí đẹp - Ngõ Ba gác, Vài bước ra Phố TRƯƠNG ĐINH",,"trương Định, Phường Hoàng Văn Thụ, Quận Hoàng Mai, Hà NộiXem bản đồ","3,95 tỷ - 38 m2"
43 m²,6 phòng,4 phòng,Đã có sổ,"Nhà ngõ, hẻm",,,"132,56 triệu/m²",,5,,Nội thất đầy đủ,,ha-noi,"Bán nhà Ngọc Hà, Ba Đình, hơn 5 tỷ, full nội thất",,"Đường Hoàng Hoa Thám, Phường Ngọc Hà, Quận Ba Đình, Hà NộiXem bản đồ","5,7 tỷ - 43 m2"
50 m²,6 phòng,6 phòng,Đã có sổ,"Nhà ngõ, hẻm",,,216 triệu/m²,,5,,Nội thất cao cấp,,ha-noi,"Căn nhà 50m2 2 thoáng, oto đỗ cửa, tặng nội thất cao cấp",,"Phố Thái Hà, Phường Trung Liệt, Quận Đống Đa, Hà NộiXem bản đồ","10,8 tỷ - 50 m2"
32 m²,3 phòng,,,"Nhà ngõ, hẻm",,,"170,31 triệu/m²",,,,,,ha-noi,trung tâm quận ĐỐNG ĐA dt 32m x 5 tầng thang máy nhỉnh 5 tỷ ở ngay,,"Đường Trường Chinh, Phường Khương Thượng, Quận Đống Đa, Hà NộiXem bản đồ","5,45 tỷ - 32 m2"
45 m²,3 phòng,,Đã có sổ,"Nhà ngõ, hẻm",4.5 m,,"111,11 triệu/m²",,5,,,10 m,ha-noi,"NHÀ VĂN LA HÀ ĐÔNG, 45M, 3T, MT 4,5M, GIÁ 5 TỶ",,"LÀNG VĂN PHÚ, Phường Phú La, Quận Hà Đông, Hà NộiXem bản đồ",5 tỷ - 45 m2
90 m²,6 phòng,6 phòng,Đã có sổ,Nhà phố liền kề,,,"238,89 triệu/m²",Tây Bắc,6,,,,ha-noi,"Chính chủ bán nhà 6 tầng 3 mặt thoáng, mới 100%, thang máy đầy đủ.",,"19, Ngõ 268 Lê Trọng Tấn, Phường Định Công, Quận Hoàng Mai, Hà NộiXem bản đồ","21,5 tỷ - 90 m2"
33 m²,4 phòng,3 phòng,Đã có sổ,"Nhà ngõ, hẻm",,,"96,97 triệu/m²",Tây Bắc,5,,,,ha-noi,Bán nhà gần bến xe Yên Nghĩa Ô tô vào nhà xây 5 tầng 4p giá nhỉnh 3 tỷ,,"Thanh Lãm , Phường Phú Lãm, Quận Hà Đông, Hà NộiXem bản đồ","3,2 tỷ - 33 m2"
32 m²,4 phòng,4 phòng,Đã có sổ,"Nhà ngõ, hẻm",,,"70,31 triệu/m²",,5,,Nhà trống,,ha-noi,bán nhà 5 tầng quận hà đông -35m giá 2ty250,,"Quốc Lộ 6, Phường Đồng Mai, Quận Hà Đông, Hà NộiXem bản đồ","2,25 tỷ - 32 m2"
22 m²,3 phòng,,Đã có sổ,"Nhà ngõ, hẻm",2.5999 m,,"131,82 triệu/m²",,4,,,,ha-noi,"BÁN NHÀ PHỐ QUAN NHÂN THANH XUÂN, 22/25M, 4T, MT2,6M, GIÁ 2,9 TỶ",,"PHỐ QUAN NHÂN, Phường Nhân Chính, Quận Thanh Xuân, Hà NộiXem bản đồ","2,9 tỷ - 22 m2"
65.6999 m²,3 phòng,2 phòng,Đã có sổ,"Nhà ngõ, hẻm",,,"90,56 triệu/m²",,3,,Nội thất đầy đủ,,ha-noi,Bán nhà phân lô giáo viên đại học Hà Nội,,"Tổ dân phố 19, Đường Lương Thế Vinh, Phường Trung Văn, Quận Nam Từ Liêm, Hà NộiXem bản đồ","5,95 tỷ - 65.6.999 m2"
36 m²,4 phòng,5 phòng,Đã có sổ,"Nhà ngõ, hẻm",,,"190,28 triệu/m²",,6,,Nội thất đầy đủ,,ha-noi,BA ĐÌNH 6 TẦNG THANG MÁY GẦN PHỐ NGAY CHỢ NGỌC HÀ,,"Phố Ngọc Hà, Phường Ngọc Hà, Quận Ba Đình, Hà NộiXem bản đồ","6,85 tỷ - 36 m2"
65 m²,3 phòng,2 phòng,Đã có sổ,"Nhà ngõ, hẻm",,,"184,62 triệu/m²",,3,,Nội thất đầy đủ,,ha-noi,"💥Bán nhà Phương Mai-Đống Đa 65m x3T, MT3.5m,phân lô,ÔTÔ.Giá chỉ 12 tỷ💕",,"Phố Phương Mai, Phường Phương Mai, Quận Đống Đa, Hà NộiXem bản đồ",12 tỷ - 65 m2
40 m²,3 phòng,,Đã có sổ,"Nhà ngõ, hẻm",6 m,,95 triệu/m²,,3,,,,ha-noi,"BÁN NHÀ PHỐ THANH BÌNH HÀ ĐÔNG. 40M, 3T, MT6M, GIÁ 3,8 TỶ",,"ĐƯỜNG THANH BÌNH, Phường Văn Quán, Quận Hà Đông, Hà NộiXem bản đồ","3,8 tỷ - 40 m2"
40.7 m²,4 phòng,3 phòng,Đã có sổ,"Nhà ngõ, hẻm",,,"176,9 triệu/m²",Nam,4,,,,ha-noi,Nhà phố Yên Lạc,,"Phố Yên Lạc, Phường Vĩnh Tuy, Quận Hai Bà Trưng, Hà NộiXem bản đồ","7,2 tỷ - 40.7 m2"
75 m²,nhiều hơn 10 phòng,Nhiều hơn 6 phòng,Đã có sổ,"Nhà ngõ, hẻm",,,148 triệu/m²,,7,,Nội thất đầy đủ,,ha-noi,"Bán Nhà Kim Giang Hoàng Mai 11,1Tỷ 7 Tầng Lô Góc 75m2 Thang Máy",,"Đường Kim Giang, Phường Đại Kim, Quận Hoàng Mai, Hà NộiXem bản đồ","11,1 tỷ - 75 m2"
40 m²,4 phòng,,,"Nhà ngõ, hẻm",,,110 triệu/m²,,,Hẻm xe hơi,,,ha-noi,"Cần Bán nhà ở Phố Hồng Tiền,40m2 x 4 tầng, Ngõ ô tô đỗ, nhà mới đẹp",,"Phố Hồng Tiến, Phường Bồ Đề, Quận Long Biên, Hà NộiXem bản đồ","4,4 tỷ - 40 m2"
46 m²,4 phòng,,Đã có sổ,"Nhà ngõ, hẻm",,,"165,22 triệu/m²",,,,,,ha-noi,NHÀ ĐẸP ĐÓN TẾT PHỐ LÊ TRỌNG TẤN - TX - NHÀ 2 MẶT NGÕ - NỘI THẤT HIỆ,,"Lê Trọng Tấn, Phường Khương Mai, Quận Thanh Xuân, Hà NộiXem bản đồ","7,6 tỷ - 46 m2"
55 m²,4 phòng,3 phòng,,"Nhà mặt phố, mặt tiền",,55 m²,"167,27 triệu/m²",,6,,,,ha-noi,"cần bán nhà Việt Hưng 58m2 x 6T,giá 9,2 tỷ,lô góc,thang máy,gara oto",,"Phố Ngô Viết Thụ, Phường Việt Hưng, Quận Long Biên, Hà NộiXem bản đồ","9,2 tỷ - 55 m2"
34 m²,6 phòng,5 phòng,Đã có sổ,"Nhà ngõ, hẻm",,34 m²,"105,88 triệu/m²",,5,,,,ha-noi,"Bán gấp nhà Phú Diễn 34m2, 5 Tầng, 6 phòng ngủ, Giá: 3.6 tỷ",,"Phú Diễn, Phường Phú Diễn, Quận Bắc Từ Liêm, Hà NộiXem bản đồ","3,6 tỷ - 34 m2"
35 m²,3 phòng,3 phòng,,"Nhà ngõ, hẻm",,,"105,71 triệu/m²",,,,,,ha-noi,"Bán nhà Nguyễn Văn Cừ 35m2 x 5 tầng , giá chào 3,7 tỷ, kinh doanh đỉnh",,"Nguyễn Văn Cừ, Phường Bồ Đề, Quận Long Biên, Hà NộiXem bản đồ","3,7 tỷ - 35 m2"
45 m²,6 phòng,,,"Nhà mặt phố, mặt tiền",,,"222,22 triệu/m²",,,,,,ha-noi,"Bán nhà Võ Thị Sáu 45m2 x 5 tầng, kinh doanh , ô tô đỗ , giá 10 tỷ",,"Phố Võ Thị Sáu, Phường Thanh Nhàn, Quận Hai Bà Trưng, Hà NộiXem bản đồ",10 tỷ - 45 m2
50 m²,2 phòng,,Đã có sổ,"Nhà ngõ, hẻm",,,37 triệu/m²,,,"Hẻm xe hơi,Nở hậu",,,ha-noi,"Bán nhà cấp 4 ngay trạm bơm Yên Nghĩa,Hà Đông,50m2,oto đỗ cửa.",,"Phố Yên Lộ, Phường Yên Nghĩa, Quận Hà Đông, Hà NộiXem bản đồ","1,85 tỷ - 50 m2"
45 m²,6 phòng,,,"Nhà mặt phố, mặt tiền",,,"222,22 triệu/m²",,,,,,ha-noi,"Bán nhà Võ Thị Sáu 45m2 x 5 tầng, kinh doanh , ô tô đỗ , giá 10 tỷ",,"Phố Võ Thị Sáu, Phường Thanh Nhàn, Quận Hai Bà Trưng, Hà NộiXem bản đồ",10 tỷ - 45 m2
50 m²,2 phòng,,Đã có sổ,"Nhà ngõ, hẻm",,,37 triệu/m²,,,"Hẻm xe hơi,Nở hậu",,,ha-noi,"Bán nhà cấp 4 ngay trạm bơm Yên Nghĩa,Hà Đông,50m2,oto đỗ cửa.",,"Phố Yên Lộ, Phường Yên Nghĩa, Quận Hà Đông, Hà NộiXem bản đồ","1,85 tỷ - 50 m2"
34 m²,4 phòng,,,"Nhà ngõ, hẻm",3.5 m,150 m²,"88,24 triệu/m²",,5,,,10 m,ha-noi,"Bán Nhà KĐT mậu lương Kiến Hưng Hà đông 34m, 5 tầng xây 2021 nhinh 3ty",,"Phố Phúc La, Phường Kiến Hưng, Quận Hà Đông, Hà NộiXem bản đồ",3 tỷ - 34 m2
29 m²,4 phòng,4 phòng,Đã có sổ,"Nhà ngõ, hẻm",,,"110,34 triệu/m²",,3,,Nội thất đầy đủ,,ha-noi,NHÀ 2 KHỐI BA ĐÌNH 29m2 3 tầng 3.2 tỷ,,"Phố Ngọc Hà, Phường Ngọc Hà, Quận Ba Đình, Hà NộiXem bản đồ","3,2 tỷ - 29 m2"
33 m²,4 phòng,,,"Nhà ngõ, hẻm",,,"171,21 triệu/m²",,,,,,ha-noi,"Bán nhà Lê Trọng Tấn Quang Trung, Dân xây, KD,Ô TÔ, 5 tầng x 4.4m >5tỷ",,"Đường Quang Trung, Phường Quang Trung, Quận Hà Đông, Hà NộiXem bản đồ","5,65 tỷ - 33 m2"
40 m²,4 phòng,5 phòng,Đã có sổ,"Nhà mặt phố, mặt tiền",,,150 triệu/m²,,,"Nở hậu,Hẻm xe hơi",Nội thất cao cấp,,ha-noi,CC BÁN PHỐ MINH KHAI-10M RA PHỐ LỚN-FULL NT-DT GẦN 40m2-GIÁ BÁN 6TỶ.,,"Phố Minh Khai, Phường Minh Khai, Quận Hai Bà Trưng, Hà NộiXem bản đồ",6 tỷ - 40 m2
60 m²,4 phòng,,,"Nhà mặt phố, mặt tiền",,60 m²,250 triệu/m²,,4,,,,ha-noi,"Bán nhà Hoàng Như Tiếp 60m2 x7T,PHÂN LÔ ÔTÔ,KD,THANG MÁY, giá 15 tỷ",,"Phố Hoàng Như Tiếp, Phường Bồ Đề, Quận Long Biên, Hà NộiXem bản đồ",15 tỷ - 60 m2
36 m²,3 phòng,,,"Nhà ngõ, hẻm",,,"65,28 triệu/m²",,5,"Hẻm xe hơi,Nở hậu",,,ha-noi,Bán nhà DI TRẠCH-HOÀI ĐỨC.36m2-5t-Mặt tiền 5m giá 2.35 tỷ,,"Đường Di Trạch, Xã Di Trạch, Huyện Hoài Đức, Hà NộiXem bản đồ","2,35 tỷ - 36 m2"
35 m²,4 phòng,,Đã có sổ,"Nhà ngõ, hẻm",5 m,,"132,86 triệu/m²",,5,,Nội thất cao cấp,,ha-noi,BÁN NHÀ BA ĐÌNH 35m LÔ GÓC GẦN PHỐ NHÀ MỚI TẶNG FULL NỘI THẤT Ở LUÔN,,"Đội Cấn, Phường Đội Cấn, Quận Ba Đình, Hà NộiXem bản đồ","4,65 tỷ - 35 m2"
35 m²,3 phòng,3 phòng,,"Nhà ngõ, hẻm",,,"121,43 triệu/m²",Tây,4,,Nội thất đầy đủ,,ha-noi,"BÁN NHANH NHÀ 35M2, 4 TẦNG, 3 MẶT THOÁNG, 50/280 LẠC LONG QUÂN, TÂY HỒ",,"50, Ngõ 280 Lạc Long Quân, Phường Bưởi, Quận Tây Hồ, Hà NộiXem bản đồ","4,25 tỷ - 35 m2"
30 m²,3 phòng,,,"Nhà ngõ, hẻm",,,"133,33 triệu/m²",,,,,,ha-noi,Nguyễn Tiến Sự cần tìm nhà sửa bán,,"Lê Trọng Tấn, Phường Khương Mai, Quận Thanh Xuân, Hà NộiXem bản đồ",4 tỷ - 30 m2
120 m²,4 phòng,5 phòng,Đã có sổ,Nhà biệt thự,6 m,,"195,83 triệu/m²",,,,Nội thất đầy đủ,,ha-noi,"[BAO THUẾ PHÍ] BÁN GẤP Parkcity 120m2x3T vị trí ĐẶC ĐỊA, 3 slot oto",,"Lê Trọng Tấn, Phường La Khê, Quận Hà Đông, Hà NộiXem bản đồ","23,5 tỷ - 120 m2"
36 m²,4 phòng,3 phòng,Đã có sổ,"Nhà ngõ, hẻm",,,"84,72 triệu/m²",,4,,Nội thất đầy đủ,,ha-noi,CHÍNH CHỦ BÁN NHÀ PHỐ VĨNH HƯNG ĐẠI ĐỒNG DT36M NHÀ DÂN XÂY KIÊN CỐ .,,"Đại Đồng, Phường Thanh Trì, Quận Hoàng Mai, Hà NộiXem bản đồ","3,05 tỷ - 36 m2"
32 m²,4 phòng,,Đã có sổ,"Nhà ngõ, hẻm",4 m,,"146,88 triệu/m²",,5,,Nội thất đầy đủ,,ha-noi,Bán nhà Trần Khát Chân giá rẻ,,"Trần Khát Chân, Phường Bách Khoa, Quận Hai Bà Trưng, Hà NộiXem bản đồ","4,7 tỷ - 32 m2"
43 m²,1 phòng,1 phòng,Đã có sổ,"Nhà ngõ, hẻm",,,"94,19 triệu/m²",,2,,Nội thất đầy đủ,,ha-noi,"Bán nhà 2 tầng, 43m sổ, Ô tô tránh, xe bé vào nhà, có hơn 90 triệu/m",,"Lê Trọng Tấn, Phường La Khê, Quận Hà Đông, Hà NộiXem bản đồ","4,05 tỷ - 43 m2"
50 m²,4 phòng,4 phòng,Đã có sổ,"Nhà ngõ, hẻm",,,152 triệu/m²,,4,,,,ha-noi,BÁN NHÀ ĐẠI CỒ VIỆT - DÂN XÂY - HIẾM - NGÕ THÔNG - 15 M RA PHỐ - GẨN C,,"Đường Đại Cồ Việt, Phường Lê Đại Hành, Quận Hai Bà Trưng, Hà NộiXem bản đồ","7,6 tỷ - 50 m2"
40 m²,5 phòng,5 phòng,,"Nhà ngõ, hẻm",5 m,,"96,25 triệu/m²",Tây Nam,4,,,,ha-noi,Bán nhà gần sân vận động mỹ đình . Dt. 40 m2 *4 tầng . Mới . 5pn . 1pk,,"8, Lê Quang Dạo, Phường Phú Đô, Quận Nam Từ Liêm, Hà NộiXem bản đồ","3,85 tỷ - 40 m2"
28 m²,3 phòng,3 phòng,Đã có sổ,"Nhà ngõ, hẻm",,,"101,79 triệu/m²",,4,,Nội thất đầy đủ,,ha-noi,Căn nhà siêu hiếm trên phố khâm thiên 5m mặt tiền 4Tầng 30m2,,"Thổ Quan, Phường Khâm Thiên, Quận Đống Đa, Hà NộiXem bản đồ","2,85 tỷ - 28 m2"
27 m²,2 phòng,3 phòng,Đã có sổ,"Nhà ngõ, hẻm",,,"142,59 triệu/m²",,,Nở hậu,,,ha-noi,BÁN NHÀ PHỐ NGUYỄN CAO - NGÕ THÔNG - KINH DOANH - GẦN CHỢ - SĐCC,,"Phố Nguyễn Cao, Phường Đống Mác, Quận Hai Bà Trưng, Hà NộiXem bản đồ","3,85 tỷ - 27 m2"
40 m²,4 phòng,5 phòng,Đang chờ sổ,"Nhà ngõ, hẻm",,,125 triệu/m²,,5,,Nội thất đầy đủ,,ha-noi,"BÁN NHÀ ĐỘI CẤN, NHÀ MỚI, 15M RA Ô TÔ, 40M RA PHỐ, 40M2, CHỈ CÓ 5 TỶ.",,"Phố Đội Cấn, Phường Cống Vị, Quận Ba Đình, Hà NộiXem bản đồ",5 tỷ - 40 m2
38 m²,3 phòng,3 phòng,Đã có sổ,"Nhà ngõ, hẻm",,,105 triệu/m²,,4,,Nội thất cao cấp,,ha-noi,"Bán nhà Khương Đình, Thanh Xuân: 38m2*4T chỉ 3 tỷ 99 triệu SỔ PHÂN LÔ",,"Khương Đình, Phường Khương Đình, Quận Thanh Xuân, Hà NộiXem bản đồ","3,99 tỷ - 38 m2"
67 m²,3 phòng,3 phòng,Đã có sổ,"Nhà ngõ, hẻm",,,"71,64 triệu/m²",,3,,Nội thất đầy đủ,,ha-noi,BÁN NHÀ NGỌC HÀ BA ĐÌNH 67m2-3 tầng-4.8 tỷ,,"Phố Ngọc Hà, Phường Ngọc Hà, Quận Ba Đình, Hà NộiXem bản đồ","4,8 tỷ - 67 m2"
40 m²,3 phòng,,Đã có sổ,"Nhà ngõ, hẻm",,,154 triệu/m²,,,,,,ha-noi,"Bán nhà đẹp Trương Định, Hoàng Mai, 40m2, 5 tầng gần phố, 6,16 tỷ",,"Đường Trương Định, Phường Tân Mai, Quận Hoàng Mai, Hà NộiXem bản đồ","6,16 tỷ - 40 m2"
45 m²,6 phòng,,Đã có sổ,"Nhà ngõ, hẻm",,,"142,22 triệu/m²",,,,,,ha-noi,BÁN NHÀ PHỐ LÊ TRỌNG TẤN,,"Lê Trọng Tấn, Phường Khương Mai, Quận Thanh Xuân, Hà NộiXem bản đồ","6,4 tỷ - 45 m2"
50 m²,10 phòng,6 phòng,Đã có sổ,,,,168 triệu/m²,Đông Nam,7,,,,ha-noi,Nhà 7 tầng thang máy đương nội hà đông,,"Dương La Nội, Phường Dương Nội, Quận Hà Đông, Hà NộiXem bản đồ","8,4 tỷ - 50 m2"
69 m²,4 phòng,6 phòng,Đã có sổ,"Nhà ngõ, hẻm",,,"113,04 triệu/m²",,4,,Nội thất cao cấp,,ha-noi,BÁN NHÀ GIA,,"Đường Nguyễn Văn Cừ, Phường Gia Thụy, Quận Long Biên, Hà NộiXem bản đồ","7,8 tỷ - 69 m2"
38 m²,4 phòng,,,"Nhà ngõ, hẻm",,38 m²,"111,84 triệu/m²",,,,,,ha-noi,Thật 100%_Khương Hạ_KD_Lô Góc_Ngõ Thông_Thoáng_51m2*5T,,"Khương Hạ, Phường Khương Đình, Quận Thanh Xuân, Hà NộiXem bản đồ","4,25 tỷ - 38 m2"
36 m²,4 phòng,5 phòng,Đã có sổ,"Nhà ngõ, hẻm",,,"133,33 triệu/m²",,6,,Nội thất cao cấp,,ha-noi,Bán Nhà Phạm Văn Đồng-Ô Tô-Lô Góc-Nhà Mới Đón Tết-50M Ra Phố,,"phạm văn đồng , Phường Xuân Đỉnh, Quận Bắc Từ Liêm, Hà NộiXem bản đồ","4,8 tỷ - 36 m2"
70 m²,6 phòng,,Đã có sổ,"Nhà ngõ, hẻm",,,"111,43 triệu/m²",,3,,,,ha-noi,TRUNG TÂM BA ĐÌNH - MẶT NGÕ THÔNG THOÁNG - KINH DOANH ĐÔNG ĐÚC,,"Kim Mã, Phường Kim Mã, Quận Ba Đình, Hà NộiXem bản đồ","7,8 tỷ - 70 m2"
19 m²,2 phòng,,Đã có sổ,"Nhà ngõ, hẻm",,,"73,68 triệu/m²",,3,,Nội thất đầy đủ,,ha-noi,HIẾM CÓ KHÓ TÌM - HỘ KHẨU HOÀN KIẾM - HƠN MUA CCMN - BÁN ĐẤT TẶNG NHÀ,,"Bạch Đằng, Phường Chương Dương, Quận Hoàn Kiếm, Hà NộiXem bản đồ","1,4 tỷ - 19 m2"
40 m²,4 phòng,4 phòng,Đã có sổ,"Nhà mặt phố, mặt tiền",,40 m²,"112,5 triệu/m²",,,,,,ha-noi,"Nhà Kim Ngưu.(mới quá. Rất hiếm. Ngõ thông),40m,5 T,MT:3.5m,giá 4.5tỷ",,"kim ngưu, Phường Thanh Nhàn, Quận Hai Bà Trưng, Hà NộiXem bản đồ","4,5 tỷ - 40 m2"
144 m²,2 phòng,,Đã có sổ,"Nhà ngõ, hẻm",,,"61,81 triệu/m²",,,,,,ha-noi,GIẢM SỐC - BÁN ĐẤT TẶNG NHÀ NGỌC THỤY LONG BIÊN 144M2 MT 6.6M 8.9 TỶ,,"Ngọc Thụy, Phường Ngọc Thụy, Quận Long Biên, Hà NộiXem bản đồ","8,9 tỷ - 144 m2"
70 m²,10 phòng,,Đã có sổ,"Nhà ngõ, hẻm",3.5 m,,"119,29 triệu/m²",,6,,Nội thất đầy đủ,,ha-noi,"Bán Nhà Phố Hoàng Như Tiếp, 6 Tầng,Thang Máy Kinh Doanh Tốt [ Bao Phí]",,"Phố Hoàng Như Tiếp, Phường Bồ Đề, Quận Long Biên, Hà NộiXem bản đồ","8,35 tỷ - 70 m2"
68 m²,6 phòng,,,"Nhà ngõ, hẻm",,,"117,65 triệu/m²",,,,,,ha-noi,Bán Nhà Nguyễn Sơn 68m2-5 tầng -Mt 5.8m-DÂN XÂY-2 THOÁNG-LÔ GÓC-hơn 8,,"Nguyễn Sơn, Phường Gia Thụy, Quận Long Biên, Hà NộiXem bản đồ",8 tỷ - 68 m2
40 m²,4 phòng,5 phòng,Đã có sổ,"Nhà ngõ, hẻm",4 m,,125 triệu/m²,,,,Nội thất đầy đủ,,ha-noi,"BÁN NHÀ ĐỘI CẤN, NHÀ MỚI, 15M RA Ô TÔ, 40M RA PHỐ, 40M2, CHỈ CÓ 5 TỶ.",," ngõ 444 đội cấn, Phường Cống Vị, Quận Ba Đình, Hà NộiXem bản đồ",5 tỷ - 40 m2
51 m²,3 phòng,3 phòng,Đã có sổ,"Nhà ngõ, hẻm",,,"76,47 triệu/m²",Đông,3,,,,ha-noi,"Nhà mặt ngõ, 51m2, 3 phòng ngủ, Phan Đình Giót, La Khê, Q.Hà Đông",,"Phan Đình Giót, Phường La Khê, Quận Hà Đông, Hà NộiXem bản đồ","3,9 tỷ - 51 m2"
50 m²,5 phòng,,Đã có sổ,"Nhà ngõ, hẻm",,,104 triệu/m²,,,,,,ha-noi,CHÍNH CHỦ BÁN NHÀ ĐỊNH CÔNG NHÀ MỚI - LÔ GÓC - NGÕ THÔNG - VÀI BƯỚC R,,"Định Công, Phường Định Công, Quận Hoàng Mai, Hà NộiXem bản đồ","5,2 tỷ - 50 m2"
40 m²,4 phòng,3 phòng,Đã có sổ,"Nhà ngõ, hẻm",,,"82,5 triệu/m²",Đông Nam,4,,,,ha-noi,nhà dân xây lô góc tại Kim Hoàng - Vân Canh - full nội thất,,"Đường Vân Canh, Xã Vân Canh, Huyện Hoài Đức, Hà NộiXem bản đồ","3,3 tỷ - 40 m2"
48 m²,4 phòng,4 phòng,Đã có sổ,"Nhà mặt phố, mặt tiền",,,"614,58 triệu/m²",Đông Bắc,4,,,,ha-noi,bán nhà mặt phố cổ. vị trí đẹp. kinh doanh. giá *** khu phố cổ.,,"Phố Hàng Cót, Phường Hàng Mã, Quận Hoàn Kiếm, Hà NộiXem bản đồ","29,5 tỷ - 48 m2"
55 m²,4 phòng,3 phòng,Đã có sổ,"Nhà ngõ, hẻm",,,"94,55 triệu/m²",Đông Nam,4,,,,ha-noi,💥 NHÀ ĐẸP ĐÔ NGHĨA - Ô TÔ VÀO NHÀ - KDT ĐÔ NGHĨA - GẦN ĐH PHENIKA,,"Yên Lộ, Phường Yên Nghĩa, Quận Hà Đông, Hà NộiXem bản đồ","5,2 tỷ - 55 m2"
55 m²,4 phòng,3 phòng,Đã có sổ,"Nhà ngõ, hẻm",,,"94,55 triệu/m²",Đông Nam,4,,,,ha-noi,💥 NHÀ ĐẸP ĐÔ NGHĨA - Ô TÔ VÀO NHÀ - KDT ĐÔ NGHĨA - GẦN ĐH PHENIKA,,"Yên Lộ, Phường Yên Nghĩa, Quận Hà Đông, Hà NộiXem bản đồ","5,2 tỷ - 55 m2"
42 m²,4 phòng,5 phòng,Đã có sổ,"Nhà ngõ, hẻm",,,"121,43 triệu/m²",,6,,Nội thất đầy đủ,,ha-noi,"Bán nhà Đội Cấn, nhà mới, 20m ra ô tô tránh, thoáng, 42m, nhỉnh 5 tỷ.",,"Ngõ 279 Phố Đội Cấn, Phường Liễu Giai, Quận Ba Đình, Hà NộiXem bản đồ","5,1 tỷ - 42 m2"
50 m²,4 phòng,3 phòng,Đã có sổ,"Nhà mặt phố, mặt tiền",,,116 triệu/m²,Bắc,4,,,,ha-noi,💥💥 1-0-2 HÀ ĐÔNG- VIEW HỒ - Ô TÔ - KINH DOANH- CHỈ 5 TỶ 800,,"Tiến Thành, Phường Dương Nội, Quận Hà Đông, Hà NộiXem bản đồ","5,8 tỷ - 50 m2"
20 m²,1 phòng,2 phòng,Giấy tờ khác,"Nhà ngõ, hẻm",,,50 triệu/m²,Đông Nam,2,,,,ha-noi,Bán nhà đầu ngõ 64 Đông Thiên,,"Ngõ 64 Phố Đông Thiên, Phường Vĩnh Hưng, Quận Hoàng Mai, Hà NộiXem bản đồ",1 tỷ - 20 m2
40 m²,4 phòng,,Đã có sổ,"Nhà ngõ, hẻm",4 m,,105 triệu/m²,,44,,Nội thất đầy đủ,,ha-noi,"*** căn nhà riêng dân xây ở Xuân La 40m 4 tầng bán 4,2 tỷ",,"Đường Xuân La, Phường Xuân La, Quận Tây Hồ, Hà NộiXem bản đồ","4,2 tỷ - 40 m2"
40 m²,5 phòng,3 phòng,Đã có sổ,"Nhà ngõ, hẻm",,200 m²,"133,75 triệu/m²",,,,Nội thất đầy đủ,,ha-noi,NHÀ RIÊNG XUÂN LA TÂY HỒ GẦN TRƯỜNG HỌC 40M 5 TẦNG NHỈNH 5 TỶ,,"Đường Xuân La, Phường Xuân La, Quận Tây Hồ, Hà NộiXem bản đồ","5,35 tỷ - 40 m2"
41 m²,3 phòng,4 phòng,Đã có sổ,"Nhà ngõ, hẻm",,,"185,37 triệu/m²",,,,Nhà trống,,ha-noi,"Nhà mới,Thang Máy,đường TRƯỜNG CHINH,ĐỐNG ĐA,41m,6 T,Thang Máy,7,6 tỷ",,"Đường Trường Chinh, Phường Khương Thượng, Quận Đống Đa, Hà NộiXem bản đồ","7,6 tỷ - 41 m2"
44 m²,4 phòng,4 phòng,Đã có sổ,"Nhà ngõ, hẻm",,,"120,45 triệu/m²",Tây Bắc,4,,,,ha-noi,"Chính chủ bán nhà 4 tầng phố Khương Đình 5,3 tỷ",,"25 ngõ 342, Đường Khương Đình, Phường Hạ Đình, Quận Thanh Xuân, Hà NộiXem bản đồ","5,3 tỷ - 44 m2"
85 m²,4 phòng,4 phòng,Đã có sổ,"Nhà ngõ, hẻm",,,"56,47 triệu/m²",,5,,Nội thất đầy đủ,,ha-noi,Bán nhà Phúc Lợi 85m2 nhà đẹp oto vào nhà mặt tiền rộng 4.6 tỷ,,"Phúc Lợi, Phường Phúc Lợi, Quận Long Biên, Hà NộiXem bản đồ","4,8 tỷ - 85 m2"
50 m²,3 phòng,3 phòng,Đã có sổ,"Nhà ngõ, hẻm",,,138 triệu/m²,,4,,Nội thất đầy đủ,,ha-noi,Bán nhà Ngọc Thuỵ 50m2 nhà đẹp ngõ thẳng nông đường oto 6.9 tỷ,,"Ngọc Thuỵ, Phường Ngọc Thụy, Quận Long Biên, Hà NộiXem bản đồ","6,9 tỷ - 50 m2"
40 m²,4 phòng,,Đã có sổ,"Nhà ngõ, hẻm",4.5 m,,165 triệu/m²,,6,,,8.8 m,ha-noi,"BÁN NHÀ TÔ VĨNH DIỆN, 30M RA PHỐ, NHÀ MỚI ĐẸP DT40M2X6T TH.MÁY Ở NGAY",,"PHỐ TÔ VĨNH DIỆN, Phường Khương Trung, Quận Thanh Xuân, Hà NộiXem bản đồ","6,6 tỷ - 40 m2"
42 m²,4 phòng,4 phòng,Đã có sổ,"Nhà ngõ, hẻm",,,"161,9 triệu/m²",,5,,Nội thất đầy đủ,,ha-noi,Bán nhà Hồ Đắc Di 42m2 nhà đẹp phân lô kinh doanh tốt 6.8 tỷ,,"Phố Hồ Đắc Di, Phường Nam Đồng, Quận Đống Đa, Hà NộiXem bản đồ","6,8 tỷ - 42 m2"
45 m²,4 phòng,,Đã có sổ,"Nhà ngõ, hẻm",3.4 m,,"84,44 triệu/m²",,4,,Nội thất đầy đủ,,ha-noi,"BÁN NHÀ KIM GIANG, SÁT KĐT ĐẠI KIM SAU ĐHỌC THĂNG LONG, NHÀ ĐẸP Ở NGAY",,"Đường Kim Giang, Phường Đại Kim, Quận Hoàng Mai, Hà NộiXem bản đồ","3,8 tỷ - 45 m2"
28 m²,3 phòng,4 phòng,Đã có sổ,"Nhà ngõ, hẻm",,,"130,36 triệu/m²",,4,,Nội thất đầy đủ,,ha-noi,Hiếm Hoàng Quốc Việt Ôtô KD DT 28m 4Tầng Mt4. 2m giá 3_65 tỷ,,"Hoang Quốc Việt, Phường Nghĩa Đô, Quận Cầu Giấy, Hà NộiXem bản đồ","3,65 tỷ - 28 m2"
32 m²,5 phòng,3 phòng,Đã có sổ,"Nhà mặt phố, mặt tiền",,,"160,94 triệu/m²",,4,,Nội thất đầy đủ,,ha-noi,"Bán nhà Vũ Trọng Phụng, Thanh Xuân - ô tô đỗ cửa - ngõ thông kd sầm uấ",,"Vũ Trọng Phụng, Phường Thanh Xuân Trung, Quận Thanh Xuân, Hà NộiXem bản đồ","5,15 tỷ - 32 m2"
40 m²,4 phòng,3 phòng,Đã có sổ,"Nhà ngõ, hẻm",,,"88,75 triệu/m²",Tây Nam,3,,,,ha-noi,"Nhà căn góc ngõ 40m2, 4 phòng ngủ ở Văn Phú, Phú La, Q.Hà Đông",,"Phố Văn Khê, Phường Phú La, Quận Hà Đông, Hà NộiXem bản đồ","3,55 tỷ - 40 m2"
60 m²,4 phòng,3 phòng,Đã có sổ,"Nhà ngõ, hẻm",,,85 triệu/m²,,5,,Nội thất đầy đủ,,ha-noi,"CHÍNH CHỦ BÁN GẤP NHÀ ĐỘI CẤN BA ĐÌNH 60M2, OTO ĐỖ CỬA GIÁ NHỈNH 5 TỶ",,"Đội Cấn, Phường Đội Cấn, Quận Ba Đình, Hà NộiXem bản đồ","5,1 tỷ - 60 m2"
35 m²,5 phòng,3 phòng,Đã có sổ,"Nhà ngõ, hẻm",,,"76,86 triệu/m²",Đông Nam,4,,,,ha-noi,nhà tại Yên Vĩnh - Kim Chung - đơn lập 4 tầng - 5 phòng ngủ,,"Ngõ 38 Đường Yên Vĩnh, Xã Kim Chung, Huyện Hoài Đức, Hà NộiXem bản đồ","2,69 tỷ - 35 m2"
43 m²,9 phòng,Nhiều hơn 6 phòng,Đã có sổ,"Nhà mặt phố, mặt tiền",,,"186,05 triệu/m²",,5,,Nội thất đầy đủ,,ha-noi,NHÀ 5 TẦNG MẶT NGÕ RỘNG THÔNG THOÁNG-Ô TÔ ĐỖ CỬA-VŨ NGỌC PHAN- ĐỐNG ĐA,,"Vũ Ngọc Phan, Phường Láng Hạ, Quận Đống Đa, Hà NộiXem bản đồ",8 tỷ - 43 m2
93 m²,3 phòng,,Đã có sổ,"Nhà mặt phố, mặt tiền",,,"138,56 triệu/m²",,,,Nội thất đầy đủ,,ha-noi,"Chính chủ bán nhanh nhà 93m2, diện tích lớn hiếm có ngõ 168 Kim Giang",,"Kim Giang, Phường Đại Kim, Quận Hoàng Mai, Hà NộiXem bản đồ","12,886 tỷ - 93 m2"
