Diện tích đất:,Số phòng ngủ:,Số phòng vệ sinh:,Giấy tờ pháp lý:,Loại hình nhà ở:,Chiều ngang:,Diện tích sử dụng:,Giá/m2:,Hướng cửa chính:,Tổng số tầng:,Đặc điểm nhà/đất:,Tình trạng nội thất:,Chiều dài:,Location,Name,URL,District,Price
45 m²,4 phòng,,Đã có sổ,"Nhà ngõ, hẻm",,,"97,33 triệu/m²",,4,,,,ha-noi,"Thật 100%! Nhà Cổ Nhuế, gần Học viện CS, 2 thoáng, ngõ thông, mới đẹp,",,"Đường Cổ Nhuế 2, Phường Cổ Nhuế 1, Quận Bắc Từ Liêm, Hà NộiXem bản đồ","4,38 tỷ - 45 m2"
47 m²,4 phòng,,,"Nhà ngõ, hẻm",,,"79,79 triệu/m²",,,,,,ha-noi,Phạm Văn Đồng_Khu Phân Lô_Ô tô_Ngõ Nông Thông_Sát Phố_An Ninh Tốt,,"Đường Tân Xuân, Phường Xuân Đỉnh, Quận Bắc Từ Liêm, Hà NộiXem bản đồ","3,75 tỷ - 47 m2"
42 m²,4 phòng,,,"Nhà ngõ, hẻm",,,"110,71 triệu/m²",,,,,,ha-noi,"NHÀ ĐẸP PHỐ NGỌC LÂM - 42M, 5 TẦNG, HƠN 4 TỶ - FULL NỘI THẤT",,"Ngọc Lâm , Phường Ngọc Lâm, Quận Long Biên, Hà NộiXem bản đồ","4,65 tỷ - 42 m2"
50 m²,3 phòng,,Đã có sổ,"Nhà ngõ, hẻm",,,102 triệu/m²,,5,,,,ha-noi,"Nhà mặt ngõ - lô góc cổ nhuế - oto - kinh doanh - DT55m*5 tầng, 5.1tỷ",,"Cổ Nhuế, Phường Cổ Nhuế 1, Quận Bắc Từ Liêm, Hà NộiXem bản đồ","5,1 tỷ - 50 m2"
31 m²,4 phòng,,Đã có sổ,"Nhà ngõ, hẻm",,,"116,13 triệu/m²",,5,,,,ha-noi,"NHÀ ĐẸP Ở LUÔN - Ô TÔ TRÁNH 20M - PHỐ NHẬT TẢO - 31mx 5 tầng, giá 3xty",,"Phố Nhật Tảo, Phường Đông Ngạc, Quận Bắc Từ Liêm, Hà NộiXem bản đồ","3,6 tỷ - 31 m2"
60 m²,3 phòng,4 phòng,Đã có sổ,"Nhà ngõ, hẻm",,,"57,5 triệu/m²",,3,,,,ha-noi,"Giá cực sốc - Nhà 3 Tầng về ở ngay, Dt 60m, MT 5.5, giá nhỉnh 3 tỷ",,"Đường Tân Xuân, Phường Xuân Đỉnh, Quận Bắc Từ Liêm, Hà NộiXem bản đồ","3,45 tỷ - 60 m2"
45 m²,4 phòng,,Đã có sổ,"Nhà ngõ, hẻm",,,"128,89 triệu/m²",,5,,,,ha-noi,Bán nhà Xuân Đỉnh - Diện tích 45m2 x 5 tầng 💥 Giá nhỉnh 5 tỷ.,,"Đường Xuân Đỉnh, Phường Xuân Đỉnh, Quận Bắc Từ Liêm, Hà NộiXem bản đồ","5,8 tỷ - 45 m2"
48 m²,6 phòng,,,"Nhà ngõ, hẻm",,,"102,08 triệu/m²",,5,,,,ha-noi,Siêu Hiếm!! Làng Cổ Đông Ngạc- Nhà mặt ngõ - lô góc- 3 thoáng- ở sương,,"Đường Đông Ngạc, Phường Đông Ngạc, Quận Bắc Từ Liêm, Hà NộiXem bản đồ","4,9 tỷ - 48 m2"
41 m²,4 phòng,,,"Nhà ngõ, hẻm",,,"91,46 triệu/m²",,,,,,ha-noi,Cổ Nhuế_Ngõ Thông_Ô tô_Sát Phố_Nhà Đẹp_Ở Ngay_Tặng Đồ_Dân Trí Cao,,"Cổ Nhuế, Phường Cổ Nhuế 1, Quận Bắc Từ Liêm, Hà NộiXem bản đồ","3,75 tỷ - 41 m2"
46 m²,4 phòng,,Đã có sổ,"Nhà ngõ, hẻm",,,"96,74 triệu/m²",,4,,,,ha-noi,Hót Hót -Hiếm Nhà Bán - Đông Ngạc - Ngõ Rộng- oto đỗ cửa- ở sướng - kD,,"Đường Đông Ngạc, Phường Đông Ngạc, Quận Bắc Từ Liêm, Hà NộiXem bản đồ","4,45 tỷ - 46 m2"
35 m²,4 phòng,,Đã có sổ,"Nhà ngõ, hẻm",,,"125,14 triệu/m²",,5,,,,ha-noi,"Thật 100%! Lô góc Xuân Đỉnh, 2 thoáng, oto đỗ cửa, tặng full NT ở ngay",,"Đường Xuân Đỉnh, Phường Xuân Đỉnh, Quận Bắc Từ Liêm, Hà NộiXem bản đồ","4,38 tỷ - 35 m2"
100 m²,nhiều hơn 10 phòng,Nhiều hơn 6 phòng,Đã có sổ,"Nhà mặt phố, mặt tiền",,,200 triệu/m²,,,,,,ha-noi,BÁN TOÀ CCMN THÁI HÀ - TRUNG LIỆT - NGUYỄN VĂN TUYẾT - THÁI THỊNH,,"Thái Hà, Phường Trung Liệt, Quận Đống Đa, Hà NộiXem bản đồ",20 tỷ - 100 m2
91 m²,nhiều hơn 10 phòng,Nhiều hơn 6 phòng,Đã có sổ,"Nhà ngõ, hẻm",,,"159,34 triệu/m²",,,,Bàn giao thô,,ha-noi,BÁN TOÀ CCMN LẠC LONG QUÂN TÂY HỒ 21 PHÒNG GẦN Ô TÔ DOANH THU 1.5 TỶ,,"Lạc Long Quân, Phường Xuân La, Quận Tây Hồ, Hà NộiXem bản đồ","14,5 tỷ - 91 m2"
51 m²,5 phòng,,Đã có sổ,"Nhà mặt phố, mặt tiền",,,"294,12 triệu/m²",,,,,,ha-noi,BÁN NHÀ PHÂN LÔ PHỐ VÕNG THỊ - TÂY HỒ - GARA-Ô TÔ TRÁNH-VÀI BƯớC RA HỒ,,"Võng Thị, Phường Bưởi, Quận Tây Hồ, Hà NộiXem bản đồ",15 tỷ - 51 m2
42 m²,3 phòng,4 phòng,Đã có sổ,"Nhà ngõ, hẻm",,42 m²,"113,1 triệu/m²",,5,,,,ha-noi,"Võng Thị - Tây Hồ 42m , 5Tầng , MT : 4m - Ngõ Nông - Dân Trí Cao",,"Võng Thị, Phường Bưởi, Quận Tây Hồ, Hà NộiXem bản đồ","4,75 tỷ - 42 m2"
90 m²,1 phòng,,,"Nhà ngõ, hẻm",,,60 triệu/m²,,,,,,ha-noi,VỊ TRÍ SIÊU ĐẸP - PHỐ TRẠM - Ô TÔ VÀO NHÀ - MT RỘNG - ĐẤU TƯ CHIA LÔ,,"Phố Trạm, Phường Long Biên, Quận Long Biên, Hà NộiXem bản đồ","5,4 tỷ - 90 m2"
21 m²,2 phòng,,Đã có sổ,"Nhà ngõ, hẻm",,21 m²,"106,19 triệu/m²",,3,,,,ha-noi,💥 TRẦN KHÁT CHÂN - HAI BÀ TRƯNG 🍓 👉 giá 2 tỷ 230 triệu : 21 m 3 tân,,"Đường Trần Khát Chân, Phường Thanh Lương, Quận Hai Bà Trưng, Hà NộiXem bản đồ","2,23 tỷ - 21 m2"
43 m²,4 phòng,,Đã có sổ,"Nhà ngõ, hẻm",,43 m²,"83,72 triệu/m²",,,,Nhà trống,,ha-noi,"QÚA SỐC tầm giá : Bán nhà Thanh Nhàn , 43m2 , 3,6 tỷ , khu dân trí CAO",,"Phố Thanh Nhàn, Phường Thanh Nhàn, Quận Hai Bà Trưng, Hà NộiXem bản đồ","3,6 tỷ - 43 m2"
46 m²,3 phòng,3 phòng,Đã có sổ,"Nhà ngõ, hẻm",,,"100,13 triệu/m²",,5,,Nội thất đầy đủ,,ha-noi,"Giá rẻ quá! Trần Quốc Vượng, oto đỗ cửa, ngõ thông, lô góc, ngõ kd.",,"Trần Quốc Vượng, Phường Dịch Vọng Hậu, Quận Cầu Giấy, Hà NộiXem bản đồ","4,606 tỷ - 46 m2"
30 m²,4 phòng,4 phòng,Đã có sổ,"Nhà ngõ, hẻm",,,"106,67 triệu/m²",,5,,Nhà trống,,ha-noi,Nhà ngay bến xe Yên Nghĩa 30m2 xây 5 tầng ô tô vào giá 3.2 tỷ,,"Thanh Lãm , Phường Phú Lãm, Quận Hà Đông, Hà NộiXem bản đồ","3,2 tỷ - 30 m2"
36 m²,4 phòng,4 phòng,Đã có sổ,"Nhà ngõ, hẻm",,,125 triệu/m²,,5,,Nhà trống,,ha-noi,Nhà mặt chợ ô tô vào kinh doanh tốt giá nhỉnh 4 tỷ xây 5 tầng,,"Phố Xốm, Phường Phú Lãm, Quận Hà Đông, Hà NộiXem bản đồ","4,5 tỷ - 36 m2"
47 m²,4 phòng,3 phòng,Đã có sổ,"Nhà ngõ, hẻm",,,"117,02 triệu/m²",,5,,Nội thất đầy đủ,,ha-noi,"BÁN MẠNH NHÀ HOÀNG QUỐC VIỆT 47M2, 5T XÂY MỚI FULL NỘI THẤT GIÁ 5,5 TỶ",,"Hoàng Quốc Việt, Phường Nghĩa Tân, Quận Cầu Giấy, Hà NộiXem bản đồ","5,5 tỷ - 47 m2"
35 m²,4 phòng,4 phòng,Đã có sổ,"Nhà ngõ, hẻm",,,"71,43 triệu/m²",,5,,Nhà trống,,ha-noi,"Nhà lô góc 2 mặt thoáng, mặt ngõ thông ~35m2x4 tầng + lửng tại Phố Xốm",,"undefined, Phường Phú Lương, Quận Hà Đông, Hà NộiXem bản đồ","2,5 tỷ - 35 m2"
33 m²,3 phòng,3 phòng,Đã có sổ,"Nhà ngõ, hẻm",,,"65,15 triệu/m²",,4,,Nhà trống,,ha-noi,Bán nhà trong đê ngay gần cây Xăng Đồng Mai 33m2 giá 2.15 tỷ,,"Quốc lộ 6, Phường Đồng Mai, Quận Hà Đông, Hà NộiXem bản đồ","2,15 tỷ - 33 m2"
75 m²,5 phòng,4 phòng,Đã có sổ,"Nhà mặt phố, mặt tiền",,,"266,67 triệu/m²",,6,,Nội thất cao cấp,,ha-noi,"BÁN GẤP NHÀ MẶT PHỐ LIỄU GIAI-TT BA ĐÌNH-75M2 6T THANG MÁY,KINH DOANH",,"Phố Liễu Giai, Phường Liễu Giai, Quận Ba Đình, Hà NộiXem bản đồ",20 tỷ - 75 m2
42 m²,3 phòng,4 phòng,Đã có sổ,"Nhà ngõ, hẻm",4 m,,"102,14 triệu/m²",,,,Nội thất đầy đủ,,ha-noi,"Bán nhà Thái Thịnh! Nhà đẹp, 2 thoáng, gần phố, ở ngay, 42m2*4T",,"Phố Thái Thịnh, Phường Thịnh Quang, Quận Đống Đa, Hà NộiXem bản đồ","4,29 tỷ - 42 m2"
36 m²,3 phòng,4 phòng,Đã có sổ,"Nhà ngõ, hẻm",4 m,,"116,67 triệu/m²",,,,Nội thất đầy đủ,,ha-noi,"Bán nhà Tôn Đức Thắng, lô góc, sát phố, nội thất Vip, 38m2*5T",,"Phố Tôn Đức Thắng, Phường Ô Chợ Dừa, Quận Đống Đa, Hà NộiXem bản đồ","4,2 tỷ - 36 m2"
50 m²,5 phòng,,,"Nhà ngõ, hẻm",,,150 triệu/m²,,5,,,,ha-noi,"ĐỔI NHÀ TO BÁN NHÀ PHỐ VIP ĐÀO TẤN 50M, FULL ĐỒ,TRƯỚC NHÀ 4M GIÁ 7,5TỶ",,"Phố Đào Tấn, Phường Ngọc Khánh, Quận Ba Đình, Hà NộiXem bản đồ","7,5 tỷ - 50 m2"
56 m²,5 phòng,5 phòng,Đã có sổ,"Nhà ngõ, hẻm",,,"148,21 triệu/m²",,5,,Nội thất đầy đủ,,ha-noi,8.3 TỶ - MẶT TIỀN RỘNG - NHÀ MỚI ĐẸP - LÊ TRỌNG TẤN.,,"Lê Trọng Tấn, Phường Khương Mai, Quận Thanh Xuân, Hà NộiXem bản đồ","8,3 tỷ - 56 m2"
53 m²,5 phòng,5 phòng,Đã có sổ,"Nhà mặt phố, mặt tiền",,,"320,75 triệu/m²",,5,,Nội thất đầy đủ,,ha-noi,17 TỶ - MẶT PHỐ TRƯỜNG CHINH - VỈA HÈ ĐÁ BÓNG - QUY HOẠCH ỔN ĐỊNH.,,"Trường Chinh, Phường Khương Mai, Quận Thanh Xuân, Hà NộiXem bản đồ",17 tỷ - 53 m2
46 m²,6 phòng,4 phòng,Đã có sổ,"Nhà ngõ, hẻm",,,"286,96 triệu/m²",,6,,Nội thất đầy đủ,,ha-noi,13.2 TỶ - LÊ TRỌNG TẤN - PHÂN LÔ NGÕ RỘNG OTO TRÁNH - 5M RA PHỐ.,,"Lê Trọng Tấn, Phường Khương Mai, Quận Thanh Xuân, Hà NộiXem bản đồ","13,2 tỷ - 46 m2"
93 m²,4 phòng,,Đã có sổ,"Nhà ngõ, hẻm",4.6 m,,"107,53 triệu/m²",,4,,Nội thất đầy đủ,,ha-noi,10 TỶ - NGUYỄN VIẾT XUÂN – NGÕ RỘNG OTO TRÁNH TRƯỚC NHÀ.,,"Nguyễn Viết Xuân, Phường Khương Mai, Quận Thanh Xuân, Hà NộiXem bản đồ",10 tỷ - 93 m2
58 m²,4 phòng,,Đã có sổ,"Nhà ngõ, hẻm",6.1 m,,"225,86 triệu/m²",,4,,Nhà trống,,ha-noi,13.1 TỶ - LÊ TRỌNG TẤN – NGAY SÁT PHỐ – TRƯỚC NHÀ 2 OTO TRÁNH NHAU.,,"Lê Trọng Tấn, Phường Khương Mai, Quận Thanh Xuân, Hà NộiXem bản đồ","13,1 tỷ - 58 m2"
88 m²,2 phòng,2 phòng,Đã có sổ,"Nhà mặt phố, mặt tiền",,,"363,64 triệu/m²",,2,,Nhà trống,,ha-noi,32 TỶ - MẶT PHỐ TÔN ĐỨC THẮNG - KINH DOANH - MẶT TIỀN KHỦNG.,,"Phố Tôn Đức Thắng, Phường Hàng Bột, Quận Đống Đa, Hà NộiXem bản đồ",32 tỷ - 88 m2
113 m²,4 phòng,4 phòng,,"Nhà ngõ, hẻm",4 m,,"172,57 triệu/m²",,4,,,28 m,ha-noi,19.5 TỶ - NHÀ ĐẸP - NGÕ RỘNG OTO TRÁNH - LÊ TRỌNG TẤN,,"Lê Trọng Tấn, Phường Khương Mai, Quận Thanh Xuân, Hà NộiXem bản đồ","19,5 tỷ - 113 m2"
60 m²,4 phòng,4 phòng,Đã có sổ,"Nhà mặt phố, mặt tiền",,,575 triệu/m²,,5,,Nội thất cao cấp,,ha-noi,34.5 TỶ - MẶT PHỐ Ô CHỢ DỪA - KINH DOANH SẦM UẤT - CHO THUÊ 80TR/THÁNG,,"ô chợ dừa, Phường Hàng Bột, Quận Đống Đa, Hà NộiXem bản đồ","34,5 tỷ - 60 m2"
61 m²,4 phòng,4 phòng,,"Nhà mặt phố, mặt tiền",6.6 m,,"244,26 triệu/m²",,3,,Nội thất đầy đủ,,ha-noi,14.9 TỶ - MẶT PHỐ CÙ CHÍNH LAN - KINH DOANH - MẶT TIỀN KHỦNG.,,"cù chính lan, Phường Khương Mai, Quận Thanh Xuân, Hà NộiXem bản đồ","14,9 tỷ - 61 m2"
40 m²,3 phòng,3 phòng,,"Nhà ngõ, hẻm",3.5 m,,"257,5 triệu/m²",,5,,Nội thất đầy đủ,,ha-noi,"Bán nhà mới đẹp, thang máy, ngõ kinh doanh ô tô tránh phố Trường Chinh",,"Trường Chinh, Phường Khương Mai, Quận Thanh Xuân, Hà NộiXem bản đồ","10,3 tỷ - 40 m2"
100 m²,3 phòng,,Đã có sổ,"Nhà ngõ, hẻm",5 m,,169 triệu/m²,,4,,Nội thất đầy đủ,,ha-noi,16.9 TỶ - HOÀNG VĂN THÁI - MẶT TIỀN 5M - NGÕ RỘNG OTO TRÁNH.,,"Hoàng Văn Thái, Phường Khương Mai, Quận Thanh Xuân, Hà NộiXem bản đồ","16,9 tỷ - 100 m2"
55 m²,4 phòng,3 phòng,Đã có sổ,"Nhà mặt phố, mặt tiền",,,"35,45 triệu/m²",,4,,Nội thất đầy đủ,,ha-noi,"Bán Nhà xây 3 tầng 1 tum giá 1,95 tỉ tại Đông La giáp đô nghĩa- Hà Đôn",,"Đại Thành, Phường Yên Nghĩa, Quận Hà Đông, Hà NộiXem bản đồ","1,95 tỷ - 55 m2"
45 m²,3 phòng,3 phòng,Đã có sổ,"Nhà mặt phố, mặt tiền",,,"411,11 triệu/m²",,4,,Nội thất đầy đủ,,ha-noi,18.5 TỶ - MẶT PHỐ THÁI THỊNH - MẶT TIỀN 4.4M - VỈA HÈ KHỦNG.,,"Thái Thịnh, Phường Trung Liệt, Quận Đống Đa, Hà NộiXem bản đồ","18,5 tỷ - 45 m2"
59 m²,5 phòng,5 phòng,Đã có sổ,"Nhà ngõ, hẻm",,,"218,64 triệu/m²",,5,,Nội thất đầy đủ,,ha-noi,12.9 TỶ - NGÕ RỘNG OTO TRÁNH - VIEW HỒ - GARA OTO - LÊ TRỌNG TẤN,,"Lê Trọng Tấn, Phường Khương Mai, Quận Thanh Xuân, Hà NộiXem bản đồ","12,9 tỷ - 59 m2"
50 m²,6 phòng,3 phòng,Đã có sổ,"Nhà ngõ, hẻm",,,256 triệu/m²,,44,,Nội thất đầy đủ,,ha-noi,12.8 TỶ - HOÀNG VĂN THÁI - NGÕ RỘNG OTO TRÁNH - Ở VÀ KINH DOANH.,,"Hoàng Văn Thái, Phường Khương Mai, Quận Thanh Xuân, Hà NộiXem bản đồ","12,8 tỷ - 50 m2"
45 m²,4 phòng,6 phòng,Đã có sổ,"Nhà ngõ, hẻm",,,"277,78 triệu/m²",,8,,Nội thất cao cấp,,ha-noi,12.5 TỶ - HOÀNG VĂN THÁI - MẶT TIỀN KHỦNG - NGÕ RỘNG OTO VÀO NHÀ.,,"Hoàng Văn Thái, Phường Khương Mai, Quận Thanh Xuân, Hà NộiXem bản đồ","12,5 tỷ - 45 m2"
38 m²,4 phòng,,Đã có sổ,"Nhà ngõ, hẻm",,,"136,84 triệu/m²",,,,Nội thất đầy đủ,,ha-noi,HIẾM NHÀ 5TỶ THÁI THỊNH KINH DOANH 38M x 4 TẦNG MT RỘNG NHÀ ĐẸP Ở LUÔN,,"Thái Thịnh, Phường Ngã Tư Sở, Quận Đống Đa, Hà NộiXem bản đồ","5,2 tỷ - 38 m2"
35 m²,4 phòng,3 phòng,Đã có sổ,"Nhà ngõ, hẻm",,,"125,71 triệu/m²",,4,,Nội thất cao cấp,,ha-noi,NHÀ MỚI ĐÓN TẾT - QUANG TRUNG HÀ ĐÔNG - NỘI THẤT SANG XỊN - NHỈNH 4 TỶ,,"Lê Trọng Tấn, Phường Quang Trung, Quận Hà Đông, Hà NộiXem bản đồ","4,4 tỷ - 35 m2"
38 m²,3 phòng,4 phòng,Đã có sổ,"Nhà ngõ, hẻm",,,"119,74 triệu/m²",,5,,Nội thất đầy đủ,,ha-noi,"HOÀNG HOA THÁM 40m2x5tầng- giá chỉ nhỉnh 4 tỷ-- NGÕ SIÊU THOÁNG, RỘNG.",,"Đường Hoàng Hoa Thám, Phường Vĩnh Phúc, Quận Ba Đình, Hà NộiXem bản đồ","4,55 tỷ - 38 m2"
50 m²,5 phòng,4 phòng,Đã có sổ,"Nhà ngõ, hẻm",,,200 triệu/m²,,6,,Nội thất cao cấp,,ha-noi,NGUYỄN KHANG 50M2X6 TẦNG- TẦNG THANG MÁY -KINH DOANH -GARA ô TÔ 7 CHỖ,,"Đường Nguyễn Khang, Phường Yên Hoà, Quận Cầu Giấy, Hà NộiXem bản đồ",10 tỷ - 50 m2
3 m²,3 phòng,,Đã có sổ,"Nhà ngõ, hẻm",,,"2,5 tỷ/m²",,,,,,ha-noi,"39 M x 7 TẦNG SIÊU ĐẸP THANG MÁY NHÀ MỚI XÂY PHỐ MINH KHAI , NGÕ RỘNG.",,"Phố Minh Khai, Phường Minh Khai, Quận Hai Bà Trưng, Hà NộiXem bản đồ","7,5 tỷ - 3 m2"
1200 m²,6 phòng,6 phòng,Đã có sổ,"Nhà mặt phố, mặt tiền",,,"124,17 triệu/m²",,1,,Nội thất đầy đủ,,ha-noi,THANH XUÂN MẶT PHỐ LÔ GÓC VỈA HÈ. RẺ HƠN NGÁCH,,"Khương  Đình, Phường Khương Đình, Quận Thanh Xuân, Hà NộiXem bản đồ",149 tỷ - 1.200 m2
131 m²,6 phòng,,Đã có sổ,Nhà biệt thự,,,"213,74 triệu/m²",,6,Hẻm xe hơi,Nội thất cao cấp,,ha-noi,"Bán biệt thự phố Giải Phóng, Q. Hoàng Mai, 131m2, 6 tầng, 28 tỷ",,"Đường Giải Phóng, Phường Giáp Bát, Quận Hoàng Mai, Hà NộiXem bản đồ",28 tỷ - 131 m2
70 m²,9 phòng,,Đã có sổ,"Nhà mặt phố, mặt tiền",,,"514,29 triệu/m²",,,,,,ha-noi,"Bán nhà mặt phố Minh Khai, quận Hai Bà Trưng, 70m2, 7 tầng, 36 tỷ",,"Phố Minh Khai, Phường Minh Khai, Quận Hai Bà Trưng, Hà NộiXem bản đồ",36 tỷ - 70 m2
67 m²,6 phòng,4 phòng,Đã có sổ,"Nhà mặt phố, mặt tiền",,,"238,81 triệu/m²",,6,,Nội thất đầy đủ,,ha-noi,MẶT PHỐ HỒ TÙNG MẬU 76M2X5TẦNG-KINH DOANH SẦM UẤT-OTO TRÁNH-CHỈ 16 TỶ,,"Đường Hồ Tùng Mậu, Phường Cầu Diễn, Quận Nam Từ Liêm, Hà NộiXem bản đồ",16 tỷ - 67 m2
45 m²,3 phòng,4 phòng,Đã có sổ,"Nhà ngõ, hẻm",,,100 triệu/m²,,5,,Nội thất đầy đủ,,ha-noi,HOÀNG HOA THÁM 40m2x5tầng- giá chỉ nhỉnh 4 tỷ ĐẲNG CẤP NHƯ KHU BIỆT TH,,"Đường Hoàng Hoa Thám, Phường Vĩnh Phúc, Quận Ba Đình, Hà NộiXem bản đồ","4,5 tỷ - 45 m2"
60 m²,4 phòng,5 phòng,Đã có sổ,"Nhà ngõ, hẻm",,,175 triệu/m²,,6,,Nội thất đầy đủ,,ha-noi,PHÙNG CHÍ KIÊN 60M2X6 TẦNG- PHÂN LÔ Ô TÔ - MẶT NGÕ KINH DOANH - 2 THOÁ,,"Hoàng Quốc Việt, Phường Nghĩa Tân, Quận Cầu Giấy, Hà NộiXem bản đồ","10,5 tỷ - 60 m2"
35 m²,3 phòng,4 phòng,Đã có sổ,"Nhà ngõ, hẻm",,,"104,29 triệu/m²",,5,,,,ha-noi,"Chỉ Nhỉnh 3.5T Có Nhà Phố Hoàng Mai 35m, 5 Tầng, Ngõ 3 Gác",,"Hoàng Mai, Phường Hoàng Văn Thụ, Quận Hoàng Mai, Hà NộiXem bản đồ","3,65 tỷ - 35 m2"
40 m²,3 phòng,4 phòng,,"Nhà ngõ, hẻm",,,90 triệu/m²,,5,,,,ha-noi,"Nhà Phố Hoàng Mai 40m, 5 Tầng,10m Ra Ô Tô Chỉ Nhỉnh 3.5T",,"hoàng mai, Phường Hoàng Văn Thụ, Quận Hoàng Mai, Hà NộiXem bản đồ","3,6 tỷ - 40 m2"
48 m²,5 phòng,,,"Nhà ngõ, hẻm",,,"165,63 triệu/m²",,8,,,,ha-noi,BÁN GẤP NHÀ TÂY HỒ 48M- OTO- THANG MÁY- FULL ĐỒ- GIÁ NHỈNH 7 TỶ,,"Đường Thanh Niên, Phường Yên Phụ, Quận Tây Hồ, Hà NộiXem bản đồ","7,95 tỷ - 48 m2"
75 m²,3 phòng,,Đã có sổ,"Nhà ngõ, hẻm",,,54 triệu/m²,,,,,,ha-noi,"75 M RẤT HIẾM PHỐ HỒ ĐẮC DI ,TẦNG 2 TẬP THỂ NAM ĐỒNG, NHÀ MỚI 3 NGỦ .",,"Hồ Đắc Di, Phường Nam Đồng, Quận Đống Đa, Hà NộiXem bản đồ","4,05 tỷ - 75 m2"
33 m²,4 phòng,,Đã có sổ,"Nhà ngõ, hẻm",,,100 triệu/m²,,,,Nội thất đầy đủ,,ha-noi,"*** 33M x 4 TẦNG LÔ GÓC BÙI XƯƠNG TRẠCH SỔ ĐỎ 3,3 TỶ",,"Bùi Xương Trạch, Phường Khương Đình, Quận Thanh Xuân, Hà NộiXem bản đồ","3,3 tỷ - 33 m2"
39 m²,3 phòng,4 phòng,Đã có sổ,"Nhà ngõ, hẻm",,,"123,08 triệu/m²",Đông Nam,5,,,,ha-noi,PHỐ MINH KHAI - NHÀ ĐẸP - NGÕ THÔNG - KINH DOANH - 4 CHỖ TẬN CỬA,,"Phố Minh Khai, Phường Minh Khai, Quận Hai Bà Trưng, Hà NộiXem bản đồ","4,8 tỷ - 39 m2"
35 m²,3 phòng,4 phòng,Đã có sổ,"Nhà ngõ, hẻm",,,"102,51 triệu/m²",Đông Nam,5,,,,ha-noi,PHỐ VĨNH HƯNG - NHÀ MỚI KOONG - MẶT NGÕ THÔNG - KINH DOANH,,"Vĩnh Hưng, Phường Lĩnh Nam, Quận Hoàng Mai, Hà NộiXem bản đồ","3,588 tỷ - 35 m2"
60 m²,5 phòng,,Đã có sổ,"Nhà ngõ, hẻm",,,220 triệu/m²,Đông Nam,3,,Nội thất đầy đủ,,ha-noi,Bán nhà riêng tại xuân diệu,,"Ngõ 31 Đường Xuân Diệu, Phường Quảng An, Quận Tây Hồ, Hà NộiXem bản đồ","13,2 tỷ - 60 m2"
60 m²,6 phòng,4 phòng,Đã có sổ,"Nhà ngõ, hẻm",,,80 triệu/m²,Đông Bắc,5,,,,ha-noi,BÁN NHÀ MINH KHAI - DIỆN TÍCH RỘNG - 6 PHÒNG NGỦ - GẦN TIMECITY,,"Phố Minh Khai, Phường Minh Khai, Quận Hai Bà Trưng, Hà NộiXem bản đồ","4,8 tỷ - 60 m2"
38 m²,5 phòng,4 phòng,Đã có sổ,"Nhà ngõ, hẻm",,,"107,89 triệu/m²",Đông Nam,5,,,,ha-noi,NGÕ 255 LĨNH NAM - NHÀ ĐẸP - Ô TÔ ĐỖ CỬA - LÔ GÓC - 5 NGỦ - GIÁ TỐT,,"Lĩnh Nam, Phường Lĩnh Nam, Quận Hoàng Mai, Hà NộiXem bản đồ","4,1 tỷ - 38 m2"
35 m²,3 phòng,4 phòng,Đã có sổ,"Nhà ngõ, hẻm",,,110 triệu/m²,Tây Bắc,5,,,,ha-noi,PHỐ LĨNH NAM - Ô TÔ ĐỖ CỬA - NHÀ MỚI KOONG - LÔ GÓC THOÁNG - GIÁ TỐT,,"Lĩnh nam, Phường Lĩnh Nam, Quận Hoàng Mai, Hà NộiXem bản đồ","3,85 tỷ - 35 m2"
28 m²,3 phòng,4 phòng,Đã có sổ,"Nhà mặt phố, mặt tiền",,,225 triệu/m²,Đông Bắc,5,,,,ha-noi,💥💥PHỐ MINH KHAI - MẶT NGÕ THÔNG - VỈA HÈ RỘNG - Ô TÔ TRÁNH - KD ĐỈNH,,"Phố Minh Khai, Phường Minh Khai, Quận Hai Bà Trưng, Hà NộiXem bản đồ","6,3 tỷ - 28 m2"
80 m²,6 phòng,6 phòng,Đã có sổ,Nhà phố liền kề,,,"131,25 triệu/m²",Đông Nam,5,,,,ha-noi,PHÂN LÔ - Ô TÔ TRÁNH - GA RA HAI Ô TÔ - THANG MÁY XỊN- GIÁ ĐẦU TƯ,,"Phố Nam Dư, Phường Lĩnh Nam, Quận Hoàng Mai, Hà NộiXem bản đồ","10,5 tỷ - 80 m2"
38 m²,3 phòng,,Đã có sổ,"Nhà ngõ, hẻm",3.6 m,,"118,42 triệu/m²",,4,,Nội thất cao cấp,,ha-noi,BÁN GẤP-NGUYỄN TRÃI-THANH XUÂN- 4 TẦNG-38M2-CHỈ HƠN 4 TỶ-LÔ GÓC,,"Đường Nguyễn Trãi, Phường Thanh Xuân Trung, Quận Thanh Xuân, Hà NộiXem bản đồ","4,5 tỷ - 38 m2"
42 m²,3 phòng,5 phòng,Đã có sổ,"Nhà ngõ, hẻm",,,"178,57 triệu/m²",Nam,6,,,,ha-noi,phố Minh Khai. 6 tầng thang máy. 30m ra mặt phố. nhà đẹp,,"Phố Minh Khai, Phường Minh Khai, Quận Hai Bà Trưng, Hà NộiXem bản đồ","7,5 tỷ - 42 m2"
48 m²,4 phòng,,,"Nhà ngõ, hẻm",,,"164,58 triệu/m²",,5,,,,ha-noi,"BÁN NHÀ TÂY HỒ 48M OTO TRÁNH, THANG MÁY,KINH DOANH GIÁ NHỈNH 7 TỶ",,"An Dương, Phường Yên Phụ, Quận Tây Hồ, Hà NộiXem bản đồ","7,9 tỷ - 48 m2"
45 m²,4 phòng,4 phòng,Đã có sổ,"Nhà ngõ, hẻm",,,"233,33 triệu/m²",,5,,Nội thất đầy đủ,,ha-noi,Bán nhà Huỳnh Thúc Kháng - Đống Đa. 45m2 ×5 Tầng - Ngõ Ô TÔ Tránh - Vỉ,,"Phố Huỳnh Thúc Kháng, Phường Láng Hạ, Quận Đống Đa, Hà NộiXem bản đồ","10,5 tỷ - 45 m2"
50 m²,4 phòng,,Đã có sổ,"Nhà mặt phố, mặt tiền",3.4 m,,220 triệu/m²,,5,,Nội thất cao cấp,,ha-noi,"BÁN NHÀ NGUYỄN LÂN, MẶT HỒ RÙA, ÔTÔ TRÁNH, KDOANH, NHÀ ĐẸP Ở CỰC SƯỚNG",,"NGUYỄN LÂN, Phường Phương Liệt, Quận Thanh Xuân, Hà NộiXem bản đồ",11 tỷ - 50 m2
30 m²,3 phòng,,Đã có sổ,"Nhà ngõ, hẻm",,,"126,67 triệu/m²",,,,,,ha-noi,"Nhà chắc chắn mặt ngõ, gần trung tâm Bạch Đằng 30m2 * 4 tầng, MT3.5 nh",,"Đường Bạch Đằng, Phường Bạch Đằng, Quận Hai Bà Trưng, Hà NộiXem bản đồ","3,8 tỷ - 30 m2"
50 m²,8 phòng,,Đã có sổ,Nhà phố liền kề,4 m,,240 triệu/m²,,6,,,12.5 m,ha-noi,"BÁN NHÀ KIM ĐỒNG, PHÂN LÔ VỈA HÈ Ô TÔ TRÁNH, VĂN PHÒNG, NHÀ ĐẸP 6T 8PN",,"Phố Kim Đồng, Phường Giáp Bát, Quận Hoàng Mai, Hà NộiXem bản đồ",12 tỷ - 50 m2
52 m²,7 phòng,6 phòng,Đã có sổ,"Nhà ngõ, hẻm",,,"146,15 triệu/m²",Đông Nam,5,,,,ha-noi,BÁN NHÀ MẶT NGÕ PHẠM VĂN ĐỒNG 2 OTO TRÁNH NHAU NGÕ THÔNG KINH DOANH.,,"Đường Phạm Văn Đồng, Phường Xuân Đỉnh, Quận Bắc Từ Liêm, Hà NộiXem bản đồ","7,6 tỷ - 52 m2"
118 m²,3 phòng,3 phòng,Đã có sổ,"Nhà mặt phố, mặt tiền",,,"296,61 triệu/m²",,3,,Nội thất đầy đủ,,ha-noi,"NHÀ MẶT PHỐ TRẦN ĐẠI NGHĨA-HAI BÀ TRƯNG- 118M2 - MẶT TIỀN 4,8M",,"Trần Đại Nghĩa, Phường Bách Khoa, Quận Hai Bà Trưng, Hà NộiXem bản đồ",35 tỷ - 118 m2
33 m²,3 phòng,3 phòng,Đã có sổ,"Nhà ngõ, hẻm",,,"114,85 triệu/m²",,4,,Nội thất đầy đủ,,ha-noi,296 MINH KHAI_LÔ GÓC_MẶT NGÕ THÔNG_33M2_3.79 TỶ,,"Phố Minh Khai, Phường Minh Khai, Quận Hai Bà Trưng, Hà NộiXem bản đồ","3,79 tỷ - 33 m2"
45 m²,6 phòng,,,"Nhà ngõ, hẻm",,,"175,56 triệu/m²",,8,,,,ha-noi,"CHỊ CHI BÁN GẤP NHÀ THANH NIÊN - HỒ TÂY-45M OTO-THANG MÁY NHỈNH 7,9TỶ",,"Thanh Niên, Phường Trúc Bạch, Quận Ba Đình, Hà NộiXem bản đồ","7,9 tỷ - 45 m2"
60 m²,nhiều hơn 10 phòng,,Đã có sổ,"Nhà ngõ, hẻm",,60 m²,"233,33 triệu/m²",,8,,,,ha-noi,"Bán tòa nhà CHDV Nguyễn trãi,đang cho thuê 105tr/tháng",,"nguyễn trãi, Phường Nhân Chính, Quận Thanh Xuân, Hà NộiXem bản đồ",14 tỷ - 60 m2
30 m²,4 phòng,5 phòng,Đã có sổ,"Nhà ngõ, hẻm",,,"131,67 triệu/m²",,6,,Nội thất cao cấp,,ha-noi,"NHÀ MỚI KÍNH COONG 6 TẦNG, MT 7.7M, NỘI THẤT SANG TRỌNG, CHỈ HƠN 3 TỶ",,"Phố Đồng Dinh, Phường Thạch Bàn, Quận Long Biên, Hà NộiXem bản đồ","3,95 tỷ - 30 m2"
52 m²,4 phòng,5 phòng,Đã có sổ,"Nhà ngõ, hẻm",,,"96,15 triệu/m²",,6,,Nội thất đầy đủ,,ha-noi,"Ba Đình, dân xây chắc chắn, về ở ngay, ngõ rộng , gần phố, 52m2, 5 tỷ",,"Phố Vĩnh Phúc, Phường Vĩnh Phúc, Quận Ba Đình, Hà NộiXem bản đồ",5 tỷ - 52 m2
50 m²,4 phòng,5 phòng,Đã có sổ,"Nhà ngõ, hẻm",,,100 triệu/m²,,6,,Nội thất đầy đủ,,ha-noi,"Bán nhà Ba Đình, dân xây, ngõ trước nhà 3m, gần phố, 50m, 5 tỷ.",,"Phố Vĩnh Phúc, Phường Vĩnh Phúc, Quận Ba Đình, Hà NộiXem bản đồ",5 tỷ - 50 m2
52 m²,4 phòng,5 phòng,Đã có sổ,"Nhà ngõ, hẻm",,,"96,15 triệu/m²",,6,,Nội thất đầy đủ,,ha-noi,"Bán nhà Ba Đình, dân xây, ngõ thông, mặt tiền rộng,gần phố, 52m, 5 tỷ.",,"Phố Vĩnh Phúc, Phường Vĩnh Phúc, Quận Ba Đình, Hà NộiXem bản đồ",5 tỷ - 52 m2
41 m²,9 phòng,,,"Nhà ngõ, hẻm",,,"187,56 triệu/m²",,,,,,ha-noi,CẦN BÁN MỸ ĐÌNH 41M x 5TẦNG - 9 PHÒNG NGÕ 322,,"Ngõ 322 Đường Mỹ Đình, Phường Mỹ Đình 1, Quận Nam Từ Liêm, Hà NộiXem bản đồ","7,69 tỷ - 41 m2"
55 m²,4 phòng,4 phòng,Đã có sổ,"Nhà ngõ, hẻm",,,"136,36 triệu/m²",,4,,Nội thất đầy đủ,,ha-noi,Bán nhà Văn Cao 55m2 thoáng trước sau ngõ thông rộng thoáng 7.5 tỷ,,"Đường Văn Cao, Phường Thụy Khuê, Quận Tây Hồ, Hà NộiXem bản đồ","7,5 tỷ - 55 m2"
40 m²,4 phòng,3 phòng,Đã có sổ,"Nhà ngõ, hẻm",,,65 triệu/m²,Đông Bắc,4,,,,ha-noi,nhà Tây Tựu - 4 tầng - 40m2 trên sổ - ngõ hơn 2m - ra Nhổn 2km,,"Đường Tây Tựu, Phường Tây Tựu, Quận Bắc Từ Liêm, Hà NộiXem bản đồ","2,6 tỷ - 40 m2"
40 m²,3 phòng,4 phòng,Đã có sổ,"Nhà ngõ, hẻm",,,"148,75 triệu/m²",,5,,Nội thất đầy đủ,,ha-noi,"Bán nhà riêng 260 Cầu Giấy 40m2, 10m ra phố lớn,ô tô tránh đậu đỗ",,"260 Cầu Giấy, Phường Dịch Vọng, Quận Cầu Giấy, Hà NộiXem bản đồ","5,95 tỷ - 40 m2"
38 m²,7 phòng,Nhiều hơn 6 phòng,Đã có sổ,"Nhà ngõ, hẻm",,,"128,95 triệu/m²",,6,,Nội thất cao cấp,,ha-noi,"Hơn 4 tỷ nhà dòng tiền Mỹ Đình Nam Từ Liêm, 7 Phòng, 40m ra ô tô tránh",,"Đường Lê Quang Đạo, Phường Phú Đô, Quận Nam Từ Liêm, Hà NộiXem bản đồ","4,9 tỷ - 38 m2"
32 m²,2 phòng,1 phòng,Đã có sổ,"Nhà ngõ, hẻm",4.3 m,,"27,19 triệu/m²",,1,,,,ha-noi,"Nhà cấp bốn gác sép chỉ 870 triệu. Tại xã ninh sở, thường Tín",,"Liên Thông, Xã Ninh Sở, Huyện Thường Tín, Hà NộiXem bản đồ",870 triệu - 32 m2
38 m²,3 phòng,,Đã có sổ,"Nhà ngõ, hẻm",,,"82,89 triệu/m²",,5,,,,ha-noi,"Quá Rẻ ! Bán Nhà Nguyễn Chính ngõ nông sát phố ,ba gác phi ,gần trường",,"Nguyễn Chính, Phường Tân Mai, Quận Hoàng Mai, Hà NộiXem bản đồ","3,15 tỷ - 38 m2"
35 m²,3 phòng,4 phòng,Đã có sổ,"Nhà ngõ, hẻm",,,"114,29 triệu/m²",,5,,Nội thất cao cấp,,ha-noi,"BÁN NHANH NHÀ XUÂN PHƯƠNG - HOÈ THỊ MỚI ĐẸP. 35M X 5T, ĐÚNG 5M RA Ô TÔ",,"Hoè Thị, Phường Xuân Phương, Quận Nam Từ Liêm, Hà NộiXem bản đồ",4 tỷ - 35 m2
345 m²,4 phòng,4 phòng,Đang chờ sổ,Nhà biệt thự,,,"71,01 triệu/m²",,3,,Nội thất đầy đủ,,ha-noi,BIỆT THỰ KIỂU PHÁP SÂN VƯỜN ĐẲNG CẤP-AN DƯƠNG-TÂY HỒ-345M2,,"Phố An Dương, Phường Yên Phụ, Quận Tây Hồ, Hà NộiXem bản đồ","24,5 tỷ - 345 m2"
50 m²,6 phòng,6 phòng,Đã có sổ,Nhà phố liền kề,,,184 triệu/m²,,7,,Nội thất cao cấp,,ha-noi,"BÁN NHÀ 50M2, 7 TẦNG, CÓ THANG MÁY, Ô TÔ ĐỖ, KINH DOANH, VĂN PHÒNG",,"Phố Mậu Lương, Phường Kim Giang, Quận Thanh Xuân, Hà NộiXem bản đồ","9,2 tỷ - 50 m2"
63 m²,8 phòng,6 phòng,Đã có sổ,"Nhà ngõ, hẻm",,,"104,76 triệu/m²",,5,,Nội thất đầy đủ,,ha-noi,Bán nhà Khâm Thiên 63m2 nhà đẹp mặt ngõ to thoáng sáng 6.6 tỷ,,"Phố Khâm Thiên, Phường Khâm Thiên, Quận Đống Đa, Hà NộiXem bản đồ","6,6 tỷ - 63 m2"
45 m²,5 phòng,3 phòng,Đã có sổ,Nhà phố liền kề,,,"187,78 triệu/m²",,5,,Nội thất cao cấp,,ha-noi,Bán gấp liền kề vạn phúc 45m 5 tầng kinh doanh vỉa hè ô tô nhỉnh 8 tỷ,,"Vạn Phúc, Phường Vạn Phúc, Quận Hà Đông, Hà NộiXem bản đồ","8,45 tỷ - 45 m2"
35 m²,4 phòng,,Đã có sổ,"Nhà ngõ, hẻm",,,"152,86 triệu/m²",,5,,,,ha-noi,"Cần gấp!!! Nhà Kim Giang ,2 thoáng,ngõ oto , KD đỉnh, nhà đẹp ở luôn 3",,"Kim Giang, Xã Thanh Liệt, Huyện Thanh Trì, Hà NộiXem bản đồ","5,35 tỷ - 35 m2"
32 m²,3 phòng,4 phòng,Đã có sổ,"Nhà ngõ, hẻm",,,"109,38 triệu/m²",,5,,Nội thất cao cấp,,ha-noi,BÁN NHÀ PHÚ DIỄN - Nguyễn Đạo An .Diện tích 32m x 5T. Nhỉnh 3 tỉ có TL,,"Nguyễn Đạo An, Phường Phú Diễn, Quận Bắc Từ Liêm, Hà NộiXem bản đồ","3,5 tỷ - 32 m2"
35 m²,4 phòng,5 phòng,Đã có sổ,"Nhà ngõ, hẻm",,,"125,71 triệu/m²",,6,,Nhà trống,,ha-noi,CHỦ NHÀ CẦN TIẾN BÁN GẤP NHÀ XUÂN ĐỈNH-6 TẦNG THANG MÁY-40M RA PHỐ,,"12, Cổ Nhuế , Phường Cổ Nhuế 1, Quận Bắc Từ Liêm, Hà NộiXem bản đồ","4,4 tỷ - 35 m2"
35 m²,3 phòng,4 phòng,Đã có sổ,"Nhà ngõ, hẻm",,,"154,29 triệu/m²",,5,,Nội thất đầy đủ,,ha-noi,Nhỉnh 5 Tỷ Ô TÔ đỗ cửa Ngã 8 Ô Chợ Dừa. 35m2 - 5 Tầng dân xây - Mặt ng,,"Phố Hào Nam, Phường Ô Chợ Dừa, Quận Đống Đa, Hà NộiXem bản đồ","5,4 tỷ - 35 m2"
