Diện tích đất:,Số phòng ngủ:,Số phòng vệ sinh:,Giấy tờ pháp lý:,Loại hình nhà ở:,Chiều ngang:,Diện tích sử dụng:,Giá/m2:,Hướng cửa chính:,Tổng số tầng:,Đặc điểm nhà/đất:,Tình trạng nội thất:,Chiều dài:,Location,Name,URL,District,Price
50 m²,4 phòng,4 phòng,Đã có sổ,"Nhà ngõ, hẻm",,,200 triệu/m²,,6,,Nội thất cao cấp,,ha-noi,Phân Lô Nguyễn Khang 50m2- 6T Thang máy-Gara ô tô- MT 6.8m- Giá 10 tỷ,,"Nguyễn Khang, Phường Yên Hoà, Quận Cầu Giấy, Hà NộiXem bản đồ",10 tỷ - 50 m2
52 m²,4 phòng,,,"Nhà ngõ, hẻm",,,"80,77 triệu/m²",,4,,,,ha-noi,Bán nhà đẹp Bùi Xương Trạch Thanh Xuân 52m2x4T MT3.8m cách ôtô 50m.,,"Bùi Xương Trạch, Phường Khương Trung, Quận Thanh Xuân, Hà NộiXem bản đồ","4,2 tỷ - 52 m2"
39 m²,4 phòng,5 phòng,Đã có sổ,"Nhà ngõ, hẻm",,,"157,69 triệu/m²",,6,,Nội thất đầy đủ,,ha-noi,Lạc Long Quân 39m2 6T Thang máy- Cách ô tô 30m- Gần hồ Tây- Nhỉnh 6 tỷ,,"Lạc Long Quân, Phường Nghĩa Đô, Quận Cầu Giấy, Hà NộiXem bản đồ","6,15 tỷ - 39 m2"
35 m²,4 phòng,,Đã có sổ,"Nhà ngõ, hẻm",4.5 m,,"128,57 triệu/m²",,6,,Nội thất cao cấp,,ha-noi,Nhỉnh 4 tỷ- 6T Thang máy- Cách ô tô 10m- Nhà mới đón tết,,"Cổ Nhuế, Phường Cổ Nhuế 1, Quận Bắc Từ Liêm, Hà NộiXem bản đồ","4,5 tỷ - 35 m2"
41 m²,3 phòng,,Đã có sổ,"Nhà ngõ, hẻm",,,"139,02 triệu/m²",,4,Hẻm xe hơi,Nội thất cao cấp,,ha-noi,Mặt Ngõ Hoàng Quốc Việt 41m2- Ngõ ô tô Kinh Doanh- Giá nhỉnh 5 tỷ,,"Hoàng Quốc Việt, Phường Nghĩa Đô, Quận Cầu Giấy, Hà NộiXem bản đồ","5,7 tỷ - 41 m2"
55 m²,4 phòng,,Đã có sổ,"Nhà mặt phố, mặt tiền",4.6 m,,"227,27 triệu/m²",,7,,Nội thất đầy đủ,,ha-noi,Phố Hoàng Quốc Việt 55m2 7T Thang máy- Ngõ 8m- Nhà mới- 12 tỷ Lô góc,,"Hoàng Quốc Việt, Phường Nghĩa Đô, Quận Cầu Giấy, Hà NộiXem bản đồ","12,5 tỷ - 55 m2"
68 m²,4 phòng,6 phòng,Đã có sổ,"Nhà ngõ, hẻm",,,"232,35 triệu/m²",,7,,Nội thất đầy đủ,,ha-noi,Phố Thái Hà 68m2 7T Thang máy- Phân Lô Ngõ 5m- Giá hơn 15 tỷ,,"Phố Thái Hà, Phường Trung Liệt, Quận Đống Đa, Hà NộiXem bản đồ","15,8 tỷ - 68 m2"
50 m²,4 phòng,4 phòng,Đã có sổ,"Nhà ngõ, hẻm",,,246 triệu/m²,,5,,Nội thất cao cấp,,ha-noi,Mặt hồ Quận Uỷ Cầu Giấy 50m2- 2 ô tô tránh vỉa hè-5T Kinh Doanh-Giá 12,,"Cầu Giấy, Phường Quan Hoa, Quận Cầu Giấy, Hà NộiXem bản đồ","12,3 tỷ - 50 m2"
20 m²,3 phòng,4 phòng,Đã có sổ,"Nhà mặt phố, mặt tiền",,,385 triệu/m²,,5,,Nội thất đầy đủ,,ha-noi,Mặt phố Đường Cầu Giấy- Kinh doanh Đẳng Cấp-Đường 20m-5T Hơn 7 tỷ Hiêm,,"Cầu Giấy, Phường Quan Hoa, Quận Cầu Giấy, Hà NộiXem bản đồ","7,7 tỷ - 20 m2"
50 m²,4 phòng,5 phòng,Đã có sổ,"Nhà ngõ, hẻm",,,"157,8 triệu/m²",,6,,Nội thất cao cấp,,ha-noi,Hạ Yên Cầu Giấy 50m2 6T THANG MÁY- 4PN- Nhà mới Gần phố- Giá hơn 7 tỷ,,"Hạ Yên Quyết, Phường Yên Hoà, Quận Cầu Giấy, Hà NộiXem bản đồ","7,89 tỷ - 50 m2"
77 m²,4 phòng,4 phòng,Đã có sổ,Nhà phố liền kề,,,"166,23 triệu/m²",,5,,Nhà trống,,ha-noi,Biệt thự liền kề Cầu Giấy 77m2 5T- Sân vườn- Giá hơn 12 tỷ- Gara ô tô,,"Hoàng Quốc Việt, Phường Nghĩa Đô, Quận Cầu Giấy, Hà NộiXem bản đồ","12,8 tỷ - 77 m2"
39 m²,3 phòng,3 phòng,Đã có sổ,"Nhà ngõ, hẻm",,,"74,36 triệu/m²",Đông Nam,3,,,,ha-noi,Chính chủ bán nhà 3 tầng 39m2 ngõ 197 Phúc Lợi,,"Ngõ 197 Phúc Lợi, Phường Phúc Lợi, Quận Long Biên, Hà NộiXem bản đồ","2,9 tỷ - 39 m2"
110 m²,8 phòng,,,"Nhà mặt phố, mặt tiền",,,"309,09 triệu/m²",,8,,,,ha-noi,"TOÀ VĂN PHÒNG HẠNG A+CĂN HỘ CAO CẤP,KD DÒNG TIỀN 100TR/TH-LÊ ĐỨC THỌ",,"Lê Đức Thọ, Phường Mỹ Đình 2, Quận Nam Từ Liêm, Hà NộiXem bản đồ",34 tỷ - 110 m2
45 m²,5 phòng,5 phòng,Đã có sổ,"Nhà ngõ, hẻm",,,"127,78 triệu/m²",,5,,Nội thất cao cấp,,ha-noi,"Chủ Giử Bán Nhà Giảng Võ Ba Đình, 5 Tầng 45m2 Oto gần",,"Giang Vo, Phường Giảng Võ, Quận Ba Đình, Hà NộiXem bản đồ","5,75 tỷ - 45 m2"
80 m²,5 phòng,4 phòng,Đã có sổ,"Nhà mặt phố, mặt tiền",4.5 m,,"61,25 triệu/m²",,4,,,,ha-noi,"Bán Nhà 4 tầng Liên Ninh -Thanh Trì Dt 80m2. Giá 4,9 tỷ.",,"Nhị Châu, Xã Liên Ninh, Huyện Thanh Trì, Hà NộiXem bản đồ","4,9 tỷ - 80 m2"
30 m²,3 phòng,4 phòng,,"Nhà ngõ, hẻm",4.1999 m,,120 triệu/m²,,5,,,8 m,ha-noi,"BÁN NHÀ BÁT KHỐI CÁCH Ô TÔ ĐỖ 5M -5 TẦNG - 30M - 5TẦNG – 3,6 TỶ",,"Ngõ 377 Đường Bát Khối, Phường Long Biên, Quận Long Biên, Hà NộiXem bản đồ","3,6 tỷ - 30 m2"
19 m²,3 phòng,3 phòng,Đã có sổ,"Nhà mặt phố, mặt tiền",,,"123,68 triệu/m²",,3,,Nội thất đầy đủ,,ha-noi,THỊNH HÀO 3 - MẶT NGÕ KINH DOANH NHỎ - 3 NGỦ ĐỦ CÔNG NĂNG - NHÀ ĐẸP,,"Ngõ Thịnh Hào 3, Phường Hàng Bột, Quận Đống Đa, Hà NộiXem bản đồ","2,35 tỷ - 19 m2"
55 m²,5 phòng,,Đã có sổ,"Nhà mặt phố, mặt tiền",6.1999 m,,"254,55 triệu/m²",,5,,Nội thất cao cấp,,ha-noi,"Bán nhà mặt phố KHÚC HẠO Quận Ba Đình, 55m2, Mặt Tiền 6,2m chỉ 14 tỷ",,"Phố Khúc Hạo, Phường Điện Biên, Quận Ba Đình, Hà NộiXem bản đồ",14 tỷ - 55 m2
68 m²,4 phòng,2 phòng,Đã có sổ,"Nhà mặt phố, mặt tiền",,,100 triệu/m²,Đông Nam,3,,,,ha-noi,"Nhà mặt tiền Hải Bối,đường Cổ Điển, Đông Anh, kinh doanh sầm uất",,"đường Cổ Điển, Xã Hải Bối, Huyện Đông Anh, Hà NộiXem bản đồ","6,8 tỷ - 68 m2"
37 m²,3 phòng,,,"Nhà ngõ, hẻm",,,"132,43 triệu/m²",,,,,,ha-noi,NHÀ ĐẸP NGUYỄN VĂN CỪ - GIA THUỴ - Ô TÔ ĐỖ CỬA - TẶNG NỘI THẤT XỊN,,"Nguyễn văn cừ, Phường Gia Thụy, Quận Long Biên, Hà NộiXem bản đồ","4,9 tỷ - 37 m2"
53 m²,4 phòng,4 phòng,Đã có sổ,"Nhà ngõ, hẻm",,,"92,45 triệu/m²",,4,,Nội thất cao cấp,,ha-noi,"Bán Nhà Thái Thịnh, Sát Phố, Ôtô, 53m2, 4T, MT 6m, 4.9 tỷ, Nhà Cực Đẹp",,"Phố Thái Thịnh, Phường Thịnh Quang, Quận Đống Đa, Hà NộiXem bản đồ","4,9 tỷ - 53 m2"
52 m²,4 phòng,3 phòng,Đã có sổ,"Nhà ngõ, hẻm",,,"96,15 triệu/m²",,5,,Nội thất cao cấp,,ha-noi,TÂY HỒ_THỤY KHUÊ 52M2-5TẦNG-4.5MMT-NHỈNH 5TỶ LÔ GÓC THOÁNG 5PHÚT RA HỒ,,"Thụy Khuê, Phường Thụy Khuê, Quận Tây Hồ, Hà NộiXem bản đồ",5 tỷ - 52 m2
50 m²,3 phòng,,Đã có sổ,"Nhà mặt phố, mặt tiền",,,130 triệu/m²,Đông,4,,,,ha-noi,"Bán nhà Thanh Xuân 50m2, Oto vào nhà, giá 6,5 tỷ",,"Nguyễn Viết Xuân, Phường Khương Mai, Quận Thanh Xuân, Hà NộiXem bản đồ","6,5 tỷ - 50 m2"
40 m²,5 phòng,4 phòng,Đã có sổ,"Nhà ngõ, hẻm",,,"157,25 triệu/m²",Nam,4,,,,ha-noi,chính chủ em bán nhà cạnh công viên cầu giấy,,"Nguyễn Khang, Phường Yên Hoà, Quận Cầu Giấy, Hà NộiXem bản đồ","6,29 tỷ - 40 m2"
36 m²,5 phòng,3 phòng,Đã có sổ,,,,"111,11 triệu/m²",Đông,4,,,,ha-noi,"Bán nhà Nguyễn Văn Trỗi, Thanh Xuân, cách oto tránh 10m, 36m2,giá 4 tỷ",,"Nguyễn Văn Trỗi, Phường Phương Liệt, Quận Thanh Xuân, Hà NộiXem bản đồ",4 tỷ - 36 m2
32 m²,4 phòng,4 phòng,Đã có sổ,"Nhà ngõ, hẻm",,32 m²,"121,88 triệu/m²",,5,,,,ha-noi,"Bán Nhà 144 Quan Nhân, Thanh Xuân, 32m2, 5 Tầng",,"Quan Nhan, Phường Nhân Chính, Quận Thanh Xuân, Hà NộiXem bản đồ","3,9 tỷ - 32 m2"
39 m²,3 phòng,4 phòng,,"Nhà ngõ, hẻm",,,"152,56 triệu/m²",,5,"Hẻm xe hơi,Nở hậu",Nội thất cao cấp,,ha-noi,BÁN NHÀ CẦU GIẤY 5 Tầng–2 thoáng- mt 4.2m nở hậu- NHỈNH 5 TỶ,,"Cầu Giấy, Phường Quan Hoa, Quận Cầu Giấy, Hà NộiXem bản đồ","5,95 tỷ - 39 m2"
52 m²,1 phòng,1 phòng,Đang chờ sổ,"Nhà ngõ, hẻm",,,"12,5 triệu/m²",Đông Nam,1,,,,ha-noi,Mình cần bán nhà 52m2 phố tân kkhai,,"68, Phố Tân Khai, Phường Vĩnh Hưng, Quận Hoàng Mai, Hà NộiXem bản đồ",650 triệu - 52 m2
34 m²,3 phòng,4 phòng,Đã có sổ,"Nhà ngõ, hẻm",,,"126,18 triệu/m²",,5,,Nội thất đầy đủ,,ha-noi,4.29 TỶ _ KIM MÃ BA ĐÌNH _5T X 34M _ 50M RA PHỐ - NHÀ Ở NGAY ĐÓN TẾT,,"Phố Kim Mã, Phường Kim Mã, Quận Ba Đình, Hà NộiXem bản đồ","4,29 tỷ - 34 m2"
40 m²,6 phòng,6 phòng,Đã có sổ,"Nhà mặt phố, mặt tiền",,,325 triệu/m²,,6,,Nội thất đầy đủ,,ha-noi,"Bán nhà mặt phố NGÃ BA AN TRẠCH, MẶT TIỀN 8.5M, 40m2, 6 tầng, 13 tỷ",,"Phố An Trạch, Phường Cát Linh, Quận Đống Đa, Hà NộiXem bản đồ",13 tỷ - 40 m2
58 m²,nhiều hơn 10 phòng,Nhiều hơn 6 phòng,Đã có sổ,"Nhà ngõ, hẻm",,,"187,93 triệu/m²",,7,,Nội thất đầy đủ,,ha-noi,10.9 TỶ - TOÀ CCMN 7 TẦNG _ 15P - THANG MÁY - NGUYỄN KHANG CẦU GIẤY,,"Nguyễn Khang, Phường Yên Hoà, Quận Cầu Giấy, Hà NộiXem bản đồ","10,9 tỷ - 58 m2"
53 m²,9 phòng,Nhiều hơn 6 phòng,Đã có sổ,"Nhà ngõ, hẻm",,,"158,49 triệu/m²",,5,,Nội thất đầy đủ,,ha-noi,"Nhà ngõ 43 Trung Kính 5 tầng, 9 phòng, ô tô qua cửa, thuê 35 tr /tháng",,"trung kính, Phường Trung Hoà, Quận Cầu Giấy, Hà NộiXem bản đồ","8,4 tỷ - 53 m2"
44 m²,5 phòng,5 phòng,Đã có sổ,"Nhà ngõ, hẻm",,,"202,27 triệu/m²",,5,,Nội thất đầy đủ,,ha-noi,BÁN NHÀ NGUYỄN CÔNG HOAN_ Ô TÔ VÀO NHÀ _ LÔ GÓC _ 5T X 44M_ KINH DOANH,,"Nguyễn Công Hoan, Phường Liễu Giai, Quận Ba Đình, Hà NộiXem bản đồ","8,9 tỷ - 44 m2"
34 m²,3 phòng,3 phòng,,"Nhà ngõ, hẻm",,,"142,65 triệu/m²",Đông Nam,4,,,,ha-noi,"BÁN NHÀ TẶNG FULL NỘI THẤT. TỨ LIÊN, TÂY HỒ. 34m- Giá 4,85 tỷ",,"Phố Tứ Liên, Phường Tứ Liên, Quận Tây Hồ, Hà NộiXem bản đồ","4,85 tỷ - 34 m2"
34 m²,4 phòng,4 phòng,,"Nhà ngõ, hẻm",,40 m²,"146,47 triệu/m²",,5,,,,ha-noi,Nhà mới đón tết. Chủ tặng lại full thiết bị nội thất. 34m-5tầng-4ngủ,,"Đường Âu Cơ, Phường Tứ Liên, Quận Tây Hồ, Hà NộiXem bản đồ","4,98 tỷ - 34 m2"
83 m²,4 phòng,3 phòng,Đã có sổ,"Nhà ngõ, hẻm",,,"114,46 triệu/m²",,4,,,,ha-noi,"Bán nhà Phương Mai, Đống Đa, 83m2, gần bệnh viện, đại học",,"Phố Phương Mai, Phường Phương Mai, Quận Đống Đa, Hà NộiXem bản đồ","9,5 tỷ - 83 m2"
42 m²,3 phòng,,,"Nhà ngõ, hẻm",,,"145,24 triệu/m²",,,,,,ha-noi,chính chủ bán nhà TRƯƠNG ĐỊNH dt 42m x 5 tầng ở luôn nhỉnh 6 tỷ,,"Đường Trương Định, Phường Trương Định, Quận Hai Bà Trưng, Hà NộiXem bản đồ","6,1 tỷ - 42 m2"
35 m²,3 phòng,4 phòng,Đã có sổ,"Nhà ngõ, hẻm",,,"87,14 triệu/m²",,5,,Nhà trống,,ha-noi,"NHÀ ĐẸP 35M2*5T NGÕ THÔNG 2 MẶT THOÁNG, ĐỐI DIỆN CHỢ PHỐ DO NHA HN.",,"Phố Do Nha, Phường Tây Mỗ, Quận Nam Từ Liêm, Hà NộiXem bản đồ","3,05 tỷ - 35 m2"
55 m²,4 phòng,5 phòng,Đã có sổ,"Nhà ngõ, hẻm",,,100 triệu/m²,,,,Nội thất đầy đủ,,ha-noi,BÁN NHÀ BA ĐÌNH - 30M RA Ô TÔ - GIÁ ĐẦU TƯ- 55m2-5.5 tỷ,,"Cầu Đội Cấn, Phường Cống Vị, Quận Ba Đình, Hà NộiXem bản đồ","5,5 tỷ - 55 m2"
150 m²,5 phòng,,Đã có sổ,Nhà biệt thự,,150 m²,140 triệu/m²,,,,,,ha-noi,Song lập Ocean Park_Mơ ước chuyển đổi của 80% cư dân Liền kề_SĐCC,,"Hải Âu 2, Xã Đa Tốn, Huyện Gia Lâm, Hà NộiXem bản đồ",21 tỷ - 150 m2
35 m²,3 phòng,4 phòng,Đã có sổ,"Nhà ngõ, hẻm",,,"157,14 triệu/m²",Tây Nam,5,,,,ha-noi,QUÁ RẺ! NHỈNH 5 TỶ NHÀ ĐẸP 35M2*5T PL Ô TÔ PHỐ VŨ VĂN CĂN - TỐ HỮU HN.,,"Đường Vạn Phúc, Phường Vạn Phúc, Quận Hà Đông, Hà NộiXem bản đồ","5,5 tỷ - 35 m2"
33 m²,3 phòng,4 phòng,Đã có sổ,"Nhà ngõ, hẻm",,,"115,15 triệu/m²",,5,,Nội thất cao cấp,,ha-noi,NHÀ BÙI XƯƠNG TRẠCH ĐẸP - LÔ GÓC - 2 MẶT THOÁNG 33M2 X 5 TẦNG X 3.8 TỶ,,"Bùi Xương Trạch, Phường Khương Đình, Quận Thanh Xuân, Hà NộiXem bản đồ","3,8 tỷ - 33 m2"
35 m²,3 phòng,4 phòng,Đã có sổ,"Nhà ngõ, hẻm",,,"87,14 triệu/m²",,5,,Nhà trống,,ha-noi,NHÀ ĐẸP XÂY MỚI 35M2*5T ĐỐI DIỆN SÂN BÓNG PHỐ MẬU LƯƠNG - KĐT XA LA HN,,"Phố Mậu Lương, Phường Kiến Hưng, Quận Hà Đông, Hà NộiXem bản đồ","3,05 tỷ - 35 m2"
60 m²,4 phòng,4 phòng,Đã có sổ,"Nhà mặt phố, mặt tiền",,,250 triệu/m²,,4,,Nội thất cao cấp,,ha-noi,"Bán nhà mặt phố Yên Hoa- view Hồ Tây, 60m2, 4 tầng, MT 6m, 15 Tỷ",,"Phố Yên Hoa, Phường Yên Phụ, Quận Tây Hồ, Hà NộiXem bản đồ",15 tỷ - 60 m2
27 m²,3 phòng,,Đã có sổ,"Nhà ngõ, hẻm",3.75 m,,100 triệu/m²,,5,,,,ha-noi,"BÁN NHÀ NGÕ VĂN HƯƠNG, ĐỐNG ĐA, VỊ TRÍ TRUNG TÂM CỰC HIẾM, Ở SƯỚNG",,"Ngõ Văn Hương, Phường Hàng Bột, Quận Đống Đa, Hà NộiXem bản đồ","2,7 tỷ - 27 m2"
70 m²,nhiều hơn 10 phòng,Nhiều hơn 6 phòng,Đã có sổ,"Nhà mặt phố, mặt tiền",,,"328,57 triệu/m²",Đông Nam,7,,,,ha-noi,BÁN NHÀ DIỆN TÍCH 70M2 THIẾT KẾ 12 PHÒNG KHÉP KIN GIÁ 23 TỶ,,"Hồ Ba Mẫu, Phường Phương Liên, Quận Đống Đa, Hà NộiXem bản đồ",23 tỷ - 70 m2
44 m²,4 phòng,,,"Nhà mặt phố, mặt tiền",3.7 m,44 m²,"118,18 triệu/m²",,4,,,12 m,ha-noi,BÁN NHÀ BÁT KHỐI –NHÀ 5 TẦNG- 44M- 4TẦNG – NHỈNH 5TỶ,,"Ngõ 405 Đường Bát Khối, Phường Long Biên, Quận Long Biên, Hà NộiXem bản đồ","5,2 tỷ - 44 m2"
32 m²,4 phòng,5 phòng,Đã có sổ,"Nhà ngõ, hẻm",,,"171,88 triệu/m²",,6,,Nội thất đầy đủ,,ha-noi,BÁN NHÀ ĐỘI CẤN 6 TẦNG MT 4.4M 5.5 TỶ,,"Phố Đội Cấn, Phường Cống Vị, Quận Ba Đình, Hà NộiXem bản đồ","5,5 tỷ - 32 m2"
35 m²,4 phòng,,,"Nhà ngõ, hẻm",5 m,,"114,29 triệu/m²",,6,,,,ha-noi,"Bán Nhà Đông Ngạc – Lô Góc – ÔTÔ 50m,6 Tầng, 5m Mặt Tiền, Chỉ có 4 Tỷ",,"Đường Đông Ngạc, Phường Đông Ngạc, Quận Bắc Từ Liêm, Hà NộiXem bản đồ",4 tỷ - 35 m2
48 m²,5 phòng,4 phòng,Đã có sổ,"Nhà ngõ, hẻm",,,"97,92 triệu/m²",Đông Nam,5,,,,ha-noi,NHÀ ĐẸP XÂY MỚI 48M2*5T NGAY HỒ VÀ CHỢ PHỐ MẬU LƯƠNG - KĐT XA LA HN.,,"Phố Mậu Lương, Phường Kiến Hưng, Quận Hà Đông, Hà NộiXem bản đồ","4,7 tỷ - 48 m2"
45 m²,10 phòng,Nhiều hơn 6 phòng,Đã có sổ,"Nhà ngõ, hẻm",,,"144,44 triệu/m²",,7,,Nội thất đầy đủ,,ha-noi,Dòng tiền cực hiếm 6.5 tỷ 10 phòng cho thuê,,"Cổ nhuế, Phường Cổ Nhuế 2, Quận Bắc Từ Liêm, Hà NộiXem bản đồ","6,5 tỷ - 45 m2"
54 m²,4 phòng,3 phòng,Đã có sổ,"Nhà ngõ, hẻm",,64 m²,"135,19 triệu/m²",,4,,,,ha-noi,"nhà Phương Liệt 64m2 ôtô đỗ cửa, gần trường, hồ sen",,"Phố Phương Liệt, Phường Phương Liệt, Quận Thanh Xuân, Hà NộiXem bản đồ","7,3 tỷ - 54 m2"
48 m²,4 phòng,,Đã có sổ,"Nhà ngõ, hẻm",5 m,,"227,08 triệu/m²",,6,,Nhà trống,,ha-noi,"Nhà Minh Khai, ôtô vào nhà, 48m-6T-MT5m, lô góc, KD, thang máy,10.9 tỷ",,"Phố Minh Khai, Phường Vĩnh Tuy, Quận Hai Bà Trưng, Hà NộiXem bản đồ","10,9 tỷ - 48 m2"
80 m²,4 phòng,,Đã có sổ,"Nhà mặt phố, mặt tiền",,78 m²,"193,75 triệu/m²",,4,,Nội thất cao cấp,,ha-noi,"Chủ nhà PHÁ SẢN bán GẤP căn nhà ở Hà Đông vị trí ĐẮC ĐỊA, Ô TÔ 15,5 TỶ",,"Mỗ Lao, Phường Mộ Lao, Quận Hà Đông, Hà NộiXem bản đồ","15,5 tỷ - 80 m2"
40 m²,3 phòng,5 phòng,Đã có sổ,"Nhà mặt phố, mặt tiền",,240 m²,"137,5 triệu/m²",,,,,,ha-noi,HOA HẬU VĨNH NGỌC – NHÀ 7 TẦNG – THÁNG MÁY – CẠNH KHÁCH SẠN NHẬT TÂN,,"Ngọc chi, Xã Vĩnh Ngọc, Huyện Đông Anh, Hà NộiXem bản đồ","5,5 tỷ - 40 m2"
66.3 m²,4 phòng,3 phòng,Đã có sổ,"Nhà ngõ, hẻm",,,"99,53 triệu/m²",,4,,Nội thất cao cấp,,ha-noi,Định Công Thượng ngõ thông kinh doanh bán gấp giá rẻ,,"Định Công Thượng, Phường Định Công, Quận Hoàng Mai, Hà NộiXem bản đồ","6,599 tỷ - 66.3 m2"
35 m²,4 phòng,4 phòng,Đã có sổ,"Nhà ngõ, hẻm",,,110 triệu/m²,,4,,Nội thất đầy đủ,,ha-noi,Bán nhà Cầu Bươu Thanh Trì 35m2 chỉ 3.X tỷ KD Ô tô đỗ cổng LHCC 036***,,"Cầu Bươu, Xã Tân Triều, Huyện Thanh Trì, Hà NộiXem bản đồ","3,85 tỷ - 35 m2"
43 m²,5 phòng,5 phòng,,"Nhà ngõ, hẻm",,,"117,44 triệu/m²",,5,,,,ha-noi,"Bán nhà Lô góc 3 Thoáng Oto 10m Nguyễn Khang, Cầu Giấy DT 43m2 5 Tầng",,"Nguyễn Khang, Phường Yên Hoà, Quận Cầu Giấy, Hà NộiXem bản đồ","5,05 tỷ - 43 m2"
40 m²,5 phòng,4 phòng,Đã có sổ,"Nhà ngõ, hẻm",,,"133,75 triệu/m²",,5,,Nội thất cao cấp,,ha-noi,Cắt lỗ bán nhành nhà dân xây Xuân La 40m 5 tầng nhỉnh 5 tỷ,,"Đường Xuân La, Phường Xuân La, Quận Tây Hồ, Hà NộiXem bản đồ","5,35 tỷ - 40 m2"
37 m²,4 phòng,4 phòng,Đã có sổ,"Nhà ngõ, hẻm",,40 m²,"175,68 triệu/m²",,4,,,,ha-noi,"Hàng Hiếm giá đầu tư, nhà Phương Mai 38m2, 4 tầng, ngõ ôtô kinh doanh",,"Phố Phương Mai, Phường Phương Mai, Quận Đống Đa, Hà NộiXem bản đồ","6,5 tỷ - 37 m2"
73 m²,5 phòng,6 phòng,Đã có sổ,Nhà phố liền kề,,,"342,47 triệu/m²",,7,,Nhà trống,,ha-noi,LIỀN KỀ NGUYỄN TUÂN - Ô TÔ TRÁNH NHAU - DỪNG ĐỖ NGÀY ĐÊM - TOÀ NHÀ VỪA,,"Khuất Duy Tiến, Phường Nhân Chính, Quận Thanh Xuân, Hà NộiXem bản đồ",25 tỷ - 73 m2
240 m²,3 phòng,3 phòng,Đã có sổ,"Nhà ngõ, hẻm",,50 m²,"12,5 triệu/m²",,,,Nội thất đầy đủ,,ha-noi,NHÀ DÂN XÂY – NGÕ THÔNG OTO – Ở NGAY – ĐI BỘ RA TRƯỜNG QT ARCHIMEDES,,"Cổ Dương, Xã Tiên Dương, Huyện Đông Anh, Hà NộiXem bản đồ",3 tỷ - 240 m2
56 m²,4 phòng,3 phòng,Đã có sổ,"Nhà ngõ, hẻm",,,"137,5 triệu/m²",,4,,Nhà trống,,ha-noi,"Bán nhà ngõ Tô Vĩnh Diện, 4 tầng +1 tum",,"Tô Vĩnh Diện, Phường Khương Trung, Quận Thanh Xuân, Hà NộiXem bản đồ","7,7 tỷ - 56 m2"
33 m²,3 phòng,4 phòng,Đã có sổ,"Nhà ngõ, hẻm",5 m,,"131,82 triệu/m²",,5,,,,ha-noi,"Nhà Định Công Thượng, mới đẹp, nằm trong khu vực tiện ích",,"Ngõ 219 Định Công Thượng, Phường Định Công, Quận Hoàng Mai, Hà NộiXem bản đồ","4,35 tỷ - 33 m2"
42 m²,4 phòng,4 phòng,Đã có sổ,"Nhà ngõ, hẻm",,,"107,14 triệu/m²",,4,,Nội thất cao cấp,,ha-noi,"Thật 100%, bán nhà Thái Hà, Ô tô, Sát Phố, 42m2, 4 Tầng, 4.5 tỷ",,"Phố Hoàng Cầu, Phường Trung Liệt, Quận Đống Đa, Hà NộiXem bản đồ","4,5 tỷ - 42 m2"
68 m²,5 phòng,5 phòng,Đã có sổ,"Nhà mặt phố, mặt tiền",,,"308,82 triệu/m²",,5,,Nội thất cao cấp,,ha-noi,"Nguyễn Văn Lộc 68m, 5 tầng, MT 4,5m. Kinh doanh tốt. 21 Tỷ.",,"Phố Nguyễn Văn Lộc, Phường Mộ Lao, Quận Hà Đông, Hà NộiXem bản đồ",21 tỷ - 68 m2
45 m²,5 phòng,4 phòng,Đã có sổ,"Nhà ngõ, hẻm",,,"106,67 triệu/m²",,5,,Nhà trống,,ha-noi,Xuân Đỉnh - Nhà đẹp 45m2 x 5 tầng - Ở Ngay - Không có căn thứ 2,,"Đường Xuân Đỉnh, Phường Xuân Đỉnh, Quận Bắc Từ Liêm, Hà NộiXem bản đồ","4,8 tỷ - 45 m2"
80 m²,4 phòng,,,"Nhà mặt phố, mặt tiền",,,"137,5 triệu/m²",,7,,,,ha-noi,BÁN TOÀ VP+CĂN HỘ-Ở-CHO THUÊ-LÔ GÓC KD DT 80Mx MT5.6M x7T- KIM GIANG,,"KIM GIANG, Phường Kim Giang, Quận Thanh Xuân, Hà NộiXem bản đồ",11 tỷ - 80 m2
33 m²,4 phòng,3 phòng,Đã có sổ,"Nhà ngõ, hẻm",,,"86,36 triệu/m²",Đông Nam,4,,,,ha-noi,NHÀ ĐẸP Ở LUÔN - 33M - SÁT KĐT MỚI VÂN CANH - GẦN Ô TÔ - TĂNG GIÁ TỐT,,"Đường Phương Canh, Phường Phương Canh, Quận Nam Từ Liêm, Hà NộiXem bản đồ","2,85 tỷ - 33 m2"
58 m²,3 phòng,4 phòng,Đã có sổ,"Nhà mặt phố, mặt tiền",,,"172,41 triệu/m²",,5,,Nội thất cao cấp,,ha-noi,BÁN NHÀ MẶT ĐƯỜNG NGHĨA TÂN 58 M2 5 TẦNG KINH DOANH Ô TÔ TRÁNH,,"Nghĩa Tân, Phường Nghĩa Tân, Quận Cầu Giấy, Hà NộiXem bản đồ",10 tỷ - 58 m2
74 m²,2 phòng,3 phòng,Đã có sổ,"Nhà ngõ, hẻm",,,"174,32 triệu/m²",,4,,Nội thất đầy đủ,,ha-noi,"73 Nguyễn Trãi lô góc, ô tô tránh, mặt ngõ kinh doanh sầm uất",,"Nguyễn Trãi, Phường Khương Trung, Quận Thanh Xuân, Hà NộiXem bản đồ","12,9 tỷ - 74 m2"
38 m²,4 phòng,3 phòng,,"Nhà ngõ, hẻm",,38 m²,"103,95 triệu/m²",,,,,,ha-noi,Bán rẻ nhà Thanh Xuân 38m2_gần phố_dân xây_2 thoáng giá hời,,"Khương Đình, Phường Khương Đình, Quận Thanh Xuân, Hà NộiXem bản đồ","3,95 tỷ - 38 m2"
80 m²,5 phòng,5 phòng,Đã có sổ,"Nhà mặt phố, mặt tiền",,,225 triệu/m²,,5,,Nội thất đầy đủ,,ha-noi,"Bán nhà mặt phố Nguyễn Khắc Nhu, Quận Ba Đình, 80m2, MT 4.2m, 18 tỷ",,"Phố Nguyễn Khắc Nhu, Phường Trúc Bạch, Quận Ba Đình, Hà NộiXem bản đồ",18 tỷ - 80 m2
30 m²,3 phòng,3 phòng,Đã có sổ,,,,110 triệu/m²,Đông Bắc,5,,,,ha-noi,Chính chủ bán nhà 5 tầng Tân Mai-Hoàng Mai-HN,,"Phố Tân Mai, Phường Tân Mai, Quận Hoàng Mai, Hà NộiXem bản đồ","3,3 tỷ - 30 m2"
50 m²,3 phòng,3 phòng,Đã có sổ,"Nhà ngõ, hẻm",,,"109,8 triệu/m²",,3,,Nhà trống,,ha-noi,Phân lô QĐ Lê Trọng Tấn- Thanh Xuân- Dt 50m - 3PN - 5.49 tỷ- Mt gần 5m,,"Lê Trọng Tấn, Phường Khương Mai, Quận Thanh Xuân, Hà NộiXem bản đồ","5,49 tỷ - 50 m2"
42 m²,3 phòng,,,"Nhà ngõ, hẻm",,,"136,9 triệu/m²",,,,,,ha-noi,"Bán nhà QUANG TRUNG - PL Ô TÔ - 42m, mt4m - Hơn 5tỷ",,"Đường Quang Trung, Phường Quang Trung, Quận Hà Đông, Hà NộiXem bản đồ","5,75 tỷ - 42 m2"
46 m²,4 phòng,4 phòng,Đã có sổ,"Nhà ngõ, hẻm",,,"92,39 triệu/m²",,4,,Nội thất đầy đủ,,ha-noi,46M .MINH KHAI NGAY TIME CITY / 4 TẦNG / 4 NGỦ / MT : 4.3M / 4.25 TỶ,,"MINH KHAI, Phường Minh Khai, Quận Hai Bà Trưng, Hà NộiXem bản đồ","4,25 tỷ - 46 m2"
70 m²,5 phòng,5 phòng,Đã có sổ,"Nhà mặt phố, mặt tiền",,,"135,71 triệu/m²",,5,,Nhà trống,,ha-noi,"Cần bán nhanh căn Shophouse 5 tầng, Sao biển Vinhomes Ocean Park",,"Yên Viên, Thị trấn Trâu Quỳ, Huyện Gia Lâm, Hà NộiXem bản đồ","9,5 tỷ - 70 m2"
34 m²,4 phòng,3 phòng,Đã có sổ,"Nhà ngõ, hẻm",,,"55,59 triệu/m²",Đông Nam,4,,,,ha-noi,Nhà đẹp giá,,"Ngõ 215 Đường Hòa Bình, Phường Yên Nghĩa, Quận Hà Đông, Hà NộiXem bản đồ","1,89 tỷ - 34 m2"
39 m²,3 phòng,4 phòng,Đã có sổ,"Nhà mặt phố, mặt tiền",,,"153,85 triệu/m²",,4,,Nội thất đầy đủ,,ha-noi,"NHÀ MẶT PHỐ HOÀNG MAI KINH DOANH, Ô TÔ TRÁNH CÓ VỈA HÈ",,"Vĩnh Hưng, Phường Vĩnh Hưng, Quận Hoàng Mai, Hà NộiXem bản đồ","5,999999999 tỷ - 39 m2"
49 m²,4 phòng,4 phòng,Đã có sổ,"Nhà ngõ, hẻm",,49 m²,"103,67 triệu/m²",,4,,,,ha-noi,Nhà riêng Nguyễn Trãi - Thanh Xuân- Hàng xóm Royal - 49m*4T-5.08 tỷ,,"nguyễn trãi, Phường Nhân Chính, Quận Thanh Xuân, Hà NộiXem bản đồ","5,08 tỷ - 49 m2"
39 m²,4 phòng,4 phòng,Đã có sổ,"Nhà ngõ, hẻm",,,"109,74 triệu/m²",,4,,Nội thất đầy đủ,,ha-noi,"Bán nhà Xã Đàn, ngõ rộng, 2 thoáng, Kinh doanh, ở ngay, 48m2*4T",,"Xã Đàn, Phường Ô Chợ Dừa, Quận Đống Đa, Hà NộiXem bản đồ","4,28 tỷ - 39 m2"
46 m²,4 phòng,4 phòng,Đã có sổ,"Nhà ngõ, hẻm",,,"127,17 triệu/m²",,5,,Nội thất cao cấp,,ha-noi,"Cực hiếm! Nhà Láng Hạ, sát phố, 2 thoáng, nhà mới, NT sịn sò, 46m2*5T",,"Láng hạ, Phường Láng Hạ, Quận Đống Đa, Hà NộiXem bản đồ","5,85 tỷ - 46 m2"
226 m²,1 phòng,1 phòng,Đã có sổ,"Nhà mặt phố, mặt tiền",,,"103,98 triệu/m²",,1,,Nhà trống,,ha-noi,"Xa La 226m, C4, MT 11m. Vị trí đẹp, Kinh doanh tốt. 23,5 Tỷ.",,"Phố Xa La, Phường Phúc La, Quận Hà Đông, Hà NộiXem bản đồ","23,5 tỷ - 226 m2"
42 m²,4 phòng,3 phòng,Đang chờ sổ,"Nhà ngõ, hẻm",,,"61,9 triệu/m²",,,,,,ha-noi,"Cần bán gấp nhà phố Vũ Tông Phan DT 42m2 4T gần ô tô giá chỉ 2,6 tỷ",,"Vũ Tông Phan, Phường Khương Đình, Quận Thanh Xuân, Hà NộiXem bản đồ","2,6 tỷ - 42 m2"
33 m²,3 phòng,,Đã có sổ,"Nhà ngõ, hẻm",,,"83,33 triệu/m²",,5,,,,ha-noi,CHÍNH CHỦ BÁN NHÀ NGỌC HỒI 5 TẦNG - 80TR/M2,,"Ngọc Hồi, Xã Ngọc Hồi, Huyện Thanh Trì, Hà NộiXem bản đồ","2,75 tỷ - 33 m2"
95 m²,nhiều hơn 10 phòng,,Đã có sổ,"Nhà ngõ, hẻm",,,"198,95 triệu/m²",Đông Nam,9,,Nội thất đầy đủ,,ha-noi,"Cắt Lỗ Toà nhà 9 Tầng Dòng tiền 1,2 tỷ / năm ngõ ô tô Tại Cầu Giấy",,"Đường Nguyễn Khang, Phường Yên Hoà, Quận Cầu Giấy, Hà NộiXem bản đồ","18,9 tỷ - 95 m2"
60 m²,2 phòng,1 phòng,Đã có sổ,"Nhà ngõ, hẻm",,,"80,83 triệu/m²",,1,,Nhà trống,,ha-noi,Bán đất tặng nhà Cấp 4. TT Thanh Xuân. 60m2 x MT 5m. chỉ 4.85 tỷ. Sđcc,,"Khương Đình, Phường Khương Đình, Quận Thanh Xuân, Hà NộiXem bản đồ","4,85 tỷ - 60 m2"
60 m²,5 phòng,4 phòng,Đã có sổ,"Nhà ngõ, hẻm",,,"91,67 triệu/m²",,4,,Nội thất cao cấp,,ha-noi,🏡 Bán Nhà 4 Tầng 60m - tại Thạch Bàn Cổ Linh - Nội Thất Gỗ Giá 5.5 Tỷ,,"Thạch Bàn Cổ Linh, Phường Thạch Bàn, Quận Long Biên, Hà NộiXem bản đồ","5,5 tỷ - 60 m2"
45 m²,4 phòng,4 phòng,Đã có sổ,,,,"175,33 triệu/m²",,5,,,,ha-noi,💥💥💥HIẾM CÓ NHÀ ĐẸP HỒ TÂY CÓ THANG MÁY ĐƯỜNG ÔTÔ TRÁNH HƠN 7 TỶ,,"Đường Âu Cơ, Phường Quảng An, Quận Tây Hồ, Hà NộiXem bản đồ","7,89 tỷ - 45 m2"
49 m²,4 phòng,,Đã có sổ,"Nhà ngõ, hẻm",4 m,,"80,61 triệu/m²",,4,,Nội thất đầy đủ,,ha-noi,49M2_4 NGỦ_NGÕ 254 MINH KHAI_GẦN Ô TÔ_GIÁ 3.95 TỶ,,"Ngõ 254 Minh Khai, Phường Hoàng Văn Thụ, Quận Hoàng Mai, Hà NộiXem bản đồ","3,95 tỷ - 49 m2"
79 m²,4 phòng,3 phòng,Đã có sổ,"Nhà ngõ, hẻm",,,"62,03 triệu/m²",,4,,Nhà trống,,ha-noi,"Bán nhà phố Lạc Trung,Kim Ngưu 79m 4 tầng mặt tiền 5m giá 4.9 tỷ",,"Ngõ 156 Lạc Trung, Phường Thanh Lương, Quận Hai Bà Trưng, Hà NộiXem bản đồ","4,9 tỷ - 79 m2"
43 m²,4 phòng,,Đã có sổ,"Nhà ngõ, hẻm",5 m,,"93,02 triệu/m²",,4,,Nội thất cao cấp,,ha-noi,"Thật 100%, bán nhà Thái Thịnh, Ô tô, Sát Phố, 43m2, 4 Tầng, 4 tỷ",,"Phố Thái Thịnh, Phường Thịnh Quang, Quận Đống Đa, Hà NộiXem bản đồ",4 tỷ - 43 m2
43 m²,5 phòng,5 phòng,Đã có sổ,"Nhà ngõ, hẻm",,,"133,72 triệu/m²",,5,,,,ha-noi,"Bán Nhà Lô Góc 3 Thoáng Láng Hạ, Đống Đa 43m2, 5 Tầng Otô 20m",,"Láng hạ , Phường Láng Hạ, Quận Đống Đa, Hà NộiXem bản đồ","5,75 tỷ - 43 m2"
40 m²,4 phòng,4 phòng,Đã có sổ,"Nhà ngõ, hẻm",,,"96,25 triệu/m²",,4,,Nội thất đầy đủ,,ha-noi,Bán nhà Nhỉnh 3 tỷ - Hàng xóm bệnh viên Phương Đông _ Giá cực hữu nghị,,"Cổ Nhuế, Phường Cổ Nhuế 2, Quận Bắc Từ Liêm, Hà NộiXem bản đồ","3,85 tỷ - 40 m2"
168 m²,6 phòng,6 phòng,Đã có sổ,Nhà biệt thự,8 m,,"119,05 triệu/m²",,,,Nội thất cao cấp,,ha-noi,"Bán Biệt Thự Hồ Linh Đàm. Đẳng cấp Thượng Lưu, Hồ chạy quanh nhà.",,"Linh đàm, Phường Hoàng Liệt, Quận Hoàng Mai, Hà NộiXem bản đồ",20 tỷ - 168 m2
90 m²,5 phòng,6 phòng,,Nhà phố liền kề,,,"144,44 triệu/m²",,,,,,ha-noi,"Bán Liền Kề Mặt Phố Khu Đô Thị Linh Đàm. 5 tầng thang máy. 12,99 tỷ.",,"16, Bùi Quốc Khái, Phường Hoàng Liệt, Quận Hoàng Mai, Hà NộiXem bản đồ",13 tỷ - 90 m2
60 m²,4 phòng,5 phòng,,Nhà phố liền kề,5 m,300 m²,"139,98 triệu/m²",,,,,12 m,ha-noi,"Bán Liền Kề Hải Âu, 60m. 5 tầng, phân lô vỉa hè Ô tô tránh dân trí cao",,"Hoàng Liệt, Phường Hoàng Liệt, Quận Hoàng Mai, Hà NộiXem bản đồ","8,399 tỷ - 60 m2"
36 m²,4 phòng,4 phòng,Đã có sổ,"Nhà ngõ, hẻm",,,"104,17 triệu/m²",Đông Nam,4,,,,ha-noi,NHÀ MỚI ĐÓN TẾT - PHƯƠNG CANH - 36M2 - 4 NGỦ - KHU VỰC PHÁT TRIỂN,,"Ngõ 324 Phương Canh, Phường Phương Canh, Quận Nam Từ Liêm, Hà NộiXem bản đồ","3,75 tỷ - 36 m2"
21 m²,2 phòng,3 phòng,Đã có sổ,"Nhà ngõ, hẻm",,,"145,24 triệu/m²",,4,,Nội thất đầy đủ,,ha-noi,"Bán nhà Ngọc Khánh, Ba Đình 21m 4 tầng gần phố, giá đầu tư 3 tỉ",,"Phố Ngọc Khánh, Phường Giảng Võ, Quận Ba Đình, Hà NộiXem bản đồ","3,05 tỷ - 21 m2"
