Diện tích đất:,Số phòng ngủ:,Số phòng vệ sinh:,Giấy tờ pháp lý:,Loại hình nhà ở:,Chiều ngang:,Diện tích sử dụng:,Giá/m2:,Hướng cửa chính:,Tổng số tầng:,Đặc điểm nhà/đất:,Tình trạng nội thất:,Chiều dài:,Location,Name,URL,District,Price
114 m²,3 phòng,2 phòng,Đã có sổ,"Nhà ngõ, hẻm",6 m,,"52,63 triệu/m²",,3,,,,ha-noi,Bán nhà đẹp,,"Đường 32, Thị trấn Trạm Trôi, Huyện Hoài Đức, Hà NộiXem bản đồ",6 tỷ - 114 m2
40 m²,3 phòng,3 phòng,Đã có sổ,"Nhà ngõ, hẻm",3.8 m,,"187,5 triệu/m²",,2,,,,ha-noi,"Bán gấp nhà phố Văn Cao - Ba Đình, DT 71m2, 5tầng, MT 4,1m nở hậu gi",,"Đường Hoàng Hoa Thám, Phường Liễu Giai, Quận Ba Đình, Hà NộiXem bản đồ","7,5 tỷ - 40 m2"
80 m²,4 phòng,4 phòng,Đã có sổ,"Nhà ngõ, hẻm",,,"372,5 triệu/m²",,5,,,,ha-noi,"Bán nhà đẹp, lô góc, gara ô tô phố Lý Nam Đế-Hoàn Kiếm giá: 29.8 tỷ",,"Lý Nam Đế, Phường Hàng Mã, Quận Hoàn Kiếm, Hà NộiXem bản đồ","29,8 tỷ - 80 m2"
38 m²,4 phòng,,Đã có sổ,"Nhà ngõ, hẻm",4 m,,"82,89 triệu/m²",,5,,Nội thất cao cấp,,ha-noi,BÁN NHÀ KIM GIANG 38m2 5T 3.15 tỷ ngõ rộng 3.5m cách oto 8m 15m ra phố,,"Kim Giang, Phường Kim Giang, Quận Thanh Xuân, Hà NộiXem bản đồ","3,15 tỷ - 38 m2"
49 m²,3 phòng,,Đã có sổ,"Nhà ngõ, hẻm",4.5 m,,"102,04 triệu/m²",,3,,Bàn giao thô,,ha-noi,BÁN NHÀ LÊ TRỌNG TẤN 49m2 5 tỷ LÔ GÓC 3 THOÁNG KCBT NGÕ 3m 15m ra OTO,,"Lê Trọng Tấn, Phường Khương Mai, Quận Thanh Xuân, Hà NộiXem bản đồ",5 tỷ - 49 m2
61 m²,4 phòng,,Đã có sổ,"Nhà ngõ, hẻm",4.5998 m,,"163,93 triệu/m²",,4,,Nội thất đầy đủ,,ha-noi,"Phố Thái Hà, Đống Đa, 61m2x4T, MT 4,6m, Ô tô tránh, gần phố, giá 10 tỷ",,"Phố Thái Hà, Phường Trung Liệt, Quận Đống Đa, Hà NộiXem bản đồ",10 tỷ - 61 m2
35 m²,4 phòng,,Đã có sổ,"Nhà ngõ, hẻm",,,"137,14 triệu/m²",,,,Nội thất đầy đủ,,ha-noi,"Hiếm ! Khu VIP Cầu Giấy ngõ nông, kinh doanh, gần ô tô, 35m2*5T",,"Trần Thái Tông, Phường Dịch Vọng Hậu, Quận Cầu Giấy, Hà NộiXem bản đồ","4,8 tỷ - 35 m2"
30 m²,3 phòng,4 phòng,Đã có sổ,"Nhà ngõ, hẻm",,,"106,67 triệu/m²",Đông,5,,,,ha-noi,"Bán nhà phố yên duyên , Ngõ 3 Ba Gác Đỗ Cửa , Thông thoáng view hồ",,"Yên Duyên, Phường Yên Sở, Quận Hoàng Mai, Hà NộiXem bản đồ","3,2 tỷ - 30 m2"
35 m²,3 phòng,,Đã có sổ,"Nhà ngõ, hẻm",,,"117,14 triệu/m²",,4,,,,ha-noi,Thật 100% phố víp thái thịnh gần ngã tư sở 35M.4T,,"Thái Thịnh, Phường Trung Liệt, Quận Đống Đa, Hà NộiXem bản đồ","4,1 tỷ - 35 m2"
58 m²,10 phòng,,,"Nhà ngõ, hẻm",,,"151,55 triệu/m²",,,,,,ha-noi,"CCMN, DT 58m x 7 tầng, 10 phòng khép kín, giá 8.79 tỷ Định Công Thượng",,"Ngõ 219 Định Công Thượng, Phường Định Công, Quận Hoàng Mai, Hà NộiXem bản đồ","8,79 tỷ - 58 m2"
25 m²,2 phòng,2 phòng,Đang chờ sổ,"Nhà ngõ, hẻm",,,68 triệu/m²,Đông Bắc,3,,,,ha-noi,"Nhà mặt đất,diện tích 25m2 , xây 3 tầng ,2 ngủ,2wc. .",,"Nguyễn Trãi, Xã Tân Triều, Huyện Thanh Trì, Hà NộiXem bản đồ","1,7 tỷ - 25 m2"
35 m²,4 phòng,4 phòng,,"Nhà ngõ, hẻm",,,"135,71 triệu/m²",,6,,,,ha-noi,"Cần Bán Nhà ở Phố Ngọc Lâm-Long Biên,35m2 x 6 tầng,4 Ngủ,Full nội thất",,"Ngọc Lâm, Phường Ngọc Lâm, Quận Long Biên, Hà NộiXem bản đồ","4,75 tỷ - 35 m2"
60 m²,3 phòng,3 phòng,,"Nhà ngõ, hẻm",,,80 triệu/m²,,4,,,,ha-noi,"Cần Bán nhà ở Phố Ngọc Lâm, 60m2 x 4 tầng, Mặt tiền rộng 5,3m",,"Ngọc Lâm, Phường Ngọc Lâm, Quận Long Biên, Hà NộiXem bản đồ","4,8 tỷ - 60 m2"
45 m²,4 phòng,,,"Nhà ngõ, hẻm",,,"151,11 triệu/m²",,,,,,ha-noi,"Cần bán gấp nhà mặt ngõ Hào Nam, DT 46m x 4 tầng, giá 6.8 tỷ, lô góc",,"Phố Hào Nam, Phường Ô Chợ Dừa, Quận Đống Đa, Hà NộiXem bản đồ","6,8 tỷ - 45 m2"
47 m²,8 phòng,Nhiều hơn 6 phòng,Đã có sổ,"Nhà ngõ, hẻm",,,"138,3 triệu/m²",,6,,Nội thất đầy đủ,,ha-noi,6.5 TỶ _ 6T x 47M_ 7 NGỦ - LÁNG HẠ BA ĐÌNH - NGÕ THÔNG _ CÁCH Ô TÔ 20M,,"Phố Láng Hạ, Phường Thành Công, Quận Ba Đình, Hà NộiXem bản đồ","6,5 tỷ - 47 m2"
50 m²,5 phòng,4 phòng,,"Nhà ngõ, hẻm",,,77 triệu/m²,,,,,,ha-noi,"Cần Bán Nhà ở Phố Ngọc Thụy 50m2 x 4 tầng, 5 phòng ngủ,nhà mới đẹp",,"Ngọc Thụy, Phường Ngọc Thụy, Quận Long Biên, Hà NộiXem bản đồ","3,85 tỷ - 50 m2"
46 m²,4 phòng,,Đã có sổ,"Nhà ngõ, hẻm",,,"169,57 triệu/m²",Đông Nam,7,,Nội thất cao cấp,,ha-noi,"Cực hiếm,Lê Trọng Tấn,Thanh Xuân,KD,Thang máy,MT 4.5m,Lô góc,46m*7T",,"Phố Lê Trọng Tấn, Phường Phương Liệt, Quận Thanh Xuân, Hà NộiXem bản đồ","7,8 tỷ - 46 m2"
40 m²,4 phòng,5 phòng,Đã có sổ,"Nhà ngõ, hẻm",,,"158,75 triệu/m²",,5,,Nội thất cao cấp,,ha-noi,"SIÊU RẺ CHỈ 6 TỶ CÓ NGAY NHÀ ĐẸP,TRUNG LIỆT,ĐỐNG ĐA,LÔ GÓC,Ô TÔ,40m*5T",,"Đường Trung Lệt, Phường Trung Liệt, Quận Đống Đa, Hà NộiXem bản đồ","6,35 tỷ - 40 m2"
40 m²,4 phòng,5 phòng,,"Nhà ngõ, hẻm",,,"158,75 triệu/m²",Tây Bắc,5,,Nội thất đầy đủ,,ha-noi,"Hạ chào 500 triệu,Phố Trung Liệt,Đống Đa,Căn góc,Ô Tô, 40m*5T*3.5m",,"Phố Trung Liệt, Phường Trung Liệt, Quận Đống Đa, Hà NộiXem bản đồ","6,35 tỷ - 40 m2"
46 m²,4 phòng,,Đã có sổ,"Nhà ngõ, hẻm",,,"169,57 triệu/m²",,5,,Nội thất cao cấp,,ha-noi,"Thật 100%,Nhà Thanh Xuân,KD, Thang máy,Nhà mới,MT 4.5m Lô góc, 46m*7T.",,"Phố Lê Trọng Tấn, Phường Khương Mai, Quận Thanh Xuân, Hà NộiXem bản đồ","7,8 tỷ - 46 m2"
30 m²,3 phòng,4 phòng,Đã có sổ,"Nhà ngõ, hẻm",,30 m²,"111,67 triệu/m²",,5,,,,ha-noi,"BÁN NHÀ PHỐ KIM GIANG DT30M, 5T, OTO ĐỖ CỬA, NHỈNH 3Tỷ.",,"Kim Giang, Phường Hoàng Liệt, Quận Hoàng Mai, Hà NộiXem bản đồ","3,35 tỷ - 30 m2"
45 m²,4 phòng,,,"Nhà ngõ, hẻm",4 m,,"88,89 triệu/m²",,5,,,,ha-noi,bán nhà Mễ Trì 45m 4.5 tầng mặt tiền 4m. Nhận nhà ở ngay Giá chỉ 4 tỷ,,"Mễ Trì Hạ, Phường Mễ Trì, Quận Nam Từ Liêm, Hà NộiXem bản đồ",4 tỷ - 45 m2
40 m²,3 phòng,5 phòng,Đã có sổ,"Nhà ngõ, hẻm",,,"222,5 triệu/m²",,6,,Nội thất cao cấp,,ha-noi,Bán Nhà Phú Đô 40m2x6Tầng - Ô Tô Tránh - Kinh Doanh VIP - Thang Máy,,"Phú đô, Phường Phú Đô, Quận Nam Từ Liêm, Hà NộiXem bản đồ","8,9 tỷ - 40 m2"
50 m²,4 phòng,3 phòng,Đã có sổ,"Nhà ngõ, hẻm",,,176 triệu/m²,Đông,3,,,,ha-noi,HỒ ĐẮC DI - PHÂN LÔ - OTO TẢI CHẠY VÒNG QUANH NHÀ - TRUNG TÂM ĐỐNG ĐA,,"Hồ Đắc Di, Phường Nam Đồng, Quận Đống Đa, Hà NộiXem bản đồ","8,8 tỷ - 50 m2"
30 m²,3 phòng,4 phòng,Đã có sổ,"Nhà ngõ, hẻm",,,130 triệu/m²,,5,,Nội thất cao cấp,,ha-noi,BÁN NHANH NHÀ PHÚ DIỄN(BTL)_DT 30M2_X5 TẦNG_Ô TÔ VÀO NHÀ_FULL NỘI THẤT,,"Phú Diễn, Phường Cầu Diễn, Quận Nam Từ Liêm, Hà NộiXem bản đồ","3,9 tỷ - 30 m2"
30 m²,3 phòng,4 phòng,Đã có sổ,"Nhà ngõ, hẻm",,,"143,33 triệu/m²",Nam,6,,,,ha-noi,"Nhà mặt tiền 30m2, 3 phòng ngủ, đường Trương Định, Q.Hai Bà Trưng",,"Trương Định, Phường Trương Định, Quận Hai Bà Trưng, Hà NộiXem bản đồ","4,3 tỷ - 30 m2"
38 m²,5 phòng,5 phòng,Đã có sổ,"Nhà ngõ, hẻm",,,"156,58 triệu/m²",,6,,Nội thất đầy đủ,,ha-noi,6 TẦNG THANG MÁY - ĐỘI CẤN - 2 MẶT NGÕ _ 30M RA Ô TÔ TRÁNH _ THÔNG SAN,,"Đội Cấn, Phường Đội Cấn, Quận Ba Đình, Hà NộiXem bản đồ","5,95 tỷ - 38 m2"
64 m²,6 phòng,,,"Nhà mặt phố, mặt tiền",,,"312,5 triệu/m²",,5,"Hẻm xe hơi,Nở hậu",,,ha-noi,"BÁN NHÀ MẶTPHỐ QUẬN HAIB TRƯNG VỈA HÈ, KINH DOANH ĐỈNH 64M2 CHỈ 20 TỶ",,"Phố Minh Khai, Phường Minh Khai, Quận Hai Bà Trưng, Hà NộiXem bản đồ",20 tỷ - 64 m2
42 m²,6 phòng,4 phòng,Đã có sổ,"Nhà ngõ, hẻm",,,"90,48 triệu/m²",Đông Nam,5,,,,ha-noi,Cầu Cốc -Tây Mỗ diện tích: 42m2*5tầng; mặt tiền: 3.5m; giá: 3.8 tỷ,,"Ngõ 193 Cầu Cốc, Phường Tây Mỗ, Quận Nam Từ Liêm, Hà NộiXem bản đồ","3,8 tỷ - 42 m2"
70 m²,10 phòng,,Đã có sổ,Nhà biệt thự,,,"138,57 triệu/m²",,,"Hẻm xe hơi,Nở hậu",Nội thất cao cấp,,ha-noi,BIỆT THỰ HOÀNG MAI DÁT VÀNG -THANG MÁY - OTÔ VÀO NHÀ-70M2-9.7 TỶ,,"Đường Hoàng Mai, Phường Hoàng Văn Thụ, Quận Hoàng Mai, Hà NộiXem bản đồ","9,7 tỷ - 70 m2"
32 m²,4 phòng,4 phòng,,"Nhà ngõ, hẻm",,,"167,19 triệu/m²",Đông Nam,5,,Nội thất đầy đủ,,ha-noi,"SIÊU HIẾM!NHỈNH 5 TỶ CÓ NGAY NHÀ ĐẸP,NAM ĐỒNG,CĂN GÓC,GẦN Ô TÔ,35m*4m.",,"Xã Đàn, Phường Thổ Quan, Quận Đống Đa, Hà NộiXem bản đồ","5,35 tỷ - 32 m2"
60 m²,4 phòng,3 phòng,Đã có sổ,"Nhà ngõ, hẻm",,,"166,67 triệu/m²",Đông Nam,4,,,,ha-noi,Cực Hiếm Bán Nhà 3 mặt ngõ phố Phan Kế Bính DT60m2 4 Tầng ô tô qua,,"Phan kế bính, Phường Liễu Giai, Quận Ba Đình, Hà NộiXem bản đồ",10 tỷ - 60 m2
50 m²,6 phòng,,,"Nhà ngõ, hẻm",,,244 triệu/m²,,,"Hẻm xe hơi,Nở hậu",,,ha-noi,BÁN NHÀ ĐẸO ĐÀO TẤN - BA ĐÌNH Ở LUÔN 6 TẦNG THANG MÁY CHỈ 12.2 TỶ,,"Phố Đào Tấn, Phường Cống Vị, Quận Ba Đình, Hà NộiXem bản đồ","12,2 tỷ - 50 m2"
51 m²,3 phòng,,,"Nhà ngõ, hẻm",,,"88,24 triệu/m²",,4,,,,ha-noi,"Bán gấp nhà Mỹ Đình, Nam Từ Liêm 51m2 x 4 tầng giá 4,5 tỷ",,"Đường Mỹ Đình, Phường Mỹ Đình 2, Quận Nam Từ Liêm, Hà NộiXem bản đồ","4,5 tỷ - 51 m2"
45 m²,4 phòng,3 phòng,Đã có sổ,"Nhà ngõ, hẻm",,,"95,56 triệu/m²",,4,,Nội thất đầy đủ,,ha-noi,"Bán nhà Mễ Trì 43m2 4 tầng 3 ngủ MT4m dân xây, ở ngay nhỉnh 4 tỷ",,"Mễ Trì, Phường Mễ Trì, Quận Nam Từ Liêm, Hà NộiXem bản đồ","4,3 tỷ - 45 m2"
41 m²,4 phòng,4 phòng,Đã có sổ,"Nhà ngõ, hẻm",,,"102,44 triệu/m²",,5,,Nội thất đầy đủ,,ha-noi,"Bán gấp nhà Lê Quang Đạo Phú Đô 41m2 4 tầng 4 ngủ MT4,1m 4,2 tỷ",,"Đường Lê Quang Đạo, Phường Phú Đô, Quận Nam Từ Liêm, Hà NộiXem bản đồ","4,2 tỷ - 41 m2"
42 m²,4 phòng,,Đã có sổ,"Nhà ngõ, hẻm",,,"105,95 triệu/m²",,4,Nở hậu,,,ha-noi,"Bán nhà Phú Mỹ, Mỹ Đình 41.3m² 4 tầng mặt tiền 4,6m giá 4.45 tỷ",,"Đường Phú Mỹ, Phường Mỹ Đình 2, Quận Nam Từ Liêm, Hà NộiXem bản đồ","4,45 tỷ - 42 m2"
45 m²,4 phòng,,Đã có sổ,"Nhà ngõ, hẻm",4 m,,"95,56 triệu/m²",,4,,,,ha-noi,"Bán nhà ngõ phố Phú Đô - Lê Quang Đạo 45m2 4 tầng 4 ngủ giá 4,3 tỷ",,"Phú Đô, Phường Phú Đô, Quận Nam Từ Liêm, Hà NộiXem bản đồ","4,3 tỷ - 45 m2"
42 m²,4 phòng,,Đã có sổ,"Nhà ngõ, hẻm",,42 m²,"111,9 triệu/m²",,4,Hẻm xe hơi,,,ha-noi,"Bán nhà Mỹ Đình lô góc, ngõ ô tô 4 tầng 42m2 mặt tiền 4,5m giá 4,7 tỷ",,"Đường Mỹ Đình, Phường Mỹ Đình 2, Quận Nam Từ Liêm, Hà NộiXem bản đồ","4,7 tỷ - 42 m2"
170 m²,4 phòng,,Đã có sổ,"Nhà mặt phố, mặt tiền",10 m,,"270,59 triệu/m²",,2,,Nội thất đầy đủ,,ha-noi,Bán đất full thổ cư mp Bùi Quốc Khái - Linh Đàm 170m2 mt 10m 46 tỷ,,"Bùi Quốc Khái, Phường Tân Mai, Quận Hoàng Mai, Hà NộiXem bản đồ",46 tỷ - 170 m2
39 m²,4 phòng,3 phòng,Đã có sổ,"Nhà ngõ, hẻm",,,"97,44 triệu/m²",,4,,Nội thất đầy đủ,,ha-noi,Tây Mỗ diện tích:39m2* 4tầng; Mặt tiền: 3.3m; giá: 3.8 tỷ,,"tây mỗ, Phường Tây Mỗ, Quận Nam Từ Liêm, Hà NộiXem bản đồ","3,8 tỷ - 39 m2"
30 m²,3 phòng,4 phòng,Đã có sổ,"Nhà ngõ, hẻm",,,"185,19 triệu/m²",,5,,Nhà trống,,ha-noi,DOÃN KẾ THIỆN - 30M2 5 TẦNG - Ô TÔ ĐỖ CỬA - 5.X TỶ CÓ TL,,"Doãn Kế Thiện, Phường Nghĩa Đô, Quận Cầu Giấy, Hà NộiXem bản đồ","5,555555555 tỷ - 30 m2"
45 m²,4 phòng,4 phòng,Đã có sổ,"Nhà mặt phố, mặt tiền",5 m,,"95,56 triệu/m²",,,,Nội thất cao cấp,,ha-noi,"Chính Chủ Bán Nhà Đường Thanh Lãm,Phố Xốm,Hà Đông, Dt 45m2",,"Thanh Lãm, Phường Phú Lãm, Quận Hà Đông, Hà NộiXem bản đồ","4,3 tỷ - 45 m2"
50 m²,4 phòng,3 phòng,,"Nhà mặt phố, mặt tiền",,,140 triệu/m²,,,,,,ha-noi,"Bán nhà đẹp Quan Nhân, Thanh Xuân 5 tầng thoáng 2 mặt dt",,"Quan Nhân, Phường Khương Mai, Quận Thanh Xuân, Hà NộiXem bản đồ",7 tỷ - 50 m2
48 m²,2 phòng,1 phòng,Đã có sổ,"Nhà ngõ, hẻm",,,"39,17 triệu/m²",,4,,Nội thất đầy đủ,,ha-noi,"SIÊU HIẾM-TẬP THỂ TT BA ĐÌNH-LIỄU GIAI-48M2-1,88 TỶ-GẦN HỒ TÂY-LOTTE",,"Phố Đội Cấn, Phường Liễu Giai, Quận Ba Đình, Hà NộiXem bản đồ","1,88 tỷ - 48 m2"
30 m²,3 phòng,4 phòng,Đã có sổ,"Nhà ngõ, hẻm",,,160 triệu/m²,Đông,5,,,,ha-noi,"Nhà mặt tiền 30m2, 3 phòng ngủ, đường Lạc Trung, Q. Hai Bà Trưng",,"Cầu Lạc Trung, Phường Thanh Nhàn, Quận Hai Bà Trưng, Hà NộiXem bản đồ","4,8 tỷ - 30 m2"
60 m²,4 phòng,4 phòng,Đã có sổ,Nhà phố liền kề,,,"166,67 triệu/m²",,4,,Nội thất cao cấp,,ha-noi,Tôi Cần Bán Gấp Nhà Thái Hà,,"Phố Thái Thịnh, Phường Ngã Tư Sở, Quận Đống Đa, Hà NộiXem bản đồ",10 tỷ - 60 m2
46 m²,5 phòng,5 phòng,,"Nhà ngõ, hẻm",4 m,,"119,13 triệu/m²",,6,,,,ha-noi,Tôi bán nhà phố THÀNH THÁI 30m ra đường ôtô nhà thoáng sáng nhà 6 Tầng,,"Thành Thái, Phường Yên Hoà, Quận Cầu Giấy, Hà NộiXem bản đồ","5,48 tỷ - 46 m2"
198 m²,5 phòng,5 phòng,Đã có sổ,"Nhà mặt phố, mặt tiền",,,"93,43 triệu/m²",,6,,Nội thất cao cấp,,ha-noi,Tôi bán nhà 2 mặt phố Cầu Tó Phùng Hưng 198m2 ôTô tránh vỉa hè lô góc,,"Phùng Hưng, Phường Phúc La, Quận Hà Đông, Hà NộiXem bản đồ","18,5 tỷ - 198 m2"
35 m²,4 phòng,,Đã có sổ,"Nhà ngõ, hẻm",5 m,,"121,43 triệu/m²",,5,,Nội thất cao cấp,,ha-noi,BÁN NHÀ MỸ ĐÌNH 35m Ô TÔ ĐỖ CỔNG NHÀ MỚI TẶNG FULL NỘI THẤT GẦN PHỐ,,"Mỹ Đình, Phường Cổ Nhuế 1, Quận Bắc Từ Liêm, Hà NộiXem bản đồ","4,25 tỷ - 35 m2"
36 m²,4 phòng,,,"Nhà ngõ, hẻm",,,"205,56 triệu/m²",,,,,,ha-noi,"HIẾM! Bán nhà Phố Nguyễn Phong Sắc,Cầu Giấy, 36m2, 5 tầng,chỉ 7.4 tỷ",,"nguyễn phong sắc, Phường Dịch Vọng Hậu, Quận Cầu Giấy, Hà NộiXem bản đồ","7,4 tỷ - 36 m2"
40 m²,4 phòng,4 phòng,Đã có sổ,"Nhà ngõ, hẻm",,,150 triệu/m²,,5,,Nội thất đầy đủ,,ha-noi,"Bán nhà Cầu Giấy, 40m 5 tầng lô góc hai thoáng, gần phố, ngõ rộng 6 ty",,"Cầu Giấy, Phường Quan Hoa, Quận Cầu Giấy, Hà NộiXem bản đồ",6 tỷ - 40 m2
30 m²,3 phòng,,Đã có sổ,"Nhà ngõ, hẻm",,150 m²,145 triệu/m²,,5,,Nội thất cao cấp,,ha-noi,NHÀ THANH XUÂN MỚI KÍNH KOONG - BA GÁC - 20 MÉT Ô TÔ LOANH QUANH 4 TỶ,,"Khương Hạ, Phường Khương Đình, Quận Thanh Xuân, Hà NộiXem bản đồ","4,35 tỷ - 30 m2"
32 m²,3 phòng,4 phòng,Đã có sổ,"Nhà mặt phố, mặt tiền",,,"79,69 triệu/m²",,532,,Nội thất cao cấp,,ha-noi,Nhà Phố Vân Canh 5 Tầng Xây Đơn Lập,,"Đường Vân Canh, Xã Vân Canh, Huyện Hoài Đức, Hà NộiXem bản đồ","2,55 tỷ - 32 m2"
39 m²,5 phòng,5 phòng,Đã có sổ,"Nhà ngõ, hẻm",,,"191,03 triệu/m²",,5,,Nội thất đầy đủ,,ha-noi,"BN Trần Phú , oto đỗ cửa, 5 tầng, 5 ngủ giá 7,5tỷ",,"Trần Phú, Phường Nguyễn Trãi, Quận Hà Đông, Hà NộiXem bản đồ","7,45 tỷ - 39 m2"
35 m²,3 phòng,3 phòng,Đã có sổ,"Nhà ngõ, hẻm",,,"73,71 triệu/m²",Nam,3,,,,ha-noi,Ngãi cầu - Hoài đức S:30/35m2* 3tầng; mặt tiền: 4.9m; giá: 2.58 tỷ,,"ngõ 139 đường 72, Xã An Khánh, Huyện Hoài Đức, Hà NộiXem bản đồ","2,58 tỷ - 35 m2"
80 m²,8 phòng,,,"Nhà ngõ, hẻm",,,"86,88 triệu/m²",,,,,,ha-noi,"1 căn 80m2, 5 tầng, chỉ 6.95 tỷ, Ô TÔ đỗ cửa, vài bước ra phố Cầu Giấy",,"Trần thái tông, Phường Dịch Vọng Hậu, Quận Cầu Giấy, Hà NộiXem bản đồ","6,95 tỷ - 80 m2"
42 m²,4 phòng,,,"Nhà ngõ, hẻm",4.3 m,42 m²,"149,76 triệu/m²",,3,,Nội thất đầy đủ,,ha-noi,"Bán nhà Hoàng Quốc Việt Dt42m2*3t*mt4,3m.6,2tỷ.Ngõ thông ô tô 4 chỗ,KD",,"Hoàng quốc việt, Phường Quan Hoa, Quận Cầu Giấy, Hà NộiXem bản đồ","6,29 tỷ - 42 m2"
39 m²,4 phòng,4 phòng,Đã có sổ,"Nhà ngõ, hẻm",,,"115,38 triệu/m²",Đông Nam,5,,,,ha-noi,"Ngõ 299 Hoàng Mai 39m2 x 5 tầng , trung tâm , nhà mới , giá rẻ",,"Đường Hoàng Mai, Phường Mai Động, Quận Hoàng Mai, Hà NộiXem bản đồ","4,5 tỷ - 39 m2"
38 m²,4 phòng,4 phòng,Đã có sổ,"Nhà ngõ, hẻm",,,"183,95 triệu/m²",,5,,Nội thất cao cấp,,ha-noi,XUÂN LA - 5 TẦNG THANG MÁY - 2 THOÁNG - GẦN HỒ TÂY - 38M 6.99 TỶ,,"Xuân La, Phường Xuân La, Quận Tây Hồ, Hà NộiXem bản đồ","6,99 tỷ - 38 m2"
56 m²,4 phòng,3 phòng,,"Nhà ngõ, hẻm",4.4 m,,"110,71 triệu/m²",,4,,,,ha-noi,"Bán nhà ở ngay đường TRƯỜNG CHINH,THANH XUÂN,56m,4 tầng,4 ngủ, 6,2 tỷ.",,"Đường Trường Chinh, Phường Khương Mai, Quận Thanh Xuân, Hà NộiXem bản đồ","6,2 tỷ - 56 m2"
65 m²,5 phòng,,Đã có sổ,"Nhà ngõ, hẻm",,,"153,85 triệu/m²",,5,,Nội thất đầy đủ,,ha-noi,DƯƠNG QUẢNG HÀM_65m2- GARA OTO- NỘI THẤT XỊN- 2 THOÁNG- NHỈNH 10 TỶ,,"Dương Quảng Hàm, Phường Quan Hoa, Quận Cầu Giấy, Hà NộiXem bản đồ",10 tỷ - 65 m2
60 m²,6 phòng,,Đã có sổ,"Nhà ngõ, hẻm",,,"208,33 triệu/m²",,6,Hẻm xe hơi,Nhà trống,,ha-noi,TT CẦU GIẤY- 60m2- GARA OTO- THANG MÁY- CHỈ 12.5 tỷ- THOÁNG TRƯỚC SAU,,"Trần Cung, Phường Nghĩa Tân, Quận Cầu Giấy, Hà NộiXem bản đồ","12,5 tỷ - 60 m2"
40 m²,4 phòng,,Đã có sổ,"Nhà ngõ, hẻm",6 m,,200 triệu/m²,,8,,Nội thất đầy đủ,,ha-noi,TỨ LIÊN- 40m- GARA OTO- 8t THANG MÁY- NHÀ MỚI- VIEW HỒ,,"Tứ Liên, Phường Tứ Liên, Quận Tây Hồ, Hà NộiXem bản đồ",8 tỷ - 40 m2
38 m²,3 phòng,3 phòng,Đã có sổ,"Nhà mặt phố, mặt tiền",,,"165,79 triệu/m²",,5,,Nội thất đầy đủ,,ha-noi,"6 TỶ NHÀ LÔ GÓC NGÕ 147/2 PHỐ TÂN MAI.HOÀNG MAI.GARA ÔTÔ.5 TẦNG.MT4,5M",,"Ngõ 147/2 Tân Mai, Phường Tân Mai, Quận Hoàng Mai, Hà NộiXem bản đồ","6,3 tỷ - 38 m2"
48 m²,5 phòng,3 phòng,Đã có sổ,"Nhà ngõ, hẻm",,,"166,67 triệu/m²",,4,,Nội thất cao cấp,,ha-noi,"💥SỐC 8TỶ CHÙA BỘC,ĐỐNG ĐA-NGÕ ÔTÔ TRÁNH-KINH DOANH ĐỈNH-15M RA PHỐ TO💥",,"Phố Chùa Bộc, Phường Quang Trung, Quận Đống Đa, Hà NộiXem bản đồ",8 tỷ - 48 m2
50 m²,4 phòng,3 phòng,Đã có sổ,"Nhà mặt phố, mặt tiền",,,156 triệu/m²,,4,,Nội thất cao cấp,,ha-noi,"TRUNG TÂM TÂY HỒ-ÂU CƠ TỨ LIÊN-50M2-5TẦNG-GARA ÔTÔ-7,8TỶ-KINH DOANH",,"Đường Âu Cơ, Phường Tứ Liên, Quận Tây Hồ, Hà NộiXem bản đồ","7,8 tỷ - 50 m2"
40 m²,3 phòng,,Đã có sổ,"Nhà ngõ, hẻm",7 m,,"197,5 triệu/m²",,5,,Nhà trống,,ha-noi,AN DƯƠNG- 40m- 5T THANG MÁY- OTO TRÁNH- LÔ GÓC- MẶT TIỀN RỘNG- NHÀ MỚI,,"An Dương, Phường Yên Phụ, Quận Tây Hồ, Hà NộiXem bản đồ","7,9 tỷ - 40 m2"
40 m²,3 phòng,4 phòng,Đã có sổ,"Nhà ngõ, hẻm",,,"102,5 triệu/m²",,5,,Nội thất đầy đủ,,ha-noi,"Bán nhà Cổ Nhuế 40m2, 5T, 4.7m, 4.1tỷ nhà đẹp",,"Cổ Nhuế, Phường Cổ Nhuế 2, Quận Bắc Từ Liêm, Hà NộiXem bản đồ","4,1 tỷ - 40 m2"
40 m²,3 phòng,,Đã có sổ,"Nhà ngõ, hẻm",3 m,,"66,25 triệu/m²",,4,,,12 m,ha-noi,Bán nhà 4 tầng tại Ngọc Hồi Thanh Trì 40m T2 giá 2tỷ650,,"Yên Kiện, Xã Ngọc Hồi, Huyện Thanh Trì, Hà NộiXem bản đồ","2,65 tỷ - 40 m2"
60 m²,4 phòng,4 phòng,,"Nhà ngõ, hẻm",4.55 m,,"130,83 triệu/m²",,4,,Nội thất cao cấp,,ha-noi,"💥SỐC 7.85 TỶ BẠCH MAI,HAI BÀ TRƯNG-NGÕ THÔNG Ô TÔ-KINH DOANH NGÀY ĐÊM💥",,"Phố Bạch Mai, Phường Bạch Mai, Quận Hai Bà Trưng, Hà NộiXem bản đồ","7,85 tỷ - 60 m2"
39 m²,3 phòng,4 phòng,Đã có sổ,"Nhà ngõ, hẻm",,,"99,49 triệu/m²",,5,,Nội thất đầy đủ,,ha-noi,"Bán nhà quang Tiến-Đại Mỗ-Từ Liêm- 39m-gần ô tô-dân xây-3 ngủ, 4vs",,"Đường Quang Tiến, Phường Đại Mỗ, Quận Nam Từ Liêm, Hà NộiXem bản đồ","3,88 tỷ - 39 m2"
48 m²,3 phòng,,Đã có sổ,"Nhà ngõ, hẻm",6 m,,75 triệu/m²,,5,,Nội thất cao cấp,,ha-noi,BÁN NHÀ NGOẠI GIAO ĐOÀN 48m GẦN PHỐ DIỆN TÍCH RỘNG GIÁ RẺ CỰC HIẾM,,"xuân đỉnh, Phường Cổ Nhuế 1, Quận Bắc Từ Liêm, Hà NộiXem bản đồ","3,6 tỷ - 48 m2"
39 m²,9 phòng,Nhiều hơn 6 phòng,,"Nhà ngõ, hẻm",,39 m²,"146,15 triệu/m²",,,,,,ha-noi,"SIÊU ĐẸP TÒA NHÀ LÊ ĐỨC THỌ, 39MX5T, LÔ GÓC, GẦN OTO,KD,GIÁ NHỈNH 5TY",,"Đường Lê Đức Thọ, Phường Mỹ Đình 1, Quận Nam Từ Liêm, Hà NộiXem bản đồ","5,7 tỷ - 39 m2"
40 m²,4 phòng,,Đã có sổ,"Nhà ngõ, hẻm",5 m,,"106,25 triệu/m²",,5,,Nội thất cao cấp,,ha-noi,BÁN NHÀ NGOẠI GIAO ĐOÀN 40m GẦN PHỐ GẦN Ô TÔ NHÀ ĐẸP ĐÓN TẾT CỰC HIẾM,,"Xuân đỉnh, Phường Cổ Nhuế 1, Quận Bắc Từ Liêm, Hà NộiXem bản đồ","4,25 tỷ - 40 m2"
65 m²,4 phòng,4 phòng,,Nhà biệt thự,,,"166,15 triệu/m²",,,Hẻm xe hơi,,,ha-noi,"BÁN GẤP PHÂN LÔ CB HÀNG KHÔNG NGUYỄN SƠN - LONG BIÊN, GARA,Ô TÔ TRÁNH",,"Nguyễn Sơn, Phường Gia Thụy, Quận Long Biên, Hà NộiXem bản đồ","10,8 tỷ - 65 m2"
32 m²,2 phòng,2 phòng,Đã có sổ,"Nhà ngõ, hẻm",,,"64,06 triệu/m²",Đông Nam,2,,,,ha-noi,"Ngãi cầu - Phú vinh S:32m2; nhà cấp4; mặt tiền: 3.95m; giá TL: 2,05 tỷ",,"Phú Vinh, Xã An Khánh, Huyện Hoài Đức, Hà NộiXem bản đồ","2,05 tỷ - 32 m2"
50 m²,3 phòng,3 phòng,,"Nhà ngõ, hẻm",,,94 triệu/m²,,,,,,ha-noi,"🔥🔥BÁN NHÀ PHỐ NGỌC THỤY - LONG BIÊN, LÔ GÓC THOÁNG HIẾM CÓ KHÓ TÌM,",,"Ngọc Thụy, Phường Ngọc Thụy, Quận Long Biên, Hà NộiXem bản đồ","4,7 tỷ - 50 m2"
42 m²,4 phòng,,Đã có sổ,"Nhà ngõ, hẻm",,,"154,52 triệu/m²",,,,Nội thất đầy đủ,,ha-noi,"Hoàng Văn Thái, Thanh Xuân, 42m, oto, 30m ra phố, kinh doanh, khu VIP.",,"Hoàng Văn Thái, Phường Khương Mai, Quận Thanh Xuân, Hà NộiXem bản đồ","6,49 tỷ - 42 m2"
21 m²,3 phòng,,,"Nhà ngõ, hẻm",,,"102,38 triệu/m²",,,,,,ha-noi,"chỉ với 2,15 tỷ mua nhà phố Minh Khai 21m 4 tầng đầy đủ đồ chỉ việc ở.",,"minh khai, Phường Minh Khai, Quận Hai Bà Trưng, Hà NộiXem bản đồ","2,15 tỷ - 21 m2"
21 m²,3 phòng,,,"Nhà ngõ, hẻm",,,"102,38 triệu/m²",,,,,,ha-noi,"chỉ với 2,15 tỷ mua nhà phố Minh Khai 21m 4 tầng đầy đủ đồ chỉ việc ở.",,"minh khai, Phường Minh Khai, Quận Hai Bà Trưng, Hà NộiXem bản đồ","2,15 tỷ - 21 m2"
48 m²,4 phòng,,,"Nhà ngõ, hẻm",,,"91,67 triệu/m²",,,,,,ha-noi,BÁN NHÀ ĐẸP MỸ ĐÌNH 48M - NGÕ RỘNG - GIÁ 4TỶ,,"Mỹ đình, Phường Mỹ Đình 1, Quận Nam Từ Liêm, Hà NộiXem bản đồ","4,4 tỷ - 48 m2"
35 m²,3 phòng,4 phòng,Đã có sổ,"Nhà ngõ, hẻm",,,"91,43 triệu/m²",,5,,Nội thất đầy đủ,,ha-noi,"Cần Tiền Chạy Thận Bán Gấp Nhà Tân Mai, Ngõ Thông, 35m2 chỉ nhỉnh 3 tỷ",,"Phố Tân Mai, Phường Tân Mai, Quận Hoàng Mai, Hà NộiXem bản đồ","3,2 tỷ - 35 m2"
30 m²,4 phòng,,Đã có sổ,"Nhà ngõ, hẻm",5 m,,"132,67 triệu/m²",,5,,Nội thất cao cấp,,ha-noi,BÁN NHÀ NGOẠI GIAO ĐOÀN 30m NHÀ MỚI CỰC GẦN PHỐ GIÁ CỰC RẺ NHANH CHÂN!,,"Xuân đỉnh, Phường Cổ Nhuế 1, Quận Bắc Từ Liêm, Hà NộiXem bản đồ","3,98 tỷ - 30 m2"
34 m²,3 phòng,4 phòng,Đã có sổ,"Nhà ngõ, hẻm",,,"131,76 triệu/m²",,4,,Nội thất cao cấp,,ha-noi,HÀO NAM - Đ.ĐA - MỚI KÍNH KONG - 38M2 x 4T - 3 NGỦ - THOÁNG - NỞ HẬU,,"Phố Hào Nam, Phường Ô Chợ Dừa, Quận Đống Đa, Hà NộiXem bản đồ","4,48 tỷ - 34 m2"
59 m²,2 phòng,,,"Nhà ngõ, hẻm",,,"37,29 triệu/m²",,,,,,ha-noi,"Bán nhà Tam Trinh, Hoàng Mai, 59m2, 2 tầng, 2,2 tỷ, 20m ra ôtô tránh",,"Tam Trinh, Phường Yên Sở, Quận Hoàng Mai, Hà NộiXem bản đồ","2,2 tỷ - 59 m2"
102 m²,2 phòng,1 phòng,Giấy tờ khác,"Nhà ngõ, hẻm",,,"12,45 triệu/m²",Đông Nam,1,,,,ha-noi,Chính chủ bán nhà đất Phú Diễn-Bắc Từ Liêm,,"Ngõ 270, Phú Diễn, Phường Phú Diễn, Quận Bắc Từ Liêm, Hà NộiXem bản đồ","1,27 tỷ - 102 m2"
55 m²,5 phòng,,,Nhà phố liền kề,5.5998 m,,"84,55 triệu/m²",,,,,,ha-noi,NHỈNH 4 TỶ - VÕ CHÍ CÔNG - DIỆN TÍCH LỚN - 2THOÁNG - VỪA Ở VÀ CHO THUÊ,,"Võ chí công, Phường Quan Hoa, Quận Cầu Giấy, Hà NộiXem bản đồ","4,65 tỷ - 55 m2"
110 m²,nhiều hơn 10 phòng,,,"Nhà mặt phố, mặt tiền",,,"363,64 triệu/m²",,8,,,,ha-noi,SIÊU PHẨM TOÀ VP110M x 8 T-KD -DÒNG TIỀN 90TR/TH-MẶT PHỐ NGUYÊN HOÀNG,,"Phố Nguyễn Hoàng, Phường Mỹ Đình 2, Quận Nam Từ Liêm, Hà NộiXem bản đồ",40 tỷ - 110 m2
34 m²,3 phòng,,,"Nhà ngõ, hẻm",,,"94,12 triệu/m²",,,,,,ha-noi,"Bán nhà Tam Trinh, Hoàng Mai, 34m2, 5 tầng, 3,2 tỷ, ôtô đỗ cửa",,"Tam Trinh, Phường Yên Sở, Quận Hoàng Mai, Hà NộiXem bản đồ","3,2 tỷ - 34 m2"
35 m²,3 phòng,4 phòng,Đã có sổ,"Nhà ngõ, hẻm",,,"128,57 triệu/m²",,5,,Nhà trống,,ha-noi,"Nhà phố Bạch Mai quận Hai Bà Trưng 35m2, lô góc, 5 tầng, 4.5 tỷ",,"Phố Bạch Mai, Phường Bạch Mai, Quận Hai Bà Trưng, Hà NộiXem bản đồ","4,5 tỷ - 35 m2"
60 m²,5 phòng,5 phòng,Đã có sổ,"Nhà ngõ, hẻm",4 m,,"115,83 triệu/m²",,5,,,,ha-noi,"Chính chủ bán nhà phố Tư Đình 5 tầng DT 60m2, gara ô tô, giá 6.95 tỷ",,"số 2A, ngõ 129/42, Đường Bát Khối, Phường Long Biên, Quận Long Biên, Hà NộiXem bản đồ","6,95 tỷ - 60 m2"
95 m²,8 phòng,,Đã có sổ,Nhà phố liền kề,,,"269,01 triệu/m²",,5,,Nhà trống,,ha-noi,"Phố VIP Hai Bà Trưng,tiềm năng tăng giá, Quan chức, tinh hoa sinh sống",,"Trương Định, Phường Trương Định, Quận Hai Bà Trưng, Hà NộiXem bản đồ","25,555555555 tỷ - 95 m2"
39 m²,4 phòng,3 phòng,Đã có sổ,"Nhà ngõ, hẻm",,,"94,87 triệu/m²",,5,,Nội thất đầy đủ,,ha-noi,"P/lô Tây mỗ dân xây, xem là mê, dt 39m2 x 5 tầng - 4 ngủ chỉ 3,7 tỉ",,"Đường Tây Mỗ, Phường Tây Mỗ, Quận Nam Từ Liêm, Hà NộiXem bản đồ","3,7 tỷ - 39 m2"
50 m²,6 phòng,4 phòng,Đã có sổ,"Nhà ngõ, hẻm",,,112 triệu/m²,,5,,Nhà trống,,ha-noi,"Nhà phố Trần Khát Chân quận Hai Bà Trưng 50m2, lô góc, 5 tầng, 5.6 tỷ",,"Cầu Vượt Trần Khát Chân, Phường Lê Đại Hành, Quận Hai Bà Trưng, Hà NộiXem bản đồ","5,6 tỷ - 50 m2"
35 m²,4 phòng,,Đã có sổ,"Nhà ngõ, hẻm",5 m,,"142,57 triệu/m²",,5,,Nội thất cao cấp,,ha-noi,BÁN GẤP NHÀ CẦU GIẤY 35m NHÀ ĐẸP NHƯ KHÁCH SẠN 5* GẦN PHỐ Ở CỰC THÍCH,,"Yên Hòa, Phường Dịch Vọng, Quận Cầu Giấy, Hà NộiXem bản đồ","4,99 tỷ - 35 m2"
30 m²,3 phòng,4 phòng,Đã có sổ,"Nhà ngõ, hẻm",,,95 triệu/m²,,5,,Nhà trống,,ha-noi,BÁN NHÀ TÂY MỖ - 30m2 - THOÁNG TRƯỚC SAU - Ô TÔ 20M,,"Tây Mỗ, Phường Tây Mỗ, Quận Nam Từ Liêm, Hà NộiXem bản đồ","2,85 tỷ - 30 m2"
40 m²,3 phòng,,,"Nhà mặt phố, mặt tiền",,,"128,09 triệu/m²",,,"Hẻm xe hơi,Nở hậu",,,ha-noi,NHỈNH 5 TỶ - CẦU GIẤY - NHÀ ĐẸP - Ô TÔ ĐỖ CỔNG - NGÕ THÔNG - SỔ NỞ HẬU,,"Cầu Giấy, Phường Quan Hoa, Quận Cầu Giấy, Hà NộiXem bản đồ","5,123455434 tỷ - 40 m2"
34 m²,2 phòng,2 phòng,Đã có sổ,"Nhà ngõ, hẻm",,,"123,53 triệu/m²",,4,,Nội thất đầy đủ,,ha-noi,Mễ Trì Hạ diện tích: 34m2* 4tầng; mặt tiền: 5.9m; giá có TL: 4.2 tỷ,,"mễ trì hạ, Phường Mễ Trì, Quận Nam Từ Liêm, Hà NộiXem bản đồ","4,2 tỷ - 34 m2"
50 m²,3 phòng,3 phòng,Đã có sổ,"Nhà ngõ, hẻm",,,42 triệu/m²,Bắc,3,,,,ha-noi,"Chính chủ bán gấp nhà 2.1tỷ, 50m2, lô góc, 3 tầng, cách Hà Đông 3km",,"Ngõ 24 Đường Đông La, Xã Đông La, Huyện Hoài Đức, Hà NộiXem bản đồ","2,1 tỷ - 50 m2"
