Diện tích đất:,Số phòng ngủ:,Số phòng vệ sinh:,Giấy tờ pháp lý:,Loại hình nhà ở:,Chiều ngang:,Diện tích sử dụng:,Giá/m2:,Hướng cửa chính:,Tổng số tầng:,Đặc điểm nhà/đất:,Tình trạng nội thất:,Chiều dài:,Location,Name,URL,District,Price
32 m²,3 phòng,,,"Nhà ngõ, hẻm",3.5999 m,,"139,06 triệu/m²",,5,,Nội thất đầy đủ,9 m,ha-noi,"Bán nhà quận Hai Bà Trưng nhỉnh 4 tỷ, xây mới 5 tầng, 10m ra ô tô",,"Phố Minh Khai, Phường Minh Khai, Quận Hai Bà Trưng, Hà NộiXem bản đồ","4,45 tỷ - 32 m2"
35 m²,4 phòng,,,"Nhà ngõ, hẻm",,,"75,71 triệu/m²",,,,,,ha-noi,"BÁN NHÀ TRUNG TÂM XÃ AN KHÁNH 35M - CẠNH HỒ,Ô TÔ ĐỖ 50M - GIÁ 2,65 TỶ",,"Vân lũng, Xã An Khánh, Huyện Hoài Đức, Hà NộiXem bản đồ","2,65 tỷ - 35 m2"
35 m²,3 phòng,4 phòng,Đã có sổ,"Nhà ngõ, hẻm",,,120 triệu/m²,,4,,Nội thất đầy đủ,,ha-noi,"Bán nhà Trần Cung - Còn 1 căn 35m2 x 5 tầng - 50m ra phố - 4,2 tỷ",,"Đường Trần Cung, Phường Cổ Nhuế 1, Quận Bắc Từ Liêm, Hà NộiXem bản đồ","4,2 tỷ - 35 m2"
39 m²,4 phòng,4 phòng,Đã có sổ,"Nhà mặt phố, mặt tiền",,,"192,31 triệu/m²",,4,,Nội thất cao cấp,,ha-noi,"Bán nhà Chợ Xanh, Cầu Giấy, 39m, 4 tầng, ô tô kinh doanh siêu đỉnh",,"Phan văn trường, Phường Dịch Vọng Hậu, Quận Cầu Giấy, Hà NộiXem bản đồ","7,5 tỷ - 39 m2"
48 m²,4 phòng,,,"Nhà ngõ, hẻm",,,"142,71 triệu/m²",,,,,,ha-noi,"Bán nhà phố Vệ Hồ thoáng sáng, gần hồ Tây, ô tô, khu vực VIP Tây Hồ",,"Phố Vệ Hồ, Phường Xuân La, Quận Tây Hồ, Hà NộiXem bản đồ","6,85 tỷ - 48 m2"
35 m²,6 phòng,4 phòng,Đã có sổ,"Nhà ngõ, hẻm",,,"214,29 triệu/m²",,5,,Nội thất đầy đủ,,ha-noi,"Bán nhà Văn Cao, Ba Đình 35m 5 tầng 7.5 tỉ ô tô",,"Đường Văn Cao, Phường Liễu Giai, Quận Ba Đình, Hà NộiXem bản đồ","7,5 tỷ - 35 m2"
43 m²,4 phòng,,,"Nhà ngõ, hẻm",,,"125,58 triệu/m²",,,,,,ha-noi,"Bán nhà phố Trịnh Công Sơn, chủ cần bán sang Mỹ, tặng toàn bộ nội thất",,"Ngõ 97 Trịnh Công Sơn, Phường Nhật Tân, Quận Tây Hồ, Hà NộiXem bản đồ","5,4 tỷ - 43 m2"
48 m²,4 phòng,,,"Nhà ngõ, hẻm",,,"106,25 triệu/m²",,3,,,,ha-noi,Cầu Giấy-48m2-Giá 5.1 tỷ-30M Ra Ô Tô-2 Thoáng-Dân Xây-Dân Trí,,"Cầu Giấy, Phường Dịch Vọng, Quận Cầu Giấy, Hà NộiXem bản đồ","5,1 tỷ - 48 m2"
64 m²,3 phòng,3 phòng,Đã có sổ,"Nhà mặt phố, mặt tiền",,180 m²,"179,69 triệu/m²",,3,,,,ha-noi,"Bán nhà phân lô ô tô đỗ cửa mặt ngõ 192 Giải Phóng, Thanh Xuân",,"Giải Phóng, Phường Phương Liệt, Quận Thanh Xuân, Hà NộiXem bản đồ","11,5 tỷ - 64 m2"
45 m²,5 phòng,5 phòng,Đã có sổ,"Nhà ngõ, hẻm",,,"255,56 triệu/m²",,7,,Nội thất đầy đủ,,ha-noi,"Siêu Phẩm Phố Xã Đàn. 45m2 × 7 Tầng Thang Máy - Ngõ Ô TÔ, Vỉa hè - Phâ",,"Phố Xã Đàn, Phường Phương Liên, Quận Đống Đa, Hà NộiXem bản đồ","11,5 tỷ - 45 m2"
41 m²,6 phòng,5 phòng,Đã có sổ,"Nhà ngõ, hẻm",,,"148,78 triệu/m²",,5,,Nội thất đầy đủ,,ha-noi,CC bán nhà 5 tầng ngõ 322 Mỹ Đình - Ô tô qua nhà - Kinh doanh - 6.1 tỷ,,"Ngõ 322 Đường Mỹ Đình, Phường Mỹ Đình 1, Quận Nam Từ Liêm, Hà NộiXem bản đồ","6,1 tỷ - 41 m2"
35 m²,3 phòng,,,"Nhà ngõ, hẻm",,,"157,14 triệu/m²",,,Hẻm xe hơi,,,ha-noi,"Bán nhà mới phố Phú Xá, ngõ ô tô thông, nhỉnh 150tr/m2, khu vực VIP",,"Phố Phú Xá, Phường Phú Thượng, Quận Tây Hồ, Hà NộiXem bản đồ","5,5 tỷ - 35 m2"
32 m²,4 phòng,,,"Nhà mặt phố, mặt tiền",,32 m²,"206,25 triệu/m²",,,,,,ha-noi,NHÀ NGỌC HÀ - BA ĐÌNH - PHÂN LÔ - Ô TÔ TRÁNH - VỈA HÈ - KINH DOANH,,"Phố Ngọc Hà, Phường Ngọc Hà, Quận Ba Đình, Hà NộiXem bản đồ","6,6 tỷ - 32 m2"
40 m²,4 phòng,4 phòng,Đã có sổ,"Nhà mặt phố, mặt tiền",,,175 triệu/m²,,5,,Nội thất cao cấp,,ha-noi,"Bán nhà Mỹ Đình, mặt phố, 40m, 5 tầng, ô tô tránh vào nhà kinh doanh",,"Phú Mỹ, Phường Mỹ Đình 1, Quận Nam Từ Liêm, Hà NộiXem bản đồ",7 tỷ - 40 m2
35 m²,4 phòng,,Đã có sổ,"Nhà ngõ, hẻm",,,"108,57 triệu/m²",,,,,,ha-noi,"Nhà vừa ở vừa cho thuê hái ra tiền, gần ô tô tránh ngõ ba gác Minh Kha",,"Phố Minh Khai, Phường Vĩnh Tuy, Quận Hai Bà Trưng, Hà NộiXem bản đồ","3,8 tỷ - 35 m2"
37 m²,4 phòng,,Đã có sổ,"Nhà ngõ, hẻm",,,"63,51 triệu/m²",,4,,,,ha-noi,"Giáp 164 Ỷ La - Dương Nội , Nhà 4 tầng 37m2 Ô tô cách 15m chỉ 2,35 tỷ",,"Phố Ỷ La, Phường Dương Nội, Quận Hà Đông, Hà NộiXem bản đồ","2,35 tỷ - 37 m2"
12 m²,2 phòng,3 phòng,Đã có sổ,"Nhà ngõ, hẻm",,,"133,33 triệu/m²",,5,,Nội thất đầy đủ,,ha-noi,"Nhỏ tiền Kim Mã, Ba Đình 5 tầng 1.6 tỉ đủ công năng",,"Phố Kim Mã, Phường Kim Mã, Quận Ba Đình, Hà NộiXem bản đồ","1,6 tỷ - 12 m2"
42 m²,5 phòng,4 phòng,Đã có sổ,"Nhà mặt phố, mặt tiền",,,"147,62 triệu/m²",,6,,Nội thất cao cấp,,ha-noi,"Bán nhà Yên Hòa, Cầu Giấy 42m, 6 tầng, 20m ra phố, phòng thoáng sáng",,"yên hòa, Phường Yên Hoà, Quận Cầu Giấy, Hà NộiXem bản đồ","6,2 tỷ - 42 m2"
33 m²,3 phòng,3 phòng,Đã có sổ,"Nhà ngõ, hẻm",,,"119,7 triệu/m²",Đông,5,,,,ha-noi,cần bán nhà ở Hoàng Mai,,"47 Hoàng Mai Phường Hoàng Văn Thụ, Phường Hoàng Văn Thụ, Quận Hoàng Mai, Hà NộiXem bản đồ","3,95 tỷ - 33 m2"
50 m²,2 phòng,,Đã có sổ,"Nhà ngõ, hẻm",4 m,,89 triệu/m²,,2,,Bàn giao thô,,ha-noi,"90TR/M2-NGUYỄN LƯƠNG BĂNG-50M2-4,5 TỶ,DÒNG TIỀN-1 NGOẶT RA PHỐ-ĐỐNG ĐA",,"nguyễn lương bằng, Phường Thịnh Quang, Quận Đống Đa, Hà NộiXem bản đồ","4,45 tỷ - 50 m2"
12 m²,2 phòng,3 phòng,Đã có sổ,"Nhà ngõ, hẻm",,,"133,33 triệu/m²",,5,,Nội thất đầy đủ,,ha-noi,"Nhỏ tiền Kim Mã, Ba Đình 5 tầng 1.6 tỉ đủ công năng",,"Phố Kim Mã, Phường Kim Mã, Quận Ba Đình, Hà NộiXem bản đồ","1,6 tỷ - 12 m2"
42 m²,5 phòng,4 phòng,Đã có sổ,"Nhà mặt phố, mặt tiền",,,"147,62 triệu/m²",,6,,Nội thất cao cấp,,ha-noi,"Bán nhà Yên Hòa, Cầu Giấy 42m, 6 tầng, 20m ra phố, phòng thoáng sáng",,"yên hòa, Phường Yên Hoà, Quận Cầu Giấy, Hà NộiXem bản đồ","6,2 tỷ - 42 m2"
33 m²,3 phòng,3 phòng,Đã có sổ,"Nhà ngõ, hẻm",,,"119,7 triệu/m²",Đông,5,,,,ha-noi,cần bán nhà ở Hoàng Mai,,"47 Hoàng Mai Phường Hoàng Văn Thụ, Phường Hoàng Văn Thụ, Quận Hoàng Mai, Hà NộiXem bản đồ","3,95 tỷ - 33 m2"
50 m²,2 phòng,,Đã có sổ,"Nhà ngõ, hẻm",4 m,,89 triệu/m²,,2,,Bàn giao thô,,ha-noi,"90TR/M2-NGUYỄN LƯƠNG BĂNG-50M2-4,5 TỶ,DÒNG TIỀN-1 NGOẶT RA PHỐ-ĐỐNG ĐA",,"nguyễn lương bằng, Phường Thịnh Quang, Quận Đống Đa, Hà NộiXem bản đồ","4,45 tỷ - 50 m2"
30 m²,2 phòng,,Đã có sổ,"Nhà ngõ, hẻm",,,"86,67 triệu/m²",,,,,,ha-noi,"Cách ô tô 20m gần chợ Trần Khát Chân 24/30m2 x 4T, MT3.2 nhỉnh 2.6 tỷ",,"Đường Trần Khát Chân, Phường Thanh Lương, Quận Hai Bà Trưng, Hà NộiXem bản đồ","2,6 tỷ - 30 m2"
45 m²,3 phòng,,Đã có sổ,"Nhà ngõ, hẻm",,45 m²,"157,78 triệu/m²",,,,,,ha-noi,BÁN NHÀ ĐỘI CẤN - LÔ GÓC - 15 M RA MẶT PHỐ - BA GÁC ĐỖ CỬA,," Đội Cấn, Phường Đội Cấn, Quận Ba Đình, Hà NộiXem bản đồ","7,1 tỷ - 45 m2"
34 m²,3 phòng,,Đã có sổ,"Nhà ngõ, hẻm",5 m,,"127,94 triệu/m²",,5,,Nội thất cao cấp,,ha-noi,ĐỊNH CÔNG NHÀ ĐẸP LUNG LINH - 34M 5 TẦNG 3 NGỦ FUL NỘI THẤT XỊN Ở NGAY,,"Ngõ 192 Lê Trọng Tấn, Phường Định Công, Quận Hoàng Mai, Hà NộiXem bản đồ","4,35 tỷ - 34 m2"
50 m²,4 phòng,5 phòng,Đã có sổ,"Nhà ngõ, hẻm",,,92 triệu/m²,,5,,Nội thất đầy đủ,,ha-noi,"CHÍNH CHỦ BÁN NHÀ TRẦN CUNG TỪ LIÊM 50M2, CÁCH 20M RA OTO NHỈNH 4 TỶ.",,"Trấn Cung, Phường Cổ Nhuế 1, Quận Bắc Từ Liêm, Hà NộiXem bản đồ","4,6 tỷ - 50 m2"
35 m²,4 phòng,3 phòng,Đã có sổ,"Nhà ngõ, hẻm",,,80 triệu/m²,Đông Bắc,5,,,,ha-noi,nhà dân xây tại Lai Xá - có gác lửng - 35m2 - 4 tầng - đi bộ ra 32,,"Đường Vạn Xuân, Xã Kim Chung, Huyện Hoài Đức, Hà NộiXem bản đồ","2,8 tỷ - 35 m2"
33 m²,3 phòng,,Đã có sổ,"Nhà mặt phố, mặt tiền",,33 m²,"96,97 triệu/m²",,5,,,,ha-noi,"Bán gấp nhà dân xây Phúc Đồng. 10m ra Ô tô tránh, 33m x5T, nhỉnh 3 tỷ.",,"Phố Chu Huy Mân, Phường Phúc Đồng, Quận Long Biên, Hà NộiXem bản đồ","3,2 tỷ - 33 m2"
34 m²,3 phòng,4 phòng,Đã có sổ,"Nhà ngõ, hẻm",,,"131,47 triệu/m²",Đông,4,,,,ha-noi,NGUYỄN TRÃI-ROYAL CITY-THANH XUÂN-LÔ GÓC-34M2- 4 TẦNG- 4 TỶ- NGÃ TƯ SỞ,,"Đường Nguyễn Trãi, Phường Thanh Xuân Trung, Quận Thanh Xuân, Hà NộiXem bản đồ","4,47 tỷ - 34 m2"
55 m²,6 phòng,3 phòng,Đã có sổ,"Nhà ngõ, hẻm",,,"89,09 triệu/m²",,5,,Nội thất đầy đủ,,ha-noi,"Bán nhà Tân Mai, 55m2 x 4T x 4.9 tỷ, LÔ GÓC - MẶT TIỀN RỘNG - 10M Ô TÔ",,"Phố Tân Mai, Phường Tân Mai, Quận Hoàng Mai, Hà NộiXem bản đồ","4,9 tỷ - 55 m2"
39 m²,4 phòng,,Đã có sổ,"Nhà ngõ, hẻm",,39 m²,"147,44 triệu/m²",,,,,,ha-noi,BÁN NHÀ LÁNG HẠ - NHÀ MỚI CỨNG - PHỐ VIP - TT BA ĐÌNH,,"Phố Láng Hạ, Phường Thành Công, Quận Ba Đình, Hà NộiXem bản đồ","5,75 tỷ - 39 m2"
45 m²,3 phòng,6 phòng,Đã có sổ,"Nhà ngõ, hẻm",,,"122,22 triệu/m²",,4,,Nội thất cao cấp,,ha-noi,CẦU GIẤY - dtsd 45m2- 5 tầng - giá 5.5 tỷ - LÔ GÓC.,,"Cầu giấy, Phường Quan Hoa, Quận Cầu Giấy, Hà NộiXem bản đồ","5,5 tỷ - 45 m2"
35 m²,3 phòng,,Đã có sổ,"Nhà ngõ, hẻm",6.2 m,35 m²,"92,86 triệu/m²",,,,Nhà trống,,ha-noi,"Bán nhà oto 10m Tam Trinh Hoàng Mai. 35m, 6T. Hơn 3Tỷ",,"Tam Trinh, Phường Yên Sở, Quận Hoàng Mai, Hà NộiXem bản đồ","3,25 tỷ - 35 m2"
55 m²,4 phòng,4 phòng,Đã có sổ,"Nhà ngõ, hẻm",,,"94,55 triệu/m²",,5,,Nội thất đầy đủ,,ha-noi,CHỊ HƯƠNG NHỜ BÁN HỘ NHÀ VĨNH PHÚC54M-NGÕ THOÁNG-30M RA PHỐ-NGÕ THOÁNG,,"15, Vĩnh Phúc, Phường Vĩnh Phúc, Quận Ba Đình, Hà NộiXem bản đồ","5,2 tỷ - 55 m2"
70 m²,5 phòng,Nhiều hơn 6 phòng,Đã có sổ,"Nhà mặt phố, mặt tiền",,,400 triệu/m²,,8,,Nội thất đầy đủ,,ha-noi,CHỦ NHÀ CẦN BÁN TOÀ VĂN PHÒNG TAM KHƯƠNG 70M-MẶT PHỐ-KINH DOANH ĐỈNH,,"Tam Khương, Phường Khương Thượng, Quận Đống Đa, Hà NộiXem bản đồ",28 tỷ - 70 m2
42 m²,3 phòng,4 phòng,Đã có sổ,"Nhà ngõ, hẻm",,42 m²,"114,29 triệu/m²",,5,,,,ha-noi,BÁN NHÀ VĂN CAO 42m2 x 5Tầng - Ngõ Nông - Gần Ô Tô - Tiện Ích Đỉnh,,"Văn Cao, Phường Ngọc Hà, Quận Ba Đình, Hà NộiXem bản đồ","4,8 tỷ - 42 m2"
42 m²,4 phòng,4 phòng,Đã có sổ,"Nhà ngõ, hẻm",,,"133,33 triệu/m²",,5,,Nội thất cao cấp,,ha-noi,"Bán nhà 3 thoáng, Ngọc Hà, 42m2, 5.6 tỷ.",,"Phố Ngọc Hà, Phường Ngọc Hà, Quận Ba Đình, Hà NộiXem bản đồ","5,6 tỷ - 42 m2"
40 m²,4 phòng,5 phòng,Đã có sổ,"Nhà ngõ, hẻm",,,"147,5 triệu/m²",,5,,Nội thất đầy đủ,,ha-noi,"Bán Nhà Dân Xây ngõ 67 phố Lê Thanh Nghị, ngõ đẹp gần phố tiện ích",,"Lê thanh Nghị, Phường Đồng Tâm, Quận Hai Bà Trưng, Hà NộiXem bản đồ","5,9 tỷ - 40 m2"
45 m²,4 phòng,4 phòng,Đã có sổ,"Nhà ngõ, hẻm",,,"142,22 triệu/m²",,5,,Nội thất đầy đủ,,ha-noi,Mỹ Đình - 20m ra ô tô - Thông sàn rộng thênh thang - Nhỉnh 6 tỷ,,"Đường Mỹ Đình, Phường Mỹ Đình 1, Quận Nam Từ Liêm, Hà NộiXem bản đồ","6,4 tỷ - 45 m2"
32 m²,3 phòng,,,"Nhà ngõ, hẻm",,,"121,88 triệu/m²",,,,,,ha-noi,"Bán nhà Phú Xá mới xây 1 năm, thông thoáng, gần trường, 32m2, 3,9 tỷ",,"Phố Phú Xá, Phường Phú Thượng, Quận Tây Hồ, Hà NộiXem bản đồ","3,9 tỷ - 32 m2"
35 m²,4 phòng,4 phòng,Đã có sổ,"Nhà ngõ, hẻm",,,"124,29 triệu/m²",,5,,Nội thất cao cấp,,ha-noi,Bán nhà Phố Giáp Bát quận Hoàng Mau. Nhà đẹp nội thất xịn gần phố,,"Đường Giáp Bát, Phường Giáp Bát, Quận Hoàng Mai, Hà NộiXem bản đồ","4,35 tỷ - 35 m2"
79 m²,3 phòng,4 phòng,Đã có sổ,"Nhà ngõ, hẻm",4 m,,"75,95 triệu/m²",,4,,,,ha-noi,Bán nhà Dân xây Ngõ 299 phố Hoàng Mai.Ngõ ô tô vào nhà kinh doanh tốt,,"Ngõ 299 Hoàng Mai, Phường Hoàng Văn Thụ, Quận Hoàng Mai, Hà NộiXem bản đồ",6 tỷ - 79 m2
30 m²,3 phòng,5 phòng,Đã có sổ,"Nhà ngõ, hẻm",,30 m²,"161,67 triệu/m²",,,,,,ha-noi,NHÀ HOÀNG HOA THÁM - NHÀ MỚI - THANG MÁY NHẬP - TẦM TIỀN CỰC HIẾM CÓ.,,"Đường Hoàng Hoa Thám, Phường Liễu Giai, Quận Ba Đình, Hà NộiXem bản đồ","4,85 tỷ - 30 m2"
153 m²,6 phòng,4 phòng,Đã có sổ,Nhà biệt thự,,,"179,74 triệu/m²",,4,,Nội thất cao cấp,,ha-noi,Bán căn Biệt thự phố Phương Liệt quận Thanh Xuân.Nhà 2 mặt phố ô tô,,"Phố Phương Liệt, Phường Phương Liệt, Quận Thanh Xuân, Hà NộiXem bản đồ","27,5 tỷ - 153 m2"
61 m²,6 phòng,5 phòng,Đã có sổ,"Nhà ngõ, hẻm",4.3 m,,"88,52 triệu/m²",,5,,,,ha-noi,Bán nhà Dân Xây phố Vọng quận Hai Bà Trưng. Sổ đỏ 61M giá tốt gần phố,,"Phố Vọng, Phường Đồng Tâm, Quận Hai Bà Trưng, Hà NộiXem bản đồ","5,4 tỷ - 61 m2"
35 m²,3 phòng,5 phòng,Đã có sổ,"Nhà mặt phố, mặt tiền",,,"124,29 triệu/m²",,6,,Nội thất cao cấp,,ha-noi,Bán nhà khu vực TRƯƠNG ĐỊNH - GIÁP NHỊ. DtSD 35M. 6 TẦNG. GIÁ CHỈ 4 TỶ,,"Đường Trương Định, Phường Tân Mai, Quận Hoàng Mai, Hà NộiXem bản đồ","4,35 tỷ - 35 m2"
80 m²,nhiều hơn 10 phòng,Nhiều hơn 6 phòng,Đã có sổ,"Nhà ngõ, hẻm",,,"128,75 triệu/m²",,6,,Nội thất đầy đủ,,ha-noi,"Bán nhà 6t thanh Máy phố Giải Phóng,ngõ nông gần phố doanh thu 600tr/5",,"Đường Giải Phóng, Phường Hoàng Liệt, Quận Hoàng Mai, Hà NộiXem bản đồ","10,3 tỷ - 80 m2"
32 m²,3 phòng,,,"Nhà ngõ, hẻm",,,"118,75 triệu/m²",,,,,,ha-noi,"Bán nhà Phú Thượng đẹp như tranh, hàng xóm Ciputra, đẳng cấp Tây Hồ",,"Phố Phú Thượng, Phường Phú Thượng, Quận Tây Hồ, Hà NộiXem bản đồ","3,8 tỷ - 32 m2"
52 m²,2 phòng,2 phòng,Đã có sổ,"Nhà ngõ, hẻm",4 m,,100 triệu/m²,,2,,,,ha-noi,Bán nhà 2T Ngõ 105 phố Trung Phụng quận Đống Đa. Ngõ đẹp gần phố,,"Phố Trung Phụng, Phường Thổ Quan, Quận Đống Đa, Hà NộiXem bản đồ","5,2 tỷ - 52 m2"
45 m²,4 phòng,4 phòng,Đã có sổ,"Nhà ngõ, hẻm",4 m,,"127,78 triệu/m²",,4,,,,ha-noi,Bán nhà Dân xây Ngõ 521 phố Trương Định Ngõ ô tô đỗ cửa. 10M ra phố,,"Đường Trương Định, Phường Tân Mai, Quận Hoàng Mai, Hà NộiXem bản đồ","5,75 tỷ - 45 m2"
126 m²,8 phòng,Nhiều hơn 6 phòng,Đã có sổ,"Nhà mặt phố, mặt tiền",,,"333,33 triệu/m²",,9,,Nội thất cao cấp,,ha-noi,Toà Bullding Văn Phòng-Lô Góc 8T Nổi 1Hầm-Kinh Doanh Đa Ngành Nghề,,"Hoàng quốc việt, Phường Nghĩa Đô, Quận Cầu Giấy, Hà NộiXem bản đồ",42 tỷ - 126 m2
50 m²,4 phòng,5 phòng,Đã có sổ,"Nhà mặt phố, mặt tiền",,,336 triệu/m²,,6,,Nội thất cao cấp,,ha-noi,Bán nhà Mặt phố Dương Văn Bé nhà Dân tự xây dựng Kinh doanh vỉa hè 4M,,"Phố Dương Văn Bé, Phường Vĩnh Tuy, Quận Hai Bà Trưng, Hà NộiXem bản đồ","16,8 tỷ - 50 m2"
33 m²,3 phòng,4 phòng,Đã có sổ,"Nhà ngõ, hẻm",,,"80,3 triệu/m²",Tây Bắc,4,,,,ha-noi,Nhà dân gửi bán Phú Lãm 33m2 xây 4 tầng cách đường ô tô 20m,,"Phố Xốm, Phường Phú Lãm, Quận Hà Đông, Hà NộiXem bản đồ","2,65 tỷ - 33 m2"
36 m²,4 phòng,,Đã có sổ,"Nhà ngõ, hẻm",3.5 m,,"69,44 triệu/m²",,5,,Nhà trống,,ha-noi,Bán nhà Phú Lương ~36m2*4Pn thiết kế hiện giá nhỉnh 2 tỷ cách ô tô 50m,,"Phố Phú Lương, Phường Phú Lương, Quận Hà Đông, Hà NộiXem bản đồ","2,5 tỷ - 36 m2"
44 m²,4 phòng,,Đã có sổ,"Nhà ngõ, hẻm",4.6999 m,,100 triệu/m²,,5,,Nội thất cao cấp,,ha-noi,"NHÀ ĐẸP KHƯƠNG HẠ, GẦN PHỐ, DT 44M2X5T MT4,7M FULL NỘI THẤT XỊN Ở NGAY",,"PHỐ KHƯƠNG HẠ, Phường Khương Đình, Quận Thanh Xuân, Hà NộiXem bản đồ","4,4 tỷ - 44 m2"
33 m²,4 phòng,4 phòng,Đã có sổ,"Nhà ngõ, hẻm",,,"68,18 triệu/m²",,5,,Nhà trống,,ha-noi,Bán nhà gần cây xăng Đồng Mai 33m2 giá chỉ từ 2.15 tỷ ô tô đỗ cổng,,"Quốc lộ 6, Phường Yên Nghĩa, Quận Hà Đông, Hà NộiXem bản đồ","2,25 tỷ - 33 m2"
25 m²,3 phòng,,,"Nhà ngõ, hẻm",,,108 triệu/m²,,,,,,ha-noi,"2,7 tỷ 25m 5 tầng ở ngay, phố Kim Giang cạnh KĐT Linh Đàm, 15m ra phố",,"Kim Giang, Phường Hoàng Liệt, Quận Hoàng Mai, Hà NộiXem bản đồ","2,7 tỷ - 25 m2"
32 m²,3 phòng,4 phòng,Đã có sổ,"Nhà ngõ, hẻm",,,"88,13 triệu/m²",,5,,Nhà trống,,ha-noi,Bán nhà giáp KĐT Đô Nghĩa ô tô cách 10m giá 2.82 tỷ 32m2 xây 5 Tầng,,"Yên nghĩa , Phường Yên Nghĩa, Quận Hà Đông, Hà NộiXem bản đồ","2,82 tỷ - 32 m2"
32 m²,3 phòng,4 phòng,Đã có sổ,"Nhà ngõ, hẻm",,,"88,13 triệu/m²",,5,,Nhà trống,,ha-noi,Bán nhà giáp KĐT Đô Nghĩa ô tô cách 10m giá 2.82 tỷ 32m2 xây 5 Tầng,,"Yên nghĩa , Phường Yên Nghĩa, Quận Hà Đông, Hà NộiXem bản đồ","2,82 tỷ - 32 m2"
35 m²,4 phòng,4 phòng,Đã có sổ,"Nhà ngõ, hẻm",,,"142,86 triệu/m²",,5,,Nội thất cao cấp,,ha-noi,"Bán nhà mặt ngõ kinh doanh, Kim Mã, 35m2, nhỉnh 5 tỷ.",,"Phố Kim Mã, Phường Kim Mã, Quận Ba Đình, Hà NộiXem bản đồ",5 tỷ - 35 m2
38 m²,4 phòng,4 phòng,Đã có sổ,"Nhà ngõ, hẻm",,,"136,84 triệu/m²",,5,,Nội thất cao cấp,,ha-noi,"Bán nhà Cầu Giấy, 20 m ra ô tô, 38m2, 5.2 tỷ.",,"cầu giấy, Phường Yên Hoà, Quận Cầu Giấy, Hà NộiXem bản đồ","5,2 tỷ - 38 m2"
51 m²,nhiều hơn 10 phòng,Nhiều hơn 6 phòng,Đã có sổ,"Nhà ngõ, hẻm",,,"215,69 triệu/m²",Đông Nam,7,,,,ha-noi,TOÀ CCMN MỸ ĐÌNH 12 PHÒNG KHÉP KÍN FULL ĐỒ DOANH THU 80TR/THÁNG,,"Ngõ 402 Đường Mỹ Đình, Phường Mỹ Đình 1, Quận Nam Từ Liêm, Hà NộiXem bản đồ",11 tỷ - 51 m2
55 m²,4 phòng,3 phòng,Đã có sổ,"Nhà mặt phố, mặt tiền",,,"41,45 triệu/m²",,4,,Nội thất đầy đủ,,ha-noi,Nhà Rộng 55m xây dựng 4 tầng tại Đại Thành,,"Đại Thành- Đông La, Phường Yên Nghĩa, Quận Hà Đông, Hà NộiXem bản đồ","2,28 tỷ - 55 m2"
50 m²,3 phòng,3 phòng,Đã có sổ,Nhà phố liền kề,,,37 triệu/m²,,3,,Nội thất đầy đủ,,ha-noi,"Bán nhà 50m2 xây 3 tầng tại Đại Thành. chỉ 1,85 tỉ đồng",,"Đại Thành, Đông La, Phường Yên Nghĩa, Quận Hà Đông, Hà NộiXem bản đồ","1,85 tỷ - 50 m2"
30 m²,3 phòng,3 phòng,Đã có sổ,Nhà phố liền kề,,,65 triệu/m²,,4,,Nội thất đầy đủ,,ha-noi,"Bán Nhà Trong đê Yên Nghĩa giá chỉ 1,95 tỉ đồng",,"Đông La, Phường Yên Nghĩa, Quận Hà Đông, Hà NộiXem bản đồ","1,95 tỷ - 30 m2"
35 m²,4 phòng,4 phòng,Đã có sổ,"Nhà ngõ, hẻm",,,140 triệu/m²,,5,,Nội thất cao cấp,,ha-noi,"Bán nhà Cầu Giấy, 10m ra ô tô dừng đỗ, 35m2, 4.9 tỷ.",,"cầu giấy, Phường Yên Hoà, Quận Cầu Giấy, Hà NộiXem bản đồ","4,9 tỷ - 35 m2"
36 m²,4 phòng,,,"Nhà ngõ, hẻm",,,"105,56 triệu/m²",,,,,,ha-noi,"Bán Nhà Tôn Đức Thắng, Đống Đa, 4 Tầng, Giá chỉ 3,8 Tỷ.",,"Tôn Đức Thắng, Phường Hàng Bột, Quận Đống Đa, Hà NộiXem bản đồ","3,8 tỷ - 36 m2"
39 m²,5 phòng,5 phòng,Đã có sổ,"Nhà ngõ, hẻm",5 m,,"126,15 triệu/m²",,,,Nội thất đầy đủ,,ha-noi,Chính chủ bán nhà phố Trần Duy Hưng 39m2×5 tầng,,"Đường Trần Duy Hưng, Phường Trung Hoà, Quận Cầu Giấy, Hà NộiXem bản đồ","4,92 tỷ - 39 m2"
35 m²,4 phòng,4 phòng,Đã có sổ,"Nhà ngõ, hẻm",,,"108,57 triệu/m²",,4,,Nhà trống,,ha-noi,"Cực Ngon ! Nhà Minh Khai 35M ,Ngõ Ba gác ,cách ô tô 30m , tiện ích ..",,"Minh Khai, Phường Minh Khai, Quận Hai Bà Trưng, Hà NộiXem bản đồ","3,8 tỷ - 35 m2"
41 m²,4 phòng,4 phòng,Đã có sổ,"Nhà ngõ, hẻm",,,"136,59 triệu/m²",,5,,Nội thất cao cấp,,ha-noi,"Bán gấp nhà Hoàng Quốc Việt, 41m2, 5.6 tỷ.",,"Phố Nghĩa Đô, Phường Nghĩa Đô, Quận Cầu Giấy, Hà NộiXem bản đồ","5,6 tỷ - 41 m2"
42 m²,3 phòng,,,"Nhà ngõ, hẻm",5.6999 m,240 m²,"190,48 triệu/m²",,6,,Nội thất cao cấp,,ha-noi,"Bán nhà 6 tầng thang máy, full nôi thất,dt 42m2. nguyễn văn cừ. bồ đề",,"Nguyễn Văn Cừ, Phường Bồ Đề, Quận Long Biên, Hà NộiXem bản đồ",8 tỷ - 42 m2
35 m²,4 phòng,4 phòng,Đã có sổ,"Nhà ngõ, hẻm",,,"124,29 triệu/m²",,4,,Nội thất đầy đủ,,ha-noi,BÁN NHÀ BẰNG LIỆT 10M RA Ô TÔ NHÕ RỘNG 3M 5 TẦNG NHỈNH 4 TỶ,,"Bằng Liệt, Phường Hoàng Liệt, Quận Hoàng Mai, Hà NộiXem bản đồ","4,35 tỷ - 35 m2"
54 m²,4 phòng,5 phòng,Đã có sổ,"Nhà ngõ, hẻm",,,"96,3 triệu/m²",,5,,Nội thất đầy đủ,,ha-noi,A TUẤN CẦN TIỀN GẤP BÁN NHÀ VĨNH PHÚC 54M-30M RA PHỐ-NGÕ THÔNG THOÁNG,,"23, Vĩnh Phúc, Phường Vĩnh Phúc, Quận Ba Đình, Hà NộiXem bản đồ","5,2 tỷ - 54 m2"
42 m²,5 phòng,5 phòng,Đã có sổ,"Nhà ngõ, hẻm",,,"133,33 triệu/m²",,5,,Nội thất cao cấp,,ha-noi,"Bán siêu phẩm Trần Thái Tông, 42m2, 5.6 tỷ.",,"trần thái tông, Phường Dịch Vọng, Quận Cầu Giấy, Hà NộiXem bản đồ","5,6 tỷ - 42 m2"
33 m²,4 phòng,,Đã có sổ,"Nhà ngõ, hẻm",,,"124,24 triệu/m²",,6,,,,ha-noi,"Bán nhà Lê Quang Đạo, 33m2, 6 tầng, ngõ rộng, ở ngay, chỉ 4.1 tỷ",,"Đường Lê Quang Đạo, Phường Mỹ Đình 1, Quận Nam Từ Liêm, Hà NộiXem bản đồ","4,1 tỷ - 33 m2"
35 m²,4 phòng,4 phòng,Đã có sổ,"Nhà ngõ, hẻm",,,"137,14 triệu/m²",,5,,Nội thất cao cấp,,ha-noi,"Bán nhà Kim Mã, 35m2, 4.8 tỷ.",,"Phố Kim Mã, Phường Kim Mã, Quận Ba Đình, Hà NộiXem bản đồ","4,8 tỷ - 35 m2"
38 m²,4 phòng,4 phòng,Đã có sổ,"Nhà ngõ, hẻm",,,"92,11 triệu/m²",,5,,Nội thất đầy đủ,,ha-noi,Bán nhà Khâm Thiên 38m2 nhà đẹp về ở luôn thoáng 2 mặt 3.5 tỷ,,"Phố Khâm Thiên, Phường Khâm Thiên, Quận Đống Đa, Hà NộiXem bản đồ","3,5 tỷ - 38 m2"
50 m²,4 phòng,4 phòng,Đã có sổ,"Nhà ngõ, hẻm",,,140 triệu/m²,,4,,Nội thất đầy đủ,,ha-noi,Bán nhà Thái Thịnh 50m2 nhà đẹp lô góc thoáng sáng ở ngay 7 tỷ,,"Phố Thái Thịnh, Phường Láng Hạ, Quận Đống Đa, Hà NộiXem bản đồ",7 tỷ - 50 m2
33 m²,4 phòng,,Đã có sổ,"Nhà ngõ, hẻm",,,"124,24 triệu/m²",,6,,,,ha-noi,"Bán nhà Lê Quang Đạo, 33m2, 6 tầng, ngõ rộng, ở ngay, chỉ 4.1 tỷ",,"Đường Lê Quang Đạo, Phường Mỹ Đình 1, Quận Nam Từ Liêm, Hà NộiXem bản đồ","4,1 tỷ - 33 m2"
35 m²,4 phòng,4 phòng,Đã có sổ,"Nhà ngõ, hẻm",,,"137,14 triệu/m²",,5,,Nội thất cao cấp,,ha-noi,"Bán nhà Kim Mã, 35m2, 4.8 tỷ.",,"Phố Kim Mã, Phường Kim Mã, Quận Ba Đình, Hà NộiXem bản đồ","4,8 tỷ - 35 m2"
38 m²,4 phòng,4 phòng,Đã có sổ,"Nhà ngõ, hẻm",,,"92,11 triệu/m²",,5,,Nội thất đầy đủ,,ha-noi,Bán nhà Khâm Thiên 38m2 nhà đẹp về ở luôn thoáng 2 mặt 3.5 tỷ,,"Phố Khâm Thiên, Phường Khâm Thiên, Quận Đống Đa, Hà NộiXem bản đồ","3,5 tỷ - 38 m2"
50 m²,4 phòng,4 phòng,Đã có sổ,"Nhà ngõ, hẻm",,,140 triệu/m²,,4,,Nội thất đầy đủ,,ha-noi,Bán nhà Thái Thịnh 50m2 nhà đẹp lô góc thoáng sáng ở ngay 7 tỷ,,"Phố Thái Thịnh, Phường Láng Hạ, Quận Đống Đa, Hà NộiXem bản đồ",7 tỷ - 50 m2
30 m²,4 phòng,,,"Nhà ngõ, hẻm",,,"183,33 triệu/m²",,,,,,ha-noi,"Bán Nhà Thái Hà, Trung Tâm Đống Đa, 5 Tầng, Ô Tô, Giá Nhỉnh 5 tỷ.",,"Thái Hà, Phường Trung Liệt, Quận Đống Đa, Hà NộiXem bản đồ","5,5 tỷ - 30 m2"
42 m²,4 phòng,4 phòng,Đã có sổ,"Nhà ngõ, hẻm",,,125 triệu/m²,,5,,Nội thất cao cấp,,ha-noi,"Bán nhà mặt ngõ kinh doanh, Cầu Giấy, 42m2, 5.25 tỷ.",,"cầu giấy, Phường Yên Hoà, Quận Cầu Giấy, Hà NộiXem bản đồ","5,25 tỷ - 42 m2"
35 m²,4 phòng,4 phòng,Đã có sổ,"Nhà ngõ, hẻm",,,"133,43 triệu/m²",,5,,Nội thất cao cấp,,ha-noi,"Bán nhà Đào Tấn, mặt tiền 6m, 2 thoáng, 35m2, 4.67 tỷ",,"Phố Đào Tấn, Phường Cống Vị, Quận Ba Đình, Hà NộiXem bản đồ","4,67 tỷ - 35 m2"
40 m²,4 phòng,4 phòng,Đã có sổ,"Nhà ngõ, hẻm",,,"118,75 triệu/m²",,6,,Nội thất đầy đủ,,ha-noi,Bán nhà Ngọc Lâm 40m2 ngõ nông vài bước ra phố kinh doanh tốt 4.75 tỷ,,"Ngọc Lâm, Phường Ngọc Lâm, Quận Long Biên, Hà NộiXem bản đồ","4,75 tỷ - 40 m2"
35 m²,4 phòng,4 phòng,Đã có sổ,"Nhà ngõ, hẻm",,,"131,43 triệu/m²",,5,,Nội thất đầy đủ,,ha-noi,Bán nhà An Dương 35m2 nhà mới xây vị trí đẹp oto đỗ cổng 4.6 tỷ,,"An Dương, Phường Yên Phụ, Quận Tây Hồ, Hà NộiXem bản đồ","4,6 tỷ - 35 m2"
42 m²,4 phòng,,,"Nhà ngõ, hẻm",,,"123,81 triệu/m²",,,,,,ha-noi,"Bán Nhà Đẹp Xã Đàn, Đống Đa, Lô Góc, Ô Tô, 42m2 x 5 Tầng, MT: 5m",,"Đặng Văn Ngữ, Phường Trung Tự, Quận Đống Đa, Hà NộiXem bản đồ","5,2 tỷ - 42 m2"
37 m²,4 phòng,4 phòng,Đã có sổ,"Nhà ngõ, hẻm",,,"117,57 triệu/m²",,4,,Nội thất đầy đủ,,ha-noi,"Nhỉnh 4 tỷ nhà 4 tầng 4 phòng ngủ ngõ rộng vị trí đẹp,dân trí tiện ích",,"Minh Khai, Phường Minh Khai, Quận Hai Bà Trưng, Hà NộiXem bản đồ","4,35 tỷ - 37 m2"
48 m²,4 phòng,4 phòng,,"Nhà ngõ, hẻm",,,"181,25 triệu/m²",,6,,,,ha-noi,Đội Cấn-48M2-Giá 8.7 Tỷ-Mặt Ngõ Ô tô Tránh-Vỉa hè-Kinh Doanh,,"Đội Cấn, Phường Vĩnh Phúc, Quận Ba Đình, Hà NộiXem bản đồ","8,7 tỷ - 48 m2"
50 m²,4 phòng,,,"Nhà ngõ, hẻm",,,118 triệu/m²,,,,,,ha-noi,Thái Thịnh_Đống Đa_Ngõ To_30m Ra Ô tô_Thông_Lô Góc_Ở Sướng_Kinh Doanh,,"Phố Thái Thịnh, Phường Thịnh Quang, Quận Đống Đa, Hà NộiXem bản đồ","5,9 tỷ - 50 m2"
43 m²,4 phòng,,,"Nhà ngõ, hẻm",,,"106,98 triệu/m²",,4,,,,ha-noi,Bán nhà Võng Thị-43m2-Nhỉnh 4 tỷ-30M Ra Ô tô-2 Thoáng-Dân Trí,,"Võng Thị, Phường Bưởi, Quận Tây Hồ, Hà NộiXem bản đồ","4,6 tỷ - 43 m2"
52 m²,nhiều hơn 10 phòng,Nhiều hơn 6 phòng,Đã có sổ,Nhà phố liền kề,,,"163,46 triệu/m²",,6,,Nội thất đầy đủ,,ha-noi,BÁN CHUNG CƯ MINI-52m-6 TẦNG THANG MÁY-Ô TÔ TRÁNH-11 PHÒNG--8.X TỶ,,"Đường Hòa Bình, Phường Yên Nghĩa, Quận Hà Đông, Hà NộiXem bản đồ","8,5 tỷ - 52 m2"
44 m²,3 phòng,4 phòng,Đã có sổ,"Nhà ngõ, hẻm",,,125 triệu/m²,Đông Nam,5,,,,ha-noi,"Bán nhà phố nguyễn văn cừ, 5 tầng, Dt45m2. giá 5.5 tỷ, full nội thất",,"Nguyễn Văn Cừ, Phường Long Biên, Quận Long Biên, Hà NộiXem bản đồ","5,5 tỷ - 44 m2"
35 m²,4 phòng,5 phòng,Đã có sổ,"Nhà ngõ, hẻm",,,"138,57 triệu/m²",,6,,Nội thất cao cấp,,ha-noi,"Tin thật 100% - PK 4 Tỷ có nhà 6T Thang máy tại Đội Cấn, đẳng cấp sống",,"Đội Cấn, Phường Ngọc Hà, Quận Ba Đình, Hà NộiXem bản đồ","4,85 tỷ - 35 m2"
43 m²,6 phòng,,Đã có sổ,"Nhà ngõ, hẻm",,,"111,63 triệu/m²",,,,,,ha-noi,"Bán nhà phố Tôn Thất Tùng, Đống Đa, nhà dân xây, lô góc, 43m, 5T",,"Phố Tôn Thất Tùng, Phường Khương Thượng, Quận Đống Đa, Hà NộiXem bản đồ","4,8 tỷ - 43 m2"
38 m²,4 phòng,,,"Nhà ngõ, hẻm",,,"126,32 triệu/m²",,,,,,ha-noi,"Kinh doanh CHDV, GĐ Ở Ô Tô, Lô Góc, 6 Tầng, Thịnh Quang, 4,9 Tỷ.",,"Thịnh Quang, Phường Ngã Tư Sở, Quận Đống Đa, Hà NộiXem bản đồ","4,8 tỷ - 38 m2"
40 m²,3 phòng,,,"Nhà ngõ, hẻm",,,"172,5 triệu/m²",,,,,,ha-noi,"HIẾM CÓ KHÓ TÌM, phố Duy Tân,Cầu Giấy, 40m2, 6 tầng,MT 4.2, chỉ 5.9 tỷ",,"Duy Tân, Phường Dịch Vọng Hậu, Quận Cầu Giấy, Hà NộiXem bản đồ","6,9 tỷ - 40 m2"
