Diện tích đất:,Số phòng ngủ:,Số phòng vệ sinh:,Giấy tờ pháp lý:,Loại hình nhà ở:,Chiều ngang:,Diện tích sử dụng:,Giá/m2:,Hướng cửa chính:,Tổng số tầng:,Đặc điểm nhà/đất:,Tình trạng nội thất:,Chiều dài:,Location,Name,URL,District,Price
36 m²,3 phòng,,Đã có sổ,"Nhà ngõ, hẻm",4.6 m,,"119,44 triệu/m²",,5,,Nội thất cao cấp,,ha-noi,"BÁN NHÀ KIM GIANG, Ô TÔ ĐỖ CỔNG, 36M RA PHỐ, NHÀ MỚI ĐẸP TẶNG NỘI THẤT",,"Đường Kim Giang, Phường Đại Kim, Quận Hoàng Mai, Hà NộiXem bản đồ","4,3 tỷ - 36 m2"
64 m²,4 phòng,,Đã có sổ,"Nhà ngõ, hẻm",4.0998 m,,"160,94 triệu/m²",,5,,Nội thất cao cấp,,ha-noi,"HIẾM! P/LÔ PHỐ HOÀNG VĂN THÁI, ÔTÔ TRÁNH, K.DOANH, NHÀ ĐẸP 64MX5T 5PN",,"PHỐ HOÀNG VĂN THÁI, Phường Khương Mai, Quận Thanh Xuân, Hà NộiXem bản đồ","10,3 tỷ - 64 m2"
40 m²,4 phòng,,Đã có sổ,"Nhà ngõ, hẻm",,,"92,5 triệu/m²",,,,,,ha-noi,"BÁN GẤP ĐỊNH CÔNG 40M x 4 TẦNG ĐẸP Ở LUÔN 3,7 TỶ GẦN Ô TÔ",,"Định Công, Phường Định Công, Quận Hoàng Mai, Hà NộiXem bản đồ","3,7 tỷ - 40 m2"
31 m²,3 phòng,,,"Nhà ngõ, hẻm",3.7999 m,31 m²,"112,9 triệu/m²",,5,,,8 m,ha-noi,BÁN NHÀ ĐẸP NGỌC TRÌ 5 TẦNG MẶT TIỀN 3.8M- NỘI THẤT TẶNG KÈM,,"Ngõ 318 Phố Ngọc Trì, Phường Thạch Bàn, Quận Long Biên, Hà NộiXem bản đồ","3,5 tỷ - 31 m2"
40 m²,5 phòng,6 phòng,Đã có sổ,"Nhà ngõ, hẻm",,,132 triệu/m²,,6,,Nội thất cao cấp,,ha-noi,"Siêu Hiếm Chỉ Nhỉnh 5 tỷ ,Nhà Võ Chí Công,Tây Hồ 40M, 6 Tầng,Thang máy",,"Đường Lạc Long Quân, Phường Bưởi, Quận Tây Hồ, Hà NộiXem bản đồ","5,28 tỷ - 40 m2"
75 m²,5 phòng,6 phòng,Đã có sổ,"Nhà mặt phố, mặt tiền",,,"251,73 triệu/m²",,8,,Nội thất cao cấp,,ha-noi,"Bán nhà phố Giải Phóng,75m 8 tầng thang máy,oto full nội thất tiền tỷ",,"Giải Phóng, Phường Giáp Bát, Quận Hoàng Mai, Hà NộiXem bản đồ","18,88 tỷ - 75 m2"
29 m²,3 phòng,,,"Nhà ngõ, hẻm",,,"179,31 triệu/m²",,,,,,ha-noi,Bán nhà ngõ 51 Linh Quang ô tô tránh Diên tích 29 m 5 tầng giá 5.2 tỷ,,"Linh Quang, Phường Văn Chương, Quận Đống Đa, Hà NộiXem bản đồ","5,2 tỷ - 29 m2"
58 m²,4 phòng,3 phòng,Đã có sổ,"Nhà ngõ, hẻm",,,"131,03 triệu/m²",,4,,Nhà trống,,ha-noi,Nhà phân lô quân đội phố Tô Vĩnh Diện 60m 4 tầng ngõ ô tô nhỉnh 7 tỷ.,,"Vương Thừa Vũ, Phường Khương Trung, Quận Thanh Xuân, Hà NộiXem bản đồ","7,6 tỷ - 58 m2"
45 m²,5 phòng,,,"Nhà ngõ, hẻm",,,"103,33 triệu/m²",,,,,,ha-noi,Không lo đụng hàng! Nhà ở mạn Phố Huế 45m2*5tầng ở hay cho thuê vô đối,,"Đê Trần Khát Chân, Phường Thanh Lương, Quận Hai Bà Trưng, Hà NộiXem bản đồ","4,65 tỷ - 45 m2"
63 m²,8 phòng,,,"Nhà ngõ, hẻm",,,"68,25 triệu/m²",,,,,,ha-noi,Đẹp thôi miên! Toà CHDV ngay gần ĐH Bách Kinh Xây 63m2*6 tầng chỉ 4 tỷ,,"Phố Đại La, Phường Trương Định, Quận Hai Bà Trưng, Hà NộiXem bản đồ","4,3 tỷ - 63 m2"
70 m²,4 phòng,,Đã có sổ,"Nhà mặt phố, mặt tiền",,,"328,57 triệu/m²",,6,"Hẻm xe hơi,Nở hậu",Nội thất cao cấp,,ha-noi,Phố Quần Ngựa - Ba Đình - 70m2 x 6 Tầng - Vỉa hè - Ô TÔ tránh - 23 tỷ,,"Phố Quần Ngựa, Phường Liễu Giai, Quận Ba Đình, Hà NộiXem bản đồ",23 tỷ - 70 m2
80 m²,5 phòng,5 phòng,Đã có sổ,"Nhà ngõ, hẻm",,,"202,5 triệu/m²",,5,,Nội thất cao cấp,,ha-noi,"Bán nhà riêng quận Cầu giấy, plô, ôtô tránh, Kinh doanh, 2 thoáng, 80m",,"Đường 800A, Phường Nghĩa Đô, Quận Cầu Giấy, Hà NộiXem bản đồ","16,2 tỷ - 80 m2"
50 m²,9 phòng,,,"Nhà ngõ, hẻm",,,92 triệu/m²,,5,,,,ha-noi,"Hồ Tùng Mậu, Nhà Đẹp 50m x 5T, Ở Ngay Cách Phố 50m",,"Hồ tùng mậu, Phường Phú Diễn, Quận Bắc Từ Liêm, Hà NộiXem bản đồ","4,6 tỷ - 50 m2"
36 m²,4 phòng,5 phòng,,"Nhà ngõ, hẻm",,,"141,67 triệu/m²",,5,,,,ha-noi,"Nhà Phố Dương Khuê, Cầu Giấy - Cách 1 Nhà Ra Phố: 36m x 5 Tầng",,"Dương Khuê, Phường Mai Dịch, Quận Cầu Giấy, Hà NộiXem bản đồ","5,1 tỷ - 36 m2"
57 m²,4 phòng,4 phòng,Đã có sổ,"Nhà ngõ, hẻm",,,"163,16 triệu/m²",,4,,Nội thất cao cấp,,ha-noi,"Bán Nhà 4 Tầng 60m2 Ngõ Ô Tô Đỗ Cửa Phố Phan Kế Bính, Giá 9,3 tỷ",,"Phan Kế Bính, Phường Đội Cấn, Quận Ba Đình, Hà NộiXem bản đồ","9,3 tỷ - 57 m2"
48 m²,9 phòng,Nhiều hơn 6 phòng,Đã có sổ,"Nhà ngõ, hẻm",,,"106,25 triệu/m²",,5,,,,ha-noi,"Chung Cư MiNi Giá Thủng Đáy!Văn Tiến Dũng, Bắc Từ Liêm: 48m, 9P K. Kín",,"Văn Tiến Dũng, Phường Phúc Diễn, Quận Bắc Từ Liêm, Hà NộiXem bản đồ","5,1 tỷ - 48 m2"
33 m²,3 phòng,,,"Nhà ngõ, hẻm",,,"90,91 triệu/m²",,4,,Nhà trống,,ha-noi,"Nhà Quang Lãm,ngõ thông,33m-4T o to đậu cửa,gần chợ, trường học,thoáng",,"quang lãm, Phường Phú Lãm, Quận Hà Đông, Hà NộiXem bản đồ",3 tỷ - 33 m2
309 m²,4 phòng,5 phòng,Đã có sổ,Nhà biệt thự,,,"196,96 triệu/m²",,4,,Nội thất cao cấp,,ha-noi,"Đơn lập 309m2 full nội thất cao cấp, 60.86 tỷ khu Vip Vin Gia Lâm",,"Ngọc Trai, Thị trấn Trâu Quỳ, Huyện Gia Lâm, Hà NộiXem bản đồ","60,86 tỷ - 309 m2"
54 m²,3 phòng,5 phòng,Đã có sổ,"Nhà ngõ, hẻm",6 m,,"164,63 triệu/m²",,6,,,,ha-noi,"ẢNH THẬT 100% NHÀ PHỐ VIP VĂN CAO - 6 TẦNG THANG MÁY - DT 54M, MT 6M",,"Đường Văn Cao, Phường Liễu Giai, Quận Ba Đình, Hà NộiXem bản đồ","8,89 tỷ - 54 m2"
42 m²,3 phòng,4 phòng,,"Nhà ngõ, hẻm",,,"96,43 triệu/m²",,5,,Nội thất đầy đủ,,ha-noi,"NHÀ NGÕ TRẠI CÁ MỚI KOONG, GẦN PHỐ,Ở LUÔN, TIỆN ÍCH",,"Phố Trương Định, Phường Đồng Tâm, Quận Hai Bà Trưng, Hà NộiXem bản đồ","4,05 tỷ - 42 m2"
309 m²,4 phòng,5 phòng,Đã có sổ,Nhà biệt thự,,,"196,96 triệu/m²",,4,,Nội thất cao cấp,,ha-noi,"Đơn lập 309m2 full nội thất cao cấp, 60.86 tỷ khu Vip Vin Gia Lâm",,"Ngọc Trai, Thị trấn Trâu Quỳ, Huyện Gia Lâm, Hà NộiXem bản đồ","60,86 tỷ - 309 m2"
54 m²,3 phòng,5 phòng,Đã có sổ,"Nhà ngõ, hẻm",6 m,,"164,63 triệu/m²",,6,,,,ha-noi,"ẢNH THẬT 100% NHÀ PHỐ VIP VĂN CAO - 6 TẦNG THANG MÁY - DT 54M, MT 6M",,"Đường Văn Cao, Phường Liễu Giai, Quận Ba Đình, Hà NộiXem bản đồ","8,89 tỷ - 54 m2"
42 m²,3 phòng,4 phòng,,"Nhà ngõ, hẻm",,,"96,43 triệu/m²",,5,,Nội thất đầy đủ,,ha-noi,"NHÀ NGÕ TRẠI CÁ MỚI KOONG, GẦN PHỐ,Ở LUÔN, TIỆN ÍCH",,"Phố Trương Định, Phường Đồng Tâm, Quận Hai Bà Trưng, Hà NộiXem bản đồ","4,05 tỷ - 42 m2"
41 m²,4 phòng,,,"Nhà ngõ, hẻm",,,"114,63 triệu/m²",,,,,,ha-noi,"Quá Đẹp, Chùa Láng, Ở Ngay, Cực Gần Phố, Ngõ Thông, Nhà Thoáng, Mới",,"Phố Chùa Láng, Phường Láng Thượng, Quận Đống Đa, Hà NộiXem bản đồ","4,7 tỷ - 41 m2"
45 m²,4 phòng,5 phòng,Đã có sổ,"Nhà ngõ, hẻm",,,"155,56 triệu/m²",,6,,Nội thất cao cấp,,ha-noi,CẦU GIẤY-YÊN HOÀ S=45m2 - 6 tầng THANG MÁY- 4mt 4.1m giá chỉ HƠN 7 tỷ,,"YÊN HÒA, Phường Yên Hoà, Quận Cầu Giấy, Hà NộiXem bản đồ",7 tỷ - 45 m2
48 m²,6 phòng,,,"Nhà ngõ, hẻm",,48 m²,"123,96 triệu/m²",,,,,,ha-noi,NHÀ VÕNG THỊ - TÂY HỒ - DÂN XÂY - THOÁNG TRƯỚC SAU - 20M RA Ô TÔ,," Phố Võng Thị, Phường Bưởi, Quận Tây Hồ, Hà NộiXem bản đồ","5,95 tỷ - 48 m2"
55 m²,6 phòng,,Đã có sổ,"Nhà ngõ, hẻm",,,"136,36 triệu/m²",,7,Nở hậu,,,ha-noi,"Chỉ 7,5 tỷ có nhà 55m2 7 tầng thang máy Lê Trọng Tấn,lô góc,30p ra phố",,"Lê Trọng Tấn, Phường Khương Trung, Quận Thanh Xuân, Hà NộiXem bản đồ","7,5 tỷ - 55 m2"
41 m²,4 phòng,,,"Nhà ngõ, hẻm",,,100 triệu/m²,,,,,,ha-noi,Bán nhà ngõ 409 An Dương Vương Diên tích 41m 4 tầng giá 4.1 tỷ,,"Đường An Dương Vương, Phường Phú Thượng, Quận Tây Hồ, Hà NộiXem bản đồ","4,1 tỷ - 41 m2"
50 m²,4 phòng,,Đã có sổ,"Nhà ngõ, hẻm",,,146 triệu/m²,,5,Nở hậu,Nội thất cao cấp,,ha-noi,"Siêu phẩm Vương Thừa Vũ, TX lô góc,10m oto, full NT 50m 5 tầng, 7,3 ty",,"Vương Thừa Vũ, Phường Khương Trung, Quận Thanh Xuân, Hà NộiXem bản đồ","7,3 tỷ - 50 m2"
45 m²,5 phòng,4 phòng,Đã có sổ,"Nhà ngõ, hẻm",,,"188,89 triệu/m²",,5,,Nội thất cao cấp,,ha-noi,"MẶT NGÕ, HOA BẰNG, CẦU GIẤY, 5 TẦNG, DT 45M, MT 5,5M, 8,5 TỶ.PHÂN LÔ,",,"hoa bằng, Phường Yên Hoà, Quận Cầu Giấy, Hà NộiXem bản đồ","8,5 tỷ - 45 m2"
32 m²,4 phòng,3 phòng,Đã có sổ,"Nhà ngõ, hẻm",,130 m²,"74,38 triệu/m²",,4,,,,ha-noi,"Nhà Phú Lương DH Đại Nam, Xốm 20m ra ô tô tránh SD32m2*4T Giá 2.38 tỷ",,"undefined, Phường Phú Lương, Quận Hà Đông, Hà NộiXem bản đồ","2,38 tỷ - 32 m2"
35 m²,3 phòng,2 phòng,Đã có sổ,"Nhà ngõ, hẻm",,,"52,86 triệu/m²",,3,,Nhà trống,,ha-noi,Nhà Đồng Mai QL6 ô tô lùi cửa SD35m2 xây 3T 3 ngủ PTSP Giá 1.85 tỷ,,"undefined, Phường Đồng Mai, Quận Hà Đông, Hà NộiXem bản đồ","1,85 tỷ - 35 m2"
30 m²,3 phòng,,,"Nhà ngõ, hẻm",,30 m²,"196,67 triệu/m²",,,,,,ha-noi,NHÀ DOÃN KẾ THIỆN - Ô TÔ - KINH DOANH - 10M RA BÃI ĐỖ Ô TÔ - DÂN XÂY,,"Doãn Kế Thiện, Phường Mai Dịch, Quận Cầu Giấy, Hà NộiXem bản đồ","5,9 tỷ - 30 m2"
42 m²,3 phòng,,,"Nhà ngõ, hẻm",,,"97,62 triệu/m²",,,,,,ha-noi,"bán nhà khâm Đức ngõ chợ khâm thiêm diên tích 41m 4 tầng giá 4,1 tỷ",,"Phố Khâm Thiên, Phường Thổ Quan, Quận Đống Đa, Hà NộiXem bản đồ","4,1 tỷ - 42 m2"
220 m²,4 phòng,5 phòng,Đã có sổ,Nhà biệt thự,,,"190,91 triệu/m²",,4,,Nội thất cao cấp,,ha-noi,KĐT Linh Đàm-Bán biệt thự thiết kế hiện đại Dt220m2 Mt11m 42 tỷ ở ngay,,"Đường cao tốc Vành đai 3, Phường Hoàng Liệt, Quận Hoàng Mai, Hà NộiXem bản đồ",42 tỷ - 220 m2
38 m²,3 phòng,,Đã có sổ,"Nhà ngõ, hẻm",,,"90,79 triệu/m²",,5,,Nội thất đầy đủ,,ha-noi,"Nhà Mới Thông, Gần Phố, Ô to Trương Định 38m2x5T giá 3.45 tỷ",,"Trương Định, Phường Tương Mai, Quận Hoàng Mai, Hà NộiXem bản đồ","3,45 tỷ - 38 m2"
35 m²,3 phòng,,Đã có sổ,"Nhà ngõ, hẻm",,40 m²,"121,43 triệu/m²",,4,,Nội thất đầy đủ,,ha-noi,BÁN NHÀ DÂN XÂY - HỒ TÙNG MẬU - 40M OTO ĐỖ - 35m2 GIÁ CHỈ 4.25 TỶ .,,"HỒ TÙNG MẬU, Phường Cầu Diễn, Quận Nam Từ Liêm, Hà NộiXem bản đồ","4,25 tỷ - 35 m2"
40 m²,3 phòng,,Đã có sổ,"Nhà ngõ, hẻm",,,85 triệu/m²,,5,,Nội thất đầy đủ,,ha-noi,"Nhà Đẹp Đón Tết, Ngõ Thông Giáp Nhị 40m2x5T giá 3.4 tỷ",,"Giáp Nhị, Phường Thịnh Liệt, Quận Hoàng Mai, Hà NộiXem bản đồ","3,4 tỷ - 40 m2"
39 m²,4 phòng,,Đã có sổ,"Nhà ngõ, hẻm",,,"102,56 triệu/m²",,5,,,,ha-noi,"Ôi dời !!! Rẻ giật mình nhà Kim Giang .2 thoáng, cách ô tô 10m, ful nộ",,"Kim Giang, Phường Đại Kim, Quận Hoàng Mai, Hà NộiXem bản đồ",4 tỷ - 39 m2
40 m²,2 phòng,2 phòng,Đã có sổ,"Nhà ngõ, hẻm",,45 m²,125 triệu/m²,,,,Nội thất đầy đủ,,ha-noi,CẦN BÁN - MỸ ĐÌNH DT: 40m2 x 5 tầng Gía chỉ 5 tỷ,,"Mễ Trì Hạ, Phường Mễ Trì, Quận Nam Từ Liêm, Hà NộiXem bản đồ",5 tỷ - 40 m2
39 m²,4 phòng,,Đã có sổ,"Nhà ngõ, hẻm",,,"102,56 triệu/m²",,5,,,,ha-noi,"Ôi dời !!! Rẻ giật mình nhà Kim Giang .2 thoáng, cách ô tô 10m, ful nộ",,"Kim Giang, Phường Đại Kim, Quận Hoàng Mai, Hà NộiXem bản đồ",4 tỷ - 39 m2
40 m²,2 phòng,2 phòng,Đã có sổ,"Nhà ngõ, hẻm",,45 m²,125 triệu/m²,,,,Nội thất đầy đủ,,ha-noi,CẦN BÁN - MỸ ĐÌNH DT: 40m2 x 5 tầng Gía chỉ 5 tỷ,,"Mễ Trì Hạ, Phường Mễ Trì, Quận Nam Từ Liêm, Hà NộiXem bản đồ",5 tỷ - 40 m2
65 m²,4 phòng,,,"Nhà ngõ, hẻm",,,"330,77 triệu/m²",,11,,,,ha-noi,BÁN NHÀ MẶT PHỐ PHAN KẾ BÍNH- BA ĐÌNH 65M THANG MÁY NHỈNH 21 TỶ,,"Phan Kế Kính, Phường Đội Cấn, Quận Ba Đình, Hà NộiXem bản đồ","21,5 tỷ - 65 m2"
23 m²,1 phòng,1 phòng,Đã có sổ,"Nhà ngõ, hẻm",,,"69,57 triệu/m²",,1,,Nội thất đầy đủ,,ha-noi,Nhỏ xinh đủ công năng Tây Hồ 23m giá 1.6tỉ sát phố,,"Đường An Dương Vương, Phường Phú Thượng, Quận Tây Hồ, Hà NộiXem bản đồ","1,6 tỷ - 23 m2"
40 m²,3 phòng,,,"Nhà ngõ, hẻm",,,150 triệu/m²,,,,,,ha-noi,Tôi cần bán nhà ngõ 141/23 Sông Sét Trương Định Q.Hoàng Mai,,"Đường Bờ Sông Sét, Phường Tương Mai, Quận Hoàng Mai, Hà NộiXem bản đồ",6 tỷ - 40 m2
55 m²,4 phòng,4 phòng,Đã có sổ,"Nhà ngõ, hẻm",,,"125,45 triệu/m²",,5,,Nội thất đầy đủ,,ha-noi,DT 55m2 Nhỉnh 6 tỷ - Hồ Tây - Ngõ Thông - Kinh doanh - Ô tô gần.,,"Đường Lạc Long Quân, Phường Xuân La, Quận Tây Hồ, Hà NộiXem bản đồ","6,9 tỷ - 55 m2"
55 m²,4 phòng,,,"Nhà ngõ, hẻm",,,"105,45 triệu/m²",,4,,,,ha-noi,BÁN NHÀ THỤY KHUÊ 55M2-MT 4.5M-GIÁ 5.8 TỶ-LÔ GÓC-BA GÁC TRÁNH,,"Đường Thụy Khuê, Phường Bưởi, Quận Tây Hồ, Hà NộiXem bản đồ","5,8 tỷ - 55 m2"
50 m²,5 phòng,,,"Nhà ngõ, hẻm",,,119 triệu/m²,,3,,,,ha-noi,BÁN NHÀ VÕNG THỊ 50M2-5T-Giá 5.95 TỶ-Ô TÔ GẦN-LÔ GÓC-NHÀ MỚI,,"Ngõ 50 Võng Thị, Phường Bưởi, Quận Tây Hồ, Hà NộiXem bản đồ","5,95 tỷ - 50 m2"
60 m²,4 phòng,,,"Nhà ngõ, hẻm",,,"103,33 triệu/m²",,5,,,,ha-noi,HOÀNG QUỐC VIỆT 60m2-Giá 6.2 Tỷ-Lô Góc-30M ÔTô-Ngõ Nông-Dân xây,,"Hoàng Quốc Việt, Phường Nghĩa Đô, Quận Cầu Giấy, Hà NộiXem bản đồ","6,2 tỷ - 60 m2"
71 m²,5 phòng,,Đã có sổ,"Nhà ngõ, hẻm",,,"253,52 triệu/m²",Tây Bắc,6,,Nội thất đầy đủ,,ha-noi,"BÁN NHÀ 6 TẦNG MỚI - QUẬN TÂY HỒ, XUÂN LA",,"XUÂN LA, Phường Xuân La, Quận Tây Hồ, Hà NộiXem bản đồ",18 tỷ - 71 m2
45 m²,4 phòng,6 phòng,Đã có sổ,"Nhà ngõ, hẻm",,,"122,22 triệu/m²",,5,,Nội thất đầy đủ,,ha-noi,BÁN NHÀ CẦU GIẤY -DTSD 45M2 X 5 TẦNG - GIÁ 5.5 TỶ,,"Đường Cầu Giấy, Phường Quan Hoa, Quận Cầu Giấy, Hà NộiXem bản đồ","5,5 tỷ - 45 m2"
48 m²,5 phòng,5 phòng,Đã có sổ,"Nhà ngõ, hẻm",,,"141,67 triệu/m²",,5,,Nội thất đầy đủ,,ha-noi,"OTO ĐỖ CỬA - BÁN NHÀ MỸ ĐÌNH,S=48m2x5 tầng 5 ngủ -GIÁ CHỈ HƠN 6 TỶ .",,"Ngõ 394 Đường Mỹ Đình, Phường Mỹ Đình 1, Quận Nam Từ Liêm, Hà NộiXem bản đồ","6,8 tỷ - 48 m2"
48 m²,4 phòng,5 phòng,Đã có sổ,"Nhà ngõ, hẻm",,,"105,21 triệu/m²",,6,,Nội thất đầy đủ,,ha-noi,"BÁN NHÀ BA ĐÌNH,SIÊU THOÁNG,NGÕ TRƯỚC NHÀ 3M,GẦN PHỐ,48M2, NHỈNH 5 TỶ.",,"Phố Vĩnh Phúc, Phường Vĩnh Phúc, Quận Ba Đình, Hà NộiXem bản đồ","5,05 tỷ - 48 m2"
50 m²,4 phòng,5 phòng,Đã có sổ,"Nhà ngõ, hẻm",,,102 triệu/m²,,4,,Nội thất đầy đủ,,ha-noi,"HOÀNG HOA THÁM, NHÀ MỚI, 50M RA PHỐ, NGÕ THÔNG, 50M2, NHỈNH 5 TỶ.",,"Hoàng Hoa Thám, Phường Ngọc Hà, Quận Ba Đình, Hà NộiXem bản đồ","5,1 tỷ - 50 m2"
46 m²,3 phòng,,Đã có sổ,"Nhà ngõ, hẻm",6 m,,"80,43 triệu/m²",,2,,Nhà trống,,ha-noi,"Nhà Thanh Nhàn , giảm chào 300tr , 46m2 , mặt tiền 6,2m , chỉ 3,7 tỷ",,"Phố Thanh Nhàn, Phường Thanh Nhàn, Quận Hai Bà Trưng, Hà NộiXem bản đồ","3,7 tỷ - 46 m2"
40 m²,4 phòng,5 phòng,Đã có sổ,"Nhà ngõ, hẻm",,,"127,5 triệu/m²",,6,,Nội thất đầy đủ,,ha-noi,"BÁN NHÀ ĐÀO TẤN, NHÀ MỚI CỨNG, 20M RA Ô TÔ TRÁNH, 40M2, NHỈNH 5 TỶ.",,"Phố Ngọc Hà, Phường Ngọc Hà, Quận Ba Đình, Hà NộiXem bản đồ","5,1 tỷ - 40 m2"
40 m²,4 phòng,3 phòng,Đã có sổ,"Nhà ngõ, hẻm",,,162 triệu/m²,Tây Nam,4,,,,ha-noi,Giảm 300tr số 1 phố Thành Thái Cầu Giấy 40m x 4T Mt 4m oto KD.,,"Thành Thái, Phường Dịch Vọng, Quận Cầu Giấy, Hà NộiXem bản đồ","6,48 tỷ - 40 m2"
80 m²,6 phòng,5 phòng,Đã có sổ,"Nhà ngõ, hẻm",,,150 triệu/m²,,5,,Nội thất đầy đủ,,ha-noi,"Bán nhà phân lô Nguyễn Trãi, Ô tô, Gara, Thang máy, 80M2 5 Tầng, 12 Tỷ",,"Nguyễn Trãi, Phường Thượng Đình, Quận Thanh Xuân, Hà NộiXem bản đồ",12 tỷ - 80 m2
30 m²,2 phòng,2 phòng,Đã có sổ,"Nhà ngõ, hẻm",,,"88,33 triệu/m²",,3,,Nội thất đầy đủ,,ha-noi,"BÁN GẤP NHÀ CỔ NHUẾ - 20M RA MẶT PHỐ - 3 TẦNG - GIÁ CHỈ 2,650 TỶ",,"Cổ Nhuế, Phường Cổ Nhuế 2, Quận Bắc Từ Liêm, Hà NộiXem bản đồ","2,65 tỷ - 30 m2"
79 m²,4 phòng,4 phòng,Đã có sổ,"Nhà ngõ, hẻm",,,"121,52 triệu/m²",,5,,Nội thất cao cấp,,ha-noi,Cực Hiếm - Hồ Tây - View Cầu Nhật Tân - DT 79m2 - Gara - Thang máy.,,"Đường An Dương Vương, Phường Phú Thượng, Quận Tây Hồ, Hà NộiXem bản đồ","9,6 tỷ - 79 m2"
46 m²,3 phòng,,Đã có sổ,"Nhà ngõ, hẻm",6 m,,"80,43 triệu/m²",,2,,Nhà trống,,ha-noi,"Nhà Thanh Nhàn , giảm chào 300tr , 46m2 , mặt tiền 6,2m , chỉ 3,7 tỷ",,"Phố Thanh Nhàn, Phường Thanh Nhàn, Quận Hai Bà Trưng, Hà NộiXem bản đồ","3,7 tỷ - 46 m2"
40 m²,4 phòng,5 phòng,Đã có sổ,"Nhà ngõ, hẻm",,,"127,5 triệu/m²",,6,,Nội thất đầy đủ,,ha-noi,"BÁN NHÀ ĐÀO TẤN, NHÀ MỚI CỨNG, 20M RA Ô TÔ TRÁNH, 40M2, NHỈNH 5 TỶ.",,"Phố Ngọc Hà, Phường Ngọc Hà, Quận Ba Đình, Hà NộiXem bản đồ","5,1 tỷ - 40 m2"
40 m²,4 phòng,3 phòng,Đã có sổ,"Nhà ngõ, hẻm",,,162 triệu/m²,Tây Nam,4,,,,ha-noi,Giảm 300tr số 1 phố Thành Thái Cầu Giấy 40m x 4T Mt 4m oto KD.,,"Thành Thái, Phường Dịch Vọng, Quận Cầu Giấy, Hà NộiXem bản đồ","6,48 tỷ - 40 m2"
80 m²,6 phòng,5 phòng,Đã có sổ,"Nhà ngõ, hẻm",,,150 triệu/m²,,5,,Nội thất đầy đủ,,ha-noi,"Bán nhà phân lô Nguyễn Trãi, Ô tô, Gara, Thang máy, 80M2 5 Tầng, 12 Tỷ",,"Nguyễn Trãi, Phường Thượng Đình, Quận Thanh Xuân, Hà NộiXem bản đồ",12 tỷ - 80 m2
30 m²,2 phòng,2 phòng,Đã có sổ,"Nhà ngõ, hẻm",,,"88,33 triệu/m²",,3,,Nội thất đầy đủ,,ha-noi,"BÁN GẤP NHÀ CỔ NHUẾ - 20M RA MẶT PHỐ - 3 TẦNG - GIÁ CHỈ 2,650 TỶ",,"Cổ Nhuế, Phường Cổ Nhuế 2, Quận Bắc Từ Liêm, Hà NộiXem bản đồ","2,65 tỷ - 30 m2"
79 m²,4 phòng,4 phòng,Đã có sổ,"Nhà ngõ, hẻm",,,"121,52 triệu/m²",,5,,Nội thất cao cấp,,ha-noi,Cực Hiếm - Hồ Tây - View Cầu Nhật Tân - DT 79m2 - Gara - Thang máy.,,"Đường An Dương Vương, Phường Phú Thượng, Quận Tây Hồ, Hà NộiXem bản đồ","9,6 tỷ - 79 m2"
45 m²,5 phòng,Nhiều hơn 6 phòng,Đã có sổ,"Nhà ngõ, hẻm",,,"188,89 triệu/m²",,7,,Nhà trống,,ha-noi,Nhỉnh 8 tỷ - Tây Hồ - 7T Thang máy - Mặt tiền rộng - Gara.,,"Đường Võ Chí Công, Phường Phú Thượng, Quận Tây Hồ, Hà NộiXem bản đồ","8,5 tỷ - 45 m2"
60 m²,10 phòng,,Đã có sổ,"Nhà ngõ, hẻm",,,"155,83 triệu/m²",,7,,,,ha-noi,"Gà đẻ trứng vàng ! Nhà Kim Giang , CHDV thang máy , KD đỉnh 60mx7T",,"Kim Ginang, Phường Đại Kim, Quận Hoàng Mai, Hà NộiXem bản đồ","9,35 tỷ - 60 m2"
32 m²,3 phòng,3 phòng,Đã có sổ,"Nhà ngõ, hẻm",,,"129,69 triệu/m²",,5,,Nội thất đầy đủ,,ha-noi,"Bán nhà xuân la, ngõ ba gác 5 tầng mới, trung tâm 4.15 tỷ",,"Đường Xuân La, Phường Xuân La, Quận Tây Hồ, Hà NộiXem bản đồ","4,15 tỷ - 32 m2"
32 m²,3 phòng,4 phòng,Đã có sổ,"Nhà ngõ, hẻm",,,"109,38 triệu/m²",,5,,Nội thất đầy đủ,,ha-noi,BÁN NHÀ PHƯƠNG CANH_DT 30M2_X5 TẦNG NHÀ MỚI_BA GÁC ĐỖ CỬA_GẦN Ô TÔ,,"Phương Canh, Phường Phương Canh, Quận Nam Từ Liêm, Hà NộiXem bản đồ","3,5 tỷ - 32 m2"
42 m²,6 phòng,,Đã có sổ,"Nhà ngõ, hẻm",,,"132,38 triệu/m²",,6,,,,ha-noi,"Cần !!! Nhà Kim Giang .3 thoáng,ngõ oto , KD đỉnh, nhà đẹp ở luôn 4",,"Kim Giang, Phường Đại Kim, Quận Hoàng Mai, Hà NộiXem bản đồ","5,56 tỷ - 42 m2"
44 m²,5 phòng,4 phòng,Đã có sổ,"Nhà ngõ, hẻm",,,"106,36 triệu/m²",,5,,Nội thất cao cấp,,ha-noi,"Bán nhà Vũ Tông Phan DT:44m2x5T, gần phố, đẹp, ở luôn, giá 4,68 tỷ",,"Vũ TÔng Phan, Phường Khương Đình, Quận Thanh Xuân, Hà NộiXem bản đồ","4,68 tỷ - 44 m2"
30 m²,3 phòng,4 phòng,,"Nhà ngõ, hẻm",3.7999 m,,"116,67 triệu/m²",,5,,,8 m,ha-noi,"BÁN NHÀ MỚI NGỌC TRÌ 3,5 TỶ NỘI THẤT SANG TRỌNG XE 7 CHỖ QUA CỬA.",,"Ngách 318/198 Phố Ngọc Trì, Phường Thạch Bàn, Quận Long Biên, Hà NộiXem bản đồ","3,5 tỷ - 30 m2"
54 m²,4 phòng,4 phòng,Đã có sổ,"Nhà ngõ, hẻm",5 m,,"77,56 triệu/m²",,4,,,,ha-noi,"Bán Nhà LINH ĐÀM DT: 54m2 x 4 tầng, ngõ rộng, ở luôn, giá 4,188 tỷ",,"bùi quốc khai, Phường Hoàng Liệt, Quận Hoàng Mai, Hà NộiXem bản đồ","4,188 tỷ - 54 m2"
40 m²,9 phòng,,Đã có sổ,"Nhà ngõ, hẻm",4 m,,"146,5 triệu/m²",,5,,Nội thất đầy đủ,,ha-noi,"Bán nhà dòng tiền Phú mỹ mỹ đình,Lô góc,9phòng đủ nội thất,40tr/tháng,",,"Đường Phú Mỹ, Phường Mỹ Đình 2, Quận Nam Từ Liêm, Hà NộiXem bản đồ","5,86 tỷ - 40 m2"
63.5 m²,2 phòng,2 phòng,Đã có sổ,"Nhà ngõ, hẻm",,,"88,19 triệu/m²",,2,,Nhà trống,,ha-noi,"Bán gấp nhà riêng 64m2, 2 phòng ngủ, đường Trại Cá, Q.Hai Bà Trưng",,"Trại Cá, Phường Trương Định, Quận Hai Bà Trưng, Hà NộiXem bản đồ","5,6 tỷ - 63.5 m2"
30 m²,3 phòng,4 phòng,Đã có sổ,"Nhà ngõ, hẻm",,,"108,33 triệu/m²",Đông Nam,3,,,,ha-noi,"PHƯƠNG CANH - NHÀ CỰC ĐẸP, NHÀ MỚI, 30M 3NGỦ, VIEW ĐÔ THỊ FORESTA",,"Ngõ 173 Phương Canh, Phường Xuân Phương, Quận Nam Từ Liêm, Hà NộiXem bản đồ","3,25 tỷ - 30 m2"
45 m²,4 phòng,,Đã có sổ,"Nhà ngõ, hẻm",,,"118,89 triệu/m²",,5,,,,ha-noi,"Cỗ máy in tiền! Nhà Kim Giang, 2 thoáng, ngõ oto, KD đỉnh 45m2*5T NHỈ",,"Kim Giang, Phường Đại Kim, Quận Hoàng Mai, Hà NộiXem bản đồ","5,35 tỷ - 45 m2"
39 m²,3 phòng,,Đã có sổ,"Nhà ngõ, hẻm",3.7 m,39 m²,"117,44 triệu/m²",,,,Nội thất đầy đủ,,ha-noi,"BÁN NHÀ 230 VÕ CHÍ CÔNG - TÂY HỒ - 39M X 5T, 4,5x TỶ",,"Đường Võ Chí Công, Phường Xuân La, Quận Tây Hồ, Hà NộiXem bản đồ","4,58 tỷ - 39 m2"
35 m²,4 phòng,,Đã có sổ,"Nhà ngõ, hẻm",,,"130,29 triệu/m²",,4,,,,ha-noi,"Cần gấp!!! Nhà Kim Giang ,2 thoáng,ngõ oto , KD đỉnh, nhà đẹp ở luôn 3",,"Kim Giang, Xã Thanh Liệt, Huyện Thanh Trì, Hà NộiXem bản đồ","4,56 tỷ - 35 m2"
45 m²,4 phòng,,Đã có sổ,"Nhà ngõ, hẻm",,,"118,89 triệu/m²",,5,,,,ha-noi,"Cỗ máy in tiền! Nhà Kim Giang, 2 thoáng, ngõ oto, KD đỉnh 45m2*5T NHỈ",,"Kim Giang, Phường Đại Kim, Quận Hoàng Mai, Hà NộiXem bản đồ","5,35 tỷ - 45 m2"
39 m²,3 phòng,,Đã có sổ,"Nhà ngõ, hẻm",3.7 m,39 m²,"117,44 triệu/m²",,,,Nội thất đầy đủ,,ha-noi,"BÁN NHÀ 230 VÕ CHÍ CÔNG - TÂY HỒ - 39M X 5T, 4,5x TỶ",,"Đường Võ Chí Công, Phường Xuân La, Quận Tây Hồ, Hà NộiXem bản đồ","4,58 tỷ - 39 m2"
35 m²,4 phòng,,Đã có sổ,"Nhà ngõ, hẻm",,,"130,29 triệu/m²",,4,,,,ha-noi,"Cần gấp!!! Nhà Kim Giang ,2 thoáng,ngõ oto , KD đỉnh, nhà đẹp ở luôn 3",,"Kim Giang, Xã Thanh Liệt, Huyện Thanh Trì, Hà NộiXem bản đồ","4,56 tỷ - 35 m2"
32 m²,3 phòng,,Đã có sổ,"Nhà ngõ, hẻm",,32 m²,125 triệu/m²,,5,,Nội thất đầy đủ,,ha-noi,"Ô TÔ TRÁNH 5M - MỸ ĐÌNH - DIỆN TÍCH 32M x 5 TẦNG, MT 3.6M, GIÁ 4 TỶ.",,"MỸ ĐÌNH, Phường Mỹ Đình 1, Quận Nam Từ Liêm, Hà NộiXem bản đồ",4 tỷ - 32 m2
31.5 m²,3 phòng,,,"Nhà ngõ, hẻm",4 m,,"111,11 triệu/m²",Tây Nam,5,,Nhà trống,,ha-noi,"PHƯƠNG CANH- NAM TỪ LIÊM, CỰC ĐẸP, NHÀ MỚI TINH, 31M 3NGỦ, Ô TÔ GẦN",,"Ngõ 324 Phương Canh, Phường Xuân Phương, Quận Nam Từ Liêm, Hà NộiXem bản đồ","3,5 tỷ - 31.5 m2"
38 m²,4 phòng,,Đã có sổ,"Nhà ngõ, hẻm",,,"118,42 triệu/m²",,4,,,,ha-noi,"Cần gấp!!! Nhà Kim Giang ,2 thoáng,ngõ oto , KD đỉnh 30m*4T, 3",,"Kim Giang, Xã Thanh Liệt, Huyện Thanh Trì, Hà NộiXem bản đồ","4,5 tỷ - 38 m2"
36 m²,4 phòng,,,"Nhà ngõ, hẻm",,,"205,56 triệu/m²",,,,,,ha-noi,"Bán gấp nhà Phố Nguyễn Văn Huyên, Cầu Giấy, 36m2, 5 tầng, chỉ 7.4 tỷ",,"nguyễn phong sắc, Phường Dịch Vọng Hậu, Quận Cầu Giấy, Hà NộiXem bản đồ","7,4 tỷ - 36 m2"
30 m²,3 phòng,,,"Nhà ngõ, hẻm",,,"173,33 triệu/m²",,,Nở hậu,,,ha-noi,"NHÀ ĐẸP ĐÊ LA THÀNH ĐÓN TẾT 30M2, MT 5.5M, GIÁ 5.2TỶ. SỔ NỞ HẬU",,"Đê La Thành, Phường Láng Thượng, Quận Đống Đa, Hà NộiXem bản đồ","5,2 tỷ - 30 m2"
21 m²,2 phòng,2 phòng,Đã có sổ,"Nhà ngõ, hẻm",,,"128,57 triệu/m²",,2,,Nội thất đầy đủ,,ha-noi,Bán Nhà Phố Ngọc Khánh,,"Phố Ngọc Khánh, Phường Giảng Võ, Quận Ba Đình, Hà NộiXem bản đồ","2,7 tỷ - 21 m2"
33 m²,3 phòng,3 phòng,Đã có sổ,"Nhà ngõ, hẻm",,,"83,33 triệu/m²",,5,,Nội thất đầy đủ,,ha-noi,"NHÀ THƯỢNG THANH-LÔ GÓC-KHU VỰC YÊN TĨNH. DT 33M 5 TẦNG GIÁ 2,75 TỶ",,"Thượng Thanh, Phường Thượng Thanh, Quận Long Biên, Hà NộiXem bản đồ","2,75 tỷ - 33 m2"
48.7999 m²,2 phòng,2 phòng,,"Nhà ngõ, hẻm",,,"76,84 triệu/m²",Đông Bắc,2,,,,ha-noi,Nhà 2t la khê hà đông,,"04, Số 04 Ngõ 11 Đường Chiến Thắng, Phường La Khê, Quận Hà Đông, Hà NộiXem bản đồ","3,75 tỷ - 48.7.999 m2"
32 m²,3 phòng,3 phòng,,"Nhà ngõ, hẻm",,,"48,44 triệu/m²",Nam,3,,Nội thất đầy đủ,,ha-noi,𝐂𝐮𝐨̂́𝐢 𝐧𝐚̆𝐦 𝐌𝐔𝐀 𝐍𝐇𝐀̀ Đ𝐎́𝐍 𝐓𝐄̂́𝐓 𝐭𝐡𝐨̂𝐢 𝐚𝐧𝐡 𝐜𝐡𝐢̣ 𝐨̛𝐢!,,"Đường Hoa, Xã Phụng Châu, Huyện Chương Mỹ, Hà NộiXem bản đồ","1,55 tỷ - 32 m2"
40 m²,5 phòng,,Đã có sổ,Nhà phố liền kề,,,"222,5 triệu/m²",Tây Nam,6,,Nội thất đầy đủ,,ha-noi,"Liền kề Vạn phúc,Ngay Chân Tòa Chung cư Goldsill, KD siêu đỉnh 6T*40m2",,"undefined, Phường Vạn Phúc, Quận Hà Đông, Hà NộiXem bản đồ","8,9 tỷ - 40 m2"
50 m²,9 phòng,Nhiều hơn 6 phòng,Đã có sổ,"Nhà ngõ, hẻm",,,135 triệu/m²,,5,,Nội thất đầy đủ,,ha-noi,"Tích Sản Quá Đỉnh ! CHDV Mỹ Đình 49m*5T*9p KK, Ngõ Rộng 2 Thoáng, SDCC",,"Ngõ 8 Lê Quang Đạo, Phường Phú Đô, Quận Nam Từ Liêm, Hà NộiXem bản đồ","6,75 tỷ - 50 m2"
67 m²,9 phòng,Nhiều hơn 6 phòng,Đã có sổ,"Nhà ngõ, hẻm",,,"126,87 triệu/m²",,,,Nội thất đầy đủ,,ha-noi,"CHDV Láng Dòng Tiền 50tr/th. View Thoáng, 67m*5T*9p KK, Full Đồ",,"Đường Láng, Phường Láng Hạ, Quận Đống Đa, Hà NộiXem bản đồ","8,5 tỷ - 67 m2"
33 m²,1 phòng,1 phòng,Đã có sổ,"Nhà mặt phố, mặt tiền",6 m,,"231,82 triệu/m²",,1,,,,ha-noi,MẶT PHỐ KINH DOANH HBT BÁN GẤP,,"Chùa Quỳnh, Phường Thanh Nhàn, Quận Hai Bà Trưng, Hà NộiXem bản đồ","7,65 tỷ - 33 m2"
49 m²,4 phòng,,Đã có sổ,"Nhà ngõ, hẻm",5.6999 m,300 m²,"105,51 triệu/m²",,6,,,,ha-noi,"Giá đầu tư-Chỉ hơn 5 tỷ- Nhà 6 tầng Hoàng Hoa Thám . DT 49M, MT 5.7M",,"Đường Hoàng Hoa Thám, Phường Vĩnh Phúc, Quận Ba Đình, Hà NộiXem bản đồ","5,17 tỷ - 49 m2"
36 m²,3 phòng,,,"Nhà ngõ, hẻm",,,"70,83 triệu/m²",,,Nở hậu,,,ha-noi,NHÀ ĐẸP Ở NGAY - THOÁNG TRƯỚC SAU - MẶT TIỀN RỘNG - GẦN ĐH ĐẠI NAM,,"undefined, Phường Phú Lãm, Quận Hà Đông, Hà NộiXem bản đồ","2,55 tỷ - 36 m2"
35 m²,3 phòng,,,"Nhà ngõ, hẻm",,,"78,57 triệu/m²",,,,,,ha-noi,TT HÀ ĐÔNG - NHÀ ĐẸP Ở LUÔN - LÔ GÓC - FULL ĐẦY ĐỦ - Ô TÔ TRÁNH 30M,,"Phố Phú Lương, Phường Phú Lương, Quận Hà Đông, Hà NộiXem bản đồ","2,75 tỷ - 35 m2"
32 m²,3 phòng,4 phòng,Đã có sổ,"Nhà ngõ, hẻm",,,"107,81 triệu/m²",,5,,Nội thất đầy đủ,,ha-noi,Hữu Hưng diện tích: 32m2* 5tầng; mặt tiền: 3.2m; Giá: 3.45 tỷ,,"Hữu Hưng, Phường Tây Mỗ, Quận Nam Từ Liêm, Hà NộiXem bản đồ","3,45 tỷ - 32 m2"
