Diện tích đất:,Số phòng ngủ:,Số phòng vệ sinh:,Giấy tờ pháp lý:,Loại hình nhà ở:,Chiều ngang:,Diện tích sử dụng:,Giá/m2:,Hướng cửa chính:,Tổng số tầng:,Đặc điểm nhà/đất:,Tình trạng nội thất:,Chiều dài:,Location,Name,URL,District,Price
46 m²,1 phòng,2 phòng,Đã có sổ,"Nhà mặt phố, mặt tiền",4 m,,"304,35 triệu/m²",,22,,,,ha-noi,Hiếm LÔ GÓC 2 Mặt phố vỉa hè - KINH DOANH - Quang Trung - Hà Đông,,"Đường Quang Trung, Phường Quang Trung, Quận Hà Đông, Hà NộiXem bản đồ",14 tỷ - 46 m2
45 m²,4 phòng,4 phòng,,"Nhà ngõ, hẻm",4.8 m,45 m²,"110,67 triệu/m²",,4,,,,ha-noi,"Phải Nhanh! Bán nhà Thuỵ Khuê, ôtô tránh, gần Lăng Bác, 45m2*4T",,"Thuỵ Khuê, Phường Thụy Khuê, Quận Tây Hồ, Hà NộiXem bản đồ","4,98 tỷ - 45 m2"
62 m²,5 phòng,4 phòng,Đã có sổ,"Nhà ngõ, hẻm",,,"79,03 triệu/m²",,5,,Nội thất đầy đủ,,ha-noi,"Ôi trời! Bán nhà Láng Hạ, 2 thoáng, ngõ thông kinh doanh, ở luôn,62m2",,"Phố Láng Hạ, Phường Láng Hạ, Quận Đống Đa, Hà NộiXem bản đồ","4,9 tỷ - 62 m2"
49 m²,4 phòng,4 phòng,Đã có sổ,"Nhà ngõ, hẻm",,,"104,08 triệu/m²",,5,,Nội thất đầy đủ,,ha-noi,"Bán nhà gần Liễu Giai, gần phố, 3 thoáng, oto tránh, 49m2 x MT4.8m",,"Đội Cấn, Phường Đội Cấn, Quận Ba Đình, Hà NộiXem bản đồ","5,1 tỷ - 49 m2"
37 m²,4 phòng,4 phòng,Đã có sổ,"Nhà ngõ, hẻm",,,"107,57 triệu/m²",,6,,Nội thất đầy đủ,,ha-noi,"Gấp! Nhà Ngọc Khánh, Ngõ thông rộng 3m, ôtô tránh, ở sướng, 37m2*5T",,"Phố Ngọc Khánh, Phường Ngọc Khánh, Quận Ba Đình, Hà NộiXem bản đồ","3,98 tỷ - 37 m2"
43 m²,6 phòng,5 phòng,Đã có sổ,"Nhà ngõ, hẻm",,,"109,3 triệu/m²",,5,,Nội thất đầy đủ,,ha-noi,"Bán nhà Láng Hạ, ngõ thông nông, oto tránh, KD, ở ngay, 43m2 x 5T",,"Phố Láng Hạ, Phường Láng Hạ, Quận Đống Đa, Hà NộiXem bản đồ","4,7 tỷ - 43 m2"
43 m²,3 phòng,4 phòng,Đã có sổ,"Nhà ngõ, hẻm",,,"106,98 triệu/m²",,5,,Nội thất đầy đủ,,ha-noi,"Bán nhà Hào Nam, gần phố, ngõ thông, 3 gác, 43m2 x 5T",,"Phố Hào Nam, Phường Cát Linh, Quận Đống Đa, Hà NộiXem bản đồ","4,6 tỷ - 43 m2"
42 m²,3 phòng,3 phòng,Đã có sổ,"Nhà ngõ, hẻm",,,"106,67 triệu/m²",,3,,Nội thất đầy đủ,,ha-noi,"Cứu chủ! Bán nhà Đội Cấn, Ôtô tránh, Mới đẹp, 42m2*MT5m",,"Đội Cấn, Phường Đội Cấn, Quận Ba Đình, Hà NộiXem bản đồ","4,48 tỷ - 42 m2"
72 m²,4 phòng,6 phòng,Đã có sổ,Nhà phố liền kề,,,"347,22 triệu/m²",Đông Nam,6,,,,ha-noi,"Nguyễn Trãi Nhà liền kề 5 tầng thang máy 72m2 mt5,5 25 tỷ đẹp ở ngay",,"Đường Nguyễn Trãi, Phường Thanh Xuân Trung, Quận Thanh Xuân, Hà NộiXem bản đồ",25 tỷ - 72 m2
45 m²,3 phòng,4 phòng,Đã có sổ,"Nhà ngõ, hẻm",,,"106,67 triệu/m²",,4,,Nội thất cao cấp,,ha-noi,"Bán nhà Đội Cấn, gần phố, ôtô tránh, 2 thoáng, nhà đẹp ở ngay, 45m2x4T",,"Đội Cấn, Phường Cống Vị, Quận Ba Đình, Hà NộiXem bản đồ","4,8 tỷ - 45 m2"
36 m²,3 phòng,3 phòng,Đã có sổ,"Nhà ngõ, hẻm",3.8 m,,"119,44 triệu/m²",,4,,,,ha-noi,"Bán nhà Hào Nam, ngõ nông, oto tránh, về ở luôn, 36m2 x MT3.8",,"Phố Hào Nam, Phường Ô Chợ Dừa, Quận Đống Đa, Hà NộiXem bản đồ","4,3 tỷ - 36 m2"
38 m²,3 phòng,3 phòng,Đã có sổ,"Nhà ngõ, hẻm",,,"110,53 triệu/m²",,5,,Nội thất đầy đủ,,ha-noi,"Bán nhà Hào Nam, ngõ nông thông, ôtô tránh, về ở luôn, 38m2 x MT3.7m",,"Phố Hào Nam, Phường Ô Chợ Dừa, Quận Đống Đa, Hà NộiXem bản đồ","4,2 tỷ - 38 m2"
42 m²,3 phòng,4 phòng,Đã có sổ,"Nhà ngõ, hẻm",,,"108,33 triệu/m²",,5,,Nội thất cao cấp,,ha-noi,"Ở ngay! Bán nhà Văn Cao, ngõ thông, sát phố, ô tô, 42m2*5T",,"Văn Cao, Phường Cống Vị, Quận Ba Đình, Hà NộiXem bản đồ","4,55 tỷ - 42 m2"
60 m²,5 phòng,,,"Nhà mặt phố, mặt tiền",,,275 triệu/m²,,,"Hẻm xe hơi,Nở hậu",,,ha-noi,"Bán nhà mặt phố Phương Mai, Đống Đa,60m2,mt 5m,kinh doanh,chỉ 16.5 tỷ.",,"Phố Phương Mai, Phường Phương Mai, Quận Đống Đa, Hà NộiXem bản đồ","16,5 tỷ - 60 m2"
32 m²,3 phòng,4 phòng,Đã có sổ,"Nhà mặt phố, mặt tiền",,,"162,5 triệu/m²",,5,,Nhà trống,,ha-noi,Lô góc KD - Linh Quang - Đống Đa - oto tránh - mới đẹp ở ngay 32m2*5T,,"Linh Quang, Phường Văn Chương, Quận Đống Đa, Hà NộiXem bản đồ","5,2 tỷ - 32 m2"
38.2 m²,3 phòng,,,"Nhà mặt phố, mặt tiền",,,"99,48 triệu/m²",,,,,,ha-noi,"Nguyễn Lương Bằng, vài bước ra phố, ngõ thông, ba gác tránh. 38.2m2*4T",,"Nguyễn Lương Bằng, Phường Hàng Bột, Quận Đống Đa, Hà NộiXem bản đồ","3,8 tỷ - 38.2 m2"
34 m²,4 phòng,,Đã có sổ,"Nhà ngõ, hẻm",,,"170,29 triệu/m²",,5,Hẻm xe hơi,Nội thất đầy đủ,,ha-noi,"Ngõ 460 Khương Đình, 34m, 5T, oto, kinh doanh, gần phố, ngõ thẳng tắp.",,"Khương Đình, Phường Khương Đình, Quận Thanh Xuân, Hà NộiXem bản đồ","5,79 tỷ - 34 m2"
50 m²,3 phòng,,Đã có sổ,"Nhà mặt phố, mặt tiền",,,100 triệu/m²,,4,,Nội thất đầy đủ,,ha-noi,Mặt phố Từ Liêm - DT 50m x 4 tầng - Lô góc - MT siêu rộng - kinh doanh,,"Thụy Phương, Phường Thụy Phương, Quận Bắc Từ Liêm, Hà NộiXem bản đồ",5 tỷ - 50 m2
21 m²,1 phòng,2 phòng,Đã có sổ,"Nhà ngõ, hẻm",,,"127,62 triệu/m²",,2,,Nội thất cao cấp,,ha-noi,"Nhỏ đẹp Ba Đình 21m giá 2.68t ở ngay, thoáng",,"Phố Ngọc Khánh, Phường Ngọc Khánh, Quận Ba Đình, Hà NộiXem bản đồ","2,68 tỷ - 21 m2"
35 m²,5 phòng,4 phòng,,"Nhà ngõ, hẻm",3.5 m,,100 triệu/m²,,4,,,10 m,ha-noi,"BÁN NHÀ LĨNH NAM 4 TẦNG 5 NGỦ , NGÕ NÔNG GẦN PHỐ, CHỢ KD SẦM UẤT",,"Ngõ 479 Đường Lĩnh Nam, Phường Lĩnh Nam, Quận Hoàng Mai, Hà NộiXem bản đồ","3,5 tỷ - 35 m2"
48 m²,4 phòng,,Đã có sổ,"Nhà ngõ, hẻm",4 m,,"172,5 triệu/m²",,,"Hẻm xe hơi,Nở hậu",Nội thất cao cấp,,ha-noi,Chính chủ bán nhà Phân Lô TRUNG HÒA CẦU GIẤY 4 tầng gara ô tô lô góc,,"Trung Hòa, Phường Trung Hoà, Quận Cầu Giấy, Hà NộiXem bản đồ","8,28 tỷ - 48 m2"
15 m²,3 phòng,2 phòng,Đã có sổ,"Nhà ngõ, hẻm",,,112 triệu/m²,,3,,Nội thất cao cấp,,ha-noi,Sổ đỏ tên tôi bán nhà XÃ Đàn 15m2 4 Tầng cách phố 80m nhà sổ riêng.,,"Xã Đàn, Phường Thổ Quan, Quận Đống Đa, Hà NộiXem bản đồ","1,68 tỷ - 15 m2"
492 m²,4 phòng,4 phòng,Đã có sổ,"Nhà mặt phố, mặt tiền",,,"186,99 triệu/m²",,2,,Nội thất đầy đủ,,ha-noi,MẶT phố CỔ LINH THẠCH BÀN ôTô tránh nhau 496m2 SĐCC 3 mặt ngõ,,"Đường Cổ Linh, Phường Thạch Bàn, Quận Long Biên, Hà NộiXem bản đồ","92,000000009 tỷ - 492 m2"
68 m²,6 phòng,6 phòng,Đã có sổ,"Nhà mặt phố, mặt tiền",,,"135,29 triệu/m²",,5,,Nội thất cao cấp,,ha-noi,Tôi cần bán Liền kề phố YÊN LẠC 68m2 THANG MÁY ôTô tránh vỉa hè căngóc,,"Yên lạc, Phường Minh Khai, Quận Hai Bà Trưng, Hà NộiXem bản đồ","9,2 tỷ - 68 m2"
35 m²,4 phòng,3 phòng,Đã có sổ,"Nhà ngõ, hẻm",,,"82,86 triệu/m²",,4,,Nội thất đầy đủ,,ha-noi,"Chính chủ bán nhà Tây mỗ, 10m oto đỗ",,"Ngõ 67 Phố Cầu Cốc, Phường Tây Mỗ, Quận Nam Từ Liêm, Hà NộiXem bản đồ","2,9 tỷ - 35 m2"
126 m²,3 phòng,,Đã có sổ,"Nhà ngõ, hẻm",9 m,,"261,9 triệu/m²",,5,,Nội thất cao cấp,,ha-noi,PHÂN LÔ KIM MÃ- 126m2- OTO TRÁNH- GARA 7c- 3 THOÁNG- AN NINH TUYỆT ĐỐI,,"Phố Kim Mã, Phường Kim Mã, Quận Ba Đình, Hà NộiXem bản đồ",33 tỷ - 126 m2
23 m²,3 phòng,3 phòng,,"Nhà ngõ, hẻm",,,"117,39 triệu/m²",,,,,,ha-noi,"Cần bán nhanh nhà phố Văn Hương Đống Đa Giá 2,7 tỷ",,"Ngõ Văn Hương, Phường Hàng Bột, Quận Đống Đa, Hà NộiXem bản đồ","2,7 tỷ - 23 m2"
63 m²,4 phòng,4 phòng,Đã có sổ,Nhà phố liền kề,,,"134,13 triệu/m²",,5,,Nội thất đầy đủ,,ha-noi,"Liền Kề Mậu Lương 63m 5 tầng mt5,5m lừng lững, vừa ở vừa KD quá tốt",,"Phố Hoàng Công, Phường Kiến Hưng, Quận Hà Đông, Hà NộiXem bản đồ","8,45 tỷ - 63 m2"
40 m²,5 phòng,,Đã có sổ,"Nhà ngõ, hẻm",6 m,,"196,25 triệu/m²",,5,,Nội thất đầy đủ,,ha-noi,"Trần Phú,Mỗ Lao căn góc 40m 5tầng Kinh doanh,an sinh đỉnh,ôtô dừng đỗ",,"Đường Trần Phú, Phường Mộ Lao, Quận Hà Đông, Hà NộiXem bản đồ","7,85 tỷ - 40 m2"
46 m²,3 phòng,3 phòng,Đã có sổ,"Nhà ngõ, hẻm",,,"108,26 triệu/m²",,4,,Nội thất đầy đủ,,ha-noi,"Bán nhà Đồng Cổ, ôtô tránh, ngõ thông, gần Lăng Bác, nhà đẹp, 46m2*4T",,"Phố Đồng Cổ, Phường Thụy Khuê, Quận Tây Hồ, Hà NộiXem bản đồ","4,98 tỷ - 46 m2"
43 m²,3 phòng,4 phòng,Đã có sổ,"Nhà ngõ, hẻm",,,"110,47 triệu/m²",,5,,Nội thất đầy đủ,,ha-noi,"Cứu chủ! Bán nhà khu Liễu Giai, Ôtô tránh, ngõ thông, ở ngay, 43m2",,"Phố Liễu Giai, Phường Liễu Giai, Quận Ba Đình, Hà NộiXem bản đồ","4,75 tỷ - 43 m2"
55 m²,4 phòng,4 phòng,Đã có sổ,"Nhà ngõ, hẻm",,,"89,09 triệu/m²",,5,,Nội thất đầy đủ,,ha-noi,"Bán nhà Nguyên Hồng, 2 thoáng, ngõ thông kinh doanh, ở luôn, 55m2",,"Phố Nguyên Hồng, Phường Láng Hạ, Quận Đống Đa, Hà NộiXem bản đồ","4,9 tỷ - 55 m2"
37.8 m²,4 phòng,3 phòng,,"Nhà ngõ, hẻm",3.6 m,37.8 m²,"105,29 triệu/m²",,4,,,,ha-noi,"Gấp! Nhà Ngọc Khánh, Ngõ thông rộng 3m, oto tránh, 36m2*5T",,"Đường Ngọc Khánh, Phường Ngọc Khánh, Quận Ba Đình, Hà NộiXem bản đồ","3,98 tỷ - 37.8 m2"
39 m²,3 phòng,4 phòng,Đã có sổ,"Nhà ngõ, hẻm",6 m,,"115,38 triệu/m²",,,,Nội thất đầy đủ,,ha-noi,"Nhà mới đẹp Kim Mã, ngõ thông kinh doanh, 2 thoáng, 39m2 nhỉnh 4 tỷ",,"Phố Kim Mã, Phường Kim Mã, Quận Ba Đình, Hà NộiXem bản đồ","4,5 tỷ - 39 m2"
47 m²,4 phòng,4 phòng,Đã có sổ,"Nhà ngõ, hẻm",,,"106,38 triệu/m²",,4,,Nội thất đầy đủ,,ha-noi,"Bán nhà Thái Thịnh, 2 thoáng, oto tránh, full NT ở ngay, 46.8m2",,"Phố Thái Thịnh, Phường Trung Liệt, Quận Đống Đa, Hà NộiXem bản đồ",5 tỷ - 47 m2
44 m²,3 phòng,4 phòng,Đã có sổ,"Nhà ngõ, hẻm",,,"108,64 triệu/m²",,4,,Nội thất đầy đủ,,ha-noi,"Tuyệt! Đội Cấn, 2 thoáng, ngõ thông, ôtô tránh, mới đẹp, 39m2",,"Phố Đội Cấn, Phường Liễu Giai, Quận Ba Đình, Hà NộiXem bản đồ","4,78 tỷ - 44 m2"
38 m²,4 phòng,4 phòng,Đang chờ sổ,"Nhà ngõ, hẻm",,,"119,74 triệu/m²",,5,,Nội thất cao cấp,,ha-noi,"Lương Định Của! oto 7 chỗ đỗ cửa, ngõ thông, 3 thoáng, ở ngay 37m2*5T",,"Phố Lương Định Của, Phường Kim Liên, Quận Đống Đa, Hà NộiXem bản đồ","4,55 tỷ - 38 m2"
55 m²,4 phòng,4 phòng,Đã có sổ,"Nhà ngõ, hẻm",,,"160,91 triệu/m²",,5,,Nội thất cao cấp,,ha-noi,"Bán nhà Nguyễn An Ninh, 55m 5 tầng, ô tô, lô góc gần phố, mặt tiền rộn",,"Ngõ 63 Nguyễn An Ninh, Phường Tương Mai, Quận Hoàng Mai, Hà NộiXem bản đồ","8,85 tỷ - 55 m2"
30 m²,3 phòng,5 phòng,Đã có sổ,"Nhà ngõ, hẻm",,,"163,33 triệu/m²",,5,,Nhà trống,,ha-noi,Bán nhà Ngọc HÀ 30m 5 tầng ngõ to rộng nhà đẹp ở luôn giá 4.9 tỷ,,"Phố Ngọc Hà, Phường Ngọc Hà, Quận Ba Đình, Hà NộiXem bản đồ","4,9 tỷ - 30 m2"
45 m²,6 phòng,,,"Nhà ngõ, hẻm",,,"132,22 triệu/m²",,,,,,ha-noi,"Bán nhà Kim Mã Ba Đình, 45m2 5 tầng đẹp, chỉ 5.95 tỷ.",,"Phố Kim Mã, Phường Kim Mã, Quận Ba Đình, Hà NộiXem bản đồ","5,95 tỷ - 45 m2"
33 m²,2 phòng,,,"Nhà ngõ, hẻm",5.88 m,65 m²,"80,3 triệu/m²",,2,,Nội thất đầy đủ,,ha-noi,"33m2 lô góc, ô tô đỗ cửa, kinh doanh nhỏ, Hà Trì, Hà Đông, chính chủ",,"Hà Trì, Phường Hà Cầu, Quận Hà Đông, Hà NộiXem bản đồ","2,65 tỷ - 33 m2"
45 m²,4 phòng,3 phòng,Đã có sổ,"Nhà ngõ, hẻm",,,"137,78 triệu/m²",Đông Nam,4,,,,ha-noi,"Nhà đẹp lô góc Hồ Ba Mẫu, 44m2 4 tầng, ô tô qua, nhỉnh 6 tỷ",,"Ô Đồng Lầm, Phường Phương Liên, Quận Đống Đa, Hà NộiXem bản đồ","6,2 tỷ - 45 m2"
23 m²,3 phòng,4 phòng,Đã có sổ,"Nhà ngõ, hẻm",,27 m²,"117,39 triệu/m²",,5,,,,ha-noi,BÁN NHÀ TÔN ĐỨC THẮNG,,"Ngõ 163 Tôn Đức Thắng, Phường Văn Chương, Quận Đống Đa, Hà NộiXem bản đồ","2,7 tỷ - 23 m2"
45 m²,5 phòng,4 phòng,Đã có sổ,"Nhà mặt phố, mặt tiền",,,"311,11 triệu/m²",,5,,Nội thất đầy đủ,,ha-noi,"Mặt Kinh doanh sầm uất phố Tạ Quang Bửu, 2 mặt tiền, giá 14 tỷ",,"Phố Tạ Quang Bửu, Phường Bách Khoa, Quận Hai Bà Trưng, Hà NộiXem bản đồ",14 tỷ - 45 m2
30 m²,3 phòng,,Đã có sổ,"Nhà ngõ, hẻm",10 m,,"168,33 triệu/m²",,5,,Nhà trống,,ha-noi,"Hạ chào nửa tỷ! Lô góc Lương Định Của, ô tô đỗ cửa, KD, ở ngay 30m*5T",,"Phố Lương Định Của, Phường Kim Liên, Quận Đống Đa, Hà NộiXem bản đồ","5,05 tỷ - 30 m2"
33 m²,4 phòng,4 phòng,Đã có sổ,"Nhà mặt phố, mặt tiền",,,"136,36 triệu/m²",,5,,Nội thất đầy đủ,,ha-noi,"BÁN NHÀ 5 TẦNG, DT 33m2, NGAY KĐT ĐÔ NGHĨA, giá 4,5tỷ (CTL)",,"Tổ 13 , Phường Yên Nghĩa, Quận Hà Đông, Hà NộiXem bản đồ","4,5 tỷ - 33 m2"
34 m²,4 phòng,3 phòng,Đã có sổ,"Nhà ngõ, hẻm",,,"120,59 triệu/m²",,4,,Nội thất đầy đủ,,ha-noi,"Nhỉnh 4 tỷ 4 tầng về ở luôn,ngõ thông rộng, dân trí cao tiện ích tốt",,"Đường Hoàng Mai, Phường Hoàng Văn Thụ, Quận Hoàng Mai, Hà NộiXem bản đồ","4,1 tỷ - 34 m2"
105 m²,1 phòng,1 phòng,Đã có sổ,"Nhà mặt phố, mặt tiền",,,"207,62 triệu/m²",Đông,1,,,,ha-noi,"Mặt phố khu Quận Ủy Hoàng Mai, 105m 2 mặt tiền khủng, vỉa hè đá bóng",,"Bùi Huy Bích, Phường Thịnh Liệt, Quận Hoàng Mai, Hà NộiXem bản đồ","21,8 tỷ - 105 m2"
57 m²,1 phòng,1 phòng,Đã có sổ,Nhà phố liền kề,,,"149,12 triệu/m²",,1,,Bàn giao thô,,ha-noi,"Bán mảnh đất phân lô Lê Trọng Tấn, 57m2 2 mặt ô tô tránh nhau",,"Lê Trọng Tấn, Phường Định Công, Quận Hoàng Mai, Hà NộiXem bản đồ","8,5 tỷ - 57 m2"
120 m²,10 phòng,Nhiều hơn 6 phòng,Đã có sổ,"Nhà mặt phố, mặt tiền",,,"258,33 triệu/m²",Đông Nam,7,,,,ha-noi,"Tòa văn phòng Võng Thị,120m2 7 tầng siêu mặt tiền 10m",,"Lạc Long Quân, Phường Bưởi, Quận Tây Hồ, Hà NộiXem bản đồ",31 tỷ - 120 m2
34 m²,3 phòng,3 phòng,Đã có sổ,"Nhà ngõ, hẻm",,,"76,47 triệu/m²",,3,,Nội thất đầy đủ,,ha-noi,"Bán nhà Trần Khát Chân, 34m2 3 tầng, ngõ đẹp xe tránh nhau, hơn 2 tỷ",,"Đường Trần Khát Chân, Phường Thanh Lương, Quận Hai Bà Trưng, Hà NộiXem bản đồ","2,6 tỷ - 34 m2"
60 m²,4 phòng,4 phòng,Đã có sổ,"Nhà ngõ, hẻm",,,"146,67 triệu/m²",,4,,Nội thất cao cấp,,ha-noi,"Hiếm. Bạch Mai 60m 5 tầng, nhà dân tự xây, ngõ nông đẹp, hơn 8 tỷ",,"Phố Bạch Mai, Phường Bạch Mai, Quận Hai Bà Trưng, Hà NộiXem bản đồ","8,8 tỷ - 60 m2"
58 m²,4 phòng,3 phòng,Đã có sổ,"Nhà ngõ, hẻm",,,"39,31 triệu/m²",,3,,Nhà trống,,ha-noi,"BÁN CĂN NHÀ 58m2 XÂY 3 TẦNG ,GIÁ NHỈNH 2tỷ. Lh *** ( zalo )",,"Đỗ Tráng, Xã Đại Thành, Huyện Quốc Oai, Hà NộiXem bản đồ","2,28 tỷ - 58 m2"
50 m²,4 phòng,4 phòng,Đã có sổ,"Nhà ngõ, hẻm",,250 m²,120 triệu/m²,,,,,,ha-noi,NHÀ ĐÊ LA THÀNH 50M 4 TẦNG 6 TỈ HƠN,,"Đê La Thành, Phường Kim Mã, Quận Ba Đình, Hà NộiXem bản đồ",6 tỷ - 50 m2
30 m²,3 phòng,4 phòng,Đã có sổ,"Nhà ngõ, hẻm",,,"178,33 triệu/m²",,5,,Nhà trống,,ha-noi,"Bán nhà 381 Nguyễn Khang, 1 nhà ra ô tô tránh, 30m 5 tầng",,"Nguyễn Khang, Phường Yên Hoà, Quận Cầu Giấy, Hà NộiXem bản đồ","5,35 tỷ - 30 m2"
18 m²,2 phòng,,Đã có sổ,"Nhà ngõ, hẻm",,,"144,44 triệu/m²",,4,Hẻm xe hơi,Nội thất đầy đủ,,ha-noi,NHÀ ĐẸP FULL NỘI THẤT - LÔ GÓC - NGÕ RỘNG 3M - 10M RA MẶT PHỐ,,"Chùa Quỳnh, Phường Quỳnh Mai, Quận Hai Bà Trưng, Hà NộiXem bản đồ","2,6 tỷ - 18 m2"
105 m²,6 phòng,,,"Nhà ngõ, hẻm",,,"255,24 triệu/m²",,,"Hẻm xe hơi,Nở hậu",,,ha-noi,BÁN NHÀ PHÂN LÔÔ TÔ KINH DOANH SÁT PHỐ THÁI HÀ-ĐỐNG ĐA102M5 CHỈ 26.8TỶ,,"thái hà, Phường Khương Thượng, Quận Đống Đa, Hà NộiXem bản đồ","26,8 tỷ - 105 m2"
33 m²,4 phòng,,Đã có sổ,"Nhà ngõ, hẻm",,,"130,3 triệu/m²",,,,,,ha-noi,NHÀ ĐẸP TRẦN BÌNH 33M x 4TẦNG 4 NGỦ- 2 THOÁNG - FULL NỘI THẤT,,"Trần Bình, Phường Mai Dịch, Quận Cầu Giấy, Hà NộiXem bản đồ","4,3 tỷ - 33 m2"
69 m²,6 phòng,4 phòng,Đã có sổ,Nhà phố liền kề,,,"333,33 triệu/m²",,5,,Nhà trống,,ha-noi,LIỀN KỀ VIP - THANH XUÂN QUẬN - THANG MÁY - KINH DOANH - KHU VỰC HIẾM,,"Nguyễn Huy Tưởng, Phường Thanh Xuân Trung, Quận Thanh Xuân, Hà NộiXem bản đồ",23 tỷ - 69 m2
46 m²,4 phòng,4 phòng,Đã có sổ,"Nhà ngõ, hẻm",,,"97,83 triệu/m²",,4,,Nội thất đầy đủ,,ha-noi,"Ngọt! Bán nhà Vĩnh Phúc, ngõ nông thông, gần phố, ở ngay, 46m2 x 4T",,"Phố Vĩnh Phúc, Phường Vĩnh Phúc, Quận Ba Đình, Hà NộiXem bản đồ","4,5 tỷ - 46 m2"
60 m²,4 phòng,5 phòng,Đã có sổ,"Nhà ngõ, hẻm",,,225 triệu/m²,,6,,Nội thất cao cấp,,ha-noi,"NHÀ ĐẸP PHỐ VIP TRẦN QUỐC HOÀN, ÔTÔ TRÁNH,THANG MÁY, KINH DOANH ĐỈNH",,"Trần Quốc Hoàn, Phường Dịch Vọng Hậu, Quận Cầu Giấy, Hà NộiXem bản đồ","13,5 tỷ - 60 m2"
60 m²,4 phòng,3 phòng,Đã có sổ,"Nhà ngõ, hẻm",,,120 triệu/m²,,3,,Nội thất cao cấp,,ha-noi,"NHÀ ĐẸP MẶT NGÕ ĐÀO TẤN 60M2, NGÕ RỘNG 3M, 100M RA MẶT PHỐ",,"Phố Đào Tấn, Phường Cống Vị, Quận Ba Đình, Hà NộiXem bản đồ","7,2 tỷ - 60 m2"
41 m²,3 phòng,5 phòng,Đã có sổ,"Nhà ngõ, hẻm",,,"107,32 triệu/m²",,4,,Nội thất đầy đủ,,ha-noi,"Nhanh ạ! Bán nhà Kim Mã, 2 thoáng, Ôtô, sát phố, ở ngay, 41m*MT3.6m",,"Đội Cấn, Phường Đội Cấn, Quận Ba Đình, Hà NộiXem bản đồ","4,4 tỷ - 41 m2"
37 m²,3 phòng,4 phòng,Đã có sổ,"Nhà ngõ, hẻm",4.5 m,,"121,62 triệu/m²",,,,Nội thất cao cấp,,ha-noi,"Ở ngay! Bán nhà Ngọc Hà, ngõ thông, sát phố, ô tô, 37m2*5T",,"Văn Cao, Phường Ngọc Hà, Quận Ba Đình, Hà NộiXem bản đồ","4,5 tỷ - 37 m2"
41.5 m²,3 phòng,,,"Nhà ngõ, hẻm",,41.5 m²,"93,98 triệu/m²",,,Nở hậu,Nội thất đầy đủ,,ha-noi,"Siêu Phẩm Định Công, Ô Tô đỗ Cổng, Nhà đẹp ở ngay, giá ngon bổ rẻ",,"Phố Định Công, Phường Định Công, Quận Hoàng Mai, Hà NộiXem bản đồ","3,9 tỷ - 41.5 m2"
48 m²,2 phòng,1 phòng,Đã có sổ,"Nhà ngõ, hẻm",,,"1,13 triệu/m²",Bắc,1,,,,ha-noi,BÁN NHÀ TRÂU QUỲ - 48M NHỈNH 2TY,,"8, an lạc, Thị trấn Trâu Quỳ, Huyện Gia Lâm, Hà NộiXem bản đồ",54 triệu - 48 m2
44 m²,6 phòng,3 phòng,Đã có sổ,"Nhà ngõ, hẻm",,,"95,59 triệu/m²",,5,,Nội thất đầy đủ,,ha-noi,"Ơ kìa! Phạm Văn Đồng, oto 10m, gần phố, ngõ nông, thoáng,",,"Phạm Văn Đồng, Phường Mai Dịch, Quận Cầu Giấy, Hà NộiXem bản đồ","4,206 tỷ - 44 m2"
74 m²,nhiều hơn 10 phòng,Nhiều hơn 6 phòng,Đã có sổ,"Nhà ngõ, hẻm",,,"205,41 triệu/m²",,8,,Nội thất đầy đủ,,ha-noi,CĂN HỘ CHO THUÊ CHÙA LÁNG 74M-8TẦNG-19CHKK -15TY2,,"Đường Láng, Phường Láng Thượng, Quận Đống Đa, Hà NộiXem bản đồ","15,2 tỷ - 74 m2"
20 m²,2 phòng,,Giấy tờ khác,,,,80 triệu/m²,Đông Nam,2,,,,ha-noi,Chính chủ cần bán loại nhà ở gần trường .chợ,,"30Bb6 ngõ 274 trương định, Đường Trương Định, Phường Tương Mai, Quận Hoàng Mai, Hà NộiXem bản đồ","1,6 tỷ - 20 m2"
33 m²,4 phòng,3 phòng,Đã có sổ,"Nhà ngõ, hẻm",,,"50,91 triệu/m²",,3,,Nhà trống,,ha-noi,"Bán nhà 3tầng dt 33m2 gần trường Sp THỂ DỤC THỂ THAO 500m, giá 1,6 tỷ",,"Phượng Đồng, Xã Phụng Châu, Huyện Chương Mỹ, Hà NộiXem bản đồ","1,68 tỷ - 33 m2"
50 m²,5 phòng,5 phòng,Đã có sổ,Nhà phố liền kề,,,180 triệu/m²,Tây Nam,7,,,,ha-noi,CHÍNH CHỦ GỬI BÁN LIỀN KỀ DT 50m-5 PHÒNG NGỦ KĐT DƯƠNG NỘI -HÀ ĐÔNG,,"Khu đô thị mới Dương Nội - Tập đoàn Nam Cường, Đường Tố Hữu, Phường Dương Nội, Hà Đông, Hà Nội, Phường La Khê, Quận Hà Đông, Hà NộiXem bản đồ",9 tỷ - 50 m2
90 m²,8 phòng,Nhiều hơn 6 phòng,Đã có sổ,"Nhà mặt phố, mặt tiền",,,"317,78 triệu/m²",,8,,Nội thất cao cấp,,ha-noi,Tòa nhà Cầu Giấy-90m2x9 Tầng-Vỉa hè 2 bên-cho thuê 120tr/tháng-28.6 tỷ,,"Hoàng Quốc Việt, Phường Nghĩa Đô, Quận Cầu Giấy, Hà NộiXem bản đồ","28,6 tỷ - 90 m2"
40 m²,3 phòng,,Đã có sổ,"Nhà ngõ, hẻm",,,100 triệu/m²,,,,,,ha-noi,"Bán nhà phố Khương Thượng, ngõ rộng, nhà đẹp dân xây, 40m, 4 tỷ",,"Khương Thượng, Phường Khương Thượng, Quận Đống Đa, Hà NộiXem bản đồ",4 tỷ - 40 m2
52 m²,4 phòng,3 phòng,Đã có sổ,"Nhà ngõ, hẻm",,,"105,77 triệu/m²",,4,,Nội thất đầy đủ,,ha-noi,"Tin được không! Nguyễn Đình Hoàn, oto gần, ba gác, ngõ nông, gần phố",,"Nguyễn Đình Hoàn, Phường Nghĩa Đô, Quận Cầu Giấy, Hà NộiXem bản đồ","5,5 tỷ - 52 m2"
56 m²,5 phòng,Nhiều hơn 6 phòng,Đã có sổ,"Nhà ngõ, hẻm",,,"110,71 triệu/m²",,3,,Nội thất đầy đủ,,ha-noi,"BÁN NHÀ - BA ĐÌNH-10M RA PHỐ, 2 MẶT THOÁNG - 60m2x 5 ngủ - giá 6.2 TỶ",,"Đội Cấn, Phường Đội Cấn, Quận Ba Đình, Hà NộiXem bản đồ","6,2 tỷ - 56 m2"
62 m²,4 phòng,,,"Nhà ngõ, hẻm",,,"137,1 triệu/m²",,,,,,ha-noi,"Mặt ngõ phố Yên Hòa, nhà dân xây 62m2 x 5t x 4,7m giá 8,5 tỷ.",,"Yên Hòa, Phường Yên Hoà, Quận Cầu Giấy, Hà NộiXem bản đồ","8,5 tỷ - 62 m2"
68 m²,10 phòng,,Đã có sổ,"Nhà mặt phố, mặt tiền",,,"419,12 triệu/m²",,5,"Hẻm xe hơi,Nở hậu",Nội thất cao cấp,,ha-noi,Hoàng Cầu-Đống Đa - 68m2 x 7 Tầng thang máy-vỉa hè kinh doanh-28.5 tỷ,,"Phố Hoàng Cầu, Phường Ô Chợ Dừa, Quận Đống Đa, Hà NộiXem bản đồ","28,5 tỷ - 68 m2"
25 m²,4 phòng,,,"Nhà ngõ, hẻm",,40 m²,204 triệu/m²,,6,"Nở hậu,Hẻm xe hơi",,,ha-noi,"Bán nhà Phố LƯƠNG ĐÌNH CỦA - ĐỐNG ĐA - ô tô - kinh doanh - giá 5,1 tỷ",,"lương đình của, Phường Kim Liên, Quận Đống Đa, Hà NộiXem bản đồ","5,1 tỷ - 25 m2"
39 m²,1 phòng,,,"Nhà ngõ, hẻm",,,"68,72 triệu/m²",,,,,,ha-noi,VỊ TRÍ SIÊU ĐẸP - PHỐ TRẠM - BA GÁC VÀO NHÀ - AN SINH ĐỈNH- GẦN AEON -,,"Phố Trạm, Phường Long Biên, Quận Long Biên, Hà NộiXem bản đồ","2,68 tỷ - 39 m2"
30 m²,3 phòng,,Đã có sổ,"Nhà ngõ, hẻm",,40 m²,"176,33 triệu/m²",,6,,Nội thất đầy đủ,,ha-noi,Bán nhà Lương Đình Của - ô tô - kinh doanh - dt 30m - giá 5.29 tỷ,,"Lương Đình Của, Phường Phương Mai, Quận Đống Đa, Hà NộiXem bản đồ","5,29 tỷ - 30 m2"
37 m²,2 phòng,4 phòng,Đã có sổ,"Nhà ngõ, hẻm",,,"134,59 triệu/m²",,5,,Nội thất đầy đủ,,ha-noi,"ĐỘI CẤN_30m ra ô tô_ngõ rộng_nhà đẹp, ở luôn , giá 4,98 tỷ",,"Ngõ 279 Phố Đội Cấn, Phường Đội Cấn, Quận Ba Đình, Hà NộiXem bản đồ","4,98 tỷ - 37 m2"
37 m²,4 phòng,3 phòng,Đã có sổ,"Nhà ngõ, hẻm",,,"101,35 triệu/m²",Tây Nam,4,,,,ha-noi,Nhà Thanh Lãm gần TH Phú Lãm/ô tô đi qua/ ngay gần Vành đai 4~ 37m2x4T,,"Thanh Lãm, Phường Phú Lãm, Quận Hà Đông, Hà NộiXem bản đồ","3,75 tỷ - 37 m2"
35 m²,3 phòng,3 phòng,,"Nhà ngõ, hẻm",,,80 triệu/m²,,,,,,ha-noi,"tôi cần bán nhà Trung tâm xã đàn 35m*4 tầng ,50m ra phố, nhà đep",,"Nam Đồng, Phường Trung Phụng, Quận Đống Đa, Hà NộiXem bản đồ","2,8 tỷ - 35 m2"
16 m²,3 phòng,2 phòng,Đã có sổ,"Nhà ngõ, hẻm",,,"103,13 triệu/m²",,4,,,,ha-noi,Chính chủ bán nhà Đê La Thành 16m2 X4 Tầng nhà đẹp nhỉnh hơn 1 tỷ.,,"phố Đê La Thành, Phường Nam Đồng, Quận Đống Đa, Hà NộiXem bản đồ","1,65 tỷ - 16 m2"
36 m²,3 phòng,,Đã có sổ,"Nhà ngõ, hẻm",,,"93,06 triệu/m²",,5,,,,ha-noi,Gia Đình Tôi cần bán nhà mặt Trung Tả 36m2 x5 tầng nhà đẹp nhỉnh 3tỷ.,,"Phố Khâm Thiên, Phường Khâm Thiên, Quận Đống Đa, Hà NộiXem bản đồ","3,35 tỷ - 36 m2"
56 m²,2 phòng,2 phòng,Đã có sổ,"Nhà ngõ, hẻm",,,"86,61 triệu/m²",,2,,,,ha-noi,Gia Đình Tôi cần bán nhà mặt ngõ Thông Phong 56m2 x2 nhỉnh hơn 4 tỷ,,"Phố Tôn Đức Thắng, Phường Hàng Bột, Quận Đống Đa, Hà NộiXem bản đồ","4,85 tỷ - 56 m2"
180 m²,7 phòng,Nhiều hơn 6 phòng,Đã có sổ,"Nhà mặt phố, mặt tiền",,,"255,56 triệu/m²",,7,,Nhà trống,,ha-noi,MP VƯƠNG THỪA VŨ - TÒA NHÀ VĂN PHÒNG - THANH XUÂN - DÒNG TIỀN 1.4 TỶ/N,,"Vương Thừa Vũ, Phường Khương Mai, Quận Thanh Xuân, Hà NộiXem bản đồ",46 tỷ - 180 m2
44 m²,5 phòng,5 phòng,Đã có sổ,"Nhà ngõ, hẻm",,44 m²,"95,45 triệu/m²",,,,Nội thất đầy đủ,,ha-noi,"NHANH CÒN KỊP, nhà phố Khương Đình, 44m, 4T, mt 4.8m, giá chào 4.2 tỷ.",,"Khương Đình, Phường Hạ Đình, Quận Thanh Xuân, Hà NộiXem bản đồ","4,2 tỷ - 44 m2"
50 m²,4 phòng,5 phòng,Đã có sổ,"Nhà ngõ, hẻm",5 m,,168 triệu/m²,,55,,,,ha-noi,"BÁN NHÀ PHỐ QUAN NHÂN 50M, 5T, MT5, GIÁ 8.4 tỷ ÔTÔ ĐỖ CỬA,THANH XUÂN",,"QUAN NHÂN, Phường Nhân Chính, Quận Thanh Xuân, Hà NộiXem bản đồ","8,4 tỷ - 50 m2"
26 m²,3 phòng,4 phòng,Đã có sổ,"Nhà ngõ, hẻm",,,"103,85 triệu/m²",,5,,Nội thất đầy đủ,,ha-noi,"BÁN NHÀ ĐỐNG ĐA, NHÀ MỚI, KHU VỰC HIẾM NHÀ BÁN, 26M2, CHỈ 2,7 TỶ.",,"Ngõ Văn Hương, Phường Hàng Bột, Quận Đống Đa, Hà NộiXem bản đồ","2,7 tỷ - 26 m2"
230 m²,10 phòng,Nhiều hơn 6 phòng,Đã có sổ,"Nhà mặt phố, mặt tiền",,,"391,3 triệu/m²",Đông Bắc,8,,,,ha-noi,Bán nhà mặt phố Bạch Mai. 8 tầng thang máy. Mặt tiền vàng 8m,,"Phố Bạch Mai, Phường Cầu Dền, Quận Hai Bà Trưng, Hà NộiXem bản đồ",90 tỷ - 230 m2
47 m²,5 phòng,5 phòng,Đã có sổ,"Nhà ngõ, hẻm",,,"180,85 triệu/m²",Đông Nam,5,,,,ha-noi,ĐÔNG NAM..BÁN Nhà Phố Tô Vĩnh Diện 50 mét ra Mặt Phố ..DT : 47m x 5T,,"Hoàng Văn Thái, Phường Khương Trung, Quận Thanh Xuân, Hà NộiXem bản đồ","8,5 tỷ - 47 m2"
39 m²,4 phòng,3 phòng,Đã có sổ,"Nhà ngõ, hẻm",,,"64,1 triệu/m²",Tây Nam,4,,,,ha-noi,Nhà Phú Lãm ngay gần QL 21B~39m2x4 tầng/ gần cây xăng phố Xốm,,"Phố Xốm, Phường Phú Lãm, Quận Hà Đông, Hà NộiXem bản đồ","2,5 tỷ - 39 m2"
54 m²,nhiều hơn 10 phòng,Nhiều hơn 6 phòng,Đã có sổ,"Nhà ngõ, hẻm",,,"175,93 triệu/m²",Tây Nam,7,,,,ha-noi,"BÁN TOÀ CĂn Hộ CHo ThUÊ, VĂN CHƯƠNG, ĐỐNG Đa, DÒNG TiỀn 55 Tr/ Tg, 9,5",,"01, VĂn CHƯƠNG, Phường Khâm Thiên, Quận Đống Đa, Hà NộiXem bản đồ","9,5 tỷ - 54 m2"
47 m²,5 phòng,5 phòng,Đã có sổ,"Nhà ngõ, hẻm",,,"180,85 triệu/m²",Đông Nam,5,,,,ha-noi,"BÁN NHÀ PHỐ TÔ VĨNH DIỆN 47M, 5T, 8,45 TỶ - NHÀ CÁCH 70 MÉT RA MẶT PHỐ",,"TÔ VĨNH DIỆN, Phường Khương Trung, Quận Thanh Xuân, Hà NộiXem bản đồ","8,5 tỷ - 47 m2"
41 m²,3 phòng,,Đã có sổ,"Nhà ngõ, hẻm",,41 m²,"96,34 triệu/m²",,,,Nội thất đầy đủ,,ha-noi,"Nhỉnh 3 tỷ, Cầu Giấy, lô góc, ngõ nông, thoáng, trung tâm,41m2.",,"Cầu Giấy, Phường Dịch Vọng, Quận Cầu Giấy, Hà NộiXem bản đồ","3,95 tỷ - 41 m2"
37 m²,4 phòng,4 phòng,Đã có sổ,"Nhà ngõ, hẻm",,,"128,38 triệu/m²",Tây Nam,5,,,,ha-noi,"Bán Nhà Hoàng Mai, Bằng Liệt, Ngõ Ô Tô Đỗ của 37m, 5T, 4,75 Tỷ",,"Bằng Liệt, Phường Giáp Bát, Quận Hoàng Mai, Hà NộiXem bản đồ","4,75 tỷ - 37 m2"
62 m²,4 phòng,5 phòng,Đã có sổ,"Nhà ngõ, hẻm",,,"104,84 triệu/m²",,4,,Nội thất cao cấp,,ha-noi,BÁN NHÀ - QUẬN THANH XUÂN 62m2 x 4 x mặt tiền 5m GIÁ 6.5 TỶ .,,"quan nhân, Phường Nhân Chính, Quận Thanh Xuân, Hà NộiXem bản đồ","6,5 tỷ - 62 m2"
40 m²,3 phòng,4 phòng,Đã có sổ,"Nhà ngõ, hẻm",,,100 triệu/m²,,5,,Nội thất cao cấp,,ha-noi,"BÁN NHÀ ĐẸP NHẤT KIM GIANG 40M, 5 TẦNG HƠN 4 TỶ",,"Kim Giang, Phường Đại Kim, Quận Hoàng Mai, Hà NộiXem bản đồ",4 tỷ - 40 m2
30 m²,3 phòng,3 phòng,Đã có sổ,"Nhà ngõ, hẻm",,,130 triệu/m²,,4,,Nhà trống,,ha-noi,"Tôi bán nhà Thanh Xuân 30m, 4 tầng cách mặt phố Nguyễn Trãi chỉ 35m.",,"Nguyễn Trãi, Phường Thanh Xuân Trung, Quận Thanh Xuân, Hà NộiXem bản đồ","3,9 tỷ - 30 m2"
