Diện tích đất:,Số phòng ngủ:,Số phòng vệ sinh:,Giấy tờ pháp lý:,Loại hình nhà ở:,Chiều ngang:,Diện tích sử dụng:,Giá/m2:,Hướng cửa chính:,Tổng số tầng:,Đặc điểm nhà/đất:,Tình trạng nội thất:,Chiều dài:,Location,Name,URL,District,Price
55 m²,10 phòng,,Đã có sổ,"Nhà ngõ, hẻm",4 m,,"154,55 triệu/m²",,5,,Nội thất đầy đủ,,ha-noi,"Nhà Dòng tiền Trung Kính Cầu Giấy 10 phòng fun đồ,50tr/tháng,nhà mới",,"Trung kính, Phường Trung Hoà, Quận Cầu Giấy, Hà NộiXem bản đồ","8,5 tỷ - 55 m2"
38 m²,3 phòng,,Đã có sổ,Nhà phố liền kề,,180 m²,"142,11 triệu/m²",,5,,Nội thất cao cấp,,ha-noi,"Nhà LK khu La Khê, phân lô, gara ô tô, 38m2x5T, MT 4,5m. Nhỉnh 5 tỷ",,"Đường Lê Trọng Tấn, Phường La Khê, Quận Hà Đông, Hà NộiXem bản đồ","5,4 tỷ - 38 m2"
42 m²,1 phòng,1 phòng,,"Nhà ngõ, hẻm",,42 m²,"55,95 triệu/m²",,1,Hẻm xe hơi,,,ha-noi,"+ Bán Nhà Phú Viên, Lâm Du, Phường Bồ Đề, Quận Long Biên. HN",,"Phố Phú Viên, Phường Bồ Đề, Quận Long Biên, Hà NộiXem bản đồ","2,35 tỷ - 42 m2"
65 m²,4 phòng,4 phòng,Đã có sổ,"Nhà ngõ, hẻm",,,"184,62 triệu/m²",,5,,Nội thất cao cấp,,ha-noi,Phân lô Hoàng Quốc Việt 65m2- 5T Thang máy- Gara ô tô-Nhà mới-Giá 12t,,"Hoàng Quốc Việt, Phường Nghĩa Đô, Quận Cầu Giấy, Hà NộiXem bản đồ",12 tỷ - 65 m2
36 m²,4 phòng,,Đã có sổ,"Nhà ngõ, hẻm",4.5 m,,"111,11 triệu/m²",,6,,Nội thất đầy đủ,,ha-noi,Cổ Nhuế Phạm Văn Đồng 36m2- 6T Thang máy- Cách ô tô 10m- Giá hơn 4 tỷ,,"Đường Phạm Văn Đồng, Phường Cổ Nhuế 1, Quận Bắc Từ Liêm, Hà NộiXem bản đồ",4 tỷ - 36 m2
36 m²,3 phòng,4 phòng,Đã có sổ,"Nhà ngõ, hẻm",,,"111,11 triệu/m²",,5,,Nội thất đầy đủ,,ha-noi,Mỹ Đình 36m2 5T Sát ô tô- Nhà mới đón tết- Giá hơn 4 tỷ- Mặt tiền 4.3,,"Đường Mỹ Đình, Phường Mỹ Đình 1, Quận Nam Từ Liêm, Hà NộiXem bản đồ",4 tỷ - 36 m2
50 m²,5 phòng,4 phòng,Đã có sổ,"Nhà ngõ, hẻm",,,119 triệu/m²,,5,,Nội thất cao cấp,,ha-noi,Phố Đội Cấn 50m2- 5T- Nhà mới đón tết- Giá hơn 5 tỷ 6PN,,"Đội Cấn, Phường Đội Cấn, Quận Ba Đình, Hà NộiXem bản đồ","5,95 tỷ - 50 m2"
38 m²,4 phòng,,Đã có sổ,"Nhà ngõ, hẻm",4.5 m,,"118,42 triệu/m²",,6,,Nội thất đầy đủ,,ha-noi,Phạm Văn Đồng 38m2- 6T Thang máy- Ô tô đỗ- Nhỉnh 4 tỷ- Chủ mót bán,,"Đường Phạm Văn Đồng, Phường Cổ Nhuế 1, Quận Bắc Từ Liêm, Hà NộiXem bản đồ","4,5 tỷ - 38 m2"
50 m²,6 phòng,3 phòng,Đã có sổ,"Nhà ngõ, hẻm",,,198 triệu/m²,,5,,Nội thất cao cấp,,ha-noi,Phân Lô Pháo Đài Láng 50m2 5T- Vỉa hè kinh doanh- Ngõ 8m- Giá hơn 9 tỷ,,"Phố Pháo Đài Láng, Phường Láng Thượng, Quận Đống Đa, Hà NộiXem bản đồ","9,9 tỷ - 50 m2"
50 m²,4 phòng,5 phòng,Đã có sổ,"Nhà ngõ, hẻm",,,218 triệu/m²,,7,,Nội thất đầy đủ,,ha-noi,Thuỵ Khuê 50m2- 7T Thang máy- Ngõ Ô tô- Giá hơn 10 tỷ- Nhà mới,,"Đường Thụy Khuê, Phường Bưởi, Quận Tây Hồ, Hà NộiXem bản đồ","10,9 tỷ - 50 m2"
48 m²,5 phòng,,Đã có sổ,"Nhà ngõ, hẻm",4 m,,"123,96 triệu/m²",,5,,Nội thất đầy đủ,,ha-noi,Bán nhà Hạ Yên Quyết 48m2 5T Xây mới- Cách phố 30m- Giá hơn 5 tỷ,,"Hạ Yên, Phường Trung Hoà, Quận Cầu Giấy, Hà NộiXem bản đồ","5,95 tỷ - 48 m2"
35 m²,4 phòng,3 phòng,Đã có sổ,,,,"101,59 triệu/m²",Đông,4,,,,ha-noi,chính chủ đổi nhà to hơn cần bán,,"Chiều Khuc, Xã Tân Triều, Huyện Thanh Trì, Hà NộiXem bản đồ","3,555555555 tỷ - 35 m2"
70 m²,9 phòng,,Đã có sổ,"Nhà ngõ, hẻm",,,"112,14 triệu/m²",,5,,Nội thất đầy đủ,,ha-noi,"CCMN HỒ TÙNG MẬU 70M, CẠNH ĐH THƯƠNG MẠI, 9P KHÉP KÍN, DOANH THU 48TR",,"Hồ Tùng Mậu, Phường Mai Dịch, Quận Cầu Giấy, Hà NộiXem bản đồ","7,85 tỷ - 70 m2"
60 m²,2 phòng,1 phòng,Đã có sổ,"Nhà mặt phố, mặt tiền",4 m,,"37,5 triệu/m²",,,,Nội thất đầy đủ,,ha-noi,NHÀ TT TẦNG 2 THỊNH HÀO 1 - FULL NỘI THẤT - SẴN Ở KHU VỰC VÍP - 2 NGỦ,,"Ngõ Thịnh Hào 1, Phường Hàng Bột, Quận Đống Đa, Hà NộiXem bản đồ","2,25 tỷ - 60 m2"
86 m²,4 phòng,3 phòng,,Nhà phố liền kề,,,"194,19 triệu/m²",,,,,,ha-noi,CẦN BÁN GẤP NHÀ ĐẸP NGUYỄN VĂN LỘC,,"Phố Nguyễn Văn Lộc, Phường Mộ Lao, Quận Hà Đông, Hà NộiXem bản đồ","16,7 tỷ - 86 m2"
102 m²,nhiều hơn 10 phòng,Nhiều hơn 6 phòng,Đã có sổ,"Nhà mặt phố, mặt tiền",,,"233,33 triệu/m²",,7,,Nội thất cao cấp,,ha-noi,THÁI THỊNH. HOÀNG CẦU. MẶT PHỐ KINH DOANH.,,"Thái Thịnh, Phường Thịnh Quang, Quận Đống Đa, Hà NộiXem bản đồ","23,8 tỷ - 102 m2"
32 m²,3 phòng,4 phòng,Đã có sổ,"Nhà ngõ, hẻm",,,"79,69 triệu/m²",Đông Nam,5,,,,ha-noi,Nha 5tầng 32 m gần tàu điện trên cao bến xe yên nhhiax,,"Quốc Lộ 6, Phường Yên Nghĩa, Quận Hà Đông, Hà NộiXem bản đồ","2,55 tỷ - 32 m2"
31 m²,4 phòng,2 phòng,Đã có sổ,"Nhà ngõ, hẻm",4 m,32 m²,"90,32 triệu/m²",,,,,,ha-noi,"Bán nhà thụy khuê 4 phòng ngủ ở ngay có sổ đỏ,thoáng sáng,chỉ 2.8 tỷ",,"Đường Thụy Khuê, Phường Thụy Khuê, Quận Tây Hồ, Hà NộiXem bản đồ","2,8 tỷ - 31 m2"
38 m²,3 phòng,3 phòng,Đã có sổ,"Nhà mặt phố, mặt tiền",,,"144,74 triệu/m²",,4,,Nội thất đầy đủ,,ha-noi,"BÁN NHÀ TÂY SƠN,GẦN PHỐ,FULL NỘI THẤT,NỞ HẬU,THOÁNG 2 MẶT ,DT38M",,"Phố Tây Sơn, Phường Trung Liệt, Quận Đống Đa, Hà NộiXem bản đồ","5,5 tỷ - 38 m2"
55 m²,9 phòng,Nhiều hơn 6 phòng,Đã có sổ,"Nhà ngõ, hẻm",,,130 triệu/m²,,5,,Nội thất đầy đủ,,ha-noi,"Bán nhà dòng tiền yên hoà cầu giấy 9 phòng fun đồ,45tr/tháng,gần phố",,"Yên hoà, Phường Yên Hoà, Quận Cầu Giấy, Hà NộiXem bản đồ","7,15 tỷ - 55 m2"
92.5 m²,3 phòng,,Đã có sổ,"Nhà mặt phố, mặt tiền",,,"138,38 triệu/m²",Tây Bắc,3,,,,ha-noi,Nhà mặt phố Kim Giang,,"kim giang, Phường Phú La, Quận Hà Đông, Hà NộiXem bản đồ","12,8 tỷ - 92.5 m2"
210 m²,4 phòng,,,Nhà biệt thự,,,"204,76 triệu/m²",,,,,,ha-noi,Cần bán gấp Siêu Biệt Thự VIỆT HƯNG -210m2- giá chào 43 tỷo,,"Phố Vạn Hạnh, Phường Đức Giang, Quận Long Biên, Hà NộiXem bản đồ",43 tỷ - 210 m2
80 m²,4 phòng,5 phòng,Đã có sổ,"Nhà ngõ, hẻm",,80 m²,"206,25 triệu/m²",,6,,,,ha-noi,BIỆT THỰ MINI-PHỐ VÍP ĐÀO TẤN 80M2-NHỈNH 16 TỶ-SÂN VƯỜN CỨC HIẾM,,"Phố Đào Tấn, Phường Cống Vị, Quận Ba Đình, Hà NộiXem bản đồ","16,5 tỷ - 80 m2"
50 m²,4 phòng,,,"Nhà mặt phố, mặt tiền",,50 m²,172 triệu/m²,,4,,,,ha-noi,"Mặt phố Tam Trinh 50m2 x 5T, Phân Lô ô tô, kinh doanh, giá 8,6 tỷ",,"Đường Tam Trinh, Phường Minh Khai, Quận Hai Bà Trưng, Hà NộiXem bản đồ","8,6 tỷ - 50 m2"
38 m²,3 phòng,,Đã có sổ,Nhà phố liền kề,,180 m²,"142,11 triệu/m²",,5,,Nội thất cao cấp,,ha-noi,"Nhà LK khu La Khê, phân lô, gara ô tô, 38m2x5T, MT 4,5m. Nhỉnh 5 tỷ",,"Đường Lê Trọng Tấn, Phường La Khê, Quận Hà Đông, Hà NộiXem bản đồ","5,4 tỷ - 38 m2"
42 m²,1 phòng,1 phòng,,"Nhà ngõ, hẻm",,42 m²,"55,95 triệu/m²",,1,Hẻm xe hơi,,,ha-noi,"+ Bán Nhà Phú Viên, Lâm Du, Phường Bồ Đề, Quận Long Biên. HN",,"Phố Phú Viên, Phường Bồ Đề, Quận Long Biên, Hà NộiXem bản đồ","2,35 tỷ - 42 m2"
65 m²,4 phòng,4 phòng,Đã có sổ,"Nhà ngõ, hẻm",,,"184,62 triệu/m²",,5,,Nội thất cao cấp,,ha-noi,Phân lô Hoàng Quốc Việt 65m2- 5T Thang máy- Gara ô tô-Nhà mới-Giá 12t,,"Hoàng Quốc Việt, Phường Nghĩa Đô, Quận Cầu Giấy, Hà NộiXem bản đồ",12 tỷ - 65 m2
36 m²,4 phòng,,Đã có sổ,"Nhà ngõ, hẻm",4.5 m,,"111,11 triệu/m²",,6,,Nội thất đầy đủ,,ha-noi,Cổ Nhuế Phạm Văn Đồng 36m2- 6T Thang máy- Cách ô tô 10m- Giá hơn 4 tỷ,,"Đường Phạm Văn Đồng, Phường Cổ Nhuế 1, Quận Bắc Từ Liêm, Hà NộiXem bản đồ",4 tỷ - 36 m2
36 m²,3 phòng,4 phòng,Đã có sổ,"Nhà ngõ, hẻm",,,"111,11 triệu/m²",,5,,Nội thất đầy đủ,,ha-noi,Mỹ Đình 36m2 5T Sát ô tô- Nhà mới đón tết- Giá hơn 4 tỷ- Mặt tiền 4.3,,"Đường Mỹ Đình, Phường Mỹ Đình 1, Quận Nam Từ Liêm, Hà NộiXem bản đồ",4 tỷ - 36 m2
50 m²,5 phòng,4 phòng,Đã có sổ,"Nhà ngõ, hẻm",,,119 triệu/m²,,5,,Nội thất cao cấp,,ha-noi,Phố Đội Cấn 50m2- 5T- Nhà mới đón tết- Giá hơn 5 tỷ 6PN,,"Đội Cấn, Phường Đội Cấn, Quận Ba Đình, Hà NộiXem bản đồ","5,95 tỷ - 50 m2"
38 m²,4 phòng,,Đã có sổ,"Nhà ngõ, hẻm",4.5 m,,"118,42 triệu/m²",,6,,Nội thất đầy đủ,,ha-noi,Phạm Văn Đồng 38m2- 6T Thang máy- Ô tô đỗ- Nhỉnh 4 tỷ- Chủ mót bán,,"Đường Phạm Văn Đồng, Phường Cổ Nhuế 1, Quận Bắc Từ Liêm, Hà NộiXem bản đồ","4,5 tỷ - 38 m2"
50 m²,6 phòng,3 phòng,Đã có sổ,"Nhà ngõ, hẻm",,,198 triệu/m²,,5,,Nội thất cao cấp,,ha-noi,Phân Lô Pháo Đài Láng 50m2 5T- Vỉa hè kinh doanh- Ngõ 8m- Giá hơn 9 tỷ,,"Phố Pháo Đài Láng, Phường Láng Thượng, Quận Đống Đa, Hà NộiXem bản đồ","9,9 tỷ - 50 m2"
48 m²,4 phòng,6 phòng,Đã có sổ,"Nhà ngõ, hẻm",,,"197,92 triệu/m²",,7,,Nội thất đầy đủ,,ha-noi,Phùng Chí Kiên 48m2 7T Thang máy- Gara ô tô PHân lô- Giá hơn 9 tỷ,,"Phùng Chí Kiên, Phường Nghĩa Đô, Quận Cầu Giấy, Hà NộiXem bản đồ","9,5 tỷ - 48 m2"
50 m²,4 phòng,5 phòng,Đã có sổ,"Nhà ngõ, hẻm",,,218 triệu/m²,,7,,Nội thất đầy đủ,,ha-noi,Thuỵ Khuê 50m2- 7T Thang máy- Ngõ Ô tô- Giá hơn 10 tỷ- Nhà mới,,"Đường Thụy Khuê, Phường Bưởi, Quận Tây Hồ, Hà NộiXem bản đồ","10,9 tỷ - 50 m2"
48 m²,5 phòng,,Đã có sổ,"Nhà ngõ, hẻm",4 m,,"123,96 triệu/m²",,5,,Nội thất đầy đủ,,ha-noi,Bán nhà Hạ Yên Quyết 48m2 5T Xây mới- Cách phố 30m- Giá hơn 5 tỷ,,"Hạ Yên, Phường Trung Hoà, Quận Cầu Giấy, Hà NộiXem bản đồ","5,95 tỷ - 48 m2"
35 m²,4 phòng,3 phòng,Đã có sổ,,,,"101,59 triệu/m²",Đông,4,,,,ha-noi,chính chủ đổi nhà to hơn cần bán,,"Chiều Khuc, Xã Tân Triều, Huyện Thanh Trì, Hà NộiXem bản đồ","3,555555555 tỷ - 35 m2"
70 m²,9 phòng,,Đã có sổ,"Nhà ngõ, hẻm",,,"112,14 triệu/m²",,5,,Nội thất đầy đủ,,ha-noi,"CCMN HỒ TÙNG MẬU 70M, CẠNH ĐH THƯƠNG MẠI, 9P KHÉP KÍN, DOANH THU 48TR",,"Hồ Tùng Mậu, Phường Mai Dịch, Quận Cầu Giấy, Hà NộiXem bản đồ","7,85 tỷ - 70 m2"
60 m²,2 phòng,1 phòng,Đã có sổ,"Nhà mặt phố, mặt tiền",4 m,,"37,5 triệu/m²",,,,Nội thất đầy đủ,,ha-noi,NHÀ TT TẦNG 2 THỊNH HÀO 1 - FULL NỘI THẤT - SẴN Ở KHU VỰC VÍP - 2 NGỦ,,"Ngõ Thịnh Hào 1, Phường Hàng Bột, Quận Đống Đa, Hà NộiXem bản đồ","2,25 tỷ - 60 m2"
86 m²,4 phòng,3 phòng,,Nhà phố liền kề,,,"194,19 triệu/m²",,,,,,ha-noi,CẦN BÁN GẤP NHÀ ĐẸP NGUYỄN VĂN LỘC,,"Phố Nguyễn Văn Lộc, Phường Mộ Lao, Quận Hà Đông, Hà NộiXem bản đồ","16,7 tỷ - 86 m2"
102 m²,nhiều hơn 10 phòng,Nhiều hơn 6 phòng,Đã có sổ,"Nhà mặt phố, mặt tiền",,,"233,33 triệu/m²",,7,,Nội thất cao cấp,,ha-noi,THÁI THỊNH. HOÀNG CẦU. MẶT PHỐ KINH DOANH.,,"Thái Thịnh, Phường Thịnh Quang, Quận Đống Đa, Hà NộiXem bản đồ","23,8 tỷ - 102 m2"
32 m²,3 phòng,4 phòng,Đã có sổ,"Nhà ngõ, hẻm",,,"79,69 triệu/m²",Đông Nam,5,,,,ha-noi,Nha 5tầng 32 m gần tàu điện trên cao bến xe yên nhhiax,,"Quốc Lộ 6, Phường Yên Nghĩa, Quận Hà Đông, Hà NộiXem bản đồ","2,55 tỷ - 32 m2"
48 m²,5 phòng,,Đã có sổ,"Nhà ngõ, hẻm",4 m,,"123,96 triệu/m²",,5,,Nội thất đầy đủ,,ha-noi,Bán nhà Hạ Yên Quyết 48m2 5T Xây mới- Cách phố 30m- Giá hơn 5 tỷ,,"Hạ Yên, Phường Trung Hoà, Quận Cầu Giấy, Hà NộiXem bản đồ","5,95 tỷ - 48 m2"
35 m²,4 phòng,3 phòng,Đã có sổ,,,,"101,59 triệu/m²",Đông,4,,,,ha-noi,chính chủ đổi nhà to hơn cần bán,,"Chiều Khuc, Xã Tân Triều, Huyện Thanh Trì, Hà NộiXem bản đồ","3,555555555 tỷ - 35 m2"
70 m²,9 phòng,,Đã có sổ,"Nhà ngõ, hẻm",,,"112,14 triệu/m²",,5,,Nội thất đầy đủ,,ha-noi,"CCMN HỒ TÙNG MẬU 70M, CẠNH ĐH THƯƠNG MẠI, 9P KHÉP KÍN, DOANH THU 48TR",,"Hồ Tùng Mậu, Phường Mai Dịch, Quận Cầu Giấy, Hà NộiXem bản đồ","7,85 tỷ - 70 m2"
60 m²,2 phòng,1 phòng,Đã có sổ,"Nhà mặt phố, mặt tiền",4 m,,"37,5 triệu/m²",,,,Nội thất đầy đủ,,ha-noi,NHÀ TT TẦNG 2 THỊNH HÀO 1 - FULL NỘI THẤT - SẴN Ở KHU VỰC VÍP - 2 NGỦ,,"Ngõ Thịnh Hào 1, Phường Hàng Bột, Quận Đống Đa, Hà NộiXem bản đồ","2,25 tỷ - 60 m2"
86 m²,4 phòng,3 phòng,,Nhà phố liền kề,,,"194,19 triệu/m²",,,,,,ha-noi,CẦN BÁN GẤP NHÀ ĐẸP NGUYỄN VĂN LỘC,,"Phố Nguyễn Văn Lộc, Phường Mộ Lao, Quận Hà Đông, Hà NộiXem bản đồ","16,7 tỷ - 86 m2"
102 m²,nhiều hơn 10 phòng,Nhiều hơn 6 phòng,Đã có sổ,"Nhà mặt phố, mặt tiền",,,"233,33 triệu/m²",,7,,Nội thất cao cấp,,ha-noi,THÁI THỊNH. HOÀNG CẦU. MẶT PHỐ KINH DOANH.,,"Thái Thịnh, Phường Thịnh Quang, Quận Đống Đa, Hà NộiXem bản đồ","23,8 tỷ - 102 m2"
32 m²,3 phòng,4 phòng,Đã có sổ,"Nhà ngõ, hẻm",,,"79,69 triệu/m²",Đông Nam,5,,,,ha-noi,Nha 5tầng 32 m gần tàu điện trên cao bến xe yên nhhiax,,"Quốc Lộ 6, Phường Yên Nghĩa, Quận Hà Đông, Hà NộiXem bản đồ","2,55 tỷ - 32 m2"
31 m²,4 phòng,2 phòng,Đã có sổ,"Nhà ngõ, hẻm",4 m,32 m²,"90,32 triệu/m²",,,,,,ha-noi,"Bán nhà thụy khuê 4 phòng ngủ ở ngay có sổ đỏ,thoáng sáng,chỉ 2.8 tỷ",,"Đường Thụy Khuê, Phường Thụy Khuê, Quận Tây Hồ, Hà NộiXem bản đồ","2,8 tỷ - 31 m2"
38 m²,3 phòng,3 phòng,Đã có sổ,"Nhà mặt phố, mặt tiền",,,"144,74 triệu/m²",,4,,Nội thất đầy đủ,,ha-noi,"BÁN NHÀ TÂY SƠN,GẦN PHỐ,FULL NỘI THẤT,NỞ HẬU,THOÁNG 2 MẶT ,DT38M",,"Phố Tây Sơn, Phường Trung Liệt, Quận Đống Đa, Hà NộiXem bản đồ","5,5 tỷ - 38 m2"
50 m²,5 phòng,,Đã có sổ,"Nhà ngõ, hẻm",14 m,,330 triệu/m²,Đông Bắc,6,,,,ha-noi,SIÊU PHẨM PHỐ ĐÀO TẤN- LÔ GÓC 2 MẶT THOÁNG- 16.5 TỶ,,"Phố Đào Tấn, Phường Cống Vị, Quận Ba Đình, Hà NộiXem bản đồ","16,5 tỷ - 50 m2"
45 m²,4 phòng,6 phòng,Đã có sổ,"Nhà ngõ, hẻm",,,"213,33 triệu/m²",,7,,Nội thất cao cấp,,ha-noi,SIÊU HIẾM⛔️ VĂN QUÁN - 7 TẦNG THANG MÁY - GARA ÔTÔ- PHÂNLÔ- NGÕ THÔNG,,"Nguyễn Khuyến, Phường Văn Quán, Quận Hà Đông, Hà NộiXem bản đồ","9,6 tỷ - 45 m2"
40 m²,4 phòng,,,"Nhà ngõ, hẻm",,40 m²,"107,5 triệu/m²",,,,,,ha-noi,"Cực Gấp! Khương Đình, Lô góc, Oto, KD, 40m2*5T, nhỉnh 4 tỷ",,"Khương Đình, Phường Khương Đình, Quận Thanh Xuân, Hà NộiXem bản đồ","4,3 tỷ - 40 m2"
27 m²,3 phòng,4 phòng,Đã có sổ,"Nhà mặt phố, mặt tiền",,,"129,63 triệu/m²",,5,,Nội thất đầy đủ,,ha-noi,NHÀ GIẢNG VÕ CÁCH MẶT PHỐ 4M - KINH DOANH - 5 TẦNG 3 NGỦ,,"Phố Giảng Võ, Phường Cát Linh, Quận Đống Đa, Hà NộiXem bản đồ","3,5 tỷ - 27 m2"
43 m²,4 phòng,,,"Nhà ngõ, hẻm",,43 m²,"98,84 triệu/m²",,,,,,ha-noi,NHÀ SẴN Ở LUÔN - VỊ TRÍ ĐẸP GIÁ TỐT - SÁT MẶT PHỐ 20M - THÍCH HỢP KINH,,"Xã Đàn, Phường Trung Phụng, Quận Đống Đa, Hà NộiXem bản đồ","4,25 tỷ - 43 m2"
48 m²,4 phòng,5 phòng,Đã có sổ,Nhà phố liền kề,,,"229,17 triệu/m²",,4,,Nội thất đầy đủ,,ha-noi,"Bán nhà dân xây mai dịch, 52m 4 tầng, mt 4.2m",,"Mai Dịch, Phường Mai Dịch, Quận Cầu Giấy, Hà NộiXem bản đồ",11 tỷ - 48 m2
54 m²,5 phòng,5 phòng,Đã có sổ,"Nhà ngõ, hẻm",,,"133,33 triệu/m²",Đông,6,,,,ha-noi,SIÊU PHẨM PHỐ TRẠM 54M - LÔ GÓC - Ô TÔ - 6 TẦNG THANG MÁY - NHỈNH 7tỷ,,"Làng Trạm, Phường Long Biên, Quận Long Biên, Hà NộiXem bản đồ","7,2 tỷ - 54 m2"
47 m²,5 phòng,5 phòng,,"Nhà ngõ, hẻm",4.1999 m,,"184,89 triệu/m²",,5,,,,ha-noi,"Nhà Rất Mới Nõ 89 Lạc Long Quân 47m*5T, cách ô tô 5m",,"Lạc Long Quân, Phường Nghĩa Tân, Quận Cầu Giấy, Hà NộiXem bản đồ","8,69 tỷ - 47 m2"
59 m²,8 phòng,Nhiều hơn 6 phòng,Đã có sổ,"Nhà mặt phố, mặt tiền",,,"152,2 triệu/m²",,5,,Nội thất cao cấp,,ha-noi,"Mình cần bán nhà 5 Tầng ở 103 Phố Trương Định.Thang máy,Ô tô vào nhà.",,"Đường Hoàng Mai, Phường Trương Định, Quận Hai Bà Trưng, Hà NộiXem bản đồ","8,98 tỷ - 59 m2"
30 m²,3 phòng,,,"Nhà mặt phố, mặt tiền",6 m,30 m²,"161,67 triệu/m²",,3,,,5 m,ha-noi,"BÁN NHÀ THÁI HÀ 2 MẶT THOÁNG, SỔ VUÔNG ĐẸP, DIỆN TÍCH 30M,GIÁ 4TỶ850",,"THÁI HÀ, Phường Trung Liệt, Quận Đống Đa, Hà NộiXem bản đồ","4,85 tỷ - 30 m2"
38 m²,3 phòng,3 phòng,Đã có sổ,"Nhà ngõ, hẻm",,,"85,53 triệu/m²",Đông Nam,3,,,,ha-noi,"Bán nhà 3 tầng tổ 13 Yên nghĩa, Hà Đông. Thoáng, sáng. 40m2, 3,25 tỷ.",,"Phố Yên Lộ, Phường Yên Nghĩa, Quận Hà Đông, Hà NộiXem bản đồ","3,25 tỷ - 38 m2"
47 m²,5 phòng,5 phòng,,"Nhà ngõ, hẻm",4.1999 m,,"184,89 triệu/m²",,5,,,,ha-noi,"Nhà Rất Mới Nõ 89 Lạc Long Quân 47m*5T, cách ô tô 5m",,"Lạc Long Quân, Phường Nghĩa Tân, Quận Cầu Giấy, Hà NộiXem bản đồ","8,69 tỷ - 47 m2"
59 m²,8 phòng,Nhiều hơn 6 phòng,Đã có sổ,"Nhà mặt phố, mặt tiền",,,"152,2 triệu/m²",,5,,Nội thất cao cấp,,ha-noi,"Mình cần bán nhà 5 Tầng ở 103 Phố Trương Định.Thang máy,Ô tô vào nhà.",,"Đường Hoàng Mai, Phường Trương Định, Quận Hai Bà Trưng, Hà NộiXem bản đồ","8,98 tỷ - 59 m2"
30 m²,3 phòng,,,"Nhà mặt phố, mặt tiền",6 m,30 m²,"161,67 triệu/m²",,3,,,5 m,ha-noi,"BÁN NHÀ THÁI HÀ 2 MẶT THOÁNG, SỔ VUÔNG ĐẸP, DIỆN TÍCH 30M,GIÁ 4TỶ850",,"THÁI HÀ, Phường Trung Liệt, Quận Đống Đa, Hà NộiXem bản đồ","4,85 tỷ - 30 m2"
38 m²,3 phòng,3 phòng,Đã có sổ,"Nhà ngõ, hẻm",,,"85,53 triệu/m²",Đông Nam,3,,,,ha-noi,"Bán nhà 3 tầng tổ 13 Yên nghĩa, Hà Đông. Thoáng, sáng. 40m2, 3,25 tỷ.",,"Phố Yên Lộ, Phường Yên Nghĩa, Quận Hà Đông, Hà NộiXem bản đồ","3,25 tỷ - 38 m2"
15 m²,2 phòng,3 phòng,Đã có sổ,"Nhà ngõ, hẻm",,15 m²,"136,67 triệu/m²",,4,,,,ha-noi,"BÁN NHÀ TÔN ĐỨC THẮNG.ĐỐNG ĐA.9(15)M ×4T. 2,05 TỶ.",,"Tôn Đức Thắng, Phường Văn Chương, Quận Đống Đa, Hà NộiXem bản đồ","2,05 tỷ - 15 m2"
35 m²,4 phòng,4 phòng,Đã có sổ,"Nhà mặt phố, mặt tiền",,,"115,71 triệu/m²",,4,,Nội thất cao cấp,,ha-noi,"BN: HÀNG HIẾM MAI ĐỘNG.35m×4T.MT 3,45M.4 TỶ.",,"Mai Động, Phường Mai Động, Quận Hoàng Mai, Hà NộiXem bản đồ","4,05 tỷ - 35 m2"
140 m²,nhiều hơn 10 phòng,Nhiều hơn 6 phòng,Đã có sổ,"Nhà ngõ, hẻm",,,"175,71 triệu/m²",,6,,Nội thất đầy đủ,,ha-noi,"Nhà cho thuê Cổ Nhuế 1 Lô góc 8 tạ thông 42ph đủ đồ, 140m 6T thang máy",,"Đường Phạm Văn Đồng, Phường Cổ Nhuế 1, Quận Bắc Từ Liêm, Hà NộiXem bản đồ","24,6 tỷ - 140 m2"
100 m²,nhiều hơn 10 phòng,,Đã có sổ,"Nhà ngõ, hẻm",10 m,,168 triệu/m²,,6,,Nội thất đầy đủ,,ha-noi,"TÒA NHÀ CHO THUÊ ngõ 234 Hoàng Quốc Việt, 100m 6T thang máy",,"Phố Tôn Quang Phiệt, Phường Cổ Nhuế 1, Quận Bắc Từ Liêm, Hà NộiXem bản đồ","16,8 tỷ - 100 m2"
68 m²,5 phòng,,Đã có sổ,"Nhà mặt phố, mặt tiền",,,"138,24 triệu/m²",,5,,,,ha-noi,Bán Nhà Đình Thôn. Oto Tránh. 68m x 5T Thang Máy. MT: 5m. Giá Bán Gấp,,"Đình thôn, Phường Mỹ Đình 2, Quận Nam Từ Liêm, Hà NộiXem bản đồ","9,4 tỷ - 68 m2"
42 m²,3 phòng,4 phòng,Đã có sổ,"Nhà ngõ, hẻm",,,"89,29 triệu/m²",,5,,Nội thất đầy đủ,,ha-noi,"BÁN NHÀ ĐƯỜNG MINH KHAI 42M ĐỐI DIỆN TIMES CITY GẦN Ô TÔ CHỈ 3,75 TỶ",,"Phố Minh Khai, Phường Vĩnh Tuy, Quận Hai Bà Trưng, Hà NộiXem bản đồ","3,75 tỷ - 42 m2"
35 m²,4 phòng,,,"Nhà ngõ, hẻm",,,160 triệu/m²,,,,,,ha-noi,"Bán nhà ngõ 189 Giảng Võ, DT 35m x 5 tầng, giá 5.6 tỷ, kinh doanh",,"Phố Trần Huy Liệu, Phường Giảng Võ, Quận Ba Đình, Hà NộiXem bản đồ","5,6 tỷ - 35 m2"
48 m²,3 phòng,2 phòng,Đã có sổ,"Nhà ngõ, hẻm",,,"79,17 triệu/m²",Bắc,3,,,,ha-noi,"Nhà ngõ 46 Phạm Ngọc Thạch 48m, 3 tầng, oto gần chỉ 3,8 tỷ",,"Phố Phạm Ngọc Thạch, Phường Phương Liên, Quận Đống Đa, Hà NộiXem bản đồ","3,8 tỷ - 48 m2"
39 m²,4 phòng,3 phòng,Đã có sổ,"Nhà ngõ, hẻm",,,"111,54 triệu/m²",,4,,Nội thất đầy đủ,,ha-noi,BN: LỆNH CƯ ĐỐNG ĐA; 39M×4T.NHỈNH 4 TỶ.,,"Lệnh Cư, Phường Thổ Quan, Quận Đống Đa, Hà NộiXem bản đồ","4,35 tỷ - 39 m2"
45 m²,4 phòng,4 phòng,Đã có sổ,"Nhà ngõ, hẻm",,,"115,56 triệu/m²",,5,,Nội thất cao cấp,,ha-noi,Bán nhà đường Lò Đúc 45m 5 tầng gần phố chỉ 5.2 tỷ,,"Phố Lò Đúc, Phường Đống Mác, Quận Hai Bà Trưng, Hà NộiXem bản đồ","5,2 tỷ - 45 m2"
34 m²,3 phòng,,Đã có sổ,"Nhà mặt phố, mặt tiền",4 m,,"134,71 triệu/m²",,4,,,8 m,ha-noi,"BÁN NHÀ LA THÀNH, NHÀ MỚI,SÂN RỘNG THOÁNG, DIỆN TÍCH 34M,GIÁ 4TỶ580",,"La thành, Phường Láng Thượng, Quận Đống Đa, Hà NộiXem bản đồ","4,58 tỷ - 34 m2"
50 m²,4 phòng,,Đã có sổ,"Nhà ngõ, hẻm",4 m,200 m²,106 triệu/m²,,4,,,,ha-noi,Bán nhà đường Minh Khai 50m 4 tầng cách 10m ra ô tô chỉ 5.3 tỷ,,"Phố Minh Khai, Phường Minh Khai, Quận Hai Bà Trưng, Hà NộiXem bản đồ","5,3 tỷ - 50 m2"
33 m²,3 phòng,,,"Nhà ngõ, hẻm",,,"80,3 triệu/m²",,,,,,ha-noi,"Bán nhà đẹp ngõ Chợ Khâm Thiên sổ đỏ 33m2x4 tầng,giá:2,65 tỷ, rẻ hiếm.",,"Ngõ Chợ Khâm Thiên, Phường Khâm Thiên, Quận Đống Đa, Hà NộiXem bản đồ","2,65 tỷ - 33 m2"
39 m²,4 phòng,,,"Nhà mặt phố, mặt tiền",,,"170,51 triệu/m²",,,,,,ha-noi,"Bán Nhà Quỳnh Mai Thông 8/3 39m2x5 tầng,giá:6,65 tỷ, nhà đẹp kinh doan",,"Quỳnh Mai, Phường Quỳnh Mai, Quận Hai Bà Trưng, Hà NộiXem bản đồ","6,65 tỷ - 39 m2"
60 m²,3 phòng,3 phòng,Đã có sổ,"Nhà ngõ, hẻm",,,80 triệu/m²,,4,,Nội thất đầy đủ,,ha-noi,"Ngọc thụy trong đê,giá đầu tư.khu vực víp gần nhiều tiện ích",,"ngọc thụy, Phường Ngọc Thụy, Quận Long Biên, Hà NộiXem bản đồ","4,8 tỷ - 60 m2"
92.6998 m²,3 phòng,3 phòng,Đã có sổ,"Nhà ngõ, hẻm",,,"22,65 triệu/m²",Bắc,3,,,,ha-noi,"CẦN BÁN GẤP NHÀ 42.8M2 NGÕ Ô TÔ, LÔ GÓC, CÁCH HÀ ĐÔNG 3KM",,"Cầu Đại Thành, Xã Đại Thành, Huyện Quốc Oai, Hà NộiXem bản đồ","2,1 tỷ - 92.6.998 m2"
45 m²,4 phòng,3 phòng,Đã có sổ,"Nhà ngõ, hẻm",,,"113,33 triệu/m²",,5,,Nội thất cao cấp,,ha-noi,"Bán nhà đường Kim Ngưu 45m 5 tầng cách 10m ra ô tô tránh chỉ 5,1 tỷ",,"Phố Kim Ngưu, Phường Thanh Lương, Quận Hai Bà Trưng, Hà NộiXem bản đồ","5,1 tỷ - 45 m2"
20 m²,4 phòng,2 phòng,Giấy tờ khác,"Nhà ngõ, hẻm",,,66 triệu/m²,,4,,,,ha-noi,LÔ GÓC 2 THOÁNG MÁT RẺ ĐẸP KHÉO VALI Ở LUÔN,,"Nam Dư, Phường Vĩnh Hưng, Quận Hoàng Mai, Hà NộiXem bản đồ","1,32 tỷ - 20 m2"
32 m²,3 phòng,4 phòng,Đã có sổ,"Nhà ngõ, hẻm",4 m,,"106,25 triệu/m²",,5,,,,ha-noi,"Bán nhà đường Minh Khai 32m 5 tầng cách 5m ra ô tô chỉ 3,4 tỷ",,"Phố Minh Khai, Phường Minh Khai, Quận Hai Bà Trưng, Hà NộiXem bản đồ","3,4 tỷ - 32 m2"
30 m²,3 phòng,3 phòng,Đã có sổ,"Nhà ngõ, hẻm",,,115 triệu/m²,,5,,Nội thất đầy đủ,,ha-noi,"Nhỉnh 3 tỷ có nhà 5 tầng mới Mạc Thị Bưởi, lô góc, ô tô đỗ cửa",,"Phố Mạc Thị Bưởi, Phường Vĩnh Tuy, Quận Hai Bà Trưng, Hà NộiXem bản đồ","3,45 tỷ - 30 m2"
30 m²,3 phòng,4 phòng,Đã có sổ,"Nhà ngõ, hẻm",,,175 triệu/m²,,5,,Nội thất cao cấp,,ha-noi,"BN: QUAN NHÂN THANH XUÂN.30M×5T.MT4,1M.NHỈNH 5 TỶ",,"Quan Nhân, Phường Nhân Chính, Quận Thanh Xuân, Hà NộiXem bản đồ","5,25 tỷ - 30 m2"
40 m²,6 phòng,6 phòng,,,,,120 triệu/m²,Đông Bắc,6,,,,ha-noi,BÁN NHÀ GẦN NGÃ TƯ SỞ-200M RA PHỐ LỚN TRƯỜNG CHINH-HƠN 4 TỶ,,"354, Đường Trường Chinh, Phường Ngã Tư Sở, Quận Đống Đa, Hà NộiXem bản đồ","4,8 tỷ - 40 m2"
15 m²,2 phòng,2 phòng,Đang chờ sổ,"Nhà ngõ, hẻm",,,"83,33 triệu/m²",,3,,Nội thất đầy đủ,,ha-noi,NHÀ ĐẸP NGÕ KINH DOANH,,"Đông Tác, Phường Phương Mai, Quận Đống Đa, Hà NộiXem bản đồ","1,25 tỷ - 15 m2"
30 m²,3 phòng,,Đã có sổ,"Nhà mặt phố, mặt tiền",,,"131,67 triệu/m²",Đông Nam,5,,,,ha-noi,"CẦN BÁN GẤP NHÀ MỚI 30m2x 5T- ĐẸP- Phố Giang Biên, Long Biên. 3,95 tỷ",,"Ngõ 51 Phố Giang Biên, Phường Giang Biên, Quận Long Biên, Hà NộiXem bản đồ","3,95 tỷ - 30 m2"
15 m²,3 phòng,2 phòng,Đang chờ sổ,"Nhà ngõ, hẻm",,,"103,33 triệu/m²",,4,,,,ha-noi,NHÀ ĐẸP Ở NGAY,,"Hồng Mai, Phường Bạch Mai, Quận Hai Bà Trưng, Hà NộiXem bản đồ","1,55 tỷ - 15 m2"
32 m²,3 phòng,4 phòng,Đã có sổ,"Nhà mặt phố, mặt tiền",5.5 m,,"139,06 triệu/m²",,5,,,,ha-noi,"BÁN NHÀ KIM MÃ,NGÕ RỘNG DÂN XÂY, DIỆN TÍCH 32M,GIÁ 4TỶ450",,"Phố Kim Mã, Phường Kim Mã, Quận Ba Đình, Hà NộiXem bản đồ","4,45 tỷ - 32 m2"
34 m²,4 phòng,3 phòng,Đã có sổ,"Nhà ngõ, hẻm",,,"77,94 triệu/m²",Nam,4,,,,ha-noi,Bán nhà 2.65 ty Yên Nghĩa gần Bến xe 4 Phòng ngủ 50 ra Bến xe,,"Quốc lộ 6, Phường Yên Nghĩa, Quận Hà Đông, Hà NộiXem bản đồ","2,65 tỷ - 34 m2"
32 m²,3 phòng,3 phòng,Đã có sổ,"Nhà ngõ, hẻm",,,"53,44 triệu/m²",Đông,3,,,,ha-noi,Bán nhà An T,,"Anh Thắng, Phường Biên Giang, Quận Hà Đông, Hà NộiXem bản đồ","1,71 tỷ - 32 m2"
17 m²,2 phòng,2 phòng,Đã có sổ,"Nhà ngõ, hẻm",,,"110,59 triệu/m²",,4,,Nội thất đầy đủ,,ha-noi,"Bán nhà đường Nguyễn Công Trứ 17m 4 tầng 3 thoáng chỉ 1,88 tỷ",,"NGUYỄN CÔNG TRỨ, Phường Đồng Nhân, Quận Hai Bà Trưng, Hà NộiXem bản đồ","1,88 tỷ - 17 m2"
30 m²,3 phòng,3 phòng,Đã có sổ,"Nhà ngõ, hẻm",,,100 triệu/m²,,3,,Nội thất đầy đủ,,ha-noi,"Nhà đẹp đón tết. Bạch Mai 30m2 3 ngủ đủ công năng, full nội thất",,"Phố Bạch Mai, Phường Bạch Mai, Quận Hai Bà Trưng, Hà NộiXem bản đồ",3 tỷ - 30 m2
20 m²,1 phòng,1 phòng,,"Nhà ngõ, hẻm",,20 m²,"62,5 triệu/m²",,2,,Nội thất đầy đủ,,ha-noi,NHÀ ĐẸP HOÀNG MAI,,"Tân Mai, Phường Tân Mai, Quận Hoàng Mai, Hà NộiXem bản đồ","1,25 tỷ - 20 m2"
30 m²,3 phòng,2 phòng,,"Nhà mặt phố, mặt tiền",,,"283,33 triệu/m²",,,,,,ha-noi,CẦN BÁN GẤP NHÀ ĐẸP LÔ GÓC KINH DOANH - ÔTÔ ĐỖ CỬA - TRẦN PHÚ-HÀ ĐÔNG,,"Đường Trần Phú, Phường Mộ Lao, Quận Hà Đông, Hà NộiXem bản đồ","8,5 tỷ - 30 m2"
22 m²,2 phòng,,Đã có sổ,"Nhà ngõ, hẻm",,,"106,82 triệu/m²",,3,Nở hậu,Nội thất đầy đủ,,ha-noi,"Hiếm ! Bán nhà Trần Khát Chân, có thể kinh doanh, sổ vuông vắn nở hậu",,"Trần Khát Chân, Phường Thanh Lương, Quận Hai Bà Trưng, Hà NộiXem bản đồ","2,35 tỷ - 22 m2"
16 m²,2 phòng,2 phòng,Đã có sổ,"Nhà ngõ, hẻm",,,"140,63 triệu/m²",,3,,Nội thất cao cấp,,ha-noi,NHÀ ĐẸP ĐÓN TẾT,,"Mình Khai, Phường Minh Khai, Quận Hai Bà Trưng, Hà NộiXem bản đồ","2,25 tỷ - 16 m2"
38 m²,3 phòng,,Đã có sổ,"Nhà ngõ, hẻm",,,"136,84 triệu/m²",,,Nở hậu,,,ha-noi,"Bán nhà lô góc 38m2 5 tầng full nội thất Quan Nhân,TX,10m ra oto,5,2ty",,"Quan nhân, Phường Nhân Chính, Quận Thanh Xuân, Hà NộiXem bản đồ","5,2 tỷ - 38 m2"
14 m²,3 phòng,3 phòng,Đã có sổ,"Nhà ngõ, hẻm",,,"113,57 triệu/m²",,4,,Nội thất đầy đủ,,ha-noi,TRUNG TÂM ĐỐNG ĐA - SỔ ĐẸP,,"Đê La Thành, Phường Khâm Thiên, Quận Đống Đa, Hà NộiXem bản đồ","1,59 tỷ - 14 m2"
