Diện tích đất:,Số phòng ngủ:,Số phòng vệ sinh:,Giấy tờ pháp lý:,Loại hình nhà ở:,Chiều ngang:,Diện tích sử dụng:,Giá/m2:,Hướng cửa chính:,Tổng số tầng:,Đặc điểm nhà/đất:,Tình trạng nội thất:,Chiều dài:,Location,Name,URL,District,Price
48 m²,4 phòng,,,"Nhà ngõ, hẻm",,,100 triệu/m²,,,,,,ha-noi,BÁN NHÀ MỚI PHỐ MỸ ĐÌNH. 4.8 Tỷ,,"Ngõ 378 Đường Mỹ Đình, Phường Mỹ Đình 1, Quận Nam Từ Liêm, Hà NộiXem bản đồ","4,8 tỷ - 48 m2"
36 m²,3 phòng,3 phòng,Đã có sổ,"Nhà ngõ, hẻm",,,"113,89 triệu/m²",,5,,Nội thất cao cấp,,ha-noi,"CỰC RẺ, NHÀ ĐẸP GẦN PHỐ NGÕ RỘNG BAY NHANH XUÂN LA 36M2 CHỈ 4.1 TỶ",,"Đường Xuân La, Phường Xuân La, Quận Tây Hồ, Hà NộiXem bản đồ","4,1 tỷ - 36 m2"
22 m²,2 phòng,,Đã có sổ,"Nhà ngõ, hẻm",4 m,88 m²,125 triệu/m²,Tây Nam,,,,,ha-noi,Bán Nhà Đẹp Hoàng Như Tiếp - 2.75 tỷ,,"Hoàng Như Tiếp , Phường Long Biên, Quận Long Biên, Hà NộiXem bản đồ","2,75 tỷ - 22 m2"
48 m²,6 phòng,4 phòng,Đã có sổ,"Nhà ngõ, hẻm",,,"113,54 triệu/m²",,5,,Nội thất cao cấp,,ha-noi,"Nhà mặt tiền 48m2, 6 phòng ngủ, đường Hồng Mai, Q. Hai Bà Trưng",,"Phố Hồng Mai, Phường Quỳnh Lôi, Quận Hai Bà Trưng, Hà NộiXem bản đồ","5,45 tỷ - 48 m2"
55 m²,3 phòng,2 phòng,Đã có sổ,"Nhà ngõ, hẻm",5 m,,"170,91 triệu/m²",,2,,,,ha-noi,"Bán nhà 2,5T Ngõ 156 phố Lê Trọng Tấn quận Thanh Xuân.Ô tô tránh gần P",,"Lê Trọng Tấn , Phường Khương Mai, Quận Thanh Xuân, Hà NộiXem bản đồ","9,4 tỷ - 55 m2"
58 m²,4 phòng,4 phòng,Đã có sổ,"Nhà mặt phố, mặt tiền",,,"465,52 triệu/m²",,4,,Nội thất cao cấp,,ha-noi,LÔ GÓC MẶT PHỐ DƯƠNG KHUÊ SIÊU HIẾM VỈA HÈ KINH DOANH NGÀY ĐÊM CỰC RẺ,,"Dương Khuê, Phường Mai Dịch, Quận Cầu Giấy, Hà NộiXem bản đồ",27 tỷ - 58 m2
40 m²,3 phòng,3 phòng,Đã có sổ,"Nhà ngõ, hẻm",,,"102,5 triệu/m²",,4,,Nội thất cao cấp,,ha-noi,"PHẢI THẬT NHANH, KIM MÃ 40M2 CHỈ 4.1 TỶ NGÕ RỘNG, GẦN PHỐ BÁN GẤP",,"Phố Kim Mã, Phường Kim Mã, Quận Ba Đình, Hà NộiXem bản đồ","4,1 tỷ - 40 m2"
40 m²,4 phòng,,Đã có sổ,"Nhà ngõ, hẻm",,,"121,25 triệu/m²",,5,,Nội thất cao cấp,,ha-noi,"Bán nhà 8/3 Hai Bà Trưng gần 40 m2 x 5 tầng x mặt tiền 4,5 m",,"Phố 8-3, Phường Bạch Mai, Quận Hai Bà Trưng, Hà NộiXem bản đồ","4,85 tỷ - 40 m2"
40 m²,3 phòng,,Đã có sổ,"Nhà ngõ, hẻm",,,"142,5 triệu/m²",,,,,,ha-noi,"BÁN NHÀ SIÊU ĐẸP ĐƯỜNG VÕ CHÍ CÔNG , NHÀ MỚI - NỘI THẤT SANG XỊN MỊN",,"Đường Võ Chí Công, Phường Phú Thượng, Quận Tây Hồ, Hà NộiXem bản đồ","5,7 tỷ - 40 m2"
60 m²,nhiều hơn 10 phòng,Nhiều hơn 6 phòng,Đã có sổ,"Nhà ngõ, hẻm",,60 m²,175 triệu/m²,,7,,,,ha-noi,"Bán CCMN Tân Mai, 60m x 7T, 17 phòng,lô góc,full đồ,85tr/tháng 10.5 tỷ",,"Phố Tân Mai, Phường Tân Mai, Quận Hoàng Mai, Hà NộiXem bản đồ","10,5 tỷ - 60 m2"
35 m²,4 phòng,3 phòng,Đã có sổ,"Nhà ngõ, hẻm",,,"114,29 triệu/m²",,4,,Nội thất cao cấp,,ha-noi,"Bán nhà ngõ nông 35m2, 4 phòng ngủ, đường Hòa Bình 7, Q. Hai Bà Trưng",,"Ngõ Hòa Bình 7, Phường Minh Khai, Quận Hai Bà Trưng, Hà NộiXem bản đồ",4 tỷ - 35 m2
30 m²,2 phòng,,Đã có sổ,"Nhà ngõ, hẻm",,,"96,67 triệu/m²",,,,Nhà trống,,ha-noi,BÁN NHÀ GÓC HỒ TÂY - HỘ KHẨU CHU VĂN AN - SỔ ĐỎ CC - 30M2 HƠN 2 TỶ,,"Phố Nguyễn Đình Thi, Phường Thụy Khuê, Quận Tây Hồ, Hà NộiXem bản đồ","2,9 tỷ - 30 m2"
83 m²,6 phòng,,,Nhà phố liền kề,,,"174,7 triệu/m²",,,,,,ha-noi,"HOT LK KĐT Văn Khê Kinh Doanh, mặt đường đôi,vỉa hè rộng,",,"Phố Nguyễn Thanh Bình, Phường La Khê, Quận Hà Đông, Hà NộiXem bản đồ","14,5 tỷ - 83 m2"
45 m²,6 phòng,4 phòng,Đã có sổ,,,,"107,78 triệu/m²",Đông Nam,5,,,,ha-noi,"bán nhà 45 m2 x 45 m2 thạch bàn , ô tô vào nhà ,6 ngủ , giá hơn 4 tỷ",,"68/177, Đường Nguyễn Văn Linh, Phường Thạch Bàn, Quận Long Biên, Hà NộiXem bản đồ","4,85 tỷ - 45 m2"
30 m²,3 phòng,3 phòng,,"Nhà ngõ, hẻm",,,"79,33 triệu/m²",,,,,,ha-noi,SIÊU HIẾM - BÁN NHÀ PHỐ CỔ NGỌC LÂM - 30M 3 TẦNG - 10M RA MẶT PHỐ,,"Ngọc Lâm, Phường Ngọc Lâm, Quận Long Biên, Hà NộiXem bản đồ","2,38 tỷ - 30 m2"
39 m²,3 phòng,4 phòng,Đã có sổ,"Nhà ngõ, hẻm",,,"102,56 triệu/m²",,5,,Nội thất cao cấp,,ha-noi,"Nhà mặt tiền 39m2, 3 phòng ngủ, ngõ Trại Cá, Q. Hai Bà Trưng",,"trại cá, Phường Đồng Tâm, Quận Hai Bà Trưng, Hà NộiXem bản đồ",4 tỷ - 39 m2
34 m²,3 phòng,3 phòng,Đã có sổ,"Nhà ngõ, hẻm",,,"132,35 triệu/m²",,4,,Nội thất đầy đủ,,ha-noi,"NHÀ MỚI ĐÓN TẾT-LÔ GÓC-NGÕ RỘNG THOÁNG-TAM TRINH-DT36M2x5T-GIÁ 4,5TỶ",,"Đường Hoàng Mai, Phường Hoàng Văn Thụ, Quận Hoàng Mai, Hà NộiXem bản đồ","4,5 tỷ - 34 m2"
32 m²,3 phòng,,Đã có sổ,"Nhà ngõ, hẻm",4.5 m,,"85,94 triệu/m²",,5,,Nội thất đầy đủ,,ha-noi,"CỰC HIẾM! BÁN NHÀ XUÂN PHƯƠNG Ở NGAY, 32M2, 5T, MT 4.5M, 2.75 TỶ.",,"Đường Xuân Phương, Phường Xuân Phương, Quận Nam Từ Liêm, Hà NộiXem bản đồ","2,75 tỷ - 32 m2"
45 m²,4 phòng,3 phòng,,"Nhà ngõ, hẻm",4 m,,"122,22 triệu/m²",,5,,,11.25 m,ha-noi,"Nhà lô góc 45m2, 4 phòng ngủ, đường Minh Khai, Q. Hai Bà Trưng",,"Minh Khai, Phường Mai Động, Quận Hoàng Mai, Hà NộiXem bản đồ","5,5 tỷ - 45 m2"
38 m²,2 phòng,3 phòng,Đã có sổ,"Nhà ngõ, hẻm",,,"144,74 triệu/m²",Đông Bắc,4,,,,ha-noi,Tây Sơn - ĐH Thủy Lợi D.tích:38m2* 4tầng; mặt tiền: 5.5m; giá: 5.5 tỷ,,"Phố Tây Sơn, Phường Quang Trung, Quận Đống Đa, Hà NộiXem bản đồ","5,5 tỷ - 38 m2"
43 m²,7 phòng,,,"Nhà mặt phố, mặt tiền",4.8 m,,"181,4 triệu/m²",,4,,,,ha-noi,BÁN NHÀ TRUNG TÂM QUẬN HÀ ĐÔNG-VẠN PHÚC,,"23, VẠN PHÚC, Phường Vạn Phúc, Quận Hà Đông, Hà NộiXem bản đồ","7,8 tỷ - 43 m2"
48 m²,4 phòng,,,"Nhà ngõ, hẻm",,,"93,75 triệu/m²",,2,,,,ha-noi,"Bán nhà đẹp Vương Thừa Vũ Thanh Xuân 48m2x4T Mt 3.8m, cách ô tô 50m.",,"Vương Thừa Vũ, Phường Khương Đình, Quận Thanh Xuân, Hà NộiXem bản đồ","4,5 tỷ - 48 m2"
33 m²,4 phòng,5 phòng,Đã có sổ,,,,"90,91 triệu/m²",Đông Nam,6,,,,ha-noi,"bán nhà 6 tầng x33 m2 cạnh chợ đồng dinh , thạch bàn , ô tô đỗ 20 m",,"318, Phố Ngọc Trì, Phường Thạch Bàn, Quận Long Biên, Hà NộiXem bản đồ",3 tỷ - 33 m2
43 m²,2 phòng,,Đã có sổ,"Nhà mặt phố, mặt tiền",,,"144,19 triệu/m²",,,,,,ha-noi,CẦN BÁN NHÀ MẶT CHỢ THÁI THỊNH KINH DOANH Ô TÔ ĐỖ CỬA,,"Phố Thái Thịnh, Phường Trung Liệt, Quận Đống Đa, Hà NộiXem bản đồ","6,2 tỷ - 43 m2"
39 m²,6 phòng,,,"Nhà ngõ, hẻm",,,"120,51 triệu/m²",,,,,,ha-noi,"SIÊU HIẾM XÃ ĐÀN, VIEW HỒ 6 NGỦ 39m 4.7 TỶ",,"Xã Đàn, Phường Thổ Quan, Quận Đống Đa, Hà NộiXem bản đồ","4,7 tỷ - 39 m2"
50 m²,5 phòng,,,Nhà phố liền kề,,,200 triệu/m²,,,,,,ha-noi,"Dịch vụ Dương Nội, phân lô,ô tô tránh,vỉa hè rộng,50 m2, 5m mt",,"Đường Dương Nội, Phường Dương Nội, Quận Hà Đông, Hà NộiXem bản đồ",10 tỷ - 50 m2
50 m²,4 phòng,,,"Nhà ngõ, hẻm",,,80 triệu/m²,,4,,,,ha-noi,Bán nhà đẹp Nguyễn Trãi Thanh Xuân 50m2x4T MT3.8m cách ô tô 50m.,,"Nguyễn Trãi, Phường Thượng Đình, Quận Thanh Xuân, Hà NộiXem bản đồ",4 tỷ - 50 m2
46 m²,4 phòng,3 phòng,Đã có sổ,"Nhà ngõ, hẻm",,,100 triệu/m²,,4,,Nội thất đầy đủ,,ha-noi,"Nhà riêng mặt ngõ 46m2, 4 phòng ngủ, đường Minh Khai, Q. Hai Bà Trưng",,"Minh Khai, Phường Minh Khai, Quận Hai Bà Trưng, Hà NộiXem bản đồ","4,6 tỷ - 46 m2"
38 m²,4 phòng,4 phòng,Đã có sổ,"Nhà ngõ, hẻm",,,"176,32 triệu/m²",,5,,Nhà trống,,ha-noi,"BÁN NHÀ NGOẠI GIAO ĐOÀN, GARA 7 CHỖ, NGÕ THÔNG, 40M 5 TẦNG Đẹp, 6.7 TY",,"Đường Phạm Văn Đồng, Phường Xuân Đỉnh, Quận Bắc Từ Liêm, Hà NộiXem bản đồ","6,7 tỷ - 38 m2"
38 m²,3 phòng,3 phòng,Đã có sổ,"Nhà ngõ, hẻm",,,"56,58 triệu/m²",,4,,,,ha-noi,"BÁN NHÀ GIÁP KĐT THANH HÀ CIENCO 5 HÀ ĐÔNG, HÀ NỘI - 2,15 TỶ",,"Đường trục phía Nam, Phường Kiến Hưng, Quận Hà Đông, Hà NộiXem bản đồ","2,15 tỷ - 38 m2"
38 m²,5 phòng,5 phòng,Đã có sổ,"Nhà ngõ, hẻm",,,"156,58 triệu/m²",,6,,Nội thất đầy đủ,,ha-noi,BÁN NHÀ 6 TẦNG THANG MÁY - 2 MẶT NGÕ - ĐỘI CẤN BA ĐÌNH - 30M RA PHỐ,,"Đội Cấn, Phường Đội Cấn, Quận Ba Đình, Hà NộiXem bản đồ","5,95 tỷ - 38 m2"
40 m²,7 phòng,Nhiều hơn 6 phòng,Đã có sổ,"Nhà ngõ, hẻm",,,"113,75 triệu/m²",,5,,Nội thất đầy đủ,,ha-noi,"Bán nhà Trung tâm Mỹ Đình, 40m, 5 tầng, 7p khép kín. Dòng tiền 30tr/t",,"Đường Lê Đức Thọ, Phường Mỹ Đình 2, Quận Nam Từ Liêm, Hà NộiXem bản đồ","4,55 tỷ - 40 m2"
40 m²,8 phòng,Nhiều hơn 6 phòng,Đã có sổ,"Nhà ngõ, hẻm",,,195 triệu/m²,,,"Hẻm xe hơi,Nở hậu",Nội thất đầy đủ,,ha-noi,"Bán nhà phân lô phố Hàm Nghi, hàng xóm Vin Gardenia, phân lô, oto",,"Hàm Nghi, Phường Mỹ Đình 1, Quận Nam Từ Liêm, Hà NộiXem bản đồ","7,8 tỷ - 40 m2"
35 m²,3 phòng,4 phòng,Đã có sổ,"Nhà ngõ, hẻm",,,"85,43 triệu/m²",,,Nở hậu,Nội thất đầy đủ,,ha-noi,Bán nhà sát phố Trịnh Văn Bô. Cao đẳng FPT. NTL,,"Trịnh Văn Bô, Phường Phương Canh, Quận Nam Từ Liêm, Hà NộiXem bản đồ","2,99 tỷ - 35 m2"
40 m²,7 phòng,4 phòng,Đã có sổ,"Nhà mặt phố, mặt tiền",,,167 triệu/m²,,,"Hẻm xe hơi,Nở hậu",Nội thất đầy đủ,,ha-noi,"Bán nhà phân lô Phú Diễn, Bắc Từ Liêm, cạnh Đại Học Tài Nguyên MT",,"Đường Phú Diễn, Phường Phú Diễn, Quận Bắc Từ Liêm, Hà NộiXem bản đồ","6,68 tỷ - 40 m2"
30 m²,3 phòng,4 phòng,Đã có sổ,"Nhà ngõ, hẻm",4 m,,190 triệu/m²,,5,,,,ha-noi,NHÀ ĐẸP PHỐ XINH DOÃN KẾ THIỆN ÔTÔ 7 CHỖ ĐỖ CỬA MẶT TIỀN 4M GIÁ TỐT 5,,"Doãn Kế Thiện, Phường Mai Dịch, Quận Cầu Giấy, Hà NộiXem bản đồ","5,7 tỷ - 30 m2"
48 m²,5 phòng,5 phòng,Đã có sổ,"Nhà ngõ, hẻm",,,"116,67 triệu/m²",,5,,Nội thất cao cấp,,ha-noi,"5.6 TỶ NHÀ ĐẸP 48M, NGÕ 79 CẦU GIẤY 5 TẦNG, M.TIỀN 4.3M, NHÀ ĐẸP Ở LUÔ",,"Cầu Giấy, Phường Dịch Vọng, Quận Cầu Giấy, Hà NộiXem bản đồ","5,6 tỷ - 48 m2"
56 m²,nhiều hơn 10 phòng,Nhiều hơn 6 phòng,Đã có sổ,"Nhà ngõ, hẻm",,,"276,79 triệu/m²",,10,,Nội thất đầy đủ,,ha-noi,"🏨🏨🏨 CẦN BÁN TOÀN CCMN DOÃN KẾ THIỆN 10 TẦNG THANG MÁY, 16 PHÒNG",,"Doãn Kế Thiện, Phường Mai Dịch, Quận Cầu Giấy, Hà NộiXem bản đồ","15,5 tỷ - 56 m2"
50 m²,4 phòng,,Đã có sổ,"Nhà mặt phố, mặt tiền",4 m,50 m²,259 triệu/m²,,5,,,,ha-noi,"HIẾM NHÀ LIỀN KỀ VỈA HÈ PHỐ CHỢ KINH DOANH SẦM UẤT, LA KHÊ, HÀ ĐÔNG",,"Phố Nguyễn Thanh Bình, Phường La Khê, Quận Hà Đông, Hà NộiXem bản đồ","12,95 tỷ - 50 m2"
40 m²,4 phòng,,Đã có sổ,"Nhà mặt phố, mặt tiền",6 m,40 m²,"298,75 triệu/m²",,5,,,,ha-noi,"NHÀ LÔ GÓC 2 MẶT Ô TÔ TRÁNH, KINH DOANH NHƯ PHỐ,THANH XUÂN, 40M2,MT6M",,"Hoàng Văn Thái, Phường Khương Mai, Quận Thanh Xuân, Hà NộiXem bản đồ","11,95 tỷ - 40 m2"
50 m²,4 phòng,,Đã có sổ,"Nhà mặt phố, mặt tiền",4 m,50 m²,259 triệu/m²,,5,,,,ha-noi,"HIẾM NHÀ LIỀN KỀ VỈA HÈ PHỐ CHỢ KINH DOANH SẦM UẤT, LA KHÊ, HÀ ĐÔNG",,"Phố Nguyễn Thanh Bình, Phường La Khê, Quận Hà Đông, Hà NộiXem bản đồ","12,95 tỷ - 50 m2"
40 m²,4 phòng,,Đã có sổ,"Nhà mặt phố, mặt tiền",6 m,40 m²,"298,75 triệu/m²",,5,,,,ha-noi,"NHÀ LÔ GÓC 2 MẶT Ô TÔ TRÁNH, KINH DOANH NHƯ PHỐ,THANH XUÂN, 40M2,MT6M",,"Hoàng Văn Thái, Phường Khương Mai, Quận Thanh Xuân, Hà NộiXem bản đồ","11,95 tỷ - 40 m2"
32 m²,3 phòng,,Đã có sổ,"Nhà ngõ, hẻm",53 m,,"171,88 triệu/m²",,5,,Nhà trống,,ha-noi,"HIẾM NHÀ ĐẸP , ÔTÔ NGỦ TRONG NHÀ, ĐẠI MỖ NAM TỪ LIÊM, 32M2X5T, MT5.3M.",,"Đường Đại Mỗ, Phường Đại Mỗ, Quận Nam Từ Liêm, Hà NộiXem bản đồ","5,5 tỷ - 32 m2"
45 m²,4 phòng,4 phòng,Đã có sổ,"Nhà ngõ, hẻm",5 m,,"117,78 triệu/m²",,5,,,,ha-noi,"Nhà đẹp lung linh,phố Trung Kính, Yên Hoà, Cầu Giấy 45m2 giá 5.3 tỷ",,"Trung Kính, Phường Dịch Vọng Hậu, Quận Cầu Giấy, Hà NộiXem bản đồ","5,3 tỷ - 45 m2"
30 m²,3 phòng,,,"Nhà ngõ, hẻm",,,133 triệu/m²,,,,,,ha-noi,"Hiếm nhỏ xinh tài chính,Hà Trì 1,5 tầng,4m mt,ngõ thông.",,"Hà Trì, Phường Hà Cầu, Quận Hà Đông, Hà NộiXem bản đồ","3,99 tỷ - 30 m2"
40 m²,3 phòng,,Đã có sổ,"Nhà mặt phố, mặt tiền",,,130 triệu/m²,,,,,,ha-noi,LƯƠNG SỬ C - ĐỐNG ĐA - Ô TÔ ĐỖ CỔNG - GIÁ 5.2 TỶ,,"Ngõ Lương Sử C, Phường Văn Chương, Quận Đống Đa, Hà NộiXem bản đồ","5,2 tỷ - 40 m2"
42 m²,4 phòng,,Đã có sổ,"Nhà mặt phố, mặt tiền",,45 m²,"228,57 triệu/m²",,5,,Nội thất cao cấp,,ha-noi,"VĂN QUÁN HÀ ĐÔNG,7 TẦNG THANG MÁY, KINH DOANH ĐỈNH 42/45M2, 9.6 TỶ",,"Nguyễn Khuyến, Phường Văn Quán, Quận Hà Đông, Hà NộiXem bản đồ","9,6 tỷ - 42 m2"
39 m²,3 phòng,3 phòng,Đã có sổ,"Nhà ngõ, hẻm",,,100 triệu/m²,,4,,Nội thất cao cấp,,ha-noi,Bán Nhà Đẹp Vũ Xuân Thiều 4 tầng nội thất cao cấp,,"Vũ Xuân Thiều, Phường Sài Đồng, Quận Long Biên, Hà NộiXem bản đồ","3,9 tỷ - 39 m2"
56 m²,6 phòng,,Đã có sổ,"Nhà ngõ, hẻm",,,"118,75 triệu/m²",,5,"Hẻm xe hơi,Nở hậu",Nội thất cao cấp,,ha-noi,"Siêu đẹp, Bùi Xương Trạch, Khương Đình, Thanh Xuân 56m, gara, 6PN , 5T",,"Bùi Xương Trạch, Phường Khương Đình, Quận Thanh Xuân, Hà NộiXem bản đồ","6,65 tỷ - 56 m2"
40 m²,4 phòng,,Đã có sổ,"Nhà ngõ, hẻm",,,"172,5 triệu/m²",,5,,,,ha-noi,"Phạm Ngọc Thạch 40m2, 5T, 6,9 tỷ",,"Phố Phạm Ngọc Thạch, Phường Kim Liên, Quận Đống Đa, Hà NộiXem bản đồ","6,9 tỷ - 40 m2"
58 m²,5 phòng,,Đã có sổ,"Nhà ngõ, hẻm",,,"112,07 triệu/m²",,4,,,,ha-noi,"Đội Nhân 58m2, 4T, mt4,1m, 6,5 tỷ",,"Đội Nhân, Phường Vĩnh Phúc, Quận Ba Đình, Hà NộiXem bản đồ","6,5 tỷ - 58 m2"
15 m²,3 phòng,4 phòng,Đã có sổ,"Nhà ngõ, hẻm",,,"133,33 triệu/m²",,,,,,ha-noi,"La Thành 15/18T2×4T, mt5m, 1,99 tỷ",,"Đường La Thành, Phường Ô Chợ Dừa, Quận Đống Đa, Hà NộiXem bản đồ","1,999999999 tỷ - 15 m2"
50 m²,4 phòng,,Đã có sổ,"Nhà ngõ, hẻm",,,116 triệu/m²,,3,,,,ha-noi,"Yên Hòa 50m2, 3T, mt3,3m, 5,8 tỷ",,"Yên Hòa, Phường Yên Hoà, Quận Cầu Giấy, Hà NộiXem bản đồ","5,8 tỷ - 50 m2"
43 m²,4 phòng,,Đã có sổ,"Nhà ngõ, hẻm",3.7999 m,,"104,65 triệu/m²",Đông Nam,,,Nội thất đầy đủ,,ha-noi,Hàng Hiếm- G,,"Nguyễn Văn Cừ, Phường Long Biên, Quận Long Biên, Hà NộiXem bản đồ","4,5 tỷ - 43 m2"
56 m²,5 phòng,6 phòng,Đã có sổ,"Nhà ngõ, hẻm",,,"263,39 triệu/m²",,7,,,,ha-noi,"NHÀ ĐẸP - LÔ GÓC - Ô TÔ - GẦN PHỐ, GẦN HỒ 56m,7T, Mt 6m, 14,75",,"Hoàng Hoa Thám, Phường Liễu Giai, Quận Ba Đình, Hà NộiXem bản đồ","14,75 tỷ - 56 m2"
50 m²,4 phòng,,,"Nhà ngõ, hẻm",,,80 triệu/m²,,4,,,,ha-noi,Bán nhà Nguyễn Xiển Thanh Xuân 50m2x4T Mt4m nhà đẹp cách ô tô 30m.,,"Nguyễn Xiển, Phường Thanh Xuân Nam, Quận Thanh Xuân, Hà NộiXem bản đồ",4 tỷ - 50 m2
41.2 m²,2 phòng,3 phòng,Đã có sổ,"Nhà ngõ, hẻm",,,"57,04 triệu/m²",,3,,Nội thất đầy đủ,,ha-noi,"Bán nhà long biên ô tô đỗ cửa,cực hiếm,cực rộng,nhà đẹp",,"Phố Bắc Cầu, Phường Ngọc Thụy, Quận Long Biên, Hà NộiXem bản đồ","2,35 tỷ - 41.2 m2"
36 m²,3 phòng,3 phòng,Đã có sổ,"Nhà ngõ, hẻm",,,"236,11 triệu/m²",,4,,Nội thất đầy đủ,,ha-noi,"Bán nhà Trần Phú Mỗ Lao, kinh doanh nhộn nhịp ngày đêm, 36m2, 8.5 tỷ",,"Đường Trần Phú, Phường Mộ Lao, Quận Hà Đông, Hà NộiXem bản đồ","8,5 tỷ - 36 m2"
35 m²,3 phòng,4 phòng,Đã có sổ,"Nhà ngõ, hẻm",,40 m²,"185,71 triệu/m²",,5,,,,ha-noi,"XỐC HIẾM NHÀ ĐẸP TRẦN PHÚ VĂN QUÁN HĐ ĐƯỜNG ÔTÔ QUA NHÀ 40M2, 6.5 TỶ",,"Đường Trần Phú, Phường Văn Quán, Quận Hà Đông, Hà NộiXem bản đồ","6,5 tỷ - 35 m2"
36 m²,3 phòng,4 phòng,Đã có sổ,"Nhà ngõ, hẻm",3.7999 m,,"111,11 triệu/m²",,5,,,,ha-noi,NHÀ LÔ GÓC-NGÕ THOÁNG-GẦN OTO ĐỖ-PHỐ HOÀNG MAI-DT38M2x5T-GIÁ NHỈNH 4TỶ,,"Đường Hoàng Mai, Phường Hoàng Văn Thụ, Quận Hoàng Mai, Hà NộiXem bản đồ",4 tỷ - 36 m2
50 m²,4 phòng,,,"Nhà ngõ, hẻm",,,"79,1 triệu/m²",,4,,,,ha-noi,"Bán nhà 4 tầng Khương Hạ Thanh Xuân 50m2, MT 3.8m, cách ô tô tránh 20m",,"Khương Hạ, Phường Khương Trung, Quận Thanh Xuân, Hà NộiXem bản đồ","3,955 tỷ - 50 m2"
320 m²,8 phòng,Nhiều hơn 6 phòng,Đã có sổ,"Nhà mặt phố, mặt tiền",,,"196,88 triệu/m²",,9,,Nhà trống,,ha-noi,"LÔ GÓC 2 MẶT PHỐ ĐƯỜNG ĐÔI 50M DIỆN TÍCH 320M2, MT13.5M VỈA HÈ 5M 63TỶ",,"Tam Trinh, Phường Lĩnh Nam, Quận Hoàng Mai, Hà NộiXem bản đồ",63 tỷ - 320 m2
15 m²,3 phòng,4 phòng,Đã có sổ,"Nhà ngõ, hẻm",,,120 triệu/m²,,5,,Nội thất đầy đủ,,ha-noi,"SIÊU HIẾM-5 TẦNG-3 NGỦ-1,8 TỶ-HOÀNG QUỐC VIỆT-CẦU GIẤY-GIÁP BA ĐÌNH",,"HOÀNG QUỐC VIỆT, Phường Nghĩa Tân, Quận Cầu Giấy, Hà NộiXem bản đồ","1,8 tỷ - 15 m2"
42 m²,4 phòng,3 phòng,Đã có sổ,"Nhà mặt phố, mặt tiền",,,"85,71 triệu/m²",,5,,Nội thất cao cấp,,ha-noi,Bán nhà SÀI ĐỒNG 42m*5T hơn 3 tỷ - GIẾNG TRỜI - 3 BƯỚC RA Ô TÔ TRÁNH,,"Phố Sài Đồng, Phường Sài Đồng, Quận Long Biên, Hà NộiXem bản đồ","3,6 tỷ - 42 m2"
46 m²,4 phòng,3 phòng,Đã có sổ,"Nhà ngõ, hẻm",,,"104,35 triệu/m²",,4,,Nội thất đầy đủ,,ha-noi,"Bán nhà Triều Khúc, Thanh Xuân - ô tô cách 20m - nhà đẹp ở luôn - tặng",,"Triều Khúc, Phường Thanh Xuân Nam, Quận Thanh Xuân, Hà NộiXem bản đồ","4,8 tỷ - 46 m2"
35 m²,6 phòng,5 phòng,,"Nhà ngõ, hẻm",,,"131,43 triệu/m²",,5,,,,ha-noi,KHƯƠNG ĐÌNH-LÔ GÓC-BAN CÔNG-SÂN VƯỜN TẦNG THƯỢNG-Ô TÔ NHỎ,,"Khương Đình, Phường Khương Đình, Quận Thanh Xuân, Hà NộiXem bản đồ","4,6 tỷ - 35 m2"
48.9 m²,4 phòng,4 phòng,Đã có sổ,"Nhà ngõ, hẻm",,,"161,55 triệu/m²",Tây Nam,4,,,,ha-noi,"Nhà ở, diện tích gần 50m2, 4 phòng ngủ, đường Phan Đình Giót",,"Phố Phan Đình Giót, Phường La Khê, Quận Hà Đông, Hà NộiXem bản đồ","7,9 tỷ - 48.9 m2"
30 m²,3 phòng,,Đã có sổ,"Nhà ngõ, hẻm",,,"136,67 triệu/m²",,5,,Nhà trống,,ha-noi,"Đào Tấn - NHÀ MỚI 5 T - 30M RA Ô TÔ -. 30m, 5T, MT 3m, 4,1 tỷ",,"Đào Tấn, Phường Cống Vị, Quận Ba Đình, Hà NộiXem bản đồ","4,1 tỷ - 30 m2"
67 m²,5 phòng,5 phòng,Đã có sổ,"Nhà mặt phố, mặt tiền",,,"291,04 triệu/m²",,4,,,,ha-noi,"Liễu Giai - Ô TÔ TRÁNH - KD - VỈA HÈ - 4 MẶT THOÁNG , KD 67m, 19,5 tỷ",,"Phố Liễu Giai, Phường Liễu Giai, Quận Ba Đình, Hà NộiXem bản đồ","19,5 tỷ - 67 m2"
55 m²,10 phòng,,Đã có sổ,"Nhà ngõ, hẻm",4 m,,"154,55 triệu/m²",,5,,Nội thất đầy đủ,,ha-noi,"Nhà Dòng tiền Trung Kính Cầu Giấy 10 phòng fun đồ,50tr/tháng,nhà mới",,"Trung kính, Phường Trung Hoà, Quận Cầu Giấy, Hà NộiXem bản đồ","8,5 tỷ - 55 m2"
35 m²,3 phòng,4 phòng,Đã có sổ,"Nhà ngõ, hẻm",4.1 m,,"111,43 triệu/m²",,,,Nội thất đầy đủ,,ha-noi,NHÀ MINH KHAI - NGÕ RỘNG THOÁNG - GẦN PHỐ- Ở NGAY,,"Hoà Bình 7, Phường Minh Khai, Quận Hai Bà Trưng, Hà NộiXem bản đồ","3,9 tỷ - 35 m2"
40 m²,4 phòng,,Đã có sổ,"Nhà ngõ, hẻm",,40 m²,"102,5 triệu/m²",,5,,Nội thất đầy đủ,,ha-noi,"Siêu rẻ nhà Mỹ Đình, 40M, 5T mới xây, nội thất mới, Ở ngay, Giá 4,1 tỷ",,"Đường Lê Quang Đạo, Phường Phú Đô, Quận Nam Từ Liêm, Hà NộiXem bản đồ","4,1 tỷ - 40 m2"
32 m²,3 phòng,4 phòng,Đã có sổ,"Nhà ngõ, hẻm",,,"109,38 triệu/m²",,5,,Nội thất cao cấp,,ha-noi,BÁN NHÀ MỚI KOONG PHƯƠNG CANH - NGÕ RỘNG - NHÀ ĐẸP GẦN OTO GIÁ HỢP LÝ,,"Hoè Thị, Phường Phương Canh, Quận Nam Từ Liêm, Hà NộiXem bản đồ","3,5 tỷ - 32 m2"
60 m²,4 phòng,2 phòng,Đã có sổ,"Nhà ngõ, hẻm",,,"40,83 triệu/m²",Tây,3,,,,ha-noi,"Chính chủ bán nhà 60m2, 3 tầng, thị trấn Trạm Trôi, Hoài Dứcd",,"422, Thị trấn Trạm Trôi, Huyện Hoài Đức, Hà NộiXem bản đồ","2,45 tỷ - 60 m2"
30 m²,2 phòng,3 phòng,Đã có sổ,"Nhà ngõ, hẻm",,,"98,33 triệu/m²",,4,,Nội thất đầy đủ,,ha-noi,PHỐ THÁI THỊNH 30M2 - 4 TẦNG 2 NGỦ - KHU DÂN TRÍ CAO - AN NINH TUYỆT Đ,,"Phố Thái Thịnh, Phường Thịnh Quang, Quận Đống Đa, Hà NộiXem bản đồ","2,95 tỷ - 30 m2"
61 m²,4 phòng,,Đã có sổ,"Nhà ngõ, hẻm",,,"203,11 triệu/m²",,5,Hẻm xe hơi,,,ha-noi,"Bán nhà phân lô Hoàng Quốc Việt.MT rộng,Oto vào nhà, dừng đỗ ngày đêm",,"Hoàng quốc việt, Phường Nghĩa Đô, Quận Cầu Giấy, Hà NộiXem bản đồ","12,39 tỷ - 61 m2"
130 m²,3 phòng,3 phòng,Đang chờ sổ,"Nhà ngõ, hẻm",5 m,,"13,46 triệu/m²",,1,,,,ha-noi,"BÁN ĐẤT PHỐ GIA QUẤT - Ô TÔ ĐỖ CỬA – 130 M2 – MT 5M – 1,75 TỶ",,"Phố Gia Quất, Phường Thượng Thanh, Quận Long Biên, Hà NộiXem bản đồ","1,75 tỷ - 130 m2"
33 m²,3 phòng,3 phòng,Đã có sổ,"Nhà mặt phố, mặt tiền",,,"74,24 triệu/m²",,4,,Nội thất cao cấp,,ha-noi,Nhà giá rẻ Liên Mạc Bắc Từ Liêm. ÔTÔ đỗ cạnh nhà,,"Đường Liên Mạc, Phường Liên Mạc, Quận Bắc Từ Liêm, Hà NộiXem bản đồ","2,45 tỷ - 33 m2"
33 m²,3 phòng,3 phòng,Đã có sổ,"Nhà mặt phố, mặt tiền",,,"72,73 triệu/m²",,4,,Nội thất cao cấp,,ha-noi,(Nhà dân xây) Liên Mạc Bắc Từ Liêm,,"Đường Liên Mạc, Phường Liên Mạc, Quận Bắc Từ Liêm, Hà NộiXem bản đồ","2,4 tỷ - 33 m2"
38 m²,3 phòng,3 phòng,Đã có sổ,"Nhà mặt phố, mặt tiền",,,"73,68 triệu/m²",,5,,Nội thất cao cấp,,ha-noi,Nhà xây đơn lập 38m2 gần UBND xã Vân Canh,,"Đường Vân Canh, Xã Vân Canh, Huyện Hoài Đức, Hà NộiXem bản đồ","2,8 tỷ - 38 m2"
46 m²,3 phòng,,,"Nhà ngõ, hẻm",,,"134,78 triệu/m²",,,Hẻm xe hơi,,,ha-noi,KO CÓ CĂN THỨ 2✳️NGỌC LÂM- Ô TÔ-VỊ TRÍ TRUNG TÂM-TIỆN ÍCH NGẬP TRÀN,,"Ngõ 66 Phố Ngọc Lâm, Phường Ngọc Lâm, Quận Long Biên, Hà NộiXem bản đồ","6,2 tỷ - 46 m2"
35 m²,4 phòng,,Đã có sổ,"Nhà ngõ, hẻm",,,120 triệu/m²,,4,Nở hậu,,,ha-noi,"Nhà Hiếm Ngọc Khánh, 35m Nhỉnh 4 tỷ",,"Ngọc Khánh, Phường Ngọc Khánh, Quận Ba Đình, Hà NộiXem bản đồ","4,2 tỷ - 35 m2"
30.5 m²,3 phòng,3 phòng,Đã có sổ,"Nhà ngõ, hẻm",,,"83,61 triệu/m²",,5,,Nội thất đầy đủ,,ha-noi,LÔ GÓC - Tây Mỗ diện tích: 30.5m2; mặt tiền; 4.1m Giá: 2.55tỷ.,,"Tây Mỗ, Phường Tây Mỗ, Quận Nam Từ Liêm, Hà NộiXem bản đồ","2,55 tỷ - 30.5 m2"
35 m²,4 phòng,3 phòng,Đã có sổ,"Nhà mặt phố, mặt tiền",,,"78,57 triệu/m²",,4,,Nội thất cao cấp,,ha-noi,Nhà xây đơn lập Kim Chung. Thiết kế tầng lửng,,"Yên Vĩnh, Xã Kim Chung, Huyện Hoài Đức, Hà NộiXem bản đồ","2,75 tỷ - 35 m2"
53 m²,2 phòng,2 phòng,Đã có sổ,"Nhà ngõ, hẻm",,,"84,91 triệu/m²",Tây Bắc,2,,,,ha-noi,CẦU CỐC-Ô TÔ VÀO NHÀ - MẶT TIỀN RỘNG - THOÁNG - NGÕ THÔNG TỨ TUNG.,,"cầu cốc, Phường Tây Mỗ, Quận Nam Từ Liêm, Hà NộiXem bản đồ","4,5 tỷ - 53 m2"
62 m²,5 phòng,,Đã có sổ,"Nhà ngõ, hẻm",,,"258,06 triệu/m²",,5,,,,ha-noi,"Nhà đường 800A -Hoàng Quốc Việt dt: 62m2, gần 4m MT, 5 tầng, xây mới",,"800A, Phường Nghĩa Đô, Quận Cầu Giấy, Hà NộiXem bản đồ",16 tỷ - 62 m2
36 m²,4 phòng,4 phòng,Đã có sổ,"Nhà ngõ, hẻm",,,108 triệu/m²,,5,,Nội thất đầy đủ,,ha-noi,Cực hiếm! Nhà mới Đại Từ – LINH ĐÀM 36m2 x 5 tầng giá chỉ 3.888 tỷ,,"đại từ, Phường Đại Kim, Quận Hoàng Mai, Hà NộiXem bản đồ","3,888 tỷ - 36 m2"
30 m²,3 phòng,4 phòng,Đã có sổ,"Nhà ngõ, hẻm",,,"183,33 triệu/m²",,5,,Nội thất đầy đủ,,ha-noi,"Lô 3 căn - Trung kính S: 30m2-33m2*5 tầng; mt:4,2m; giá:5,2 tỷ- 5,5 tỷ",,"Trung kính, Phường Trung Hoà, Quận Cầu Giấy, Hà NộiXem bản đồ","5,5 tỷ - 30 m2"
42 m²,4 phòng,4 phòng,Đã có sổ,"Nhà ngõ, hẻm",,,"97,14 triệu/m²",,4,,Nội thất đầy đủ,,ha-noi,"Bán nhà Kim Giang DT: 42m2 x 4 T, gần phố, đẹp, ở luôn, giá 4.08 tỷ",,"Kim Giang, Xã Thanh Liệt, Huyện Thanh Trì, Hà NộiXem bản đồ","4,08 tỷ - 42 m2"
42 m²,4 phòng,4 phòng,Đã có sổ,"Nhà ngõ, hẻm",,,90 triệu/m²,,5,,Nội thất đầy đủ,,ha-noi,"Chỉ 3.78 tỷ có Nhà Định Công DT 42m2 x 5T , đẹp, ở luôn, gần ô tô",,"trịnh đình cửu, Phường Định Công, Quận Hoàng Mai, Hà NộiXem bản đồ","3,78 tỷ - 42 m2"
46 m²,7 phòng,4 phòng,Đã có sổ,"Nhà ngõ, hẻm",,46 m²,"206,52 triệu/m²",,,,,,ha-noi,SIÊU PHẨM PHỐ NGUYỄN ĐỔNG CHI - 2 MẶT NGÕ - LÔ GÓC - NGÕ Ô TÔ - KD,,"Phố Nguyễn Đổng Chi, Phường Cầu Diễn, Quận Nam Từ Liêm, Hà NộiXem bản đồ","9,5 tỷ - 46 m2"
34 m²,4 phòng,5 phòng,Đã có sổ,"Nhà ngõ, hẻm",,,"194,12 triệu/m²",,6,,Nội thất đầy đủ,,ha-noi,Bán nhà 6T Thang Máy phố Tô Vĩnh Diện quận Thanh Xuân. Nhà đẹp dân xây,,"Tô Vĩnh Diện, Phường Khương Trung, Quận Thanh Xuân, Hà NộiXem bản đồ","6,6 tỷ - 34 m2"
46 m²,4 phòng,4 phòng,Đã có sổ,"Nhà ngõ, hẻm",,,"99,3 triệu/m²",,5,,Nội thất đầy đủ,,ha-noi,"Bán nhà Kim Giang DT: 46m2 x 5 T, gần phố, đẹp, ở luôn, giá 4.58 tỷ",,"kim giang, Xã Thanh Liệt, Huyện Thanh Trì, Hà NộiXem bản đồ","4,568 tỷ - 46 m2"
40 m²,4 phòng,,Đã có sổ,"Nhà ngõ, hẻm",4 m,,"97,5 triệu/m²",,5,,Nội thất cao cấp,,ha-noi,"Bán Nhà LINH ĐÀM, Đại Kim, Hoàng Mai 40m2 x 5 tầng giá 3,9 tỷ",,"nguyễn hữu thọ, Phường Đại Kim, Quận Hoàng Mai, Hà NộiXem bản đồ","3,9 tỷ - 40 m2"
45 m²,5 phòng,,Đã có sổ,"Nhà ngõ, hẻm",,,"115,56 triệu/m²",,,"Hẻm xe hơi,Nở hậu",,,ha-noi,"Cần bán gấp nhà 45m2 5 tầng,MT 4,5mTây Sơn,TX, 2thoáng,5m oto, 5,2 tỷ",,"Tây Sơn, Phường Quang Trung, Quận Đống Đa, Hà NộiXem bản đồ","5,2 tỷ - 45 m2"
36 m²,3 phòng,4 phòng,Đã có sổ,"Nhà ngõ, hẻm",,,"106,94 triệu/m²",,5,,Nội thất đầy đủ,,ha-noi,"Chủ là KTS xây dựng, bán nhà đẹp, tự xây, ngõ 750 Kim Giang.",,"750, Kim Giang, Phường Đại Kim, Quận Hoàng Mai, Hà NộiXem bản đồ","3,85 tỷ - 36 m2"
63 m²,6 phòng,,Đã có sổ,"Nhà ngõ, hẻm",,,"190,48 triệu/m²",,,"Nở hậu,Hẻm xe hơi",,,ha-noi,"Lê Trọng Tấn 63m 6 tầng,MT 6m,oto,20 phố,thông 69A Hoàng Văn Thái 12tỷ",,"Lê Trọng Tấn, Phường Khương Mai, Quận Thanh Xuân, Hà NộiXem bản đồ",12 tỷ - 63 m2
50 m²,4 phòng,3 phòng,Đã có sổ,"Nhà ngõ, hẻm",,,122 triệu/m²,,5,,Nội thất cao cấp,,ha-noi,"Bán nhà Linh Đàm 50m 5T, 6.1 tỷ ô tô đỗ cửa, nhà đẹp,đầy đủ tiện ích",,"Bằng Liệt, Phường Hoàng Liệt, Quận Hoàng Mai, Hà NộiXem bản đồ","6,1 tỷ - 50 m2"
280 m²,5 phòng,5 phòng,Đã có sổ,Nhà biệt thự,13 m,,"67,86 triệu/m²",,5,,,,ha-noi,Bán căn biệt thự đầu hồi. Dãy *** chỉ có 4 căn biệt thự vip.,,"Quốc lộ 32, Thị trấn Trạm Trôi, Huyện Hoài Đức, Hà NộiXem bản đồ",19 tỷ - 280 m2
35 m²,5 phòng,4 phòng,,"Nhà ngõ, hẻm",,,"128,57 triệu/m²",,5,,,,ha-noi,💥THANH XUÂN - KHƯƠNG ĐÌNH-NGÕ THÔNG RỘNG - GẦN PHỐ - XÁCH VALI VỀ Ở💥,,"Khương Đình, Phường Khương Đình, Quận Thanh Xuân, Hà NộiXem bản đồ","4,5 tỷ - 35 m2"
