Diện tích đất:,Số phòng ngủ:,Số phòng vệ sinh:,Giấy tờ pháp lý:,Loại hình nhà ở:,Chiều ngang:,Diện tích sử dụng:,Giá/m2:,Hướng cửa chính:,Tổng số tầng:,Đặc điểm nhà/đất:,Tình trạng nội thất:,Chiều dài:,Location,Name,URL,District,Price
45 m²,5 phòng,,,"Nhà ngõ, hẻm",,,"86,67 triệu/m²",,5,,,,ha-noi,"⭐️HOTTT!!!QUẬN THANH XUÂN!!!NHÀ ĐẸP, GIÁ PHẢI CHĂNG, AN SINH ĐỈNH CAO",,"Bùi Xương Trạch, Phường Khương Đình, Quận Thanh Xuân, Hà NộiXem bản đồ","3,9 tỷ - 45 m2"
61 m²,4 phòng,4 phòng,Đã có sổ,Nhà phố liền kề,,,"278,69 triệu/m²",,5,,Nội thất đầy đủ,,ha-noi,"Bán nhà 5 tầng chắc chắn KĐT Đền Lừ 61m2 MT5,2m đường phân lô ô tô",,"Phố Tân Mai, Phường Tân Mai, Quận Hoàng Mai, Hà NộiXem bản đồ",17 tỷ - 61 m2
38 m²,3 phòng,,Đã có sổ,"Nhà ngõ, hẻm",4.6999 m,,"76,32 triệu/m²",,4,,Nội thất đầy đủ,,ha-noi,Độc nhất Nhà La Phù-mới đẹp-30m oto-ngõ thông-mặt tiền to 38m 4T 2.9tỷ,,"Đường La Phù, Xã La Phù, Huyện Hoài Đức, Hà NộiXem bản đồ","2,9 tỷ - 38 m2"
35 m²,3 phòng,3 phòng,Đã có sổ,"Nhà ngõ, hẻm",,,"72,86 triệu/m²",Đông Nam,5,,,,ha-noi,"Bán nhà phú lương. 35m2*5 tầng.Gần QL21B. sát Khu đấu giá.Giá 2,x tỷ",,"undefined, Phường Phú Lương, Quận Hà Đông, Hà NộiXem bản đồ","2,55 tỷ - 35 m2"
34 m²,3 phòng,3 phòng,Đã có sổ,"Nhà ngõ, hẻm",,,"67,65 triệu/m²",Đông Bắc,5,,,,ha-noi,Bán nhà 5 Tầng.Giáp KĐT Đô nghĩa. Đại Học Phenika. Ô tô đỗ cạnh nhà,,"Phố Yên Lộ, Phường Yên Nghĩa, Quận Hà Đông, Hà NộiXem bản đồ","2,3 tỷ - 34 m2"
35 m²,3 phòng,3 phòng,Đã có sổ,"Nhà mặt phố, mặt tiền",,,"128,57 triệu/m²",Đông Nam,5,,,,ha-noi,Bán nhà xây mới 5T 35m2.phú Lãm-HĐ.Mặt đường ô tô tránh. Kinh doanh,,"undefined, Phường Phú Lãm, Quận Hà Đông, Hà NộiXem bản đồ","4,5 tỷ - 35 m2"
31 m²,3 phòng,4 phòng,Đã có sổ,"Nhà ngõ, hẻm",,,"135,48 triệu/m²",,5,,Nội thất đầy đủ,,ha-noi,NHÀ MỚI ĐẸP Ở NGAY - LÔ GÓC - Ô TÔ TRÁNH 10M -  FULL NỘI THẤT,,"Đường Đa Sỹ, Phường Kiến Hưng, Quận Hà Đông, Hà NộiXem bản đồ","4,2 tỷ - 31 m2"
22 m²,3 phòng,3 phòng,Đã có sổ,"Nhà ngõ, hẻm",,,"113,64 triệu/m²",Nam,5,,,,ha-noi,Bán nhà hoàng mai,,"Nguyễn Đức Cảnh, Phường Tương Mai, Quận Hoàng Mai, Hà NộiXem bản đồ","2,5 tỷ - 22 m2"
90 m²,4 phòng,,Đã có sổ,"Nhà ngõ, hẻm",5.5 m,,300 triệu/m²,,7,,Nội thất đầy đủ,,ha-noi,"Bán nhà Hoàng Cầu ngõ ô tô tránh 7 tầng thang máy DT90m2 MT5,5m 27 tỷ",,"Phố Hoàng Cầu, Phường Ô Chợ Dừa, Quận Đống Đa, Hà NộiXem bản đồ",27 tỷ - 90 m2
87 m²,3 phòng,5 phòng,Đã có sổ,Nhà biệt thự,,,"327,59 triệu/m²",,5,,Nội thất cao cấp,,ha-noi,"Ba Đình Biệt thự 5 tầng thang máy dát vàng 4 nổi 1 hầm 28,5 tỷ",,"Đường Hoàng Hoa Thám, Phường Vĩnh Phúc, Quận Ba Đình, Hà NộiXem bản đồ","28,5 tỷ - 87 m2"
35 m²,3 phòng,,,"Nhà mặt phố, mặt tiền",,,"214,29 triệu/m²",,,Hẻm xe hơi,,,ha-noi,"Bán nhà phân lô ngõ 389 Hoàng Quốc Việt 7,5 tỷ",,"Hoàng Quốc Việt, Phường Nghĩa Tân, Quận Cầu Giấy, Hà NộiXem bản đồ","7,5 tỷ - 35 m2"
36 m²,3 phòng,4 phòng,Đã có sổ,"Nhà ngõ, hẻm",,,"104,17 triệu/m²",,5,,Nhà trống,,ha-noi,"Quá Đẹp ! Bạch Mai 36M2 x 5 Tầng ,Ngõ Thông nhà đepk nhất phố ,ở luôn",,"Bạch Mai, Phường Bạch Mai, Quận Hai Bà Trưng, Hà NộiXem bản đồ","3,75 tỷ - 36 m2"
55 m²,4 phòng,3 phòng,Đã có sổ,"Nhà ngõ, hẻm",,240 m²,"103,64 triệu/m²",,,,,,ha-noi,Bán gấp nhà HỒ ĐẮC DI 55M2 - 5.X tỷ - Gần Hồ,,"Phố Hồ Đắc Di, Phường Nam Đồng, Quận Đống Đa, Hà NộiXem bản đồ","5,7 tỷ - 55 m2"
40 m²,4 phòng,,Đã có sổ,"Nhà ngõ, hẻm",,200 m²,"111,25 triệu/m²",,,,,,ha-noi,CHỦ SỐC NHIỆT - HẠ 500 TRIỆU BÁN NHÀ XÃ ĐÀN 40M - NGÕ BA GÁC,,"Đường Xã Đàn, Phường Phương Mai, Quận Đống Đa, Hà NộiXem bản đồ","4,45 tỷ - 40 m2"
39 m²,3 phòng,4 phòng,Đã có sổ,"Nhà ngõ, hẻm",,,"117,95 triệu/m²",,5,,Nội thất đầy đủ,,ha-noi,NHÀ MỚI ĐẸP Ở NGAY - LÔ GÓC - Ô TÔ TRÁNH 10M - FULL NỘI THẤT,,"Đường Đa Sỹ, Phường Kiến Hưng, Quận Hà Đông, Hà NộiXem bản đồ","4,6 tỷ - 39 m2"
36 m²,4 phòng,4 phòng,Đã có sổ,"Nhà ngõ, hẻm",,,"104,17 triệu/m²",,5,,Nội thất cao cấp,,ha-noi,"Bán Nhà Nam Từ Liêm 36m2x5 Tầng, MT 3.7m - Lô Góc 3 Thoáng - Gần Ô Tô",,"Đường Phương Canh, Phường Phương Canh, Quận Nam Từ Liêm, Hà NộiXem bản đồ","3,75 tỷ - 36 m2"
30 m²,3 phòng,4 phòng,Đã có sổ,"Nhà ngõ, hẻm",,,"116,67 triệu/m²",,5,,Nội thất cao cấp,,ha-noi,LỘC MÙNG 1 CHỦ NHÀ GIẢM CHÀO 100tr 30M2 3 NGỦ 10M OTO TRÁNH NHỈNH 3TỶ,,"Đường Trương Định, Phường Giáp Bát, Quận Hoàng Mai, Hà NộiXem bản đồ","3,5 tỷ - 30 m2"
120 m²,4 phòng,4 phòng,Đã có sổ,Nhà phố liền kề,,,"216,67 triệu/m²",,4,,Nội thất đầy đủ,,ha-noi,"Lê Trọng Tấn Bán nhà ngõ phân lô ô tô tránh vỉa hè 120m2 MT6,6m 26 tỷ",,"Lê Trọng Tấn, Phường Khương Mai, Quận Thanh Xuân, Hà NộiXem bản đồ",26 tỷ - 120 m2
50 m²,4 phòng,3 phòng,Đã có sổ,Nhà phố liền kề,,,146 triệu/m²,,4,,Nội thất đầy đủ,,ha-noi,"PHÂN LÔ KIẾN HƯNG-VỈA HÈ - ÔTÔ ,KINH DOANH - VIEW CÔNG VIÊN- 50M X 4T",,"Hoàng Công, Phường Kiến Hưng, Quận Hà Đông, Hà NộiXem bản đồ","7,3 tỷ - 50 m2"
26.5 m²,4 phòng,,,"Nhà mặt phố, mặt tiền",,,"123,77 triệu/m²",,,,,,ha-noi,"Thanh Xuân, ngõ nông, 2 ngoặt, 20m ô tô, kinh doanh nhỏ lẻ",,"Bùi Xương Trạch, Phường Khương Đình, Quận Thanh Xuân, Hà NộiXem bản đồ","3,28 tỷ - 26.5 m2"
120 m²,4 phòng,4 phòng,Đã có sổ,Nhà phố liền kề,,,"216,67 triệu/m²",,4,,Nội thất đầy đủ,,ha-noi,"Lê Trọng Tấn Bán nhà ngõ phân lô ô tô tránh vỉa hè 120m2 MT6,6m 26 tỷ",,"Lê Trọng Tấn, Phường Khương Mai, Quận Thanh Xuân, Hà NộiXem bản đồ",26 tỷ - 120 m2
50 m²,4 phòng,3 phòng,Đã có sổ,Nhà phố liền kề,,,146 triệu/m²,,4,,Nội thất đầy đủ,,ha-noi,"PHÂN LÔ KIẾN HƯNG-VỈA HÈ - ÔTÔ ,KINH DOANH - VIEW CÔNG VIÊN- 50M X 4T",,"Hoàng Công, Phường Kiến Hưng, Quận Hà Đông, Hà NộiXem bản đồ","7,3 tỷ - 50 m2"
26.5 m²,4 phòng,,,"Nhà mặt phố, mặt tiền",,,"123,77 triệu/m²",,,,,,ha-noi,"Thanh Xuân, ngõ nông, 2 ngoặt, 20m ô tô, kinh doanh nhỏ lẻ",,"Bùi Xương Trạch, Phường Khương Đình, Quận Thanh Xuân, Hà NộiXem bản đồ","3,28 tỷ - 26.5 m2"
45 m²,4 phòng,,,"Nhà ngõ, hẻm",,,"98,89 triệu/m²",,4,,,,ha-noi,"Nhà phố Khương Trung cần bán sổ đỏ 45M*4T, 3 gác tránh, gần ô tô",,"Khương Trung, Phường Nhân Chính, Quận Thanh Xuân, Hà NộiXem bản đồ","4,45 tỷ - 45 m2"
26.5 m²,6 phòng,4 phòng,Đã có sổ,"Nhà ngõ, hẻm",,,"198,11 triệu/m²",Đông Bắc,5,,,,ha-noi,Bán nhà mặt ngõ 151 Láng Hạ,,"Láng Hạ, Phường Láng Hạ, Quận Đống Đa, Hà NộiXem bản đồ","5,25 tỷ - 26.5 m2"
35 m²,3 phòng,3 phòng,Đã có sổ,"Nhà ngõ, hẻm",,,120 triệu/m²,,4,,Nội thất cao cấp,,ha-noi,"BÁN NHÀ ĐẸP Ở NGAY-LÔ GÓC-NGÕ NÔNG-DT35x4T NGÕ PHỐ TRƯƠNG ĐỊNH-4,2 TỶ",,"trương định, Phường Hoàng Văn Thụ, Quận Hoàng Mai, Hà NộiXem bản đồ","4,2 tỷ - 35 m2"
35 m²,3 phòng,4 phòng,Đã có sổ,"Nhà mặt phố, mặt tiền",,,"131,43 triệu/m²",Đông Nam,5,,,,ha-noi,"Nhà sát oto, cạnh chợ, 5 tầng 35m2 tự xây dựng",,"Vĩnh Hưng, Phường Vĩnh Hưng, Quận Hoàng Mai, Hà NộiXem bản đồ","4,6 tỷ - 35 m2"
45 m²,4 phòng,,Đã có sổ,"Nhà ngõ, hẻm",,,"191,11 triệu/m²",,5,Hẻm xe hơi,,,ha-noi,Víp khu Lâm Hạ dt 45m2*5 tầng,,"Không Đường, Phường Bồ Đề, Quận Long Biên, Hà NộiXem bản đồ","8,6 tỷ - 45 m2"
45 m²,4 phòng,,,"Nhà ngõ, hẻm",,,"107,78 triệu/m²",,5,,,,ha-noi,"Lô góc!! 3 thoáng, full tiện ích 45M*5T phố Bùi Xương Trạch cần bán",,"Bùi Xương Trạch, Phường Khương Đình, Quận Thanh Xuân, Hà NộiXem bản đồ","4,85 tỷ - 45 m2"
20 m²,3 phòng,2 phòng,Đã có sổ,"Nhà ngõ, hẻm",,80 m²,"132,5 triệu/m²",,,,,,ha-noi,HIẾM - MẶT PHỐ Ô TÔ TRÁNH 3 BƯỚC CHÂN -.NHỈNH 2 TỶ SỔ ĐẸP LONG LANH,,"An Hoà, Phường Mộ Lao, Quận Hà Đông, Hà NộiXem bản đồ","2,65 tỷ - 20 m2"
50 m²,2 phòng,,Đã có sổ,"Nhà ngõ, hẻm",4 m,,89 triệu/m²,,2,,Bàn giao thô,,ha-noi,"89TR/M2-NGUYỄN LƯƠNG BĂNG-50M2-4,5 TỶ,DÒNG TIỀN TỐT-PHỐ-ĐỐNG ĐA,GIÁ RẺ",,"nguyễn lương bằng, Phường Thịnh Quang, Quận Đống Đa, Hà NộiXem bản đồ","4,45 tỷ - 50 m2"
60 m²,4 phòng,4 phòng,Đã có sổ,"Nhà ngõ, hẻm",,,"85,83 triệu/m²",,5,,Nội thất cao cấp,,ha-noi,"Bán nhanh nhà dt60m2 đường KIM ĐỒNG-GIÁP BÁT,giá 5.15 tỷ,ở luôn",,"kim đồng, Phường Giáp Bát, Quận Hoàng Mai, Hà NộiXem bản đồ","5,15 tỷ - 60 m2"
38 m²,4 phòng,,,"Nhà mặt phố, mặt tiền",3.7 m,,"118,42 triệu/m²",,4,,Nội thất đầy đủ,9.5 m,ha-noi,BÁN GẤP-NGÃ TƯ SỞ- NGUYỄN TRÃI-ROYAL CITY-LÔ GÓC-38M2- 4 TẦNG-CHỈ 4 TỶ,,"ngã tư sở, Phường Thanh Xuân Trung, Quận Thanh Xuân, Hà NộiXem bản đồ","4,5 tỷ - 38 m2"
42 m²,3 phòng,3 phòng,Đã có sổ,"Nhà ngõ, hẻm",,,"83,33 triệu/m²",,4,,Nội thất đầy đủ,,ha-noi,Trương Định - Chính chủ bán nhà 40m2 x 5 tầng chỉ 3.5 tỷ -ngõ to đẹp,,"Ngõ 521 Đường Trương Định, Phường Thịnh Liệt, Quận Hoàng Mai, Hà NộiXem bản đồ","3,5 tỷ - 42 m2"
38 m²,4 phòng,4 phòng,Đã có sổ,"Nhà ngõ, hẻm",,,"140,79 triệu/m²",,5,,Nội thất đầy đủ,,ha-noi,NHỈNH 5 TỶ - XÃ ĐÀN - TT ĐỐNG ĐA - NHÀ ĐẸP - NỘI THẤT XỊN XÒ - LÔ GÓC,,"Xã Đàn, Phường Trung Phụng, Quận Đống Đa, Hà NộiXem bản đồ","5,35 tỷ - 38 m2"
45 m²,4 phòng,,,"Nhà ngõ, hẻm",,,"133,33 triệu/m²",,,,,,ha-noi,6 TỶ HƠN NHÀ ĐẸP Ở NGAY PHỐ ĐỘI CẤN,,"Đội Cấn, Phường Đội Cấn, Quận Ba Đình, Hà NộiXem bản đồ",6 tỷ - 45 m2
45 m²,4 phòng,,,"Nhà ngõ, hẻm",,,"124,44 triệu/m²",,,,,,ha-noi,"Bán nhà Dịch Vọng, Cầu Giấy, 45m2, 5 tầng giá 5.6 tỷ.",,"Dịch Vọng, Phường Dịch Vọng, Quận Cầu Giấy, Hà NộiXem bản đồ","5,6 tỷ - 45 m2"
46 m²,4 phòng,,,"Nhà ngõ, hẻm",,,"141,3 triệu/m²",,,,,,ha-noi,ẢNH THỰC TẾ - 6 TỶ ĐỘI CẤN- DÂN XÂY - GẦN PHỐ,,"Đội Cấn, Phường Đội Cấn, Quận Ba Đình, Hà NộiXem bản đồ","6,5 tỷ - 46 m2"
40 m²,6 phòng,4 phòng,Đã có sổ,"Nhà mặt phố, mặt tiền",,200 m²,245 triệu/m²,,,"Hẻm xe hơi,Nở hậu",,,ha-noi,TRUNG TÂM PHỐ AO SEN - KINH DOANH TẤP NẬP- NGÀY.ĐÊM HẢI TIỀN,,"Ao Sen, Phường Mộ Lao, Quận Hà Đông, Hà NộiXem bản đồ","9,8 tỷ - 40 m2"
48 m²,4 phòng,,,"Nhà ngõ, hẻm",,,"104,17 triệu/m²",,5,,,,ha-noi,"Nhà phố Bùi Xương Trạch, ngõ thông kinh doanh, 48M*5T mới đẹp ở luôn",,"Khương Đình, Phường Nhân Chính, Quận Thanh Xuân, Hà NộiXem bản đồ",5 tỷ - 48 m2
38 m²,2 phòng,,,"Nhà mặt phố, mặt tiền",,,"118,42 triệu/m²",,,,,,ha-noi,🔥BÁN ĐẤT TẶNG NHÀ C4 VĂN QUÁN HÀ ĐÔNG🔥,,"Văn Quán, Phường Văn Quán, Quận Hà Đông, Hà NộiXem bản đồ","4,5 tỷ - 38 m2"
53 m²,2 phòng,3 phòng,Đã có sổ,"Nhà ngõ, hẻm",,,"130,19 triệu/m²",,4,,Nội thất đầy đủ,,ha-noi,NHÀ 4 TẦNG 53M2 PHỐ THÁI HÀ - ĐỐNG ĐA NGÕ THÔNG RỘNG,,"Thái Hà, Phường Trung Liệt, Quận Đống Đa, Hà NộiXem bản đồ","6,9 tỷ - 53 m2"
75 m²,5 phòng,4 phòng,Đã có sổ,"Nhà mặt phố, mặt tiền",,350 m²,184 triệu/m²,,5,,,,ha-noi,MẶT PHỐ VĂN QUÁN - LIỀN KỀ KĐT VĂN QUÁN -.KINH DOANH VP QUÁ ĐỈNH.,,"Nguyễn Khuyến, Phường Văn Quán, Quận Hà Đông, Hà NộiXem bản đồ","13,8 tỷ - 75 m2"
57 m²,4 phòng,,Đã có sổ,"Nhà ngõ, hẻm",4 m,,"142,11 triệu/m²",,3,,Nhà trống,,ha-noi,"Cần tiền bán gấp nhà HXH Nguyễn Trãi, Quận 5, DT 4m x 14m",,"Nguyễn Trãi, Phường Thượng Đình, Quận Thanh Xuân, Hà NộiXem bản đồ","8,1 tỷ - 57 m2"
33 m²,1 phòng,1 phòng,Đã có sổ,"Nhà ngõ, hẻm",,33 m²,"81,82 triệu/m²",,,,,,ha-noi,"33M-1T-2,7 TỶ -CHỦ RẤT THIỆN TRÍ BÁN.💥NHÀ CŨ - NGÕ THÔNG",,"Yên Xá, Xã Tân Triều, Huyện Thanh Trì, Hà NộiXem bản đồ","2,7 tỷ - 33 m2"
34 m²,4 phòng,,,"Nhà ngõ, hẻm",,,"126,47 triệu/m²",,,,,,ha-noi,"SIÊU PHẨM TRẦN BÌNH HÀNG MỚI RA LÒ 34M - 5 TẦNG GIÁ 4,3 TỶ",,"Trần Bình, Phường Mai Dịch, Quận Cầu Giấy, Hà NộiXem bản đồ","4,3 tỷ - 34 m2"
50 m²,4 phòng,,Đã có sổ,"Nhà mặt phố, mặt tiền",4 m,,139 triệu/m²,,5,,Nội thất cao cấp,,ha-noi,"Nhà đẹp long lanh phố Đặng Văn Ngữ 50m2, 5T, MT4m giá rẻ",,"Phố Đặng Văn Ngữ, Phường Phương Liên, Quận Đống Đa, Hà NộiXem bản đồ","6,95 tỷ - 50 m2"
70 m²,nhiều hơn 10 phòng,,Đã có sổ,"Nhà ngõ, hẻm",,,"102,86 triệu/m²",,6,Nở hậu,Nội thất cao cấp,,ha-noi,Tòa CCMN Cầu Giấy - Dt 70m - Mt rộng - ngõ nông gần phố - 7.2 tỷ,,"Cầu Giấy, Phường Dịch Vọng, Quận Cầu Giấy, Hà NộiXem bản đồ","7,2 tỷ - 70 m2"
65 m²,nhiều hơn 10 phòng,,Đã có sổ,"Nhà ngõ, hẻm",,,"109,23 triệu/m²",,6,Nở hậu,Nội thất cao cấp,,ha-noi,Tòa CCMN Cầu Giấy - Dt 65m - Mt 5.6m -ngõ thông- 14P khép kín - 7.1 tỷ,,"Cầu Giấy, Phường Nghĩa Đô, Quận Cầu Giấy, Hà NộiXem bản đồ","7,1 tỷ - 65 m2"
62 m²,5 phòng,,Đã có sổ,"Nhà ngõ, hẻm",,,"124,19 triệu/m²",,5,"Hẻm xe hơi,Nở hậu",Nội thất cao cấp,,ha-noi,Nguyện Thị Định Cầu Giấy - Dt 62m -Mt rộng-Ngõ thông gần phố - 7.7 tỷ,,"Nguyễn Thị Định, Phường Trung Hoà, Quận Cầu Giấy, Hà NộiXem bản đồ","7,7 tỷ - 62 m2"
100 m²,nhiều hơn 10 phòng,,,"Nhà ngõ, hẻm",,,165 triệu/m²,,8,Nở hậu,Nội thất cao cấp,,ha-noi,Bán tòa CCMN Hoàng Quốc Việt - Dt 100m - Mt 9m - 28P khép kín-16.5 tỷ,,"Hoàng Quốc Việt, Phường Nghĩa Đô, Quận Cầu Giấy, Hà NộiXem bản đồ","16,5 tỷ - 100 m2"
52 m²,10 phòng,,Đã có sổ,"Nhà ngõ, hẻm",,,"111,54 triệu/m²",,5,Nở hậu,Nội thất cao cấp,,ha-noi,Gấp !! Bán tòa CCMN Cầu Giấy-Dt 52m-Mt rộng- 10P khép kín -Giá 5.8 tỷ,,"Cầu Giấy, Phường Dịch Vọng, Quận Cầu Giấy, Hà NộiXem bản đồ","5,8 tỷ - 52 m2"
48 m²,5 phòng,,Đã có sổ,"Nhà ngõ, hẻm",,,"135,42 triệu/m²",,5,Nở hậu,Nội thất đầy đủ,,ha-noi,Nhà đẹp Nguyễn Thị Định - Dt 48m - Mt 4.2m - Ngõ nông gần phố - 6.5 tỷ,,"Nguyễn Thị Định, Phường Trung Hoà, Quận Cầu Giấy, Hà NộiXem bản đồ","6,5 tỷ - 48 m2"
95 m²,nhiều hơn 10 phòng,,Đã có sổ,"Nhà ngõ, hẻm",,,"152,63 triệu/m²",,,Nở hậu,Nội thất cao cấp,,ha-noi,Tòa CCMN Cầu Giấy - Dt khủng - Mt lớn - 25P khép kín -14.5 tỷ,,"Cầu Giấy, Phường Dịch Vọng, Quận Cầu Giấy, Hà NộiXem bản đồ","14,5 tỷ - 95 m2"
105 m²,nhiều hơn 10 phòng,,Đã có sổ,"Nhà ngõ, hẻm",,,"140,95 triệu/m²",,8,"Hẻm xe hơi,Nở hậu",Nội thất cao cấp,,ha-noi,Bán tòa CCMN Cầu Giấy xây mới-Dt 105m-Hơn 30Phòng - 3 thoáng - 14.8 tỷ,,"Cầu Giấy, Phường Nghĩa Đô, Quận Cầu Giấy, Hà NộiXem bản đồ","14,8 tỷ - 105 m2"
130 m²,nhiều hơn 10 phòng,,Đã có sổ,"Nhà ngõ, hẻm",,,"117,69 triệu/m²",,,Nở hậu,Nội thất cao cấp,,ha-noi,Bán tòa CCMN Xuân La - Dt 130m - Mt 7m - 29P khép kín - Giá 15.3 tỷ,,"Xuân La, Phường Xuân La, Quận Tây Hồ, Hà NộiXem bản đồ","15,3 tỷ - 130 m2"
55 m²,nhiều hơn 10 phòng,,Đã có sổ,"Nhà ngõ, hẻm",,,"161,82 triệu/m²",,8,"Hẻm xe hơi,Nở hậu",Nội thất cao cấp,,ha-noi,Tòa CCMN Trung Kính - ô tô - Dt 55m - Mt 5.2m- 8T thang máy - 8.9 tỷ,,"Trung Kính, Phường Trung Hoà, Quận Cầu Giấy, Hà NộiXem bản đồ","8,9 tỷ - 55 m2"
40 m²,3 phòng,4 phòng,Đã có sổ,"Nhà ngõ, hẻm",,,115 triệu/m²,,5,,Nội thất cao cấp,,ha-noi,"Bán Nhà Thuỵ Khuê 40m - 5 Tầng - Giá 4,6tỷ - Ngõ Nông Cực Thoáng",,"Đường Thụy Khuê, Phường Bưởi, Quận Tây Hồ, Hà NộiXem bản đồ","4,6 tỷ - 40 m2"
42 m²,4 phòng,3 phòng,Đã có sổ,"Nhà ngõ, hẻm",,,"90,48 triệu/m²",Đông,4,,,,ha-noi,"Bán Nhà Giáp Bát , 20m Ô Tô Tránh, Gần Phố Gần Trường Giá Hợp lý",,"Đường Giáp Bát, Phường Giáp Bát, Quận Hoàng Mai, Hà NộiXem bản đồ","3,8 tỷ - 42 m2"
38 m²,3 phòng,5 phòng,Đã có sổ,"Nhà ngõ, hẻm",,,"152,11 triệu/m²",Nam,6,,,,ha-noi,"Bán Nhà Hoàng Mai , Hồ Đền Lừ Thang Máy , Ngõ Ba Gác",,"Hoàng mai, Phường Hoàng Văn Thụ, Quận Hoàng Mai, Hà NộiXem bản đồ","5,78 tỷ - 38 m2"
65 m²,nhiều hơn 10 phòng,,Đã có sổ,"Nhà ngõ, hẻm",,,"109,23 triệu/m²",,6,Nở hậu,Nội thất cao cấp,,ha-noi,Tòa CCMN Cầu Giấy - Dt 65m - Mt 5.6m -ngõ thông- 14P khép kín - 7.1 tỷ,,"Cầu Giấy, Phường Nghĩa Đô, Quận Cầu Giấy, Hà NộiXem bản đồ","7,1 tỷ - 65 m2"
62 m²,5 phòng,,Đã có sổ,"Nhà ngõ, hẻm",,,"124,19 triệu/m²",,5,"Hẻm xe hơi,Nở hậu",Nội thất cao cấp,,ha-noi,Nguyện Thị Định Cầu Giấy - Dt 62m -Mt rộng-Ngõ thông gần phố - 7.7 tỷ,,"Nguyễn Thị Định, Phường Trung Hoà, Quận Cầu Giấy, Hà NộiXem bản đồ","7,7 tỷ - 62 m2"
100 m²,nhiều hơn 10 phòng,,,"Nhà ngõ, hẻm",,,165 triệu/m²,,8,Nở hậu,Nội thất cao cấp,,ha-noi,Bán tòa CCMN Hoàng Quốc Việt - Dt 100m - Mt 9m - 28P khép kín-16.5 tỷ,,"Hoàng Quốc Việt, Phường Nghĩa Đô, Quận Cầu Giấy, Hà NộiXem bản đồ","16,5 tỷ - 100 m2"
52 m²,10 phòng,,Đã có sổ,"Nhà ngõ, hẻm",,,"111,54 triệu/m²",,5,Nở hậu,Nội thất cao cấp,,ha-noi,Gấp !! Bán tòa CCMN Cầu Giấy-Dt 52m-Mt rộng- 10P khép kín -Giá 5.8 tỷ,,"Cầu Giấy, Phường Dịch Vọng, Quận Cầu Giấy, Hà NộiXem bản đồ","5,8 tỷ - 52 m2"
40 m²,3 phòng,4 phòng,Đã có sổ,"Nhà ngõ, hẻm",,,115 triệu/m²,,5,,Nội thất cao cấp,,ha-noi,"Bán Nhà Thuỵ Khuê 40m - 5 Tầng - Giá 4,6tỷ - Ngõ Nông Cực Thoáng",,"Đường Thụy Khuê, Phường Bưởi, Quận Tây Hồ, Hà NộiXem bản đồ","4,6 tỷ - 40 m2"
42 m²,4 phòng,3 phòng,Đã có sổ,"Nhà ngõ, hẻm",,,"90,48 triệu/m²",Đông,4,,,,ha-noi,"Bán Nhà Giáp Bát , 20m Ô Tô Tránh, Gần Phố Gần Trường Giá Hợp lý",,"Đường Giáp Bát, Phường Giáp Bát, Quận Hoàng Mai, Hà NộiXem bản đồ","3,8 tỷ - 42 m2"
38 m²,3 phòng,5 phòng,Đã có sổ,"Nhà ngõ, hẻm",,,"152,11 triệu/m²",Nam,6,,,,ha-noi,"Bán Nhà Hoàng Mai , Hồ Đền Lừ Thang Máy , Ngõ Ba Gác",,"Hoàng mai, Phường Hoàng Văn Thụ, Quận Hoàng Mai, Hà NộiXem bản đồ","5,78 tỷ - 38 m2"
58 m²,5 phòng,4 phòng,Đã có sổ,"Nhà ngõ, hẻm",,,"151,72 triệu/m²",Tây,5,,,,ha-noi,"BÁN NHÀ PHÂN LÔ PHỐ LẠC TRUNG - 58m,Ô Tô Tránh 2 Bên Vỉa Hè Thang Máy",,"Ngõ 230 Lạc Trung, Phường Thanh Lương, Quận Hai Bà Trưng, Hà NộiXem bản đồ","8,8 tỷ - 58 m2"
40 m²,3 phòng,4 phòng,Đã có sổ,"Nhà ngõ, hẻm",,,"89,75 triệu/m²",Đông,4,,,,ha-noi,"BÁN NHÀ PHỐ TRẦN ĐẠI NGHĨA, ĐẠI LA, 5M Ô TÔ ĐỖ, NỞ HẬU KINH DOANH",,"Trần Đại nghĩa, Phường Đồng Tâm, Quận Hai Bà Trưng, Hà NộiXem bản đồ","3,59 tỷ - 40 m2"
35 m²,3 phòng,4 phòng,Đã có sổ,"Nhà mặt phố, mặt tiền",,,"128,57 triệu/m²",Nam,5,,,,ha-noi,"Bán nhà mặt phố Quang Lãm kinh doanh sầm uất đỉnh~35m2x5 tầng/ MT 5,3m",,"Quang Lãm, Phường Phú Lãm, Quận Hà Đông, Hà NộiXem bản đồ","4,5 tỷ - 35 m2"
40 m²,6 phòng,4 phòng,Đã có sổ,"Nhà ngõ, hẻm",,250 m²,180 triệu/m²,,6,,,,ha-noi,☆☆☆NHÀ MỚI - LÔ GÓC - THANG MÁY - NỘI THẤT SỊN.SÒ - TRUNG TÂM HÀ ĐÔNG,,"Trần Phú, Phường Mộ Lao, Quận Hà Đông, Hà NộiXem bản đồ","7,2 tỷ - 40 m2"
58 m²,6 phòng,4 phòng,Đã có sổ,"Nhà ngõ, hẻm",,,"98,28 triệu/m²",,5,,Nội thất cao cấp,,ha-noi,GẤP ! Bán nhà Hào Nam 58m x5T ngõ to mới đẹp 30m ra phố gần HV ÂmNhạc,,"Hào Nam, Phường Ô Chợ Dừa, Quận Đống Đa, Hà NộiXem bản đồ","5,7 tỷ - 58 m2"
43 m²,3 phòng,,,"Nhà ngõ, hẻm",,,"81,4 triệu/m²",,,,,,ha-noi,"CHỊ TRINH BÁN NHÀ NGỌC THUỴ - 2 THOÁNG - Ô TÔ ĐỖ CÁCH 1 NHÀ, 43m, 3,5T",,"Ngọc Thụy , Phường Ngọc Thụy, Quận Long Biên, Hà NộiXem bản đồ","3,5 tỷ - 43 m2"
35 m²,5 phòng,4 phòng,Đã có sổ,"Nhà ngõ, hẻm",,,"125,71 triệu/m²",,4,,Nội thất cao cấp,,ha-noi,"Nhà xây mới 4T Lê trọng tấn-La Khê 35m2*5 Tầng. Full nội thất. 4,x tỷ",,"Đường Lê Trọng Tấn, Phường La Khê, Quận Hà Đông, Hà NộiXem bản đồ","4,4 tỷ - 35 m2"
360 m²,3 phòng,,,Nhà biệt thự,,,13 triệu/m²,,,,,,ha-noi,"NGHỈ DƯỠNG SẴN KHUÔN VIÊN MỘC MẠC, FULL THỔ CƯ, ĐẤT VUÔNG, SẴN SỔ HÔNG",,"Yên Thái, Xã Đông Yên, Huyện Quốc Oai, Hà NộiXem bản đồ","4,68 tỷ - 360 m2"
35 m²,3 phòng,3 phòng,Đã có sổ,"Nhà mặt phố, mặt tiền",3.5 m,,"112,86 triệu/m²",,5,,,,ha-noi,"Bán nhà 5T Tổ 10 Yên nghĩa.Ngõ thông ô tô đỗ cửa.KD thuận tiện. 3,x tỷ",,"Phố Yên Lộ, Phường Yên Nghĩa, Quận Hà Đông, Hà NộiXem bản đồ","3,95 tỷ - 35 m2"
38 m²,2 phòng,,,"Nhà ngõ, hẻm",,,"13,16 triệu/m²",,,,,,ha-noi,Vì cần tiền mua nhà khác em cần bán gấp nhà cấp 4 38m2 giá 500 triệu,,"an dương, Phường Quảng An, Quận Tây Hồ, Hà NộiXem bản đồ",500 triệu - 38 m2
52 m²,6 phòng,4 phòng,Đã có sổ,"Nhà ngõ, hẻm",,52 m²,"111,54 triệu/m²",,5,,,,ha-noi,"Đào Tấn 52m x 5 Tầng - 6p Ngủ - Giá 5,8tỷ - Gần Phố - Ngõ Cực Thoáng",,"Phố Đào Tấn, Phường Cống Vị, Quận Ba Đình, Hà NộiXem bản đồ","5,8 tỷ - 52 m2"
36 m²,6 phòng,4 phòng,Đã có sổ,"Nhà ngõ, hẻm",3.5 m,,"180,56 triệu/m²",,6,,,,ha-noi,BÀN NHÀ RIÊNG CHÍNH CHỦ TẠI NGÕ 83 PHỐ NGUYỄN ĐỒNG CHI,,"Phố Nguyễn Đổng Chi, Phường Cầu Diễn, Quận Nam Từ Liêm, Hà NộiXem bản đồ","6,5 tỷ - 36 m2"
70 m²,2 phòng,1 phòng,Đã có sổ,"Nhà mặt phố, mặt tiền",,,"37,86 triệu/m²",,1,,Nội thất đầy đủ,,ha-noi,"Chỉ 2.65 tỷ TT Tầng 1 - Trần Quốc Hoàn 70m2 - Kinh doanh, ô tô tránh",,"Trần Quốc Hoàn, Phường Dịch Vọng Hậu, Quận Cầu Giấy, Hà NộiXem bản đồ","2,65 tỷ - 70 m2"
35 m²,5 phòng,4 phòng,Đã có sổ,"Nhà ngõ, hẻm",,,"125,71 triệu/m²",,4,,Nội thất cao cấp,,ha-noi,"Nhà xây mới 4T Lê trọng tấn-La Khê 35m2*5 Tầng. Full nội thất. 4,x tỷ",,"Đường Lê Trọng Tấn, Phường La Khê, Quận Hà Đông, Hà NộiXem bản đồ","4,4 tỷ - 35 m2"
360 m²,3 phòng,,,Nhà biệt thự,,,13 triệu/m²,,,,,,ha-noi,"NGHỈ DƯỠNG SẴN KHUÔN VIÊN MỘC MẠC, FULL THỔ CƯ, ĐẤT VUÔNG, SẴN SỔ HÔNG",,"Yên Thái, Xã Đông Yên, Huyện Quốc Oai, Hà NộiXem bản đồ","4,68 tỷ - 360 m2"
35 m²,3 phòng,3 phòng,Đã có sổ,"Nhà mặt phố, mặt tiền",3.5 m,,"112,86 triệu/m²",,5,,,,ha-noi,"Bán nhà 5T Tổ 10 Yên nghĩa.Ngõ thông ô tô đỗ cửa.KD thuận tiện. 3,x tỷ",,"Phố Yên Lộ, Phường Yên Nghĩa, Quận Hà Đông, Hà NộiXem bản đồ","3,95 tỷ - 35 m2"
38 m²,2 phòng,,,"Nhà ngõ, hẻm",,,"13,16 triệu/m²",,,,,,ha-noi,Vì cần tiền mua nhà khác em cần bán gấp nhà cấp 4 38m2 giá 500 triệu,,"an dương, Phường Quảng An, Quận Tây Hồ, Hà NộiXem bản đồ",500 triệu - 38 m2
52 m²,6 phòng,4 phòng,Đã có sổ,"Nhà ngõ, hẻm",,52 m²,"111,54 triệu/m²",,5,,,,ha-noi,"Đào Tấn 52m x 5 Tầng - 6p Ngủ - Giá 5,8tỷ - Gần Phố - Ngõ Cực Thoáng",,"Phố Đào Tấn, Phường Cống Vị, Quận Ba Đình, Hà NộiXem bản đồ","5,8 tỷ - 52 m2"
36 m²,6 phòng,4 phòng,Đã có sổ,"Nhà ngõ, hẻm",3.5 m,,"180,56 triệu/m²",,6,,,,ha-noi,BÀN NHÀ RIÊNG CHÍNH CHỦ TẠI NGÕ 83 PHỐ NGUYỄN ĐỒNG CHI,,"Phố Nguyễn Đổng Chi, Phường Cầu Diễn, Quận Nam Từ Liêm, Hà NộiXem bản đồ","6,5 tỷ - 36 m2"
70 m²,2 phòng,1 phòng,Đã có sổ,"Nhà mặt phố, mặt tiền",,,"37,86 triệu/m²",,1,,Nội thất đầy đủ,,ha-noi,"Chỉ 2.65 tỷ TT Tầng 1 - Trần Quốc Hoàn 70m2 - Kinh doanh, ô tô tránh",,"Trần Quốc Hoàn, Phường Dịch Vọng Hậu, Quận Cầu Giấy, Hà NộiXem bản đồ","2,65 tỷ - 70 m2"
28 m²,2 phòng,1 phòng,Đã có sổ,"Nhà ngõ, hẻm",,,"89,29 triệu/m²",Đông Nam,,,,,ha-noi,BÁN NHÀ LÃN ÔNG HOÀN KIẾM GIÁ THƯƠNG LƯỢNG,,"LÃN ÔNG, Phường Hàng Bồ, Quận Hoàn Kiếm, Hà NộiXem bản đồ","2,5 tỷ - 28 m2"
48 m²,5 phòng,,,"Nhà ngõ, hẻm",,,"197,92 triệu/m²",,7,,,,ha-noi,"GIANG VĂN MINH 48M OTO, KINH DOANH SẦM UẤT,THANG MÁY GIÁ NHỈNH 9 TỶ",,"Giang Văn Minh, Phường Giảng Võ, Quận Ba Đình, Hà NộiXem bản đồ","9,5 tỷ - 48 m2"
35 m²,6 phòng,4 phòng,Đã có sổ,"Nhà ngõ, hẻm",,,"161,43 triệu/m²",,6,"Hẻm xe hơi,Nở hậu",,,ha-noi,"Gia đình bán nhà phố Hoa Bằng, oto ba gác đỗ cửa 35m 6T 5.65 Tỷ",,"Hoa Bằng, Phường Yên Hoà, Quận Cầu Giấy, Hà NộiXem bản đồ","5,65 tỷ - 35 m2"
42 m²,4 phòng,,Đã có sổ,"Nhà mặt phố, mặt tiền",4 m,,"128,57 triệu/m²",,5,,Nội thất cao cấp,,ha-noi,Gia Đình cần bán nhà phố Ô CHỢ DỪA HỒ ĐẮC DI ngõ ôTô đỗ cửa 4T 42m2,,"ô chợ dừa, Phường Ô Chợ Dừa, Quận Đống Đa, Hà NộiXem bản đồ","5,4 tỷ - 42 m2"
46 m²,4 phòng,,Đã có sổ,"Nhà ngõ, hẻm",,46 m²,"101,09 triệu/m²",,5,,,,ha-noi,"Bán nhà Dương Quảng Hàm, oto tránh, gần oto, vị trí đẹp, 46m2*5T",,"Dương Quảng Hàm, Phường Quan Hoa, Quận Cầu Giấy, Hà NộiXem bản đồ","4,65 tỷ - 46 m2"
63 m²,6 phòng,5 phòng,Đã có sổ,"Nhà mặt phố, mặt tiền",,,"152,38 triệu/m²",,6,,Nội thất cao cấp,,ha-noi,Tôi cần bán LK phố MINH KHAI 63m2 THANG MÁY ôTô tránh vỉa hè 9.6 tỷ,,"Phố Minh Khai, Phường Minh Khai, Quận Hai Bà Trưng, Hà NộiXem bản đồ","9,6 tỷ - 63 m2"
50 m²,4 phòng,4 phòng,Đã có sổ,"Nhà mặt phố, mặt tiền",,,"79,4 triệu/m²",,4,,Nội thất đầy đủ,,ha-noi,Gia Đình cần bán nhà phố LÁNG HẠ ngõ ôTô 7 chỗ đỗ cửa 4T 50m2,,"Đường Láng, Phường Láng Hạ, Quận Đống Đa, Hà NộiXem bản đồ","3,97 tỷ - 50 m2"
49 m²,5 phòng,,Đã có sổ,"Nhà ngõ, hẻm",,,"81,22 triệu/m²",,4,Nở hậu,,,ha-noi,Chính chủ bán nhà phố LÁNG HẠ ngõ ôTô đỗ cửa 3.98 tỷ 4T 49m2,,"Đường Láng, Phường Láng Hạ, Quận Đống Đa, Hà NộiXem bản đồ","3,98 tỷ - 49 m2"
61 m²,8 phòng,,Đã có sổ,"Nhà ngõ, hẻm",,,"106,56 triệu/m²",,5,,,,ha-noi,Chính chủ tôi bán nhà phố Nguyễn Hoàng 8m ra đường ôTô tránh 5 Tầng,,"Phố Nguyễn Hoàng, Phường Mỹ Đình 2, Quận Nam Từ Liêm, Hà NộiXem bản đồ","6,5 tỷ - 61 m2"
40 m²,4 phòng,,Đã có sổ,"Nhà ngõ, hẻm",4 m,,150 triệu/m²,,7,,Nội thất đầy đủ,,ha-noi,Lạc Long Quân 40m2 7T Thang máy- Gần hồ Tây- Giá nhỉnh 6 tỷ,,"Lạc Long Quân, Phường Bưởi, Quận Tây Hồ, Hà NộiXem bản đồ",6 tỷ - 40 m2
35 m²,3 phòng,3 phòng,Đã có sổ,"Nhà ngõ, hẻm",,,"82,86 triệu/m²",Đông Bắc,5,,,,ha-noi,"Nhà 5T*35m2-Phú lãm-HĐ Gần ĐH Đại nam.ngõ thông ô tô đỗ gần Chỉ 2,x tỷ",,"Phố Xốm, Phường Phú Lãm, Quận Hà Đông, Hà NộiXem bản đồ","2,9 tỷ - 35 m2"
40 m²,4 phòng,3 phòng,Đã có sổ,"Nhà ngõ, hẻm",,,"97,5 triệu/m²",Bắc,3,,,,ha-noi,Siêu phẩm Yên Phúc Hà Đông- hiếm có ❤❤❤ HOA HẬU ĐÓN TẾT - CỰC GẦN Ô T,,"Phố Yên Phúc, Phường Phúc La, Quận Hà Đông, Hà NộiXem bản đồ","3,9 tỷ - 40 m2"
48 m²,4 phòng,,,"Nhà ngõ, hẻm",,,"153,75 triệu/m²",,6,,,,ha-noi,"CẮT LỖ BÁN GẤP NHÀ YÊN HOÀ,CẦU GIẤY,OTO ĐỖ CỬA-KINH DOANH GIÁ 7,38 TỶ",,"Yên Hoà, Phường Yên Hoà, Quận Cầu Giấy, Hà NộiXem bản đồ","7,38 tỷ - 48 m2"
