Diện tích đất:,Số phòng ngủ:,Số phòng vệ sinh:,Giấy tờ pháp lý:,Loại hình nhà ở:,Chiều ngang:,Diện tích sử dụng:,Giá/m2:,Hướng cửa chính:,Tổng số tầng:,Đặc điểm nhà/đất:,Tình trạng nội thất:,Chiều dài:,Location,Name,URL,District,Price
52 m²,6 phòng,5 phòng,Đã có sổ,"Nhà ngõ, hẻm",,,"207,69 triệu/m²",,5,,Nội thất cao cấp,,ha-noi,"BÁN GẤP ! Phố vip Thái Hà, ôtô tránh, KD, nhà mới xây, 52m*5T 10.8 tỷ.",,"Thái Hà, Phường Trung Liệt, Quận Đống Đa, Hà NộiXem bản đồ","10,8 tỷ - 52 m2"
50 m²,5 phòng,5 phòng,Đã có sổ,"Nhà mặt phố, mặt tiền",,,218 triệu/m²,,5,,Nội thất cao cấp,,ha-noi,"BÁN GẤP ! 50m*7T chỉ 10.9 tỷ, nội thất xịn, 2 thoáng HOÀNG VĂN THÁI .",,"Hoàng Văn Thái, Phường Khương Mai, Quận Thanh Xuân, Hà NộiXem bản đồ","10,9 tỷ - 50 m2"
50 m²,3 phòng,3 phòng,Đã có sổ,"Nhà ngõ, hẻm",5 m,,86 triệu/m²,,,,,10 m,ha-noi,"BÁN GẤP T11 ! Nhà mặt phố Phan Thùy Tiên, ngõ thông, mặt tiền khủng,",,"Phan Phú Tiên, Phường Cát Linh, Quận Đống Đa, Hà NộiXem bản đồ","4,3 tỷ - 50 m2"
63 m²,5 phòng,4 phòng,Đã có sổ,"Nhà ngõ, hẻm",,,"111,9 triệu/m²",,4,,Nội thất cao cấp,,ha-noi,"CỰC GẤP ! Bán nhà Vương Thừa Vũ, 2 mặt tiền, an sinh 63m*4T chỉ 7 tỷ .",,"Vương Thừa Vũ, Phường Khương Mai, Quận Thanh Xuân, Hà NộiXem bản đồ","7,05 tỷ - 63 m2"
33 m²,2 phòng,,,"Nhà mặt phố, mặt tiền",,,"89,39 triệu/m²",,,,,,ha-noi,"Bán Cắt Lỗ Nhà Nguyên Căn 33M2 X 3 Tầng, sổ Đỏ Chính Chủ",,"lĩnh nam, Phường Lĩnh Nam, Quận Hoàng Mai, Hà NộiXem bản đồ","2,95 tỷ - 33 m2"
276 m²,7 phòng,5 phòng,Đã có sổ,Nhà biệt thự,,,"173,91 triệu/m²",,1,,Nội thất đầy đủ,,ha-noi,Bán Biệt Thự Võ Chí Công - Trung Tâm Tây Hồ -276m-MT16m- Ô tô - Hồ Tây,,"Võ Chí Công, Phường Nhật Tân, Quận Tây Hồ, Hà NộiXem bản đồ",48 tỷ - 276 m2
49 m²,4 phòng,,Đã có sổ,"Nhà ngõ, hẻm",,55 m²,"134,69 triệu/m²",,5,,Nội thất cao cấp,,ha-noi,"VIP ĐỐNG ĐA! BÁN NHÀ PHÁO ĐÀI LÁNG 49M, NHÀ ĐẸP FULL NỘI THẤT, Ô TÔ.",,"Phố Pháo Đài Láng, Phường Láng Thượng, Quận Đống Đa, Hà NộiXem bản đồ","6,6 tỷ - 49 m2"
60 m²,6 phòng,5 phòng,Đã có sổ,"Nhà ngõ, hẻm",,,"183,33 triệu/m²",,6,,Nhà trống,,ha-noi,"Kim Ngưu, 60m–6T, phân lô ôtô, 3 thoáng, dân trí cao, VP, 11 tỷ",,"Phố Kim Ngưu, Phường Vĩnh Tuy, Quận Hai Bà Trưng, Hà NộiXem bản đồ",11 tỷ - 60 m2
39 m²,3 phòng,,Đã có sổ,"Nhà ngõ, hẻm",,,"97,44 triệu/m²",,5,,,,ha-noi,Quang Tiến - Nhà Mới Koong - Về Ở Ngay - Cách Oto 20m - 39m2 - 3.8 Tỷ,,"Đường Quang Tiến, Phường Đại Mỗ, Quận Nam Từ Liêm, Hà NộiXem bản đồ","3,8 tỷ - 39 m2"
58 m²,6 phòng,4 phòng,Đã có sổ,"Nhà ngõ, hẻm",,,"258,62 triệu/m²",,5,,Nội thất đầy đủ,,ha-noi,"Nhà phố Văn Cao, Ba Đình, phân lô, kinh doanh, ô tô tránh, vỉa hè, 58m",,"Đường Văn Cao, Phường Liễu Giai, Quận Ba Đình, Hà NộiXem bản đồ",15 tỷ - 58 m2
58 m²,3 phòng,,Đã có sổ,"Nhà ngõ, hẻm",,,"272,41 triệu/m²",,7,Hẻm xe hơi,Nội thất cao cấp,,ha-noi,Cần bán nhà khu vip Lâm Hạ - Ô tô - Kinh doanh - Long Biên,,"Hoàng Như Tiếp, Phường Bồ Đề, Quận Long Biên, Hà NộiXem bản đồ","15,8 tỷ - 58 m2"
36 m²,3 phòng,4 phòng,Đã có sổ,"Nhà ngõ, hẻm",,,"86,11 triệu/m²",,4,,,,ha-noi,Bán nhà phố Vĩnh Hưng 36m2 giá 3.1 tỷ,,"Vĩnh Hưng, Phường Vĩnh Hưng, Quận Hoàng Mai, Hà NộiXem bản đồ","3,1 tỷ - 36 m2"
35 m²,3 phòng,4 phòng,Đã có sổ,"Nhà ngõ, hẻm",,,"97,14 triệu/m²",,4,,,,ha-noi,"Đặng Văn Ngữ, 35m2*4T, 2 thoáng, ngõ đẹp, 3 ngủ, nhà đẹp, 3.4 tỷ",,"Phố Đặng Văn Ngữ, Phường Trung Tự, Quận Đống Đa, Hà NộiXem bản đồ","3,4 tỷ - 35 m2"
25 m²,2 phòng,3 phòng,Đã có sổ,"Nhà ngõ, hẻm",,,180 triệu/m²,,4,,,,ha-noi,"HIẾM, Hoàng Cầu 25m2*4T, mặt ngõ to cách phố 20m, kinh doanh, 4.5 tỷ",,"Phố Hoàng Cầu, Phường Ô Chợ Dừa, Quận Đống Đa, Hà NộiXem bản đồ","4,5 tỷ - 25 m2"
32 m²,3 phòng,,,"Nhà ngõ, hẻm",,,"76,56 triệu/m²",,4,,,,ha-noi,"2.45 Tỷ nhà 4 Tầng 32m2 ở Phú Lãm- Hà Đông gần chợ Xốm, ĐH Đại Nam",,"Xốm, Phường Phú Lãm, Quận Hà Đông, Hà NộiXem bản đồ","2,45 tỷ - 32 m2"
35 m²,3 phòng,,Đã có sổ,"Nhà mặt phố, mặt tiền",,45 m²,"157,14 triệu/m²",,,,Nội thất đầy đủ,,ha-noi,Bán gấp nhà lô góc văn quán hà đông kinh doanh ô tô giá nhỉnh 5 tỷ,,"Nguyễn Khuyến, Phường Văn Quán, Quận Hà Đông, Hà NộiXem bản đồ","5,5 tỷ - 35 m2"
21 m²,2 phòng,3 phòng,Đã có sổ,"Nhà ngõ, hẻm",,21 m²,"126,19 triệu/m²",,4,,,,ha-noi,"BN: HƯƠNG VIÊN ; HBT: 21M×4T.MT:3,3M.NHỈNH 2,5 TỶ.",,"Hương Viên, Phường Đống Mác, Quận Hai Bà Trưng, Hà NộiXem bản đồ","2,65 tỷ - 21 m2"
30 m²,3 phòng,,Đã có sổ,"Nhà ngõ, hẻm",,,110 triệu/m²,,4,,Nhà trống,,ha-noi,"Ngõ Thông, Nhà Đẹp Gần Phố Trương Định 30m2 giá 3.3 tỷ.",,"Trương Định, Phường Trương Định, Quận Hai Bà Trưng, Hà NộiXem bản đồ","3,3 tỷ - 30 m2"
30 m²,2 phòng,3 phòng,Đã có sổ,"Nhà ngõ, hẻm",,,"96,67 triệu/m²",,4,,,,ha-noi,10M RA PHỐ - BÁN ĐẤT TẶNG NHÀ 4 TẦNG,,"Phố Tây Sơn, Phường Ngã Tư Sở, Quận Đống Đa, Hà NộiXem bản đồ","2,9 tỷ - 30 m2"
57 m²,6 phòng,Nhiều hơn 6 phòng,Đã có sổ,Nhà phố liền kề,,57 m²,"147,37 triệu/m²",,,,,,ha-noi,"Bán nhà Lô Góc Đìa Lão- Mậu Lương, 5 tầng/ 6 ngủ/ Kinh doanh, ở tốt",,"Đìa lão, Phường Kiến Hưng, Quận Hà Đông, Hà NộiXem bản đồ","8,4 tỷ - 57 m2"
57 m²,6 phòng,Nhiều hơn 6 phòng,Đã có sổ,Nhà phố liền kề,,57 m²,"147,37 triệu/m²",,,,,,ha-noi,"Bán nhà Lô Góc Đìa Lão- Mậu Lương, 5 tầng/ 6 ngủ/ Kinh doanh, ở tốt",,"Đìa lão, Phường Kiến Hưng, Quận Hà Đông, Hà NộiXem bản đồ","8,4 tỷ - 57 m2"
35 m²,4 phòng,4 phòng,Đã có sổ,"Nhà ngõ, hẻm",,,"108,57 triệu/m²",,5,,Nội thất đầy đủ,,ha-noi,"3,8 tỷ nhà Tây Hồ- 35m2-5 tầng-lô góc-ngõ thông-oto đỗ cửa-kinh doanh",,"Đường An Dương Vương, Phường Phú Thượng, Quận Tây Hồ, Hà NộiXem bản đồ","3,8 tỷ - 35 m2"
50 m²,4 phòng,5 phòng,,Nhà phố liền kề,,55 m²,"143,8 triệu/m²",,,,,,ha-noi,"Bán nhà phân lô Mậu Lương- Kiến Hưng, 7,19 tỷ/5 tầng/55m",,"Phố Hoàng Công, Phường Kiến Hưng, Quận Hà Đông, Hà NộiXem bản đồ","7,19 tỷ - 50 m2"
40 m²,3 phòng,3 phòng,Đã có sổ,"Nhà ngõ, hẻm",4 m,,"112,5 triệu/m²",,4,,,,ha-noi,Bán nhà Ngõ Giáp Bát quận Hoàng Mai. Ngõ nông gần phố gần ô tô,,"Đường Giáp Bát, Phường Giáp Bát, Quận Hoàng Mai, Hà NộiXem bản đồ","4,5 tỷ - 40 m2"
52 m²,9 phòng,Nhiều hơn 6 phòng,,"Nhà ngõ, hẻm",,64 m²,"150,96 triệu/m²",,5,,,,ha-noi,NHÀ ĐẸP QUẬN ĐỐNG ĐADÒNG TIỀN ỔN ĐỊNH 50TR- VỊ TRÍ ĐẮC ĐỊA - THOÁNG,,"pháo đài láng , Phường Láng Thượng, Quận Đống Đa, Hà NộiXem bản đồ","7,85 tỷ - 52 m2"
90 m²,4 phòng,5 phòng,,Nhà phố liền kề,5 m,95 m²,"144,44 triệu/m²",,,,,,ha-noi,"Nhà Liền kề Văn Khê- Văn Phú, 90m2/4 tầng/ kinh doanh, ở, đường 18m",,"Quốc lộ 6, Phường Phú La, Quận Hà Đông, Hà NộiXem bản đồ",13 tỷ - 90 m2
50 m²,4 phòng,5 phòng,,"Nhà mặt phố, mặt tiền",,50 m²,136 triệu/m²,,,,,,ha-noi,"Bán nhà Kiến Hưng- Đìa Lão, nhà mới xây chỉ việc ở giá nhỉnh 6 tỷ",,"văn La, Phường Kiến Hưng, Quận Hà Đông, Hà NộiXem bản đồ","6,8 tỷ - 50 m2"
40 m²,4 phòng,4 phòng,,"Nhà mặt phố, mặt tiền",4 m,45 m²,"142,5 triệu/m²",,,,,10 m,ha-noi,"Nhà phân lô liền kề Mậu Lương- Hà Đông, 5,7 tỷ/45m/ nhà 4 tầng, ô tô",,"Phố Mậu Lương, Phường Kiến Hưng, Quận Hà Đông, Hà NộiXem bản đồ","5,7 tỷ - 40 m2"
47 m²,3 phòng,3 phòng,Đã có sổ,"Nhà ngõ, hẻm",,,100 triệu/m²,,3,,Nội thất đầy đủ,,ha-noi,PHAN ĐÌNH GI,,"Phan Đình Giot, Phường Phương Liệt, Quận Thanh Xuân, Hà NộiXem bản đồ","4,7 tỷ - 47 m2"
30 m²,4 phòng,4 phòng,Đã có sổ,"Nhà ngõ, hẻm",,,"106,67 triệu/m²",,5,,Nhà trống,,ha-noi,Bán nhà lô góc ô tô vào nhà 30m2 xây 5T cách bến xe Yên Nghĩa 200m,,"Thanh Lãm , Phường Phú Lãm, Quận Hà Đông, Hà NộiXem bản đồ","3,2 tỷ - 30 m2"
46 m²,5 phòng,,Đã có sổ,"Nhà ngõ, hẻm",,46 m²,"136,96 triệu/m²",,,,,,ha-noi,BÁN GẤP NHÀ CẦU GIẤY - NGÕ THÔNG - Ô TÔ ĐỖ CỬA,,"Cầu Giấy, Phường Quan Hoa, Quận Cầu Giấy, Hà NộiXem bản đồ","6,3 tỷ - 46 m2"
55 m²,5 phòng,5 phòng,Đã có sổ,"Nhà ngõ, hẻm",,,"318,18 triệu/m²",,6,,Nội thất cao cấp,,ha-noi,"Nhà siêu đẹp phố Văn Cao, quân Ba Đình, phân lô, ô tô, 55m2 x 6T",,"Đường Văn Cao, Phường Liễu Giai, Quận Ba Đình, Hà NộiXem bản đồ","17,5 tỷ - 55 m2"
45 m²,4 phòng,4 phòng,Đã có sổ,"Nhà mặt phố, mặt tiền",,,"113,33 triệu/m²",,5,,Nội thất cao cấp,,ha-noi,bán nhà KHƯƠNG TRUNG HOÀNG VĂN THÁI 45m2 mặt ngõ thông 5 tầng 5 tỷ1 Tl,,"Khương Trung, Phường Khương Trung, Quận Thanh Xuân, Hà NộiXem bản đồ","5,1 tỷ - 45 m2"
48 m²,10 phòng,,Đã có sổ,"Nhà ngõ, hẻm",,,"55,21 triệu/m²",Tây Bắc,1,,Nội thất đầy đủ,,ha-noi,"Bán Nhà 1 Tầng x 50m2, Thạch Bàn, Cổ Linh, Vị trí Đẹp, Ngõ Nông",,"Đường Cổ Linh, Phường Thạch Bàn, Quận Long Biên, Hà NộiXem bản đồ","2,65 tỷ - 48 m2"
35 m²,6 phòng,,Đã có sổ,"Nhà ngõ, hẻm",,,"128,57 triệu/m²",,5,,Nội thất cao cấp,,ha-noi,"Cực hiếm Mỹ Đình, siêu mới, nội thất vip, ở ngay, 35m2x5T, chỉ 4,5 tỷ",,"Đường Mỹ Đình, Phường Mỹ Đình 2, Quận Nam Từ Liêm, Hà NộiXem bản đồ","4,5 tỷ - 35 m2"
30 m²,3 phòng,,Đã có sổ,"Nhà ngõ, hẻm",,,120 triệu/m²,,4,,,,ha-noi,"Cần bán nhà Bồ Đề - 30m2 - Gần ô tô, gần phố - long Biên",,"Bồ Đề, Phường Bồ Đề, Quận Long Biên, Hà NộiXem bản đồ","3,6 tỷ - 30 m2"
33 m²,3 phòng,,Đã có sổ,"Nhà ngõ, hẻm",,,"77,27 triệu/m²",,5,"Hẻm xe hơi,Nở hậu",Nội thất đầy đủ,,ha-noi,"Bán Nhà 5 Tầng, Gần chợ, Eco Home Phúc Lợi, Ô tô sát cửa 2.55 Tỷ",,"Đường Phúc Lợi, Phường Phúc Lợi, Quận Long Biên, Hà NộiXem bản đồ","2,55 tỷ - 33 m2"
226 m²,4 phòng,5 phòng,Đã có sổ,Nhà biệt thự,,,360 triệu/m²,Đông,3,,,,ha-noi,🍃🍂🍃 CẦN BÁN BIỆT THỰ VIP NGOẠI GIAO ĐOÀN - GIÁ THƯƠNG LƯỢNG.,,"Đường Hoàng Minh Thảo, Phường Xuân Tảo, Quận Bắc Từ Liêm, Hà NộiXem bản đồ","81,36 tỷ - 226 m2"
50 m²,4 phòng,,Đã có sổ,"Nhà ngõ, hẻm",,,264 triệu/m²,,6,"Hẻm xe hơi,Nở hậu",Nội thất cao cấp,,ha-noi,Nhà Đẹp Nguyễn Văn Cừ - Thang máy - Ô tô - Văn phòng Long Biên,,"Nguyễn Văn  cừ, Phường Gia Thụy, Quận Long Biên, Hà NộiXem bản đồ","13,2 tỷ - 50 m2"
32 m²,3 phòng,4 phòng,Đã có sổ,"Nhà ngõ, hẻm",,,"60,94 triệu/m²",,3,,Nhà trống,,ha-noi,Bán Nhà Yên Nghĩa 1.95 tỷ SD32m2 Xây 5T otô 10m ở ngay hỗ trợ NH 70%,,"Đường Hòa Bình, Phường Yên Nghĩa, Quận Hà Đông, Hà NộiXem bản đồ","1,95 tỷ - 32 m2"
33 m²,3 phòng,,Đã có sổ,"Nhà ngõ, hẻm",,,"53,94 triệu/m²",,4,,,,ha-noi,"Bán nhà Biên Giang, HD 10m ra ô tô tránh 33m2 Giá 1.78 tỷ CTL",,"undefined, Phường Biên Giang, Quận Hà Đông, Hà NộiXem bản đồ","1,78 tỷ - 33 m2"
50 m²,4 phòng,,Đã có sổ,Nhà phố liền kề,4 m,,236 triệu/m²,,7,,Nội thất cao cấp,,ha-noi,"HOA KHÔI VĂN KHÊ, HÀ ĐÔNG, 7 TẦNG THANG MÁY FULL NỘI THẤT,50/55M2T2",,"Phố Nguyễn Thanh Bình, Phường La Khê, Quận Hà Đông, Hà NộiXem bản đồ","11,8 tỷ - 50 m2"
21 m²,2 phòng,,Đã có sổ,"Nhà ngõ, hẻm",,,"128,57 triệu/m²",,,Nở hậu,,,ha-noi,"21 M x 4 TẦNG PHỐ HƯƠNG VIÊN, NỞ HẬU , SÁT PHỐ , 5 PHÚT LÊN HỒ GƯƠM",,"Phố Hương Viên, Phường Đống Mác, Quận Hai Bà Trưng, Hà NộiXem bản đồ","2,7 tỷ - 21 m2"
34 m²,3 phòng,,Đã có sổ,"Nhà ngõ, hẻm",5 m,,"226,47 triệu/m²",,7,,Nội thất cao cấp,,ha-noi,"SIÊU PHẨM,LÔ GÓC,7 TẦNG THANG MÁY,V. THỪA VŨ, THANH XUÂN,34M2,MT4.5M",,"Vương Thừa Vũ, Phường Khương Trung, Quận Thanh Xuân, Hà NộiXem bản đồ","7,7 tỷ - 34 m2"
42 m²,4 phòng,,Đã có sổ,"Nhà ngõ, hẻm",4 m,42 m²,"154,76 triệu/m²",,4,,,,ha-noi,"MỘT NHÀ RA ÔTÔ TRÁNH, 4 TẦNG Ở LUÔN, H.V THÁI,THANH XUÂN, 42M2x4T",,"Hoàng Văn Thái, Phường Khương Mai, Quận Thanh Xuân, Hà NộiXem bản đồ","6,5 tỷ - 42 m2"
35 m²,4 phòng,,Đã có sổ,Nhà phố liền kề,5 m,,"224,29 triệu/m²",,6,,Nội thất cao cấp,,ha-noi,"NHÀ ĐẸP Ô TÔ TRÁNH,VỈA HÈ, MẶT TIỀN RỘNG,KINH DOANH, VĂN QUÁN HÀ ĐÔNG",,"Đường Chiến Thắng, Phường Văn Quán, Quận Hà Đông, Hà NộiXem bản đồ","7,85 tỷ - 35 m2"
42 m²,6 phòng,6 phòng,Đã có sổ,"Nhà ngõ, hẻm",,,"135,71 triệu/m²",,6,,Nội thất cao cấp,,ha-noi,"5,7tỷ nhà phố Nguyễn Hoàng-42m2-6tầng-ngõ trc nhà 3,5m",,"Phố Nguyễn Hoàng, Phường Mỹ Đình 2, Quận Nam Từ Liêm, Hà NộiXem bản đồ","5,7 tỷ - 42 m2"
37 m²,3 phòng,3 phòng,Đã có sổ,"Nhà ngõ, hẻm",,,"98,65 triệu/m²",,4,,Nội thất đầy đủ,,ha-noi,"Nhà đẹp Tây mỗ, 10m oto đỗ, dt 37m2 x 4 tầng - 4 ngủ , chỉ 3,6 tỉ",,"Ngõ 67 Phố Cầu Cốc, Phường Tây Mỗ, Quận Nam Từ Liêm, Hà NộiXem bản đồ","3,65 tỷ - 37 m2"
43 m²,4 phòng,,Đã có sổ,"Nhà mặt phố, mặt tiền",5 m,43 m²,"146,51 triệu/m²",,3,,,,ha-noi,"Nhà mặt phố, ô tô, kinh doanh mặt tiền rộng, La Khê, Hà Đông",,"Phố Phan Đình Giót, Phường La Khê, Quận Hà Đông, Hà NộiXem bản đồ","6,3 tỷ - 43 m2"
50 m²,4 phòng,,Đã có sổ,Nhà phố liền kề,5 m,50 m²,210 triệu/m²,,6,,,,ha-noi,XỐC HẠ GIÁ HIẾM MẶT TIỀN RỘNG KINH DOANH ĐÔ THỊ HIMLAM VẠN PHÚC HĐ,,"Phố Tố Hữu, Phường Vạn Phúc, Quận Hà Đông, Hà NộiXem bản đồ","10,5 tỷ - 50 m2"
56 m²,4 phòng,,Đã có sổ,"Nhà ngõ, hẻm",,60 m²,"169,64 triệu/m²",,4,Hẻm xe hơi,,,ha-noi,"HIẾM NHÀ ĐẸP 2 THOÁNG TRƯỚC SAU, Ô TÔ VÀO NHÀ VƯƠNG THỪA VŨ THANH XUÂN",,"VƯƠNG THỪA VŨ, Phường Khương Trung, Quận Thanh Xuân, Hà NộiXem bản đồ","9,5 tỷ - 56 m2"
50 m²,4 phòng,,Đã có sổ,"Nhà mặt phố, mặt tiền",4 m,50 m²,226 triệu/m²,,5,,,,ha-noi,"XE 45 CHỖ TRÁNH, VỈA HÈ RỘNG, TRUNG TÂM KĐT, KINH DOANH TẤP NẬP",,"tố Hữu, Phường La Khê, Quận Hà Đông, Hà NộiXem bản đồ","11,3 tỷ - 50 m2"
50 m²,4 phòng,,Đã có sổ,Nhà phố liền kề,4 m,50 m²,156 triệu/m²,,5,,,,ha-noi,"NHÀ ĐẸP, GIÁ HIẾM ,ÔTÔ TRÁNH,TRUNG TÂM ĐÔ THỊ LA KHÊ,HÀ ĐÔNG, 50M2",,"TỐ HỮU, Phường La Khê, Quận Hà Đông, Hà NộiXem bản đồ","7,8 tỷ - 50 m2"
33 m²,4 phòng,,Đã có sổ,"Nhà mặt phố, mặt tiền",6 m,,"269,7 triệu/m²",,7,,Nội thất cao cấp,,ha-noi,"NHÀ MỚI LÔ GÓC,THANG MÁY, Ô TÔ TRÁNH, H. V. THÁI, THANH XUÂN, 33M2X7T",,"Hoàng Văn Thái, Phường Khương Mai, Quận Thanh Xuân, Hà NộiXem bản đồ","8,9 tỷ - 33 m2"
40 m²,4 phòng,,Đã có sổ,"Nhà ngõ, hẻm",4 m,,"129,5 triệu/m²",,,,,,ha-noi,"XỐC GIÁ NHÀ MỚI LÔ GÓC THOÁNG SÁNG,GIÁ HIẾM, ĐẠI MỖ NAM TỪ LIÊM, 40m2",,"Đường Đại Mỗ, Phường Đại Mỗ, Quận Nam Từ Liêm, Hà NộiXem bản đồ","5,18 tỷ - 40 m2"
34 m²,4 phòng,3 phòng,Đã có sổ,"Nhà mặt phố, mặt tiền",,,"77,94 triệu/m²",,5,,Nội thất cao cấp,,ha-noi,Nhà đơn lập yên vĩnh kim chung.,,"Ngõ 52 Đường Yên Vĩnh, Xã Kim Chung, Huyện Hoài Đức, Hà NộiXem bản đồ","2,65 tỷ - 34 m2"
65 m²,4 phòng,4 phòng,Đã có sổ,"Nhà ngõ, hẻm",,,"307,69 triệu/m²",,5,,Nội thất cao cấp,,ha-noi,Cần bán gấp nhà phố Vạn Phúc Vạn Bảo Ba Đình 65m mt 6m gara oto giá rẻ,,"Vạn Phúc, Phường Liễu Giai, Quận Ba Đình, Hà NộiXem bản đồ",20 tỷ - 65 m2
33 m²,4 phòng,3 phòng,Đã có sổ,"Nhà mặt phố, mặt tiền",,,"84,85 triệu/m²",,4,,Nội thất cao cấp,,ha-noi,Nhà vân canh ô tô đỗ..,,"Ngõ 23 Đường An Trai, Xã Vân Canh, Huyện Hoài Đức, Hà NộiXem bản đồ","2,799999999 tỷ - 33 m2"
30 m²,3 phòng,4 phòng,Đã có sổ,"Nhà ngõ, hẻm",,,"88,33 triệu/m²",Đông Nam,5,,,,ha-noi,"XỐC HIẾM, GIẢM TỚI 50TR, CHỈ 2,65 TỶ NHÂN NGAY NHÀ ĐẸP 30M2, DƯƠNG NỘI",,"Ngõ 138/51 Tổ Dân Phố Đoàn Kết, Đường Ỷ La, Dương Nội, Phường Dương Nội, Quận Hà Đông, Hà NộiXem bản đồ","2,65 tỷ - 30 m2"
95 m²,4 phòng,,Đã có sổ,"Nhà mặt phố, mặt tiền",4.8 m,,"248,42 triệu/m²",,4,,,,ha-noi,"Phố Cầu Giấy, Gara ÔTô, Thang Máy, Vỉa Hè, 95m2,6 tầng,4.8mMT, 23.6 tỷ",,"Cầu Giấy, Phường Dịch Vọng, Quận Cầu Giấy, Hà NộiXem bản đồ","23,6 tỷ - 95 m2"
45 m²,6 phòng,4 phòng,Đã có sổ,"Nhà ngõ, hẻm",,,"131,11 triệu/m²",,5,,,,ha-noi,Bán nhà Võng Thị. 45m2. 5 tầng. 6 ngủ. 2 thoáng. dân xây. ngõ thông,,"Võng Thị, Phường Bưởi, Quận Tây Hồ, Hà NộiXem bản đồ","5,9 tỷ - 45 m2"
52 m²,4 phòng,5 phòng,Đã có sổ,"Nhà ngõ, hẻm",6 m,,"173,08 triệu/m²",,,,Nội thất cao cấp,,ha-noi,Bán gấp nhà đẹp đón tết Tây hồ 52m 6 tầng oto gần giá hơn 9 tỷ có TL,,"Đường Nghi Tàm, Phường Yên Phụ, Quận Tây Hồ, Hà NộiXem bản đồ",9 tỷ - 52 m2
45 m²,9 phòng,Nhiều hơn 6 phòng,Đã có sổ,"Nhà ngõ, hẻm",,,"132,22 triệu/m²",,5,,Nội thất đầy đủ,,ha-noi,"Bán căn hộ dòng tiền phố Lê Đức Thọ, Mỹ Đình",,"Ngõ 63 Lê Đức Thọ, Phường Mỹ Đình 2, Quận Nam Từ Liêm, Hà NộiXem bản đồ","5,95 tỷ - 45 m2"
33 m²,3 phòng,,,Nhà phố liền kề,,,"57,58 triệu/m²",,4,,Nhà trống,,ha-noi,"BÁN NHÀ YÊN NGHĨA GIÁ RẺ CHỈ 1,9 TỈ ĐỒNG",,"undefined, Phường Yên Nghĩa, Quận Hà Đông, Hà NộiXem bản đồ","1,9 tỷ - 33 m2"
37 m²,1 phòng,1 phòng,Đã có sổ,"Nhà ngõ, hẻm",,,"41,89 triệu/m²",,,,,,ha-noi,nhà C4 tại Cổ Bi Gia Lâm 37m2 giá chỉ 1.55 tỷ,,"Đường Cổ Bi, Xã Cổ Bi, Huyện Gia Lâm, Hà NộiXem bản đồ","1,55 tỷ - 37 m2"
49 m²,3 phòng,,Đã có sổ,"Nhà ngõ, hẻm",,,"85,71 triệu/m²",,5,,,,ha-noi,"Cách Phố 40m-An Sinh Tuyệt Vời-Gần oto-Giá rẻ 50m-4,2 tỷ",,"Ngõ 230 Lạc Trung, Phường Thanh Lương, Quận Hai Bà Trưng, Hà NộiXem bản đồ","4,2 tỷ - 49 m2"
35 m²,4 phòng,,Đã có sổ,"Nhà ngõ, hẻm",,,"85,43 triệu/m²",,,,,,ha-noi,BÁN NHÀ NGÕ 521 CỔ NHUẾ. 35M2. 4 TẦNG. 4 NGỦ. GIÁ 2.99 tỷ,,"Cổ Nhuế, Phường Cổ Nhuế 2, Quận Bắc Từ Liêm, Hà NộiXem bản đồ","2,99 tỷ - 35 m2"
50 m²,5 phòng,5 phòng,Đã có sổ,"Nhà ngõ, hẻm",4 m,,218 triệu/m²,,6,,,,ha-noi,Bán Nhà Lô Góc Phố Kim Ngưu quận Hai Bà Trưng. Nhà mới 6T thang máy,,"Phố Kim Ngưu, Phường Thanh Nhàn, Quận Hai Bà Trưng, Hà NộiXem bản đồ","10,9 tỷ - 50 m2"
39 m²,2 phòng,2 phòng,Đã có sổ,"Nhà ngõ, hẻm",5 m,,"102,56 triệu/m²",,3,,,,ha-noi,"Bán nhà Nguyễn Khoái , Hai Bà Trưng, 40m2 - MT 5m cách phố 40m",,"Đường Nguyễn Khoái, Phường Thanh Lương, Quận Hai Bà Trưng, Hà NộiXem bản đồ",4 tỷ - 39 m2
48 m²,4 phòng,,,"Nhà ngõ, hẻm",,,"72,92 triệu/m²",,,,,,ha-noi,BÁN NHÀ XUÂN ĐỈNH. PHẠM VĂN ĐỒNG. 48M2. 4 TẦNG. Ô TÔ SÁT NHÀ. 3.85 TỶ,,"Xuân Đỉnh, Phường Xuân Đỉnh, Quận Bắc Từ Liêm, Hà NộiXem bản đồ","3,5 tỷ - 48 m2"
51 m²,3 phòng,5 phòng,Đã có sổ,"Nhà ngõ, hẻm",,,"133,33 triệu/m²",,6,,Nội thất cao cấp,,ha-noi,Bán Nhà Vĩnh Phúc-Ba Đình-51M2 6T Thang Máy-Lô Góc Ngõ Rộng,,"Phố Vĩnh Phúc, Phường Vĩnh Phúc, Quận Ba Đình, Hà NộiXem bản đồ","6,8 tỷ - 51 m2"
45 m²,3 phòng,4 phòng,Đã có sổ,"Nhà ngõ, hẻm",,,"101,11 triệu/m²",,5,,Nội thất cao cấp,,ha-noi,Thụy Phương-Lô Góc Ô Tô Đỗ Cửa Ngày Đêm-Ngõ Thông,,"THụy Phương, Phường Thụy Phương, Quận Bắc Từ Liêm, Hà NộiXem bản đồ","4,55 tỷ - 45 m2"
37 m²,4 phòng,,Đã có sổ,"Nhà ngõ, hẻm",,,"135,14 triệu/m²",,,,,,ha-noi,BÁN NHÀ XUÂN LA. 37M2. 5 TẦNG MỚI. TRƯỚC NHÀ RỘNG THOÁNG. VIEW HỒ TÂY,,"Xuân La, Phường Xuân La, Quận Tây Hồ, Hà NộiXem bản đồ",5 tỷ - 37 m2
41 m²,6 phòng,,,"Nhà ngõ, hẻm",,,"121,95 triệu/m²",,,,,,ha-noi,BÁN NHÀ XUÂN ĐỈNH. NGOẠI GIAO ĐOÀN. 41M2. 5 TẦNG. NGÕ THÔNG. Ô TÔ GẦN,,"Xuân Đỉnh, Phường Xuân Đỉnh, Quận Bắc Từ Liêm, Hà NộiXem bản đồ",5 tỷ - 41 m2
37 m²,4 phòng,,Đã có sổ,"Nhà ngõ, hẻm",,,"120,27 triệu/m²",,,,,,ha-noi,BÁN GẤP NHÀ TRẦN CUNG. HOÀNG QUỐC VIỆT. 37M2. 5 TẦNG MỚI. NGÕ 3M,,"Trần Cung, Phường Cổ Nhuế 1, Quận Bắc Từ Liêm, Hà NộiXem bản đồ","4,45 tỷ - 37 m2"
255 m²,6 phòng,Nhiều hơn 6 phòng,Đã có sổ,Nhà biệt thự,,,"333,33 triệu/m²",,4,,Nội thất cao cấp,,ha-noi,"SIÊU BIỆT THỰ - BÁN ĐẢO LINH ĐÀM - DT 255M2 , MT 14M - ĐẰNG CẤP THƯỢNG",,"Linh Đàm, Phường Hoàng Liệt, Quận Hoàng Mai, Hà NộiXem bản đồ",85 tỷ - 255 m2
46 m²,nhiều hơn 10 phòng,,,"Nhà ngõ, hẻm",7 m,46 m²,"169,57 triệu/m²",,7,,Nội thất đầy đủ,,ha-noi,"Bán CHDT Phố Mễ Trì 12PN full đồ có thang máy, dt 65tr/ th GPXD, PCCC",,"Mễ trì Hạ, Phường Mễ Trì, Quận Nam Từ Liêm, Hà NộiXem bản đồ","7,8 tỷ - 46 m2"
60 m²,4 phòng,,,"Nhà ngõ, hẻm",,,"153,33 triệu/m²",,6,,,,ha-noi,Nhà Kim Mã-Ba Đình 60m2-Giá 9.2 Tỷ-Thang máy-20M Ô Tô Tránh,,"Phố Kim Mã, Phường Ngọc Khánh, Quận Ba Đình, Hà NộiXem bản đồ","9,2 tỷ - 60 m2"
60 m²,4 phòng,5 phòng,Đã có sổ,Nhà phố liền kề,,,205 triệu/m²,,5,,Nội thất cao cấp,,ha-noi,"BÁN NHÀ PHÂN LÔ KĐT MỚI ĐỊNH CÔNG, TRẦN ĐIỀN, VÀNH ĐAI 2,5 ĐẸP RẺ",,"Định Công, Phường Định Công, Quận Hoàng Mai, Hà NộiXem bản đồ","12,3 tỷ - 60 m2"
80 m²,4 phòng,4 phòng,Đã có sổ,"Nhà ngõ, hẻm",,,"26,88 triệu/m²",Đông Nam,3,,,,ha-noi,Siêu phẩm biệt thự mini 80M xây mới 3tầng cách KĐT đô nghĩa 3km gần đư,,"Ngõ 24 Đường Đông La, Xã Đông La, Huyện Hoài Đức, Hà NộiXem bản đồ","2,15 tỷ - 80 m2"
50 m²,4 phòng,,Đã có sổ,"Nhà mặt phố, mặt tiền",3.5 m,,104 triệu/m²,,5,,Nội thất đầy đủ,,ha-noi,bán nhà NGÃ TƯ SỞ KHƯƠNG TRUNG 50m2 mặt ngõ thông KINH DOANH 5 tỷ 2 TL,,"Khương Trung, Phường Khương Trung, Quận Thanh Xuân, Hà NộiXem bản đồ","5,2 tỷ - 50 m2"
55 m²,5 phòng,5 phòng,Đã có sổ,"Nhà ngõ, hẻm",,,"129,09 triệu/m²",,7,,Nội thất đầy đủ,,ha-noi,Bán GẤP nhà Ngã 8 Ô Chợ Dừa - Xã Đàn. 55m2 - 7.1 Tỷ. 7 Tầng dân xâ,,"Đường La Thành, Phường Ô Chợ Dừa, Quận Đống Đa, Hà NộiXem bản đồ","7,1 tỷ - 55 m2"
35 m²,3 phòng,4 phòng,Đã có sổ,"Nhà mặt phố, mặt tiền",,,"134,29 triệu/m²",,4,,Nội thất đầy đủ,,ha-noi,"Bán Nhà 5 Tầng 35m2 Giá 4,7 Tỷ Phố Thụy Khuê, Nhà Cách Phố Chỉ 30m",,"Đường Thụy Khuê, Phường Bưởi, Quận Tây Hồ, Hà NộiXem bản đồ","4,7 tỷ - 35 m2"
40 m²,3 phòng,3 phòng,Đã có sổ,"Nhà ngõ, hẻm",,,"102,5 triệu/m²",,4,Hẻm xe hơi,,,ha-noi,Căn nhà 4 tầng tại Ngô Xuân Quảng đường oto vào nhà,,"Ngõ 213 Phố Ngô Xuân Quảng, Thị trấn Trâu Quỳ, Huyện Gia Lâm, Hà NộiXem bản đồ","4,1 tỷ - 40 m2"
50 m²,4 phòng,4 phòng,Đã có sổ,"Nhà ngõ, hẻm",,,124 triệu/m²,,5,,Nội thất đầy đủ,,ha-noi,Bán Nhà Đình Thôn - 50m2 x 5 Tầng - Gần Phố - Vị Trí Đắc Địa - Đẹp,,"Đường Đình Thôn, Phường Mỹ Đình 2, Quận Nam Từ Liêm, Hà NộiXem bản đồ","6,2 tỷ - 50 m2"
41 m²,4 phòng,4 phòng,Đã có sổ,"Nhà ngõ, hẻm",4 m,,"117,07 triệu/m²",,,,Nhà trống,,ha-noi,BÁN NHÀ VÕ THỊ SÁU 41M2 X 4 TẦNG SỔ ĐẸP MẶT NGÕ KINH DOANH ĐỈNH,,"Phố Võ Thị Sáu, Phường Thanh Nhàn, Quận Hai Bà Trưng, Hà NộiXem bản đồ","4,8 tỷ - 41 m2"
38 m²,4 phòng,,Đã có sổ,"Nhà ngõ, hẻm",,38 m²,"117,11 triệu/m²",,,,,,ha-noi,NHÀ HOÀNG QUỐC VIỆT - NGÕ 3 GÁC - LÔ GÓC 2 MẶT NGÕ - GẦN PHỐ,,"Hoàng Quốc Việt, Phường Dịch Vọng, Quận Cầu Giấy, Hà NộiXem bản đồ","4,45 tỷ - 38 m2"
62 m²,3 phòng,3 phòng,,"Nhà ngõ, hẻm",,,"88,71 triệu/m²",Bắc,3,,,,ha-noi,"Bán nhà 62m2 x 3 tầng tại Nguyễn Văn Cừ,giá 5,5 tỷ",,"Nguyễn Văn Cừ, Phường Bồ Đề, Quận Long Biên, Hà NộiXem bản đồ","5,5 tỷ - 62 m2"
34 m²,3 phòng,,Đã có sổ,"Nhà ngõ, hẻm",,,"127,94 triệu/m²",Nam,5,,Nội thất cao cấp,,ha-noi,Bán nhà 34m2 x 5 tầng Kim Mã - Núi Trúc -nhà đẹp -mặt tiền rộng-ở ngay,,"Phố Kim Mã, Phường Kim Mã, Quận Ba Đình, Hà NộiXem bản đồ","4,35 tỷ - 34 m2"
55 m²,7 phòng,Nhiều hơn 6 phòng,Đã có sổ,Nhà phố liền kề,,,"218,18 triệu/m²",Đông Nam,6,,,,ha-noi,"BÁN NHÀ MINH KHAI - HAI BÀ TRƯNG - NHÀ MỚI ,GARA OTO 7 CHỖ ,THANG MÁY",,"Phố Minh Khai, Phường Minh Khai, Quận Hai Bà Trưng, Hà NộiXem bản đồ",12 tỷ - 55 m2
42 m²,4 phòng,3 phòng,Đã có sổ,"Nhà ngõ, hẻm",,,"154,76 triệu/m²",,4,,Nội thất đầy đủ,,ha-noi,Tôi cần bán căn nhà ở Nguyễn An Ninh - Ngay Cầu Khỉ DT 42M2,,"Phố Nguyễn An Ninh, Phường Tương Mai, Quận Hoàng Mai, Hà NộiXem bản đồ","6,5 tỷ - 42 m2"
32 m²,4 phòng,4 phòng,Đã có sổ,"Nhà ngõ, hẻm",,,"70,31 triệu/m²",Tây Bắc,5,,,,ha-noi,"🌟Nhà 4,5 tầng Full nội thất để lại ngõ ô tô",,"Đường Đại Cát, Phường Liên Mạc, Quận Bắc Từ Liêm, Hà NộiXem bản đồ","2,25 tỷ - 32 m2"
40 m²,6 phòng,5 phòng,,"Nhà mặt phố, mặt tiền",4 m,,"287,5 triệu/m²",,5,,,10 m,ha-noi,Phân lô Cầu Giấy 40m2 5 tầng Gara oto giá 11 tỷ 5,,"Trần Quốc Hoàn, Phường Quan Hoa, Quận Cầu Giấy, Hà NộiXem bản đồ","11,5 tỷ - 40 m2"
30 m²,3 phòng,,Đã có sổ,"Nhà ngõ, hẻm",,30 m²,"128,33 triệu/m²",,,,,,ha-noi,✅✅✅Nhà đẹp đón tết 🎇🎇🎇,,"Định Công Hạ, Phường Định Công, Quận Hoàng Mai, Hà NộiXem bản đồ","3,85 tỷ - 30 m2"
38 m²,4 phòng,3 phòng,Đã có sổ,"Nhà ngõ, hẻm",,,"134,21 triệu/m²",,4,,Nội thất cao cấp,,ha-noi,NHÀ ĐẸP HAI BÀ TRƯNG - PHÂN LÔ - Ô TÔ - DT 38M2 - Ở NGAY - NHỈNH 5 TỶ,,"Ngõ Hòa Bình 4, Phường Minh Khai, Quận Hai Bà Trưng, Hà NộiXem bản đồ","5,1 tỷ - 38 m2"
23 m²,4 phòng,,Đã có sổ,"Nhà mặt phố, mặt tiền",,,"163,04 triệu/m²",,5,,,,ha-noi,"Hiếm! Nhà Tây Sơn, ô tô gần, sáng, thoáng, ở ngay 23m2*5T",,"Phố Trung Liệt, Phường Thịnh Quang, Quận Đống Đa, Hà NộiXem bản đồ","3,75 tỷ - 23 m2"
35 m²,3 phòng,,Đã có sổ,"Nhà ngõ, hẻm",5 m,40 m²,"128,57 triệu/m²",,5,,,,ha-noi,"NHÀ ĐẸP DÂN XÂY 10M Ô TÔ TRÁNH ĐỖ,50M RA MẶT PHỐ VẠN PHÚC HÀ ĐÔNG,35M2",,"Trần Văn Chuông, Phường Yết Kiêu, Quận Hà Đông, Hà NộiXem bản đồ","4,5 tỷ - 35 m2"
35 m²,3 phòng,4 phòng,Đã có sổ,"Nhà ngõ, hẻm",,,"157,14 triệu/m²",,5,,Nhà trống,,ha-noi,"HIẾM NHÀ BÁN OTO ĐÕ CỬA, 10M RA OTO TRÁNH, KINH DOANH,DT35M2 CHỈ 5X TỶ",,"Doãn Kế Thiện, Phường Mai Dịch, Quận Cầu Giấy, Hà NộiXem bản đồ","5,5 tỷ - 35 m2"
42 m²,4 phòng,3 phòng,Đã có sổ,"Nhà ngõ, hẻm",,,"123,81 triệu/m²",,4,,Nội thất đầy đủ,,ha-noi,"Bán nhà Lê Đức Thọ, Lô Góc 2 Mặt Thoáng - Ô Tô Đỗ Cửa 42m2 x 4T.",,"Đường Lê Đức Thọ, Phường Mỹ Đình 1, Quận Nam Từ Liêm, Hà NộiXem bản đồ","5,2 tỷ - 42 m2"
32 m²,3 phòng,4 phòng,Đã có sổ,"Nhà ngõ, hẻm",4 m,,"149,38 triệu/m²",,,,Nội thất cao cấp,,ha-noi,"Có 102! Bán nhà Vũ Ngọc Phan, ngõ thông, 50m ra oto, ở ngay, 32m2*5T",,"Phố Vũ Ngọc Phan, Phường Láng Hạ, Quận Đống Đa, Hà NộiXem bản đồ","4,78 tỷ - 32 m2"
