Diện tích đất:,Số phòng ngủ:,Số phòng vệ sinh:,Giấy tờ pháp lý:,Loại hình nhà ở:,Chiều ngang:,Diện tích sử dụng:,Giá/m2:,Hướng cửa chính:,Tổng số tầng:,Đặc điểm nhà/đất:,Tình trạng nội thất:,Chiều dài:,Location,Name,URL,District,Price
45 m²,6 phòng,,Đã có sổ,"Nhà ngõ, hẻm",,,"127,78 triệu/m²",,5,,,,ha-noi,"Tuyệt tác! Láng Hạ sát phố, ngõ rộng 2 thoáng, KD đỉnh, ở ngay 45m2*5T",,"Phố Láng Hạ, Phường Láng Hạ, Quận Đống Đa, Hà NộiXem bản đồ","5,75 tỷ - 45 m2"
43 m²,4 phòng,4 phòng,Đã có sổ,"Nhà ngõ, hẻm",,,"213,95 triệu/m²",,5,,Nội thất đầy đủ,,ha-noi,Bán nhà Trần Quý Cáp 43m2 mặt ngõ to đường oto tránh kinh doanh 9.2 tỷ,,"Trần Quý Cáp, Phường Văn Chương, Quận Đống Đa, Hà NộiXem bản đồ","9,2 tỷ - 43 m2"
45 m²,4 phòng,4 phòng,Đã có sổ,"Nhà ngõ, hẻm",,,"111,11 triệu/m²",,5,,Nội thất đầy đủ,,ha-noi,BÁN NHÀ VỊ TRÍ TRUNG TÂM ĐƯỜNG LÁNG ĐỐNG ĐA HÀ NỘI GIÁ NHỈNH 5 TỶ,,"Láng, Phường Thịnh Quang, Quận Đống Đa, Hà NộiXem bản đồ",5 tỷ - 45 m2
41 m²,8 phòng,6 phòng,Đã có sổ,"Nhà ngõ, hẻm",,,"110,98 triệu/m²",Đông Nam,5,,,,ha-noi,"chính chủ cần bán nhà 162 khương đình, cho thuê dòng tiền ổn đình",,"Khương Đình, Phường Hạ Đình, Quận Thanh Xuân, Hà NộiXem bản đồ","4,55 tỷ - 41 m2"
37.2 m²,3 phòng,2 phòng,,"Nhà ngõ, hẻm",4 m,,"67,2 triệu/m²",,3,,,9.3 m,ha-noi,nhà chính chủ cần bán,,"Bùi Xương Trạch, Phường Khương Đình, Quận Thanh Xuân, Hà NộiXem bản đồ","2,5 tỷ - 37.2 m2"
40 m²,5 phòng,3 phòng,Đã có sổ,"Nhà mặt phố, mặt tiền",,,"162,5 triệu/m²",,5,,Nội thất cao cấp,,ha-noi,"nhà đẹp giáp nhất,mặt ngõ ô tô,nội thất tiền tỷ",,"213 giáp nhất, Phường Khương Đình, Quận Thanh Xuân, Hà NộiXem bản đồ","6,5 tỷ - 40 m2"
47 m²,3 phòng,4 phòng,Đã có sổ,"Nhà ngõ, hẻm",,,"76,6 triệu/m²",,5,,Nội thất cao cấp,,ha-noi,"Ngõ cực to, Mới cứng. Full nội thất. Ở ngay, Cạnh phố",,"Tư Đình, Phường Bồ Đề, Quận Long Biên, Hà NộiXem bản đồ","3,6 tỷ - 47 m2"
48 m²,3 phòng,1 phòng,,"Nhà ngõ, hẻm",,,"59,38 triệu/m²",,,,,,ha-noi,Bán nhà 79 ngõ giếng mứt,,"Phố Bạch Mai, Phường Trương Định, Quận Hai Bà Trưng, Hà NộiXem bản đồ","2,85 tỷ - 48 m2"
29 m²,4 phòng,4 phòng,Đã có sổ,Nhà phố liền kề,35 m,,"120,69 triệu/m²",,5,,,,ha-noi,Bán nhà đẹp mới,,"Đường Tam Trinh, Phường Yên Sở, Quận Hoàng Mai, Hà NộiXem bản đồ","3,5 tỷ - 29 m2"
45.5 m²,2 phòng,,,"Nhà mặt phố, mặt tiền",3.69 m,45.5 m²,"116,48 triệu/m²",,,Nở hậu,,,ha-noi,"NHÀ MẶT TIỀN 45,5 m2 Quận Hoàng Mai. Phố Yên Duyên. Giá chỉ 5,3 tỷ",,"Phố Yên Duyên, Phường Yên Sở, Quận Hoàng Mai, Hà NộiXem bản đồ","5,3 tỷ - 45.5 m2"
45 m²,4 phòng,3 phòng,Đã có sổ,"Nhà ngõ, hẻm",,,"122,22 triệu/m²",Tây,3,,,,ha-noi,"BÁN NHÀ PHỐ MINH KHAI 3 tầng / NHÀ 45m2 /MẶT TIỀN 3,9m /GIÁ 5,5tỷ",,"Phố Minh Khai, Phường Minh Khai, Quận Hai Bà Trưng, Hà NộiXem bản đồ","5,5 tỷ - 45 m2"
50 m²,6 phòng,4 phòng,Đã có sổ,"Nhà ngõ, hẻm",,,180 triệu/m²,Đông,5,,,,ha-noi,"Bán nhà Đào Tấn, Ba Đình: 50m2 x 5 tầng, mặt tiền rộng 4m, giá 9 tỷ",,"Phố Đào Tấn, Phường Cống Vị, Quận Ba Đình, Hà NộiXem bản đồ",9 tỷ - 50 m2
44 m²,3 phòng,,Đã có sổ,"Nhà mặt phố, mặt tiền",,,"454,55 triệu/m²",,,,,,ha-noi,"Chính chủ Bán nhà mặt phố Lý Nam Đế, quận Hoàn Kiếm, TP Hà Nội.",,"Phố Lý Nam Đế, Phường Cửa Đông, Quận Hoàn Kiếm, Hà NộiXem bản đồ",20 tỷ - 44 m2
36 m²,3 phòng,4 phòng,Đã có sổ,"Nhà ngõ, hẻm",8.72 m,,100 triệu/m²,,5,,,,ha-noi,[CHÍNH CHỦ] Cần bán nhà phố Thanh Am,,"Phố Thanh Am, Phường Thượng Thanh, Quận Long Biên, Hà NộiXem bản đồ","3,6 tỷ - 36 m2"
25 m²,3 phòng,3 phòng,Đã có sổ,"Nhà ngõ, hẻm",,,116 triệu/m²,,4,,Nội thất đầy đủ,,ha-noi,Bán Nhà-30m2-4tầng-2tỉ9 LH Lập ***,,"Đường Trương Định, Phường Trương Định, Quận Hai Bà Trưng, Hà NộiXem bản đồ","2,9 tỷ - 25 m2"
53.9 m²,2 phòng,1 phòng,Đã có sổ,"Nhà ngõ, hẻm",,53.9 m²,"89,98 triệu/m²",,,,,,ha-noi,bán nhà cấp 4,,"Đường Kim Giang, Xã Thanh Liệt, Huyện Thanh Trì, Hà NộiXem bản đồ","4,85 tỷ - 53.9 m2"
18 m²,2 phòng,2 phòng,Đã có sổ,"Nhà ngõ, hẻm",,,"105,56 triệu/m²",,4,,Nội thất đầy đủ,,ha-noi,nhà đẹp chính chủ bán nhanh,,"Lệnh Cư Khâm Thiên, Phường Trung Phụng, Quận Đống Đa, Hà NộiXem bản đồ","1,9 tỷ - 18 m2"
50 m²,4 phòng,5 phòng,,"Nhà ngõ, hẻm",,,86 triệu/m²,,,,,,ha-noi,"Bán nhà đẹp ở Mý Đình, 4,4 tỷ, 4 ngủ, 5 vệ sinh khép kín",,"Đường Phú Mỹ, Phường Mỹ Đình 2, Quận Nam Từ Liêm, Hà NộiXem bản đồ","4,3 tỷ - 50 m2"
40 m²,3 phòng,4 phòng,,"Nhà mặt phố, mặt tiền",,,100 triệu/m²,,,,,,ha-noi,"Nhà mặt tiền 40m2 , 3 ngủ , Vạn Phúc , Hà Đông giá công khai 4x tỷ",,"undefined, Phường Vạn Phúc, Quận Hà Đông, Hà NộiXem bản đồ",4 tỷ - 40 m2
42 m²,4 phòng,4 phòng,Đã có sổ,"Nhà ngõ, hẻm",,,"53,81 triệu/m²",Đông Nam,5,,,,ha-noi,Nhà phân lô Biên Giang,,"Ngõ 320 Xuân Phương, Phường Phương Canh, Quận Nam Từ Liêm, Hà NộiXem bản đồ","2,26 tỷ - 42 m2"
50 m²,2 phòng,2 phòng,Đã có sổ,"Nhà mặt phố, mặt tiền",,,137 triệu/m²,Đông,2,,,,ha-noi,"""GẦN ĐẠI SIÊU THỊ AEON MALL, PHÂN LÔ Ô TÔ TRÁNH VỈA HÈ RỘNG.",,"KĐT Dương Nội, Phường Dương Nội, Quận Hà Đông, Hà NộiXem bản đồ","6,85 tỷ - 50 m2"
30 m²,3 phòng,4 phòng,Đã có sổ,"Nhà ngõ, hẻm",,,"113,3 triệu/m²",Tây,4,,,,ha-noi,"Bồ Đề 30m x 4 tầng, ngay hồ 1, sang phố cổ 5p 🚨🚨🚨",,"Đường Nguyễn Văn Cừ, Phường Bồ Đề, Quận Long Biên, Hà NộiXem bản đồ","3,399 tỷ - 30 m2"
44 m²,2 phòng,2 phòng,Giấy tờ khác,"Nhà ngõ, hẻm",3 m,,"22,27 triệu/m²",,,,Nội thất đầy đủ,,ha-noi,"Mình chuyển về quê,cần bán nhà",,"Ngõ  70 Phố Thạch  Cầu Long Biên, Phường Long Biên, Quận Long Biên, Hà NộiXem bản đồ",980 triệu - 44 m2
37.0998 m²,3 phòng,4 phòng,Đã có sổ,"Nhà ngõ, hẻm",,,"117,25 triệu/m²",,4,,Nội thất đầy đủ,,ha-noi,E chính chủ bán nhà ngõ Khâm Đức Trung Phụng Đống Đa,,"Ngõ Khâm Đức, Phường Trung Phụng, Quận Đống Đa, Hà NộiXem bản đồ","4,35 tỷ - 37.0.998 m2"
25 m²,1 phòng,1 phòng,Giấy tờ khác,"Nhà mặt phố, mặt tiền",,25 m²,50 triệu/m²,,,,Nhà trống,,ha-noi,Siêu phẩm nhỏ xinh phố 8/3,,"Phố 8.3, Phường Quỳnh Mai, Quận Hai Bà Trưng, Hà NộiXem bản đồ","1,25 tỷ - 25 m2"
76.0998 m²,3 phòng,,Đã có sổ,"Nhà ngõ, hẻm",,,"89,36 triệu/m²",Đông Nam,3,,Nội thất đầy đủ,,ha-noi,Chính chủ cần bán nhà,,"Dương Văn Bé, Phường Vĩnh Tuy, Quận Hai Bà Trưng, Hà NộiXem bản đồ","6,8 tỷ - 76.0.998 m2"
25 m²,5 phòng,3 phòng,Đã có sổ,"Nhà ngõ, hẻm",35 m,,140 triệu/m²,,5,,,,ha-noi,BÁN NHÀ VÕNG THỊ .NGÕ NÔNG OTO LÝ THUẾT,,"Võng Thị, Phường Thụy Khuê, Quận Tây Hồ, Hà NộiXem bản đồ","3,5 tỷ - 25 m2"
82.5 m²,5 phòng,5 phòng,Đã có sổ,Nhà phố liền kề,5 m,,"175,76 triệu/m²",,,,Bàn giao thô,,ha-noi,Chính chủ cần bán nhanh nhà Liền Kề Văn Khê,,"Khu Liền Kề 23, Phường La Khê, Quận Hà Đông, Hà NộiXem bản đồ","14,5 tỷ - 82.5 m2"
30 m²,3 phòng,3 phòng,Đã có sổ,"Nhà ngõ, hẻm",,,600.000 đ/m²,Đông,3,,,,ha-noi,Bán nhà 3 tầng giá hơn 1tỷ ngay gần Hà Đông,,"Thạch Bích, Xã Bích Hòa, Huyện Thanh Oai, Hà NộiXem bản đồ",18 triệu - 30 m2
43 m²,1 phòng,1 phòng,Đã có sổ,"Nhà ngõ, hẻm",,,"96,51 triệu/m²",Tây Bắc,1,,,,ha-noi,"NHÀ CẤP 4 SẠCH SẼ, NGÕ TRIỀU KHÚC, THANH TRÌ, HÀ NỘI.",,"Ngõ 147, Triều Khúc, Xã Tân Triều, Huyện Thanh Trì, Hà NộiXem bản đồ","4,15 tỷ - 43 m2"
30 m²,3 phòng,3 phòng,Đã có sổ,"Nhà ngõ, hẻm",,,"96,67 triệu/m²",Tây Bắc,3,,,,ha-noi,"Chính chủ cần tiền gấp bán nhà 30m, 3 tầng, ngõ ô tô vào cửa, 2,9 tỷ",,"Ngõ 210 Phố Đức Giang, Phường Thượng Thanh, Quận Long Biên, Hà NộiXem bản đồ","2,9 tỷ - 30 m2"
30 m²,5 phòng,5 phòng,Đã có sổ,"Nhà ngõ, hẻm",4 m,,360 triệu/m²,,5,,,,ha-noi,"Chính chủ bán nhà phố Lý Quốc Sư, DT 30m x 5T, đông khách Tây, giá sốc",,"Lý Quốc Sư, Phường Hàng Trống, Quận Hoàn Kiếm, Hà NộiXem bản đồ","10,8 tỷ - 30 m2"
22 m²,3 phòng,4 phòng,Đã có sổ,"Nhà ngõ, hẻm",,,"159,09 triệu/m²",Đông,4,,,,ha-noi,Bán nhà 4 tầng mới xây 2022 đủ nội thất,,"Đê Tô Hoàng, Phường Cầu Dền, Quận Hai Bà Trưng, Hà NộiXem bản đồ","3,5 tỷ - 22 m2"
90 m²,6 phòng,,,"Nhà mặt phố, mặt tiền",6 m,600 m²,"255,56 triệu/m²",,7,,,,ha-noi,"Bán nhà MẶT PHỐ HOÀNG HOA THÁM 90m,6mt,7t thang máy 23 tỷ",,"Phố Hoàng Hoa Thám, Phường Nguyễn Trãi, Quận Hà Đông, Hà NộiXem bản đồ",23 tỷ - 90 m2
40 m²,4 phòng,3 phòng,Đã có sổ,"Nhà ngõ, hẻm",,,"96,25 triệu/m²",Tây Bắc,5,,,,ha-noi,"Bán nhà Cầu Am, vạn phúc",,"Cầu Am, Phường Vạn Phúc, Quận Hà Đông, Hà NộiXem bản đồ","3,85 tỷ - 40 m2"
94 m²,4 phòng,,,Nhà phố liền kề,,,"134,04 triệu/m²",,4,,,,ha-noi,"BÁN NHÀ LK VĂN PHÚ HÀ ĐÔNG, DT94M2, 4 TẦNG XÂY THÔ, GIÁ CHỈ TỪ 12,6 TỶ",,"Phố Tống Tất Thắng, Phường Phú La, Quận Hà Đông, Hà NộiXem bản đồ","12,6 tỷ - 94 m2"
67 m²,4 phòng,5 phòng,,"Nhà ngõ, hẻm",,,"201,49 triệu/m²",,4,,,,ha-noi,"LK Vũ Phạm Hàm, ô tô tránh, sát mặt phố, Kinh doanh, 67m2 4T,13.5 tỷ",,"Vũ Phạm Hàm, Phường Yên Hoà, Quận Cầu Giấy, Hà NộiXem bản đồ","13,5 tỷ - 67 m2"
48 m²,3 phòng,3 phòng,Đã có sổ,"Nhà ngõ, hẻm",,,"93,75 triệu/m²",,5,,Nội thất đầy đủ,,ha-noi,bán nhà Ngõ 318 Đê La Thành oto đỗ cửa 38m2x4T,,"Ngõ 318 La Thành, Đống Đa, Hà Nội, Phường Ô Chợ Dừa, Quận Đống Đa, Hà NộiXem bản đồ","4,5 tỷ - 48 m2"
51 m²,3 phòng,3 phòng,Đã có sổ,"Nhà ngõ, hẻm",,46 m²,"101,96 triệu/m²",,,Hẻm xe hơi,,,ha-noi,"Nhà 3 tầng, 51m - 3 ngủ - phố Nguyễn Cao, Hai Bà Trưng - 5,2 tỷ",,"Phố Nguyễn Cao, Phường Bạch Đằng, Quận Hai Bà Trưng, Hà NộiXem bản đồ","5,2 tỷ - 51 m2"
34 m²,1 phòng,1 phòng,Đã có sổ,"Nhà mặt phố, mặt tiền",,,"632,35 triệu/m²",Nam,2,,,,ha-noi,Chính chủ bán nhà số 100 mặt phố Chùa Bộc,,"100, Phố Chùa Bộc, Phường Quang Trung, Quận Đống Đa, Hà NộiXem bản đồ","21,5 tỷ - 34 m2"
30 m²,3 phòng,,,"Nhà ngõ, hẻm",3 m,,230 triệu/m²,,,,,10 m,ha-noi,Quận 1 khu vực vip,,"Nguyễn Văn cừ, Phường Nhật Tân, Quận Tây Hồ, Hà NộiXem bản đồ","6,9 tỷ - 30 m2"
270 m²,nhiều hơn 10 phòng,Nhiều hơn 6 phòng,Đã có sổ,,,,"55,56 triệu/m²",Đông Nam,45,,,,ha-noi,bán nhà cao tầng nhiều,,"LK3-4-5, dư dụ, Xã Thanh Thùy, Huyện Thanh Oai, Hà NộiXem bản đồ",15 tỷ - 270 m2
56 m²,5 phòng,5 phòng,Đã có sổ,,,,"248,21 triệu/m²",Tây,3,,,,ha-noi,"BÁN NHÀ MẶT PHỐ YÊN HÒA - 56M 3T MẶT TIỀN RỘNG 5,9M NHỈNH 13 TỶ",,"1, yên hòa, Phường Yên Hoà, Quận Cầu Giấy, Hà NộiXem bản đồ","13,9 tỷ - 56 m2"
200 m²,3 phòng,3 phòng,Đã có sổ,,,,25 triệu/m²,Đông,2,,,,ha-noi,"NHà mặt tiền 200m . 3 phòng ngủ , 3 nhà vs",,"Trung Yên 9, Phường Trung Hoà, Quận Cầu Giấy, Hà NộiXem bản đồ",5 tỷ - 200 m2
75 m²,4 phòng,,Đã có sổ,Nhà phố liền kề,5 m,,"185,33 triệu/m²",,,,Nội thất đầy đủ,,ha-noi,NHÀ SIÊU ĐẸP KHU ĐÔ THỊ VẠN PHÚC - HÀ ĐÔNG - Ô TÔ ĐỖ CỬA 75M2,,"VAN PHÚC HÀ ĐÔNG HÀ NỘI, Phường Vạn Phúc, Quận Hà Đông, Hà NộiXem bản đồ","13,9 tỷ - 75 m2"
44 m²,5 phòng,3 phòng,Đã có sổ,"Nhà ngõ, hẻm",38 m,,"87,5 triệu/m²",,,,Nội thất đầy đủ,,ha-noi,Bán nhà ngõ 148 Xuân Phương,,"Ngõ 148 Đường Xuân Phương, Phường Xuân Phương, Quận Nam Từ Liêm, Hà NộiXem bản đồ","3,85 tỷ - 44 m2"
111 m²,3 phòng,2 phòng,Đã có sổ,"Nhà mặt phố, mặt tiền",,,"32,43 triệu/m²",Tây Bắc,2,,,,ha-noi,Bán nhà Phù Lỗ - Sóc Sơn - sổ sẵn - đường 2 ô tô tránh- gần trường chợ,,"Quốc lộ 286, Xã Phù Lỗ, Huyện Sóc Sơn, Hà NộiXem bản đồ","3,6 tỷ - 111 m2"
30 m²,3 phòng,4 phòng,Đã có sổ,"Nhà ngõ, hẻm",,,"98,33 triệu/m²",Tây Bắc,5,,,,ha-noi,✅ Chỉ hơn 2 tỷ có ngay 1 căn lô góc oto đỗ cửa và kinh doanh,,"Ngõ 39 Đường Kim Hoàng, Xã Vân Canh, Huyện Hoài Đức, Hà NộiXem bản đồ","2,95 tỷ - 30 m2"
40 m²,4 phòng,3 phòng,Đã có sổ,"Nhà ngõ, hẻm",,,"67,5 triệu/m²",Tây Bắc,3,,,,ha-noi,Nhà Dân Xây 40m2 ôtô đỗ cửa Phúc Lợi Tặng Nội Thất,,"Ngõ 193 Phúc Lợi, Phường Phúc Lợi, Quận Long Biên, Hà NộiXem bản đồ","2,7 tỷ - 40 m2"
42 m²,3 phòng,,Đã có sổ,"Nhà mặt phố, mặt tiền",,42 m²,"354,76 triệu/m²",,7,,,,ha-noi,"SIÊU PHẨM NHÀ MẶT PHỐ YÊN HÒA 42.2m2 * 7 TẦNG. 14,9 TỶ| THANG MÁY| KD",,"Phố Yên Hòa, Phường Yên Hoà, Quận Cầu Giấy, Hà NộiXem bản đồ","14,9 tỷ - 42 m2"
90 m²,6 phòng,Nhiều hơn 6 phòng,Đã có sổ,Nhà phố liền kề,,,"161,11 triệu/m²",,5,,Nội thất đầy đủ,,ha-noi,"[CHÍNH CHỦ] 90m2x5T Thang máy, Full Nội Thất , MT 5M ở KDT Văn Phú",,"Lê Trọng Tấn, Phường Phú La, Quận Hà Đông, Hà NộiXem bản đồ","14,5 tỷ - 90 m2"
38 m²,3 phòng,3 phòng,Đã có sổ,"Nhà ngõ, hẻm",,,"90,79 triệu/m²",,4,,Nội thất đầy đủ,,ha-noi,"Bán nhà RIÊNG NAM DƯ, HOÀNG MAI, DT 33/46M ,4 TẦNGSỔ ĐỎ, GIÁ 3,45 TỈ",,"ĐƯỜNG NAM DƯ, Phường Lĩnh Nam, Quận Hoàng Mai, Hà NộiXem bản đồ","3,45 tỷ - 38 m2"
30 m²,3 phòng,3 phòng,Đã có sổ,"Nhà ngõ, hẻm",,,"106,67 triệu/m²",Đông Nam,5,,,,ha-noi,"tổng diện tích 30m2, 1 phòng bếp, 2 phòng khách, 3,4,5 ngủ",,"54, Gõ 250/80 Phan trọng Tuệ, Xã Thanh Liệt, Huyện Thanh Trì, Hà NộiXem bản đồ","3,2 tỷ - 30 m2"
30.7999 m²,1 phòng,1 phòng,Đã có sổ,"Nhà ngõ, hẻm",319 m,,"92,53 triệu/m²",Đông Nam,,,,,ha-noi,"Cần bán nhà cấp 4 , ngõ 72/72 tân ấp ,ba đình, hà nội",,"Tân Ấp ,Ngõ 71/72 P,Phúc Xá ,Bà Đình Hn, Phường Phúc Xá, Quận Ba Đình, Hà NộiXem bản đồ","2,85 tỷ - 30.7.999 m2"
40 m²,3 phòng,3 phòng,Đã có sổ,"Nhà ngõ, hẻm",,,120 triệu/m²,Tây,5,,,,ha-noi,"NHÀ ĐẸP RỘNG,NGÕ THÔNG,NÔNG GẦN NHIỀU TIỆN ÍCH.KHU VỰC VIP NHẤT PHƯỜNG",,"ngọc thụy, Phường Ngọc Thụy, Quận Long Biên, Hà NộiXem bản đồ","4,8 tỷ - 40 m2"
40.2 m²,2 phòng,2 phòng,Đã có sổ,"Nhà ngõ, hẻm",,,"74,38 triệu/m²",,3,,Nội thất đầy đủ,,ha-noi,"Chính chủ bán nhà 52/11/76 phố Gia Quất, DT 46m2, 3 tầng - giá 2.99 tỷ",,"52/11/76, Phố Gia Quất, Phường Thượng Thanh, Quận Long Biên, Hà NộiXem bản đồ","2,99 tỷ - 40.2 m2"
32 m²,3 phòng,2 phòng,Đã có sổ,"Nhà ngõ, hẻm",,,"120,31 triệu/m²",Đông,3,,,,ha-noi,"Bán gấp nhà Phố Khâm Thiên, 32m×3 tầng, nhỉnh 3 tỷ, ***",,"Khâm Thiên, Phường Khâm Thiên, Quận Đống Đa, Hà NộiXem bản đồ","3,85 tỷ - 32 m2"
38 m²,3 phòng,4 phòng,Đã có sổ,"Nhà ngõ, hẻm",,,"118,42 triệu/m²",,3,,Nhà trống,,ha-noi,"Bán nhà riêng, ô tô đỗ cửa tại Doãn Kế Thiện, Cầu Giấy",,"Doãn Kế Thiện, Phường Mai Dịch, Quận Cầu Giấy, Hà NộiXem bản đồ","4,5 tỷ - 38 m2"
35 m²,3 phòng,,Đã có sổ,"Nhà ngõ, hẻm",7 m,,150 triệu/m²,,4,,Nội thất đầy đủ,,ha-noi,SỔ VUÔNG – THỊNH QUANG ĐỐNG ĐA – NHÀ ĐẸP ĐÓN TẾT.,,"Ngõ Thịnh Quang, Phường Thịnh Quang, Quận Đống Đa, Hà NộiXem bản đồ","5,25 tỷ - 35 m2"
50 m²,6 phòng,6 phòng,Đã có sổ,Nhà phố liền kề,,,260 triệu/m²,,7,,Nội thất cao cấp,,ha-noi,CHÍNH CHỈ NHÀ SIÊU ĐẸP NGÔ THÌ NHẬM HÀ ĐÔNG THANG MÁY XỊN SÒ,,"Ngô Thì Nhậm, Phường Hà Cầu, Quận Hà Đông, Hà NộiXem bản đồ",13 tỷ - 50 m2
30 m²,4 phòng,4 phòng,Đã có sổ,"Nhà ngõ, hẻm",,,"143,33 triệu/m²",,5,,Nhà trống,,ha-noi,"NHÀ MỚI 5 TẦNG, DTSD 150m2, mặt ngõ oto, phố Thanh Nhàn, qHai Bà Trưng",,"Phố Thanh Nhàn, Phường Thanh Nhàn, Quận Hai Bà Trưng, Hà NộiXem bản đồ","4,3 tỷ - 30 m2"
35 m²,3 phòng,4 phòng,,"Nhà ngõ, hẻm",,35 m²,"157,14 triệu/m²",,9,Nở hậu,,,ha-noi,"Bán nhà Trần Khát chỉ việc xách vali về ở, 35m giá chỉ nhỉnh 5 tỷ",,"Trần Khát Chân, Phường Thanh Nhàn, Quận Hai Bà Trưng, Hà NộiXem bản đồ","5,5 tỷ - 35 m2"
48 m²,4 phòng,,Đã có sổ,"Nhà mặt phố, mặt tiền",6.5 m,120 m²,"656,25 triệu/m²",,4,,,,ha-noi,"(SIÊU PHẨM) MẶT TIỀN ĐẸP NHẤT PHỐ HÀNG BÚN 48mx4T MT 6,5m GIÁ 31,5 TỈ",,"Phố Hàng Bún, Phường Nguyễn Trung Trực, Quận Ba Đình, Hà NộiXem bản đồ","31,5 tỷ - 48 m2"
44 m²,5 phòng,3 phòng,Đã có sổ,"Nhà ngõ, hẻm",,,"87,5 triệu/m²",,4,,Nhà trống,,ha-noi,Chính chủ bán nhà 44m×4 tầng Xuân Phương,,"Xuân Phương, Phường Phương Canh, Quận Nam Từ Liêm, Hà NộiXem bản đồ","3,85 tỷ - 44 m2"
50 m²,5 phòng,5 phòng,,"Nhà ngõ, hẻm",,,208 triệu/m²,Đông Nam,,,,,ha-noi,"Hàng tuyển Thái Hà 50m2, 6 tầng thang máy, sổ phân lô, ô tô tránh gần",,"Phố Thái Hà, Phường Láng Hạ, Quận Đống Đa, Hà NộiXem bản đồ","10,4 tỷ - 50 m2"
279 m²,5 phòng,,,Nhà biệt thự,,,"150,54 triệu/m²",,,,,,ha-noi,BÁN CĂN BIỆT THỰ ĐƠN LẬP AN LẠC GREEN SYMPHONY,,"Vỹ cầm 7, Xã Vân Canh, Huyện Hoài Đức, Hà NộiXem bản đồ",42 tỷ - 279 m2
30 m²,4 phòng,2 phòng,Đang chờ sổ,,,,60 triệu/m²,Đông Bắc,4,,,,ha-noi,Nhà mới xây còn mới nguyên,,"Ngõ 4 Ngách 3 Cầu Bươu, Xã Tả Thanh Oai, Huyện Thanh Trì, Hà NộiXem bản đồ","1,8 tỷ - 30 m2"
60 m²,3 phòng,2 phòng,Đã có sổ,"Nhà ngõ, hẻm",,,150 triệu/m²,,3,,,,ha-noi,"Nhà ngõ rộng kinh doanh tốt, vài bước là ra mặt phố đường đôi Tân Mai",,"Tân Mai, Phường Tân Mai, Quận Hoàng Mai, Hà NộiXem bản đồ",9 tỷ - 60 m2
45 m²,4 phòng,4 phòng,Đã có sổ,"Nhà ngõ, hẻm",,,"65,56 triệu/m²",Đông Nam,4,,,,ha-noi,"Nhà đẹp phố Thanh Am, 45m2 4 tầng 2,95 tỷ. Chủ đang rất cần bán.",,"Phố Thanh Am, Phường Thượng Thanh, Quận Long Biên, Hà NộiXem bản đồ","2,95 tỷ - 45 m2"
100 m²,7 phòng,,Đã có sổ,"Nhà mặt phố, mặt tiền",,500 m²,220 triệu/m²,,5,,Nội thất đầy đủ,,ha-noi,"Bán nhà 100m2 mặt đường Phạm Văn Đồng, Hà Nội (bệnh viện Medlatec)",,"366, Đường Phạm Văn Đồng, Phường Cổ Nhuế 2, Quận Bắc Từ Liêm, Hà NộiXem bản đồ",22 tỷ - 100 m2
100 m²,6 phòng,5 phòng,Đã có sổ,"Nhà mặt phố, mặt tiền",,,220 triệu/m²,,5,,Nội thất đầy đủ,,ha-noi,"Bán nhà 100m2 mặt đường 366 Phạm Văn Đồng, Hà Nội (bệnh viện Medlatec)",,"Đường Phạm Văn Đồng, Phường Cổ Nhuế 2, Quận Bắc Từ Liêm, Hà NộiXem bản đồ",22 tỷ - 100 m2
60 m²,9 phòng,Nhiều hơn 6 phòng,Đã có sổ,"Nhà ngõ, hẻm",,,100 triệu/m²,,6,,Nội thất đầy đủ,,ha-noi,"Tin được không! Xuân Đỉnh, ngõ 3 gác. CCMN- gà đẻ trứng vàng, 60m2*6T",,"Xuân Đỉnh, Phường Xuân Đỉnh, Quận Bắc Từ Liêm, Hà NộiXem bản đồ",6 tỷ - 60 m2
85 m²,4 phòng,4 phòng,Đã có sổ,"Nhà mặt phố, mặt tiền",,,"529,41 triệu/m²",Tây Bắc,5,,,,ha-noi,Chính chủ cần bán nhà mặt phố Khâm Thiên,,"Phố Khâm Thiên, Phường Thổ Quan, Quận Đống Đa, Hà NộiXem bản đồ",45 tỷ - 85 m2
42 m²,nhiều hơn 10 phòng,Nhiều hơn 6 phòng,,"Nhà ngõ, hẻm",,42 m²,"266,67 triệu/m²",,7,,,,ha-noi,Bán nhà Ngõ 130 Xuân Thuỷ nhắn tin zalo,,"Xuân Thuỷ, Phường Dịch Vọng Hậu, Quận Cầu Giấy, Hà NộiXem bản đồ","11,2 tỷ - 42 m2"
38 m²,3 phòng,4 phòng,Đã có sổ,"Nhà ngõ, hẻm",,,"114,47 triệu/m²",,4,,Nội thất đầy đủ,,ha-noi,"Trung tâm Quận Đống Đa,40m*4 tầng*3 ngủ,full nội thất,ở sướng",,"Ngõ Khâm Đức, Phường Trung Phụng, Quận Đống Đa, Hà NộiXem bản đồ","4,35 tỷ - 38 m2"
45 m²,3 phòng,4 phòng,,"Nhà ngõ, hẻm",,,"122,22 triệu/m²",,5,,,,ha-noi,Bán nhà đường Nguyễn Chính Hoàng Mai 45mx5 tầng Lô góc SIÊU ĐẸP,,"Ngách 143/34 Nguyễn Chính, Phường Thịnh Liệt, Quận Hoàng Mai, Hà NộiXem bản đồ","5,5 tỷ - 45 m2"
34 m²,4 phòng,,,"Nhà ngõ, hẻm",,,"205,88 triệu/m²",,,,,,ha-noi,Lô nhà mới 6 tầng thang máy- Tây Hồ,,"số 2, Phường Quảng An, Quận Tây Hồ, Hà NộiXem bản đồ",7 tỷ - 34 m2
53 m²,3 phòng,5 phòng,Đã có sổ,"Nhà ngõ, hẻm",,,"218,87 triệu/m²",Tây Nam,7,,,,ha-noi,NHÀ ĐẸP NGÕ PHỐ THUỴ KHUÊ,,"Phố Thuỵ Khuê, Phường Bưởi, Quận Tây Hồ, Thành Phố Hà Nội, Phường Bưởi, Quận Tây Hồ, Hà NộiXem bản đồ","11,6 tỷ - 53 m2"
68 m²,3 phòng,,Đã có sổ,,,,"85,29 triệu/m²",Đông Nam,1,,,,ha-noi,Nhà mặt phố,,"Mạc Xá, Phường Liên Mạc, Quận Bắc Từ Liêm, Hà NộiXem bản đồ","5,8 tỷ - 68 m2"
54 m²,4 phòng,3 phòng,Đã có sổ,"Nhà ngõ, hẻm",,,"92,59 triệu/m²",Tây Nam,4,,,,ha-noi,"nhà mặt tiền 4,5m đường Minh Khai gần cầu Vĩnh Tuy",,"Ngõ 624 Minh Khai, Phường Vĩnh Tuy, Quận Hai Bà Trưng, Hà NộiXem bản đồ",5 tỷ - 54 m2
56 m²,1 phòng,1 phòng,,"Nhà ngõ, hẻm",,80 m²,"26,79 triệu/m²",Đông Bắc,2,,,,ha-noi,"Nhà ở gần trường mầm non, cấp 1,2 gần chợ miêu Nha",,"05, Phố Miêu Nha, Phường Tây Mỗ, Quận Nam Từ Liêm, Hà NộiXem bản đồ","1,5 tỷ - 56 m2"
31 m²,3 phòng,,,"Nhà ngõ, hẻm",5 m,31 m²,"209,68 triệu/m²",Tây Bắc,,Hẻm xe hơi,,,ha-noi,Nhà đẹp giá rẻ,,"Hoàng Văn Thái, Phường Khương Trung, Quận Thanh Xuân, Hà NộiXem bản đồ","6,5 tỷ - 31 m2"
120 m²,5 phòng,6 phòng,Đã có sổ,Nhà biệt thự,,,"191,67 triệu/m²",,4,,Nội thất cao cấp,,ha-noi,"Bán nhà biệt thự An Dương Vương, Tây Hồ 120m2, ngõ ô tô giá 23 tỷ",,"An Dương Vương , Phường Phú Thượng, Quận Tây Hồ, Hà NộiXem bản đồ",23 tỷ - 120 m2
68 m²,3 phòng,,Đã có sổ,"Nhà ngõ, hẻm",,,"95,59 triệu/m²",,,,Nhà trống,,ha-noi,""" Hiếm"" Nhà Đình Thôn, ô tô vào nhà ,mới thoáng, nội thất đầy đủ, 68m.",,"Đình Thôn, Phường Mỹ Đình 1, Quận Nam Từ Liêm, Hà NộiXem bản đồ","6,5 tỷ - 68 m2"
35 m²,8 phòng,4 phòng,Đã có sổ,"Nhà ngõ, hẻm",,,"137,14 triệu/m²",Tây,5,,,,ha-noi,Cần bán nhà 5 tầng 1 tum ngõ 401/68 Xuân Đỉnh đang cho thuê 7 phòng,,"Đường Tân Xuân, Phường Xuân Đỉnh, Quận Bắc Từ Liêm, Hà NộiXem bản đồ","4,8 tỷ - 35 m2"
62 m²,5 phòng,4 phòng,Đã có sổ,"Nhà ngõ, hẻm",,,"169,35 triệu/m²",Tây Nam,5,,,,ha-noi,CHính Chủ muốn bán Nhà 62m Xây hiện đại kiên cố Tại 394 Mỹ Đình,,"Ngách 16 Ngõ 394 Đường Mỹ Đình, Phường Mỹ Đình 1, Quận Nam Từ Liêm, Hà NộiXem bản đồ","10,5 tỷ - 62 m2"
30 m²,3 phòng,3 phòng,,"Nhà mặt phố, mặt tiền",,30 m²,"128,33 triệu/m²",,,,,,ha-noi,"Tôi cần bán nhà riêng Bạch Mai Hai bà Trưng 30m4t giá 3, 85tỷ",,"Ngõ 402 Bạch Mai, Phường Bạch Mai, Quận Hai Bà Trưng, Hà NộiXem bản đồ","3,85 tỷ - 30 m2"
120 m²,4 phòng,2 phòng,Đã có sổ,"Nhà ngõ, hẻm",,,100 triệu/m²,Đông,3,,,,ha-noi,"Tôi cần bán gấp nhà số 27, ngõ 306, diện tích 120m",,"Xuân đỉnh, Phường Xuân Đỉnh, Quận Bắc Từ Liêm, Hà NộiXem bản đồ",12 tỷ - 120 m2
42 m²,3 phòng,2 phòng,Đã có sổ,"Nhà mặt phố, mặt tiền",,,"52,38 triệu/m²",,4,,Nhà trống,,ha-noi,"Bán nhà 3 tầng ngay cầu Đông Trù tại Mai Lâm – Đông Anh, giá 2.x tỷ",,"Mai Lâm, Xã Mai Lâm, Huyện Đông Anh, Hà NộiXem bản đồ","2,2 tỷ - 42 m2"
34 m²,3 phòng,2 phòng,Đã có sổ,"Nhà mặt phố, mặt tiền",,,"45,59 triệu/m²",,3,,Nhà trống,,ha-noi,nhà ở mới xây 34m2 3 phòng ngủ tại Chương Mỹ,,"Phương Nghĩa, Xã Phụng Châu, Huyện Chương Mỹ, Hà NộiXem bản đồ","1,55 tỷ - 34 m2"
80 m²,4 phòng,4 phòng,Đã có sổ,"Nhà mặt phố, mặt tiền",,,"356,25 triệu/m²",Bắc,5,,,,ha-noi,"Nhà ở, mặt phố Phương Mai, chính chủ bán",,"73 b, Đường Phương Mai, Phường Phương Mai, Quận Đống Đa, Hà NộiXem bản đồ","28,5 tỷ - 80 m2"
25 m²,3 phòng,3 phòng,Đã có sổ,"Nhà mặt phố, mặt tiền",,,168 triệu/m²,Tây,5,,,,ha-noi,"Chính Chủ! Mặt Phố Ngô Sỹ Liên, Lô góc, 5 tầng, kinh doanh giá 4,2 tỷ.",,"Phố Ngô Sĩ Liên, Phường Văn Miếu, Quận Đống Đa, Hà NộiXem bản đồ","4,2 tỷ - 25 m2"
40.2 m²,2 phòng,,,"Nhà mặt phố, mặt tiền",,,"203,98 triệu/m²",Đông,1,,,,ha-noi,Bán nhà TDC Mặt Phố Phạm Khắc Quảng,,"Phạm Khắc Quảng, Phường Giang Biên, Quận Long Biên, Hà NộiXem bản đồ","8,2 tỷ - 40.2 m2"
30 m²,3 phòng,3 phòng,Đã có sổ,,,,"113,33 triệu/m²",Đông Bắc,5,,,,ha-noi,"Chỉ 3.4 tỷ có nhà 5 t, ngõ nông, mt: 4m, tặng nội thất - P. Long biên",,"Phố Đàm Quang Trung, Phường Long Biên, Quận Long Biên, Hà NộiXem bản đồ","3,4 tỷ - 30 m2"
44 m²,4 phòng,,Đã có sổ,"Nhà mặt phố, mặt tiền",,,"181,82 triệu/m²",,,,Nội thất đầy đủ,,ha-noi,PHÂN LÔ Ô TÔ VÀO NHÀ - NHÀ MỚI Ở - TỔNG 4 PHÒNG NGỦ,,"Nguyễn Quý Đức, Phường Thanh Xuân Bắc, Quận Thanh Xuân, Hà NộiXem bản đồ",8 tỷ - 44 m2
67 m²,4 phòng,3 phòng,Đã có sổ,"Nhà ngõ, hẻm",,,"82,09 triệu/m²",Nam,3,,,,ha-noi,"Bán nhà 3 tầng, 67m2 tại ngõ 72 đường Cầu Noi phường Cổ Nhuế 2",,"Cầu Noi, Phường Cổ Nhuế 2, Quận Bắc Từ Liêm, Hà NộiXem bản đồ","5,5 tỷ - 67 m2"
52.2 m²,4 phòng,,,"Nhà ngõ, hẻm",,,"121,65 triệu/m²",,,,,,ha-noi,"Bán nhà Đội Cấn 52,2m 4 tầng 4PN 6,35 tỷ",,"Phố Đội Cấn, Phường Vĩnh Phúc, Quận Ba Đình, Hà NộiXem bản đồ","6,35 tỷ - 52.2 m2"
22 m²,2 phòng,2 phòng,Đã có sổ,"Nhà ngõ, hẻm",,,"122,73 triệu/m²",Đông Bắc,4,,,,ha-noi,Cần bán gấp,,"Ngõ 73, Phường Phúc Xá, Quận Ba Đình, Hà NộiXem bản đồ","2,7 tỷ - 22 m2"
45 m²,4 phòng,4 phòng,Đã có sổ,"Nhà ngõ, hẻm",,45 m²,"108,89 triệu/m²",,2,,,,ha-noi,"Bán nhà 5 tầng mới Nguyễn Văn Cừ, Long Biên, Hà nội, giá 4,9 tỷ có TL",,"Nguyễn Văn Cừ, Phường Việt Hưng, Quận Long Biên, Hà NộiXem bản đồ","4,9 tỷ - 45 m2"
53 m²,5 phòng,4 phòng,Đã có sổ,"Nhà ngõ, hẻm",,,"137,74 triệu/m²",Tây Nam,4,,,,ha-noi,"Chính chủ bán nhà ngõ 9 Võ Chí Công, Nghĩa Đô, Cầu Giấy, Hà Nội",,"Ngõ 9, Võ Chí Công, Phường Nghĩa Đô, Quận Cầu Giấy, Hà NộiXem bản đồ","7,3 tỷ - 53 m2"
