Diện tích đất:,Số phòng ngủ:,Số phòng vệ sinh:,Giấy tờ pháp lý:,Loại hình nhà ở:,Chiều ngang:,Diện tích sử dụng:,Giá/m2:,Hướng cửa chính:,Tổng số tầng:,Đặc điểm nhà/đất:,Tình trạng nội thất:,Chiều dài:,Location,Name,URL,District,Price
59 m²,6 phòng,5 phòng,Đã có sổ,"Nhà ngõ, hẻm",,,"222,03 triệu/m²",,5,,Nhà trống,,ha-noi,13.1 TỶ - TÔ VĨNH DIỆN - NGÕ RỘNG OTO TRÁNH - VỈA HÈ - KINH DOANH TỐT.,,"Tô Vĩnh Diện, Phường Khương Mai, Quận Thanh Xuân, Hà NộiXem bản đồ","13,1 tỷ - 59 m2"
41 m²,5 phòng,5 phòng,Đang chờ sổ,"Nhà mặt phố, mặt tiền",,,"365,85 triệu/m²",,5,,Nội thất đầy đủ,,ha-noi,15 TỶ - HOÀNG VĂN THÁI - MẶT TIỀN RỘNG - KINH DOANH ĐỈNH.,,"Hoàng Văn Thái, Phường Khương Mai, Quận Thanh Xuân, Hà NộiXem bản đồ",15 tỷ - 41 m2
49 m²,6 phòng,,Đã có sổ,"Nhà mặt phố, mặt tiền",5 m,,"244,9 triệu/m²",,3,,Nhà trống,,ha-noi,12 TỶ - TRỊNH ĐÌNH CỬU - MẶT TIỀN RỘNG - KINH DOANH CỰC TỐT.,,"Phố Trịnh Đình Cửu, Phường Định Công, Quận Hoàng Mai, Hà NộiXem bản đồ",12 tỷ - 49 m2
80 m²,6 phòng,,Đã có sổ,"Nhà ngõ, hẻm",5 m,,210 triệu/m²,,4,,Nhà trống,,ha-noi,16.8 TỶ - NGÕ PHÂN LÔ OTO TRÁNH - Ở SƯỚNG - HOÀNG VĂN THÁI.,,"Hoàng Văn Thái, Phường Khương Mai, Quận Thanh Xuân, Hà NộiXem bản đồ","16,8 tỷ - 80 m2"
104 m²,4 phòng,5 phòng,Đã có sổ,"Nhà mặt phố, mặt tiền",,,"230,77 triệu/m²",,5,,Nội thất đầy đủ,,ha-noi,24 TỶ - MẶT PHỐ TÔ VĨNH DIỆN - MẶT TIỀN RỘNG - KINH DOANH SẦM UẤT.,,"Tô Vĩnh Diện, Phường Khương Mai, Quận Thanh Xuân, Hà NộiXem bản đồ",24 tỷ - 104 m2
55 m²,9 phòng,5 phòng,,"Nhà ngõ, hẻm",,55 m²,"323,64 triệu/m²",,,,Nội thất cao cấp,,ha-noi,"Bán nhà thiết kế hiện đại, 6 tầng thang máy, 17.8 tỷ, Lê Trọng Tấn",,"Lê trọng tấn, Phường Khương Mai, Quận Thanh Xuân, Hà NộiXem bản đồ","17,8 tỷ - 55 m2"
50 m²,4 phòng,4 phòng,Đã có sổ,"Nhà ngõ, hẻm",,,"199,98 triệu/m²",,5,,Nội thất cao cấp,,ha-noi,"CẦU GIẤY- BÁN NHÀ 50M2 5T MẶT NGÕ , Ô TÔ VÀO NHÀ , NỘI THẤT CAO CẤP",,"nguyễn văn huyên , Phường Dịch Vọng Hậu, Quận Cầu Giấy, Hà NộiXem bản đồ","9,999 tỷ - 50 m2"
35 m²,4 phòng,3 phòng,Đã có sổ,"Nhà ngõ, hẻm",,,"52,86 triệu/m²",,3,,Nội thất đầy đủ,,ha-noi,1.85tỷ sở hữu nhà 3T- DT34m-Phố Vĩnh Hưng-Hoàng Mai-Có sổ đỏ-Ngõ ôtô,,"Phố Vĩnh Hưng, Phường Vĩnh Hưng, Quận Hoàng Mai, Hà NộiXem bản đồ","1,85 tỷ - 35 m2"
58 m²,4 phòng,,,"Nhà ngõ, hẻm",4.5998 m,58 m²,"81,03 triệu/m²",,4,Hẻm xe hơi,,,ha-noi,"Bán nhà phố Định Công Thượng - Hoàng Mai 58m, 4 tầng. Giá: 4.7 tỷ",,"Ngõ 18 Định Công Thượng, Phường Định Công, Quận Hoàng Mai, Hà NộiXem bản đồ","4,7 tỷ - 58 m2"
34 m²,3 phòng,,,"Nhà mặt phố, mặt tiền",,,"72,06 triệu/m²",,,,,,ha-noi,🦧Ngõ thông gần cầu Hữu Hoà 🦧34m2 xây cẩn thận chỉ hơn 2 tỷ 4,,"Xóm Cầu, Xã Hữu Hoà, Huyện Thanh Trì, Hà NộiXem bản đồ","2,45 tỷ - 34 m2"
324 m²,5 phòng,,Đã có sổ,Nhà biệt thự,,,"174,69 triệu/m²",Đông Nam,4,,,,ha-noi,Đơn lập góc Hải Âu 324m2 View công viên giá 56.6 tỷ Vin Gia Lâm,,"Hải Âu, Xã Kiêu Kỵ, Huyện Gia Lâm, Hà NộiXem bản đồ","56,6 tỷ - 324 m2"
328 m²,4 phòng,,,Nhà biệt thự,21.5 m,,"193,6 triệu/m²",Đông Bắc,4,,Nội thất cao cấp,,ha-noi,Biệt thự nhà vườn 328m2 hoàn thiện cao cấp giá 63.5 tỷ tại Vin Gia Lâm,,"Sao Biển, Xã Dương Xá, Huyện Gia Lâm, Hà NộiXem bản đồ","63,5 tỷ - 328 m2"
40 m²,3 phòng,5 phòng,Đã có sổ,"Nhà ngõ, hẻm",,,215 triệu/m²,,6,,Nội thất đầy đủ,,ha-noi,Phân lô 7.2Ha Ba Đình - Bán nhà mới 6 tầng thang máy - Hơn 8 tỷ,,"Đường Hoàng Hoa Thám, Phường Vĩnh Phúc, Quận Ba Đình, Hà NộiXem bản đồ","8,6 tỷ - 40 m2"
70.8 m²,5 phòng,,,Nhà phố liền kề,5.9 m,,"251,41 triệu/m²",Đông Nam,5,,Bàn giao thô,,ha-noi,Liền kề khu khép kín Ngọc đảo nhỏ Trai xây lớn 17.8 tỷ Vin Gia Lâm,,"Ngọc Trai 6, Xã Đa Tốn, Huyện Gia Lâm, Hà NộiXem bản đồ","17,8 tỷ - 70.8 m2"
65 m²,5 phòng,,Đã có sổ,Nhà phố liền kề,,,300 triệu/m²,,,,,,ha-noi,"1 căn ***, The Terra An Hưng, Kinh doanh ngày đêm, ô thang máy",,"Tố Hữu, Phường La Khê, Quận Hà Đông, Hà NộiXem bản đồ","19,5 tỷ - 65 m2"
40 m²,5 phòng,4 phòng,Đã có sổ,"Nhà ngõ, hẻm",,,105 triệu/m²,,,,,,ha-noi,NHÀ ĐẸP ĐÒN TẾT - ĐẠI ĐỒNG - VĨNH HƯNG 40M2 - PULL 5 TẦNG - 5 PHÒNG NG,,"Đại Đồng, Phường Vĩnh Hưng, Quận Hoàng Mai, Hà NộiXem bản đồ","4,2 tỷ - 40 m2"
39 m²,4 phòng,3 phòng,Đã có sổ,"Nhà ngõ, hẻm",,,"113,85 triệu/m²",,4,,Nội thất đầy đủ,,ha-noi,"Xuân đến! TRUNG PHỤNG,dân xây nhà đẹp ở luôn,ngõ thông gần phố. 39m*4T",,"Phố Trung Phụng, Phường Trung Phụng, Quận Đống Đa, Hà NộiXem bản đồ","4,44 tỷ - 39 m2"
40 m²,3 phòng,,Đã có sổ,"Nhà ngõ, hẻm",4 m,40 m²,"117,5 triệu/m²",,4,,,,ha-noi,"BÁn nhà Định Công Thượng, Hoàng Mai 40m, 4 tầng. Giá: 4.7 tỷ",," Định Công Thượng, Phường Định Công, Quận Hoàng Mai, Hà NộiXem bản đồ","4,7 tỷ - 40 m2"
48 m²,5 phòng,6 phòng,Đã có sổ,"Nhà ngõ, hẻm",,,125 triệu/m²,,5,,Nội thất đầy đủ,,ha-noi,BÁN NHÀ-MỸ ĐÌNH- 48m2 x 5 tầng-NGÕ THÔNG-LÔ GÓC-GẦN PHỐ-CHỈ HƠN 6 TỶ .,,"Phố Nguyễn Hoàng, Phường Mỹ Đình 2, Quận Nam Từ Liêm, Hà NộiXem bản đồ",6 tỷ - 48 m2
52 m²,4 phòng,4 phòng,Đã có sổ,"Nhà mặt phố, mặt tiền",,,"134,62 triệu/m²",,6,,Nội thất cao cấp,,ha-noi,"Nhà Ngọc Thuỵ 52m2-6T thang máy, gara ô tô, 7.2 tỷ",,"Ngọc Thụy, Phường Ngọc Thụy, Quận Long Biên, Hà NộiXem bản đồ",7 tỷ - 52 m2
65 m²,5 phòng,,Đã có sổ,Nhà phố liền kề,,,300 triệu/m²,,,,,,ha-noi,"1 căn ***, The Terra An Hưng, Kinh doanh ngày đêm, ô thang máy",,"Tố Hữu, Phường La Khê, Quận Hà Đông, Hà NộiXem bản đồ","19,5 tỷ - 65 m2"
40 m²,5 phòng,4 phòng,Đã có sổ,"Nhà ngõ, hẻm",,,105 triệu/m²,,,,,,ha-noi,NHÀ ĐẸP ĐÒN TẾT - ĐẠI ĐỒNG - VĨNH HƯNG 40M2 - PULL 5 TẦNG - 5 PHÒNG NG,,"Đại Đồng, Phường Vĩnh Hưng, Quận Hoàng Mai, Hà NộiXem bản đồ","4,2 tỷ - 40 m2"
39 m²,4 phòng,3 phòng,Đã có sổ,"Nhà ngõ, hẻm",,,"113,85 triệu/m²",,4,,Nội thất đầy đủ,,ha-noi,"Xuân đến! TRUNG PHỤNG,dân xây nhà đẹp ở luôn,ngõ thông gần phố. 39m*4T",,"Phố Trung Phụng, Phường Trung Phụng, Quận Đống Đa, Hà NộiXem bản đồ","4,44 tỷ - 39 m2"
40 m²,3 phòng,,Đã có sổ,"Nhà ngõ, hẻm",4 m,40 m²,"117,5 triệu/m²",,4,,,,ha-noi,"BÁn nhà Định Công Thượng, Hoàng Mai 40m, 4 tầng. Giá: 4.7 tỷ",," Định Công Thượng, Phường Định Công, Quận Hoàng Mai, Hà NộiXem bản đồ","4,7 tỷ - 40 m2"
48 m²,5 phòng,6 phòng,Đã có sổ,"Nhà ngõ, hẻm",,,125 triệu/m²,,5,,Nội thất đầy đủ,,ha-noi,BÁN NHÀ-MỸ ĐÌNH- 48m2 x 5 tầng-NGÕ THÔNG-LÔ GÓC-GẦN PHỐ-CHỈ HƠN 6 TỶ .,,"Phố Nguyễn Hoàng, Phường Mỹ Đình 2, Quận Nam Từ Liêm, Hà NộiXem bản đồ",6 tỷ - 48 m2
52 m²,4 phòng,4 phòng,Đã có sổ,"Nhà mặt phố, mặt tiền",,,"134,62 triệu/m²",,6,,Nội thất cao cấp,,ha-noi,"Nhà Ngọc Thuỵ 52m2-6T thang máy, gara ô tô, 7.2 tỷ",,"Ngọc Thụy, Phường Ngọc Thụy, Quận Long Biên, Hà NộiXem bản đồ",7 tỷ - 52 m2
45 m²,5 phòng,3 phòng,Đã có sổ,"Nhà mặt phố, mặt tiền",,,110 triệu/m²,,4,,Nội thất cao cấp,,ha-noi,"Bán nhà Ngọc thuỵ 45m2-5T, ô tô tránh, 4.95 tỷ",,"Ngọc Thụy, Phường Ngọc Thụy, Quận Long Biên, Hà NộiXem bản đồ","4,95 tỷ - 45 m2"
32 m²,4 phòng,3 phòng,,"Nhà ngõ, hẻm",,32 m²,"140,63 triệu/m²",,4,Hẻm xe hơi,,,ha-noi,"Bán nhà 4 tầng Nguyễn Khang: 32m, giá 4.5 tỷ",,"Đường Nguyễn Khang, Phường Yên Hoà, Quận Cầu Giấy, Hà NộiXem bản đồ","4,5 tỷ - 32 m2"
30 m²,3 phòng,3 phòng,Đã có sổ,"Nhà ngõ, hẻm",,,140 triệu/m²,,5,,Nội thất cao cấp,,ha-noi,"Bán nhà 5 tầng Lê Đức Thọ Mỹ Đình: 30m, giá 4.5 tỷ",,"Đường Lê Đức Thọ, Phường Mỹ Đình 1, Quận Nam Từ Liêm, Hà NộiXem bản đồ","4,2 tỷ - 30 m2"
33 m²,3 phòng,3 phòng,Đã có sổ,"Nhà ngõ, hẻm",,,"110,61 triệu/m²",,4,,Nội thất đầy đủ,,ha-noi,HÀNG F0 - DÂN XÂY KIÊN CỐ - NGÕ THÔNG - KINH DOANH - MẶT TIỀN RỘNG.,,"Phố Mậu Lương, Phường Kiến Hưng, Quận Hà Đông, Hà NộiXem bản đồ","3,65 tỷ - 33 m2"
33 m²,4 phòng,,Đã có sổ,"Nhà ngõ, hẻm",,33 m²,"90,91 triệu/m²",,5,,,,ha-noi,Nhà đẹp mới koong 33M2 x 5 TẦNG Nhà Đại Đồng,,"Thanh Đàm, Phường Thanh Trì, Quận Hoàng Mai, Hà NộiXem bản đồ",3 tỷ - 33 m2
51 m²,3 phòng,4 phòng,Đã có sổ,"Nhà ngõ, hẻm",,,"174,51 triệu/m²",,5,,Nội thất cao cấp,,ha-noi,"Nhà mới thang máy, gần phố, an sinh đỉnh, 51m 5 Tầng Mặt tiền 6m",,"Đường Văn Cao, Phường Liễu Giai, Quận Ba Đình, Hà NộiXem bản đồ","8,9 tỷ - 51 m2"
60 m²,4 phòng,5 phòng,Đã có sổ,"Nhà ngõ, hẻm",,,"116,67 triệu/m²",,4,,Nội thất cao cấp,,ha-noi,"NGUYỄN TRÃI PHỐ, #ĐỐNGĐAQUẬN, liền #THANHXUÂNQUẬN 📣NHÀ DÂN XÂY MỚI 💯",,"Đường Láng, Phường Ngã Tư Sở, Quận Đống Đa, Hà NộiXem bản đồ",7 tỷ - 60 m2
40 m²,4 phòng,4 phòng,Đã có sổ,"Nhà ngõ, hẻm",,,"172,5 triệu/m²",,4,,Nội thất cao cấp,,ha-noi,"XÃ ĐÀN PHỐ, #ĐỐNGĐAQUẬN, cạnh #HAIBÀTRƯNGQUẬN NHÀ MỚI ĐẸP TẶNG FULL",,"Phố Xã Đàn, Phường Nam Đồng, Quận Đống Đa, Hà NộiXem bản đồ","6,9 tỷ - 40 m2"
50 m²,2 phòng,2 phòng,Đã có sổ,"Nhà ngõ, hẻm",,,89 triệu/m²,Đông Bắc,2,,,,ha-noi,"DƯỚI 100TR/M2-NGUYỄN LƯƠNG BĂNG-ĐỐNG ĐA- BÁN GẤP-50M2-4,5 TỶ-1 NGOẶT",,"nguyễn lương bằng, Phường Thịnh Quang, Quận Đống Đa, Hà NộiXem bản đồ","4,45 tỷ - 50 m2"
42 m²,4 phòng,,Đã có sổ,"Nhà ngõ, hẻm",,,"79,76 triệu/m²",,,,Nội thất đầy đủ,,ha-noi,⛔️👉 NHÀ DÂN XÂY MỚI ĐẸP HIỆN ĐẠI TẠI CƯƠNG NGÔ TỨ HIỆP THANH TRÌ,,"Cương Ngô Tứ Hiệp, Xã Tứ Hiệp, Huyện Thanh Trì, Hà NộiXem bản đồ","3,35 tỷ - 42 m2"
30 m²,3 phòng,,Đã có sổ,"Nhà ngõ, hẻm",,,100 triệu/m²,,,,,,ha-noi,"Hơn 3 tỷ,nhà đẹp ở luôn 20m ra phố, Lê Thanh Nghị Hai Bà Trưng 30m, 4T",,"Phố Lê Thanh Nghị, Phường Cầu Dền, Quận Hai Bà Trưng, Hà NộiXem bản đồ",3 tỷ - 30 m2
35 m²,4 phòng,4 phòng,,"Nhà ngõ, hẻm",,,"77,14 triệu/m²",Đông Nam,5,,Nhà trống,,ha-noi,"Bán Nhà Quận Hoàng Mai 5Tang giá 2,7ty",,"hoàng mai, Phường Yên Sở, Quận Hoàng Mai, Hà NộiXem bản đồ","2,7 tỷ - 35 m2"
35 m²,2 phòng,2 phòng,Đã có sổ,"Nhà mặt phố, mặt tiền",,,"71,43 triệu/m²",Đông Nam,2,,,,ha-noi,HÀNG TỐT- PHỐ ĐỊNH CÔNG GIÁ 2.5TY thiết kế đẹp ba gác đỗ cửa,,"Phố Định Công, Phường Định Công, Quận Hoàng Mai, Hà NộiXem bản đồ","2,5 tỷ - 35 m2"
30 m²,2 phòng,3 phòng,Đã có sổ,"Nhà ngõ, hẻm",,,"96,67 triệu/m²",Đông Nam,4,,,,ha-noi,"Nhà đẹp 30m2 ngay chợ Đại Từ, gần hồ linh đàm nở hậu",,"Phố Đại Từ, Phường Đại Kim, Quận Hoàng Mai, Hà NộiXem bản đồ","2,9 tỷ - 30 m2"
48 m²,5 phòng,6 phòng,Đã có sổ,"Nhà ngõ, hẻm",,,125 triệu/m²,,5,,Nội thất đầy đủ,,ha-noi,BÁN NHÀ-MỸ ĐÌNH- 48m2 x 5 tầng-NGÕ THÔNG-LÔ GÓC-GẦN PHỐ-CHỈ HƠN 6 TỶ .,,"Phố Nguyễn Hoàng, Phường Mỹ Đình 2, Quận Nam Từ Liêm, Hà NộiXem bản đồ",6 tỷ - 48 m2
52 m²,4 phòng,4 phòng,Đã có sổ,"Nhà mặt phố, mặt tiền",,,"134,62 triệu/m²",,6,,Nội thất cao cấp,,ha-noi,"Nhà Ngọc Thuỵ 52m2-6T thang máy, gara ô tô, 7.2 tỷ",,"Ngọc Thụy, Phường Ngọc Thụy, Quận Long Biên, Hà NộiXem bản đồ",7 tỷ - 52 m2
45 m²,5 phòng,3 phòng,Đã có sổ,"Nhà mặt phố, mặt tiền",,,110 triệu/m²,,4,,Nội thất cao cấp,,ha-noi,"Bán nhà Ngọc thuỵ 45m2-5T, ô tô tránh, 4.95 tỷ",,"Ngọc Thụy, Phường Ngọc Thụy, Quận Long Biên, Hà NộiXem bản đồ","4,95 tỷ - 45 m2"
32 m²,4 phòng,3 phòng,,"Nhà ngõ, hẻm",,32 m²,"140,63 triệu/m²",,4,Hẻm xe hơi,,,ha-noi,"Bán nhà 4 tầng Nguyễn Khang: 32m, giá 4.5 tỷ",,"Đường Nguyễn Khang, Phường Yên Hoà, Quận Cầu Giấy, Hà NộiXem bản đồ","4,5 tỷ - 32 m2"
30 m²,3 phòng,3 phòng,Đã có sổ,"Nhà ngõ, hẻm",,,140 triệu/m²,,5,,Nội thất cao cấp,,ha-noi,"Bán nhà 5 tầng Lê Đức Thọ Mỹ Đình: 30m, giá 4.5 tỷ",,"Đường Lê Đức Thọ, Phường Mỹ Đình 1, Quận Nam Từ Liêm, Hà NộiXem bản đồ","4,2 tỷ - 30 m2"
33 m²,3 phòng,3 phòng,Đã có sổ,"Nhà ngõ, hẻm",,,"110,61 triệu/m²",,4,,Nội thất đầy đủ,,ha-noi,HÀNG F0 - DÂN XÂY KIÊN CỐ - NGÕ THÔNG - KINH DOANH - MẶT TIỀN RỘNG.,,"Phố Mậu Lương, Phường Kiến Hưng, Quận Hà Đông, Hà NộiXem bản đồ","3,65 tỷ - 33 m2"
33 m²,4 phòng,,Đã có sổ,"Nhà ngõ, hẻm",,33 m²,"90,91 triệu/m²",,5,,,,ha-noi,Nhà đẹp mới koong 33M2 x 5 TẦNG Nhà Đại Đồng,,"Thanh Đàm, Phường Thanh Trì, Quận Hoàng Mai, Hà NộiXem bản đồ",3 tỷ - 33 m2
51 m²,3 phòng,4 phòng,Đã có sổ,"Nhà ngõ, hẻm",,,"174,51 triệu/m²",,5,,Nội thất cao cấp,,ha-noi,"Nhà mới thang máy, gần phố, an sinh đỉnh, 51m 5 Tầng Mặt tiền 6m",,"Đường Văn Cao, Phường Liễu Giai, Quận Ba Đình, Hà NộiXem bản đồ","8,9 tỷ - 51 m2"
60 m²,4 phòng,5 phòng,Đã có sổ,"Nhà ngõ, hẻm",,,"116,67 triệu/m²",,4,,Nội thất cao cấp,,ha-noi,"NGUYỄN TRÃI PHỐ, #ĐỐNGĐAQUẬN, liền #THANHXUÂNQUẬN 📣NHÀ DÂN XÂY MỚI 💯",,"Đường Láng, Phường Ngã Tư Sở, Quận Đống Đa, Hà NộiXem bản đồ",7 tỷ - 60 m2
40 m²,4 phòng,4 phòng,Đã có sổ,"Nhà ngõ, hẻm",,,"172,5 triệu/m²",,4,,Nội thất cao cấp,,ha-noi,"XÃ ĐÀN PHỐ, #ĐỐNGĐAQUẬN, cạnh #HAIBÀTRƯNGQUẬN NHÀ MỚI ĐẸP TẶNG FULL",,"Phố Xã Đàn, Phường Nam Đồng, Quận Đống Đa, Hà NộiXem bản đồ","6,9 tỷ - 40 m2"
50 m²,2 phòng,2 phòng,Đã có sổ,"Nhà ngõ, hẻm",,,89 triệu/m²,Đông Bắc,2,,,,ha-noi,"DƯỚI 100TR/M2-NGUYỄN LƯƠNG BĂNG-ĐỐNG ĐA- BÁN GẤP-50M2-4,5 TỶ-1 NGOẶT",,"nguyễn lương bằng, Phường Thịnh Quang, Quận Đống Đa, Hà NộiXem bản đồ","4,45 tỷ - 50 m2"
42 m²,4 phòng,,Đã có sổ,"Nhà ngõ, hẻm",,,"79,76 triệu/m²",,,,Nội thất đầy đủ,,ha-noi,⛔️👉 NHÀ DÂN XÂY MỚI ĐẸP HIỆN ĐẠI TẠI CƯƠNG NGÔ TỨ HIỆP THANH TRÌ,,"Cương Ngô Tứ Hiệp, Xã Tứ Hiệp, Huyện Thanh Trì, Hà NộiXem bản đồ","3,35 tỷ - 42 m2"
30 m²,3 phòng,,Đã có sổ,"Nhà ngõ, hẻm",,,100 triệu/m²,,,,,,ha-noi,"Hơn 3 tỷ,nhà đẹp ở luôn 20m ra phố, Lê Thanh Nghị Hai Bà Trưng 30m, 4T",,"Phố Lê Thanh Nghị, Phường Cầu Dền, Quận Hai Bà Trưng, Hà NộiXem bản đồ",3 tỷ - 30 m2
35 m²,4 phòng,4 phòng,,"Nhà ngõ, hẻm",,,"77,14 triệu/m²",Đông Nam,5,,Nhà trống,,ha-noi,"Bán Nhà Quận Hoàng Mai 5Tang giá 2,7ty",,"hoàng mai, Phường Yên Sở, Quận Hoàng Mai, Hà NộiXem bản đồ","2,7 tỷ - 35 m2"
35 m²,2 phòng,2 phòng,Đã có sổ,"Nhà mặt phố, mặt tiền",,,"71,43 triệu/m²",Đông Nam,2,,,,ha-noi,HÀNG TỐT- PHỐ ĐỊNH CÔNG GIÁ 2.5TY thiết kế đẹp ba gác đỗ cửa,,"Phố Định Công, Phường Định Công, Quận Hoàng Mai, Hà NộiXem bản đồ","2,5 tỷ - 35 m2"
30 m²,2 phòng,3 phòng,Đã có sổ,"Nhà ngõ, hẻm",,,"96,67 triệu/m²",Đông Nam,4,,,,ha-noi,"Nhà đẹp 30m2 ngay chợ Đại Từ, gần hồ linh đàm nở hậu",,"Phố Đại Từ, Phường Đại Kim, Quận Hoàng Mai, Hà NộiXem bản đồ","2,9 tỷ - 30 m2"
52 m²,nhiều hơn 10 phòng,Nhiều hơn 6 phòng,Đã có sổ,"Nhà ngõ, hẻm",,,"207,69 triệu/m²",,7,,Nội thất đầy đủ,,ha-noi,"SIÊU PHẨM DÒNG TIỀN 17P KK - LÔ GÓC, GẦN PHỐ - THANH MÁY - TT HÀ ĐÔNG",,"Bà Triệu, Phường Nguyễn Trãi, Quận Hà Đông, Hà NộiXem bản đồ","10,8 tỷ - 52 m2"
32 m²,3 phòng,4 phòng,Đã có sổ,"Nhà ngõ, hẻm",,,"68,44 triệu/m²",Tây Bắc,4,,,,ha-noi,🌟🌟 Bán nhà 4 tầng chợ lai xá diện tích 31m,,"Lai Xá, Xã Kim Chung, Huyện Hoài Đức, Hà NộiXem bản đồ","2,19 tỷ - 32 m2"
40 m²,5 phòng,,Đã có sổ,"Nhà ngõ, hẻm",,40 m²,"98,75 triệu/m²",,4,,,,ha-noi,🔥ĐẠI ĐỒNG THANH LÂN 40M2 x 5 NGỦ x GARA Ô TÔ,,"Thanh Lân, Phường Thanh Trì, Quận Hoàng Mai, Hà NộiXem bản đồ","3,95 tỷ - 40 m2"
63 m²,5 phòng,,,"Nhà ngõ, hẻm",,63 m²,"182,54 triệu/m²",,4,Nở hậu,,,ha-noi,BÁN NHÀ LÁNG HẠGẦN PHỐ Ô TÔ KINH DOANH VĂN PHÒNG 63M2 4 TẦNG CHỈ11.5TỶ,,"Đường Láng, Phường Láng Hạ, Quận Đống Đa, Hà NộiXem bản đồ","11,5 tỷ - 63 m2"
35 m²,4 phòng,,,"Nhà ngõ, hẻm",,,254 triệu/m²,,,,,,ha-noi,chính chủ cần bán nhà HOÀNG VĂN THÁI dt 35m x 7 tầng thang máy 8.89 tỷ,,"HOÀNG VĂN THÁI, Phường Khương Trung, Quận Thanh Xuân, Hà NộiXem bản đồ","8,89 tỷ - 35 m2"
35 m²,3 phòng,4 phòng,Đã có sổ,"Nhà ngõ, hẻm",,,"102,86 triệu/m²",,5,,Nội thất đầy đủ,,ha-noi,"Chợ Khâm Thiên 35m2*5T, 2 thoáng, ngõ to cách phố 30m, ở ngay, 3.6 tỷ",,"Ngõ Chợ Khâm Thiên, Phường Trung Phụng, Quận Đống Đa, Hà NộiXem bản đồ","3,6 tỷ - 35 m2"
30 m²,3 phòng,,Đã có sổ,"Nhà ngõ, hẻm",,,110 triệu/m²,,4,,,,ha-noi,"GẤP, Láng Hạ 30m2*4T, lô góc, nhà đẹp ở ngay, cách ô tô 50m, ngõ đẹp",,"Phố Láng Hạ, Phường Láng Hạ, Quận Đống Đa, Hà NộiXem bản đồ","3,3 tỷ - 30 m2"
30 m²,3 phòng,3 phòng,Đã có sổ,"Nhà mặt phố, mặt tiền",,,540 triệu/m²,,4,,Nội thất đầy đủ,,ha-noi,"Bán Nhà Mặt Phố Mai Hắc Đế 16,2 Tỷ 30m2 mặt tiền 4,6m Hai Bà Trưng",,"Phố Mai Hắc Đế, Phường Nguyễn Du, Quận Hai Bà Trưng, Hà NộiXem bản đồ","16,2 tỷ - 30 m2"
60 m²,6 phòng,,Đã có sổ,"Nhà ngõ, hẻm",5.5998 m,,205 triệu/m²,,4,,Nội thất đầy đủ,,ha-noi,"Bán Nhà Riêng Láng Hạ Đống Đa 12,3 Tỷ 6 tầng mặt 5,5m oto vào nhà",,"Đường Láng, Phường Láng Hạ, Quận Đống Đa, Hà NộiXem bản đồ","12,3 tỷ - 60 m2"
43 m²,4 phòng,,,"Nhà ngõ, hẻm",,,"118,6 triệu/m²",,,,,,ha-noi,Cực Hiếm_Vũ Trọng Phụng_Dân Trí Cực Cao_Ngõ Thông_Vài Bước Ra Phố,,"Vũ Trọng Phụng, Phường Nhân Chính, Quận Thanh Xuân, Hà NộiXem bản đồ","5,1 tỷ - 43 m2"
32 m²,2 phòng,,Đã có sổ,"Nhà ngõ, hẻm",,,"90,63 triệu/m²",,4,,Nội thất đầy đủ,,ha-noi,"Gần Phố, Ô to, Thuận Tiện, Nhà Ở Ngay Bến Xe Nước Ngầm 32m2 giá 2.9 ty",,"Bến Xe Nước ngầm, Phường Hoàng Liệt, Quận Hoàng Mai, Hà NộiXem bản đồ","2,9 tỷ - 32 m2"
50 m²,4 phòng,5 phòng,Đã có sổ,"Nhà ngõ, hẻm",,,100 triệu/m²,,6,,Nội thất đầy đủ,,ha-noi,"BÁN NHÀ BA ĐÌNH, DÂN XÂY CHẮC CHẮN, Ở NGAY, GẦN PHỐ, THOÁNG, 50M, 5 TỶ",,"Vĩnh Phúc, Phường Vĩnh Phúc, Quận Ba Đình, Hà NộiXem bản đồ",5 tỷ - 50 m2
41 m²,4 phòng,5 phòng,Đã có sổ,"Nhà ngõ, hẻm",,,"121,95 triệu/m²",,6,,Nội thất đầy đủ,,ha-noi,"BÁN NHÀ ĐỘI CẤN, NHÀ MỚI, THOÁNG- SÁNG, 20M RA Ô TÔ TRÁNH, 41M, 5 TỶ.",,"Ngõ 279 Phố Đội Cấn, Phường Liễu Giai, Quận Ba Đình, Hà NộiXem bản đồ",5 tỷ - 41 m2
40 m²,4 phòng,5 phòng,Đã có sổ,"Nhà ngõ, hẻm",,,125 triệu/m²,,6,,Nội thất đầy đủ,,ha-noi,"BÁN NHÀ ĐỘI CẤN, NHÀ XÂY MỚI CỨNG, 20M RA Ô TÔ, 40M2, CHỈ CÓ 5 TỶ.",,"Ngõ 279 Phố Đội Cấn, Phường Liễu Giai, Quận Ba Đình, Hà NộiXem bản đồ",5 tỷ - 40 m2
35 m²,3 phòng,,Đã có sổ,"Nhà ngõ, hẻm",,,"94,29 triệu/m²",,5,,Nội thất đầy đủ,,ha-noi,"Nhà Đẹp Dân Xây Ở Ngay Giáp Nhị Gần Phố, Oto 35m2 giá 3.3 tỷ.",,"Giáp Nhị, Phường Thịnh Liệt, Quận Hoàng Mai, Hà NộiXem bản đồ","3,3 tỷ - 35 m2"
50 m²,4 phòng,,Đã có sổ,Nhà phố liền kề,5 m,,158 triệu/m²,,5,,Nội thất đầy đủ,,ha-noi,"5 tầng ĐG Kiến Hưng, thang máy chờ, kinh doanh, 50m2",,"Phố Mậu Lương, Phường Kiến Hưng, Quận Hà Đông, Hà NộiXem bản đồ","7,9 tỷ - 50 m2"
36 m²,3 phòng,4 phòng,Đã có sổ,"Nhà ngõ, hẻm",,,"155,28 triệu/m²",,6,,Nội thất cao cấp,,ha-noi,"Ba Đình,30m Phố,Hơn 5tỷ Nhà Đẹp 36m2 6T_Trước Nhà 3m,Lô Góc Thoáng Sán",,"Phố Vĩnh Phúc, Phường Vĩnh Phúc, Quận Ba Đình, Hà NộiXem bản đồ","5,59 tỷ - 36 m2"
33 m²,4 phòng,,,"Nhà ngõ, hẻm",,,"50,91 triệu/m²",,4,,,,ha-noi,"Chỉ 1,68 tỷ Có ngay 4 Tầng - Ngõ thông Ô Tô qua Giáp Quang Trung - QL6",,"Quang Trung, Phường Yên Nghĩa, Quận Hà Đông, Hà NộiXem bản đồ","1,68 tỷ - 33 m2"
35 m²,3 phòng,4 phòng,Đã có sổ,"Nhà mặt phố, mặt tiền",,,"142,86 triệu/m²",,5,,Nội thất cao cấp,,ha-noi,BÁN NHÀ CẦU GIẤY- 35M2- 5 TẦNG- NHỈNH 5 TỶ- NHÀ ĐẸP- ÔTÔ-TẶNG NỘI THẤT,,"Doãn Kế Thiện, Phường Mai Dịch, Quận Cầu Giấy, Hà NộiXem bản đồ",5 tỷ - 35 m2
45 m²,4 phòng,4 phòng,Đã có sổ,"Nhà ngõ, hẻm",,,100 triệu/m²,,5,,Nhà trống,,ha-noi,BÁN NHÀ KIM GIANG ĐẸP MỚI Ở NGAY FULL NỘI THẤT 45M HƠN 4 TỶ,,"Kim Giang, Xã Thanh Liệt, Huyện Thanh Trì, Hà NộiXem bản đồ","4,5 tỷ - 45 m2"
75 m²,3 phòng,,Đã có sổ,"Nhà mặt phố, mặt tiền",,75 m²,"90,53 triệu/m²",,,,,,ha-noi,"NHÀ MẶT PHỐ NGỌC HỒI,KINH DOANH MỌI DỊCH VỤ,75M,MT RỘNG 5M,GIÁ 6,79 TỶ",,"Đường Ngọc Hồi, Thị trấn Văn Điển, Huyện Thanh Trì, Hà NộiXem bản đồ","6,79 tỷ - 75 m2"
35 m²,2 phòng,,Đã có sổ,"Nhà ngõ, hẻm",,51 m²,"82,29 triệu/m²",,,,,,ha-noi,Bán nhà kim,,"Đường Giáp Bát, Phường Giáp Bát, Quận Hoàng Mai, Hà NộiXem bản đồ","2,88 tỷ - 35 m2"
36 m²,4 phòng,3 phòng,Đã có sổ,"Nhà ngõ, hẻm",,,"183,33 triệu/m²",,5,,Nội thất cao cấp,,ha-noi,"KHU PHÂN LÔ DÂN TRÍ CAO PHỐ 8-3 ..DT 45M x 5TẦNG - MT 4,5m GIÁ 6,64tỷ",,"Phố 8/3, Phường Quỳnh Mai, Quận Hai Bà Trưng, Hà NộiXem bản đồ","6,6 tỷ - 36 m2"
40 m²,3 phòng,,Đã có sổ,"Nhà ngõ, hẻm",4.1999 m,,"148,75 triệu/m²",,5,,Nội thất cao cấp,,ha-noi,Bán Nhà Cầu Giấy-Ô Tô Đỗ Cổng-Nhà Đẹp Full Nội Thất Ở Ngay,,"Đường Cầu Giấy, Phường Quan Hoa, Quận Cầu Giấy, Hà NộiXem bản đồ","5,95 tỷ - 40 m2"
36 m²,3 phòng,4 phòng,Đã có sổ,"Nhà ngõ, hẻm",,,"155,28 triệu/m²",,6,,Nội thất cao cấp,,ha-noi,"Ba Đình,30m Phố,Hơn 5tỷ Nhà Đẹp 36m2 6T_Trước Nhà 3m,Lô Góc Thoáng Sán",,"Phố Vĩnh Phúc, Phường Vĩnh Phúc, Quận Ba Đình, Hà NộiXem bản đồ","5,59 tỷ - 36 m2"
33 m²,4 phòng,,,"Nhà ngõ, hẻm",,,"50,91 triệu/m²",,4,,,,ha-noi,"Chỉ 1,68 tỷ Có ngay 4 Tầng - Ngõ thông Ô Tô qua Giáp Quang Trung - QL6",,"Quang Trung, Phường Yên Nghĩa, Quận Hà Đông, Hà NộiXem bản đồ","1,68 tỷ - 33 m2"
35 m²,3 phòng,4 phòng,Đã có sổ,"Nhà mặt phố, mặt tiền",,,"142,86 triệu/m²",,5,,Nội thất cao cấp,,ha-noi,BÁN NHÀ CẦU GIẤY- 35M2- 5 TẦNG- NHỈNH 5 TỶ- NHÀ ĐẸP- ÔTÔ-TẶNG NỘI THẤT,,"Doãn Kế Thiện, Phường Mai Dịch, Quận Cầu Giấy, Hà NộiXem bản đồ",5 tỷ - 35 m2
45 m²,4 phòng,4 phòng,Đã có sổ,"Nhà ngõ, hẻm",,,100 triệu/m²,,5,,Nhà trống,,ha-noi,BÁN NHÀ KIM GIANG ĐẸP MỚI Ở NGAY FULL NỘI THẤT 45M HƠN 4 TỶ,,"Kim Giang, Xã Thanh Liệt, Huyện Thanh Trì, Hà NộiXem bản đồ","4,5 tỷ - 45 m2"
75 m²,3 phòng,,Đã có sổ,"Nhà mặt phố, mặt tiền",,75 m²,"90,53 triệu/m²",,,,,,ha-noi,"NHÀ MẶT PHỐ NGỌC HỒI,KINH DOANH MỌI DỊCH VỤ,75M,MT RỘNG 5M,GIÁ 6,79 TỶ",,"Đường Ngọc Hồi, Thị trấn Văn Điển, Huyện Thanh Trì, Hà NộiXem bản đồ","6,79 tỷ - 75 m2"
35 m²,2 phòng,,Đã có sổ,"Nhà ngõ, hẻm",,51 m²,"82,29 triệu/m²",,,,,,ha-noi,Bán nhà kim,,"Đường Giáp Bát, Phường Giáp Bát, Quận Hoàng Mai, Hà NộiXem bản đồ","2,88 tỷ - 35 m2"
36 m²,4 phòng,3 phòng,Đã có sổ,"Nhà ngõ, hẻm",,,"183,33 triệu/m²",,5,,Nội thất cao cấp,,ha-noi,"KHU PHÂN LÔ DÂN TRÍ CAO PHỐ 8-3 ..DT 45M x 5TẦNG - MT 4,5m GIÁ 6,64tỷ",,"Phố 8/3, Phường Quỳnh Mai, Quận Hai Bà Trưng, Hà NộiXem bản đồ","6,6 tỷ - 36 m2"
40 m²,3 phòng,,Đã có sổ,"Nhà ngõ, hẻm",4.1999 m,,"148,75 triệu/m²",,5,,Nội thất cao cấp,,ha-noi,Bán Nhà Cầu Giấy-Ô Tô Đỗ Cổng-Nhà Đẹp Full Nội Thất Ở Ngay,,"Đường Cầu Giấy, Phường Quan Hoa, Quận Cầu Giấy, Hà NộiXem bản đồ","5,95 tỷ - 40 m2"
43 m²,8 phòng,Nhiều hơn 6 phòng,Đã có sổ,"Nhà ngõ, hẻm",,,"169,77 triệu/m²",,6,,Nội thất đầy đủ,,ha-noi,CHỈ 7.3 TỶ - CCMN DÒNG TIỀN - THANH XUÂN - 6 TẦNG THANG MÁY - GẦN PHỐ,,"Bùi Xương Trạch, Phường Khương Trung, Quận Thanh Xuân, Hà NộiXem bản đồ","7,3 tỷ - 43 m2"
33 m²,3 phòng,4 phòng,Đã có sổ,"Nhà ngõ, hẻm",,,"120,61 triệu/m²",,5,,Nội thất cao cấp,,ha-noi,"BÁN NHÀ ĐỊNH CÔNG, TRẦN HÒA , VŨ TÔNG PHAN 35M 5T XÂY MỚI HƠN 3 TỶ",,"Định Công Thượng, Phường Định Công, Quận Hoàng Mai, Hà NộiXem bản đồ","3,98 tỷ - 33 m2"
48 m²,4 phòng,5 phòng,Đã có sổ,Nhà phố liền kề,,,"140,63 triệu/m²",,4,Hẻm xe hơi,,,ha-noi,"B.ÁN NHÀ ĐƯỜNG HOÀNG MAI 48M2, PHÂN LÔ, OTO VÀO NHÀ",,"Hoàng Mai, Phường Mai Động, Quận Hoàng Mai, Hà NộiXem bản đồ","6,75 tỷ - 48 m2"
45 m²,4 phòng,4 phòng,Đã có sổ,"Nhà mặt phố, mặt tiền",,,130 triệu/m²,,5,,Nội thất cao cấp,,ha-noi,Láng Hạ - Ba Đình - 45m2 x 5 Tầng - Nhà mới ở ngay - Nhỉnh 5 tỷ,,"Phố Láng Hạ, Phường Thành Công, Quận Ba Đình, Hà NộiXem bản đồ","5,85 tỷ - 45 m2"
38 m²,3 phòng,4 phòng,Đã có sổ,"Nhà ngõ, hẻm",,,"126,32 triệu/m²",,5,,Nội thất cao cấp,,ha-noi,"BÁN NHÀ KIM GIANG THANH LIỆT, NHÀ MỚI ĐÓN TẾT 40M 5T HƠN 4 TỶ",,"Kim Giang, Xã Thanh Liệt, Huyện Thanh Trì, Hà NộiXem bản đồ","4,8 tỷ - 38 m2"
35 m²,4 phòng,4 phòng,Đã có sổ,"Nhà mặt phố, mặt tiền",,,"118,57 triệu/m²",,5,,Nội thất đầy đủ,,ha-noi,"Bán nhà Phố TRƯƠNG ĐỊNH. HOÀNG MAI. CHỈ 4 TỶ. 35M. 5 TẦNG.MT 3,5M.Ô tô",,"Đường Trương Định, Phường Tương Mai, Quận Hoàng Mai, Hà NộiXem bản đồ","4,15 tỷ - 35 m2"
35 m²,3 phòng,,Đã có sổ,"Nhà ngõ, hẻm",4.3 m,,"114,29 triệu/m²",,5,,Nội thất đầy đủ,,ha-noi,SIÊU PHẦM MỸ ĐÌNH- 35m- FULL ĐỒ- MẶT TIỀN RỘNG- NGÕ RỘNG- NHÀ MỚI CONG,,"Đường Mỹ Đình, Phường Mỹ Đình 1, Quận Nam Từ Liêm, Hà NộiXem bản đồ",4 tỷ - 35 m2
70 m²,2 phòng,,Đã có sổ,"Nhà ngõ, hẻm",,,"25,71 triệu/m²",,,,,,ha-noi,MÌNH BÁN CĂN HỘ 70 M TẬP THỂ PHỐ THỌ LÃO - HBT TẦNG 3 NHÀ ĐẸP 2 NGỦ.,,"Phố Thọ Lão, Phường Đồng Nhân, Quận Hai Bà Trưng, Hà NộiXem bản đồ","1,8 tỷ - 70 m2"
90 m²,4 phòng,4 phòng,Đã có sổ,Nhà phố liền kề,,,"144,44 triệu/m²",,5,,Nội thất đầy đủ,,ha-noi,"LK Văn Phú 90m 5 tầng mt4,5m đẹp như khách sạn, tặng toàn bộ nội thất",,"Phố Văn Khê, Phường Phú La, Quận Hà Đông, Hà NộiXem bản đồ",13 tỷ - 90 m2
35 m²,4 phòng,3 phòng,Đã có sổ,"Nhà ngõ, hẻm",,,"111,43 triệu/m²",,5,,Nội thất cao cấp,,ha-noi,Siêu phẩm Ph,,"Phố Phan Đình Giót, Phường La Khê, Quận Hà Đông, Hà NộiXem bản đồ","3,9 tỷ - 35 m2"
55 m²,5 phòng,6 phòng,Đã có sổ,"Nhà ngõ, hẻm",,,"218,18 triệu/m²",,6,,Nội thất đầy đủ,,ha-noi,"BÁN NHÀ PL PHỐ ĐẠI LA, QUẬN HAI BÀ , *** CÓ 1 CĂN, 2 MẶT NGÕ.",,"Phố Đại La, Phường Đồng Tâm, Quận Hai Bà Trưng, Hà NộiXem bản đồ",12 tỷ - 55 m2
80 m²,5 phòng,5 phòng,Đã có sổ,"Nhà mặt phố, mặt tiền",,,175 triệu/m²,Nam,5,,,,ha-noi,CHÍNH CHỦ GỬI BÁN LÔ GÓC DT 80m-5 PHÒNG NGỦ KĐT PHÚ LƯƠNG-HÀ ĐÔNG,,"Đường Lê Trọng Tấn, Phường Phú Lương, Quận Hà Đông, Hà Nội, Phường Phú Lương, Quận Hà Đông, Hà NộiXem bản đồ",14 tỷ - 80 m2
