Diện tích đất:,Số phòng ngủ:,Số phòng vệ sinh:,Giấy tờ pháp lý:,Loại hình nhà ở:,Chiều ngang:,Diện tích sử dụng:,Giá/m2:,Hướng cửa chính:,Tổng số tầng:,Đặc điểm nhà/đất:,Tình trạng nội thất:,Chiều dài:,Location,Name,URL,District,Price
30 m²,3 phòng,3 phòng,Đã có sổ,Nhà phố liền kề,,,"61,67 triệu/m²",,4,,Nhà trống,,ha-noi,Biên Giang- Hà Đông hàng rẻ,,"Đường Biên Giang, Phường Biên Giang, Quận Hà Đông, Hà NộiXem bản đồ","1,85 tỷ - 30 m2"
40 m²,3 phòng,4 phòng,Đã có sổ,"Nhà ngõ, hẻm",,,210 triệu/m²,,5,,Nội thất cao cấp,,ha-noi,8.4 TỶ PHẠM TUẤN TÀI_ Ô TÔ TRÁNH_ KINH DOANH ĐỈNH_NGÕ THÔNG THOÁNG,,"Phạm Tuấn Tài, Phường Dịch Vọng Hậu, Quận Cầu Giấy, Hà NộiXem bản đồ","8,4 tỷ - 40 m2"
30 m²,3 phòng,4 phòng,Đã có sổ,"Nhà ngõ, hẻm",,,210 triệu/m²,,5,,Nội thất cao cấp,,ha-noi,6.3 TỶ PHÙNG CHÍ KIÊN_ Ô TÔ QUA_ GẦN PHỐ_ NHÀ ĐẸP ĐÓN TẾT,,"Phùng Chí Kiên, Phường Nghĩa Tân, Quận Cầu Giấy, Hà NộiXem bản đồ","6,3 tỷ - 30 m2"
40 m²,3 phòng,4 phòng,Đã có sổ,"Nhà ngõ, hẻm",,,117 triệu/m²,,5,,Nội thất cao cấp,,ha-noi,VÕ CHÍ CÔNG_ 4.68 TỶ _40m2_ LÔ GÓC_ NGÕ SIÊU RỘNG_DÂN TRÍ CAO,,"Võ Chí Công, Phường Nghĩa Đô, Quận Cầu Giấy, Hà NộiXem bản đồ","4,68 tỷ - 40 m2"
66 m²,2 phòng,,,"Nhà mặt phố, mặt tiền",,,"280,3 triệu/m²",,,,,,ha-noi,"Bán nhà mặt phố NGỌC LÂM 66m2,Giá 18,5 tỷ ,vị trí đắc địa",,"Ngọc Lâm, Phường Ngọc Lâm, Quận Long Biên, Hà NộiXem bản đồ","18,5 tỷ - 66 m2"
35 m²,3 phòng,4 phòng,Đã có sổ,"Nhà ngõ, hẻm",,,"131,43 triệu/m²",,5,,Nội thất cao cấp,,ha-noi,4.6 TỶ NHÀ MỚI XÂY_ TT BA ĐÌNH_ NGÕ RỘNG _ GẦN PHỐ_ GẦN Ô TÔ _ THOÁNG,,"Đường Hoàng Hoa Thám, Phường Vĩnh Phúc, Quận Ba Đình, Hà NộiXem bản đồ","4,6 tỷ - 35 m2"
50 m²,3 phòng,4 phòng,Đã có sổ,"Nhà mặt phố, mặt tiền",,50 m²,210 triệu/m²,,,,Nội thất cao cấp,,ha-noi,"Bán nhà Hồng Tiến 50m2 x 6T,giá 10,5 tỷ,PHÂN LÔ-GARA ÔTÔ- THANG MÁY",,"Phố Hồng Tiến, Phường Bồ Đề, Quận Long Biên, Hà NộiXem bản đồ","10,5 tỷ - 50 m2"
29 m²,3 phòng,3 phòng,Đã có sổ,"Nhà ngõ, hẻm",,,"110,34 triệu/m²",Đông,6,,,,ha-noi,CHÍNH CHỦ CẦN BÁN NHÀ THANH XUÂN,,"Phố Chính Kinh, Phường Nhân Chính, Quận Thanh Xuân, Hà NộiXem bản đồ","3,2 tỷ - 29 m2"
46 m²,3 phòng,4 phòng,Đã có sổ,"Nhà ngõ, hẻm",,,"142,39 triệu/m²",,5,,Nội thất cao cấp,,ha-noi,6.55 TỶ_ BẮC TỪ LIÊM_ Ô TÔ VÀO NHÀ_ LÔ GÓC KD_ THANG MÁY_ NGÕ THÔNG,,"Phạm Văn Đồng, Phường Cổ Nhuế 2, Quận Bắc Từ Liêm, Hà NộiXem bản đồ","6,55 tỷ - 46 m2"
28 m²,3 phòng,,,"Nhà ngõ, hẻm",,,"67,86 triệu/m²",,,,,,ha-noi,"Bán nhà Nguyễn Văn Cừ 28m2 x 3 tầng ,giá chào 1,9 tỷ Mô tả",,"Đường Nguyễn Văn Cừ, Phường Ngọc Lâm, Quận Long Biên, Hà NộiXem bản đồ","1,9 tỷ - 28 m2"
40 m²,4 phòng,5 phòng,Đã có sổ,"Nhà ngõ, hẻm",,,"172,5 triệu/m²",Nam,6,,,,ha-noi,"NGÃ TƯ SỞ, LÔ GÓC, THANG MÁY, Ô TÔ CÁCH 30M,100M RA HỒ - NHÀ MỚI",,"Khương Trung, Phường Khương Trung, Quận Thanh Xuân, Hà NộiXem bản đồ","6,9 tỷ - 40 m2"
50 m²,4 phòng,3 phòng,Đã có sổ,"Nhà ngõ, hẻm",,,"127,6 triệu/m²",Bắc,4,,,,ha-noi,NHỈNH 6 TỶ - NHÀ MỚI ĐẸP LUNG LINH NGÕ RỘNG - 50 RA PHỐ - THANH XUÂN,,"Khương Đình, Phường Khương Đình, Quận Thanh Xuân, Hà NộiXem bản đồ","6,38 tỷ - 50 m2"
45 m²,4 phòng,5 phòng,Đã có sổ,"Nhà ngõ, hẻm",,,140 triệu/m²,Đông Nam,6,,,,ha-noi,THANH XUÂN- NHÀ ĐẸP MỚI 100% - 30M Ô TÔ - VÀI BƯỚC RÁ HỒ - NHỈNH 6 TỶ.,,"Khương Trung, Phường Khương Trung, Quận Thanh Xuân, Hà NộiXem bản đồ","6,3 tỷ - 45 m2"
50 m²,4 phòng,,Đã có sổ,"Nhà mặt phố, mặt tiền",,,130 triệu/m²,Tây,4,,Nội thất cao cấp,,ha-noi,"Chính chủ cần bán nhà NGUYỄN AN NINH 50M2,giá 6,5 tỷ,nhà đẹp,ở sướng",,"Nguyễn An Ninh, Phường Đồng Tâm, Quận Hai Bà Trưng, Hà NộiXem bản đồ","6,5 tỷ - 50 m2"
34 m²,4 phòng,4 phòng,Đã có sổ,"Nhà ngõ, hẻm",,,"194,12 triệu/m²",Đông Nam,6,,,,ha-noi,Bán nhà Ngã Tư Sở - NGÕ Rộng - 6 TẦNG THANG MÁY - Nhà MỚI -NHỈNH 6 TỶ,,"Tô Vĩnh Diện, Phường Khương Trung, Quận Thanh Xuân, Hà NộiXem bản đồ","6,6 tỷ - 34 m2"
33 m²,4 phòng,3 phòng,Đã có sổ,"Nhà ngõ, hẻm",,,"86,36 triệu/m²",,44,,Nhà trống,,ha-noi,BÁN NHÀ SÁT KĐT MỚI XUÂN PHƯƠNG_DT 33M_X4 TẦNG_NHÀ ĐẸP Ở LUÔN_HƠN 2 TỶ,,"Hậu Ái, Phường Xuân Phương, Quận Nam Từ Liêm, Hà NộiXem bản đồ","2,85 tỷ - 33 m2"
68 m²,4 phòng,4 phòng,Đã có sổ,"Nhà mặt phố, mặt tiền",,,"132,21 triệu/m²",Đông Nam,5,,,,ha-noi,"SIÊU PHẨM NGÃ TƯ SỞ,ÔTÔ 7 CHỖ VÀO NHÀ, 68m2x5 TẦNG ,MẶT TIỀN RỘNG 7,3m",,"Khương Trung, Phường Khương Trung, Quận Thanh Xuân, Hà NộiXem bản đồ","8,99 tỷ - 68 m2"
40 m²,4 phòng,4 phòng,Đã có sổ,"Nhà ngõ, hẻm",,,"172,5 triệu/m²",Nam,6,,,,ha-noi,THANH XUÂN - LÔ GÓC - THANG MÁY - Ô TÔ CÁCH 30M - 100M RA HỒ,,"Khương Trung, Phường Khương Đình, Quận Thanh Xuân, Hà NộiXem bản đồ","6,9 tỷ - 40 m2"
35 m²,4 phòng,4 phòng,Đã có sổ,"Nhà ngõ, hẻm",,,"185,71 triệu/m²",Đông Nam,4,,,,ha-noi,"BÁN NHÀ THANH XUÂN, PHÂN LÔ, Ô TÔ, NGÕ RỘNG, 20m RA PHỐ, NHỈNH 6 TỶ",,"Hoàng Văn Thái, Phường Khương Trung, Quận Thanh Xuân, Hà NộiXem bản đồ","6,5 tỷ - 35 m2"
35 m²,4 phòng,,,"Nhà ngõ, hẻm",,,"53,14 triệu/m²",Đông Nam,4,,Nội thất đầy đủ,,ha-noi,"Nhà dân gửi bán 34m-4T gác lửng, để lại nội thất, o to đậu gần",,"đường An thắng, Phường Biên Giang, Quận Hà Đông, Hà NộiXem bản đồ","1,86 tỷ - 35 m2"
35 m²,4 phòng,,,"Nhà ngõ, hẻm",,,"53,14 triệu/m²",Đông Nam,4,,Nội thất đầy đủ,,ha-noi,"Nhà dân gửi bán 34m-4T gác lửng, để lại nội thất, o to đậu gần",,"đường An thắng, Phường Biên Giang, Quận Hà Đông, Hà NộiXem bản đồ","1,86 tỷ - 35 m2"
90 m²,6 phòng,,,"Nhà mặt phố, mặt tiền",,,"444,44 triệu/m²",,,Nở hậu,,,ha-noi,"QUÁ HIẾM - MP GIẢNH VÕ 90M2 x 6 TẦNG GIÁ 40 TỶ, LÔ GÓC, THANG MÁY, KD",,"Giảng Võ, Phường Giảng Võ, Quận Ba Đình, Hà NộiXem bản đồ",40 tỷ - 90 m2
45 m²,4 phòng,4 phòng,Đã có sổ,"Nhà ngõ, hẻm",,,"142,22 triệu/m²",Đông Nam,5,,,,ha-noi,"BÁN NHÀ NGÃ TƯ SỞ , NHÀ MỚI, 30M Ô TÔ, MẶT TIỀN RỘNG, NGÕ THẲNG GẦN HỒ",,"Đường Khương Trung, Phường Khương Trung, Quận Thanh Xuân, Hà NộiXem bản đồ","6,4 tỷ - 45 m2"
36 m²,4 phòng,3 phòng,Đã có sổ,"Nhà ngõ, hẻm",,,"122,22 triệu/m²",Đông Nam,4,,,,ha-noi,"THANH XUÂN, OTÔ ĐỖ CỔNG ,SỔ VUÔNG ,TƯƠNG LAI 2.5 - LÔ GÓC 2 MẶT THOÁNG",,"Khương Trung, Phường Khương Trung, Quận Thanh Xuân, Hà NộiXem bản đồ","4,4 tỷ - 36 m2"
45 m²,4 phòng,5 phòng,Đã có sổ,"Nhà mặt phố, mặt tiền",,,"153,33 triệu/m²",Đông Nam,5,,,,ha-noi,"Bán nhà Ngã Tư Sở, PHÂN LÔ, Ô TÔ ĐỖ CỬA, 45m2, Mt 4,5m, 6.x tỷ",,"Khương Trung, Phường Khương Trung, Quận Thanh Xuân, Hà NộiXem bản đồ","6,9 tỷ - 45 m2"
40 m²,3 phòng,,,"Nhà ngõ, hẻm",,,"107,5 triệu/m²",,,,,,ha-noi,"CẦN BÁN NHÀ PHỐ NGUYỄN SƠN 40M, 4 TẦNG, GIÁ NHỈNH 4 TỶ",,"Đường Nguyễn Sơn, Phường Long Biên, Quận Long Biên, Hà NộiXem bản đồ","4,3 tỷ - 40 m2"
43 m²,3 phòng,,,"Nhà mặt phố, mặt tiền",,,"90,7 triệu/m²",,,,,,ha-noi,"Siêu phẩm mặt phố NGUYỄN VĂN LINH 43m2,MT 6m , giá chào 3,9 tỷ",,"Đường Nguyễn Văn Linh, Phường Gia Thụy, Quận Long Biên, Hà NộiXem bản đồ","3,9 tỷ - 43 m2"
65 m²,4 phòng,,,"Nhà mặt phố, mặt tiền",,65 m²,"147,69 triệu/m²",,4,,,,ha-noi,"Bán nhà Bạch Đằng 65m2 x 4T,PHÂN LÔ Ô TÔ,KD, AN SINH ĐỈNH, giá 9,6 tỷ",,"Đường Bạch Đằng, Phường Bạch Đằng, Quận Hai Bà Trưng, Hà NộiXem bản đồ","9,6 tỷ - 65 m2"
30 m²,3 phòng,4 phòng,Đã có sổ,"Nhà ngõ, hẻm",,,"98,33 triệu/m²",,4,,Nội thất đầy đủ,,ha-noi,"Bán Nhà ở Phố Ngọc Thuỵ-Long Biên,30m2 x 4 tầng,Lô Góc, 3 phòng ngủ",,"Ngọc Thụy, Phường Ngọc Thụy, Quận Long Biên, Hà NộiXem bản đồ","2,95 tỷ - 30 m2"
38 m²,6 phòng,4 phòng,Đã có sổ,Nhà phố liền kề,,,"155,26 triệu/m²",,5,Hẻm xe hơi,,,ha-noi,"Nhà Pháo Đài Láng 15m Ô tô tránh, xây mới tinh góc 3 thoáng - 38m x 5T",,"Ngõ 157 Pháo Đài Láng, Phường Láng Thượng, Quận Đống Đa, Hà NộiXem bản đồ","5,9 tỷ - 38 m2"
31 m²,4 phòng,4 phòng,Đã có sổ,"Nhà ngõ, hẻm",,,"124,52 triệu/m²",,4,,Nội thất cao cấp,,ha-noi,Cần bán gấp nhà 31m2 4 tầng tại ngõ 43 phố Hồng Mai quận Hai Bà Trưng,,"Phố Hồng Mai, Phường Bạch Mai, Quận Hai Bà Trưng, Hà NộiXem bản đồ","3,86 tỷ - 31 m2"
50 m²,4 phòng,3 phòng,Đã có sổ,Nhà phố liền kề,,,134 triệu/m²,Đông Nam,4,,,,ha-noi,💥💥 RẺ NHẤT - HIẾM LIỀN KỀ YÊN NGHĨA - KHU VỰC CHO SV THUÊ CHÁY HÀNG,,"Quang Trung, Phường Yên Nghĩa, Quận Hà Đông, Hà NộiXem bản đồ","6,7 tỷ - 50 m2"
45 m²,6 phòng,,,"Nhà ngõ, hẻm",4 m,45 m²,"94,44 triệu/m²",,6,,,,ha-noi,"Bán Nhà Phố Hoàng Liệt Linh Đàm,vị trí siêu đỉnh 45M, 6TẦNG, hơn 4tỷ.",,"Phố Hoàng Liệt, Phường Hoàng Liệt, Quận Hoàng Mai, Hà NộiXem bản đồ","4,25 tỷ - 45 m2"
37 m²,3 phòng,,,"Nhà mặt phố, mặt tiền",,,"77,03 triệu/m²",,,,,,ha-noi,🌊⚡2.85 tỷ dân xây 37m2🌊⚡ 4 tầng ngõ 4 cầu Bươu cầu Tó Thanh Trì 🌊,,"Cầu Bươu, Xã Thanh Liệt, Huyện Thanh Trì, Hà NộiXem bản đồ","2,85 tỷ - 37 m2"
54 m²,4 phòng,5 phòng,Đã có sổ,"Nhà ngõ, hẻm",3.7 m,,"125,74 triệu/m²",,6,,,,ha-noi,"Bán nhà mặt ngõ Hoàng Hoa Thám, Lô góc ,6 Tầng thang máy,Diện tích 54m",,"Đường Hoàng Hoa Thám, Phường Vĩnh Phúc, Quận Ba Đình, Hà NộiXem bản đồ","6,79 tỷ - 54 m2"
65 m²,3 phòng,,,"Nhà mặt phố, mặt tiền",,,80 triệu/m²,,,,,,ha-noi,Ô tô vào nhà kinh doanh sầm uất 65m2 tự xây 5 tầng Mậu Lương,,"Phố Mậu Lương, Phường Kiến Hưng, Quận Hà Đông, Hà NộiXem bản đồ","5,2 tỷ - 65 m2"
61.5 m²,9 phòng,Nhiều hơn 6 phòng,Đã có sổ,"Nhà mặt phố, mặt tiền",,,"113,82 triệu/m²",,7,,Nội thất đầy đủ,,ha-noi,"BÁN NHÀ 7 TẦNG KIM CHUNG-ĐÔNG ANH, KINH DOANH DOANH TIỀN 200tr/NĂM",,"Đường Võ Văn Kiệt, Xã Kim Chung, Huyện Đông Anh, Hà NộiXem bản đồ",7 tỷ - 61.5 m2
44 m²,4 phòng,,Đã có sổ,"Nhà ngõ, hẻm",4.8 m,44 m²,"209,09 triệu/m²",,5,,,,ha-noi,"Bán Nhà Láng Hạ, Đống Đa, Ô tô, 44m2, 5 tầng, 4.8mMT, Chỉ 9.2 Tỷ",,"Phố Láng Hạ, Phường Láng Hạ, Quận Đống Đa, Hà NộiXem bản đồ","9,2 tỷ - 44 m2"
33 m²,3 phòng,3 phòng,Đã có sổ,"Nhà mặt phố, mặt tiền",,,"168,18 triệu/m²",Đông Nam,4,,,,ha-noi,🏠 TRUNG TÂM QUẬN HÀ ĐÔNG - NHÀ MỚI - MẶT PHỐ - VỈA HÈ - Ô TÔ TRÁNH,,"Hà Cầu, Phường Hà Cầu, Quận Hà Đông, Hà NộiXem bản đồ","5,55 tỷ - 33 m2"
93 m²,4 phòng,,Đã có sổ,"Nhà ngõ, hẻm",6.3 m,93 m²,"107,53 triệu/m²",,1,,,,ha-noi,"NHÀ NGÃ TƯ MINH KHAI DT 93M MẶT TIỀN 6,3M CÁCH PHỐ 20M XÂY TÒA CCMN",,"Phố Minh Khai, Phường Minh Khai, Quận Hai Bà Trưng, Hà NộiXem bản đồ",10 tỷ - 93 m2
50 m²,3 phòng,3 phòng,Đã có sổ,"Nhà ngõ, hẻm",,,76 triệu/m²,,3,,Nội thất đầy đủ,,ha-noi,"Nhà dân xây Phú Diễn, 50m*3t, mt 5m, 3PN, sđcc, ôtô đỗ cửa, 3.8 tỷ ctl",,"Đường Phú Diễn, Phường Phú Diễn, Quận Bắc Từ Liêm, Hà NộiXem bản đồ","3,8 tỷ - 50 m2"
48 m²,5 phòng,4 phòng,Đã có sổ,"Nhà ngõ, hẻm",,,"104,17 triệu/m²",,6,,Nội thất đầy đủ,,ha-noi,BÁN NHÀ ĐẤT VINHOME SMART - 5 TẦNG - 48M2 5 TỈ,,"undefined, Phường Tây Mỗ, Quận Nam Từ Liêm, Hà NộiXem bản đồ",5 tỷ - 48 m2
34 m²,4 phòng,2 phòng,Đã có sổ,"Nhà ngõ, hẻm",,,"113,24 triệu/m²",,3,,Nội thất đầy đủ,,ha-noi,💯💯Bán đất tặng nhà 3 tầng mới tinh tại Thị Trấn Thường Tín HN tặng kèm,,"đường không tên, Thị trấn Thường Tín, Huyện Thường Tín, Hà NộiXem bản đồ","3,85 tỷ - 34 m2"
90 m²,4 phòng,4 phòng,Đã có sổ,"Nhà mặt phố, mặt tiền",,,"110,56 triệu/m²",,5,,Nội thất đầy đủ,,ha-noi,PHÂN LÔ QUÂN ĐỘI 5 TẦNG-90M2-Ô TÔ ĐỖ CỬA- NGUYỄN KHOÁI - HAI BÀ TRƯNG,,"Đường Nguyễn Khoái, Phường Bạch Đằng, Quận Hai Bà Trưng, Hà NộiXem bản đồ","9,95 tỷ - 90 m2"
35 m²,2 phòng,,,"Nhà mặt phố, mặt tiền",,,20 triệu/m²,,,,,,ha-noi,"BÁN NHÀ ĐẠI MỖ, PLÔ ÔTÔ, FULL NỘI THẤT, 700 TRIỆU.",,"Đại Mỗ, Phường Đại Mỗ, Quận Nam Từ Liêm, Hà NộiXem bản đồ",700 triệu - 35 m2
35 m²,5 phòng,,Đã có sổ,"Nhà mặt phố, mặt tiền",,,"188,57 triệu/m²",,,,,,ha-noi,"BÁN NHÀ TÂY SƠN, LÔ GÓC, NGÕ THÔNG, NỘI THẤT VIP, 6.6 TỶ",,"Tây Sơn, Phường Ngã Tư Sở, Quận Đống Đa, Hà NộiXem bản đồ","6,6 tỷ - 35 m2"
30 m²,3 phòng,4 phòng,Đã có sổ,"Nhà ngõ, hẻm",,,"116,67 triệu/m²",Tây Nam,5,,,,ha-noi,NGỌC TRÌ LONG BIÊN XÂY MỚI 5 TẦNG NGÕ OTO (ẢNH THẬT),,"Phố Ngọc Trì, Phường Thạch Bàn, Quận Long Biên, Hà NộiXem bản đồ","3,5 tỷ - 30 m2"
38 m²,3 phòng,3 phòng,Đã có sổ,"Nhà ngõ, hẻm",,,"78,95 triệu/m²",Tây Bắc,5,,,,ha-noi,--- SIÊU HIẾM SIÊU RẺ--- CHỦ BÁN GẤP BÁN NHÀ NGUYỄN VĂN LINH LONG BIÊN,,"Đường Nguyễn Văn Linh, Phường Thạch Bàn, Quận Long Biên, Hà NộiXem bản đồ",3 tỷ - 38 m2
37 m²,3 phòng,4 phòng,Đã có sổ,"Nhà ngõ, hẻm",,,"109,46 triệu/m²",Đông Nam,5,,,,ha-noi,-- MUA NHANH CHỦ BÁN GẤP - -- THẠCH BÀN LÀM GÌ CÓ ĐẸP NHƯ NÀY - 41m C,,"Thạch Bàn, Phường Thạch Bàn, Quận Long Biên, Hà NộiXem bản đồ","4,05 tỷ - 37 m2"
52 m²,5 phòng,6 phòng,Đã có sổ,"Nhà ngõ, hẻm",,,"192,31 triệu/m²",,7,,,,ha-noi,"BÁN NHÀ THỤY KHUÊ, NHÀ MỚI ĐÓN TẾT, 2 THOÁNG, 40M RA PHỐ, 52M, 10 TỶ.",,"Đường Thụy Khuê, Phường Bưởi, Quận Tây Hồ, Hà NộiXem bản đồ",10 tỷ - 52 m2
42 m²,3 phòng,4 phòng,Đã có sổ,"Nhà ngõ, hẻm",,,"102,38 triệu/m²",,5,,Nội thất đầy đủ,,ha-noi,"Giá sập sàn! Nhà Vĩnh Hồ, gần phố, ngõ thoáng sáng, NT Vip, 42m2*5T",,"Vĩnh Hồ, Phường Thịnh Quang, Quận Đống Đa, Hà NộiXem bản đồ","4,3 tỷ - 42 m2"
45 m²,4 phòng,4 phòng,Đã có sổ,"Nhà ngõ, hẻm",,,"124,44 triệu/m²",,4,,Nội thất cao cấp,,ha-noi,NHÀ ĐẸP DÂN XÂY - NGÕ THÔNG RỘNG CÁCH Ô TÔ 10M- TẶNG NỘI THẤT XỊN SÒ,,"Kim Ngưu, Phường Thanh Nhàn, Quận Hai Bà Trưng, Hà NộiXem bản đồ","5,6 tỷ - 45 m2"
38 m²,3 phòng,4 phòng,Đã có sổ,Nhà phố liền kề,,,"128,68 triệu/m²",,5,,Nội thất cao cấp,,ha-noi,"Lô góc Xã Đàn! sát phố, ngõ thông, 2 thoáng vĩnh viễn, 38m2*5T",,"Phố Xã Đàn, Phường Nam Đồng, Quận Đống Đa, Hà NộiXem bản đồ","4,89 tỷ - 38 m2"
39 m²,3 phòng,4 phòng,Đã có sổ,"Nhà ngõ, hẻm",,,"103,85 triệu/m²",,5,,Nội thất đầy đủ,,ha-noi,"Trương Định ngõ nông sát phố gần trường gần chợ ,hàng xóm thân thiện .",,"Trại Cá, Phường Trương Định, Quận Hai Bà Trưng, Hà NộiXem bản đồ","4,05 tỷ - 39 m2"
40 m²,4 phòng,3 phòng,Đã có sổ,"Nhà ngõ, hẻm",,,"83,75 triệu/m²",,4,,Nội thất đầy đủ,,ha-noi,Cầu Cốc diện tích: 40m2* 5tầng; mặt tiền: 3.3m; giá: 3.35 tỷ,,"Cầu cốc, Phường Tây Mỗ, Quận Nam Từ Liêm, Hà NộiXem bản đồ","3,35 tỷ - 40 m2"
44 m²,3 phòng,4 phòng,Đã có sổ,"Nhà ngõ, hẻm",,,"79,55 triệu/m²",,3,,,,ha-noi,Bán nhà 44m2x3 tầng ngõ phố Minh Khai,,"Minh Khai, Phường Minh Khai, Quận Hai Bà Trưng, Hà NộiXem bản đồ","3,5 tỷ - 44 m2"
49.0998 m²,4 phòng,,Đã có sổ,"Nhà ngõ, hẻm",,49.0998 m²,"80,45 triệu/m²",,,,,,ha-noi,"💥💥💥NHÀ ĐẸP ĐÓN TẾT, DIỆN TÍCH KHỦNG, GIÁ NGON BỔ RẺ",,"Ngách 15 Ngõ Gốc Đề, Phường Minh Khai, Quận Hai Bà Trưng, Hà NộiXem bản đồ","3,95 tỷ - 49.0.998 m2"
32 m²,4 phòng,3 phòng,Đã có sổ,"Nhà ngõ, hẻm",,,"114,06 triệu/m²",,4,,Nội thất cao cấp,,ha-noi,"Bán nhà phố Trương Định,q.Hoàng Mai,10m ra ô tô DT32mx4TxMT3,2-3,65 tỷ",,"Trương Định, Phường Hoàng Liệt, Quận Hoàng Mai, Hà NộiXem bản đồ","3,65 tỷ - 32 m2"
50 m²,4 phòng,4 phòng,Đã có sổ,"Nhà ngõ, hẻm",,,216 triệu/m²,,4,,Nội thất đầy đủ,,ha-noi,"BÁN NHÀ PHỐ VỌNG,GẦN NHIỀU TRƯỜNG ĐH,QUẬN HAI BÀ TRƯNG 50M,10,8 TỶ",,"Phố Vọng, Phường Đồng Tâm, Quận Hai Bà Trưng, Hà NộiXem bản đồ","10,8 tỷ - 50 m2"
70 m²,4 phòng,4 phòng,Đã có sổ,"Nhà ngõ, hẻm",,,"321,43 triệu/m²",,6,,Nội thất đầy đủ,,ha-noi,"Giáp sân Quần Ngựa,phố Văn Cao,Ba Đình khu phân lô,70m,6 tầng,22,5 tỷ",,"Phố Quần Ngựa, Phường Liễu Giai, Quận Ba Đình, Hà NộiXem bản đồ","22,5 tỷ - 70 m2"
50 m²,4 phòng,5 phòng,Đã có sổ,"Nhà ngõ, hẻm",,,94 triệu/m²,,4,,,,ha-noi,BÁN NHÀ LÊ THANH NGHỊ - LÔ GÓC - DTSD 50M2 - GIÁ: HƠN 4TỶ - LÕI HBT.,,"Phố Lê Thanh Nghị, Phường Bách Khoa, Quận Hai Bà Trưng, Hà NộiXem bản đồ","4,7 tỷ - 50 m2"
58 m²,4 phòng,6 phòng,Đã có sổ,"Nhà mặt phố, mặt tiền",,,"203,45 triệu/m²",,5,,,,ha-noi,BÁN NHÀ P/L LẠC TRUNG-NGÕ THÔNG-OTO-GARA-THANG MÁY-DT 58m2-11.8TỶ.,,"Phố Lạc Trung, Phường Vĩnh Tuy, Quận Hai Bà Trưng, Hà NộiXem bản đồ","11,8 tỷ - 58 m2"
40 m²,4 phòng,5 phòng,,"Nhà ngõ, hẻm",,,175 triệu/m²,,5,"Hẻm xe hơi,Nở hậu",,,ha-noi,BÁN NHÀ P/L LẠC TRUNG-LÔ GÓC-Ô TÔ-VỈA HÈ-KINH DOANH-HƠN 7TỶ,,"Lạc Trung, Phường Thanh Lương, Quận Hai Bà Trưng, Hà NộiXem bản đồ",7 tỷ - 40 m2
35 m²,3 phòng,4 phòng,Đã có sổ,"Nhà ngõ, hẻm",4.5 m,,"128,57 triệu/m²",,5,,,,ha-noi,Chủ thiện chí bán nhà đẹp Mỹ Đình 35m x 5T ô tô đỗ cổng,,"Đường Phú Mỹ, Phường Mỹ Đình 2, Quận Nam Từ Liêm, Hà NộiXem bản đồ","4,5 tỷ - 35 m2"
40 m²,3 phòng,5 phòng,Đã có sổ,"Nhà mặt phố, mặt tiền",,,175 triệu/m²,,7,,Nội thất cao cấp,,ha-noi,CC BÁN NHÀ MINH KHAI-GẦN OTO-THANG MÁY-FULL NỘI THẤT-7 TẦNG-HƠN 7TỶ.,,"Minh Khai, Phường Minh Khai, Quận Hai Bà Trưng, Hà NộiXem bản đồ",7 tỷ - 40 m2
48 m²,4 phòng,,,"Nhà ngõ, hẻm",,,"102,08 triệu/m²",,7,,,,ha-noi,Bán nhà Đào Tấn-48m2-Hơn 4 tỷ-2 Mặt Thoáng-50M Ra Phố-Dân Trí,,"Đào Tấn, Phường Cống Vị, Quận Ba Đình, Hà NộiXem bản đồ","4,9 tỷ - 48 m2"
40 m²,3 phòng,,Đã có sổ,"Nhà ngõ, hẻm",,,130 triệu/m²,,,,,,ha-noi,"Gấp ! Khu VIP Cầu Giấy 3 thoáng, gần ô tô, kinh doanh, 44m2*4T",,"Phạm Văn Đồng, Phường Mai Dịch, Quận Cầu Giấy, Hà NộiXem bản đồ","5,2 tỷ - 40 m2"
34.7999 m²,3 phòng,3 phòng,Đã có sổ,"Nhà ngõ, hẻm",,,"102,01 triệu/m²",Tây,4,,,,ha-noi,Cầu Cốc-Tây Mỗ diện tích: 34.8m2* 4tầng; Mt: 3.18m; giá: 3.55 tỷ,,"Ngõ 43 Phố Cầu Cốc, Phường Tây Mỗ, Quận Nam Từ Liêm, Hà NộiXem bản đồ","3,55 tỷ - 34.7.999 m2"
52 m²,4 phòng,5 phòng,Đã có sổ,"Nhà ngõ, hẻm",,,"211,54 triệu/m²",,6,,Nội thất đầy đủ,,ha-noi,"💥Bán nhà ÔTÔ Lương Đình Của - Đống Đa 52m x6T, MT 4.7m.Giá chỉ11 tỷ💕",,"Phố Lương Định Của, Phường Kim Liên, Quận Đống Đa, Hà NộiXem bản đồ",11 tỷ - 52 m2
50 m²,4 phòng,4 phòng,Đã có sổ,"Nhà ngõ, hẻm",,50 m²,133 triệu/m²,,5,,,,ha-noi,"Ban Nhà Thái Hà, Đống Đa, Cách Oto 30m 50m2, 5 Tầng",,"Thái Hà, Phường Láng Hạ, Quận Đống Đa, Hà NộiXem bản đồ","6,65 tỷ - 50 m2"
36 m²,3 phòng,4 phòng,,"Nhà ngõ, hẻm",,,125 triệu/m²,Đông,5,,Nội thất đầy đủ,,ha-noi,ROYAL CITY-THANH XUÂN- NGUYỄN TRÃI- NHÀ MỚI-LÔ GÓC-36M2- 4 TẦNG-4 TỶ,,"Đường Nguyễn Trãi, Phường Thanh Xuân Trung, Quận Thanh Xuân, Hà NộiXem bản đồ","4,5 tỷ - 36 m2"
50 m²,2 phòng,2 phòng,Đã có sổ,"Nhà ngõ, hẻm",,,89 triệu/m²,Đông Nam,2,,,,ha-noi,"DƯỚI 100TR/M2-ĐỐNG ĐA-NGUYỄN LƯƠNG BĂNG-50M2-4,5 TỶ-1 NGOẶT RA PHỐ",,"nguyễn lương bằng, Phường Thịnh Quang, Quận Đống Đa, Hà NộiXem bản đồ","4,45 tỷ - 50 m2"
50 m²,4 phòng,5 phòng,Đã có sổ,"Nhà ngõ, hẻm",,,170 triệu/m²,Đông Nam,6,,,,ha-noi,GIÁ RẺ SIÊU HỜI NHÀ NGUYỄN SƠN TRUNG TÂM LONG BIÊN,,"Đường Nguyễn Sơn, Phường Long Biên, Quận Long Biên, Hà NộiXem bản đồ","8,5 tỷ - 50 m2"
309 m²,4 phòng,4 phòng,Đã có sổ,Nhà biệt thự,,,"161,81 triệu/m²",Đông Nam,4,,,,ha-noi,"🍂Biệt Thự Đơn Lập Ngọc Trai 309m2 Mặt vườn hoa, đường nhìn nhà, Giá 5",,"Ngọc Trai 16, Thị trấn Trâu Quỳ, Huyện Gia Lâm, Hà NộiXem bản đồ",50 tỷ - 309 m2
36 m²,3 phòng,,,"Nhà ngõ, hẻm",,,"102,78 triệu/m²",,,,,,ha-noi,"Hiếm! Khu VIP Cổ Nhuế ba gác đỗ cửa,kinh doanh, 36m2*5T",,"Cổ Nhuế, Phường Cổ Nhuế 2, Quận Bắc Từ Liêm, Hà NộiXem bản đồ","3,7 tỷ - 36 m2"
48 m²,4 phòng,,Đã có sổ,"Nhà ngõ, hẻm",,,"77,08 triệu/m²",,,,Nội thất đầy đủ,,ha-noi,Bán gấp nhà Phú Diễn Oto 7 chỗ đỗ cửa,,"Phú Diễn, Phường Phú Diễn, Quận Bắc Từ Liêm, Hà NộiXem bản đồ","3,7 tỷ - 48 m2"
50 m²,4 phòng,4 phòng,Đã có sổ,"Nhà ngõ, hẻm",,,152 triệu/m²,,5,,Nội thất đầy đủ,,ha-noi,Bán nhà Chùa Bộc 50m2 nhà đẹp 2 thoáng cách oto 15m ở ngay 7.6 tỷ,,"Phố Chùa Bộc, Phường Trung Tự, Quận Đống Đa, Hà NộiXem bản đồ","7,6 tỷ - 50 m2"
35 m²,5 phòng,5 phòng,Đã có sổ,"Nhà ngõ, hẻm",,,"188,57 triệu/m²",,6,,Nội thất đầy đủ,,ha-noi,Bán nhà Tây Sơn 35m2 vị trí đẹp lô góc ngõ thông cách phố 15m 6.6 tỷ,,"Phố Tây Sơn, Phường Ngã Tư Sở, Quận Đống Đa, Hà NộiXem bản đồ","6,6 tỷ - 35 m2"
67 m²,1 phòng,,Đã có sổ,"Nhà ngõ, hẻm",,,"44,78 triệu/m²",,,,,,ha-noi,"Bán đất tặng nhà DT 67m MT 5,8m xây CCMN cho thuê cực đỉnh, hơn 3 tỷ.",,"Cổ Nhuế, Phường Cổ Nhuế 2, Quận Bắc Từ Liêm, Hà NộiXem bản đồ",3 tỷ - 67 m2
48 m²,3 phòng,2 phòng,,"Nhà ngõ, hẻm",,,"120,83 triệu/m²",Đông Nam,,Nở hậu,,,ha-noi,"Nhà 48m nở hậu, 10 bước ra xe hơi, ngã 4 Thái Hà - Chùa Bộc chỉ 5.8ty",,"Thái Hà, Phường Trung Liệt, Quận Đống Đa, Hà NộiXem bản đồ","5,8 tỷ - 48 m2"
76 m²,4 phòng,5 phòng,Đã có sổ,"Nhà ngõ, hẻm",,,"118,42 triệu/m²",,4,1,,,ha-noi,"NHÀ ĐẸP HỒNG TIẾN 76M2 ,4 TẦNG , GARA . GIÁ 9 TỶ",,"Phố Hoàng Như Tiếp, Phường Bồ Đề, Quận Long Biên, Hà NộiXem bản đồ",9 tỷ - 76 m2
70 m²,5 phòng,5 phòng,Đã có sổ,,,,"131,14 triệu/m²",,7,1,,,ha-noi,"NHÀ ĐẸP NGUYỄN SƠN TH MÁY Ô TÔ VÀO NHÀ GIÁ 9,18 TỶ",,"Phường Bồ Đề, Quận Long Biên, Hà NộiXem bản đồ","9,18 tỷ - 70 m2"
35 m²,3 phòng,,Đã có sổ,"Nhà ngõ, hẻm",,,"157,14 triệu/m²",,,,Nội thất đầy đủ,,ha-noi,Bán nhà Ngõ thông chủ nhà tặng nội thất,,"Hồ Tùng Mậu, Phường Mai Dịch, Quận Cầu Giấy, Hà NộiXem bản đồ","5,5 tỷ - 35 m2"
51 m²,4 phòng,4 phòng,Đã có sổ,"Nhà ngõ, hẻm",,,"89,8 triệu/m²",,4,,Nội thất cao cấp,,ha-noi,"NHÀ HOÀNG NHƯ TIẾP 51M2 , MẶT 4,5 M . GIÁ 4,58 TỶ",,"Phường Bồ Đề, Quận Long Biên, Hà NộiXem bản đồ","4,58 tỷ - 51 m2"
45 m²,4 phòng,5 phòng,Đã có sổ,"Nhà ngõ, hẻm",,,"77,78 triệu/m²",,4,,Nội thất đầy đủ,,ha-noi,"Bán Nhà phố Mai Phúc 45m2,4 tầng , giá 3,5 tỷ",,"Phố Mai Phúc, Phường Phúc Đồng, Quận Long Biên, Hà NộiXem bản đồ","3,5 tỷ - 45 m2"
33 m²,4 phòng,4 phòng,Đã có sổ,"Nhà ngõ, hẻm",,,"109,09 triệu/m²",,5,1,,,ha-noi,"NHÀ ĐẸP BỒ ĐỀ PHỐ 33M2 , 5 TẦNG , GIÁ 3,6 TỶ",,"Phường Bồ Đề, Quận Long Biên, Hà NộiXem bản đồ","3,6 tỷ - 33 m2"
20 m²,2 phòng,3 phòng,Giấy tờ khác,"Nhà ngõ, hẻm",,,"77,5 triệu/m²",,4,,Nội thất đầy đủ,,ha-noi,"Bán nhà hoàng mai, sát hồ đền lừ , 20m, 4 tầng ,giá 1,55 tỷ",,"Hoàng Mai, Phường Hoàng Văn Thụ, Quận Hoàng Mai, Hà NộiXem bản đồ","1,55 tỷ - 20 m2"
40 m²,7 phòng,,,"Nhà ngõ, hẻm",,,115 triệu/m²,,,,,,ha-noi,"Bán nhà Mỹ Đình, 7 phòng khép kin, 5 tầng, 4.6 tỷ",,"Đường Mỹ Đình, Phường Mỹ Đình 2, Quận Nam Từ Liêm, Hà NộiXem bản đồ","4,6 tỷ - 40 m2"
18 m²,2 phòng,2 phòng,Giấy tờ khác,"Nhà ngõ, hẻm",,,"87,78 triệu/m²",,4,,Nhà trống,,ha-noi,"Bán Nhà Tân Mai , Hoàng Mai, 18m, 4 tầng, giá 1,58 tỷ có thương lượng",,"Tân Mai, Phường Tân Mai, Quận Hoàng Mai, Hà NộiXem bản đồ","1,58 tỷ - 18 m2"
22 m²,2 phòng,3 phòng,Đã có sổ,"Nhà ngõ, hẻm",,,"72,73 triệu/m²",,4,,Nội thất đầy đủ,,ha-noi,"Bán nhà Tân Mai, Hoàng Mai, 22m, 4 tầng, giá 1,6 tỷ, ngõ nông rộng",,"Phố Tân Mai, Phường Tân Mai, Quận Hoàng Mai, Hà NộiXem bản đồ","1,6 tỷ - 22 m2"
20 m²,2 phòng,3 phòng,Đã có sổ,"Nhà ngõ, hẻm",,,"82,5 triệu/m²",,4,,Nội thất đầy đủ,,ha-noi,"Bán Nhà Tam Trinh, Hoàng Mai, 20m, 4 tầng, chắc chắn, giá 1,65 tỷ",,"Đường Tam Trinh, Phường Mai Động, Quận Hoàng Mai, Hà NộiXem bản đồ","1,65 tỷ - 20 m2"
35 m²,3 phòng,3 phòng,Đã có sổ,"Nhà ngõ, hẻm",,,"102,86 triệu/m²",,5,,Nội thất đầy đủ,,ha-noi,"BÁN NHÀ PHỐ ĐỊNH CÔNG ,HOÀNG MAI, NHÀ ĐẸP 35M, 5 TẦNG, GIÁ CHỈ 3,6 TỶ",,"Phố Định Công, Phường Định Công, Quận Hoàng Mai, Hà NộiXem bản đồ","3,6 tỷ - 35 m2"
33 m²,5 phòng,5 phòng,Đã có sổ,"Nhà ngõ, hẻm",,,"109,09 triệu/m²",,6,,Nội thất đầy đủ,,ha-noi,Bán nhà Thạch Bàn 33m2 nhà đẹp oto đỗ cổng tặng full nội thất 3.6 tỷ,,"Đường Thạch Bàn, Phường Thạch Bàn, Quận Long Biên, Hà NộiXem bản đồ","3,6 tỷ - 33 m2"
35 m²,3 phòng,3 phòng,Đã có sổ,"Nhà mặt phố, mặt tiền",,200 m²,"105,71 triệu/m²",,5,,,,ha-noi,"BÁN NHÀ PHỐ ĐỊNH CÔNG ,HOÀNG MAI, Ô TÔ ĐỖ 35M, 5 TẦNG, GIÁ CHỈ 3,7 TỶ",,"Phố Định Công, Phường Định Công, Quận Hoàng Mai, Hà NộiXem bản đồ","3,7 tỷ - 35 m2"
110 m²,4 phòng,4 phòng,Đã có sổ,"Nhà ngõ, hẻm",,,"74,55 triệu/m²",,5,,Nội thất đầy đủ,,ha-noi,Bán nhà Phúc Lợi 110m2 lô góc 3 mặt tiền đường oto tránh 8.2 tỷ,,"Phúc Lợi, Phường Phúc Lợi, Quận Long Biên, Hà NộiXem bản đồ","8,2 tỷ - 110 m2"
40 m²,4 phòng,5 phòng,Đã có sổ,"Nhà ngõ, hẻm",,,"137,5 triệu/m²",,6,,Nội thất đầy đủ,,ha-noi,"Xứng đáng! HÀO NAM, nhà đẹp lung linh, thông thương phố. 40m*6T",,"Phố Hào Nam, Phường Ô Chợ Dừa, Quận Đống Đa, Hà NộiXem bản đồ","5,5 tỷ - 40 m2"
33 m²,3 phòng,3 phòng,Đã có sổ,"Nhà mặt phố, mặt tiền",,,"113,64 triệu/m²",,5,,Nội thất đầy đủ,,ha-noi,"BÁN NHÀ PHỐ ĐỊNH CÔNG ,HOÀNG MAI, Ô TÔ ĐỖ 33M, 5 TẦNG, GIÁ 3,75 TỶ",,"Phố Định Công, Phường Định Công, Quận Hoàng Mai, Hà NộiXem bản đồ","3,75 tỷ - 33 m2"
37 m²,4 phòng,4 phòng,Đã có sổ,"Nhà ngõ, hẻm",,37 m²,"116,22 triệu/m²",,5,,,,ha-noi,"Thật như đùa! TÔN THẤT TÙNG, ngôi nhà sạch đẹp, khu vực phố xá. 37m*5T",,"Phố Tôn Thất Tùng, Phường Khương Thượng, Quận Đống Đa, Hà NộiXem bản đồ","4,3 tỷ - 37 m2"
45 m²,4 phòng,3 phòng,Đã có sổ,"Nhà ngõ, hẻm",,,"72,22 triệu/m²",,4,,Nội thất đầy đủ,,ha-noi,"Bán nhà Hoàng Mai, nhà đẹp ở luôn, 45m, 4 tầng ,sổ đỏ đẹp 3,25 tỷ",,"Hoàng Mai, Phường Hoàng Văn Thụ, Quận Hoàng Mai, Hà NộiXem bản đồ","3,25 tỷ - 45 m2"
52 m²,4 phòng,4 phòng,Đã có sổ,"Nhà ngõ, hẻm",,,"130,77 triệu/m²",,4,,Nội thất cao cấp,,ha-noi,Bán nhà Đại Mỗ-Nam Từ Liêm-52m-4 tầng-Nội thất toàn gỗ Lim-ô tô-6.x tỷ,,"Đại Mỗ, Phường Đại Mỗ, Quận Nam Từ Liêm, Hà NộiXem bản đồ","6,8 tỷ - 52 m2"
