Diện tích đất:,Số phòng ngủ:,Số phòng vệ sinh:,Giấy tờ pháp lý:,Loại hình nhà ở:,Chiều ngang:,Diện tích sử dụng:,Giá/m2:,Hướng cửa chính:,Tổng số tầng:,Đặc điểm nhà/đất:,Tình trạng nội thất:,Chiều dài:,Location,Name,URL,District,Price
31 m²,4 phòng,3 phòng,Đã có sổ,"Nhà ngõ, hẻm",,,"82,26 triệu/m²",,5,,Nhà trống,,ha-noi,Bán căn sát cầu Hữu Hoà-5 tầng,,"Cầu Hữu Hoà, Xã Hữu Hoà, Huyện Thanh Trì, Hà NộiXem bản đồ","2,55 tỷ - 31 m2"
31 m²,3 phòng,3 phòng,Đã có sổ,"Nhà ngõ, hẻm",,31 m²,"103,23 triệu/m²",,5,,,,ha-noi,Bán Căn Trung Thanh Hữu Hoà ô tô qua ngõ,,"Trung Thanh, Xã Hữu Hoà, Huyện Thanh Trì, Hà NộiXem bản đồ","3,2 tỷ - 31 m2"
45 m²,3 phòng,3 phòng,Đã có sổ,"Nhà ngõ, hẻm",,,"97,33 triệu/m²",,4,,Nội thất đầy đủ,,ha-noi,Bán Nhà Sát cầu Thanh Liệt ô tô đậu cửa,,"Cầu Than Liệt- Kim Giang, Xã Thanh Liệt, Huyện Thanh Trì, Hà NộiXem bản đồ","4,38 tỷ - 45 m2"
65 m²,4 phòng,,Đã có sổ,"Nhà ngõ, hẻm",,65 m²,"43,08 triệu/m²",,5,,,,ha-noi,5TẦNG DÂN XÂY x Ô tô THANH ĐÀM NGUYỄN KHOÁI,,"Thanh Đàm, Phường Thanh Trì, Quận Hoàng Mai, Hà NộiXem bản đồ","2,8 tỷ - 65 m2"
145 m²,10 phòng,,Đã có sổ,"Nhà mặt phố, mặt tiền",,,"344,83 triệu/m²",,,,Nội thất cao cấp,,ha-noi,BÁN NHÀ HUỲNH THÚC KHÁNG- LÔ GÓC - VỈA HÈ - KINH DOANH - THANG MÁY XỊN,,"Huỳnh Thúc Kháng, Phường Láng Hạ, Quận Đống Đa, Hà NộiXem bản đồ",50 tỷ - 145 m2
26 m²,3 phòng,3 phòng,Đã có sổ,"Nhà ngõ, hẻm",,26 m²,"96,15 triệu/m²",,5,,,,ha-noi,NHÀ NAM DƯ 4TẦNG 3NGỦ DÂN XÂY Ô TÔ ĐỖ CỬA,,"Nam Dư, Phường Lĩnh Nam, Quận Hoàng Mai, Hà NộiXem bản đồ","2,5 tỷ - 26 m2"
37 m²,4 phòng,4 phòng,Đã có sổ,"Nhà ngõ, hẻm",,,"116,22 triệu/m²",,4,,Nội thất đầy đủ,,ha-noi,37M2_4 NGỦ_CHÙA QUỲNH_20M Ô TÔ TRÁNH_HAI THOÁNG_GIÁ 4.3 TỶ,,"Phố Chùa Quỳnh, Phường Quỳnh Lôi, Quận Hai Bà Trưng, Hà NộiXem bản đồ","4,3 tỷ - 37 m2"
33 m²,4 phòng,3 phòng,Đã có sổ,"Nhà ngõ, hẻm",,,"145,45 triệu/m²",,4,,,,ha-noi,NGÕ THÔNG KINH DOANH NHÀ MỚI Ở LUÔN. 4 TẦNG 4 NGỦ ĐẦY ĐỦ CÔNG NĂNG.,,"Vũ Tông Phan, Phường Khương Trung, Quận Thanh Xuân, Hà NộiXem bản đồ","4,8 tỷ - 33 m2"
56 m²,3 phòng,,Đã có sổ,"Nhà ngõ, hẻm",,,"92,86 triệu/m²",,,,,,ha-noi,"Cơ hội lớn : Bán nhà Trương Định , 56m2 , 5,2 tỷ , SỔ VUÔNG, gần đường",,"Đường Trương Định, Phường Trương Định, Quận Hai Bà Trưng, Hà NộiXem bản đồ","5,2 tỷ - 56 m2"
36 m²,3 phòng,4 phòng,Đã có sổ,"Nhà ngõ, hẻm",,,"131,94 triệu/m²",,5,,Nội thất đầy đủ,,ha-noi,BÁN CĂN SIÊU MẪU NGÕ 686 Kim Giang,,"Kim Giang, Xã Thanh Liệt, Huyện Thanh Trì, Hà NộiXem bản đồ","4,75 tỷ - 36 m2"
36 m²,4 phòng,,,"Nhà ngõ, hẻm",,,"111,11 triệu/m²",,,,,,ha-noi,Bán nhà Trần Bình 36m x 5 tầng - Nhà Mới - Ô tô - Full Nội Thất - 4 Tỷ,,"Trần Bình, Phường Mai Dịch, Quận Cầu Giấy, Hà NộiXem bản đồ",4 tỷ - 36 m2
47 m²,4 phòng,,,"Nhà ngõ, hẻm",,,"110,64 triệu/m²",,,,,,ha-noi,Ô Hiếm Quá_Thái Hà_Rẻ Quá_Ngõ To Rộng_Cực Gần Phố_2 Thoáng_Ở Sướng,,"Thái Hà, Phường Trung Liệt, Quận Đống Đa, Hà NộiXem bản đồ","5,2 tỷ - 47 m2"
75 m²,4 phòng,3 phòng,Đã có sổ,"Nhà ngõ, hẻm",,,"103,33 triệu/m²",,4,,Nội thất cao cấp,,ha-noi,"BÁN GẤP NHÀ NGUYỄN VĂN CỪ,GIA THỤY LONG BIÊN DT. 75M2 - MT 5M - 7.75TỶ",,"Đường Nguyễn Văn Cừ, Phường Gia Thụy, Quận Long Biên, Hà NộiXem bản đồ","7,75 tỷ - 75 m2"
77 m²,3 phòng,4 phòng,Đã có sổ,"Nhà mặt phố, mặt tiền",,,"120,13 triệu/m²",,5,,Nội thất đầy đủ,,ha-noi,"PHẢI NHANH ! TÂY HỒ, 5 Tầng, THANG MÁY, 77m2, Ô TÔ, LÔ GÓC, NHỈNH 9 TỶ",,"Đường An Dương Vương, Phường Nhật Tân, Quận Tây Hồ, Hà NộiXem bản đồ","9,25 tỷ - 77 m2"
31 m²,3 phòng,4 phòng,Đã có sổ,"Nhà ngõ, hẻm",,,"130,65 triệu/m²",,5,,Nội thất đầy đủ,,ha-noi,NHÀ MỚI ĐẸP - XÂY ĐỘC LẬP - MẶT TIỀN RỘNG - HAI THOÁNG - TT HÀ ĐÔNG,,"Lê Hồng Phong, Phường Nguyễn Trãi, Quận Hà Đông, Hà NộiXem bản đồ","4,05 tỷ - 31 m2"
112 m²,2 phòng,2 phòng,Đã có sổ,"Nhà mặt phố, mặt tiền",6.5998 m,,"157,14 triệu/m²",,2,,,,ha-noi,"🇻🇳 BÁN MẢNH ĐẤT VÀNG / LÔ DT 112/120m2 x 2 T . MT6,6m - GIÁ 17,9 Tỷ",,"Lương khánh thiện, Phường Tương Mai, Quận Hoàng Mai, Hà NộiXem bản đồ","17,6 tỷ - 112 m2"
36 m²,4 phòng,,,"Nhà ngõ, hẻm",,,"101,39 triệu/m²",,,,,,ha-noi,"Bán nhà Phú Diễn - 36m x 5 tầng, - Nhà Mới - Ô Tô - Nội thất đẹp- 3 tỷ",,"Phú Diễn, Phường Phú Diễn, Quận Bắc Từ Liêm, Hà NộiXem bản đồ","3,65 tỷ - 36 m2"
53 m²,6 phòng,Nhiều hơn 6 phòng,Đã có sổ,"Nhà ngõ, hẻm",,,"179,25 triệu/m²",,7,,Nội thất cao cấp,,ha-noi,"Bán nhà mặt ngõ 462 Bưởi, gara ô tô, 7T thang máy, lô góc 3 thoáng",,"Đường Bưởi, Phường Vĩnh Phúc, Quận Ba Đình, Hà NộiXem bản đồ","9,5 tỷ - 53 m2"
48 m²,6 phòng,6 phòng,Đã có sổ,"Nhà ngõ, hẻm",,,"197,92 triệu/m²",,7,,Nội thất đầy đủ,,ha-noi,"Bán siêu phẩm Hoàng Quốc Việt, gara ô tô, 7T thang máy, lô góc.",,"Phố Nghĩa Đô, Phường Nghĩa Đô, Quận Cầu Giấy, Hà NộiXem bản đồ","9,5 tỷ - 48 m2"
45 m²,5 phòng,5 phòng,Đã có sổ,"Nhà ngõ, hẻm",,,"188,89 triệu/m²",,7,,Nội thất cao cấp,,ha-noi,"Bán nhà mặt ngõ 462 Bưởi, 7T, Thang Máy, lô góc, ô tô đỗ cửa.",,"Đường Bưởi, Phường Vĩnh Phúc, Quận Ba Đình, Hà NộiXem bản đồ","8,5 tỷ - 45 m2"
48 m²,6 phòng,6 phòng,Đã có sổ,"Nhà ngõ, hẻm",,,"197,92 triệu/m²",,7,,Nội thất đầy đủ,,ha-noi,"Bán siêu phẩm Hoàng Quốc Việt, gara ô tô, 7T thang máy, lô góc.",,"Phố Nghĩa Đô, Phường Nghĩa Đô, Quận Cầu Giấy, Hà NộiXem bản đồ","9,5 tỷ - 48 m2"
45 m²,5 phòng,5 phòng,Đã có sổ,"Nhà ngõ, hẻm",,,"188,89 triệu/m²",,7,,Nội thất cao cấp,,ha-noi,"Bán nhà mặt ngõ 462 Bưởi, 7T, Thang Máy, lô góc, ô tô đỗ cửa.",,"Đường Bưởi, Phường Vĩnh Phúc, Quận Ba Đình, Hà NộiXem bản đồ","8,5 tỷ - 45 m2"
45 m²,6 phòng,6 phòng,Đã có sổ,"Nhà ngõ, hẻm",,,"188,89 triệu/m²",,7,,Nội thất cao cấp,,ha-noi,"Bán gấp siêu phẩm Thụy Khuê, gara Ô tô, 7T, thang máy, lô góc.",,"undefined, Phường Thụy Khuê, Quận Tây Hồ, Hà NộiXem bản đồ","8,5 tỷ - 45 m2"
172 m²,4 phòng,5 phòng,Đã có sổ,Nhà biệt thự,,,"279,07 triệu/m²",,4,,Nội thất cao cấp,,ha-noi,BÁN GẤP BIỆT THỰ THÀNH PHỐ GIAO LƯU - 172M MT; 10.5M 48 TỶ VỊ TRÍ VÀNG,,"Thành Phố Giao Lưu, Phường Cổ Nhuế 1, Quận Bắc Từ Liêm, Hà NộiXem bản đồ",48 tỷ - 172 m2
32 m²,3 phòng,4 phòng,Đã có sổ,"Nhà ngõ, hẻm",,,100 triệu/m²,,5,,Nội thất đầy đủ,,ha-noi,La Phù - nhỉnh 3 tỉ- 5 tầng - ô tô vào nhà.,,"La phù , Xã An Khánh, Huyện Hoài Đức, Hà NộiXem bản đồ","3,2 tỷ - 32 m2"
50 m²,4 phòng,,Đã có sổ,"Nhà ngõ, hẻm",,,"43,2 triệu/m²",,3,,,,ha-noi,Nhà 3 Tầng 50m2 - Ô tô vào Giáp đường Cienco 5 Cách KĐT XaLa 15 phút,,"KĐT XaLa, Phường Kiến Hưng, Quận Hà Đông, Hà NộiXem bản đồ","2,16 tỷ - 50 m2"
25 m²,2 phòng,3 phòng,Đã có sổ,"Nhà ngõ, hẻm",,,"133,6 triệu/m²",,4,,Nội thất đầy đủ,,ha-noi,"NHÀ ĐẸP PHỐ LÊ THANH NGHỊ - HAI BÀ TRƯNG DT 30m x 4 TẦNG GIÁ 3,34tỷ",,"Lê thanh nghị, Phường Bách Khoa, Quận Hai Bà Trưng, Hà NộiXem bản đồ","3,34 tỷ - 25 m2"
40 m²,5 phòng,5 phòng,Đã có sổ,"Nhà ngõ, hẻm",,,"153,75 triệu/m²",,6,,Nội thất cao cấp,,ha-noi,Nhà Mới 6T Thang Máy-NGõ Rộng-Thoáng Mát Gần Hồ Tây,,"Hoàng Quốc Việt, Phường Nghĩa Đô, Quận Cầu Giấy, Hà NộiXem bản đồ","6,15 tỷ - 40 m2"
75 m²,5 phòng,5 phòng,Đã có sổ,"Nhà ngõ, hẻm",,,280 triệu/m²,,6,,Nội thất cao cấp,,ha-noi,Bán Nhà Khu 72Ha-Gara 2 Ô tô-Thang Máy-Khu Phân Lô Dân Trí Cao,,"Ngõ 6 Vĩnh Phúc, Phường Vĩnh Phúc, Quận Ba Đình, Hà NộiXem bản đồ",21 tỷ - 75 m2
45 m²,4 phòng,4 phòng,Đã có sổ,"Nhà ngõ, hẻm",,,"195,56 triệu/m²",,4,,Nội thất cao cấp,,ha-noi,"NHÀ ĐẸP ĐÓN TẾT - PHÂN LÔ PHỐ ..DT 50M x 4 T, MT 3.8M CHỈ 8.8 TỶ CTL",,"Tam Trinh, Phường Mai Động, Quận Hoàng Mai, Hà NộiXem bản đồ","8,8 tỷ - 45 m2"
45 m²,4 phòng,,Đã có sổ,"Nhà ngõ, hẻm",8 m,,"277,78 triệu/m²",,5,,Nội thất cao cấp,,ha-noi,💥HẠ YÊN QUYẾT- 45m2- OTO ĐỖ CỬA- LÔ GÓC- MẶT TIỀN KHỦNG- NHÀ MỚI ĐẸP,,"Hạ Yên Quyết, Phường Yên Hoà, Quận Cầu Giấy, Hà NộiXem bản đồ","12,5 tỷ - 45 m2"
50 m²,4 phòng,3 phòng,Đã có sổ,"Nhà mặt phố, mặt tiền",,,118 triệu/m²,,4,,Nội thất đầy đủ,,ha-noi,"CẤP CỨU! Mặt PHỐ Thuỵ Phương lô góc, kinh doanh, 50mx4t, 5.9tỷ",,"Thuỵ Phương, Phường Thụy Phương, Quận Bắc Từ Liêm, Hà NộiXem bản đồ","5,9 tỷ - 50 m2"
30 m²,3 phòng,4 phòng,Đã có sổ,"Nhà ngõ, hẻm",,,"81,67 triệu/m²",,5,,Nội thất đầy đủ,,ha-noi,"GẤP! Nhà Liên Mạc full đồ ở ngay, 10m ra ô tô, dt 30m x 5t chỉ 2.45tỷ",,"Ngõ 241 Đường Liên Mạc, Phường Liên Mạc, Quận Bắc Từ Liêm, Hà NộiXem bản đồ","2,45 tỷ - 30 m2"
79 m²,6 phòng,,Đã có sổ,"Nhà ngõ, hẻm",,86 m²,"126,58 triệu/m²",,,Nở hậu,Nội thất cao cấp,,ha-noi,"Mễ Trì Thượng - Ngôi nhà Đẹp Như Mơ: 6 phòng ngủ, nở hậu, nội thất xịn",,"Mễ Trì Thượng, Phường Mễ Trì, Quận Nam Từ Liêm, Hà NộiXem bản đồ",10 tỷ - 79 m2
50 m²,5 phòng,,Đã có sổ,"Nhà ngõ, hẻm",5.5 m,,194 triệu/m²,,5,,Nội thất cao cấp,,ha-noi,HẠ YÊN QUYẾT- 50m2- LÔ GÓC- BA BƯỚC RA PHỐ- AN SINH ĐỈNH- NHÀ MỚI ĐẸP,,"Hạ Yên, Phường Yên Hoà, Quận Cầu Giấy, Hà NộiXem bản đồ","9,7 tỷ - 50 m2"
45 m²,4 phòng,,Đã có sổ,"Nhà ngõ, hẻm",6.1999 m,,"151,11 triệu/m²",,4,,Nội thất đầy đủ,,ha-noi,💥TT CẦU GIẤY- 45m- OTO TẢI ĐỖ CỬA- OTO TRÁNH CÁCH 15m- NHÀ MỚI ĐẸP,,"Cầu Giấy, Phường Quan Hoa, Quận Cầu Giấy, Hà NộiXem bản đồ","6,8 tỷ - 45 m2"
33 m²,3 phòng,,,"Nhà mặt phố, mặt tiền",,33 m²,"87,88 triệu/m²",,5,,,,ha-noi,Mặt ngõ Mậu lương 5 tầng 2.9 tỷ 33m2 sử dụng gần ô tô gần chợ,,"Phố Mậu Lương, Phường Kiến Hưng, Quận Hà Đông, Hà NộiXem bản đồ","2,9 tỷ - 33 m2"
33 m²,4 phòng,,Đã có sổ,"Nhà ngõ, hẻm",,,"59,09 triệu/m²",,4,,,,ha-noi,"Chỉ 1,95 tỷ Có Nhà 4 Tầng 50m ra trục QL21B Gần Phố Xốm Hà Đông",,"Phố Xốm, Phường Phú Lãm, Quận Hà Đông, Hà NộiXem bản đồ","1,95 tỷ - 33 m2"
60 m²,5 phòng,5 phòng,Đã có sổ,"Nhà ngõ, hẻm",,,200 triệu/m²,,6,,Nội thất đầy đủ,,ha-noi,Bán nhà khu Chợ Mơ 60m2 nhà mới đẹp phân lô vỉa hè thang máy 12 tỷ,,"Phố Minh Khai, Phường Vĩnh Tuy, Quận Hai Bà Trưng, Hà NộiXem bản đồ",12 tỷ - 60 m2
32 m²,2 phòng,1 phòng,Đã có sổ,"Nhà ngõ, hẻm",,,"87,5 triệu/m²",,2,,Nội thất đầy đủ,,ha-noi,"BÁN GẤP NHÀ CỔ NHUẾ TỪ LIÊM - NGÕ NÔNG - GẦN PHỐ - GIÁ CHỈ 2,8 TỶ",,"Cổ Nhuế, Phường Cổ Nhuế 2, Quận Bắc Từ Liêm, Hà NộiXem bản đồ","2,8 tỷ - 32 m2"
33 m²,4 phòng,,Đã có sổ,"Nhà ngõ, hẻm",,,"59,09 triệu/m²",,4,,,,ha-noi,"Chỉ 1,95 tỷ Có Nhà 4 Tầng 50m ra trục QL21B Gần Phố Xốm Hà Đông",,"Phố Xốm, Phường Phú Lãm, Quận Hà Đông, Hà NộiXem bản đồ","1,95 tỷ - 33 m2"
60 m²,5 phòng,5 phòng,Đã có sổ,"Nhà ngõ, hẻm",,,200 triệu/m²,,6,,Nội thất đầy đủ,,ha-noi,Bán nhà khu Chợ Mơ 60m2 nhà mới đẹp phân lô vỉa hè thang máy 12 tỷ,,"Phố Minh Khai, Phường Vĩnh Tuy, Quận Hai Bà Trưng, Hà NộiXem bản đồ",12 tỷ - 60 m2
32 m²,2 phòng,1 phòng,Đã có sổ,"Nhà ngõ, hẻm",,,"87,5 triệu/m²",,2,,Nội thất đầy đủ,,ha-noi,"BÁN GẤP NHÀ CỔ NHUẾ TỪ LIÊM - NGÕ NÔNG - GẦN PHỐ - GIÁ CHỈ 2,8 TỶ",,"Cổ Nhuế, Phường Cổ Nhuế 2, Quận Bắc Từ Liêm, Hà NộiXem bản đồ","2,8 tỷ - 32 m2"
35 m²,4 phòng,4 phòng,Đã có sổ,"Nhà ngõ, hẻm",,,"92,86 triệu/m²",,5,,Nội thất đầy đủ,,ha-noi,Bán nhà Đội Cấn 35m2 nhà đẹp ở ngay gần phố tài chính nhỏ tiền 3.25 tỷ,,"Đội Cấn, Phường Đội Cấn, Quận Ba Đình, Hà NộiXem bản đồ","3,25 tỷ - 35 m2"
40 m²,4 phòng,4 phòng,Đã có sổ,"Nhà mặt phố, mặt tiền",3.91 m,,"147,5 triệu/m²",,4,,,,ha-noi,BÁN NHÀ RIÊNG TẠI PHỐ QUANG TIẾN QUẦN NAM TỪ LIÊM,,"quang tiến, Phường Đại Mỗ, Quận Nam Từ Liêm, Hà NộiXem bản đồ","5,9 tỷ - 40 m2"
35 m²,3 phòng,4 phòng,Đã có sổ,"Nhà ngõ, hẻm",,,"122,86 triệu/m²",Tây,5,,,,ha-noi,"Bán Nhà Phố Giáp Bát, Kim Đồng Ba Gác Đỗ Cửa 30m Ra Mặt Phố , Nhà Mới",,"Giáp Bát, Phường Tương Mai, Quận Hoàng Mai, Hà NộiXem bản đồ","4,3 tỷ - 35 m2"
35 m²,3 phòng,4 phòng,Đã có sổ,"Nhà ngõ, hẻm",,,"124,29 triệu/m²",Tây,5,,,,ha-noi,Bán Nhà Phố Vọng- Hoàng Mai Ba Gác Đỗ Cửa -50m ra mặt phố nhà đẹp,,"Phố Tương Mai, Phường Tương Mai, Quận Hoàng Mai, Hà NộiXem bản đồ","4,35 tỷ - 35 m2"
40 m²,2 phòng,2 phòng,Đã có sổ,"Nhà ngõ, hẻm",,,105 triệu/m²,,3,,,,ha-noi,"LĨNH NAM NHÀ MẶT NGÕ TO THÔNG KINH ĐỈNH XE TẢI ĐỖ CỬA 40m/3 TẦNG*4,2T",,"Lĩnh Nam , Phường Lĩnh Nam, Quận Hoàng Mai, Hà NộiXem bản đồ","4,2 tỷ - 40 m2"
33 m²,4 phòng,,Đã có sổ,"Nhà ngõ, hẻm",,,"53,03 triệu/m²",,4,,,,ha-noi,Nhà 4T 33m2 ô tô cách 5m Sau KĐT Đô Nghĩa Gần Trạm bơm tổ 13 Yên Nghĩa,,"KĐT Đô Nghĩa, Phường Yên Nghĩa, Quận Hà Đông, Hà NộiXem bản đồ","1,75 tỷ - 33 m2"
90 m²,1 phòng,1 phòng,Đã có sổ,"Nhà ngõ, hẻm",,90 m²,"103,33 triệu/m²",,,Hẻm xe hơi,,,ha-noi,TRIỀU KHÚC MẶT NGÕ THÔNG Ô TÔ ĐỖ CỬA 90M2 MT.~ 8M - SỔ ĐỎ PHÂN LÔ .,,"Triều Khúc, Phường Thanh Xuân Nam, Quận Thanh Xuân, Hà NộiXem bản đồ","9,3 tỷ - 90 m2"
50 m²,4 phòng,5 phòng,Đã có sổ,"Nhà mặt phố, mặt tiền",,,110 triệu/m²,,5,,Nội thất cao cấp,,ha-noi,CC BÁN NHÀ Q.HAI BÀ TRƯNG-DT50m2-5 TẦNG-FULL NỘI THẤT-GIÁ 5TỶ5,,"Đường Trần Khát Chân, Phường Thanh Nhàn, Quận Hai Bà Trưng, Hà NộiXem bản đồ","5,5 tỷ - 50 m2"
50 m²,4 phòng,4 phòng,Đã có sổ,Nhà phố liền kề,,,157 triệu/m²,,5,,Nội thất đầy đủ,,ha-noi,"ĐG Mậu Lương 50m mt5m 5 tầng, gần sân bóng,trường học, an sinh đỉnh",,"Phố Mậu Lương, Phường Kiến Hưng, Quận Hà Đông, Hà NộiXem bản đồ","7,85 tỷ - 50 m2"
30 m²,3 phòng,4 phòng,Đã có sổ,"Nhà ngõ, hẻm",,,"118,33 triệu/m²",,5,,,,ha-noi,"ĐẠI ĐỒNG NHÀ MỚI ĐẸP GẦN CHỢ CÔNG VIÊN NGÕ THOÁNG 30m/5 TẦNG*3,55TỶ",,"Đại Đồng, Phường Vĩnh Hưng, Quận Hoàng Mai, Hà NộiXem bản đồ","3,55 tỷ - 30 m2"
30 m²,4 phòng,4 phòng,,"Nhà ngõ, hẻm",3.3499 m,,"115,33 triệu/m²",Tây Nam,6,,,,ha-noi,"Chính chủ Bán nhà sổ riêng 30m2 x 6 tầng, ô tô đỗ cổng. 194 Thanh Đàm",,"Ngõ 194 phố Thanh Đàm, Phường Thanh Trì, Quận Hoàng Mai, Hà NộiXem bản đồ","3,46 tỷ - 30 m2"
30 m²,3 phòng,,Đã có sổ,"Nhà ngõ, hẻm",,,110 triệu/m²,,5,,Nội thất đầy đủ,,ha-noi,"Bán nhà Trương Định Mới Đẹp Lung Linh 30m2, 3PN giá 3.3 tỷ.",,"Trương Định, Phường Tương Mai, Quận Hoàng Mai, Hà NộiXem bản đồ","3,3 tỷ - 30 m2"
30 m²,3 phòng,,Đã có sổ,"Nhà ngõ, hẻm",,,"116,67 triệu/m²",,5,,Nội thất đầy đủ,,ha-noi,"Kinh Doanh, Oto, Ở Ngay Tân Mai 30m2 giá 3.5 tỷ.",,"Tân Mai, Phường Tân Mai, Quận Hoàng Mai, Hà NộiXem bản đồ","3,5 tỷ - 30 m2"
80 m²,2 phòng,,Đã có sổ,"Nhà ngõ, hẻm",4 m,,"35,63 triệu/m²",,2,"Hẻm xe hơi,Nở hậu",,,ha-noi,Bán gấp nhà Biên Giang mới đẹp oto diện tích rộng 80m² 2T chỉ 2.85tỷ,,"Biên Giang, Phường Biên Giang, Quận Hà Đông, Hà NộiXem bản đồ","2,85 tỷ - 80 m2"
48 m²,4 phòng,,Đã có sổ,"Nhà ngõ, hẻm",,,"95,63 triệu/m²",,5,Hẻm xe hơi,Nội thất đầy đủ,,ha-noi,Có 1 0 2! Nhà Ỷ La lô góc 3 thoáng 20m oto 48m 5 tầng nhỉnh 4Tỷ,,"Ỷ La, Phường Dương Nội, Quận Hà Đông, Hà NộiXem bản đồ","4,59 tỷ - 48 m2"
33 m²,3 phòng,,Đã có sổ,"Nhà ngõ, hẻm",5 m,,"98,48 triệu/m²",,4,,Nhà trống,,ha-noi,Nhàđẹp La Nội-2 thoáng-mặt tiền rộng-gần oto-sát AEON-33m 4T nhỉnh 3tỷ,,"La Nội, Phường Dương Nội, Quận Hà Đông, Hà NộiXem bản đồ","3,25 tỷ - 33 m2"
72 m²,3 phòng,3 phòng,Đã có sổ,"Nhà ngõ, hẻm",,,"48,54 triệu/m²",,3,,Nội thất đầy đủ,,ha-noi,"Siêu rẻ! Ngãi Cầu nhà mới đẹp ở luôn gần chợ oto tránh, 72m 3T 3.495tỷ",,"Ngãi Cầu, Xã An Khánh, Huyện Hoài Đức, Hà NộiXem bản đồ","3,495 tỷ - 72 m2"
30 m²,3 phòng,4 phòng,Đã có sổ,"Nhà ngõ, hẻm",,,"118,33 triệu/m²",,5,,,,ha-noi,"ĐẠI ĐỒNG NHÀ MỚI ĐẸP GẦN CHỢ CÔNG VIÊN NGÕ THOÁNG 30m/5 TẦNG*3,55TỶ",,"Đại Đồng, Phường Vĩnh Hưng, Quận Hoàng Mai, Hà NộiXem bản đồ","3,55 tỷ - 30 m2"
30 m²,4 phòng,4 phòng,,"Nhà ngõ, hẻm",3.3499 m,,"115,33 triệu/m²",Tây Nam,6,,,,ha-noi,"Chính chủ Bán nhà sổ riêng 30m2 x 6 tầng, ô tô đỗ cổng. 194 Thanh Đàm",,"Ngõ 194 phố Thanh Đàm, Phường Thanh Trì, Quận Hoàng Mai, Hà NộiXem bản đồ","3,46 tỷ - 30 m2"
30 m²,3 phòng,,Đã có sổ,"Nhà ngõ, hẻm",,,110 triệu/m²,,5,,Nội thất đầy đủ,,ha-noi,"Bán nhà Trương Định Mới Đẹp Lung Linh 30m2, 3PN giá 3.3 tỷ.",,"Trương Định, Phường Tương Mai, Quận Hoàng Mai, Hà NộiXem bản đồ","3,3 tỷ - 30 m2"
30 m²,3 phòng,,Đã có sổ,"Nhà ngõ, hẻm",,,"116,67 triệu/m²",,5,,Nội thất đầy đủ,,ha-noi,"Kinh Doanh, Oto, Ở Ngay Tân Mai 30m2 giá 3.5 tỷ.",,"Tân Mai, Phường Tân Mai, Quận Hoàng Mai, Hà NộiXem bản đồ","3,5 tỷ - 30 m2"
80 m²,2 phòng,,Đã có sổ,"Nhà ngõ, hẻm",4 m,,"35,63 triệu/m²",,2,"Hẻm xe hơi,Nở hậu",,,ha-noi,Bán gấp nhà Biên Giang mới đẹp oto diện tích rộng 80m² 2T chỉ 2.85tỷ,,"Biên Giang, Phường Biên Giang, Quận Hà Đông, Hà NộiXem bản đồ","2,85 tỷ - 80 m2"
48 m²,4 phòng,,Đã có sổ,"Nhà ngõ, hẻm",,,"95,63 triệu/m²",,5,Hẻm xe hơi,Nội thất đầy đủ,,ha-noi,Có 1 0 2! Nhà Ỷ La lô góc 3 thoáng 20m oto 48m 5 tầng nhỉnh 4Tỷ,,"Ỷ La, Phường Dương Nội, Quận Hà Đông, Hà NộiXem bản đồ","4,59 tỷ - 48 m2"
33 m²,3 phòng,,Đã có sổ,"Nhà ngõ, hẻm",5 m,,"98,48 triệu/m²",,4,,Nhà trống,,ha-noi,Nhàđẹp La Nội-2 thoáng-mặt tiền rộng-gần oto-sát AEON-33m 4T nhỉnh 3tỷ,,"La Nội, Phường Dương Nội, Quận Hà Đông, Hà NộiXem bản đồ","3,25 tỷ - 33 m2"
72 m²,3 phòng,3 phòng,Đã có sổ,"Nhà ngõ, hẻm",,,"48,54 triệu/m²",,3,,Nội thất đầy đủ,,ha-noi,"Siêu rẻ! Ngãi Cầu nhà mới đẹp ở luôn gần chợ oto tránh, 72m 3T 3.495tỷ",,"Ngãi Cầu, Xã An Khánh, Huyện Hoài Đức, Hà NộiXem bản đồ","3,495 tỷ - 72 m2"
32 m²,3 phòng,,Đã có sổ,"Nhà ngõ, hẻm",3.5 m,,"63,13 triệu/m²",,4,,,,ha-noi,Nhà Yên Bình ở luôn gần chợ trường học ngõ thông 33m 4T chỉ 2.02tỷ,,"Đường Yên Bình, Phường Yên Nghĩa, Quận Hà Đông, Hà NộiXem bản đồ","2,02 tỷ - 32 m2"
53 m²,6 phòng,5 phòng,Đã có sổ,"Nhà ngõ, hẻm",3.5 m,,"122,45 triệu/m²",,5,,,,ha-noi,"CÓ 1 0 2! Nhà ĐẠI MỖ oto đỗ cửa, 10m oto tránh, 53m² 5T nhỉnh 6tỷ",,"Đại Mỗ, Phường Đại Mỗ, Quận Nam Từ Liêm, Hà NộiXem bản đồ","6,49 tỷ - 53 m2"
30 m²,2 phòng,3 phòng,Đã có sổ,"Nhà ngõ, hẻm",,,100 triệu/m²,Đông Nam,4,,,,ha-noi,CỰC HIẾM! CHÍNH CHỦ BÁN NHÀ LÊ THANH NGHỊ 30m2 4T 3 BƯỚC MẶT PHỐ 3 TỶ,,"Phố Bạch Mai, Phường Bạch Mai, Quận Hai Bà Trưng, Hà NộiXem bản đồ",3 tỷ - 30 m2
36 m²,3 phòng,,Đã có sổ,"Nhà ngõ, hẻm",,,"94,44 triệu/m²",,5,,Nội thất đầy đủ,,ha-noi,"Nhà Đẹp Ở Ngay Chợ, Ô To, Thông Thịnh Liệt 36m2x 5T giá 3.4 tỷ.",,"Thịnh Liệt, Phường Thịnh Liệt, Quận Hoàng Mai, Hà NộiXem bản đồ","3,4 tỷ - 36 m2"
60 m²,5 phòng,4 phòng,Đã có sổ,"Nhà mặt phố, mặt tiền",,,210 triệu/m²,,5,,Nội thất cao cấp,,ha-noi,Vĩnh Phúc - Ba Đình - 60m2 x 5 Tầng - Phân Lô Quân Đội - 12.6 tỷ,,"Phố Vĩnh Phúc, Phường Vĩnh Phúc, Quận Ba Đình, Hà NộiXem bản đồ","12,6 tỷ - 60 m2"
60 m²,6 phòng,5 phòng,Đã có sổ,"Nhà mặt phố, mặt tiền",,,"236,67 triệu/m²",,5,,Nội thất cao cấp,,ha-noi,"Mặt phố đường 800A, phân lô Quân Đội, 60m2 x 5 Tầng,Vỉa hè,KD, 14.2 tỷ",,"Đường 800A, Phường Nghĩa Đô, Quận Cầu Giấy, Hà NộiXem bản đồ","14,2 tỷ - 60 m2"
45 m²,4 phòng,3 phòng,Đã có sổ,"Nhà mặt phố, mặt tiền",,,"377,78 triệu/m²",,4,,Nội thất đầy đủ,,ha-noi,Mặt phố Đội Cấn - Ba Đình - 45m2 x 4 Tầng - Vỉa hè KD - 17 tỷ,,"Đội Cấn, Phường Đội Cấn, Quận Ba Đình, Hà NộiXem bản đồ",17 tỷ - 45 m2
60 m²,2 phòng,3 phòng,Đã có sổ,"Nhà mặt phố, mặt tiền",,,"186,67 triệu/m²",,3,,Nội thất đầy đủ,,ha-noi,Phân lô Phùng Chí Kiên - Cầu Giấy - 60m2 x 3 Tầng - Lô góc - 11.2 tỷ,,"Phùng Chí Kiên, Phường Nghĩa Đô, Quận Cầu Giấy, Hà NộiXem bản đồ","11,2 tỷ - 60 m2"
200 m²,5 phòng,5 phòng,Đã có sổ,Nhà biệt thự,,,430 triệu/m²,,3,,Nội thất cao cấp,,ha-noi,Biệt Thự Vườn Đào D5 - 200m2 - Mặt tiền 13m - View Vườn Hoa - 86 tỷ,,"Đường Lạc Long Quân, Phường Phú Thượng, Quận Tây Hồ, Hà NộiXem bản đồ",86 tỷ - 200 m2
45 m²,3 phòng,4 phòng,Đã có sổ,"Nhà mặt phố, mặt tiền",,,"211,11 triệu/m²",,5,,Nội thất cao cấp,,ha-noi,Cầu Giấy - Phân lô -Kinh doanh - ÔTÔ tránh - 45m2 x 5 Tầng – 9.5 tỷ,,"Cầu Giấy, Phường Dịch Vọng, Quận Cầu Giấy, Hà NộiXem bản đồ","9,5 tỷ - 45 m2"
115 m²,nhiều hơn 10 phòng,Nhiều hơn 6 phòng,Đã có sổ,"Nhà mặt phố, mặt tiền",,,"493,91 triệu/m²",,5,,Nội thất cao cấp,,ha-noi,Khách Sạn 115m2 x 7 Tầng - Mặt Hồ Ngọc Khánh - Ba Đình - 56.8 tỷ,,"Phố Phạm Huy Thông, Phường Ngọc Khánh, Quận Ba Đình, Hà NộiXem bản đồ","56,8 tỷ - 115 m2"
60 m²,2 phòng,,Đang chờ sổ,"Nhà ngõ, hẻm",,,"53,33 triệu/m²",,2,,Nhà trống,,ha-noi,"Sát Phố, O to, Ngõ Thông, Nhà Đẹp Ở Ngay Giáp Nhị 60m2 giá 3.2 tỷ.",,"Giáp Nhị, Phường Thịnh Liệt, Quận Hoàng Mai, Hà NộiXem bản đồ","3,2 tỷ - 60 m2"
55 m²,4 phòng,,Đã có sổ,"Nhà mặt phố, mặt tiền",,,"90,91 triệu/m²",,,Nở hậu,,,ha-noi,Nhà ngay ngã tư Kim Ngưu giảm giá 400tr cho khách mua ở.,,"Phố Kim Ngưu, Phường Thanh Nhàn, Quận Hai Bà Trưng, Hà NộiXem bản đồ",5 tỷ - 55 m2
47 m²,5 phòng,,Đã có sổ,"Nhà mặt phố, mặt tiền",5 m,,"176,38 triệu/m²",,5,,Nội thất cao cấp,,ha-noi,Chính chủ bán nhà Phân Lô TRUNG HÒA CẦU GIẤY 4 tầng gara ô tô lô góc,,"Vũ Trọng Phụng, Phường Nhân Chính, Quận Thanh Xuân, Hà NộiXem bản đồ","8,29 tỷ - 47 m2"
39 m²,4 phòng,4 phòng,,"Nhà ngõ, hẻm",4 m,,"135,64 triệu/m²",,5,,Nội thất cao cấp,,ha-noi,Chính chủ tôi bán nhà LÊ DUẨN10m ra đường ôtô tránh ngõ thông 5tầng,,"Lê Duẩn, Phường Khâm Thiên, Quận Đống Đa, Hà NộiXem bản đồ","5,29 tỷ - 39 m2"
55 m²,5 phòng,3 phòng,Đã có sổ,"Nhà ngõ, hẻm",,,"92,36 triệu/m²",,4,,Nội thất cao cấp,,ha-noi,Chính chủ tôi bán nhà VŨ TRỌNG PHỤNG - NGUYỄN TRÃI 55m2 4T ngõ 3 gác,,"nguyễn trãi, Phường Thanh Xuân Trung, Quận Thanh Xuân, Hà NộiXem bản đồ","5,08 tỷ - 55 m2"
51 m²,2 phòng,,Đã có sổ,"Nhà ngõ, hẻm",,,"86,27 triệu/m²",,,,,,ha-noi,"Mặt ngõ 3 bước chân ra phố Kim Ngưu, sát Lò Đúc 51m2 x 4T, MT5 nhỉnh 4",,"Kim Ngưu, Phường Thanh Lương, Quận Hai Bà Trưng, Hà NộiXem bản đồ","4,4 tỷ - 51 m2"
50 m²,6 phòng,,Đã có sổ,"Nhà mặt phố, mặt tiền",,,100 triệu/m²,,,Nở hậu,,,ha-noi,"Nhà to 50m, cạnh trung tâm phố, chốt trong tháng 5 tỉ.",,"Phố Minh Khai, Phường Minh Khai, Quận Hai Bà Trưng, Hà NộiXem bản đồ",5 tỷ - 50 m2
32 m²,3 phòng,,Đã có sổ,"Nhà ngõ, hẻm",,,"89,06 triệu/m²",,5,,Nội thất đầy đủ,,ha-noi,"Nhà Đẹp, Ngõ Thông, Sát Trường, Chợ, Ngã Ba Giáp Bát 32m2 giá 2.85 tỷ.",,"Giáp Bát - Trương Định, Phường Tương Mai, Quận Hoàng Mai, Hà NộiXem bản đồ","2,85 tỷ - 32 m2"
30 m²,3 phòng,,,"Nhà mặt phố, mặt tiền",,,"83,33 triệu/m²",,,Nở hậu,,,ha-noi,2 tỉ chút xíu có ngay nhà đẹp full nội thất 20m ra phố.,,"Đường Trần Khát Chân, Phường Thanh Nhàn, Quận Hai Bà Trưng, Hà NộiXem bản đồ","2,5 tỷ - 30 m2"
50 m²,4 phòng,,Đã có sổ,"Nhà ngõ, hẻm",5 m,,144 triệu/m²,,4,,Nội thất cao cấp,,ha-noi,CHÍNH CHỦ BÁN NHÀ THÁI THỊNH ĐỐNG ĐA 50m NHÀ ĐẸP NHƯ KHÁCH SẠN GẦN PHỐ,,"Ngõ 192 Thái Thịnh, Phường Láng Hạ, Quận Đống Đa, Hà NộiXem bản đồ","7,2 tỷ - 50 m2"
50 m²,5 phòng,,Đã có sổ,"Nhà mặt phố, mặt tiền",5 m,,250 triệu/m²,,5,,Nội thất cao cấp,,ha-noi,"CHÍNH CHỦ BÁN NHÀ CẦU GIẤY 50m Ô TÔ VÀO NHÀ, NHÀ ĐẸP LONG LANH Ở THÍCH",,"Nguyễn Khang, Phường Dịch Vọng, Quận Cầu Giấy, Hà NộiXem bản đồ","12,5 tỷ - 50 m2"
45 m²,6 phòng,,Đã có sổ,"Nhà ngõ, hẻm",5 m,,"244,44 triệu/m²",,7,,Nội thất cao cấp,,ha-noi,BÁN NHÀ TÂY HỒ 45m THANG MÁY BA BƯỚC RA PHỐ 1 PHÚT RA HỒ TÂY LỘNG GIÓ,,"Thụy Khuê, Phường Thụy Khuê, Quận Tây Hồ, Hà NộiXem bản đồ",11 tỷ - 45 m2
55 m²,6 phòng,,Đã có sổ,"Nhà mặt phố, mặt tiền",5 m,,"272,71 triệu/m²",,7,,Nội thất cao cấp,,ha-noi,CHÍNH CHỦ BÁN NHÀ CẦU GIẤY 55m Ô TÔ THANG MÁY NHÀ MỚI KINH DOANH ĐỈNH,,"Khúc Thừa Dụ, Phường Dịch Vọng, Quận Cầu Giấy, Hà NộiXem bản đồ","14,999 tỷ - 55 m2"
50 m²,4 phòng,,Đã có sổ,Nhà phố liền kề,5 m,,160 triệu/m²,,5,,Nội thất cao cấp,,ha-noi,BÁN NHÀ PHẠM VĂN ĐỒNG 50m2 Ô TÔ VÀO NHÀ KINH DOANH GIÁ CHỈ 8 TỶ,,"Đường Phạm Văn Đồng, Phường Cổ Nhuế 1, Quận Bắc Từ Liêm, Hà NộiXem bản đồ",8 tỷ - 50 m2
45 m²,4 phòng,,Đã có sổ,"Nhà ngõ, hẻm",5 m,,"126,67 triệu/m²",,5,,Nội thất cao cấp,,ha-noi,CHÍNH CHỦ BÁN NHÀ CẦU GIẤY 45m GẦN PHỐ NHÀ ĐẸP NỘI THẤT SANG XỊN,,"Cầu Giấy, Phường Dịch Vọng, Quận Cầu Giấy, Hà NộiXem bản đồ","5,7 tỷ - 45 m2"
35 m²,4 phòng,4 phòng,Đã có sổ,"Nhà ngõ, hẻm",,,"114,29 triệu/m²",,5,,Nội thất đầy đủ,,ha-noi,BÁN NHÀ ĐẠI TỪ XÂY MỚI 35M 5 TẦNG GIÁ 4 TỶ Ở NGAY ĐÓN TẾT,,"Đại Từ, Phường Đại Kim, Quận Hoàng Mai, Hà NộiXem bản đồ",4 tỷ - 35 m2
55 m²,4 phòng,,Đã có sổ,"Nhà ngõ, hẻm",5 m,,"94,55 triệu/m²",,5,,Nội thất cao cấp,,ha-noi,NHÀ ĐẸP DÂN XÂY BA ĐÌNH 55m DT RỘNG MẶT TIỀN RỘNG NGÕ THÔNG GẦN PHỐ,,"Đội cấn, Phường Đội Cấn, Quận Ba Đình, Hà NộiXem bản đồ","5,2 tỷ - 55 m2"
45 m²,5 phòng,4 phòng,,Nhà phố liền kề,5 m,,"137,78 triệu/m²",,5,,Nội thất cao cấp,,ha-noi,CẦN BÁN NHÀ CẦU GIẤY 45m 5T CỬA KHÓA SỐ CHỐNG TRỘM GIÁ NHỈNH 6 TỶ,,"Hạ Yên Quyết, Phường Dịch Vọng, Quận Cầu Giấy, Hà NộiXem bản đồ","6,2 tỷ - 45 m2"
50 m²,5 phòng,,Đã có sổ,"Nhà ngõ, hẻm",5 m,,107 triệu/m²,,6,,Nội thất cao cấp,,ha-noi,BÁN NHÀ ĐẸP DÂN XÂY BA ĐÌNH 50m DIỆN TÍCH RỘNG MẶT TIỀN RỘNG GẦN PHỐ,,"Đội Cấn, Phường Đội Cấn, Quận Ba Đình, Hà NộiXem bản đồ","5,35 tỷ - 50 m2"
58 m²,4 phòng,,Đã có sổ,"Nhà ngõ, hẻm",6 m,,"105,17 triệu/m²",,5,,Nội thất cao cấp,,ha-noi,BÁN NHÀ DÂN XÂY BA ĐÌNH 58m GẦN PHỐ NHÀ ĐẸP DIỆN TÍCH RỘNG THOÁNG,,"Đội Cấn, Phường Đội Cấn, Quận Ba Đình, Hà NộiXem bản đồ","6,1 tỷ - 58 m2"
55 m²,4 phòng,,Đã có sổ,"Nhà ngõ, hẻm",5 m,,"95,45 triệu/m²",,5,,Nội thất cao cấp,,ha-noi,Chính chủ cấn bán nhà Ba Đình 55mx 5T gần phố gần hồ tây tiện ích đủ,,"Ngõ 214 Đội Cấn, Phường Đội Cấn, Quận Ba Đình, Hà NộiXem bản đồ","5,25 tỷ - 55 m2"
