Diện tích đất:,Số phòng ngủ:,Số phòng vệ sinh:,Giấy tờ pháp lý:,Loại hình nhà ở:,Chiều ngang:,Diện tích sử dụng:,Giá/m2:,Hướng cửa chính:,Tổng số tầng:,Đặc điểm nhà/đất:,Tình trạng nội thất:,Chiều dài:,Location,Name,URL,District,Price
47 m²,4 phòng,3 phòng,Đã có sổ,"Nhà mặt phố, mặt tiền",4.5998 m,,"580,85 triệu/m²",,,,Nội thất đầy đủ,,ha-noi,"Bán Nhà Mặt Phố Nguyễn Hữu Huân Hoàn Kiếm 27,3Tỷ 47m2 mặt tiền 4,6m",,"Phố Nguyễn Hữu Huân, Phường Lý Thái Tổ, Quận Hoàn Kiếm, Hà NộiXem bản đồ","27,3 tỷ - 47 m2"
80 m²,5 phòng,Nhiều hơn 6 phòng,Đã có sổ,"Nhà ngõ, hẻm",,,"228,75 triệu/m²",,5,,Nội thất cao cấp,,ha-noi,"Bán Nhà Phan Đình Phùng Ba Đình 18, 5 Tỷ 80m2 5 tầng Lô góc",,"Phố Phan Đình Phùng, Phường Quán Thánh, Quận Ba Đình, Hà NộiXem bản đồ","18,3 tỷ - 80 m2"
71 m²,8 phòng,4 phòng,Đã có sổ,"Nhà mặt phố, mặt tiền",,,"377,46 triệu/m²",,4,,Nội thất đầy đủ,,ha-noi,"Bán Nhà Mặt Phố Hàng Khay Hoàn Kiếm 26,8 tỷ 70m2 4 tầng mặt 5m",,"Phố Hàng Khay, Phường Hàng Trống, Quận Hoàn Kiếm, Hà NộiXem bản đồ","26,8 tỷ - 71 m2"
105 m²,8 phòng,Nhiều hơn 6 phòng,Đã có sổ,"Nhà ngõ, hẻm",,,"236,19 triệu/m²",,5,,Nội thất đầy đủ,,ha-noi,Siêu Đẹp !! Bán Nhà Phố Đội Cấn Ba Đình 105m2 mặt 7m,,"Đội Cấn, Phường Đội Cấn, Quận Ba Đình, Hà NộiXem bản đồ","24,8 tỷ - 105 m2"
33 m²,3 phòng,4 phòng,Đã có sổ,"Nhà ngõ, hẻm",,,"96,97 triệu/m²",,6,,Nội thất đầy đủ,,ha-noi,"🏠 **BÁN NHÀ TẠI THẠCH BÀN - 33M2 - 6 TẦNG - ĐỦ TIỆN ÍCH - CHỈ 3,2 TỶ.",,"Đường cao tốc Hà Nội – Hải Phòng, Phường Thạch Bàn, Quận Long Biên, Hà NộiXem bản đồ","3,2 tỷ - 33 m2"
30 m²,4 phòng,5 phòng,Đã có sổ,"Nhà ngõ, hẻm",,,"123,33 triệu/m²",,5,,Nội thất đầy đủ,,ha-noi,Siêu phẩm Tây Hồ - Ngõ Thông - Nhà mới tặng Full nội thất chỉ 3.5 tỷ.,,"Đường Thụy Khuê, Phường Thụy Khuê, Quận Tây Hồ, Hà NộiXem bản đồ","3,7 tỷ - 30 m2"
36 m²,3 phòng,,Đã có sổ,"Nhà ngõ, hẻm",,,"109,72 triệu/m²",,6,,Nội thất đầy đủ,,ha-noi,"Võ Chí Công, Cầu Giấy, gần oto, 3 gác tránh, dân xây, ở luôn, 36.4m*6T",,"Võ Chí Công, Phường Nghĩa Đô, Quận Cầu Giấy, Hà NộiXem bản đồ","3,95 tỷ - 36 m2"
38 m²,2 phòng,,Đã có sổ,"Nhà ngõ, hẻm",,,"113,16 triệu/m²",,4,,Nhà trống,,ha-noi,"Bán nhà 205 Xuân Đỉnh,oto qua nhà, kinh doanh,dân xây,37.6m*4T",,"Xuân Đỉnh, Phường Xuân Đỉnh, Quận Bắc Từ Liêm, Hà NộiXem bản đồ","4,3 tỷ - 38 m2"
39 m²,3 phòng,3 phòng,Đã có sổ,"Nhà ngõ, hẻm",,,"105,13 triệu/m²",,5,,Nội thất đầy đủ,,ha-noi,"Ngoại Giao Đoàn - ĐSQ Hàn, 7 chỗ tránh nhau, full đồ, ở sướng 39*5T",,"Xuân Đỉnh, Phường Xuân Đỉnh, Quận Bắc Từ Liêm, Hà NộiXem bản đồ","4,1 tỷ - 39 m2"
37 m²,3 phòng,,Đã có sổ,"Nhà ngõ, hẻm",,,"106,76 triệu/m²",,5,,Nội thất đầy đủ,,ha-noi,"Ngoại Giao Đoàn_ Xuân Đỉnh, ngõ ngắn, full đồ, ở sướng 36.7*5T",,"Xuân Đỉnh, Phường Xuân Đỉnh, Quận Bắc Từ Liêm, Hà NộiXem bản đồ","3,95 tỷ - 37 m2"
38 m²,4 phòng,,Đã có sổ,"Nhà ngõ, hẻm",,,"107,89 triệu/m²",,4,Nở hậu,Nội thất đầy đủ,,ha-noi,"NGOẠI GIAO ĐOÀN, OTO, SÁT PHỐ, DÂN XÂY, Ở SƯỚNG, 38M*5T",,"Xuân Đỉnh, Phường Xuân Tảo, Quận Bắc Từ Liêm, Hà NộiXem bản đồ","4,1 tỷ - 38 m2"
36 m²,3 phòng,,Đã có sổ,"Nhà ngõ, hẻm",,,"116,67 triệu/m²",,,,Nội thất đầy đủ,,ha-noi,"Căn góc Xuân Đỉnh,oto đỗ, siêu thoáng, mới 99% ở luôn 37m*5T",,"Xuân Đỉnh, Phường Xuân Đỉnh, Quận Bắc Từ Liêm, Hà NộiXem bản đồ","4,2 tỷ - 36 m2"
38 m²,4 phòng,4 phòng,Đã có sổ,"Nhà ngõ, hẻm",,,"118,42 triệu/m²",,5,,Nội thất cao cấp,,ha-noi,"Rẻ hiếm Xã Đàn, căn góc, sát phố, 2 thoáng,KD tốt, ở sướng 38m2*5T",,"Phố Xã Đàn, Phường Nam Đồng, Quận Đống Đa, Hà NộiXem bản đồ","4,5 tỷ - 38 m2"
34 m²,4 phòng,,,"Nhà ngõ, hẻm",,,"101,47 triệu/m²",,,,,,ha-noi,"NHÀ ĐẸP LONG LANH ĐƯỜNG CẦU DIỄN CẠNH ĐẠI HỌC CÔNG NGHIỆp .GIÁ 3,45 TỶ",,"Đường Cầu Diễn, Phường Minh Khai, Quận Bắc Từ Liêm, Hà NộiXem bản đồ","3,45 tỷ - 34 m2"
35 m²,2 phòng,2 phòng,Giấy tờ khác,"Nhà ngõ, hẻm",,,"24,86 triệu/m²",,2,,Nội thất đầy đủ,,ha-noi,Bán nhà 35m*2tầng tại 23 ngõ 270 Nguyễn Xiển,,"23 ngõ 270, Nguyễn Xiển, Phường Hạ Đình, Quận Thanh Xuân, Hà NộiXem bản đồ",870 triệu - 35 m2
42 m²,7 phòng,Nhiều hơn 6 phòng,Đã có sổ,"Nhà mặt phố, mặt tiền",,,"209,52 triệu/m²",,7,,Nội thất đầy đủ,,ha-noi,"Bán Nhà Riêng Phố Thụy Khuê Tây Hồ 8,8Tỷ 42m2 7 tg thang máy mặt 4,2m",,"Đường Thụy Khuê, Phường Thụy Khuê, Quận Tây Hồ, Hà NộiXem bản đồ","8,8 tỷ - 42 m2"
63 m²,4 phòng,4 phòng,Đã có sổ,"Nhà mặt phố, mặt tiền",,,"188,89 triệu/m²",,4,,Nội thất cao cấp,,ha-noi,"BÁN NHÀ MẶT PHỐ MINH KHAI, VỈA HÈ RỘNG MÊNH MÔNG KINH DOANH SẦM UẤT",,"Minh Khai, Phường Minh Khai, Quận Hai Bà Trưng, Hà NộiXem bản đồ","11,9 tỷ - 63 m2"
39 m²,4 phòng,4 phòng,Đã có sổ,"Nhà ngõ, hẻm",,,"120,13 triệu/m²",,5,,Nội thất cao cấp,,ha-noi,"Bán nhà Phạm Ngọc Thạch, ngõ thông, oto đỗ, 2 thoáng, full đồ, 39m*5T",,"Phố Phạm Ngọc Thạch, Phường Kim Liên, Quận Đống Đa, Hà NộiXem bản đồ","4,685 tỷ - 39 m2"
45 m²,4 phòng,,Đã có sổ,"Nhà mặt phố, mặt tiền",,,"133,33 triệu/m²",,5,,,,ha-noi,"Nhanh! Lô góc Thái Hà, thoáng, sáng, gần ô tô, 45m2* 5T",,"Thái Hà, Phường Trung Tự, Quận Đống Đa, Hà NộiXem bản đồ",6 tỷ - 45 m2
40 m²,4 phòng,4 phòng,Đã có sổ,"Nhà ngõ, hẻm",,,"122,5 triệu/m²",,5,,Nội thất cao cấp,,ha-noi,"Có 102! Phương Mai, SUV đỗ cửa, mặt ngõ KD, 3 thoáng, ở ngay,40m2*5T",,"Phố Phương Mai, Phường Kim Liên, Quận Đống Đa, Hà NộiXem bản đồ","4,9 tỷ - 40 m2"
32 m²,3 phòng,3 phòng,Đã có sổ,"Nhà ngõ, hẻm",,,"121,88 triệu/m²",,5,,Nội thất đầy đủ,,ha-noi,"Bán nhà Nam Dư, 32m2 x 5T x 3.9 tỷ, Ô TÔ ĐỖ CỬA - NGÕ THÔNG",,"Ngõ 180 Phố Nam Dư, Phường Lĩnh Nam, Quận Hoàng Mai, Hà NộiXem bản đồ","3,9 tỷ - 32 m2"
50 m²,6 phòng,,,"Nhà mặt phố, mặt tiền",,55 m²,238 triệu/m²,,66,,,,ha-noi,PHÂN LÔ Ô TÔ - KHU VIP NHẤT CẦU GIẤY - GARA - Ở NGAY FULL NỘI THẤT CC,,"1, Hoàng Quốc Việt, Phường Nghĩa Tân, Quận Cầu Giấy, Hà NộiXem bản đồ","11,9 tỷ - 50 m2"
42 m²,10 phòng,,Đã có sổ,"Nhà mặt phố, mặt tiền",5 m,,"440,48 triệu/m²",,,Nở hậu,Nội thất đầy đủ,,ha-noi,"Bán Nhà Mặt Phố Nguyễn Trường Tộ Ba Đình 18,5tỷ 5 tầng mặt 5m lô góc",,"Phố Nguyễn Trường Tộ, Phường Trúc Bạch, Quận Ba Đình, Hà NộiXem bản đồ","18,5 tỷ - 42 m2"
48 m²,3 phòng,5 phòng,,"Nhà mặt phố, mặt tiền",,52 m²,"304,17 triệu/m²",,,,,,ha-noi,CẦN BÁN GẤP NHÀ ĐẸP 7 TẦNG THANG MÁY - KINH DOANH - VĂN PHÒNG,,"Ngô Thì Nhậm, Phường Quang Trung, Quận Hà Đông, Hà NộiXem bản đồ","14,6 tỷ - 48 m2"
33 m²,4 phòng,3 phòng,Đã có sổ,"Nhà ngõ, hẻm",,,"68,18 triệu/m²",Tây Nam,4,,,,ha-noi,"Bán nhà chính chủ Phú Lương - 33m2 riêng - 40,4m2 sử dụng chung",,"Phú Lương, Phường Phú Lương, Quận Hà Đông, Hà NộiXem bản đồ","2,25 tỷ - 33 m2"
42 m²,3 phòng,4 phòng,Đã có sổ,"Nhà ngõ, hẻm",,42 m²,"110,71 triệu/m²",,5,,,,ha-noi,"Bán Nhà Thuỵ Khuê - 42m2 x 5 Tầng - 3Ngủ Giá 4,65tỷ - Cực Thoáng",,"Đường Thụy Khuê, Phường Bưởi, Quận Tây Hồ, Hà NộiXem bản đồ","4,65 tỷ - 42 m2"
45 m²,2 phòng,,Đã có sổ,"Nhà ngõ, hẻm",,45 m²,"44,44 triệu/m²",,2,,Nội thất đầy đủ,,ha-noi,"Bán Đất tặng nhà trung tâm Ngũ Hiệp Thanh trì 45m, ngõ nông chỉ 2 tỷ",,"Thọ Am, Xã Ngũ Hiệp, Huyện Thanh Trì, Hà NộiXem bản đồ",2 tỷ - 45 m2
91 m²,4 phòng,,,Nhà phố liền kề,,,"197,8 triệu/m²",,,,,,ha-noi,"Chính chủ bán phân lô TT11 KĐT Văn Phú, Hà Đông, đường 48m, 91m2 18Tỷ",,"Lê Trọng Tấn, Phường Phú La, Quận Hà Đông, Hà NộiXem bản đồ",18 tỷ - 91 m2
52 m²,4 phòng,3 phòng,Đã có sổ,"Nhà ngõ, hẻm",,52 m²,"118,27 triệu/m²",,4,,,,ha-noi,"Bán Nhà 52m2 - Nguyễn Hoàng - Gần Phố - 4Ngủ - Giá Chỉ 6,15tỷ - Hiếm",,"Phố Nguyễn Hoàng, Phường Mỹ Đình 2, Quận Nam Từ Liêm, Hà NộiXem bản đồ","6,15 tỷ - 52 m2"
45 m²,9 phòng,,Đã có sổ,"Nhà ngõ, hẻm",,45 m²,100 triệu/m²,,6,,,,ha-noi,NHÀ DÒNG TIỀN Thanh Lân 45M2 x 10 phòng khép kín,,"Thanh Lân, Phường Thanh Trì, Quận Hoàng Mai, Hà NộiXem bản đồ","4,5 tỷ - 45 m2"
45 m²,4 phòng,4 phòng,Đã có sổ,"Nhà ngõ, hẻm",,,"74,44 triệu/m²",,4,,Nội thất đầy đủ,,ha-noi,"Bán nhà ĐẸP Trung tâm Thị trấn Văn Điển 45m, 4 tầng giá chỉ 3,35 tỷ.",,"Thị trấn Văn Điển, Xã Tứ Hiệp, Huyện Thanh Trì, Hà NộiXem bản đồ","3,35 tỷ - 45 m2"
33 m²,4 phòng,4 phòng,Đã có sổ,"Nhà ngõ, hẻm",,,"136,36 triệu/m²",,6,,Nội thất cao cấp,,ha-noi,"Đập hộp! 279 Đội Cấn, oto ,ngõ thông, mới, thang máy, ở ngay, 33m2x6T",,"Ngõ 279 Phố Đội Cấn, Phường Ngọc Hà, Quận Ba Đình, Hà NộiXem bản đồ","4,5 tỷ - 33 m2"
35 m²,4 phòng,4 phòng,Đã có sổ,"Nhà ngõ, hẻm",,,"128,57 triệu/m²",,6,,Nội thất cao cấp,,ha-noi,"Rẻ hiếm! Hoàng Hoa Thám, ngõ thông, mới đẹp,thang máy,35m2*6T.",,"Đường Hoàng Hoa Thám, Phường Ngọc Hà, Quận Ba Đình, Hà NộiXem bản đồ","4,5 tỷ - 35 m2"
42 m²,3 phòng,4 phòng,Đã có sổ,"Nhà ngõ, hẻm",,,"97,62 triệu/m²",,5,,Nội thất đầy đủ,,ha-noi,"Mặt ngõ KD Trung Phụng, sát oto, 3gac đỗ, ngõ thông, ở ngay 42m2*4T",,"Trung Phụng, Phường Trung Phụng, Quận Đống Đa, Hà NộiXem bản đồ","4,1 tỷ - 42 m2"
44 m²,4 phòng,,,Nhà phố liền kề,,44 m²,"95,45 triệu/m²",,,,,,ha-noi,Nhà đẹp Khương Đình - Thanh Xuân - trung tâm - 10m ra phố - ở sướng.,,"Khương Đình, Phường Khương Đình, Quận Thanh Xuân, Hà NộiXem bản đồ","4,2 tỷ - 44 m2"
36 m²,3 phòng,3 phòng,Đã có sổ,"Nhà ngõ, hẻm",,36 m²,"80,28 triệu/m²",,4,,,,ha-noi,BÁN CĂN NGÕ TRUNG THANH SÁT CẦU HỮU HOÀ,,"Trung Thanh, Xã Hữu Hoà, Huyện Thanh Trì, Hà NộiXem bản đồ","2,89 tỷ - 36 m2"
35 m²,4 phòng,,,Nhà phố liền kề,,35 m²,114 triệu/m²,,,,,,ha-noi,NHÀ ĐẸP PHỐ QUAN NHÂN THANH XUÂN- TRUNG TÂM - GẦN PHỐ - Ở SƯỚNG,,"Quan Nhân, Phường Nhân Chính, Quận Thanh Xuân, Hà NộiXem bản đồ","3,99 tỷ - 35 m2"
41 m²,4 phòng,5 phòng,,"Nhà ngõ, hẻm",,,"129,02 triệu/m²",,4,,,,ha-noi,Bán gấp nhà Âu Cơ (Tây Hồ)41m 4T 4N giá  chỉ 5.29 Tỷ Tây Hồ.Lh 0982260,,"Đường Âu Cơ, Phường Tứ Liên, Quận Tây Hồ, Hà NộiXem bản đồ","5,29 tỷ - 41 m2"
34 m²,3 phòng,4 phòng,Đã có sổ,"Nhà ngõ, hẻm",,,75 triệu/m²,,5,,Nội thất đầy đủ,,ha-noi,"Bán nhà Bát Khối 34m 5 tầng oto sát nhà, thông ,full tiện ích ,2,55 tỷ",,"Ngõ 565 Đường Bát Khối, Phường Cự Khối, Quận Long Biên, Hà NộiXem bản đồ","2,55 tỷ - 34 m2"
40 m²,1 phòng,,,"Nhà ngõ, hẻm",4 m,,"111,25 triệu/m²",,,"Hẻm xe hơi,Nở hậu",,,ha-noi,"PHÚ DIỄN 40M ĐẤT LÔ GÓC, OTO 7 CHỖ VÀO, HIẾM",,"Phú Diễn, Phường Phú Diễn, Quận Bắc Từ Liêm, Hà NộiXem bản đồ","4,45 tỷ - 40 m2"
32 m²,3 phòng,3 phòng,Đã có sổ,"Nhà ngõ, hẻm",,,"143,75 triệu/m²",,5,,Nội thất đầy đủ,,ha-noi,"Hiếm! Ngõ 175 Lạc Long Quân,gần ô tô, lô góc, thông, thoáng, dt 32m2.",,"Lạc Long Quân, Phường Nghĩa Đô, Quận Cầu Giấy, Hà NộiXem bản đồ","4,6 tỷ - 32 m2"
51 m²,5 phòng,4 phòng,Đã có sổ,"Nhà ngõ, hẻm",,,"129,41 triệu/m²",,4,,Nội thất đầy đủ,,ha-noi,"NÓNG BỎNG! Tây Hồ Lô góc Ô tô gần Full nội thất 4 Tầng, 51m2, hơn 6 tỷ",,"Đường Âu Cơ, Phường Nhật Tân, Quận Tây Hồ, Hà NộiXem bản đồ","6,6 tỷ - 51 m2"
39 m²,4 phòng,,,"Nhà ngõ, hẻm",,,"89,74 triệu/m²",,,,,,ha-noi,"Bán nhà Do Nha, 39m2, 4 tầng, lô góc, nhà mới, chỉ 3.5 tỷ",,"Phố Do Nha, Phường Tây Mỗ, Quận Nam Từ Liêm, Hà NộiXem bản đồ","3,5 tỷ - 39 m2"
46 m²,3 phòng,5 phòng,Đã có sổ,"Nhà ngõ, hẻm",,,"172,83 triệu/m²",,6,,Nhà trống,,ha-noi,"Bán nhà Yên Hoà, 46m 6 tầng thang máy, 3 thoáng, ở ngay",,"Yên Hoà, Phường Yên Hoà, Quận Cầu Giấy, Hà NộiXem bản đồ","7,95 tỷ - 46 m2"
45 m²,6 phòng,Nhiều hơn 6 phòng,Đã có sổ,"Nhà ngõ, hẻm",,,"146,67 triệu/m²",,6,,Nội thất đầy đủ,,ha-noi,6.6 TỶ - PHÂN LÔ - 5T X 45M_ MT 4.3M - NHÀ MỚI Ở LUÔN ĐÓN TẾT 2024,,"Phố Pháo Đài Láng, Phường Láng Thượng, Quận Đống Đa, Hà NộiXem bản đồ","6,6 tỷ - 45 m2"
48 m²,3 phòng,,Đã có sổ,"Nhà ngõ, hẻm",5.5 m,,"104,17 triệu/m²",,5,,Nội thất đầy đủ,,ha-noi,TT BA ĐÌNH-48m2x5 tầng-NHÀ ĐẸP- GẦN PHỐ- NGÕ RỘNG THOÁNG- NHỈNH 5 TỶ,,"Đường Hoàng Hoa Thám, Phường Vĩnh Phúc, Quận Ba Đình, Hà NộiXem bản đồ",5 tỷ - 48 m2
80 m²,4 phòng,,Đã có sổ,"Nhà ngõ, hẻm",5.1999 m,,200 triệu/m²,,5,,Nội thất cao cấp,,ha-noi,PHÂN LÔ OTO- CẦU GIẤY- 80m2- OTO TRÁNH- CÓ VỈA HÈ- 2 THOÁNG- NHÀ MỚI,,"800A, Phường Quan Hoa, Quận Cầu Giấy, Hà NộiXem bản đồ",16 tỷ - 80 m2
86 m²,4 phòng,3 phòng,Đã có sổ,"Nhà ngõ, hẻm",,,"244,19 triệu/m²",,3,,Nhà trống,,ha-noi,"Bán nhà Khuất Duy Tiến Thanh Xuân 86m, Mt 7m ô tô tránh, kinh doanh.",,"Khuất Duy Tiến, Phường Thanh Xuân Trung, Quận Thanh Xuân, Hà NộiXem bản đồ",21 tỷ - 86 m2
60 m²,4 phòng,4 phòng,,"Nhà ngõ, hẻm",4.5 m,,"191,67 triệu/m²",,5,,,15 m,ha-noi,"Bán nhà lô góc Nguyễn Xiển Thanh Xuân 60m 5 tầng MT5m ô tô tránh, KD.",,"Nguyễn Xiển, Phường Hạ Đình, Quận Thanh Xuân, Hà NộiXem bản đồ","11,5 tỷ - 60 m2"
38 m²,3 phòng,4 phòng,Đã có sổ,"Nhà mặt phố, mặt tiền",,,"114,47 triệu/m²",,5,,Nội thất cao cấp,,ha-noi,Hoàng Hoa Thám-Ba Đình-38m2 x 5 Tầng-Nhà mới-4.35 tỷ,,"Đường Hoàng Hoa Thám, Phường Vĩnh Phúc, Quận Ba Đình, Hà NộiXem bản đồ","4,35 tỷ - 38 m2"
35 m²,3 phòng,4 phòng,Đã có sổ,"Nhà mặt phố, mặt tiền",,,"122,86 triệu/m²",,5,,Nội thất cao cấp,,ha-noi,"Thuỵ Khuê - Tây Hồ - 35m2 x 5 Tầng - Nhà mới, ở ngay - 4.3 tỷ",,"Thuỵ Khuê, Phường Thụy Khuê, Quận Tây Hồ, Hà NộiXem bản đồ","4,3 tỷ - 35 m2"
60 m²,6 phòng,,Đã có sổ,"Nhà ngõ, hẻm",4 m,,150 triệu/m²,,5,,Nội thất đầy đủ,,ha-noi,TRẦN THÁI TÔNG- 50m2- 20m OTO TRÁNH- 40m RA PHỐ- 2 THOÁNG- NHÀ MỚI ĐẸP,,"Trần Thái Tông, Phường Dịch Vọng Hậu, Quận Cầu Giấy, Hà NộiXem bản đồ",9 tỷ - 60 m2
38 m²,3 phòng,4 phòng,Đã có sổ,"Nhà mặt phố, mặt tiền",,,"118,42 triệu/m²",,5,,Nội thất cao cấp,,ha-noi,Bán nhà 5 Tầng Thuỵ Khuê -Tây Hồ - 38m2 x 5 Tầng - Nhỉnh 4 tỷ,,"Đường Thụy Khuê, Phường Bưởi, Quận Tây Hồ, Hà NộiXem bản đồ","4,5 tỷ - 38 m2"
46 m²,4 phòng,4 phòng,Đã có sổ,"Nhà ngõ, hẻm",,,"138,04 triệu/m²",,6,,Nhà trống,,ha-noi,"Thật 300%! P Xuân La, Thang máy, 6 tần, 46m2, Ô tô 15m, chỉ nhỉnh 6 tỷ",,"Lạc Long Quân, Phường Xuân La, Quận Tây Hồ, Hà NộiXem bản đồ","6,35 tỷ - 46 m2"
38 m²,3 phòng,3 phòng,Đã có sổ,"Nhà ngõ, hẻm",,,"126,05 triệu/m²",,5,,Nội thất đầy đủ,,ha-noi,"Bán nhà Lĩnh Nam,ô tô vào nhà -thang máy- lô góc - 38m2 x 5T x 4.79 tỷ",,"Lĩnh Nam, Phường Lĩnh Nam, Quận Hoàng Mai, Hà NộiXem bản đồ","4,79 tỷ - 38 m2"
45 m²,3 phòng,,,"Nhà ngõ, hẻm",,,"95,56 triệu/m²",,,,,,ha-noi,Phân Lô Cầu Diễn 3 Mặt Thoáng Oto Đỗ Cửa Vào Nhà,,"Cầu Diễn, Phường Phú Diễn, Quận Bắc Từ Liêm, Hà NộiXem bản đồ","4,3 tỷ - 45 m2"
36 m²,4 phòng,,Đã có sổ,"Nhà ngõ, hẻm",,36 m²,"111,11 triệu/m²",,5,,,,ha-noi,THANH LÂN CẦN BÁN NHÀ MẶT NGÕ 36M2 x 5 TẦNG Ô TÔ,,"Thanh Lân, Phường Thanh Trì, Quận Hoàng Mai, Hà NộiXem bản đồ",4 tỷ - 36 m2
65 m²,6 phòng,,,"Nhà mặt phố, mặt tiền",,,400 triệu/m²,,7,,,,ha-noi,SIÊU TOÀ VP-KD VIP-DÒNG TIỀN 70TR/TH-CẠNH HỒ HOÀNG CẦU-VIEW CC-65Mx7 T,,"Hoàng Cầu, Phường Ô Chợ Dừa, Quận Đống Đa, Hà NộiXem bản đồ",26 tỷ - 65 m2
89 m²,5 phòng,6 phòng,Đã có sổ,,,,"85,39 triệu/m²",Đông Bắc,6,,,,ha-noi,Chính chủ cần bán nhà phố tân thuỵ - phúc đồng - long biên,,"Số nhà 30, Phố Tân Thụy, Phường Phúc Đồng, Quận Long Biên, Hà NộiXem bản đồ","7,6 tỷ - 89 m2"
40 m²,3 phòng,4 phòng,Đã có sổ,"Nhà mặt phố, mặt tiền",,,90 triệu/m²,Tây Nam,5,,,,ha-noi,NHÀ TỐT SIÊU ĐẸP 40M2 NGAY CẠNH TRƯỜNG TIỂU HỌC VĨNH HƯNG,,"Phố Vĩnh Hưng, Phường Vĩnh Hưng, Quận Hoàng Mai, Hà NộiXem bản đồ","3,6 tỷ - 40 m2"
35 m²,3 phòng,2 phòng,,"Nhà mặt phố, mặt tiền",,30 m²,"82,86 triệu/m²",Đông Bắc,,,,,ha-noi,"Bán Nhà Phố Định Công 4 Tầng Giá 2,9ty",,"Phố Định Công, Phường Định Công, Quận Hoàng Mai, Hà NộiXem bản đồ","2,9 tỷ - 35 m2"
50 m²,4 phòng,,Đã có sổ,"Nhà ngõ, hẻm",3.4 m,,160 triệu/m²,,5,,Nội thất đầy đủ,,ha-noi,PHÂN LÔ OTO- PHẠM VĂN ĐỒNG- 50m2- THOÁNG TRƯỚC SAU- OTO TRÁNH,,"Đường Phạm Văn Đồng, Phường Cổ Nhuế 2, Quận Bắc Từ Liêm, Hà NộiXem bản đồ",8 tỷ - 50 m2
26 m²,3 phòng,3 phòng,Đã có sổ,"Nhà ngõ, hẻm",,,"103,85 triệu/m²",,5,,Nội thất cao cấp,,ha-noi,2.7 Tỷ - Nhà Phố Văn Hương- 26m2x5T - MT 3.9m - 3 Ngủ - Sổ Đỏ Riêng CC,,"Ngõ Văn Hương, Phường Hàng Bột, Quận Đống Đa, Hà NộiXem bản đồ","2,7 tỷ - 26 m2"
30 m²,3 phòng,,Đã có sổ,"Nhà ngõ, hẻm",,30 m²,"116,67 triệu/m²",,,,,,ha-noi,"💥Chủ Nhà Gửi Bán Căn Nhà Ngay Giữa Trung Tâm Chợ Đại Từ, nhỉnh 3 tỷ",,"Đại Từ, Phường Đại Kim, Quận Hoàng Mai, Hà NộiXem bản đồ","3,5 tỷ - 30 m2"
45 m²,4 phòng,5 phòng,Đã có sổ,"Nhà mặt phố, mặt tiền",,,"122,22 triệu/m²",,4,,Nội thất cao cấp,,ha-noi,SIÊU HIẾM .CHỦ GIẢM chào nhà Hào Nam-ĐỐNG ĐA-HÀ NỘI.,,"Phố Hào Nam, Phường Cát Linh, Quận Đống Đa, Hà NộiXem bản đồ","5,5 tỷ - 45 m2"
38.9 m²,3 phòng,,Đã có sổ,"Nhà ngõ, hẻm",,,"115,17 triệu/m²",,4,,,,ha-noi,Hàng kịch độc Đê La Thành chủ nhà liên tục hạ giá 38.9M 4T đủ công Lăn,,"Đê La Thành, Phường Ô Chợ Dừa, Quận Đống Đa, Hà NộiXem bản đồ","4,48 tỷ - 38.9 m2"
40 m²,4 phòng,3 phòng,Đã có sổ,"Nhà ngõ, hẻm",,,"111,25 triệu/m²",,4,,Nội thất đầy đủ,,ha-noi,NHÀ ĐẸP VỀ Ở LUÔN PHỐ TRUNG PHỤNG-ĐỐNG ĐA- 4 TẦNG 4 NGỦ-40M2,,"Phố Trung Phụng, Phường Thổ Quan, Quận Đống Đa, Hà NộiXem bản đồ","4,45 tỷ - 40 m2"
44 m²,4 phòng,,Đã có sổ,"Nhà ngõ, hẻm",,,"77,27 triệu/m²",,4,,,,ha-noi,"Bán nhà Xuân Phương, nhà dân xây, gần oto, 44m2x4T, chỉ 3.4 tỷ",,"Đường Xuân Phương, Phường Xuân Phương, Quận Nam Từ Liêm, Hà NộiXem bản đồ","3,4 tỷ - 44 m2"
100 m²,6 phòng,,Đã có sổ,"Nhà ngõ, hẻm",4.5 m,,230 triệu/m²,,5,,Nội thất đầy đủ,,ha-noi,💥PHÂN LÔ OTO- HOÀNG QUỐC VIỆT- 100m2- VỈA HÈ RỘNG- THOÁNG TRƯỚC SAU,,"Hoàng Quốc Việt, Phường Nghĩa Đô, Quận Cầu Giấy, Hà NộiXem bản đồ",23 tỷ - 100 m2
45 m²,4 phòng,5 phòng,Đã có sổ,"Nhà mặt phố, mặt tiền",,,"122,22 triệu/m²",,4,,Nội thất cao cấp,,ha-noi,Chủ nhà muốn thank khoản nhà nhanh trước tết tại Đê La Thanh-ĐỐNG ĐA,,"Đường La Thành, Phường Cát Linh, Quận Đống Đa, Hà NộiXem bản đồ","5,5 tỷ - 45 m2"
21 m²,2 phòng,2 phòng,,"Nhà ngõ, hẻm",,,"41,9 triệu/m²",,2,,,,ha-noi,"Bán nhà Nguyễn Chính, Tân Mai",,"Ngõ 143 Nguyễn Chính, Phường Thịnh Liệt, Quận Hoàng Mai, Hà NộiXem bản đồ",880 triệu - 21 m2
27 m²,4 phòng,3 phòng,Đã có sổ,"Nhà mặt phố, mặt tiền",,,"220,37 triệu/m²",,5,,,,ha-noi,HÀNG SIÊU HIẾM - MẶT PHỐ - CỔNG VIỆN NHI TW,,"Phố Phạm Huy Thông, Phường Ngọc Khánh, Quận Ba Đình, Hà NộiXem bản đồ","5,95 tỷ - 27 m2"
45 m²,5 phòng,,,"Nhà mặt phố, mặt tiền",,,200 triệu/m²,,5,"Hẻm xe hơi,Nở hậu",,,ha-noi,CC BÁN PHỐ 8/3-P/L OTO TRÁNH-VỈA HÈ RỘNG-NGÕ THÔNG-KD-DT45m2-HƠN 9TỶ,,"8/3, Phường Quỳnh Mai, Quận Hai Bà Trưng, Hà NộiXem bản đồ",9 tỷ - 45 m2
38 m²,3 phòng,5 phòng,Đã có sổ,"Nhà mặt phố, mặt tiền",,,"147,37 triệu/m²",,5,,Nội thất cao cấp,,ha-noi,GẤP bán nhà Vạn Phúc Hà Đông 38m2 chỉ 5.X tỷ Ô tô vào nhà ở sướng,,"Đường Vạn Phúc, Phường Vạn Phúc, Quận Hà Đông, Hà NộiXem bản đồ","5,6 tỷ - 38 m2"
68 m²,4 phòng,4 phòng,Đã có sổ,"Nhà ngõ, hẻm",,,"82,35 triệu/m²",,4,,Nội thất đầy đủ,,ha-noi,"Bán nhà Chiến Thắng La Khê 68m2 mt 4,2 hơn 5 tỷ Kinh doanh Ô tô đỗ cửa",,"Đường Chiến Thắng, Phường La Khê, Quận Hà Đông, Hà NộiXem bản đồ","5,6 tỷ - 68 m2"
65 m²,4 phòng,4 phòng,Đã có sổ,"Nhà ngõ, hẻm",,,"87,69 triệu/m²",,4,,Nội thất đầy đủ,,ha-noi,BÁN nhà Thanh Bình Mỗ Lao Hà Đông 65m2 hơn 5 tỷ Ô tô đỗ cửa LHCC 036**,,"Đường Thanh Bình, Phường Mộ Lao, Quận Hà Đông, Hà NộiXem bản đồ","5,7 tỷ - 65 m2"
35 m²,4 phòng,4 phòng,Đã có sổ,"Nhà ngõ, hẻm",,,"74,29 triệu/m²",Đông Bắc,5,,,,ha-noi,✅✅NHÀ MỚI 5 tầng tây tựu(Không tiếp MG ngoài),,"Đường Tây Tựu, Phường Tây Tựu, Quận Bắc Từ Liêm, Hà NộiXem bản đồ","2,6 tỷ - 35 m2"
32 m²,4 phòng,4 phòng,Đã có sổ,"Nhà ngõ, hẻm",,,"110,94 triệu/m²",Đông Bắc,5,,,,ha-noi,HOÀN THIỆN 6 căn phân lô,,"Đường Nguyễn Đạo An, Phường Phú Diễn, Quận Bắc Từ Liêm, Hà NộiXem bản đồ","3,55 tỷ - 32 m2"
35 m²,3 phòng,3 phòng,Đã có sổ,"Nhà mặt phố, mặt tiền",,,"185,71 triệu/m²",,5,,Nội thất đầy đủ,,ha-noi,Bán nhà phân lô phố Yên Lạc. Hai Bà Trưng.Ô tô vào nhà.5 tầng.giá 6 tỷ,,"Phố Yên Lạc, Phường Vĩnh Tuy, Quận Hai Bà Trưng, Hà NộiXem bản đồ","6,5 tỷ - 35 m2"
50 m²,3 phòng,3 phòng,Đã có sổ,"Nhà ngõ, hẻm",5 m,,70 triệu/m²,,,,,10 m,ha-noi,"Chú ý kẻo lỡ , Bán nhà Minh Khai , 50m2 , chỉ 3,5 tỷ , gần Time City",,"Minh Khai, Phường Minh Khai, Quận Hai Bà Trưng, Hà NộiXem bản đồ","3,5 tỷ - 50 m2"
36.5998 m²,4 phòng,,,"Nhà mặt phố, mặt tiền",,,"116,12 triệu/m²",,,,,,ha-noi,"Tôn Đức Thắng, 2 ngoặt, ngõ thông, 15m ô tô, kinh doanh, 36.6*4T",,"Phố Tôn Đức Thắng, Phường Hàng Bột, Quận Đống Đa, Hà NộiXem bản đồ","4,25 tỷ - 36.5.998 m2"
33 m²,3 phòng,3 phòng,Đã có sổ,"Nhà ngõ, hẻm",,,"77,27 triệu/m²",Bắc,4,,,,ha-noi,"Nhà xây độc lập, ngõ thông - ôtô qua 33m2x4 tầng gần bến xe Yên Nghĩa",,"Quang Trung, Phường Yên Nghĩa, Quận Hà Đông, Hà NộiXem bản đồ","2,55 tỷ - 33 m2"
60 m²,5 phòng,5 phòng,Đã có sổ,"Nhà mặt phố, mặt tiền",,,"108,33 triệu/m²",,6,,Nội thất đầy đủ,,ha-noi,"Cần bán nhà Cổ Linh thang máy, gara ô tô 60m 6 tầng MT4m hơn 6.5 tỷ",,"Đường Cổ Linh, Phường Long Biên, Quận Long Biên, Hà NộiXem bản đồ","6,5 tỷ - 60 m2"
61 m²,3 phòng,4 phòng,Đã có sổ,"Nhà mặt phố, mặt tiền",,,"122,95 triệu/m²",,5,,Nội thất cao cấp,,ha-noi,"Cần bán nhà Thạch Bàn view hồ, ô tô tránh 61m 5 tầng MT6m hơn 7 tỷ",,"Đường Thạch Bàn, Phường Thạch Bàn, Quận Long Biên, Hà NộiXem bản đồ","7,5 tỷ - 61 m2"
40 m²,5 phòng,,Đã có sổ,"Nhà ngõ, hẻm",,,"121,25 triệu/m²",,5,,,,ha-noi,"Chính chủ cần bán nhà Tôn Đức Thắng ,nhà mới ở ngay chủ tặng toàn bộ n",,"Tôn Đức, Phường Hàng Bột, Quận Đống Đa, Hà NộiXem bản đồ","4,85 tỷ - 40 m2"
60 m²,4 phòng,2 phòng,Đã có sổ,,,,"283,33 triệu/m²",Nam,4,,,,ha-noi,Bán Nhà Phân Lô Ngụy Như Kon Tum 60m2,,"Ngụy Như Kon Tum, Phường Nhân Chính, Quận Thanh Xuân, Hà NộiXem bản đồ",17 tỷ - 60 m2
36 m²,3 phòng,3 phòng,Đã có sổ,"Nhà ngõ, hẻm",,,"115,28 triệu/m²",,4,,Nội thất đầy đủ,,ha-noi,"SIÊU HIẾM, MẬU LƯƠNG - Ô TÔ ĐỖ CỬA - KINH DOANH - LÔ GÓC HAI THOÁNG",,"Phố Mậu Lương, Phường Kiến Hưng, Quận Hà Đông, Hà NộiXem bản đồ","4,15 tỷ - 36 m2"
36 m²,2 phòng,,Đã có sổ,"Nhà ngõ, hẻm",,,"91,67 triệu/m²",,,,,,ha-noi,"Vài bước chân ra mặt phố Kim Ngưu, kinh doanh 36m2 x 4T, MT5.8 nhỉnh 3",,"Phố Kim Ngưu, Phường Vĩnh Tuy, Quận Hai Bà Trưng, Hà NộiXem bản đồ","3,3 tỷ - 36 m2"
30 m²,3 phòng,,Đã có sổ,"Nhà ngõ, hẻm",,,140 triệu/m²,,,,,,ha-noi,"Nhà đẹp như ks 5* ngõ 4m, tặng nội thất hịn Kim Ngưu 30m2 x 4T, MT4.3",,"Phố Kim Ngưu, Phường Thanh Lương, Quận Hai Bà Trưng, Hà NộiXem bản đồ","4,2 tỷ - 30 m2"
40 m²,3 phòng,,,"Nhà ngõ, hẻm",4 m,40 m²,85 triệu/m²,,3,,Nội thất đầy đủ,,ha-noi,CỰC HIẾM bán nhà Mỗ Lao Hà Đông 40m2 chỉ 3.X tỷ Ô tô đỗ cửa LHCC 036*,,"Đường Trần Phú, Phường Mộ Lao, Quận Hà Đông, Hà NộiXem bản đồ","3,4 tỷ - 40 m2"
46 m²,3 phòng,,Đã có sổ,"Nhà ngõ, hẻm",3.6 m,,"139,13 triệu/m²",,6,,Nội thất cao cấp,,ha-noi,"Bán nhà phố Nhân Hòa, siêu phẩm nội thất, 46m2, 6 tầng giá 6.4 tỷ",,"Phố Nhân Hòa, Phường Nhân Chính, Quận Thanh Xuân, Hà NộiXem bản đồ","6,4 tỷ - 46 m2"
45 m²,5 phòng,,Đã có sổ,"Nhà ngõ, hẻm",3.7 m,,"233,33 triệu/m²",,8,,Nội thất cao cấp,,ha-noi,"Cần bán nhà phố Nguyễn Ngọc Nại, 45m2 8 tầng thang máy, ô tô, 10.5 tỷ",,"Nguyễn Ngọc Nại, Phường Khương Mai, Quận Thanh Xuân, Hà NộiXem bản đồ","10,5 tỷ - 45 m2"
35 m²,4 phòng,,Đã có sổ,"Nhà mặt phố, mặt tiền",3.5 m,,"291,43 triệu/m²",,5,,Nội thất đầy đủ,,ha-noi,"Bán nhà phố Huỳnh Thúc Kháng, quận Đống Đa, 35m2 5 tầng giá 10.2 tỷ",,"Phố Huỳnh Thúc Kháng, Phường Láng Hạ, Quận Đống Đa, Hà NộiXem bản đồ","10,2 tỷ - 35 m2"
55 m²,6 phòng,,Đã có sổ,"Nhà ngõ, hẻm",4.2 m,,"234,55 triệu/m²",,6,,Nội thất đầy đủ,,ha-noi,"Cần bán nhà phố Nguyễn Phúc Lai 55m2 6 tầng, gara ô tô,12.9 tỷ.",,"Ngõ 44 Nguyễn Phúc Lai, Phường Ô Chợ Dừa, Quận Đống Đa, Hà NộiXem bản đồ","12,9 tỷ - 55 m2"
61 m²,4 phòng,,Đã có sổ,"Nhà ngõ, hẻm",5 m,,"216,39 triệu/m²",,5,,Nội thất cao cấp,,ha-noi,"Cần bán nhà phố Lê Văn Lương, 61m2 mặt tiền 5m giá 13.2 tỷ",,"Lê Văn Lương, Phường Trung Hoà, Quận Cầu Giấy, Hà NộiXem bản đồ","13,2 tỷ - 61 m2"
50 m²,4 phòng,,Đã có sổ,"Nhà ngõ, hẻm",4 m,,210 triệu/m²,,5,,Nội thất đầy đủ,,ha-noi,"Bán nhà phố Trần Quý Cáp, gần Quốc Tử Giám 50m2 5 tầng giá 10.5 tỷ",,"Trần Quý Cáp, Phường Quốc Tử Giám, Quận Đống Đa, Hà NộiXem bản đồ","10,5 tỷ - 50 m2"
55 m²,4 phòng,,Đã có sổ,"Nhà ngõ, hẻm",3.3 m,,"105,45 triệu/m²",,4,,Nội thất đầy đủ,,ha-noi,"Bán nhà đường Thịnh Quang, Đống Đa, Hà Nội, 55m2 4 tầng giá 5.8 tỷ",,"Ngõ Thịnh Quang, Phường Thịnh Quang, Quận Đống Đa, Hà NộiXem bản đồ","5,8 tỷ - 55 m2"
42 m²,4 phòng,,Đã có sổ,"Nhà ngõ, hẻm",,,"233,33 triệu/m²",Tây Bắc,6,,Nội thất cao cấp,,ha-noi,"Bán nhà khu VIP phố Hoàng Văn Thái, ô tô đỗ cửa, thang máy 9.8 tỷ.",,"Hoàng Văn Thái, Phường Khương Trung, Quận Thanh Xuân, Hà NộiXem bản đồ","9,8 tỷ - 42 m2"
35 m²,4 phòng,,,"Nhà ngõ, hẻm",3.5 m,,"132,86 triệu/m²",,4,,Nội thất đầy đủ,,ha-noi,"Bán nhà đẹp mới xây, phố Quan Nhân, 35m2 4 tầng, 4.65 tỷ",,"Quan Nhân, Phường Nhân Chính, Quận Thanh Xuân, Hà NộiXem bản đồ","4,65 tỷ - 35 m2"
45 m²,4 phòng,,,"Nhà ngõ, hẻm",4.1 m,,"111,11 triệu/m²",,5,,,,ha-noi,Bán nhà đẹp mới xây 45m2 mặt tiền 4.1m ngõ ô tô 144 Quan Nhân giá 5 tỷ,,"Quan Nhân, Phường Nhân Chính, Quận Thanh Xuân, Hà NộiXem bản đồ",5 tỷ - 45 m2
