Diện tích đất:,Số phòng ngủ:,Số phòng vệ sinh:,Giấy tờ pháp lý:,Loại hình nhà ở:,Chiều ngang:,Diện tích sử dụng:,Giá/m2:,Hướng cửa chính:,Tổng số tầng:,Đặc điểm nhà/đất:,Tình trạng nội thất:,Chiều dài:,Location,Name,URL,District,Price
16 m²,3 phòng,3 phòng,Đã có sổ,"Nhà ngõ, hẻm",,,"196,88 triệu/m²",Tây Nam,4,,,,ha-noi,"ngõ 79 Nguyễn Chí Thanh, Đống Đa, 3 bước ra ô tô, nhà đẹp, sổ vuông",,"Đường Nguyễn Chí Thanh, Phường Láng Hạ, Quận Đống Đa, Hà NộiXem bản đồ","3,15 tỷ - 16 m2"
25 m²,3 phòng,3 phòng,Đã có sổ,"Nhà ngõ, hẻm",,,110 triệu/m²,,4,,Nội thất đầy đủ,,ha-noi,"NHÀ THỔ QUAN-28M- 3PN-NGÕ NÔNG- GIÁ CHỐT 2,75 TỶ",,"Thổ Quan, Phường Thổ Quan, Quận Đống Đa, Hà NộiXem bản đồ","2,75 tỷ - 25 m2"
35 m²,7 phòng,,Đã có sổ,"Nhà ngõ, hẻm",,37 m²,"124,29 triệu/m²",,,,,,ha-noi,"NHÀ BÙI XƯƠNG TRẠCH- 35M- 5 TẦNG- 7PN CHO THUÊ 25tr/tháng, NGÕ 2.5M",,"BÙI XƯƠNG TRẠCH, Phường Khương Trung, Quận Thanh Xuân, Hà NộiXem bản đồ","4,35 tỷ - 35 m2"
50 m²,8 phòng,,Đã có sổ,"Nhà ngõ, hẻm",,,"147,6 triệu/m²",,5,,Nội thất đầy đủ,,ha-noi,"NHÀ YÊN HÒA- 8P KK- FULL ĐỒ- CHO THUÊ DOANH THU 600tr/năm, 2 MẶT NGÕ",,"yên Hòa, Phường Yên Hoà, Quận Cầu Giấy, Hà NộiXem bản đồ","7,38 tỷ - 50 m2"
44 m²,5 phòng,,Đã có sổ,"Nhà mặt phố, mặt tiền",5 m,,"454,55 triệu/m²",,5,,Nội thất cao cấp,,ha-noi,"Bán nhà mặt phố Văn Cao, 48m2, 5 tầng, MT 5m, thuê 50tr/tháng, 20 tỷ",,"Đường Văn Cao, Phường Liễu Giai, Quận Ba Đình, Hà NộiXem bản đồ",20 tỷ - 44 m2
55 m²,6 phòng,4 phòng,Đã có sổ,"Nhà ngõ, hẻm",,,"133,64 triệu/m²",,5,,Nội thất đầy đủ,,ha-noi,"NGON QUÁ ! P XUÂN LA, 5 TẦNG, 55M2, Ô TÔ VÀO, LÔ GÓC, CHỈ NHỈNH 7 TỶ",,"Lạc Long Quân, Phường Xuân La, Quận Tây Hồ, Hà NộiXem bản đồ","7,35 tỷ - 55 m2"
34 m²,3 phòng,3 phòng,Đã có sổ,"Nhà ngõ, hẻm",,34 m²,"95,59 triệu/m²",,4,,,,ha-noi,Chính chủ cần bán nhà Xuân Phương - Nam Từ Liêm. 5 tầng 34m2 Ô tô,,"Xuân Phương, Phường Xuân Phương, Quận Nam Từ Liêm, Hà NộiXem bản đồ","3,25 tỷ - 34 m2"
50 m²,5 phòng,5 phòng,Đã có sổ,"Nhà mặt phố, mặt tiền",,50 m²,130 triệu/m²,,5,,,,ha-noi,"Bán nhà gần chợ Phú Diễn, 50m2, 5 Tầng, Gaza Ôtô, Giá: 6.5 tỷ",,"Phú Diễn, Phường Phú Diễn, Quận Bắc Từ Liêm, Hà NộiXem bản đồ","6,5 tỷ - 50 m2"
40 m²,4 phòng,4 phòng,Đã có sổ,"Nhà ngõ, hẻm",,,"182,25 triệu/m²",,5,,Nội thất đầy đủ,,ha-noi,NHÀ ĐẸP 40mx5T- LÔ GÓC 3 NGỦ ĐẸP PHỐ LẠC TRUNG PHÂN LÔ Ô TÔ TRÁNH -KD,,"Ngõ 230 Lạc Trung, Phường Thanh Lương, Quận Hai Bà Trưng, Hà NộiXem bản đồ","7,29 tỷ - 40 m2"
22 m²,3 phòng,4 phòng,Đã có sổ,"Nhà ngõ, hẻm",,,150 triệu/m²,,5,,Nội thất đầy đủ,,ha-noi,"Cần bán trước tết nhà ngõ151 Nguyễn Đức Cảnh: 22/25m,5tầng,4m mặt tiên",,"Ngõ 151 Phố Nguyễn Đức Cảnh, Phường Tương Mai, Quận Hoàng Mai, Hà NộiXem bản đồ","3,3 tỷ - 22 m2"
52 m²,4 phòng,3 phòng,Đã có sổ,"Nhà ngõ, hẻm",,,"96,15 triệu/m²",,4,,,,ha-noi,🔥Tây Hồ Tứ Liên Hai Thoáng gần ô tô kinh doanh gara 52m nhỉnh 5tỷ,,"Tứ Liên, Phường Tứ Liên, Quận Tây Hồ, Hà NộiXem bản đồ",5 tỷ - 52 m2
50 m²,5 phòng,4 phòng,Đã có sổ,"Nhà mặt phố, mặt tiền",,,130 triệu/m²,,5,Hẻm xe hơi,,,ha-noi,"Bán gấp nhà ngõ 259 Phú Diễn 50m2, Gaza Ôtô, KD, Giá: 6.5 tỷ",,"Phú Diễn, Phường Phú Diễn, Quận Bắc Từ Liêm, Hà NộiXem bản đồ","6,5 tỷ - 50 m2"
33 m²,3 phòng,4 phòng,,"Nhà ngõ, hẻm",,33 m²,"107,74 triệu/m²",,5,,,,ha-noi,⚛️⚛️Bán nhà gần chợ Phú Diễn - Bắc Từ Liêm. Hình ảnh thật 100%.,,"Đường Phú Diễn, Phường Phú Diễn, Quận Bắc Từ Liêm, Hà NộiXem bản đồ","3,555555555 tỷ - 33 m2"
50 m²,5 phòng,4 phòng,Đã có sổ,"Nhà mặt phố, mặt tiền",4 m,,130 triệu/m²,,5,,,,ha-noi,"Chính chủ bán gấp nhà Nguyễn Đạo An Phú Diễn 50m2, Ôtô, KD, nhỉnh 6 tỷ",,"Phú Diễn, Phường Phú Diễn, Quận Bắc Từ Liêm, Hà NộiXem bản đồ","6,5 tỷ - 50 m2"
42 m²,5 phòng,5 phòng,Đã có sổ,"Nhà mặt phố, mặt tiền",,42 m²,"147,62 triệu/m²",,5,,,,ha-noi,"Hiếm Hiếm Bán nhà 5T×42m khu phân lô TĐC Tu Hoàng, Nam Từ Liêm",,"Tu Hoàng, Phường Xuân Phương, Quận Nam Từ Liêm, Hà NộiXem bản đồ","6,2 tỷ - 42 m2"
80 m²,6 phòng,5 phòng,Đã có sổ,"Nhà mặt phố, mặt tiền",,80 m²,"131,25 triệu/m²",,5,,,,ha-noi,"Cần bán gấp nhà Tu Hoàng- khu TĐC Tu Hoàng vỉa hè rộng - 80m2, 10.5 tỷ",,"Tu Hoàng, Phường Xuân Phương, Quận Nam Từ Liêm, Hà NộiXem bản đồ","10,5 tỷ - 80 m2"
33 m²,3 phòng,4 phòng,Đã có sổ,"Nhà ngõ, hẻm",,33 m²,"115,15 triệu/m²",,5,,,,ha-noi,"Bán gấp nhà đẹp Phú Diễn,Ôtô tải 5 tạ đỗ cửa,Tặng Nội Thất, giá 3.8 tỷ",,"Phú Diễn, Phường Phú Diễn, Quận Bắc Từ Liêm, Hà NộiXem bản đồ","3,8 tỷ - 33 m2"
67 m²,5 phòng,5 phòng,,"Nhà mặt phố, mặt tiền",7 m,,"178,96 triệu/m²",,3,,Nhà trống,,ha-noi,"Bán nhà phố Văn Cao, 67m2, 2 tầng, Mặt tiền 7m, ô tô tránh, 11.99 tỷ",,"Đường Văn Cao, Phường Liễu Giai, Quận Ba Đình, Hà NộiXem bản đồ","11,99 tỷ - 67 m2"
36 m²,6 phòng,5 phòng,Đã có sổ,"Nhà ngõ, hẻm",,36 m²,100 triệu/m²,,5,,,,ha-noi,"Bán gấp nhà Phú Diễn, 6 phòng ngủ, Cực Gần Ô tô giá 3.6 tỷ.",,"Phú Diễn, Phường Phú Diễn, Quận Bắc Từ Liêm, Hà NộiXem bản đồ","3,6 tỷ - 36 m2"
50 m²,5 phòng,4 phòng,Đã có sổ,"Nhà mặt phố, mặt tiền",4.5 m,,130 triệu/m²,,5,,,,ha-noi,"OTO VÀO NHÀ - CHỦ TỰ XÂY ĐỨC DIỄN - BẮC TỪ LIÊM 50M X5TẦNG,GIÁ: 6.5 Tỷ",,"Đức Diễn, Phường Phú Diễn, Quận Bắc Từ Liêm, Hà NộiXem bản đồ","6,5 tỷ - 50 m2"
20 m²,2 phòng,3 phòng,Đã có sổ,"Nhà ngõ, hẻm",,,100 triệu/m²,,4,,Nội thất đầy đủ,,ha-noi,"Cần bán nhà ngõ Thịnh Hào 3:20m, 4tầng, 3m mặt tiền.",,"Ngõ Thịnh Hào 3, Phường Hàng Bột, Quận Đống Đa, Hà NộiXem bản đồ",2 tỷ - 20 m2
32 m²,3 phòng,4 phòng,Đã có sổ,"Nhà ngõ, hẻm",,,"112,5 triệu/m²",,5,,Nhà trống,,ha-noi,"Bán nhà 5 tầng, ngõ 142 phố Đại Từ. Sổ đẹp, giao nhà ngay.",,"142, Đại Từ, Phường Đại Kim, Quận Hoàng Mai, Hà NộiXem bản đồ","3,6 tỷ - 32 m2"
40 m²,6 phòng,6 phòng,Đã có sổ,"Nhà ngõ, hẻm",,,105 triệu/m²,,5,,Nội thất đầy đủ,,ha-noi,"Bán nhà, đường Kim Giang, xây dựng mới, đẹp. Giao nhà ngay.",,"Kim Giang, Xã Thanh Liệt, Huyện Thanh Trì, Hà NộiXem bản đồ","4,2 tỷ - 40 m2"
28 m²,3 phòng,4 phòng,Đã có sổ,"Nhà ngõ, hẻm",,,"118,93 triệu/m²",,5,,Nội thất đầy đủ,,ha-noi,"Cần bán nhà ngõ 60 Thịnh Hào 3: 28/30, 5tầng, 3m mặt tiền.",,"Phố Tôn Đức Thắng, Phường Hàng Bột, Quận Đống Đa, Hà NộiXem bản đồ","3,33 tỷ - 28 m2"
31 m²,5 phòng,4 phòng,Đã có sổ,"Nhà ngõ, hẻm",,,"106,45 triệu/m²",Đông Nam,5,,,,ha-noi,"ngõ 60 Thịnh Hào 3 , Đống Đa 31m2 x 5 tầng, sổ vuông , nhỏ tiền",,"Ngõ Thịnh Hào 3, Phường Hàng Bột, Quận Đống Đa, Hà NộiXem bản đồ","3,3 tỷ - 31 m2"
20 m²,3 phòng,2 phòng,Đã có sổ,"Nhà ngõ, hẻm",,20 m²,150 triệu/m²,,4,,,,ha-noi,"3 Tỷ có ngay nhà Nguyễn Chí Thanh - Đống Đa , 3 ngủ , Cách Otô 5M ,",,"Đường Nguyễn Chí Thanh, Phường Láng Thượng, Quận Đống Đa, Hà NộiXem bản đồ",3 tỷ - 20 m2
30 m²,3 phòng,4 phòng,Đã có sổ,"Nhà ngõ, hẻm",,,"111,67 triệu/m²",,5,,Nội thất đầy đủ,,ha-noi,Đống Đa - nhà dây xây - ngõ thông - ở sướng - nhỉnh 3 tỷ,,"tôn đức thắng, Phường Hàng Bột, Quận Đống Đa, Hà NộiXem bản đồ","3,35 tỷ - 30 m2"
47 m²,4 phòng,Nhiều hơn 6 phòng,Đã có sổ,"Nhà mặt phố, mặt tiền",4.5 m,,"112,77 triệu/m²",,,,,10 m,ha-noi,"Pháo Đài Láng, Đống Đa,Chỉ 120tr/m, ô tô 47 m - 5,3 tỷ",,"Pháo Đài Láng, Phường Láng Thượng, Quận Đống Đa, Hà NộiXem bản đồ","5,3 tỷ - 47 m2"
35 m²,6 phòng,,Đã có sổ,"Nhà mặt phố, mặt tiền",,,"57,14 triệu/m²",Bắc,5,,Nội thất cao cấp,,ha-noi,"Bán nhà mặt đường, ô tô đỗ cửa",,"Phan Bá Vành, Phường Cổ Nhuế 1, Quận Bắc Từ Liêm, Hà NộiXem bản đồ",2 tỷ - 35 m2
30 m²,4 phòng,,Đã có sổ,"Nhà ngõ, hẻm",5 m,,"203,33 triệu/m²",,4,,Nội thất đầy đủ,,ha-noi,"Bán nhà phố Giảng Võ, kinh doanh tốt 30m2 4 tầng gi.á 6.1 tỷ",,"Giảng Võ, Phường Ô Chợ Dừa, Quận Đống Đa, Hà NộiXem bản đồ","6,1 tỷ - 30 m2"
40 m²,4 phòng,4 phòng,Đã có sổ,"Nhà ngõ, hẻm",4 m,,"112,5 triệu/m²",,,,,10 m,ha-noi,"Gần Phố , Nguyễn thị Đinh , 40 m2 giá 4.5 tỷ .ở Sướng",,"Nguyễn Thị Định, Phường Trung Hoà, Quận Cầu Giấy, Hà NộiXem bản đồ","4,5 tỷ - 40 m2"
33 m²,3 phòng,,,"Nhà ngõ, hẻm",,33 m²,"133,33 triệu/m²",,,,,,ha-noi,Có 102! Xã Đàn_Thông_Thoáng_Kinh Doanh_ô tô đỗ cửa_An sinh đỉnh,,"XÃ ĐÀN, Phường Ô Chợ Dừa, Quận Đống Đa, Hà NộiXem bản đồ","4,4 tỷ - 33 m2"
32 m²,3 phòng,,Đã có sổ,"Nhà ngõ, hẻm",,,"134,38 triệu/m²",,,,,,ha-noi,Bán nhà Phương Mai Lương Định Của nhà đẹp đón tết ngõ thông oto đỗ cửa,,"Phố Lương Đình Của, Phường Phương Mai, Quận Đống Đa, Hà NộiXem bản đồ","4,3 tỷ - 32 m2"
35 m²,3 phòng,,Đã có sổ,"Nhà ngõ, hẻm",5 m,,"157,14 triệu/m²",,5,,Nội thất đầy đủ,,ha-noi,"📌 RẺ - NHANH TAY ! Nhà mới Cầu Giấy, NHÀ ĐẸP 35m x 5T,MT 5m giá 5,5 tỷ",,"Cầu Giấy, Phường Quan Hoa, Quận Cầu Giấy, Hà NộiXem bản đồ","5,5 tỷ - 35 m2"
52 m²,3 phòng,2 phòng,,"Nhà ngõ, hẻm",,,"148,08 triệu/m²",,,,,,ha-noi,"Nhà Lê Đức Thọ, Lô Góc, Kinh doanh, Oto đỗ, Dt 52m2, Mt 4.2m, Giá 7.7t",,"Đường Lê Đức Thọ, Phường Mỹ Đình 1, Quận Nam Từ Liêm, Hà NộiXem bản đồ","7,7 tỷ - 52 m2"
35 m²,4 phòng,5 phòng,Đã có sổ,"Nhà mặt phố, mặt tiền",,,"141,43 triệu/m²",,6,,Nội thất cao cấp,,ha-noi,Phan Kế Bính - Ba Đình - 35m2 x 6 Tầng - Ngõ thẳng - 4.95 tỷ,,"Phan Kế Bính, Phường Liễu Giai, Quận Ba Đình, Hà NộiXem bản đồ","4,95 tỷ - 35 m2"
17 m²,3 phòng,3 phòng,,"Nhà ngõ, hẻm",,,"185,29 triệu/m²",,4,,,,ha-noi,Cần bán gấp nhà,,"79 Nguyễn Chí Thanh, Phường Láng Hạ, Quận Đống Đa, Hà NộiXem bản đồ","3,15 tỷ - 17 m2"
43 m²,4 phòng,,Đã có sổ,"Nhà ngõ, hẻm",,,"138,37 triệu/m²",,,,Nội thất đầy đủ,,ha-noi,BÁN NHÀ BA ĐÌNH 43m2 mt 4.6m 5.95 tỷ Lô góc,,"Phố Kim Mã, Phường Kim Mã, Quận Ba Đình, Hà NộiXem bản đồ","5,95 tỷ - 43 m2"
51 m²,3 phòng,,,"Nhà mặt phố, mặt tiền",4 m,51 m²,"215,69 triệu/m²",,4,,,,ha-noi,Bán nhà mặt phố Ái Mộ Long Biên 51m MT 4m nhỉnh 11 tỷ,,"Phố Ái Mộ, Phường Bồ Đề, Quận Long Biên, Hà NộiXem bản đồ",11 tỷ - 51 m2
35 m²,4 phòng,4 phòng,Đã có sổ,"Nhà ngõ, hẻm",,,70 triệu/m²,Đông Bắc,5,,,,ha-noi,"Nhà 2.45tỷ Phố Xốm hà Đông, 4 tầng*35m2 mặt ngõ Thông Thoáng vĩnh viễn",,"Phố Xốm, Phường Phú Lãm, Quận Hà Đông, Hà NộiXem bản đồ","2,45 tỷ - 35 m2"
35 m²,4 phòng,4 phòng,Đã có sổ,"Nhà ngõ, hẻm",,,"75,71 triệu/m²",Đông Nam,4,,,,ha-noi,"Nhà 2.65 tỷ đường Yên Lộ Tổ 10 Yên Nghĩa, sát Ô Tô đi, 4 tầng (35m2)",,"Phố Yên Lộ, Phường Yên Nghĩa, Quận Hà Đông, Hà NộiXem bản đồ","2,65 tỷ - 35 m2"
33 m²,4 phòng,4 phòng,Đã có sổ,"Nhà ngõ, hẻm",,,"69,7 triệu/m²",Đông Bắc,5,,,,ha-noi,"Nhà 2.35 tỷ dương nội hà đông-gần vòng xuyến lê trọng tấn, 5 tầng 33m2",,"lê trọng tấn, Phường Dương Nội, Quận Hà Đông, Hà NộiXem bản đồ","2,3 tỷ - 33 m2"
36 m²,4 phòng,,Đã có sổ,"Nhà ngõ, hẻm",,,50 triệu/m²,Tây Nam,4,,Nhà trống,,ha-noi,"Nhà 1.8 tỷ Yên Nghĩa Hà Đông, 4 tầng (36m2-4PN) sát đường ô tô đi",,"tố hữu, Phường Yên Nghĩa, Quận Hà Đông, Hà NộiXem bản đồ","1,8 tỷ - 36 m2"
30 m²,3 phòng,3 phòng,Đã có sổ,"Nhà ngõ, hẻm",,,"133,33 triệu/m²",,5,,Nhà trống,,ha-noi,BÁN NHÀ MỄ TRÌ(NAM TỪ LIÊM)_DT 30M2_X5 TẦNG_NGÕ THÔNG_LÔ GÓC_30M Ô TÔ,,"Mễ Trì, Phường Mễ Trì, Quận Nam Từ Liêm, Hà NộiXem bản đồ",4 tỷ - 30 m2
45 m²,3 phòng,4 phòng,Đã có sổ,"Nhà ngõ, hẻm",,,"128,89 triệu/m²",,5,,Nội thất cao cấp,,ha-noi,"Đẹp nhất Cầu Giấy! 2 thoáng, ngõ to, mới đẹp xách vali ở ngay, 45m2*5T",,"Cầu Giấy, Phường Dịch Vọng, Quận Cầu Giấy, Hà NộiXem bản đồ","5,8 tỷ - 45 m2"
38 m²,3 phòng,,Đã có sổ,"Nhà ngõ, hẻm",,,"121,05 triệu/m²",,,,,,ha-noi,"Hàng hiếm Xã Đàn, 30m phố ngõ nông, view 2 thoáng, nhà ở luôn, 38m2*5T",,"Phố Xã Đàn, Phường Phương Liên, Quận Đống Đa, Hà NộiXem bản đồ","4,6 tỷ - 38 m2"
35 m²,3 phòng,4 phòng,Đã có sổ,"Nhà ngõ, hẻm",,,"41,43 triệu/m²",,4,,Nhà trống,,ha-noi,"Nhà 1.4 tỷ cổng ĐH Thể Dục Thể Thao, 3 tầng (35m2-3PN) sát ô tô đi",,"Quốc lộ 6, Phường Yên Nghĩa, Quận Hà Đông, Hà NộiXem bản đồ","1,45 tỷ - 35 m2"
64 m²,5 phòng,Nhiều hơn 6 phòng,Đã có sổ,"Nhà mặt phố, mặt tiền",,,"312,5 triệu/m²",,5,,Nội thất đầy đủ,,ha-noi,"BÁN NHÀ MẶT TIỀN PHỐ VỌNG, VỈA HÈ RỘNG KINH DOANH TỐT, NHIỀU TIỆN ÍCH",,"Phố Vọng, Phường Đồng Tâm, Quận Hai Bà Trưng, Hà NộiXem bản đồ",20 tỷ - 64 m2
48 m²,4 phòng,4 phòng,Đã có sổ,"Nhà ngõ, hẻm",,,"123,96 triệu/m²",,5,,Nội thất cao cấp,,ha-noi,"Tin chuẩn! Lô góc Chùa Hà, 10m ra oto tránh, full đồ, ở luôn, 48m2*5T",,"Cầu Giấy, Phường Dịch Vọng, Quận Cầu Giấy, Hà NộiXem bản đồ","5,95 tỷ - 48 m2"
65 m²,6 phòng,,Đã có sổ,"Nhà ngõ, hẻm",,,"167,69 triệu/m²",,,"Hẻm xe hơi,Nở hậu",,,ha-noi,"Hoàng Văn Thái 65m 5 tầng,MT 5,2m oto KD,2 thoáng,10,9 tỷTT Thanh Xuân",,"Hoàng Văn Thái, Phường Khương Mai, Quận Thanh Xuân, Hà NộiXem bản đồ","10,9 tỷ - 65 m2"
40 m²,5 phòng,4 phòng,,"Nhà ngõ, hẻm",3.4 m,,"102,25 triệu/m²",,4,,,12 m,ha-noi,💥 PHỐ THANH LÂN-MẶT NGÕ RỘNG -TẦNG 1 GALA OTO- NHÀ SIÊU ĐẸP,,"Thanh Lân , Phường Vĩnh Hưng, Quận Hoàng Mai, Hà NộiXem bản đồ","4,09 tỷ - 40 m2"
56 m²,4 phòng,,,"Nhà ngõ, hẻm",,,"160,71 triệu/m²",,,,,,ha-noi,Bán nhà Bồ Đề Phố 56m2-5 tầng -Mt 5m-Ô TÔ-THANG MÁY-ĐẸP LONG LANH-9 tỷ,,"Bồ Đề, Phường Bồ Đề, Quận Long Biên, Hà NộiXem bản đồ",9 tỷ - 56 m2
38 m²,5 phòng,4 phòng,Đã có sổ,"Nhà ngõ, hẻm",,,"113,16 triệu/m²",,4,,Nội thất đầy đủ,,ha-noi,"Nhà La Thành- Xã đàn ,Ngõ nông- rộng nhỉnh đầu 4 có ngay 38m*4T",,"Đê La Thành, Phường Thổ Quan, Quận Đống Đa, Hà NộiXem bản đồ","4,3 tỷ - 38 m2"
34 m²,3 phòng,,Đang chờ sổ,"Nhà ngõ, hẻm",,,"42,65 triệu/m²",,,,Nội thất đầy đủ,,ha-noi,"Bán gấp căn nhà 3 tầng trịnh cửu, 2 ngủ-phong thờ sân phơi",,"Phố Trịnh Đình Cửu, Phường Định Công, Quận Hoàng Mai, Hà NộiXem bản đồ","1,45 tỷ - 34 m2"
46 m²,4 phòng,,Đã có sổ,"Nhà ngõ, hẻm",,46 m²,"106,96 triệu/m²",,5,,Nội thất cao cấp,,ha-noi,"Lô góc Cầu Giấy, 10m ra ngõ thông, oto, mới đẹp full nội thất, 42m2*5T",,"Cầu Giấy, Phường Dịch Vọng Hậu, Quận Cầu Giấy, Hà NộiXem bản đồ","4,92 tỷ - 46 m2"
45 m²,4 phòng,,Đã có sổ,"Nhà ngõ, hẻm",,,"98,89 triệu/m²",,,,,,ha-noi,"Đố tìm được nhà Thái Thịnh 45m2 gần ô tô, nhà mới không có gì để chê!",,"Phố Thái Thịnh, Phường Thịnh Quang, Quận Đống Đa, Hà NộiXem bản đồ","4,45 tỷ - 45 m2"
30 m²,3 phòng,3 phòng,Đã có sổ,"Nhà mặt phố, mặt tiền",,,"213,33 triệu/m²",,5,,Nội thất đầy đủ,,ha-noi,"Nhà Minh Khai ô tô tránh, vỉa hè rộng 5 tầng dt 30m2 MT 5m KD đỉnh",,"Minh Khai, Phường Minh Khai, Quận Hai Bà Trưng, Hà NộiXem bản đồ","6,4 tỷ - 30 m2"
54 m²,4 phòng,,Đã có sổ,"Nhà ngõ, hẻm",,,"133,33 triệu/m²",,4,,,,ha-noi,BÁN NHÀ PHỐ HOÀNG NHƯ TIẾP BỒ ĐỀ 54M2 4 TẦNG FULL NỘI THẤT 7.2 TỶ,,"Đường Nguyễn Văn Cừ, Phường Bồ Đề, Quận Long Biên, Hà NộiXem bản đồ","7,2 tỷ - 54 m2"
52 m²,nhiều hơn 10 phòng,Nhiều hơn 6 phòng,Đã có sổ,"Nhà ngõ, hẻm",,,250 triệu/m²,,7,,Nội thất đầy đủ,,ha-noi,CCMN ĐÊ LA THÀNH TT BA ĐÌNH - 13PHÒNG STUDIO -.60M-7TẦNG-13.5 TỶ,,"Đê La Thành, Phường Liễu Giai, Quận Ba Đình, Hà NộiXem bản đồ",13 tỷ - 52 m2
38 m²,4 phòng,,,"Nhà ngõ, hẻm",,38 m²,"127,89 triệu/m²",,,,,,ha-noi,"Giá cắt lỗ! Lô góc Thái Hà, thông, kd, gần phố, ngõ nông, 38m2*5T",,"Thái Hà, Phường Trung Liệt, Quận Đống Đa, Hà NộiXem bản đồ","4,86 tỷ - 38 m2"
35 m²,4 phòng,,,"Nhà ngõ, hẻm",,35 m²,"125,71 triệu/m²",,,,,,ha-noi,"Chỉ 104 triệu/m2! Mặt ngõ Xã Đàn,Thông, KD, Oto, Sát phố, Ở ngay, 35m2",,"Xã Đàn, Phường Ô Chợ Dừa, Quận Đống Đa, Hà NộiXem bản đồ","4,4 tỷ - 35 m2"
30 m²,4 phòng,,Đã có sổ,"Nhà mặt phố, mặt tiền",,150 m²,450 triệu/m²,,5,,,,ha-noi,"Mặt phố Giang Văn Minh, 30m2*5T, lô góc, vỉa hè 8m, kd cafe, 13.5 tỷ",,"Phố Giang Văn Minh, Phường Đội Cấn, Quận Ba Đình, Hà NộiXem bản đồ","13,5 tỷ - 30 m2"
30 m²,3 phòng,,Đã có sổ,Nhà phố liền kề,,,115 triệu/m²,,4,Hẻm xe hơi,,,ha-noi,BÁN NHÀ ĐẸP - PHỐ QUANG TRUNG - Ô TÔ ĐỖ CỔNG - GIÁ HẠT DẺ,,"Đường Quang Trung, Phường La Khê, Quận Hà Đông, Hà NộiXem bản đồ","3,45 tỷ - 30 m2"
31 m²,4 phòng,4 phòng,Đã có sổ,"Nhà ngõ, hẻm",,,"108,06 triệu/m²",,5,,,,ha-noi,Ô TÔ ĐỖ GẦN - CÁCH THỊNH HÀO 1 30m - NGÕ NÔNG - NHÀ ĐẸP Ở NGAY - 4 NGỦ,,"Thịnh Hào, Phường Thổ Quan, Quận Đống Đa, Hà NộiXem bản đồ","3,35 tỷ - 31 m2"
45 m²,6 phòng,,Đã có sổ,"Nhà ngõ, hẻm",,,"135,56 triệu/m²",,,Nở hậu,Nội thất cao cấp,,ha-noi,NHÀ PHỐ CHÍNH KINH- 45M2*5 TẦNG - LÔ GÓC GẦN PHỐ - 6.1 TỶ SĐCC,,"phố Chính Kinh, Phường Nhân Chính, Quận Thanh Xuân, Hà NộiXem bản đồ","6,1 tỷ - 45 m2"
33 m²,2 phòng,,,Nhà phố liền kề,,,"118,18 triệu/m²",,,,,,ha-noi,CỰC HIẾM - BÁN ĐẤT TẶNG NHÀ - Ô TÔ TRÁNH - KINH DOANH - GIÁ ĐẦU TƯ,,"Phố Lụa, Phường Vạn Phúc, Quận Hà Đông, Hà NộiXem bản đồ","3,9 tỷ - 33 m2"
75 m²,nhiều hơn 10 phòng,,Đã có sổ,"Nhà ngõ, hẻm",,,"202,67 triệu/m²",,,,Nội thất đầy đủ,,ha-noi,"CCMN dòng tiền 130 tr/tháng, 22 phòng, Láng Hạ, dt 75m2, mặt tiền 4.7m",,"Phố Láng Hạ, Phường Láng Hạ, Quận Đống Đa, Hà NộiXem bản đồ","15,2 tỷ - 75 m2"
50 m²,4 phòng,4 phòng,,"Nhà ngõ, hẻm",,,80 triệu/m²,,,,,,ha-noi,"Bán nhà đẹp Định Công Hạ Hoàng Mai 50m2x4T MT3.8m, cách ô tô 20m.",,"Phố Trịnh Đình Cửu, Phường Định Công, Quận Hoàng Mai, Hà NộiXem bản đồ",4 tỷ - 50 m2
35 m²,4 phòng,5 phòng,Đã có sổ,"Nhà ngõ, hẻm",,,"85,71 triệu/m²",,5,,Nội thất đầy đủ,,ha-noi,3tỷ nhà Phương Canh-35m2-5 tầng-ngõ thông-oto đỗ tải đỗ cửa-kinh doanh,,"phương canh, Phường Phương Canh, Quận Nam Từ Liêm, Hà NộiXem bản đồ",3 tỷ - 35 m2
48 m²,4 phòng,,,"Nhà ngõ, hẻm",,,"84,48 triệu/m²",,2,,,,ha-noi,Bán nhà đẹp Định Công Thượng Hoàng Mai 48m2x4T MT3.8m cách ô tô 20m,,"Định Công Thượng, Phường Định Công, Quận Hoàng Mai, Hà NộiXem bản đồ","4,055 tỷ - 48 m2"
43 m²,5 phòng,,,"Nhà ngõ, hẻm",,43 m²,"127,44 triệu/m²",,,,,,ha-noi,"Giảm chào nửa tỷ! Thái Hà, thông, gần phố, thoáng, 43m2*6T,",,"Thái Hà, Phường Quang Trung, Quận Đống Đa, Hà NộiXem bản đồ","5,48 tỷ - 43 m2"
50 m²,6 phòng,3 phòng,Đã có sổ,"Nhà ngõ, hẻm",,,119 triệu/m²,,5,,Nhà trống,,ha-noi,"bánnhà phố Đào Tấn,50m,5 tầng , ngõ thoáng,oto đỗ gần cửa,chỉ 5.95 tỉ",,"Phố Đào Tấn, Phường Cống Vị, Quận Ba Đình, Hà NộiXem bản đồ","5,95 tỷ - 50 m2"
50 m²,4 phòng,4 phòng,Đã có sổ,"Nhà ngõ, hẻm",,,94 triệu/m²,,4,,Nội thất đầy đủ,,ha-noi,"Bán Nhà phố TRẦN THÁI TÔNG, 50m2 x 4 Tầng , MT5M chào 4,7 tỷ có TL.",,"Trần Thái Tông, Phường Dịch Vọng Hậu, Quận Cầu Giấy, Hà NộiXem bản đồ","4,7 tỷ - 50 m2"
57 m²,5 phòng,,Đã có sổ,"Nhà mặt phố, mặt tiền",4 m,,"298,25 triệu/m²",,5,,Nội thất cao cấp,,ha-noi,"Bán nhà mặt phố Láng Hạ, 57m2, thuê 50tr/1tháng, Mặt Tiền 4m, 17 tỷ",,"Phố Láng Hạ, Phường Láng Hạ, Quận Đống Đa, Hà NộiXem bản đồ",17 tỷ - 57 m2
38 m²,5 phòng,4 phòng,Đã có sổ,"Nhà ngõ, hẻm",,,"139,47 triệu/m²",,5,,Nội thất đầy đủ,,ha-noi,"Hái lộc giáp TẾT! THÁI THỊNH, nhà đẹp ở ngay, gần phố, lô góc. 38m*5T",,"Phố Thái Thịnh, Phường Thịnh Quang, Quận Đống Đa, Hà NộiXem bản đồ","5,3 tỷ - 38 m2"
50 m²,3 phòng,3 phòng,Đã có sổ,"Nhà ngõ, hẻm",,50 m²,118 triệu/m²,,5,,,,ha-noi,"Giá như biếu! THÁI THỊNH, ngõ thông kinh doanh, diện tích rộng. 50m*5T",,"Phố Thái Thịnh, Phường Thịnh Quang, Quận Đống Đa, Hà NộiXem bản đồ","5,9 tỷ - 50 m2"
50 m²,6 phòng,4 phòng,Đã có sổ,"Nhà ngõ, hẻm",,,116 triệu/m²,,5,,Nội thất cao cấp,,ha-noi,"NHÀ ĐẸP HOÀNG HOA THÁM_BA ĐÌNH_NGÕ THÔNG_MẶT NGÕ RỘNG_CHỈ 5,8 TỶ",,"Hoàng Hoa Thám, Phường Vĩnh Phúc, Quận Ba Đình, Hà NộiXem bản đồ","5,8 tỷ - 50 m2"
40 m²,4 phòng,3 phòng,Đã có sổ,"Nhà ngõ, hẻm",,,"123,75 triệu/m²",,4,,Nội thất đầy đủ,,ha-noi,"Rộn ràng Xuân Rồng Vàng! LƯƠNG ĐỊNH CỦA, ngõ thông, sát ô tô. 40m*4T",,"Ngõ 91 Lương Đình Của, Phường Phương Mai, Quận Đống Đa, Hà NộiXem bản đồ","4,95 tỷ - 40 m2"
32 m²,3 phòng,3 phòng,Đã có sổ,"Nhà ngõ, hẻm",,,"71,88 triệu/m²",,4,,Nhà trống,,ha-noi,2.3 tỷ có ngay nhà Yên Nghĩa Hà Đông 4Tx32m2 ( Tổ 5 yên nghĩa ),,"Quốc lộ 6, Phường Yên Nghĩa, Quận Hà Đông, Hà NộiXem bản đồ","2,3 tỷ - 32 m2"
54 m²,5 phòng,5 phòng,Đã có sổ,"Nhà mặt phố, mặt tiền",,,"240,74 triệu/m²",,5,,Nội thất cao cấp,,ha-noi,"Bán nhà mặt phố VIP Yên Thế, Quận Ba Đình, 54m2, 5 tầng, MT 10m,13 tỷ",,"Phố Yên Thế, Phường Điện Biên, Quận Ba Đình, Hà NộiXem bản đồ",13 tỷ - 54 m2
80 m²,5 phòng,,Đã có sổ,"Nhà ngõ, hẻm",6 m,,"212,5 triệu/m²",,5,,Nội thất đầy đủ,,ha-noi,PHÂN LÔ CẦU GIẤY- 80m2- OTO TRÁNH- 2 THOÁNG- MẶT TIỀN ĐẸP- DÂN TRÍ CAO,,"Trần Quốc Hoàn, Phường Dịch Vọng Hậu, Quận Cầu Giấy, Hà NộiXem bản đồ",17 tỷ - 80 m2
33 m²,3 phòng,3 phòng,Đã có sổ,"Nhà ngõ, hẻm",,33 m²,"120,91 triệu/m²",,5,,,,ha-noi,nhà 5 tầng*33 mét giá 3ty990tr quan nhân thanh xuân ở luôn,,"quan nhân , Phường Thanh Xuân Nam, Quận Thanh Xuân, Hà NộiXem bản đồ","3,99 tỷ - 33 m2"
50 m²,4 phòng,4 phòng,Đã có sổ,"Nhà ngõ, hẻm",,,94 triệu/m²,,4,,Nội thất đầy đủ,,ha-noi,"Bán Nhà phố Dịch Vọng Hậu, 50m2 x 4 Tầng , MT5,2M chào 4,7 tỷ có TL.",,"Dịch Vọng Hậu, Phường Dịch Vọng Hậu, Quận Cầu Giấy, Hà NộiXem bản đồ","4,7 tỷ - 50 m2"
55 m²,9 phòng,,Đã có sổ,"Nhà ngõ, hẻm",,,"154,55 triệu/m²",,5,,Nội thất đầy đủ,,ha-noi,DÒNG TIỀN ĐỈNH - CCMN TRUNG KÍNH 55M - 9P KHÉP KÍN - DT 60TRIỆU/ THÁNG,,"Trung Kính, Phường Trung Hoà, Quận Cầu Giấy, Hà NộiXem bản đồ","8,5 tỷ - 55 m2"
55 m²,8 phòng,,Đã có sổ,"Nhà ngõ, hẻm",,,"133,64 triệu/m²",,6,Hẻm xe hơi,,,ha-noi,"Giảm chào nửa tỷ! Phố Vip Lạc Long Quân, Cầu Giấy. Ở ngay, 55m2*6 tầng",,"Lạc Long Quân, Phường Nghĩa Đô, Quận Cầu Giấy, Hà NộiXem bản đồ","7,35 tỷ - 55 m2"
85 m²,2 phòng,2 phòng,Đã có sổ,"Nhà mặt phố, mặt tiền",,,"324,71 triệu/m²",Đông,2,,,,ha-noi,"GẦN CHỢ ĐỒNG XUÂN, KD SỐ 1 HÀ NỘI, BÁN NHÀ PHỐ HÀNG LƯỢC 85M, 27,6 TỶ",,"Hàng Lược, Phường Hàng Mã, Quận Hoàn Kiếm, Hà NộiXem bản đồ","27,6 tỷ - 85 m2"
50 m²,7 phòng,5 phòng,Đã có sổ,"Nhà ngõ, hẻm",,,149 triệu/m²,,5,,,,ha-noi,"Bán nhà mặt ngõ Vạn Phúc, 5 tầng mới, 50m2, tự xây, ô tô",,"undefined, Phường Vạn Phúc, Quận Hà Đông, Hà NộiXem bản đồ","7,45 tỷ - 50 m2"
44 m²,4 phòng,,Đã có sổ,"Nhà ngõ, hẻm",5 m,,"81,82 triệu/m²",,,,Nhà trống,9 m,ha-noi,"SIÊU PHẨM nhà Đại la , 44m2 , 3,6 tỷ , mặt tiền 4,4m , 2 mặt thoáng",,"Phố Đại La, Phường Đồng Tâm, Quận Hai Bà Trưng, Hà NộiXem bản đồ","3,6 tỷ - 44 m2"
40 m²,3 phòng,4 phòng,Đã có sổ,"Nhà ngõ, hẻm",,,"102,25 triệu/m²",,4,,Nội thất đầy đủ,,ha-noi,"NHÀ ĐẸP XUÂN ĐỈNH_NGOẠI GIAO ĐOÀN_40M2_NGÕ OTO ĐỖ_ GIÁ CHỈ 4,09 TỶ",,"Xuân Đỉnh, Phường Xuân Đỉnh, Quận Bắc Từ Liêm, Hà NộiXem bản đồ","4,09 tỷ - 40 m2"
34 m²,3 phòng,,Đã có sổ,"Nhà ngõ, hẻm",,,"52,94 triệu/m²",,4,,Nhà trống,,ha-noi,"1.8 tỷ có ngay nhà yên nghĩa hà đông 4Tx34m2 , ô tô đỗ sát nhà",,"Quốc lộ 6, Phường Yên Nghĩa, Quận Hà Đông, Hà NộiXem bản đồ","1,8 tỷ - 34 m2"
46 m²,4 phòng,4 phòng,Đã có sổ,"Nhà ngõ, hẻm",,,"119,57 triệu/m²",,5,,,,ha-noi,"Bán nhà Nguyễn Chí Thanh, Đống Đa, cách oto 30m, DT46m2, 4 tầng, 5.5tỷ",,"Cầu vượt Nguyễn Chí Thanh - Trần Duy Hưng, Phường Láng Thượng, Quận Đống Đa, Hà NộiXem bản đồ","5,5 tỷ - 46 m2"
47 m²,3 phòng,3 phòng,Đã có sổ,"Nhà mặt phố, mặt tiền",4.6999 m,,"244,68 triệu/m²",,3,,,,ha-noi,"Bán Mảnh Đất Vàng mặt phố Đặng Tiến Đông,view hồ,47m2,MT 4.7m,11.6 tỷ",,"đặng tiến đông, Phường Thịnh Quang, Quận Đống Đa, Hà NộiXem bản đồ","11,5 tỷ - 47 m2"
48 m²,4 phòng,4 phòng,Đã có sổ,"Nhà ngõ, hẻm",,,"120,83 triệu/m²",,4,,Nội thất đầy đủ,,ha-noi,Đào Tấn 48m2 4T- Giá hơn 5 tỷ- Phố Vip hiếm nhà bán- Gần phố,,"Phố Đào Tấn, Phường Cống Vị, Quận Ba Đình, Hà NộiXem bản đồ","5,8 tỷ - 48 m2"
38 m²,4 phòng,,Đã có sổ,"Nhà ngõ, hẻm",5 m,,150 triệu/m²,,6,,Nội thất đầy đủ,,ha-noi,Thuỵ Khuê 38m2- 6T Thang máy- Nhà mới đón tết- Gần hồ tây- hơn 5 tỷ,,"Đường Thụy Khuê, Phường Bưởi, Quận Tây Hồ, Hà NộiXem bản đồ","5,7 tỷ - 38 m2"
43 m²,4 phòng,,Đã có sổ,"Nhà ngõ, hẻm",5.1 m,,"204,65 triệu/m²",,7,,Nội thất đầy đủ,,ha-noi,Đội Cấn Ba Đình 43m2- 7T- 5m Ra phố- Ngõ 2 ô tô tránh- Hơn 8 tỷ,,"Phố Đội Cấn, Phường Vĩnh Phúc, Quận Ba Đình, Hà NộiXem bản đồ","8,8 tỷ - 43 m2"
20 m²,3 phòng,4 phòng,Đã có sổ,"Nhà ngõ, hẻm",,,135 triệu/m²,,5,,Nội thất đầy đủ,,ha-noi,"2.7 TỶ HỘ KHẨU BA ĐÌNH NHÀ 5 TẦNG, LÔ GÓC, GẦN Ô TÔ",,"Phố Ngọc Hà, Phường Ngọc Hà, Quận Ba Đình, Hà NộiXem bản đồ","2,7 tỷ - 20 m2"
50 m²,4 phòng,,Đã có sổ,"Nhà ngõ, hẻm",4.5 m,,113 triệu/m²,,5,,Nội thất đầy đủ,,ha-noi,Cầu Giấy 50m2 5T- MT 4.5m- Giá nhỉnh 5 tỷ- 2 mặt thoáng- Gần Phố,,"Cầu Giấy, Phường Quan Hoa, Quận Cầu Giấy, Hà NộiXem bản đồ","5,65 tỷ - 50 m2"
34 m²,3 phòng,,Đã có sổ,"Nhà ngõ, hẻm",,,"131,76 triệu/m²",,,Nở hậu,Nội thất đầy đủ,,ha-noi,"Bán Nhà phố Hào Nam, 34m2, 4T, MT4.2m, 4.48 tỷ, Ngõ TO, Gần ÔTÔ",,"Phố Hào Nam, Phường Ô Chợ Dừa, Quận Đống Đa, Hà NộiXem bản đồ","4,48 tỷ - 34 m2"
55 m²,4 phòng,4 phòng,Đã có sổ,"Nhà mặt phố, mặt tiền",,,"245,45 triệu/m²",,5,,Nội thất cao cấp,,ha-noi,Phân Lô Hoàng Quốc Việt 55m2 5T- MT 5.8m- Ngõ 6m- Gara 2 ô tô- 13 tỷ,,"Hoàng Quốc Việt, Phường Nghĩa Đô, Quận Cầu Giấy, Hà NộiXem bản đồ","13,5 tỷ - 55 m2"
45 m²,3 phòng,4 phòng,Đã có sổ,"Nhà ngõ, hẻm",,,"151,11 triệu/m²",,5,,Nội thất đầy đủ,,ha-noi,Lạc Long Quân 45m2- 5T Lô góc Ba thoáng- Ô tô vào nhà- Giá hơn 6 tỷ,,"Lạc Long Quân, Phường Nghĩa Đô, Quận Cầu Giấy, Hà NộiXem bản đồ","6,8 tỷ - 45 m2"
