Diện tích đất:,Số phòng ngủ:,Số phòng vệ sinh:,Giấy tờ pháp lý:,Loại hình nhà ở:,Chiều ngang:,Diện tích sử dụng:,Giá/m2:,Hướng cửa chính:,Tổng số tầng:,Đặc điểm nhà/đất:,Tình trạng nội thất:,Chiều dài:,Location,Name,URL,District,Price
40 m²,4 phòng,5 phòng,Đã có sổ,"Nhà mặt phố, mặt tiền",,,"137,5 triệu/m²",,6,,Nội thất cao cấp,,ha-noi,"Đội Cấn - Ba Đình - 40m2 x 6 Tầng - Nhà đẹp, ở ngay - Nhỉnh 5 tỷ",,"Phố Đội Cấn, Phường Cống Vị, Quận Ba Đình, Hà NộiXem bản đồ","5,5 tỷ - 40 m2"
54 m²,5 phòng,,Đã có sổ,"Nhà ngõ, hẻm",,,"114,81 triệu/m²",,,Nở hậu,,,ha-noi,"Cần bán gấp trước tết nhà 54m2, 5 tầng,lô góc,oto Hoàng Cầu, DĐ, 6,2ty",,"Hoàng Cầu, Phường Ô Chợ Dừa, Quận Đống Đa, Hà NộiXem bản đồ","6,2 tỷ - 54 m2"
40 m²,3 phòng,,Đã có sổ,"Nhà ngõ, hẻm",,,"136,25 triệu/m²",,,,,,ha-noi,"NHÀ MỚI Ở NGAY HÀO NAM 40M 5.45 TỶ, THOÁNG TRƯỚC SAU VĨNH VIỄN",,"Phố Hào Nam, Phường Ô Chợ Dừa, Quận Đống Đa, Hà NộiXem bản đồ","5,45 tỷ - 40 m2"
60 m²,4 phòng,Nhiều hơn 6 phòng,Đã có sổ,"Nhà ngõ, hẻm",6 m,,"166,67 triệu/m²",,7,,,,ha-noi,Bán nhà Hồ Tùng Mậu Thang Máy Chỉ 10 Tỷ,,"Đường Hồ Tùng Mậu, Phường Phú Diễn, Quận Bắc Từ Liêm, Hà NộiXem bản đồ",10 tỷ - 60 m2
34 m²,3 phòng,4 phòng,Đã có sổ,"Nhà ngõ, hẻm",,,"120,59 triệu/m²",,5,,Nhà trống,,ha-noi,BÁN NHÀ CỔ NHUẾ_DT 34M2_X5 TẦNG_NHÀ ĐẸP Ở NGAY_Ô TÔ ĐỖ CỔNG_Ô TÔ TRÁNH,,"Cổ Nhuế, Phường Cổ Nhuế 1, Quận Bắc Từ Liêm, Hà NộiXem bản đồ","4,1 tỷ - 34 m2"
57 m²,4 phòng,5 phòng,Đã có sổ,"Nhà mặt phố, mặt tiền",3.9 m,57 m²,"194,74 triệu/m²",,,,,,ha-noi,"Nhà Mặt Tiền 57m2, 4 PN, Tân Mai, Hoàng Mai",,"Tân Mai, Phường Tân Mai, Quận Hoàng Mai, Hà NộiXem bản đồ","11,1 tỷ - 57 m2"
40 m²,3 phòng,3 phòng,Đã có sổ,"Nhà ngõ, hẻm",,,"137,5 triệu/m²",,4,,Nội thất cao cấp,,ha-noi,Nhà đẹp 2 thoáng - FULL nội thất - Sát ÔTô - Gần Phố #TÂY_SƠN #ĐỐNG_ĐA,,"tây sơn, Phường Láng Hạ, Quận Đống Đa, Hà NộiXem bản đồ","5,5 tỷ - 40 m2"
49 m²,3 phòng,4 phòng,Đã có sổ,"Nhà ngõ, hẻm",,,"53,06 triệu/m²",,5,,Nội thất đầy đủ,,ha-noi,2.6 tỷ nhà Di Trạch-Hoài Đức-49m2-5 tầng-ngõ 3m-ôt0 đỗ gần,,"Đường Di Trạch, Xã Di Trạch, Huyện Hoài Đức, Hà NộiXem bản đồ","2,6 tỷ - 49 m2"
40 m²,2 phòng,,Đã có sổ,"Nhà ngõ, hẻm",,,55 triệu/m²,,,,,,ha-noi,"Bán Nhà C4 40m2 Tứ Hiệp, lô góc, xây ở đẹp mà đầu tư giá hời",,"Tứ Hiệp, Xã Tứ Hiệp, Huyện Thanh Trì, Hà NộiXem bản đồ","2,2 tỷ - 40 m2"
60 m²,4 phòng,3 phòng,Đã có sổ,"Nhà ngõ, hẻm",,,"130,83 triệu/m²",,5,,Nội thất cao cấp,,ha-noi,Hộ Khẩu Tây Hồ 60m2 x 5Tầng - 20m ÔTô Tránh - Bãi Gửi Xe - Dân Trí Cao,,"Đường Thụy Khuê, Phường Bưởi, Quận Tây Hồ, Hà NộiXem bản đồ","7,85 tỷ - 60 m2"
37 m²,4 phòng,5 phòng,Đã có sổ,"Nhà ngõ, hẻm",,,"70,27 triệu/m²",,5,,Nội thất đầy đủ,,ha-noi,"2,6 tỷ nhà Gần ĐH Công Nghiệp HN-37m2-5 tầng-gần oto-full đồ",,"Đường Tây Tựu, Phường Tây Tựu, Quận Bắc Từ Liêm, Hà NộiXem bản đồ","2,6 tỷ - 37 m2"
40 m²,3 phòng,,Đã có sổ,"Nhà ngõ, hẻm",4 m,,"111,25 triệu/m²",,5,,Nội thất cao cấp,,ha-noi,Bán nhà Hoàng Hoa Thám 40m2 chỉ 4.45 tỷ Ba Đình,,"Hoàng Hoa Thám, Phường Vĩnh Phúc, Quận Ba Đình, Hà NộiXem bản đồ","4,45 tỷ - 40 m2"
50 m²,nhiều hơn 10 phòng,Nhiều hơn 6 phòng,Đã có sổ,"Nhà mặt phố, mặt tiền",,,183 triệu/m²,Đông Bắc,6,,,,ha-noi,CCMN DÒNG TIỀN - CỰC HIẾM - CẠNH ĐH PHENIKA - FULL PHÒNG - 500TR/1N,,"Quang Trung, Phường Yên Nghĩa, Quận Hà Đông, Hà NộiXem bản đồ","9,15 tỷ - 50 m2"
36 m²,3 phòng,4 phòng,Đã có sổ,"Nhà ngõ, hẻm",,,"94,44 triệu/m²",,5,,Nội thất đầy đủ,,ha-noi,3.4 tỷ nhà ngõ 136 Cầu Diễn-36m2-5 tầng-oto đỗ cổng-có thể kdoanh,,"cầu diễn, Phường Minh Khai, Quận Bắc Từ Liêm, Hà NộiXem bản đồ","3,4 tỷ - 36 m2"
22 m²,2 phòng,3 phòng,Đã có sổ,"Nhà ngõ, hẻm",,,"122,73 triệu/m²",,,,,,ha-noi,"NHÀ HƯƠNG VIÊN , GẦN PHỐ, ĐẸP LONG LANH ĐÓN TẾT",,"Phố Hương Viên, Phường Đồng Nhân, Quận Hai Bà Trưng, Hà NộiXem bản đồ","2,7 tỷ - 22 m2"
35 m²,4 phòng,5 phòng,,"Nhà ngõ, hẻm",,,"87,14 triệu/m²",,,,,,ha-noi,Nhỉnh 3 tỷ có nhà 5 tầng 35m2 cạnh DH công nghiệp ngõ thông kinh doanh,,"Đường Vạn Xuân, Xã Kim Chung, Huyện Hoài Đức, Hà NộiXem bản đồ","3,05 tỷ - 35 m2"
35 m²,4 phòng,5 phòng,Đã có sổ,"Nhà ngõ, hẻm",,,"94,29 triệu/m²",,5,,Nội thất đầy đủ,,ha-noi,Hơn 3 tỷ nhà gần Học viện Tài Chính-35m2-5 Tầng-oto đỗ gần,,"Đông Ngạc, Phường Đông Ngạc, Quận Bắc Từ Liêm, Hà NộiXem bản đồ","3,3 tỷ - 35 m2"
35 m²,4 phòng,5 phòng,Đã có sổ,"Nhà ngõ, hẻm",,,"128,57 triệu/m²",,5,,Nội thất đầy đủ,,ha-noi,4.5 tỷ nhà Lai Xá-36m2-5 tầng-oto đỗ cửa-ngõ thông-kinh doanh,,"Đường Lai Xá, Xã Kim Chung, Huyện Hoài Đức, Hà NộiXem bản đồ","4,5 tỷ - 35 m2"
45 m²,3 phòng,2 phòng,Đã có sổ,"Nhà ngõ, hẻm",,,130 triệu/m²,,3,,Nội thất đầy đủ,,ha-noi,"Bán Nhà Tô Hiệu 3 tầng 45m mt3,5m Ngõ to ô tô vào nhà, an sinh đỉnh",,"Phố Nhuệ Giang, Phường Nguyễn Trãi, Quận Hà Đông, Hà NộiXem bản đồ","5,85 tỷ - 45 m2"
60 m²,1 phòng,,Đã có sổ,"Nhà mặt phố, mặt tiền",6 m,,"257,5 triệu/m²",,1,,Bàn giao thô,,ha-noi,"Mặt Phố cổ Trung tâm Hà Đông,60m mt6m kinh doanh sầm uất bậc 1 Hà Đông",,"Lê Lợi, Phường Nguyễn Trãi, Quận Hà Đông, Hà NộiXem bản đồ","15,45 tỷ - 60 m2"
45 m²,3 phòng,2 phòng,Đã có sổ,"Nhà ngõ, hẻm",,,130 triệu/m²,,3,,Nội thất đầy đủ,,ha-noi,"Bán Nhà Tô Hiệu 3 tầng 45m mt3,5m Ngõ to ô tô vào nhà, an sinh đỉnh",,"Phố Nhuệ Giang, Phường Nguyễn Trãi, Quận Hà Đông, Hà NộiXem bản đồ","5,85 tỷ - 45 m2"
60 m²,1 phòng,,Đã có sổ,"Nhà mặt phố, mặt tiền",6 m,,"257,5 triệu/m²",,1,,Bàn giao thô,,ha-noi,"Mặt Phố cổ Trung tâm Hà Đông,60m mt6m kinh doanh sầm uất bậc 1 Hà Đông",,"Lê Lợi, Phường Nguyễn Trãi, Quận Hà Đông, Hà NộiXem bản đồ","15,45 tỷ - 60 m2"
35 m²,3 phòng,4 phòng,Đã có sổ,"Nhà ngõ, hẻm",,,70 triệu/m²,,5,,Nội thất đầy đủ,,ha-noi,"2,45 tỷ nhà Liên Mạc-37m2-5 tầng-ngõ thông-oto đỗ cửa-full nội thất",,"Đường Liên Mạc, Phường Liên Mạc, Quận Bắc Từ Liêm, Hà NộiXem bản đồ","2,45 tỷ - 35 m2"
35 m²,4 phòng,5 phòng,,"Nhà ngõ, hẻm",,,"77,14 triệu/m²",,5,,,,ha-noi,Nhỉnh 2 tỷ có nhà 5tầng-33m2 di trạch-hoài đức-hà nội,,"Đường Di Trạch, Xã Di Trạch, Huyện Hoài Đức, Hà NộiXem bản đồ","2,7 tỷ - 35 m2"
70 m²,8 phòng,,,"Nhà ngõ, hẻm",,,"130,71 triệu/m²",,,,,,ha-noi,BÁN NHÀ KIM GIANG ÔTÔ VÀO NHÀ KINH DOANH ĐỈNH THANG MÁY NHẬP,,"Kim Giang, Phường Đại Kim, Quận Hoàng Mai, Hà NộiXem bản đồ","9,15 tỷ - 70 m2"
40 m²,4 phòng,,Đã có sổ,"Nhà ngõ, hẻm",,170 m²,115 triệu/m²,,,,,,ha-noi,CHỦ GIẢM SỐC700 TR - BÁN NHÀ TRẦN HỮU TƯỚC 40M - 4.X tỷ,,"Phố Trần Hữu Tước, Phường Nam Đồng, Quận Đống Đa, Hà NộiXem bản đồ","4,6 tỷ - 40 m2"
30 m²,4 phòng,4 phòng,Đã có sổ,"Nhà mặt phố, mặt tiền",,,"106,67 triệu/m²",,4,,Nội thất đầy đủ,,ha-noi,NHÀ DÂN XÂY 32M2 SỔ VUÔNG 3 BƯỚC CHÂN RA MP MINH KHAI NHANH TAY THÌ CO,,"Phố Minh Khai, Phường Minh Khai, Quận Hai Bà Trưng, Hà NộiXem bản đồ","3,2 tỷ - 30 m2"
59 m²,6 phòng,4 phòng,Đã có sổ,"Nhà mặt phố, mặt tiền",,,"152,54 triệu/m²",,5,,Nội thất đầy đủ,,ha-noi,BÁN NHÀ ĐƯỜNG HOÀNG MAI -Ô TÔ VÀO NHÀ -THANG MÁY -KINH DOANH -2 THOÁNG,,"Đường Hoàng Mai, Phường Hoàng Văn Thụ, Quận Hoàng Mai, Hà NộiXem bản đồ",9 tỷ - 59 m2
41 m²,3 phòng,,,"Nhà ngõ, hẻm",,41 m²,"118,29 triệu/m²",,,,,,ha-noi,"Cực Gấp! Hào Nam, 20m ra phố, Kinh doanh, Ô tô, Thoáng sáng, 41m2*5T",,"Phố Hào Nam, Phường Cát Linh, Quận Đống Đa, Hà NộiXem bản đồ","4,85 tỷ - 41 m2"
65 m²,4 phòng,5 phòng,Đã có sổ,"Nhà ngõ, hẻm",,,"147,69 triệu/m²",,6,,Nội thất cao cấp,,ha-noi,Nhà này mua kinh doanh+ở quá OK-Tam Trinh-Hoàng Mai-DT65m-6T-Giá9.6tỷ,,"357, Đường Tam Trinh, Phường Mai Động, Quận Hoàng Mai, Hà NộiXem bản đồ","9,6 tỷ - 65 m2"
30 m²,3 phòng,5 phòng,Đã có sổ,"Nhà ngõ, hẻm",,,"153,33 triệu/m²",,5,,Nội thất cao cấp,,ha-noi,Bán nhà Xuân Đỉnh - Hàng Xóm Ngoại Giao Đoàn - Oto đỗ cửa chỉ 4.6 tỷ.,,"Đường Xuân Đỉnh, Phường Xuân Đỉnh, Quận Bắc Từ Liêm, Hà NộiXem bản đồ","4,6 tỷ - 30 m2"
30 m²,3 phòng,5 phòng,,"Nhà ngõ, hẻm",4 m,,"196,67 triệu/m²",,6,,Nội thất đầy đủ,,ha-noi,Bán nhà Phố Giang Văn Minh - Ba Đình - 6 tầng - 2 Thoáng Nhỉnh 5 tỷ.,,"Phố Giang Văn Minh, Phường Kim Mã, Quận Ba Đình, Hà NộiXem bản đồ","5,9 tỷ - 30 m2"
25 m²,1 phòng,1 phòng,,"Nhà ngõ, hẻm",,,78 triệu/m²,,,,,,ha-noi,Bán gấp nhà Lĩnh Nam cực rẻ đẹp Quận Hoàng Mai,,"Lĩnh Nam, Phường Lĩnh Nam, Quận Hoàng Mai, Hà NộiXem bản đồ","1,95 tỷ - 25 m2"
65 m²,5 phòng,6 phòng,,"Nhà mặt phố, mặt tiền",5 m,,"192,31 triệu/m²",,7,,Nhà trống,,ha-noi,Bán nhà phố Võ Chí Công - Tây Hồ - DT 65m - 7T Thang máy.,,"Đường Võ Chí Công, Phường Xuân La, Quận Tây Hồ, Hà NộiXem bản đồ","12,5 tỷ - 65 m2"
80 m²,5 phòng,5 phòng,Đã có sổ,"Nhà mặt phố, mặt tiền",5 m,,"232,5 triệu/m²",,5,,,,ha-noi,"VIP-BÁN BT MINH TÂM-CỔ LINH-HỒNG TIẾN QUẬN LONG BIÊN 80MX5T, 18.6TỶ",,"Phố Hồng Tiến, Phường Long Biên, Quận Long Biên, Hà NộiXem bản đồ","18,6 tỷ - 80 m2"
35 m²,3 phòng,4 phòng,Đã có sổ,"Nhà ngõ, hẻm",4 m,,"102,29 triệu/m²",,5,,,,ha-noi,"BÁN NHÀ PHƯỜNG BỒ ĐỂ QUẬN LONG BIÊN 2 MẶT NGÕ 34MX5T, 3PN, Ở LUÔN.",,"PHỐ BỒ ĐỂ, Phường Bồ Đề, Quận Long Biên, Hà NộiXem bản đồ","3,58 tỷ - 35 m2"
40 m²,4 phòng,5 phòng,Đã có sổ,"Nhà ngõ, hẻm",,,175 triệu/m²,,5,,Nội thất đầy đủ,,ha-noi,Hồ Tây!!! 5 tầng Thang Máy - 2 mặt thoáng - Full nội thất.,,"Đường Xuân La, Phường Xuân La, Quận Tây Hồ, Hà NộiXem bản đồ",7 tỷ - 40 m2
30 m²,3 phòng,,Đã có sổ,"Nhà ngõ, hẻm",,,"101,67 triệu/m²",,,,,,ha-noi,"30M x 5 TẦNG CHỈ 3,05 TỶ NGÕ 241 PHỐ KHÂM THIÊN, NHÀ ĐẸP ĐÓN TẾT 3 NGỦ",,"Phố Khâm Thiên, Phường Khâm Thiên, Quận Đống Đa, Hà NộiXem bản đồ","3,05 tỷ - 30 m2"
46 m²,3 phòng,3 phòng,Đã có sổ,"Nhà ngõ, hẻm",,,"145,65 triệu/m²",,3,,Nội thất cao cấp,,ha-noi,MẶT NGÕ ĐỘI CẤN - GẦN PHỐ - DÂN XÂY - TRUNG TÂM - 46M2 - NHỈNH 6 TỶ,,"đội cấn, Phường Đội Cấn, Quận Ba Đình, Hà NộiXem bản đồ","6,7 tỷ - 46 m2"
52 m²,4 phòng,4 phòng,Đã có sổ,"Nhà ngõ, hẻm",,,"161,54 triệu/m²",Nam,4,,,,ha-noi,"Vị Trí Đẹp Nhà Phố Nguyễn Khánh Toàn DT: 52m2, 4 Tầng, Ô Tô Đỗ cách 5m",,"Nguyễn Khánh Toàn, Phường Quan Hoa, Quận Cầu Giấy, Hà NộiXem bản đồ","8,4 tỷ - 52 m2"
52 m²,4 phòng,4 phòng,Đã có sổ,"Nhà ngõ, hẻm",,,"161,54 triệu/m²",Nam,4,,,,ha-noi,"Vị Trí Đẹp Nhà Phố Nguyễn Khánh Toàn DT: 52m2, 4 Tầng, Ô Tô Đỗ cách 5m",,"Nguyễn Khánh Toàn, Phường Quan Hoa, Quận Cầu Giấy, Hà NộiXem bản đồ","8,4 tỷ - 52 m2"
55 m²,2 phòng,2 phòng,Đã có sổ,"Nhà mặt phố, mặt tiền",,,"102,73 triệu/m²",,3,,Nội thất đầy đủ,,ha-noi,"bán nhà KHƯƠNG ĐÌNH 55m2 mặt tiền 4.2m gần Ô TÔ ,Gần phố, 5 tỷ 65",,"Khương Đình, Phường Khương Đình, Quận Thanh Xuân, Hà NộiXem bản đồ","5,65 tỷ - 55 m2"
50 m²,4 phòng,5 phòng,Đã có sổ,"Nhà ngõ, hẻm",,,110 triệu/m²,,4,,Nội thất cao cấp,,ha-noi,Bán nhà Xuân Thuỷ 50m2 chỉ 5.5 tỷ Quận Cầu Giấy,,"Xuân Thuỷ, Phường Dịch Vọng Hậu, Quận Cầu Giấy, Hà NộiXem bản đồ","5,5 tỷ - 50 m2"
50 m²,6 phòng,5 phòng,Đã có sổ,"Nhà ngõ, hẻm",,,146 triệu/m²,,5,,Nội thất cao cấp,,ha-noi,"NHÀ ĐẸP PHỐ VÕNG THỊ 50m2 5T, Ô TÔ ĐỖ CỔNG,200m ra HỒ TÂY, Ngõ THÔNG",,"Ngõ 8 Phố Võng Thị, Phường Bưởi, Quận Tây Hồ, Hà NộiXem bản đồ","7,3 tỷ - 50 m2"
56 m²,2 phòng,3 phòng,Đã có sổ,"Nhà ngõ, hẻm",,,"135,71 triệu/m²",,,Hẻm xe hơi,Nội thất đầy đủ,,ha-noi,"BÁN NHÀ BA ĐÌNH MẶT NGÕ 3 Ô TÔ TRÁNH, 10m RA PHỐ, 2 THOÁNG 7.6TỶ",,"Đường Hoàng Hoa Thám, Phường Thụy Khuê, Quận Tây Hồ, Hà NộiXem bản đồ","7,6 tỷ - 56 m2"
38 m²,4 phòng,4 phòng,Đã có sổ,"Nhà ngõ, hẻm",,,"184,21 triệu/m²",,5,,Nội thất cao cấp,,ha-noi,Bán nhà Đẹp Xuân La 38m+5 tầng.mặt tiền 5.7m Giá 7 tỷ. Ngõ ô tô thông,,"Đường Xuân La, Phường Xuân La, Quận Tây Hồ, Hà NộiXem bản đồ",7 tỷ - 38 m2
60 m²,4 phòng,,,"Nhà ngõ, hẻm",6 m,,"174,17 triệu/m²",,5,,Nội thất cao cấp,10 m,ha-noi,BÁN GẤP NHÀ MỸ ĐÌNH 60m Ô TÔ QUA NHÀ NHÀ DÂN XÂY CHẮC CHẮN MỚI ĐẸP,,"Mỹ Đình, Phường Cổ Nhuế 1, Quận Bắc Từ Liêm, Hà NộiXem bản đồ","10,45 tỷ - 60 m2"
40 m²,3 phòng,4 phòng,Đã có sổ,"Nhà ngõ, hẻm",,,"124,5 triệu/m²",,5,,Nội thất cao cấp,,ha-noi,Bán nhà Âu Cơ 40m2 chỉ 4.98 tỷ Cách Phố 10m,,"Đường Âu Cơ, Phường Tứ Liên, Quận Tây Hồ, Hà NộiXem bản đồ","4,98 tỷ - 40 m2"
87 m²,6 phòng,4 phòng,Đã có sổ,"Nhà ngõ, hẻm",,,"120,69 triệu/m²",,5,,Nội thất cao cấp,,ha-noi,bán nhà vị t,,"Ngọc Thuỵ, Phường Ngọc Thụy, Quận Long Biên, Hà NộiXem bản đồ","10,5 tỷ - 87 m2"
45 m²,5 phòng,6 phòng,Đã có sổ,"Nhà ngõ, hẻm",,,"177,78 triệu/m²",,7,,Nội thất cao cấp,,ha-noi,"Bán nhà Hoàng Quốc Việt 45M2 Thang máy , chỉ 7 tỷ",,"Hoàng Quốc Việt, Phường Nghĩa Đô, Quận Cầu Giấy, Hà NộiXem bản đồ",8 tỷ - 45 m2
35 m²,5 phòng,4 phòng,Đã có sổ,"Nhà ngõ, hẻm",,,"142,43 triệu/m²",,5,,Nội thất cao cấp,,ha-noi,BÁN NHÀ Âu Cơ TÂY HỒ. HÀ NÔI.. dt 35m x 5 tầng. Giá 4.98 tỷ,,"ÂU CƠ, Phường Tứ Liên, Quận Tây Hồ, Hà NộiXem bản đồ","4,985 tỷ - 35 m2"
52 m²,3 phòng,,,"Nhà mặt phố, mặt tiền",,52 m²,"142,31 triệu/m²",Đông Bắc,3,Hẻm xe hơi,,,ha-noi,"Nhà phú diễn 52m2 oto tránh giá chỉ 7,4 tỷ sát trường ĐH tài nguyên",,"Đường Phú Diễn, Phường Phú Diễn, Quận Bắc Từ Liêm, Hà NộiXem bản đồ","7,4 tỷ - 52 m2"
35 m²,5 phòng,4 phòng,Đã có sổ,"Nhà mặt phố, mặt tiền",,,"118,57 triệu/m²",,6,,Nội thất đầy đủ,,ha-noi,Bán nhà: Cổ Nhuế. dt 35m.6 tầng. MT4.3m. Giá 4.15 tỷ,,"Ngõ 126 Xuân Đỉnh, Phường Xuân Đỉnh, Quận Bắc Từ Liêm, Hà NộiXem bản đồ","4,15 tỷ - 35 m2"
70 m²,nhiều hơn 10 phòng,Nhiều hơn 6 phòng,Đã có sổ,"Nhà ngõ, hẻm",,,"217,14 triệu/m²",Đông Nam,7,,,,ha-noi,"Toà căn Hộ 16 phòng cho thuê dòng tiền 1,1 tỷ/năm",,"Đường Nguyễn Khang, Phường Yên Hoà, Quận Cầu Giấy, Hà NộiXem bản đồ","15,2 tỷ - 70 m2"
76 m²,4 phòng,3 phòng,Đã có sổ,"Nhà ngõ, hẻm",,,"111,84 triệu/m²",,3,,Nhà trống,,ha-noi,Bán nhà Xuân La - Tây Hồ - Hà Nội..dt 76m x 4 tầng. Giá 8.5 tỷ.,,"Đường Xuân La, Phường Xuân La, Quận Tây Hồ, Hà NộiXem bản đồ","8,5 tỷ - 76 m2"
46 m²,7 phòng,,Đã có sổ,"Nhà ngõ, hẻm",,46 m²,"130,43 triệu/m²",,4,,,,ha-noi,"1 0 2! Hoa Bằng 1 nhà ra phố, doanh thu 40tr/ th, sát chợ 46m2*4T",,"Hoa Bằng, Phường Yên Hoà, Quận Cầu Giấy, Hà NộiXem bản đồ",6 tỷ - 46 m2
130 m²,nhiều hơn 10 phòng,Nhiều hơn 6 phòng,Đã có sổ,"Nhà ngõ, hẻm",,,"126,92 triệu/m²",,5,,Nội thất đầy đủ,,ha-noi,Bán đất tặng nhà 5 tầng 130m2 và gần 30 phòng cho thuê tại Hồ Tùng Mậu,,"Hồ Tùng Mậu, Phường Mai Dịch, Quận Cầu Giấy, Hà NộiXem bản đồ","16,5 tỷ - 130 m2"
95 m²,4 phòng,3 phòng,Đã có sổ,"Nhà ngõ, hẻm",,,"126,32 triệu/m²",,4,,Nhà trống,,ha-noi,Bán Gấp Biệt thự cũ Hoàng Quốc Việt_Hàng xóm StarLake 95m2 chỉ 12 tỷ,,"Hoàng Quốc Việt, Phường Nghĩa Đô, Quận Cầu Giấy, Hà NộiXem bản đồ",12 tỷ - 95 m2
70 m²,4 phòng,3 phòng,Đã có sổ,"Nhà ngõ, hẻm",,,"82,86 triệu/m²",,3,,Nội thất đầy đủ,,ha-noi,"Anh Tuấn cần Bán gấp nhà 70m2 chỉ 5,8 tỷ Cách HV Cảnh Sát 2km",,"Cầu Noi, Phường Cổ Nhuế 2, Quận Bắc Từ Liêm, Hà NộiXem bản đồ","5,8 tỷ - 70 m2"
36 m²,3 phòng,4 phòng,Đã có sổ,"Nhà ngõ, hẻm",,,"151,39 triệu/m²",,5,,Nội thất đầy đủ,,ha-noi,Bán nhà Cầu Giấy cách trường TH Archimedes 500m -Cực Hiếm chỉ hơn 5 tỷ,,"Trương Công Giai, Phường Dịch Vọng, Quận Cầu Giấy, Hà NộiXem bản đồ","5,45 tỷ - 36 m2"
95 m²,4 phòng,3 phòng,Đã có sổ,"Nhà ngõ, hẻm",,,"126,32 triệu/m²",,4,,Nhà trống,,ha-noi,Bán Gấp Biệt thự cũ Hoàng Quốc Việt_Hàng xóm StarLake 95m2 chỉ 12 tỷ,,"Hoàng Quốc Việt, Phường Nghĩa Đô, Quận Cầu Giấy, Hà NộiXem bản đồ",12 tỷ - 95 m2
70 m²,4 phòng,3 phòng,Đã có sổ,"Nhà ngõ, hẻm",,,"82,86 triệu/m²",,3,,Nội thất đầy đủ,,ha-noi,"Anh Tuấn cần Bán gấp nhà 70m2 chỉ 5,8 tỷ Cách HV Cảnh Sát 2km",,"Cầu Noi, Phường Cổ Nhuế 2, Quận Bắc Từ Liêm, Hà NộiXem bản đồ","5,8 tỷ - 70 m2"
36 m²,3 phòng,4 phòng,Đã có sổ,"Nhà ngõ, hẻm",,,"151,39 triệu/m²",,5,,Nội thất đầy đủ,,ha-noi,Bán nhà Cầu Giấy cách trường TH Archimedes 500m -Cực Hiếm chỉ hơn 5 tỷ,,"Trương Công Giai, Phường Dịch Vọng, Quận Cầu Giấy, Hà NộiXem bản đồ","5,45 tỷ - 36 m2"
80 m²,4 phòng,3 phòng,Đã có sổ,"Nhà ngõ, hẻm",,,"29,38 triệu/m²",Tây Nam,3,,,,ha-noi,80m2 xây 3 tầng sân trước sau thoáng 3 pn rộng,,"Liên Tỉnh , Xã Đại Thành, Huyện Quốc Oai, Hà NộiXem bản đồ","2,35 tỷ - 80 m2"
42 m²,3 phòng,3 phòng,Đã có sổ,"Nhà ngõ, hẻm",,,"86,67 triệu/m²",,3,,Nội thất cao cấp,,ha-noi,NGÕ 255 ĐƯỜNG LĨNH NAM - NHÀ RỘNG Ở SƯỚNG,,"Lĩnh Nam , Phường Vĩnh Hưng, Quận Hoàng Mai, Hà NộiXem bản đồ","3,64 tỷ - 42 m2"
75 m²,2 phòng,2 phòng,Đã có sổ,"Nhà mặt phố, mặt tiền",,,"238,67 triệu/m²",,22,,Nội thất đầy đủ,,ha-noi,Bán nhà Mặt Phố Lê Lợi-Chợ Hà Đông-KINH DOANH-75m- 2 tầng-Phố Cổ,,"Lê Lợi, Phường Nguyễn Trãi, Quận Hà Đông, Hà NộiXem bản đồ","17,9 tỷ - 75 m2"
55 m²,4 phòng,3 phòng,Đã có sổ,"Nhà ngõ, hẻm",,,"39,09 triệu/m²",Nam,4,,,,ha-noi,🔥 Nhà 55m2 3 tầng 1 tum ở Đại Thành gần KĐT Đô Nghĩa - Hà Đông 3.5km,,"Liên Huyện , Xã Đại Thành, Huyện Quốc Oai, Hà NộiXem bản đồ","2,15 tỷ - 55 m2"
38 m²,4 phòng,5 phòng,Đã có sổ,"Nhà ngõ, hẻm",,,"81,58 triệu/m²",,4,,,,ha-noi,Bán nhà 38m2x4 tầng giá 3.1 tỷ,,"Đại đồng, Phường Vĩnh Hưng, Quận Hoàng Mai, Hà NộiXem bản đồ","3,1 tỷ - 38 m2"
41 m²,3 phòng,,,"Nhà ngõ, hẻm",5.1999 m,,"133,9 triệu/m²",,4,,Nội thất cao cấp,,ha-noi,"BÁN NHÀ TÂY SƠN, ĐỐNG ĐA, CỰC ĐẸP_Ô TÔ GẦN 41M2, 4T, MT 5.2M, 5.49 TỶ.",,"Phố Tây Sơn, Phường Trung Liệt, Quận Đống Đa, Hà NộiXem bản đồ","5,49 tỷ - 41 m2"
45 m²,3 phòng,3 phòng,Đã có sổ,"Nhà ngõ, hẻm",,,"124,44 triệu/m²",,4,,Nội thất cao cấp,,ha-noi,Hơn 5 tỷ nhà đẹp 45m oto đến được 4 tầng đủ công năng gần đỗ oto,,"Đường La Thành, Phường Ô Chợ Dừa, Quận Đống Đa, Hà NộiXem bản đồ","5,6 tỷ - 45 m2"
65 m²,8 phòng,,Đã có sổ,"Nhà mặt phố, mặt tiền",4.3 m,65 m²,"207,69 triệu/m²",,55,,,,ha-noi,"Nhà Mặt Tiền Phố Tân Mai Hoàng Mai 68m2, 8 Phòng, Ô TÔ Tránh",,"tân mai, Phường Tân Mai, Quận Hoàng Mai, Hà NộiXem bản đồ","13,5 tỷ - 65 m2"
30 m²,3 phòng,,,"Nhà ngõ, hẻm",,,"128,33 triệu/m²",,,,,,ha-noi,"NHÀ ĐẸP KHƯƠNG TRUNG Ở NGAY, 30M2, 5TẦNG, 3TY850. FULL NỘI THẤT",,"Khương Trung, Phường Khương Trung, Quận Thanh Xuân, Hà NộiXem bản đồ","3,85 tỷ - 30 m2"
34 m²,2 phòng,3 phòng,,"Nhà ngõ, hẻm",,131 m²,"98,53 triệu/m²",,,,,,ha-noi,"Bán Nhà Khâm Thiên, Đống Đa, 34m, 4T, MT3m,Nội thất cơ bản,Giá 3,35 Tỷ",,"Phố Khâm Thiên, Phường Khâm Thiên, Quận Đống Đa, Hà NộiXem bản đồ","3,35 tỷ - 34 m2"
33 m²,3 phòng,4 phòng,Đã có sổ,"Nhà ngõ, hẻm",,,"133,33 triệu/m²",Tây Nam,3,,,,ha-noi,"BÁN NHÀ ĐẠI MỖ, 5 TẦNG, CẠNH VINHOMES, 33M, Ô TÔ VÀO NHÀ, 3,75 TỶ",,"Đường Quang Tiến, Phường Đại Mỗ, Quận Nam Từ Liêm, Hà NộiXem bản đồ","4,4 tỷ - 33 m2"
41 m²,2 phòng,,Đã có sổ,"Nhà ngõ, hẻm",,41 m²,"87,8 triệu/m²",,3,,Nhà trống,,ha-noi,"Bán GẤP : nhà Bạch Mai , 41m2 , 3,6 tỷ, 50m ra đường lớn , lô góc",,"bạch mai, Phường Bạch Mai, Quận Hai Bà Trưng, Hà NộiXem bản đồ","3,6 tỷ - 41 m2"
41 m²,4 phòng,,,"Nhà ngõ, hẻm",,41 m²,"113,41 triệu/m²",,,,,,ha-noi,"*** 1 căn! Tây Sơn, gần phố, tiện ích bạt ngàn, 38m2*5T",,"Phố Tây Sơn, Phường Quang Trung, Quận Đống Đa, Hà NộiXem bản đồ","4,65 tỷ - 41 m2"
40.5 m²,4 phòng,,,"Nhà ngõ, hẻm",,40.5 m²,"124,69 triệu/m²",,,,,,ha-noi,"Nhanh chân còn kịp! Tây Sơn, lô góc, thoáng, sát phố, 41m2*5T",,"Phố Tây Sơn, Phường Quang Trung, Quận Đống Đa, Hà NộiXem bản đồ","5,05 tỷ - 40.5 m2"
162 m²,6 phòng,5 phòng,,Nhà biệt thự,,,"93,83 triệu/m²",Tây Nam,5,,,,ha-noi,Chính chủ Bán biệt thự KĐT Lideco Bắc 32 - Hoài Đức,,"Quốc lộ 32, Thị trấn Trạm Trôi, Huyện Hoài Đức, Hà NộiXem bản đồ","15,2 tỷ - 162 m2"
30 m²,3 phòng,,Đã có sổ,"Nhà ngõ, hẻm",,,"143,33 triệu/m²",,5,Nở hậu,Nội thất cao cấp,,ha-noi,"Nhà đẹp Mỹ Đình 30m2, 4,3 tỷ , tặng toàn bộ nội thất",,"Đường Mỹ Đình, Phường Mỹ Đình 1, Quận Nam Từ Liêm, Hà NộiXem bản đồ","4,3 tỷ - 30 m2"
110 m²,5 phòng,,Đã có sổ,"Nhà mặt phố, mặt tiền",,,120 triệu/m²,,4,,Nội thất đầy đủ,,ha-noi,"nhà 110mx 4 tầng cổng trường cấp ba TT Chúc Sơn, kinh doanh đỉnh",," đối diện cổng trường cấp 3 , Thị trấn Chúc Sơn, Huyện Chương Mỹ, Hà NộiXem bản đồ","13,2 tỷ - 110 m2"
162 m²,6 phòng,5 phòng,,Nhà biệt thự,,,"93,83 triệu/m²",Tây Nam,5,,,,ha-noi,Chính chủ Bán biệt thự KĐT Lideco Bắc 32 - Hoài Đức,,"Quốc lộ 32, Thị trấn Trạm Trôi, Huyện Hoài Đức, Hà NộiXem bản đồ","15,2 tỷ - 162 m2"
30 m²,3 phòng,,Đã có sổ,"Nhà ngõ, hẻm",,,"143,33 triệu/m²",,5,Nở hậu,Nội thất cao cấp,,ha-noi,"Nhà đẹp Mỹ Đình 30m2, 4,3 tỷ , tặng toàn bộ nội thất",,"Đường Mỹ Đình, Phường Mỹ Đình 1, Quận Nam Từ Liêm, Hà NộiXem bản đồ","4,3 tỷ - 30 m2"
110 m²,5 phòng,,Đã có sổ,"Nhà mặt phố, mặt tiền",,,120 triệu/m²,,4,,Nội thất đầy đủ,,ha-noi,"nhà 110mx 4 tầng cổng trường cấp ba TT Chúc Sơn, kinh doanh đỉnh",," đối diện cổng trường cấp 3 , Thị trấn Chúc Sơn, Huyện Chương Mỹ, Hà NộiXem bản đồ","13,2 tỷ - 110 m2"
99 m²,nhiều hơn 10 phòng,Nhiều hơn 6 phòng,Đã có sổ,"Nhà ngõ, hẻm",,,"201,01 triệu/m²",Đông Nam,7,,,,ha-noi,"Toà căn hộ 28 phòng cho thuê dòng tiền 1,6 Tỷ/năm ngõ ô tô",,"Đường Xuân Đỉnh, Phường Xuân Đỉnh, Quận Bắc Từ Liêm, Hà NộiXem bản đồ","19,9 tỷ - 99 m2"
38 m²,3 phòng,,Đã có sổ,"Nhà ngõ, hẻm",3.6 m,,"117,63 triệu/m²",,4,,Nội thất đầy đủ,,ha-noi,THANH XUÂN- NGUYỄN TRÃI-HÀNG XÓM ROYAL CITY-37M2- 4 TẦNG-CHỈ HƠN 4 TỶ,,"Đường Nguyễn Trãi, Phường Thanh Xuân Trung, Quận Thanh Xuân, Hà NộiXem bản đồ","4,47 tỷ - 38 m2"
50 m²,2 phòng,,,"Nhà ngõ, hẻm",4 m,,89 triệu/m²,,2,,Nhà trống,10 m,ha-noi,"89TR/M2- NGUYỄN LƯƠNG BẰNG-ĐỐNG ĐA-50M2-GÀN PHỐ-CHÍNH CHỦ- CHỈ 4,45 TỶ",,"NGUYỄN LƯƠNG BẰNG, Phường Thịnh Quang, Quận Đống Đa, Hà NộiXem bản đồ","4,45 tỷ - 50 m2"
139 m²,1 phòng,1 phòng,Đã có sổ,Nhà phố liền kề,,,"171,22 triệu/m²",Tây Nam,11,,,,ha-noi,CỰC HIẾM - KHU VỰC VIP NHẤT HÀ ĐÔNG - DT 139m - MẶT 7.1m -Vỉa hè,,"Phố Nguyễn Văn Lộc, Phường Mộ Lao, Quận Hà Đông, Hà NộiXem bản đồ","23,8 tỷ - 139 m2"
42 m²,4 phòng,4 phòng,Đã có sổ,"Nhà ngõ, hẻm",,,"157,14 triệu/m²",,6,,,,ha-noi,BÁN NHÀ VŨ TRỌNG PHỤNG 6 TẦNG DT42M SỔ ĐỎ SS GIAO DỊCH,,"Vũ Trọng Phụng, Phường Thanh Xuân Trung, Quận Thanh Xuân, Hà NộiXem bản đồ","6,6 tỷ - 42 m2"
30 m²,2 phòng,3 phòng,Đã có sổ,"Nhà ngõ, hẻm",,30 m²,"101,67 triệu/m²",,,,,,ha-noi,"3 tỷ nhà đẹp ở ngay tại Khâm Thiên, Đống Đa. DT 30m 5 tầng. MT 4.6m.",,"Khâm Thiên, Phường Khâm Thiên, Quận Đống Đa, Hà NộiXem bản đồ","3,05 tỷ - 30 m2"
42 m²,3 phòng,,,"Nhà ngõ, hẻm",,,"76,19 triệu/m²",,,,,,ha-noi,"BÁN NHÀ PHỐ ĐỨC GIANG - 42M, 3,2TỶ - NHÀ DÂN XÂY - HƯỚNG ĐÔNG NAM",,"Đức Giang, Phường Đức Giang, Quận Long Biên, Hà NộiXem bản đồ","3,2 tỷ - 42 m2"
31 m²,3 phòng,4 phòng,Đã có sổ,"Nhà ngõ, hẻm",,,"116,13 triệu/m²",,5,Nở hậu,,,ha-noi,"NHÀ MINH KHAI, HÀNG XÓM TIMES CITY, NGÕ NÔNG, GẦN PHỐ, SĐCC - Ở NGAY",,"Phố Minh Khai, Phường Minh Khai, Quận Hai Bà Trưng, Hà NộiXem bản đồ","3,6 tỷ - 31 m2"
49 m²,7 phòng,,Đã có sổ,"Nhà ngõ, hẻm",,,"136,73 triệu/m²",,5,,Nội thất đầy đủ,,ha-noi,"HẠ CHÀO SÂU! NGUYỄN KHANG NHÀ DÂN XÂY, 49M, 5 TẦNG, NGÕ RỘNG THOÁNG.",,"Nguyễn Khang, Phường Yên Hoà, Quận Cầu Giấy, Hà NộiXem bản đồ","6,7 tỷ - 49 m2"
70 m²,6 phòng,5 phòng,Đã có sổ,"Nhà ngõ, hẻm",,,"214,29 triệu/m²",,5,,Nội thất cao cấp,,ha-noi,BÁN GẤP TRƯỚC TẾT NHÀ PHỐ TỪ HOA QUẢNG AN TÂY HỒ 70M 4 TẦNG GIÁ RẺ,,"Phố Từ Hoa, Phường Quảng An, Quận Tây Hồ, Hà NộiXem bản đồ",15 tỷ - 70 m2
47 m²,6 phòng,4 phòng,Đã có sổ,"Nhà ngõ, hẻm",,,"103,19 triệu/m²",,5,,Nội thất đầy đủ,,ha-noi,"Siêu Rẻ! Nhà Đê La Thành, Ngõ rộng, thông, thoáng, gần phố 47m*5T",,"Phố Hào Nam, Phường Cát Linh, Quận Đống Đa, Hà NộiXem bản đồ","4,85 tỷ - 47 m2"
33 m²,3 phòng,4 phòng,Đã có sổ,"Nhà ngõ, hẻm",,,"130,3 triệu/m²",,5,,Nội thất cao cấp,,ha-noi,"Thật 100%! Nhà mới Thổ Quan , trước nhà 3 gác đỗ, gần phố 35m2*5tầng",,"thổ quan, Phường Hàng Bột, Quận Đống Đa, Hà NộiXem bản đồ","4,3 tỷ - 33 m2"
31 m²,3 phòng,4 phòng,Đã có sổ,"Nhà ngõ, hẻm",,,"128,39 triệu/m²",,5,,Nội thất cao cấp,,ha-noi,"Siêu Hiếm! Nhà Tây Sơn, mới toanh, ngõ thông, 50m ra phố 31m2x5T",,"Phố Yên Lãng, Phường Láng Hạ, Quận Đống Đa, Hà NộiXem bản đồ","3,98 tỷ - 31 m2"
40 m²,4 phòng,5 phòng,Đã có sổ,"Nhà ngõ, hẻm",,,"121,75 triệu/m²",,6,,Nội thất cao cấp,,ha-noi,"Cực Đẹp! Nhà Mới Thái Thịnh, 3 gác phi, ngõ thông, thoáng 40m2*6Tầng",,"Phố Thái Thịnh, Phường Thịnh Quang, Quận Đống Đa, Hà NộiXem bản đồ","4,87 tỷ - 40 m2"
38 m²,3 phòng,4 phòng,,"Nhà ngõ, hẻm",,,"113,16 triệu/m²",,5,,Nội thất cao cấp,,ha-noi,"Nhanh Tay! Nhà mới Quan Nhân 30m ra phố, ngõ thông,thoáng 38m2*5T.",,"Quan nhân, Phường Nhân Chính, Quận Thanh Xuân, Hà NộiXem bản đồ","4,3 tỷ - 38 m2"
45 m²,5 phòng,,,"Nhà ngõ, hẻm",,45 m²,"111,11 triệu/m²",,5,,,,ha-noi,⚡️B.án nh.à 5 tỷ #LưuHữuPhước - #MỹĐình⚡️,,"Phố Bùi Xuân Phái, Phường Mỹ Đình 1, Quận Nam Từ Liêm, Hà NộiXem bản đồ",5 tỷ - 45 m2
30 m²,4 phòng,,Đã có sổ,"Nhà ngõ, hẻm",4 m,,100 triệu/m²,,,,,,ha-noi,"Nhà ngõ 241 Khâm Thiên. Q.Đống Đa, Hà Nội",,"Khâm Thiên , Phường Khâm Thiên, Quận Đống Đa, Hà NộiXem bản đồ",3 tỷ - 30 m2
