Diện tích đất:,Số phòng ngủ:,Số phòng vệ sinh:,Giấy tờ pháp lý:,Loại hình nhà ở:,Chiều ngang:,Diện tích sử dụng:,Giá/m2:,Hướng cửa chính:,Tổng số tầng:,Đặc điểm nhà/đất:,Tình trạng nội thất:,Chiều dài:,Location,Name,URL,District,Price
30 m²,2 phòng,,,"Nhà mặt phố, mặt tiền",434 m,,150 triệu/m²,,,,,,ha-noi,chinh chu Bán đất 217 trần phú hà đông oto kinh doanh,,"Đường Trần Phú, Phường Văn Quán, Quận Hà Đông, Hà NộiXem bản đồ","4,5 tỷ - 30 m2"
39 m²,4 phòng,,,"Nhà ngõ, hẻm",,,"152,56 triệu/m²",,,,,,ha-noi,"NHÀ ĐẸP NGÕ 260 ĐƯỜNG CẦU GIẤY 39M - 5 TẦNG . GIÁ 5,95 TỶ",,"Cầu Giấy, Phường Dịch Vọng, Quận Cầu Giấy, Hà NộiXem bản đồ","5,95 tỷ - 39 m2"
261 m²,5 phòng,,,Nhà biệt thự,,261 m²,"15,71 triệu/m²",,,,,,ha-noi,👉Bán đất tặng Nhà 3 tầng giá rẻ nhất huyện Chương Mỹ 😍😍😍 261m ful thổ,,"419, Xã Quảng Bị, Huyện Chương Mỹ, Hà NộiXem bản đồ","4,1 tỷ - 261 m2"
25 m²,3 phòng,3 phòng,Đã có sổ,"Nhà ngõ, hẻm",,,102 triệu/m²,,5,,,,ha-noi,CHỦ RẤT CẦN BÁN NHÀ GẦN UỶ BAN PHƯỜNG VĨNH HƯNG,,"Đường Vĩnh Hưng, Phường Vĩnh Hưng, Quận Hoàng Mai, Hà NộiXem bản đồ","2,55 tỷ - 25 m2"
36 m²,5 phòng,,,"Nhà ngõ, hẻm",,,100 triệu/m²,,,,,,ha-noi,"Nhỉnh 3 tỷ có ngay nhà Từ Liêm - 36m x 5 tầng, nhà mới, 2 thoáng, ô tô",,"Phú Diễn, Phường Phú Diễn, Quận Bắc Từ Liêm, Hà NộiXem bản đồ","3,6 tỷ - 36 m2"
419 m²,8 phòng,Nhiều hơn 6 phòng,Đã có sổ,"Nhà mặt phố, mặt tiền",,,"198,09 triệu/m²",,5,,Nhà trống,,ha-noi,"Bán mảnh đất vàng mặt phố Phố Huế, 419m2, MT 16m, kinh doanh, 83 tỷ",,"Phố Huế, Phường Phố Huế, Quận Hai Bà Trưng, Hà NộiXem bản đồ",83 tỷ - 419 m2
28 m²,3 phòng,,,"Nhà ngõ, hẻm",,,125 triệu/m²,,,,,,ha-noi,bán nhà phố Lê Văn Hiến ô tránh vào nhà kinh doanh 3 ngủ ở luôn,,"lê văn hiến, Phường Cổ Nhuế 1, Quận Bắc Từ Liêm, Hà NộiXem bản đồ","3,5 tỷ - 28 m2"
33 m²,3 phòng,4 phòng,Đã có sổ,"Nhà ngõ, hẻm",,,100 triệu/m²,,4,,Nội thất đầy đủ,,ha-noi,"BÁN NHÀ LÔ GÓC XUÂN PHƯƠNG - TRỊNH VĂN BÔ MỚI 33M X 5T, Ô TÔ 3 TỈ",,"Trịnh Văn Bô, Phường Xuân Phương, Quận Nam Từ Liêm, Hà NộiXem bản đồ","3,3 tỷ - 33 m2"
33 m²,5 phòng,4 phòng,Đã có sổ,"Nhà ngõ, hẻm",,,"103,03 triệu/m²",Bắc,4,,,,ha-noi,"3,4 Tỷ_Nhà Ở Ngay _4 Tấng_5 Phòng Ngõ Thông_254 Minh Khai",,"Minh Khai, Phường Hoàng Văn Thụ, Quận Hoàng Mai, Hà NộiXem bản đồ","3,4 tỷ - 33 m2"
34 m²,4 phòng,,,"Nhà ngõ, hẻm",,,"117,65 triệu/m²",,,,,,ha-noi,Bàn nhà Trần Cung 34m x 5 tầng - Lô Góc - Dân Trí Cao - Ở Sướng. 4 Tỷ,,"Trần Cung, Phường Cổ Nhuế 1, Quận Bắc Từ Liêm, Hà NộiXem bản đồ",4 tỷ - 34 m2
32 m²,3 phòng,4 phòng,Đã có sổ,"Nhà ngõ, hẻm",,,"118,75 triệu/m²",,5,,Nội thất đầy đủ,,ha-noi,"Bán Nhà Phú Đô 32m2x5Tầng, MT 3.1m - Nhà Đẹp - 20m Ra Ngõ ÔTô",,"Đường Lê Quang Đạo, Phường Mỹ Đình 1, Quận Nam Từ Liêm, Hà NộiXem bản đồ","3,8 tỷ - 32 m2"
41 m²,6 phòng,Nhiều hơn 6 phòng,Đã có sổ,"Nhà ngõ, hẻm",,,"170,73 triệu/m²",,5,,,,ha-noi,Bán Nhà Mỹ Đình Mới Đét 41m2 - 5 Tầng - 3.5MT - Ngõ Thông - Kinh Doanh,,"Phú Đô, Phường Phú Đô, Quận Nam Từ Liêm, Hà NộiXem bản đồ",7 tỷ - 41 m2
45 m²,4 phòng,4 phòng,Đã có sổ,"Nhà ngõ, hẻm",,,"101,78 triệu/m²",,4,,Nội thất cao cấp,,ha-noi,"NHÀ MỸ ĐÌNH, SÁT CÔNG HOA. 45/48M X 4T. 4 NGỦ. MỚI ĐẸP, 4,58 TỈ",,"Đường Phú Mỹ, Phường Mỹ Đình 2, Quận Nam Từ Liêm, Hà NộiXem bản đồ","4,58 tỷ - 45 m2"
35 m²,3 phòng,4 phòng,Đã có sổ,"Nhà ngõ, hẻm",,,"135,71 triệu/m²",,5,,Nội thất đầy đủ,,ha-noi,"Nhà Đẹp Hoè Thị 35m2x5Tầng, MT3.7m, Lô Góc, Ngõ Thông, ÔTô Vào Nhà, KD",,"Phố Hòe Thị, Phường Phương Canh, Quận Nam Từ Liêm, Hà NộiXem bản đồ","4,75 tỷ - 35 m2"
50 m²,3 phòng,4 phòng,Đã có sổ,Nhà phố liền kề,4 m,,"175,8 triệu/m²",,,,Nội thất đầy đủ,,ha-noi,"Bán nhà phân lô Tam Trinh 8.79 tỷ, tặng full đầy đủ nội thất",,"phân lô tam trinh, Phường Hoàng Văn Thụ, Quận Hoàng Mai, Hà NộiXem bản đồ","8,79 tỷ - 50 m2"
39 m²,4 phòng,3 phòng,Đã có sổ,"Nhà ngõ, hẻm",,,"102,05 triệu/m²",,5,,Nhà trống,,ha-noi,"Linh Đàm, nhà mới 2 mặt ngõ, sát phố, full tiện ích, ở sướng 39m2*5T",,"Linh Đàm, Phường Hoàng Liệt, Quận Hoàng Mai, Hà NộiXem bản đồ","3,98 tỷ - 39 m2"
35 m²,3 phòng,4 phòng,Đã có sổ,"Nhà mặt phố, mặt tiền",,,"142,86 triệu/m²",,5,,Nội thất cao cấp,,ha-noi,BÁN NHÀ CẦU GIẤY- 35M2-5 TẦNG- NHỈNH 5 TỶ- ÔTÔ- NGÕ NÔNG- RỘNG THOÁNG,,"Trần Quốc Vượng, Phường Dịch Vọng Hậu, Quận Cầu Giấy, Hà NộiXem bản đồ",5 tỷ - 35 m2
40 m²,3 phòng,4 phòng,Đã có sổ,"Nhà mặt phố, mặt tiền",,,"182,5 triệu/m²",,5,,Nội thất đầy đủ,,ha-noi,"Nhà XaLa 40m 5 tầng thang máy,MT 5m, ô tô tránh,vào nhà, kinh doanh",,"Đường Phùng Hưng, Phường Phúc La, Quận Hà Đông, Hà NộiXem bản đồ","7,3 tỷ - 40 m2"
25 m²,2 phòng,2 phòng,Đã có sổ,"Nhà ngõ, hẻm",,,104 triệu/m²,,3,,Nhà trống,,ha-noi,"Bán nhà 29 Thụy Khuê, lô góc, gần phố, 25m 3T, 2.6 tỷ",,"Thụy Khuê, Phường Thụy Khuê, Quận Tây Hồ, Hà NộiXem bản đồ","2,6 tỷ - 25 m2"
30 m²,4 phòng,4 phòng,Đã có sổ,"Nhà mặt phố, mặt tiền",,,"86,67 triệu/m²",,5,,Nội thất cao cấp,,ha-noi,Ô TÔ VÀO NHÀ ( 2.6tỷ ) HÀNG HIẾM DI ÁI - DI TRẠCH,,"Đường Di Trạch, Xã Di Trạch, Huyện Hoài Đức, Hà NộiXem bản đồ","2,6 tỷ - 30 m2"
38 m²,4 phòng,4 phòng,Đã có sổ,"Nhà ngõ, hẻm",,,"138,16 triệu/m²",,4,,Nhà trống,,ha-noi,"Bán nhà 445 Nguyễn Khang, ô tô, ngõ thông kd, 5.25 tỷ",,"Nguyễn Khang, Phường Yên Hoà, Quận Cầu Giấy, Hà NộiXem bản đồ","5,25 tỷ - 38 m2"
50 m²,4 phòng,4 phòng,Đang chờ sổ,Nhà phố liền kề,,,184 triệu/m²,,4,,Nội thất đầy đủ,,ha-noi,"Nhà Văn Phú 50m mt5m 4tầng,vỉa hè,3ô tô tránh, dừng đỗ, Kinh doanh tốt",,"Phố Văn Phú, Phường Phú La, Quận Hà Đông, Hà NộiXem bản đồ","9,2 tỷ - 50 m2"
55 m²,4 phòng,5 phòng,Đã có sổ,"Nhà ngõ, hẻm",,,"107,27 triệu/m²",,5,,Nội thất đầy đủ,,ha-noi,"BÁN GÁP NHÀ HOÀNG QUỐC VIỆT 55M2 MẶT NGÕ, KINH DOANH GIÁ SỐC CHỈ 5,9TY",,"Hoàng Quốc Việt, Phường Cổ Nhuế 1, Quận Bắc Từ Liêm, Hà NộiXem bản đồ","5,9 tỷ - 55 m2"
35 m²,4 phòng,,,"Nhà ngõ, hẻm",,,120 triệu/m²,,,,,,ha-noi,"Nhà Phố Trần Bình mới sẵn ở- 35m x 5 tầng, 2 thoáng,an ninh tốt,4.2 tỷ",,"Trần Bình, Phường Mai Dịch, Quận Cầu Giấy, Hà NộiXem bản đồ","4,2 tỷ - 35 m2"
18 m²,2 phòng,3 phòng,Đã có sổ,"Nhà ngõ, hẻm",3.5 m,,"134,44 triệu/m²",,4,,,,ha-noi,"Bán nhà Bạch Mai, ở ngay, full NT, 2.42 tỷ",,"Ngõ Đỗ Thuận, Phường Cầu Dền, Quận Hai Bà Trưng, Hà NộiXem bản đồ","2,42 tỷ - 18 m2"
38 m²,4 phòng,,,"Nhà ngõ, hẻm",,,"110,53 triệu/m²",,,,,,ha-noi,"Tin thật! Phố Trần Cung gần ô tô đỗ, kinh doanh, ngõ thông 38m2*5T",,"Trần Cung, Phường Cổ Nhuế 1, Quận Bắc Từ Liêm, Hà NộiXem bản đồ","4,2 tỷ - 38 m2"
50 m²,3 phòng,3 phòng,Đã có sổ,"Nhà ngõ, hẻm",,50 m²,94 triệu/m²,,5,,,,ha-noi,"Bán nhà ngõ 63 Trần Quốc Vượng, ngõ ba gác,10m ra oto, 5T*50m2",,"Ngõ 63 Trần Quốc Vượng, Phường Dịch Vọng Hậu, Quận Cầu Giấy, Hà NộiXem bản đồ","4,7 tỷ - 50 m2"
41 m²,5 phòng,,,"Nhà ngõ, hẻm",,,"103,66 triệu/m²",,,,,,ha-noi,"Dương Quảng Hàm, gần phố, ngõ rộng, kinh doanh, ô tô, ở ngay",,"Dương Quảng Hàm, Phường Quan Hoa, Quận Cầu Giấy, Hà NộiXem bản đồ","4,25 tỷ - 41 m2"
40 m²,3 phòng,4 phòng,Đã có sổ,"Nhà ngõ, hẻm",,,"113,75 triệu/m²",,5,,Nội thất đầy đủ,,ha-noi,BA ĐÌNH BÁN NHÀ MỚI - diện tích sử dụng 40m2 - 5 tầng - giá 4.55 tỷ,,"Hoàng Hoa Thám, Phường Đội Cấn, Quận Ba Đình, Hà NộiXem bản đồ","4,55 tỷ - 40 m2"
45 m²,5 phòng,,,"Nhà ngõ, hẻm",,,"122,22 triệu/m²",,,,,,ha-noi,"Cực đẹp! Bán nhà Cầu Giấy, ngõ thông ô tô, kinh doanh dòng tiền 45m*5T",,"Cầu Giấy, Phường Quan Hoa, Quận Cầu Giấy, Hà NộiXem bản đồ","5,5 tỷ - 45 m2"
65 m²,6 phòng,5 phòng,,"Nhà ngõ, hẻm",3 m,,"110,77 triệu/m²",Đông Nam,5,,,,ha-noi,Nhà ô tô đỗ cửa kinh doanh ngày đêm phố Khương Thượng,,"Khương Thượng, Phường Khương Thượng, Quận Đống Đa, Hà NộiXem bản đồ","7,2 tỷ - 65 m2"
30 m²,3 phòng,4 phòng,Đã có sổ,"Nhà ngõ, hẻm",,,"146,67 triệu/m²",,,"Hẻm xe hơi,Nở hậu",Nội thất đầy đủ,,ha-noi,NHÀ HIẾM XUÂN ĐỈNH - Ô TÔ ĐỖ CỬA - 5 TẦNG - GIÁ HƠN 4TỶ,,"Xuân Đỉnh, Phường Xuân Đỉnh, Quận Bắc Từ Liêm, Hà NộiXem bản đồ","4,4 tỷ - 30 m2"
35 m²,4 phòng,5 phòng,Đã có sổ,"Nhà ngõ, hẻm",,,"155,71 triệu/m²",,6,,Nhà trống,,ha-noi,"Bán nhà Hoàng Hoa Thám, cực thoáng sáng, 35m 6T",,"Ngõ 279 Phố Đội Cấn, Phường Liễu Giai, Quận Ba Đình, Hà NộiXem bản đồ","5,45 tỷ - 35 m2"
48 m²,5 phòng,3 phòng,Đã có sổ,"Nhà ngõ, hẻm",5 m,,"85,42 triệu/m²",,,,,9 m,ha-noi,"Bán GẤP : nhà Minh Khai , 48m2 , 4,1 tỷ, ở ngay , gần ngõ ô tải",,"Minh Khai, Phường Minh Khai, Quận Hai Bà Trưng, Hà NộiXem bản đồ","4,1 tỷ - 48 m2"
33 m²,3 phòng,3 phòng,Đã có sổ,"Nhà ngõ, hẻm",,,"59,09 triệu/m²",,5,,,,ha-noi,"Nhà 2 mặt thoáng 5Tx33m2 ôtô qua cổng Xóm 3 Đông La chỉ 1,95 tỷ",,"Đường bến, Xã Đông La, Huyện Hoài Đức, Hà NộiXem bản đồ","1,95 tỷ - 33 m2"
40 m²,4 phòng,,,"Nhà ngõ, hẻm",,,105 triệu/m²,,,,,,ha-noi,"Cực mót! Ngoại Giao Đoàn, ngõ thông, sát phố, dân xây, mới 99% 40m2*4T",,"Xuân La, Phường Xuân La, Quận Tây Hồ, Hà NộiXem bản đồ","4,2 tỷ - 40 m2"
38 m²,3 phòng,4 phòng,Đã có sổ,"Nhà ngõ, hẻm",,,"105,26 triệu/m²",,5,,Nội thất đầy đủ,,ha-noi,THUỴ KHUÊ 38m2x5 tầng chỉ nhỉnh 4 tỷ - CHỦ XÂY TÂM HUYẾT - CÁCH M,,"Đường Thụy Khuê, Phường Thụy Khuê, Quận Tây Hồ, Hà NộiXem bản đồ",4 tỷ - 38 m2
45 m²,5 phòng,4 phòng,Đã có sổ,"Nhà ngõ, hẻm",4.4 m,,"124,44 triệu/m²",,5,,,,ha-noi,NHÀ RIÊNG CHÍNH CHỦ TẠI HỒ TÙNG MẬU QUẬN NAM TỪ LIÊM,,"Đường Hồ Tùng Mậu, Phường Cầu Diễn, Quận Nam Từ Liêm, Hà NộiXem bản đồ","5,6 tỷ - 45 m2"
55 m²,4 phòng,4 phòng,Đã có sổ,"Nhà ngõ, hẻm",,,"132,73 triệu/m²",Tây Bắc,5,,,,ha-noi,"Bán Gấp nhà 5 tầng, Dt 55m2,Gía 7.3 tỷ, nguyễn văn cừ bồ đề long biên",,"Ngõ 158 Nguyễn Văn Cừ, Phường Bồ Đề, Quận Long Biên, Hà NộiXem bản đồ","7,3 tỷ - 55 m2"
65 m²,6 phòng,5 phòng,Đã có sổ,"Nhà mặt phố, mặt tiền",,,"110,77 triệu/m²",,4,,Nhà trống,,ha-noi,Bán Nhà phố Khương Thượng,,"Đường Trường Chinh, Phường Khương Thượng, Quận Đống Đa, Hà NộiXem bản đồ","7,2 tỷ - 65 m2"
30 m²,3 phòng,4 phòng,Đã có sổ,"Nhà ngõ, hẻm",,,130 triệu/m²,,5,,Nội thất đầy đủ,,ha-noi,PHÚ DIỄN - 5 TẠ PHÓNG - TẶNG FULL NỘI THẤT,,"Phú Diễn, Phường Phú Diễn, Quận Bắc Từ Liêm, Hà NộiXem bản đồ","3,9 tỷ - 30 m2"
33 m²,3 phòng,4 phòng,Đã có sổ,"Nhà ngõ, hẻm",,,"178,79 triệu/m²",,5,,Nội thất cao cấp,,ha-noi,TRẦN THÁI TÔNG – 36m2 – Ô TÔ ĐỖ CỔNG – NỘI THẤT XỊN,,"Trần Thái Tông, Phường Dịch Vọng Hậu, Quận Cầu Giấy, Hà NộiXem bản đồ","5,9 tỷ - 33 m2"
48 m²,4 phòng,4 phòng,Đã có sổ,"Nhà ngõ, hẻm",,50 m²,"93,75 triệu/m²",,,,Nội thất cao cấp,,ha-noi,"Nhà đẹp Triều Khúc, 48m, 5 tầng, giá chỉ 4.5x tỷ, gần hồ full nội thất",,"Triều Khúc, Phường Thanh Xuân Bắc, Quận Thanh Xuân, Hà NộiXem bản đồ","4,5 tỷ - 48 m2"
45 m²,4 phòng,4 phòng,Đã có sổ,Nhà phố liền kề,,,"155,56 triệu/m²",,4,,Nội thất đầy đủ,,ha-noi,"Ngô Thị Nhậm 45m 4 tầng 4 ngủ,ô tô Bán tải qua nhà, an sinh tuyệt vời",,"Ngô Thì Nhậm, Phường Hà Cầu, Quận Hà Đông, Hà NộiXem bản đồ",7 tỷ - 45 m2
320 m²,5 phòng,5 phòng,Đã có sổ,Nhà biệt thự,,,"84,06 triệu/m²",,4,,Bàn giao thô,,ha-noi,"Biệt thự Cầu Bươu 320m 4 tầng mt17m,đẳng cấp xây lâu dài, giá quá rẻ",,"cầu bươu, Chu Văn An, Xã Tân Triều, Huyện Thanh Trì, Hà NộiXem bản đồ","26,9 tỷ - 320 m2"
184 m²,4 phòng,,Đã có sổ,Nhà biệt thự,8.1997 m,,"122,01 triệu/m²",,4,,Nội thất đầy đủ,,ha-noi,"Biệt Thự Văn Phú 184m mt8,2m 4 tầng an sinh, kinh doanh, VP cực tốt",,"Phố Văn Khê, Phường Phú La, Quận Hà Đông, Hà NộiXem bản đồ","22,45 tỷ - 184 m2"
80 m²,5 phòng,4 phòng,Đã có sổ,Nhà phố liền kề,,,"199,38 triệu/m²",,4,,Nội thất đầy đủ,,ha-noi,Lk Mặt Phố KDt Văn Quán 80m 4t mt4.5m. vừa ở vừa Kinh doanh cực đỉnh,,"Nguyễn Khuyến, Phường Văn Quán, Quận Hà Đông, Hà NộiXem bản đồ","15,95 tỷ - 80 m2"
30 m²,3 phòng,,Đã có sổ,"Nhà ngõ, hẻm",,,120 triệu/m²,,,,,,ha-noi,"15M ra mặt phố Quan Nhân, kinh doanh được, ngõ to thông thoáng, 30m2",,"Quan Nhân, Phường Nhân Chính, Quận Thanh Xuân, Hà NộiXem bản đồ","3,6 tỷ - 30 m2"
63 m²,6 phòng,6 phòng,Đã có sổ,"Nhà mặt phố, mặt tiền",,,"148,89 triệu/m²",,6,,Nội thất cao cấp,,ha-noi,Chính chủ bán nhà phố MINH KHAI VĨNH TUY ôTô tránh Vỉa hè 6T Thang Máy,,"Vĩnh Tuy, Phường Vĩnh Tuy, Quận Hai Bà Trưng, Hà NộiXem bản đồ","9,38 tỷ - 63 m2"
41 m²,6 phòng,5 phòng,Đã có sổ,"Nhà ngõ, hẻm",,,"129,27 triệu/m²",,5,,Nội thất cao cấp,,ha-noi,"Bán nhà Mỹ Đình, 41m, 5 tầng, 6m mặt tiền, 40m ô tô tránh, 5.3 tỷ",,"Đường Phú Mỹ, Phường Mỹ Đình 2, Quận Nam Từ Liêm, Hà NộiXem bản đồ","5,3 tỷ - 41 m2"
36 m²,7 phòng,4 phòng,Đã có sổ,"Nhà ngõ, hẻm",,,"131,94 triệu/m²",Đông Nam,5,,,,ha-noi,"Chính chủ bán nhà số 2 nhà C,tt bưu điện 60 ngõ Thổ Quan ,ĐĐa ,HN",,"Khâm Thiên, Phường Thổ Quan, Quận Đống Đa, Hà NộiXem bản đồ","4,75 tỷ - 36 m2"
54 m²,5 phòng,,,"Nhà ngõ, hẻm",,,"120,37 triệu/m²",,,"Nở hậu,Hẻm xe hơi",,,ha-noi,BÁN NHÀ THÁI HÀ-ĐỐNG ĐA GẦN PHỐ NGÕ RỘNG 2M 54M2 CHỈ 6.5 TỶ,,"THÁI HÀ, Phường Trung Liệt, Quận Đống Đa, Hà NộiXem bản đồ","6,5 tỷ - 54 m2"
42 m²,4 phòng,6 phòng,Đã có sổ,"Nhà ngõ, hẻm",,,"297,62 triệu/m²",,8,,Nhà trống,,ha-noi,NGÃ TƯ SỞ - 8 TẦNG THANG MÁY - GARA ÔTÔ - GẦN PHỐ - GPXD ĐẦY ĐỦ,,"Nguyễn Ngọc Nại, Phường Khương Mai, Quận Thanh Xuân, Hà NộiXem bản đồ","12,5 tỷ - 42 m2"
40 m²,5 phòng,,Đã có sổ,"Nhà ngõ, hẻm",,200 m²,137 triệu/m²,,,,,,ha-noi,"Độc đắc! PL Thái Hà,ngõ 3m, nhà đẹp full nội thất, ở ngay, 40m2*5T",,"Phố Thái Hà, Phường Trung Liệt, Quận Đống Đa, Hà NộiXem bản đồ","5,48 tỷ - 40 m2"
33 m²,4 phòng,,,"Nhà ngõ, hẻm",,,"127,27 triệu/m²",,,,,,ha-noi,"Bán gấp Nhà Cổ Nhuế -33m x 5 tầng, ô tô đỗ cửa, mới đẹp ở ngay, 4.2 tỷ",,"Cổ Nhuế , Phường Cổ Nhuế 1, Quận Bắc Từ Liêm, Hà NộiXem bản đồ","4,2 tỷ - 33 m2"
38 m²,3 phòng,,,"Nhà ngõ, hẻm",,,"110,53 triệu/m²",,,,,,ha-noi,"Hàng ngon Thái Thịnh, ngõ thông thoáng, bagac tránh nhau, nhà mới, 40m",,"Phố Thái Thịnh, Phường Thịnh Quang, Quận Đống Đa, Hà NộiXem bản đồ","4,2 tỷ - 38 m2"
33 m²,4 phòng,,,"Nhà ngõ, hẻm",,,"121,21 triệu/m²",,,,,,ha-noi,Bán gấp nhà Cổ Nhuế 33m x 5 tầng - Ô Tô - Kinh Doanh - 2 Thoáng - 4Tỷ,,"Cổ Nhuế, Phường Cổ Nhuế 1, Quận Bắc Từ Liêm, Hà NộiXem bản đồ",4 tỷ - 33 m2
53 m²,4 phòng,4 phòng,Đã có sổ,"Nhà mặt phố, mặt tiền",,,"117,92 triệu/m²",,5,,Nội thất cao cấp,,ha-noi,"Cần bán nhà phố NGUYỄN AN NINH, HOÀNG MAI, 53M X 5T X 4M, Ô TÔ QUA NHÀ",,"NGUYỄN AN NINH, Phường Tương Mai, Quận Hoàng Mai, Hà NộiXem bản đồ","6,25 tỷ - 53 m2"
25 m²,2 phòng,3 phòng,Đã có sổ,"Nhà ngõ, hẻm",,,100 triệu/m²,,,,,,ha-noi,"Nhà ngõ 651 Minh Khai, 25m,4tang 2pn,oto cách 50m, chốt 2,5ty",,"Minh Khai, Phường Thanh Lương, Quận Hai Bà Trưng, Hà NộiXem bản đồ","2,5 tỷ - 25 m2"
44 m²,5 phòng,,,"Nhà ngõ, hẻm",,,"161,36 triệu/m²",,,"Hẻm xe hơi,Nở hậu",,,ha-noi,BÁN NHÀ HÀO NAM-ĐỐNG ĐA 5 TẦNG THANG MÁY Ở LUÔN CHỈ 7.1 TỶ,,"Phố Hào Nam, Phường Ô Chợ Dừa, Quận Đống Đa, Hà NộiXem bản đồ","7,1 tỷ - 44 m2"
42 m²,3 phòng,4 phòng,Đã có sổ,"Nhà mặt phố, mặt tiền",,,125 triệu/m²,,4,,Nội thất đầy đủ,,ha-noi,"Bán nhà phố vip Láng Hạ - Đống Đa 42m2x4Tầng siêu đẹp, ở luôn chỉ 5 tỷ",,"Phố Láng Hạ, Phường Láng Hạ, Quận Đống Đa, Hà NộiXem bản đồ","5,25 tỷ - 42 m2"
40 m²,4 phòng,4 phòng,Đã có sổ,"Nhà ngõ, hẻm",,,"127,5 triệu/m²",,5,,Nội thất cao cấp,,ha-noi,"Chính chủ bán nhà Phú Mỹ, Mỹ Đình , 40m, 5 tầng, nhà mới đẹp, 5 tỷ",,"Phú Mỹ, Phường Mỹ Đình 2, Quận Nam Từ Liêm, Hà NộiXem bản đồ","5,1 tỷ - 40 m2"
45 m²,6 phòng,Nhiều hơn 6 phòng,Đã có sổ,"Nhà ngõ, hẻm",,,"111,11 triệu/m²",,5,,Nội thất đầy đủ,,ha-noi,Hoàng Hoa Thám 45m2 - 5 TẦNG - GIÁ HƠN 5 tỷ CÓ KHẨU Ba Đình.,,"hoàng hoa thám, Phường Đội Cấn, Quận Ba Đình, Hà NộiXem bản đồ",5 tỷ - 45 m2
50 m²,3 phòng,5 phòng,Đã có sổ,Nhà phố liền kề,,,186 triệu/m²,,7,,Nội thất đầy đủ,,ha-noi,SIÊU PHẨM 7 TẦNG THANG MÁY - KINH DOANH - PHÂN LÔ VỈA HÈ - GARA Ô TÔ.,,"Phố Hoàng Công, Phường Kiến Hưng, Quận Hà Đông, Hà NộiXem bản đồ","9,3 tỷ - 50 m2"
32 m²,4 phòng,4 phòng,Đã có sổ,"Nhà mặt phố, mặt tiền",,,"112,5 triệu/m²",,5,,Nội thất cao cấp,,ha-noi,"Bán nhà Hoàng Quốc Việt, 32m, 5 tầng, 20m ô tô tránh , 3.6 tỷ",,"hoàng quốc việt, Phường Nghĩa Đô, Quận Cầu Giấy, Hà NộiXem bản đồ","3,6 tỷ - 32 m2"
52 m²,3 phòng,,Đã có sổ,"Nhà mặt phố, mặt tiền",,52 m²,125 triệu/m²,,,,,,ha-noi,NHÀ TRẦN CUNG - PHÂN LÔ - THOÁNG TRƯỚC SAU - 15M RA Ô TÔ TRÁNH,,"Trần Cung, Phường Nghĩa Tân, Quận Cầu Giấy, Hà NộiXem bản đồ","6,5 tỷ - 52 m2"
40 m²,4 phòng,4 phòng,Đã có sổ,"Nhà ngõ, hẻm",,,"87,5 triệu/m²",Nam,4,,,,ha-noi,CHÍNH CHỦ GỬI BÁN NHÀ Ở DT 40m-4 PHÒNG NGỦ VĂN LA-HÀ ĐÔNG,,"Gần Đường 24m KĐT Văn Phú, Phường Phú La, Quận Hà Đông, Hà NộiXem bản đồ","3,5 tỷ - 40 m2"
38 m²,4 phòng,4 phòng,Đã có sổ,"Nhà ngõ, hẻm",,,"136,84 triệu/m²",,5,,Nội thất cao cấp,,ha-noi,"Chính chủ bán nhà Nguyễn Hoàng, Mỹ Đình, 38m, 5 tầng, 50m ra phố ô tô",,"Phố Nguyễn Hoàng, Phường Mỹ Đình 2, Quận Nam Từ Liêm, Hà NộiXem bản đồ","5,2 tỷ - 38 m2"
30 m²,3 phòng,3 phòng,Đã có sổ,"Nhà ngõ, hẻm",,,95 triệu/m²,,4,,Nội thất đầy đủ,,ha-noi,"BÁN NHÀ LĨNH NAM, HOÀNG MAI, Ô TÔ ĐỖ CỬA, 30M, 3 NGỦ, GIÁ 2,85 TỶ",,"Lĩnh Nam, Phường Lĩnh Nam, Quận Hoàng Mai, Hà NộiXem bản đồ","2,85 tỷ - 30 m2"
62 m²,nhiều hơn 10 phòng,,Đã có sổ,"Nhà mặt phố, mặt tiền",,,"112,9 triệu/m²",Đông,5,,Nội thất đầy đủ,,ha-noi,"Bán nhà Lệ Mật, Long Biên 62m2, Nhà trọ mini thu nhập gần 40tr/thang",,"so 7 ngõ 126, Phố Lệ Mật, Phường Việt Hưng, Quận Long Biên, Hà NộiXem bản đồ",7 tỷ - 62 m2
20 m²,2 phòng,2 phòng,Giấy tờ khác,"Nhà ngõ, hẻm",,,90 triệu/m²,,4,,Nội thất đầy đủ,,ha-noi,"BÁN NHÀ TÂN MAI ,HOÀNG MAI, 4 TẦNG, 2 NGỦ, NGÕ RỘNG THOÁNG, GIÁ 1,8 TỶ",,"Phố Tân Mai, Phường Tân Mai, Quận Hoàng Mai, Hà NộiXem bản đồ","1,8 tỷ - 20 m2"
35 m²,3 phòng,4 phòng,,"Nhà ngõ, hẻm",,,"108,57 triệu/m²",,5,,,,ha-noi,"NHÀ MỚI ĐÓN TẾT NGÕ NÔNG 3 MẶT THOÁNG, GẦN OTO FULL NỘI THẤT NHỈNH 3TỶ",,"Đường Phú Diễn, Phường Phú Diễn, Quận Bắc Từ Liêm, Hà NộiXem bản đồ","3,8 tỷ - 35 m2"
50 m²,3 phòng,3 phòng,Đã có sổ,"Nhà mặt phố, mặt tiền",,,174 triệu/m²,,4,,Nội thất cao cấp,,ha-noi,SỐC! KINH DOANH PHÂN LÔ VỈA HÈ Ô TÔ TRÁNH HOÀNG MAI 8.7 Tỷ 50m GIÁ SỐC,,"Đường Tam Trinh, Phường Hoàng Văn Thụ, Quận Hoàng Mai, Hà NộiXem bản đồ","8,7 tỷ - 50 m2"
33 m²,3 phòng,4 phòng,Đã có sổ,"Nhà ngõ, hẻm",,,"104,55 triệu/m²",,5,,Nội thất đầy đủ,,ha-noi,"Vĩnh Hưng Nhà đẹp sát phố ,gần chợ gần trường ,hàng xóm thân thiện .",,"Vĩnh Hưng, Phường Vĩnh Hưng, Quận Hoàng Mai, Hà NộiXem bản đồ","3,45 tỷ - 33 m2"
65 m²,2 phòng,1 phòng,Đã có sổ,"Nhà ngõ, hẻm",,,"25,38 triệu/m²",,1,,Nội thất đầy đủ,,ha-noi,"Bán Nhà Phố Vọng, Hai Bà Trưng, TT tầng 2, sổ đỏ, 2 ngủ, ô tô đỗ cửa",,"Phố Vọng, Phường Đồng Tâm, Quận Hai Bà Trưng, Hà NộiXem bản đồ","1,65 tỷ - 65 m2"
22 m²,2 phòng,3 phòng,Đã có sổ,"Nhà ngõ, hẻm",,,"129,55 triệu/m²",,4,,Nội thất đầy đủ,,ha-noi,"Bán Nhà Đại La, HBT, ngõ to rộng , 22m, 2 ngủ, sổ đỏ , giá 2,85 tỷ",,"Phố Đại La, Phường Đồng Tâm, Quận Hai Bà Trưng, Hà NộiXem bản đồ","2,85 tỷ - 22 m2"
80 m²,nhiều hơn 10 phòng,Nhiều hơn 6 phòng,Đã có sổ,"Nhà ngõ, hẻm",,,190 triệu/m²,,,,Nội thất đầy đủ,,ha-noi,"BÁN TOÀ CĂN HỘ DỊCH VỤ ĐƯờNG LÁNG, 20 PHÒNG KK, DÒNG TIỀN 10%/ NĂM",,"Láng, Phường Láng Thượng, Quận Đống Đa, Hà NộiXem bản đồ","15,2 tỷ - 80 m2"
109 m²,8 phòng,Nhiều hơn 6 phòng,Đã có sổ,"Nhà mặt phố, mặt tiền",,,"393,58 triệu/m²",,9,,Nội thất cao cấp,,ha-noi,Mặt phố Khuất Duy Tiến-109m2 X 9 Tầng Tòa Văn Phòng- Vỉa Hè - 42.9 tỷ,,"Khuất Duy Tiến, Phường Thanh Xuân Bắc, Quận Thanh Xuân, Hà NộiXem bản đồ","42,9 tỷ - 109 m2"
64 m²,4 phòng,3 phòng,Đã có sổ,"Nhà mặt phố, mặt tiền",,,"179,69 triệu/m²",,3,,Nội thất cao cấp,,ha-noi,"Nhà phân lô ô tô đỗ cửa mặt ngõ 192 Giải Phóng, 64m2, sổ đỏ chính chủ",,"192, Giải Phóng, Phường Phương Liệt, Quận Thanh Xuân, Hà NộiXem bản đồ","11,5 tỷ - 64 m2"
50 m²,10 phòng,Nhiều hơn 6 phòng,Đã có sổ,"Nhà ngõ, hẻm",,,192 triệu/m²,,,,,,ha-noi,BÁN TOÀ CCMN NGÕ 165 CẦU GIẤY - 10 PHÒNG KHÉP KÍN -DÒNG TIỀN 800TR/NĂM,,"Cầu Giấy, Phường Dịch Vọng, Quận Cầu Giấy, Hà NộiXem bản đồ","9,6 tỷ - 50 m2"
109 m²,8 phòng,Nhiều hơn 6 phòng,Đã có sổ,"Nhà mặt phố, mặt tiền",,,"393,58 triệu/m²",,9,,Nội thất cao cấp,,ha-noi,Mặt phố Khuất Duy Tiến-109m2 X 9 Tầng Tòa Văn Phòng- Vỉa Hè - 42.9 tỷ,,"Khuất Duy Tiến, Phường Thanh Xuân Bắc, Quận Thanh Xuân, Hà NộiXem bản đồ","42,9 tỷ - 109 m2"
64 m²,4 phòng,3 phòng,Đã có sổ,"Nhà mặt phố, mặt tiền",,,"179,69 triệu/m²",,3,,Nội thất cao cấp,,ha-noi,"Nhà phân lô ô tô đỗ cửa mặt ngõ 192 Giải Phóng, 64m2, sổ đỏ chính chủ",,"192, Giải Phóng, Phường Phương Liệt, Quận Thanh Xuân, Hà NộiXem bản đồ","11,5 tỷ - 64 m2"
50 m²,10 phòng,Nhiều hơn 6 phòng,Đã có sổ,"Nhà ngõ, hẻm",,,192 triệu/m²,,,,,,ha-noi,BÁN TOÀ CCMN NGÕ 165 CẦU GIẤY - 10 PHÒNG KHÉP KÍN -DÒNG TIỀN 800TR/NĂM,,"Cầu Giấy, Phường Dịch Vọng, Quận Cầu Giấy, Hà NộiXem bản đồ","9,6 tỷ - 50 m2"
50 m²,4 phòng,5 phòng,,"Nhà mặt phố, mặt tiền",,250 m²,244 triệu/m²,,5,,Nội thất cao cấp,,ha-noi,"Bán gấp nhà Hoàng Cầu, 50m , 5 tầng , 5 m mặt tiền, 12,2 tỷ",,"Đường Hoàng Cầu, Phường Ô Chợ Dừa, Quận Đống Đa, Hà NộiXem bản đồ","12,2 tỷ - 50 m2"
55 m²,8 phòng,Nhiều hơn 6 phòng,Đã có sổ,Nhà phố liền kề,,,"223,64 triệu/m²",,5,,Nội thất cao cấp,,ha-noi,"Chính chủ bán nhà phân lô quận ủy Đống Đa, 55m, 5.1m mặt tiền, 12.3 tỷ",,"Trần Quang Diệu, Phường Ô Chợ Dừa, Quận Đống Đa, Hà NộiXem bản đồ","12,3 tỷ - 55 m2"
64 m²,6 phòng,5 phòng,Đã có sổ,"Nhà mặt phố, mặt tiền",,,"109,38 triệu/m²",,5,,Nội thất cao cấp,,ha-noi,"Bán gấp nhà Đống Đa, 64m, 5 tầng, 6m mặt tiền, ô tô đỗ cửa kinh doanh",,"Phố Phương Mai, Phường Phương Mai, Quận Đống Đa, Hà NộiXem bản đồ",7 tỷ - 64 m2
32 m²,3 phòng,4 phòng,Đã có sổ,"Nhà ngõ, hẻm",,,"153,13 triệu/m²",,5,,Nhà trống,,ha-noi,Hơn 4 tỷ - Bán nhà 5 tầng mới bóc tem tại Đội Cấn - Ngõ to gần ô tô,,"Ngõ 279 Phố Đội Cấn, Phường Ngọc Hà, Quận Ba Đình, Hà NộiXem bản đồ","4,9 tỷ - 32 m2"
42 m²,4 phòng,4 phòng,Đã có sổ,"Nhà ngõ, hẻm",,,150 triệu/m²,,5,,Nội thất cao cấp,,ha-noi,"Chính chủ bán nhà lô góc phố Yên Lãng, Đống Đa, 42m, 5 tầng, 30m raphố",,"Phố Yên Lãng, Phường Trung Liệt, Quận Đống Đa, Hà NộiXem bản đồ","6,3 tỷ - 42 m2"
50 m²,4 phòng,4 phòng,Đã có sổ,"Nhà ngõ, hẻm",,,258 triệu/m²,,6,,Nội thất cao cấp,,ha-noi,"Bán nhà Đống Đa, 50m, 6 tầng, 7m MT, mặt phố, ô tô tránh kinh doanh",,"Ngõ Trung Tả, Phường Thổ Quan, Quận Đống Đa, Hà NộiXem bản đồ","12,9 tỷ - 50 m2"
47 m²,4 phòng,4 phòng,,"Nhà mặt phố, mặt tiền",,200 m²,"255,32 triệu/m²",,4,,Nội thất cao cấp,,ha-noi,"Bán nhà phân lô quận ủy Đống Đa, 47m,4 tầng, 4.5mt, nội thất cao cấp",,"Phố Trần Quang Diệu, Phường Ô Chợ Dừa, Quận Đống Đa, Hà NộiXem bản đồ",12 tỷ - 47 m2
50 m²,4 phòng,4 phòng,Đã có sổ,Nhà phố liền kề,,,140 triệu/m²,,4,,Nội thất cao cấp,,ha-noi,"Bán nhà phân lô Yên Lãng, 50m, 4tầng,4 mt, gần phố, xe tải 5 tạ đỗ cửa",,"Phố Yên Lãng, Phường Láng Hạ, Quận Đống Đa, Hà NộiXem bản đồ",7 tỷ - 50 m2
40 m²,4 phòng,,Đã có sổ,"Nhà mặt phố, mặt tiền",6 m,,"187,5 triệu/m²",,5,,Nội thất cao cấp,,ha-noi,"Bán nhà Phương Mai, 40m, 5 tầng, 6m mặt tiền, ô tô, kinh doanh, phòng",,"Phố Phương Mai, Phường Phương Mai, Quận Đống Đa, Hà NộiXem bản đồ","7,5 tỷ - 40 m2"
60 m²,6 phòng,Nhiều hơn 6 phòng,Đã có sổ,"Nhà mặt phố, mặt tiền",,,350 triệu/m²,,7,,Nội thất cao cấp,,ha-noi,"Bán nhà Trần Quang Diệu,60m, 7tầng, thang máy, thông sàn, ô tô, lô góc",,"Phố Trần Quang Diệu, Phường Ô Chợ Dừa, Quận Đống Đa, Hà NộiXem bản đồ",21 tỷ - 60 m2
40 m²,3 phòng,,Đã có sổ,"Nhà ngõ, hẻm",,,"131,25 triệu/m²",,,,Nội thất đầy đủ,,ha-noi,NHÀ ĐẸP LÁNG HẠ GẦN PHỐ 40M x 4 TẦNG MT RỘNG 2 THOÁNG Ở LUÔN,,"Đường Láng, Phường Láng Hạ, Quận Đống Đa, Hà NộiXem bản đồ","5,25 tỷ - 40 m2"
37 m²,3 phòng,,Đã có sổ,"Nhà ngõ, hẻm",4 m,,"221,08 triệu/m²",,5,"Hẻm xe hơi,Nở hậu",,,ha-noi,NHANH KHÔNG BAY MẤT-PHÂN LÔ 5 TẦNG TRẦN QUỐC HOÀN- ĐƯỜNG 2 OTO TRÁNH-,,"Trần Quốc Hoàn, Phường Dịch Vọng Hậu, Quận Cầu Giấy, Hà NộiXem bản đồ","8,18 tỷ - 37 m2"
37 m²,5 phòng,4 phòng,Đã có sổ,"Nhà ngõ, hẻm",,,"161,62 triệu/m²",,5,,Nội thất đầy đủ,,ha-noi,"NHÀ MỚI ĐÓN TẾT – TRỊNH ĐÌNH CỬU – HOÀNG MAI, 37M, 5 TẦNG, 5,98 TỶ",,"Phố Trịnh Đình Cửu, Phường Định Công, Quận Hoàng Mai, Hà NộiXem bản đồ","5,98 tỷ - 37 m2"
60 m²,6 phòng,5 phòng,Đã có sổ,"Nhà mặt phố, mặt tiền",,,"108,33 triệu/m²",,5,,Nội thất cao cấp,,ha-noi,"Chính chủ bán nhà Từ Liêm, 60m, 5 tầng, ô tô vào nhà, kinh doanh đỉnh",,"Cầu Noi, Phường Cổ Nhuế 1, Quận Bắc Từ Liêm, Hà NộiXem bản đồ","6,5 tỷ - 60 m2"
36 m²,5 phòng,5 phòng,Đã có sổ,"Nhà mặt phố, mặt tiền",,,"194,44 triệu/m²",,6,,Nội thất cao cấp,,ha-noi,"Bán nhà mặt phố Cầu Giấy , ô tô đỗ cửa, kinh doanh đa nghành nghề",,"dương quảng hàm, Phường Quan Hoa, Quận Cầu Giấy, Hà NộiXem bản đồ",7 tỷ - 36 m2
32 m²,3 phòng,,,"Nhà ngõ, hẻm",3.5999 m,,"139,06 triệu/m²",,5,,Nội thất đầy đủ,9 m,ha-noi,"Bán nhà quận Hai Bà Trưng nhỉnh 4 tỷ, xây mới 5 tầng, 10m ra ô tô",,"Phố Minh Khai, Phường Minh Khai, Quận Hai Bà Trưng, Hà NộiXem bản đồ","4,45 tỷ - 32 m2"
35 m²,4 phòng,,,"Nhà ngõ, hẻm",,,"75,71 triệu/m²",,,,,,ha-noi,"BÁN NHÀ TRUNG TÂM XÃ AN KHÁNH 35M - CẠNH HỒ,Ô TÔ ĐỖ 50M - GIÁ 2,65 TỶ",,"Vân lũng, Xã An Khánh, Huyện Hoài Đức, Hà NộiXem bản đồ","2,65 tỷ - 35 m2"
