Diện tích đất:,Số phòng ngủ:,Số phòng vệ sinh:,Giấy tờ pháp lý:,Loại hình nhà ở:,Chiều ngang:,Diện tích sử dụng:,Giá/m2:,Hướng cửa chính:,Tổng số tầng:,Đặc điểm nhà/đất:,Tình trạng nội thất:,Chiều dài:,Location,Name,URL,District,Price
50 m²,4 phòng,5 phòng,Đã có sổ,"Nhà ngõ, hẻm",,,139 triệu/m²,,4,,Nội thất cao cấp,,ha-noi,"NHÀ ĐẸP NHƯ KHÁCH SẠN 5 SAO , CUNG ĐIỆN MÙA ĐÔNG, 4 TẦNG 4 NGỦ RỘNG,",,"Ngõ 6 Đặng Văn Ngữ, Phường Phương Liên, Quận Đống Đa, Hà NộiXem bản đồ","6,95 tỷ - 50 m2"
42 m²,4 phòng,3 phòng,Đã có sổ,"Nhà ngõ, hẻm",,,"88,1 triệu/m²",Bắc,4,,,,ha-noi,nhà đơn lập cực đẹp tại Lai Xá -xây tầng lệch- cách đường 32 chỉ 100m,,"Đường Lai Xá, Xã Kim Chung, Huyện Hoài Đức, Hà NộiXem bản đồ","3,7 tỷ - 42 m2"
44 m²,4 phòng,,Đã có sổ,"Nhà ngõ, hẻm",,,"127,27 triệu/m²",,,Nở hậu,Nội thất đầy đủ,,ha-noi,"Bán nhà Thái Hà, Đống Đa, 44m2 x 6 tầng, MT: 6,2 m, Ô Tô, Giá 5,6 tỷ.",,"Thái Hà, Phường Trung Liệt, Quận Đống Đa, Hà NộiXem bản đồ","5,6 tỷ - 44 m2"
25 m²,3 phòng,,Đã có sổ,"Nhà ngõ, hẻm",,,144 triệu/m²,,4,,,,ha-noi,"Hàng hót Đê La thành 3thoáng vĩnh viễn KD,oto đỗ cửa 25M4T",,"Đê La Thành, Phường Ô Chợ Dừa, Quận Đống Đa, Hà NộiXem bản đồ","3,6 tỷ - 25 m2"
45 m²,4 phòng,3 phòng,Đã có sổ,"Nhà ngõ, hẻm",,,"184,44 triệu/m²",,4,,Nội thất đầy đủ,,ha-noi,"Bán nhà Hoàng Cầu, ôtô qua nhà, lô góc, view vườn hoa, 45m2x4T, 8.3 tỷ",,"Phố Hoàng Cầu, Phường Ô Chợ Dừa, Quận Đống Đa, Hà NộiXem bản đồ","8,3 tỷ - 45 m2"
37 m²,4 phòng,,Đã có sổ,"Nhà ngõ, hẻm",,,"90,54 triệu/m²",,5,,,,ha-noi,Nhỉnh 3 tỷ sở hữu ngay sổ đỏ khâm thiên ngõ thông thoáng 37M 5T,,"Khâm Thiên, Phường Trung Phụng, Quận Đống Đa, Hà NộiXem bản đồ","3,35 tỷ - 37 m2"
37 m²,4 phòng,,Đã có sổ,"Nhà ngõ, hẻm",,,"110,81 triệu/m²",,,,,,ha-noi,"Rực Rỡ, Đẹp Không Tì Vết, Ở Ngay, Cầu Giấy, Ôtô, Ngõ Thông, Kinh Doanh",,"Cầu Giấy, Phường Yên Hoà, Quận Cầu Giấy, Hà NộiXem bản đồ","4,1 tỷ - 37 m2"
55 m²,3 phòng,,,"Nhà ngõ, hẻm",,,"87,27 triệu/m²",,4,,,,ha-noi,tuyệt đỉnh mặt ngõ Kim Hoa không có căn thứ ; 55M . 4T,,"kim hoa, Phường Kim Liên, Quận Đống Đa, Hà NộiXem bản đồ","4,8 tỷ - 55 m2"
37 m²,4 phòng,,,"Nhà ngõ, hẻm",,,"102,7 triệu/m²",,,,,,ha-noi,Cực Hót_Lê Văn Lương_Mới_Ở Ngay_Ngõ Rất Rộng_Ô tô_Nhà Cực Thoáng,,"Lê Văn Lương, Phường Nhân Chính, Quận Thanh Xuân, Hà NộiXem bản đồ","3,8 tỷ - 37 m2"
37 m²,3 phòng,,Đã có sổ,"Nhà ngõ, hẻm",,,"94,59 triệu/m²",,4,,,,ha-noi,"Hàng độc , hồ Ba Mẫu :lô góc MT cực rộng, ở kết hợp KD",,"Đường lê duản, Phường Trung Phụng, Quận Đống Đa, Hà NộiXem bản đồ","3,5 tỷ - 37 m2"
41 m²,4 phòng,,Đã có sổ,"Nhà ngõ, hẻm",,,"134,15 triệu/m²",,6,,,,ha-noi,"Kịch độc Hào Nam, long lanh chỉ việc kéo va li về ở 41M,6T",,"Hào Nam, Phường Ô Chợ Dừa, Quận Đống Đa, Hà NộiXem bản đồ","5,5 tỷ - 41 m2"
35 m²,4 phòng,,Đã có sổ,"Nhà ngõ, hẻm",,,"122,86 triệu/m²",,5,,,,ha-noi,thật 100% sổ đỏ Hào Nam Lô ngóc ngóc nhà mơi ở ngay 35M.5T,,"Hào Nam, Phường Ô Chợ Dừa, Quận Đống Đa, Hà NộiXem bản đồ","4,3 tỷ - 35 m2"
48 m²,8 phòng,Nhiều hơn 6 phòng,Đã có sổ,"Nhà ngõ, hẻm",,,"131,25 triệu/m²",,5,,,,ha-noi,CHUNG CƯ MINI ĐÃ FULL ĐẦY ĐỦ ĐỒ - NHÀ MỚI 8 PHÒNG KHÉP KÍN - NGÕ RỘNG,,"Phú Đô, Phường Phú Đô, Quận Nam Từ Liêm, Hà NộiXem bản đồ","6,3 tỷ - 48 m2"
55 m²,4 phòng,,,"Nhà mặt phố, mặt tiền",,,260 triệu/m²,,,,,,ha-noi,"Bán nhà mặt phố Minh Khai, 55m2, 4 tầng, 14,3 tỷ",,"Phố Minh Khai, Phường Minh Khai, Quận Hai Bà Trưng, Hà NộiXem bản đồ","14,3 tỷ - 55 m2"
100 m²,6 phòng,Nhiều hơn 6 phòng,Đã có sổ,"Nhà ngõ, hẻm",,,200 triệu/m²,,5,,Nội thất cao cấp,,ha-noi,VIP ! PHÂN LÔ CÁN BÔ BA ĐÌNH SÁT PHỐ NGÕ THÔNG Ô TÔ HƠN 20 TỶ 100M 6T.,,"BƯỞI, Phường Đội Cấn, Quận Ba Đình, Hà NộiXem bản đồ",20 tỷ - 100 m2
42 m²,2 phòng,2 phòng,Đã có sổ,"Nhà ngõ, hẻm",,,"83,33 triệu/m²",Tây,3,,,,ha-noi,CỰC HIẾM QUẬN ĐỐNG ĐA-SÂN CHƠI 500M-VIEW ĐẸP GIÁ CHỈ 3.5 TỈ,,"Phố Khâm Thiên, Phường Khâm Thiên, Quận Đống Đa, Hà NộiXem bản đồ","3,5 tỷ - 42 m2"
40 m²,4 phòng,,,"Nhà mặt phố, mặt tiền",,,"87,5 triệu/m²",,,,,,ha-noi,"HÀNG HIẾM PHÚ DIỄN 40M - SIÊU SẦM UẤT - DÂN TRÍ CAO - GIÁ 3,5 TỶ",,"Phú diễn, Phường Phú Diễn, Quận Bắc Từ Liêm, Hà NộiXem bản đồ","3,5 tỷ - 40 m2"
38 m²,3 phòng,,Đã có sổ,"Nhà mặt phố, mặt tiền",,,"460,53 triệu/m²",,,,,,ha-noi,"Bán nhà mặt phố Minh Khai, Q. Hai Bà Trưng, 38m2, 17,5 tỷ",,"Phố Minh Khai, Phường Minh Khai, Quận Hai Bà Trưng, Hà NộiXem bản đồ","17,5 tỷ - 38 m2"
45 m²,6 phòng,6 phòng,Đã có sổ,"Nhà ngõ, hẻm",,,"311,11 triệu/m²",,8,,Nội thất đầy đủ,,ha-noi,Bán nhà Thái Hà 45m2 oto vào nhà gara oto ngõ rộng thang máy 14 tỷ,,"Phố Thái Hà, Phường Láng Hạ, Quận Đống Đa, Hà NộiXem bản đồ",14 tỷ - 45 m2
38 m²,3 phòng,3 phòng,Đã có sổ,"Nhà ngõ, hẻm",,,"110,53 triệu/m²",,4,,Nội thất đầy đủ,,ha-noi,Bán nhà Văn Chương 38m2 10m ra phố oto tránh 2 mặt thoáng 4.2 tỷ,,"Ngõ Văn Chương, Phường Văn Chương, Quận Đống Đa, Hà NộiXem bản đồ","4,2 tỷ - 38 m2"
70 m²,10 phòng,Nhiều hơn 6 phòng,,"Nhà ngõ, hẻm",6 m,462 m²,"101,29 triệu/m²",,6,,,,ha-noi,"CCMN 10 PHÒNG 660TR/NĂM, NGÕ THÔNG Ô TÔ ĐỖ CỬA, THANG MÁY. ĐỦ PCCC.",,"Tân Mai, Phường Tân Mai, Quận Hoàng Mai, Hà NộiXem bản đồ","7,09 tỷ - 70 m2"
55 m²,5 phòng,4 phòng,Đã có sổ,"Nhà mặt phố, mặt tiền",,,"114,55 triệu/m²",,5,,Nội thất cao cấp,,ha-noi,Chính chủ cần bán nhà 5 tầng long biên hà nội,,"Phố Vũ Xuân Thiều, Phường Sài Đồng, Quận Long Biên, Hà NộiXem bản đồ","6,3 tỷ - 55 m2"
52 m²,4 phòng,4 phòng,Đã có sổ,"Nhà ngõ, hẻm",,,"133,08 triệu/m²",,4,,Nội thất đầy đủ,,ha-noi,"Bán nhà đẹp Nam Đồng, ô tô gần, căn góc, gần hồ, 52m2x4T, 6.92 tỷ",,"Phố Nam Đồng, Phường Nam Đồng, Quận Đống Đa, Hà NộiXem bản đồ","6,92 tỷ - 52 m2"
51 m²,3 phòng,4 phòng,Đã có sổ,"Nhà ngõ, hẻm",,,"136,27 triệu/m²",,4,,Nội thất cao cấp,,ha-noi,"Bán nhà Đẹp Đặng Văn Ngữ, ô tô gần, lô góc, NT Xịn, 51m2x4T, 6.95 tỷ",,"Đặng Văn Ngữ, Phường Nam Đồng, Quận Đống Đa, Hà NộiXem bản đồ","6,95 tỷ - 51 m2"
40 m²,3 phòng,4 phòng,Đã có sổ,"Nhà ngõ, hẻm",,,"118,75 triệu/m²",,5,,Nội thất đầy đủ,,ha-noi,"Bán nhà đẹp Hồ Đắc Di, ô tô gần, NT Xịn, 40m2x5T, nhỉnh 4 tỷ",,"Phố Hồ Đắc Di, Phường Quang Trung, Quận Đống Đa, Hà NộiXem bản đồ","4,75 tỷ - 40 m2"
110 m²,4 phòng,4 phòng,Đã có sổ,"Nhà ngõ, hẻm",6 m,,"60,91 triệu/m²",,,,Nội thất đầy đủ,,ha-noi,Bán nhà Phố Tây Trà 6.7 tỷ,,"346, Đường Lĩnh Nam, Phường Lĩnh Nam, Quận Hoàng Mai, Hà NộiXem bản đồ","6,7 tỷ - 110 m2"
80 m²,8 phòng,,Đã có sổ,"Nhà mặt phố, mặt tiền",,,"243,75 triệu/m²",,,,,,ha-noi,"Bán nhà mặt phố Lạc Trung, Q. Hai Bà Trưng, 80m2, 19,5 tỷ",,"Phố Lạc Trung, Phường Vĩnh Tuy, Quận Hai Bà Trưng, Hà NộiXem bản đồ","19,5 tỷ - 80 m2"
33 m²,3 phòng,,Đã có sổ,"Nhà ngõ, hẻm",3.7 m,,"75,15 triệu/m²",,3,,Nhà trống,,ha-noi,Thật 100% Nhà Thanh Lãm mới đẹp gần phố nhiều tiện ích 32m 3T nhỉnh2ty,,"Thanh lãm, Phường Phú Lãm, Quận Hà Đông, Hà NộiXem bản đồ","2,48 tỷ - 33 m2"
100 m²,5 phòng,6 phòng,Đã có sổ,Nhà biệt thự,,,390 triệu/m²,,4,,Nội thất cao cấp,,ha-noi,THANH KHOẢN GẤP NHÀ XUÂN DiỆU,,"Xuân Diệu, Phường Quảng An, Quận Tây Hồ, Hà NộiXem bản đồ",39 tỷ - 100 m2
35 m²,2 phòng,,Đã có sổ,"Nhà ngõ, hẻm",5.9 m,,"79,43 triệu/m²",,2,,Nội thất đầy đủ,,ha-noi,"Nhà Hà Trì lô góc mới đẹp mặt tiền rộng gần chợ, 35m 2T chỉ 2.78Tỷ",,"Hà Trì, Phường Hà Cầu, Quận Hà Đông, Hà NộiXem bản đồ","2,78 tỷ - 35 m2"
36 m²,4 phòng,,Đã có sổ,"Nhà ngõ, hẻm",35 m,,"131,94 triệu/m²",,4,,Nhà trống,,ha-noi,Siêu phẩm Ngô Thì Sỹ mới đẹp-ở luôn-ngõ thông-gần oto-36m giá 4.75tỷ,,"Phố Ngô Thì Sỹ, Phường Vạn Phúc, Quận Hà Đông, Hà NộiXem bản đồ","4,75 tỷ - 36 m2"
42 m²,6 phòng,6 phòng,,"Nhà ngõ, hẻm",3.5999 m,,"178,57 triệu/m²",,6,,,12 m,ha-noi,𝐁𝐀́𝐍 𝐍𝐇𝐀̀ Đ𝐄̣𝐏 𝐕𝐎̃ 𝐂𝐇𝐈́ 𝐂𝐎̂𝐍𝐆,,"Võ Chí Công, Phường Nghĩa Đô, Quận Cầu Giấy, Hà NộiXem bản đồ","7,5 tỷ - 42 m2"
33 m²,2 phòng,3 phòng,Đã có sổ,"Nhà ngõ, hẻm",42 m,,"81,21 triệu/m²",,4,,,,ha-noi,Nhà Tây Mỗ còn mới đẹp gần phố gần oto tránh gần chợ 33 4T chỉ 2.68tỷ,,"Tây Mỗ, Phường Tây Mỗ, Quận Nam Từ Liêm, Hà NộiXem bản đồ","2,68 tỷ - 33 m2"
156 m²,1 phòng,3 phòng,Đã có sổ,"Nhà ngõ, hẻm",,,"115,38 triệu/m²",,1,,Nội thất đầy đủ,,ha-noi,Bán Nhà 1 Tầng ô tô đỗ cửa phố Tây Sơn quận Đống Đa.vị trí đẹp gần pho,,"Phố Tây Sơn, Phường Quang Trung, Quận Đống Đa, Hà NộiXem bản đồ",18 tỷ - 156 m2
45 m²,4 phòng,4 phòng,Đã có sổ,"Nhà ngõ, hẻm",,,"97,78 triệu/m²",,4,,Nhà trống,,ha-noi,"Bán nhà Phố Nam Dư 4.4 tỷ diện tích 45m2, xây 4 tầng đẹp",,"141, Ngõ 141 Nam Dư, Phường Lĩnh Nam, Quận Hoàng Mai, Hà NộiXem bản đồ","4,4 tỷ - 45 m2"
44 m²,2 phòng,2 phòng,Đã có sổ,"Nhà ngõ, hẻm",,,"106,82 triệu/m²",,3,,Nội thất cao cấp,,ha-noi,Bán Nhà Phúc Diễn 44m2 - 7 Chỗ Đỗ Cửa - Nhà Đẹp Ở Ngay Đón Tết,,"Đường Phúc Diễn, Phường Phúc Diễn, Quận Bắc Từ Liêm, Hà NộiXem bản đồ","4,7 tỷ - 44 m2"
35 m²,3 phòng,4 phòng,Đã có sổ,"Nhà ngõ, hẻm",3.9 m,,"114,29 triệu/m²",,5,,,,ha-noi,"Bán nhà ngõ 180 Phố Nam Dư 4 tỷ như hình ảnh, ô tô đỗ cửa",,"180, Phố Nam Dư, Phường Lĩnh Nam, Quận Hoàng Mai, Hà NộiXem bản đồ",4 tỷ - 35 m2
21 m²,4 phòng,,Đã có sổ,"Nhà ngõ, hẻm",,,"121,43 triệu/m²",,4,,,,ha-noi,30M RA Ô TÔ TRÁNH - NHÀ DÂN XÂY - NGÕ THÔNG - SỔ ĐỎ VUÔNG VẮN.,,"Phúc Xá, Phường Phúc Xá, Quận Ba Đình, Hà NộiXem bản đồ","2,55 tỷ - 21 m2"
40 m²,4 phòng,,Đã có sổ,"Nhà ngõ, hẻm",,,220 triệu/m²,,4,,,,ha-noi,"Hoàng Hoa Thám Oto KD 40m2, 4T, mt3,5m 8,8 tỷ",,"Hoàng Hoa Thám, Phường Ngọc Hà, Quận Ba Đình, Hà NộiXem bản đồ","8,8 tỷ - 40 m2"
30 m²,3 phòng,4 phòng,,"Nhà ngõ, hẻm",4 m,30 m²,"116,67 triệu/m²",,,,Nội thất đầy đủ,,ha-noi,"Bán nhà Mỹ Đình 30m2 4 tầng chỉ 3,5 tỷ",,"Mỹ Đình, Phường Mỹ Đình 2, Quận Nam Từ Liêm, Hà NộiXem bản đồ","3,5 tỷ - 30 m2"
30 m²,3 phòng,4 phòng,,"Nhà ngõ, hẻm",4 m,30 m²,"116,67 triệu/m²",,,,Nội thất đầy đủ,,ha-noi,"Bán nhà Mỹ Đình 30m2 4 tầng chỉ 3,5 tỷ",,"Mỹ Đình, Phường Mỹ Đình 2, Quận Nam Từ Liêm, Hà NộiXem bản đồ","3,5 tỷ - 30 m2"
50 m²,4 phòng,3 phòng,Đã có sổ,"Nhà ngõ, hẻm",,,125 triệu/m²,,5,,Nội thất cao cấp,,ha-noi,"KHÔNG CÓ CĂN NÀO ĐẸP HƠN, QUAN NHÂN,Ở VIP,50m2,nhỉnh 6 tỷ.",,"Quan Nhân, Phường Nhân Chính, Quận Thanh Xuân, Hà NộiXem bản đồ","6,25 tỷ - 50 m2"
45 m²,5 phòng,5 phòng,Đã có sổ,"Nhà mặt phố, mặt tiền",,,"208,89 triệu/m²",,7,,Nhà trống,,ha-noi,Bán nhà phân lô Hoàng Quốc Việt_7 tầng_thang máy_ ô tô_nhỉnh 9tỷ,,"Hoàng Quốc Việt, Phường Nghĩa Đô, Quận Cầu Giấy, Hà NộiXem bản đồ","9,4 tỷ - 45 m2"
31 m²,3 phòng,3 phòng,Đã có sổ,"Nhà ngõ, hẻm",,,"170,97 triệu/m²",,5,,,,ha-noi,HÀNG HIẾM TÂY HỒ - Ô TÔ ĐỖ CỬA - TẶNG LẠI 90% NỘI THẤT,,"Ngõ 354 Lạc Long Quân, Phường Xuân La, Quận Tây Hồ, Hà NộiXem bản đồ","5,3 tỷ - 31 m2"
36 m²,4 phòng,,Đã có sổ,"Nhà ngõ, hẻm",,,"147,22 triệu/m²",,4,,Nội thất đầy đủ,,ha-noi,BÁN NHÀ DỊCH VỌNG HẬU – 36M2 – MẶT TIỀN 3.3 – GIÁ NHỈNH 5 TỶ,,"xuân thủy, Phường Dịch Vọng Hậu, Quận Cầu Giấy, Hà NộiXem bản đồ","5,3 tỷ - 36 m2"
35 m²,4 phòng,3 phòng,Đã có sổ,"Nhà ngõ, hẻm",,,"145,71 triệu/m²",,4,,,,ha-noi,"Bán nhà Võ Chí Công, Cầu giấy, ô tô, 2 mặt thoáng, 35m2,Giá siêu tốt.",,"võ chí công, Phường Nghĩa Đô, Quận Cầu Giấy, Hà NộiXem bản đồ","5,1 tỷ - 35 m2"
36 m²,4 phòng,4 phòng,Đã có sổ,"Nhà ngõ, hẻm",,,"119,44 triệu/m²",,5,,,,ha-noi,Quá hiếm! Bán nhà xây mới tinh Trần Cung 38m2x5T cực đẹp. Chỉ 4.x tỷ,,"Đường Trần Cung, Phường Cổ Nhuế 1, Quận Bắc Từ Liêm, Hà NộiXem bản đồ","4,3 tỷ - 36 m2"
30 m²,3 phòng,3 phòng,Đã có sổ,"Nhà ngõ, hẻm",,,150 triệu/m²,,5,,,,ha-noi,"Bán nhà Lạc Long quân, 30m x 5 tầng, nhỉnh 4 tỷ",,"Ngõ 354 Lạc Long Quân, Phường Xuân La, Quận Tây Hồ, Hà NộiXem bản đồ","4,5 tỷ - 30 m2"
30 m²,3 phòng,,Đã có sổ,"Nhà ngõ, hẻm",,,"143,33 triệu/m²",Nam,5,,,,ha-noi,"[4,x TỶ - HIẾM] VĨNH PHÚC – BA ĐÌNH – NGÕ BA GÁC – NHÀ ĐẸP Ở NGAY",,"Đường Hoàng Hoa Thám, Phường Thụy Khuê, Quận Tây Hồ, Hà NộiXem bản đồ","4,3 tỷ - 30 m2"
35 m²,3 phòng,,Đã có sổ,"Nhà ngõ, hẻm",,,"137,14 triệu/m²",,5,,Nội thất đầy đủ,,ha-noi,"Bán Nhà Nguyễn Khánh Toàn, Cầu giấy, ô tô, 35m2, Giá siêu rẻ.",,"nguyễn khánh toàn, Phường Quan Hoa, Quận Cầu Giấy, Hà NộiXem bản đồ","4,8 tỷ - 35 m2"
33 m²,3 phòng,,Đã có sổ,"Nhà ngõ, hẻm",,,"151,52 triệu/m²",,5,,Nội thất đầy đủ,,ha-noi,"Bán nhà Cầu giấy, ô tô, ngõ thông, 33m2, mặt tiền 4.2m, Giá siêu rẻ.",,"Đường Cầu Giấy, Phường Quan Hoa, Quận Cầu Giấy, Hà NộiXem bản đồ",5 tỷ - 33 m2
32 m²,3 phòng,,Đã có sổ,"Nhà ngõ, hẻm",,,"137,5 triệu/m²",,5,,Nội thất đầy đủ,,ha-noi,"Bán nhà Yên Hòa, Cầu giấy, nhà đẹp, gần phố, 32m2, Giá siêu rẻ.",,"Đường Nguyễn Khang, Phường Yên Hoà, Quận Cầu Giấy, Hà NộiXem bản đồ","4,4 tỷ - 32 m2"
52 m²,3 phòng,,,"Nhà ngõ, hẻm",5.15 m,55 m²,"86,54 triệu/m²",,3,,,10 m,ha-noi,"Bán Nhà 3 Tầng 52m2 Tân Triều Giá 4,5 tỷ",,"Tân Triều, Xã Tân Triều, Huyện Thanh Trì, Hà NộiXem bản đồ","4,5 tỷ - 52 m2"
37 m²,4 phòng,4 phòng,Đã có sổ,"Nhà ngõ, hẻm",,,"135,14 triệu/m²",Tây,4,,,,ha-noi,"ngõ 63 Vân Hồ 3 , Hai Bà Trưng 37m2 x 4 tầng , lô góc 10m ra ô tô",,"Phố Vân Hồ 3, Phường Lê Đại Hành, Quận Hai Bà Trưng, Hà NộiXem bản đồ",5 tỷ - 37 m2
20 m²,3 phòng,3 phòng,Đã có sổ,"Nhà ngõ, hẻm",,,"137,5 triệu/m²",,5,,Nội thất đầy đủ,,ha-noi,"BÁN NHÀ CỰC PHẨM ĐỐNG ĐA – NHÀ ĐẸP ĐÓN TẾT, 20M, 5 TẦNG, 2,75 TỶ",,"Phố Trung Phụng, Phường Trung Phụng, Quận Đống Đa, Hà NộiXem bản đồ","2,75 tỷ - 20 m2"
48 m²,4 phòng,3 phòng,Đã có sổ,"Nhà mặt phố, mặt tiền",,,"426,04 triệu/m²",,3,,Nội thất đầy đủ,,ha-noi,"Cực rẻ phố cổ! Mặt phố Lý Nam Đế 48m2, MT 5,3m chỉ nhỉnh 20 tỷ",,"Phố Lý Nam Đế, Phường Cửa Đông, Quận Hoàn Kiếm, Hà NộiXem bản đồ","20,45 tỷ - 48 m2"
35 m²,4 phòng,4 phòng,Đã có sổ,"Nhà mặt phố, mặt tiền",,,"85,71 triệu/m²",,4,,Nội thất đầy đủ,,ha-noi,BÁN NHÀ HOÀNG MAI 3tỷ 35m MẶT NGÕ THÔNG GẦN OTO SỔ ĐỎ HOÀNG MAI HÀ NỘI,,"Đường Hoàng Mai, Phường Hoàng Văn Thụ, Quận Hoàng Mai, Hà NộiXem bản đồ",3 tỷ - 35 m2
45 m²,4 phòng,4 phòng,Đã có sổ,"Nhà mặt phố, mặt tiền",,,"71,11 triệu/m²",,4,,Nhà trống,,ha-noi,BÁN NHÀ TRƯƠNG ĐỊNH 3.2tỷ 45m NGÕ THOÁNG SỔ ĐỎ HAI BÀ TRƯNG HÀ NỘI,,"Đường Trương Định, Phường Trương Định, Quận Hai Bà Trưng, Hà NộiXem bản đồ","3,2 tỷ - 45 m2"
65 m²,4 phòng,4 phòng,Đã có sổ,"Nhà ngõ, hẻm",,,"58,46 triệu/m²",,4,,Nội thất đầy đủ,,ha-noi,BÁN NHÀ LĨNH NAM 3.8tỷ 65m MẶT NGÕ Ô TÔ THÔNG SỔ ĐỎ HOÀNG MAI HÀ NỘI,,"linh nam, Phường Lĩnh Nam, Quận Hoàng Mai, Hà NộiXem bản đồ","3,8 tỷ - 65 m2"
52 m²,5 phòng,5 phòng,Đã có sổ,"Nhà ngõ, hẻm",,,125 triệu/m²,,5,,Nội thất cao cấp,,ha-noi,"Nhà 5 tầng Nguyễn Chí Thanh, cách 30m ra phố, DT 52m2 giá 6.5 tỷ",,"Đường Nguyễn Chí Thanh, Phường Láng Hạ, Quận Đống Đa, Hà NộiXem bản đồ","6,5 tỷ - 52 m2"
47 m²,5 phòng,,,"Nhà ngõ, hẻm",,,"191,06 triệu/m²",,7,,,,ha-noi,"BÁN NHÀ TÂY HỒ 47M FULL ĐỒ ,OTO ĐỖ,THANG MÁY,KINH DOANH GIÁ NHỈNH 8TỶ",,"Lạc Long Quân, Phường Bưởi, Quận Tây Hồ, Hà NộiXem bản đồ","8,98 tỷ - 47 m2"
26 m²,4 phòng,,,"Nhà mặt phố, mặt tiền",,,"126,15 triệu/m²",,,,,,ha-noi,"Thật 100%! Nhà Thanh Xuân 30m ngõ ô tô, nông, mới, ở ngay.",,"Bùi Xương Trạch, Phường Khương Đình, Quận Thanh Xuân, Hà NộiXem bản đồ","3,28 tỷ - 26 m2"
40 m²,4 phòng,4 phòng,Đã có sổ,"Nhà mặt phố, mặt tiền",,,"77,5 triệu/m²",,4,,Nội thất đầy đủ,,ha-noi,NHÀ NGUYỄN CHÍNH 3.1tỷ 40m NGÕ RỘNG GẦN Ô TÔ SỔ ĐỎ HOÀNG MAI HÀ NỘI,,"Phố Nguyễn Chính, Phường Tân Mai, Quận Hoàng Mai, Hà NộiXem bản đồ","3,1 tỷ - 40 m2"
30 m²,4 phòng,4 phòng,Đã có sổ,"Nhà mặt phố, mặt tiền",,,"93,33 triệu/m²",,5,,Nội thất đầy đủ,,ha-noi,"NHÀ TÂN MAI 2,8tỷ 30m MẶT NGÕ GẦN Ô TÔ GẦN PHỐ SỔ ĐỎ HOÀNG MAI HÀ NỘI",,"Ngõ 120 Phố Tân Mai, Phường Tân Mai, Quận Hoàng Mai, Hà NộiXem bản đồ","2,8 tỷ - 30 m2"
47 m²,4 phòng,,,"Nhà ngõ, hẻm",,,"95,74 triệu/m²",,,,,,ha-noi,Quá Sốc_Yên Hoà_Lô Góc_Nhà Đẹp_Ngõ Thoáng_Gần Phố_Giá Rẻ_Ở Ngay_Sướng,,"Yên Hoà, Phường Yên Hoà, Quận Cầu Giấy, Hà NộiXem bản đồ","4,5 tỷ - 47 m2"
55 m²,5 phòng,,,"Nhà ngõ, hẻm",,,"210,91 triệu/m²",,7,,,,ha-noi,"ANH LONG NHỜ BÁN HỘ NHÀ THUỴ KHUÊ OTO,THANG MÁY,KINH DOANH NHỈNH 11TỶ",,"Thuỵ Khuê, Phường Bưởi, Quận Tây Hồ, Hà NộiXem bản đồ","11,6 tỷ - 55 m2"
51 m²,5 phòng,4 phòng,Đã có sổ,"Nhà ngõ, hẻm",,,"136,27 triệu/m²",,4,,Nội thất cao cấp,,ha-noi,"BÁN GẤP SIÊU PHẨM ĐẶNG VĂN NGỮ - ĐỐNG ĐA , 51M, 4 TẦNG, 6,95 TỶ",,"Phố Đặng Văn Ngữ, Phường Trung Tự, Quận Đống Đa, Hà NộiXem bản đồ","6,95 tỷ - 51 m2"
50 m²,5 phòng,5 phòng,Đã có sổ,"Nhà ngõ, hẻm",,,124 triệu/m²,,5,,Nội thất đầy đủ,,ha-noi,"Bán gấp nhà phố Láng Hạ, 5 tầng full nội thất DT 50m2 giá 6.2 tỷ",,"Láng Hạ, Phường Láng Hạ, Quận Đống Đa, Hà NộiXem bản đồ","6,2 tỷ - 50 m2"
39 m²,4 phòng,,,"Nhà ngõ, hẻm",,,"114,87 triệu/m²",,6,,,,ha-noi,BÁN NHÀ PHẠM VĂN ĐỒNG 39M OTO ĐỖ CỔNG- THANG MÁY-FULL ĐỒ NHỈNH 4 TỶ,,"Phạm Văn Đồng, Phường Nghĩa Tân, Quận Cầu Giấy, Hà NộiXem bản đồ","4,48 tỷ - 39 m2"
40 m²,4 phòng,,,"Nhà ngõ, hẻm",,,105 triệu/m²,,5,,,,ha-noi,"CHỈ 4,2 TỶ CÓ NGAY NHÀ HOÀNG QUỐC VIỆT- OTO ĐỖ CỔNG,FULL ĐỒ 40M",,"Hoàng Quốc Việt, Phường Nghĩa Tân, Quận Cầu Giấy, Hà NộiXem bản đồ","4,2 tỷ - 40 m2"
40 m²,5 phòng,5 phòng,Đã có sổ,"Nhà ngõ, hẻm",,,130 triệu/m²,,5,,Nội thất cao cấp,,ha-noi,"Bán gấp nhà 5 tầng Thái Thịnh, 20m ra phố, sẵn nội thất giá 5.2 tỷ",,"Phố Thái Thịnh, Phường Ngã Tư Sở, Quận Đống Đa, Thành phố Hà Nội, 11513, Việt Nam, Phường Ngã Tư Sở, Quận Đống Đa, Hà NộiXem bản đồ","5,2 tỷ - 40 m2"
65 m²,3 phòng,3 phòng,,"Nhà ngõ, hẻm",5 m,130 m²,"29,23 triệu/m²",,2,,,,ha-noi,"Trịnh Đình Cửu 65m2, 3 ngủ rộng, ngõ to cách hồ Định Công 200m, 1.9 tỷ",,"Phố Trịnh Đình Cửu, Phường Định Công, Quận Hoàng Mai, Hà NộiXem bản đồ","1,9 tỷ - 65 m2"
62 m²,4 phòng,,Đã có sổ,"Nhà ngõ, hẻm",,240 m²,"129,03 triệu/m²",,4,,,,ha-noi,"Giang Văn Minh, 62m2*4T, nhà đẹp 2 thoáng, ngõ to cách ô tô 25m, 8 tỷ",,"Phố Giang Văn Minh, Phường Đội Cấn, Quận Ba Đình, Hà NộiXem bản đồ",8 tỷ - 62 m2
39 m²,4 phòng,,,"Nhà ngõ, hẻm",,,"107,69 triệu/m²",,6,,,,ha-noi,BÁN NHÀ CẦU GIẤY 39M FULL ĐỒ - OTO ĐỖ CỔNG - GIÁ NHỈNH 4 TỶ,,"Cầu Giấy, Phường Nghĩa Tân, Quận Cầu Giấy, Hà NộiXem bản đồ","4,2 tỷ - 39 m2"
55 m²,6 phòng,5 phòng,Đã có sổ,"Nhà ngõ, hẻm",,,"123,64 triệu/m²",,2,,Nội thất cao cấp,,ha-noi,"Bán gấp nhà 5 tầng Khương Thượng, 10m ra phố ở gia đình giá 6.8 tỷ",,"Khương Thượng, Phường Ngã Tư Sở, Quận Đống Đa, Hà NộiXem bản đồ","6,8 tỷ - 55 m2"
50 m²,6 phòng,6 phòng,Đã có sổ,"Nhà ngõ, hẻm",,,310 triệu/m²,,3,,Nội thất cao cấp,,ha-noi,"Bán siêu gấp nhà Trần Quang Diệu, ô tô tránh, 6 tầng thang máy 15.5 tỷ",,"Trần Quang Diệu, Phường Trung Liệt, Quận Đống Đa, Hà NộiXem bản đồ","15,5 tỷ - 50 m2"
35 m²,3 phòng,4 phòng,,"Nhà ngõ, hẻm",3.5 m,,"102,86 triệu/m²",,4,,,10 m,ha-noi,Bán nhà ngõ 323 phố Trần đại Nghĩa quận Hai Ba Trưng. 40m ra ô ra phốh,,"Phố Trần Đại Nghĩa, Phường Trương Định, Quận Hai Bà Trưng, Hà NộiXem bản đồ","3,6 tỷ - 35 m2"
57 m²,6 phòng,4 phòng,,"Nhà ngõ, hẻm",5 m,,"175,44 triệu/m²",,5,Hẻm xe hơi,,,ha-noi,"Bán nhà Nguyễn Văn Huyên, 57m2*5T, ô tô, lô góc",,"Nguyễn Văn Huyên, Phường Quan Hoa, Quận Cầu Giấy, Hà NộiXem bản đồ",10 tỷ - 57 m2
32 m²,4 phòng,,,"Nhà ngõ, hẻm",,,"121,88 triệu/m²",,,,,,ha-noi,CÒN *** MỘT CĂN - NHÀ SIÊU ĐẸP - GIÁ SIÊU HỢP LÝ,,"Phú diễn, Phường Phú Diễn, Quận Bắc Từ Liêm, Hà NộiXem bản đồ","3,9 tỷ - 32 m2"
45 m²,6 phòng,,Đã có sổ,"Nhà ngõ, hẻm",4 m,,"143,33 triệu/m²",,6,,Nhà trống,,ha-noi,Bán nhà 6 tầng 45m2 gần ngõ 304 Hồ Tùng Mậu ô tô vào nhà chỉ hơn 6 tỷ,,"Đường Hồ Tùng Mậu, Phường Cầu Diễn, Quận Nam Từ Liêm, Hà NộiXem bản đồ","6,45 tỷ - 45 m2"
35 m²,3 phòng,4 phòng,,"Nhà ngõ, hẻm",3.5 m,,"102,86 triệu/m²",,4,,,10 m,ha-noi,Bán nhà ngõ 323 phố Trần đại Nghĩa quận Hai Ba Trưng. 40m ra ô ra phốh,,"Phố Trần Đại Nghĩa, Phường Trương Định, Quận Hai Bà Trưng, Hà NộiXem bản đồ","3,6 tỷ - 35 m2"
57 m²,6 phòng,4 phòng,,"Nhà ngõ, hẻm",5 m,,"175,44 triệu/m²",,5,Hẻm xe hơi,,,ha-noi,"Bán nhà Nguyễn Văn Huyên, 57m2*5T, ô tô, lô góc",,"Nguyễn Văn Huyên, Phường Quan Hoa, Quận Cầu Giấy, Hà NộiXem bản đồ",10 tỷ - 57 m2
32 m²,4 phòng,,,"Nhà ngõ, hẻm",,,"121,88 triệu/m²",,,,,,ha-noi,CÒN *** MỘT CĂN - NHÀ SIÊU ĐẸP - GIÁ SIÊU HỢP LÝ,,"Phú diễn, Phường Phú Diễn, Quận Bắc Từ Liêm, Hà NộiXem bản đồ","3,9 tỷ - 32 m2"
45 m²,6 phòng,,Đã có sổ,"Nhà ngõ, hẻm",4 m,,"143,33 triệu/m²",,6,,Nhà trống,,ha-noi,Bán nhà 6 tầng 45m2 gần ngõ 304 Hồ Tùng Mậu ô tô vào nhà chỉ hơn 6 tỷ,,"Đường Hồ Tùng Mậu, Phường Cầu Diễn, Quận Nam Từ Liêm, Hà NộiXem bản đồ","6,45 tỷ - 45 m2"
90 m²,1 phòng,1 phòng,,"Nhà mặt phố, mặt tiền",9 m,,"131,67 triệu/m²",,1,,Nhà trống,,ha-noi,Bán nhà MP Trịnh Văn Bô nhỏ kinh doanh 90m2 MT 9m giá chỉ hơn 100tr/m2,,"Phố Trịnh Văn Bô, Phường Xuân Phương, Quận Nam Từ Liêm, Hà NộiXem bản đồ","11,85 tỷ - 90 m2"
60 m²,1 phòng,1 phòng,Đã có sổ,"Nhà ngõ, hẻm",5 m,,"93,33 triệu/m²",,,,,12 m,ha-noi,"Bán nhà Nam Từ Liêm 60m2 ô tô qua nhà giá chỉ 5,6 tỷ",,"Đường Đại Mỗ, Phường Đại Mỗ, Quận Nam Từ Liêm, Hà NộiXem bản đồ","5,6 tỷ - 60 m2"
65 m²,4 phòng,,Đã có sổ,"Nhà mặt phố, mặt tiền",,65 m²,230 triệu/m²,Tây Bắc,5,,,,ha-noi,"Bán nhà phố Nguyễn Thị Định Cầu Giấy, kinh doanh ngày đêm giá tốt",,"Nguyễn Thị Định, Phường Trung Hoà, Quận Cầu Giấy, Hà NộiXem bản đồ","14,95 tỷ - 65 m2"
45 m²,4 phòng,3 phòng,Đã có sổ,,,,"204,44 triệu/m²",Tây,4,,,,ha-noi,Bán nhà dự án Sở GTCC ô tô đỗ tận cửa nhà,,"Đường Bạch Đằng, Phường Bạch Đằng, Quận Hai Bà Trưng, Hà NộiXem bản đồ","9,2 tỷ - 45 m2"
50 m²,5 phòng,6 phòng,,"Nhà ngõ, hẻm",,,254 triệu/m²,,8,"Nở hậu,Hẻm xe hơi",,,ha-noi,BÁN NHÀ THANH XUÂN 50M- 8T THANG MÁY- ÔTÔ -THÔNG TỨ PHÍA NHỈNH 12 TỶ,,"Hoàng Văn Thái, Phường Khương Mai, Quận Thanh Xuân, Hà NộiXem bản đồ","12,7 tỷ - 50 m2"
29 m²,2 phòng,,Đã có sổ,"Nhà ngõ, hẻm",,,"96,55 triệu/m²",,4,,,,ha-noi,"Khâm Thiên 29m2, 4T, Mt4m, 2,8 tỷ",,"Khâm Thiên, Phường Trung Phụng, Quận Đống Đa, Hà NộiXem bản đồ","2,8 tỷ - 29 m2"
38 m²,2 phòng,,Đã có sổ,"Nhà ngõ, hẻm",,,"77,63 triệu/m²",,2,,,,ha-noi,"Tặng nhà ngõ Thịnh Quang 38m2, 2T, mt4m, dưới 3 tỷ",,"Ngõ Thịnh Quang, Phường Thịnh Quang, Quận Đống Đa, Hà NộiXem bản đồ","2,95 tỷ - 38 m2"
50 m²,1 phòng,1 phòng,Đã có sổ,"Nhà mặt phố, mặt tiền",,,90 triệu/m²,Nam,1,,,,ha-noi,"Bán nhà mặt phố kinh doanh sầm uất Kim Chung, Đông Anh, 50m2",,"Đường Võ Văn Kiệt, Xã Kim Chung, Huyện Đông Anh, Hà NộiXem bản đồ","4,5 tỷ - 50 m2"
55 m²,3 phòng,2 phòng,Đã có sổ,"Nhà ngõ, hẻm",,,"39,64 triệu/m²",,3,,Nội thất đầy đủ,,ha-noi,Bán Căn 55m2 Tả Thanh Oai- Ô tô đỗ,,"Tả Thanh Oai, Xã Tả Thanh Oai, Huyện Thanh Trì, Hà NộiXem bản đồ","2,18 tỷ - 55 m2"
38 m²,4 phòng,5 phòng,Đã có sổ,"Nhà mặt phố, mặt tiền",,38 m²,"170,92 triệu/m²",,6,,,,ha-noi,BÁN CĂN PHỐ KIM GIANG -THANG MÁY- Ô TÔ VÀO NHÀ,,"Kim Giang, Xã Thanh Liệt, Huyện Thanh Trì, Hà NộiXem bản đồ","6,495 tỷ - 38 m2"
26 m²,3 phòng,3 phòng,Đã có sổ,"Nhà ngõ, hẻm",,,"121,15 triệu/m²",,5,,Nội thất đầy đủ,,ha-noi,Bán Căn Kim Giang ô tô,,"Kim Giang, Xã Thanh Liệt, Huyện Thanh Trì, Hà NộiXem bản đồ","3,15 tỷ - 26 m2"
39 m²,4 phòng,4 phòng,Đã có sổ,"Nhà ngõ, hẻm",,,"75,64 triệu/m²",,5,,Nội thất đầy đủ,,ha-noi,CỰC HIẾM BÁN CĂN GẦN 40m2 NGAY CẦU HỮU HÒA-THANH TRÌ,,"Xóm Điếm, Xã Hữu Hoà, Huyện Thanh Trì, Hà NộiXem bản đồ","2,95 tỷ - 39 m2"
31 m²,4 phòng,4 phòng,Đã có sổ,"Nhà ngõ, hẻm",,,"85,48 triệu/m²",,5,,Nhà trống,,ha-noi,CHỦ BÁN THÁO TRẢ NGÂN HÀNG - CĂN 5 TẦNG NGAY CẦU HỮU HÒA-THANH TRÌ,,"CẦU HỮU HÒA, Xã Hữu Hoà, Huyện Thanh Trì, Hà NộiXem bản đồ","2,65 tỷ - 31 m2"
35 m²,3 phòng,3 phòng,Đã có sổ,"Nhà ngõ, hẻm",,,120 triệu/m²,,4,,Nội thất đầy đủ,,ha-noi,BÁN CĂN CẦU BƯU Ô TÔ TRÁNH GIÁ TỐT,,"Cầu Bưu, Xã Tân Triều, Huyện Thanh Trì, Hà NộiXem bản đồ","4,2 tỷ - 35 m2"
40 m²,3 phòng,3 phòng,Đã có sổ,"Nhà ngõ, hẻm",,,"61,25 triệu/m²",,5,,Nhà trống,,ha-noi,"Bán căn cầu Hữu Hoà 40m2 2,45 ti",,"Cầu Hữu Hoà, Xã Hữu Hoà, Huyện Thanh Trì, Hà NộiXem bản đồ","2,45 tỷ - 40 m2"
25 m²,3 phòng,3 phòng,Đã có sổ,"Nhà ngõ, hẻm",,,114 triệu/m²,,4,,Nội thất đầy đủ,,ha-noi,Bán Căn nhà khu tập thể quân đội -Thang Liệt,,"Tập Thể Quân Đội, Xã Thanh Liệt, Huyện Thanh Trì, Hà NộiXem bản đồ","2,85 tỷ - 25 m2"
