Diện tích đất:,Số phòng ngủ:,Số phòng vệ sinh:,Giấy tờ pháp lý:,Loại hình nhà ở:,Chiều ngang:,Diện tích sử dụng:,Giá/m2:,Hướng cửa chính:,Tổng số tầng:,Đặc điểm nhà/đất:,Tình trạng nội thất:,Chiều dài:,Location,Name,URL,District,Price
32 m²,3 phòng,,,"Nhà ngõ, hẻm",,,"140,63 triệu/m²",,,,,,ha-noi,"Bán nhà phố Trích Sài, ngõ thông khắp ngả, nhà mới, mặt tiền rộng",,"Phố Trích Sài, Phường Bưởi, Quận Tây Hồ, Hà NộiXem bản đồ","4,5 tỷ - 32 m2"
73 m²,4 phòng,,Đã có sổ,"Nhà ngõ, hẻm",,73 m²,"105,48 triệu/m²",,3,,Nội thất đầy đủ,,ha-noi,"Bán nhà Phú Đô 73m, mt 10m, 20m ra ô tô, giá 7,7 tỷ",,"Lê Quang Đạo , Phường Phú Đô, Quận Nam Từ Liêm, Hà NộiXem bản đồ","7,7 tỷ - 73 m2"
43 m²,3 phòng,,,"Nhà ngõ, hẻm",,,"134,88 triệu/m²",,,,,,ha-noi,"Bán nhà phố Vũ Miên có giếng trời, khe thoáng, ngõ thông, gần hồ Tây",,"Phố Vũ Miên, Phường Yên Phụ, Quận Tây Hồ, Hà NộiXem bản đồ","5,8 tỷ - 43 m2"
36 m²,4 phòng,4 phòng,Đã có sổ,"Nhà ngõ, hẻm",,,"81,94 triệu/m²",Đông Nam,4,,,,ha-noi,☎️36M vân canh 4 tầng 4 ngủ nộ thất cao cấp,,"Vân Canh, Phường Phương Canh, Quận Nam Từ Liêm, Hà NộiXem bản đồ","2,95 tỷ - 36 m2"
30 m²,3 phòng,,Đã có sổ,"Nhà ngõ, hẻm",,,"126,67 triệu/m²",,4,Nở hậu,Nội thất đầy đủ,,ha-noi,"bán nhà Phố BẠCH MAI - mặt ngõ kinh doanh nhỏ, giá 3,8 tỷ",,"Phố Bạch Mai, Phường Bạch Mai, Quận Hai Bà Trưng, Hà NộiXem bản đồ","3,8 tỷ - 30 m2"
36 m²,3 phòng,4 phòng,Đã có sổ,"Nhà ngõ, hẻm",,,"137,5 triệu/m²",,5,,Nội thất cao cấp,,ha-noi,"Ba Đình - Ngọc Hà - lô góc - 30m ra ô tô - dt 36m, 4 tầng, giá 4.95 tỷ",,"Phố Ngọc Hà, Phường Ngọc Hà, Quận Ba Đình, Hà NộiXem bản đồ","4,95 tỷ - 36 m2"
35 m²,3 phòng,4 phòng,Đã có sổ,"Nhà ngõ, hẻm",4.3 m,,190 triệu/m²,,,,Nội thất đầy đủ,,ha-noi,"Xã Đàn - ô tô - kinh doanh - nhà đẹp ở luôn, dt 35m, giá 6.65 tỷ",,"Xã Đàn, Phường Ô Chợ Dừa, Quận Đống Đa, Hà NộiXem bản đồ","6,65 tỷ - 35 m2"
26 m²,1 phòng,,Đã có sổ,"Nhà ngõ, hẻm",,,175 triệu/m²,,,,,,ha-noi,"Bán nhà đất 26m2 ô tô vào nhà, tiện kinh doanh, ở mặt ngõ phố Đội cấn",,"Ngõ 210 Đội Cấn, Phường Đội Cấn, Quận Ba Đình, Hà NộiXem bản đồ","4,55 tỷ - 26 m2"
39 m²,4 phòng,5 phòng,Đã có sổ,"Nhà ngõ, hẻm",,,"120,51 triệu/m²",,4,,Nội thất đầy đủ,,ha-noi,Ngôi Nhà Mơ Ước Trần Quốc Vượng 39m2 gần ô tô tránh thiết kế hiện đại,,"Trần Quốc Vượng, Phường Dịch Vọng Hậu, Quận Cầu Giấy, Hà NộiXem bản đồ","4,7 tỷ - 39 m2"
43 m²,4 phòng,,,"Nhà ngõ, hẻm",,,"125,58 triệu/m²",,,,,,ha-noi,"Bán nhà Nhật Chiêu có phòng tắm master, view 360 độ thoáng sáng",,"Phố Nhật Chiêu, Phường Nhật Tân, Quận Tây Hồ, Hà NộiXem bản đồ","5,4 tỷ - 43 m2"
33 m²,3 phòng,4 phòng,Đã có sổ,"Nhà ngõ, hẻm",,,"130,3 triệu/m²",,5,,Nội thất cao cấp,,ha-noi,"NGÕ 322 MỸ ĐÌNH - NHÀ MỚI NỞ HẬU 33m2 x 5 tầng -mt 4.3m,GIÁ CHỈ 4.3 TỶ",,"Ngõ 322 Đường Mỹ Đình, Phường Mỹ Đình 1, Quận Nam Từ Liêm, Hà NộiXem bản đồ","4,3 tỷ - 33 m2"
37 m²,6 phòng,,,"Nhà ngõ, hẻm",,37 m²,"115,68 triệu/m²",,,,,,ha-noi,BAY NHANH! Trung tâm Mỹ Đình -36.5m2-5 tầng (6 phòng)-4.28 tỷ. LÔ GÓC.,,"Mễ Trì Thượng, Phường Mễ Trì, Quận Nam Từ Liêm, Hà NộiXem bản đồ","4,28 tỷ - 37 m2"
65 m²,4 phòng,3 phòng,,"Nhà ngõ, hẻm",6 m,,120 triệu/m²,,5,,Nội thất đầy đủ,,ha-noi,"BÁN THANH KHOẢN NHANH NHÀ CẦU GIẤY 65M2, OTO ĐỖ CỬA, GIÁ CHỈ 7,8 TỶ.",,"Cầu Giấy, Phường Dịch Vọng, Quận Cầu Giấy, Hà NộiXem bản đồ","7,8 tỷ - 65 m2"
47 m²,3 phòng,3 phòng,Đã có sổ,"Nhà ngõ, hẻm",,,"89,36 triệu/m²",,3,,Bàn giao thô,,ha-noi,"Bán Nhà Âu Cơ Tây Hồ 47m x 3Tầng MT: 5m 3PN Giá 4,2 Tỷ Ko Đến 90tr/1m",,"Âu Cơ, Phường Tứ Liên, Quận Tây Hồ, Hà NộiXem bản đồ","4,2 tỷ - 47 m2"
32 m²,3 phòng,,,"Nhà ngõ, hẻm",,,"115,63 triệu/m²",,,,,,ha-noi,"Bán nhà phố Phú Thượng ô tô đỗ cửa, phòng tắm xin sò, cực chill",,"Phố Phú Xá, Phường Phú Thượng, Quận Tây Hồ, Hà NộiXem bản đồ","3,7 tỷ - 32 m2"
34 m²,3 phòng,,Đã có sổ,"Nhà ngõ, hẻm",,,"123,53 triệu/m²",,5,,Nội thất đầy đủ,,ha-noi,"có 102! Nhà Trung Phụng sát phố, ngõ rộng, mới tinh, thoáng sáng 34m2",,"Trung phụng, Phường Ô Chợ Dừa, Quận Đống Đa, Hà NộiXem bản đồ","4,2 tỷ - 34 m2"
35 m²,4 phòng,,Đã có sổ,"Nhà ngõ, hẻm",,,"137,14 triệu/m²",,4,,Nội thất đầy đủ,,ha-noi,"Thật 100! Nhà Thái Hà gần phố, ngõ thông sáng thoáng, ở sướng, 35m2*4T",,"Thái Hà, Phường Quang Trung, Quận Đống Đa, Hà NộiXem bản đồ","4,8 tỷ - 35 m2"
39 m²,3 phòng,,Đã có sổ,"Nhà ngõ, hẻm",,,"119,23 triệu/m²",,5,,,,ha-noi,"Ở ngay! Bán nhà Xã Đàn, ngõ thông, cách oto 30m, 2 thoáng, 39m2 *5T",,"Xã Đàn, Phường Ô Chợ Dừa, Quận Đống Đa, Hà NộiXem bản đồ","4,65 tỷ - 39 m2"
35 m²,3 phòng,,,"Nhà ngõ, hẻm",,,"157,14 triệu/m²",,,Hẻm xe hơi,,,ha-noi,"Bán nhà phố Phú Thượng có garage ô tô, ô chờ thang máy, view bất tận",,"Phố Phú Gia, Phường Phú Thượng, Quận Tây Hồ, Hà NộiXem bản đồ","5,5 tỷ - 35 m2"
40 m²,4 phòng,,Đã có sổ,"Nhà ngõ, hẻm",,60 m²,"108,75 triệu/m²",,5,,,,ha-noi,"Bán nhà 5 tầng Phú Đô 40m, cách ô tô 50m giá 4.35 tỷ",,"Đường Lê Quang Đạo, Phường Phú Đô, Quận Nam Từ Liêm, Hà NộiXem bản đồ","4,35 tỷ - 40 m2"
42 m²,3 phòng,,,"Nhà ngõ, hẻm",,,"123,81 triệu/m²",,5,,,,ha-noi,"Sốc! Nhà Tôn Đức Thắng, gần ô tô, ngõ 3m,ở ngay, an ninh đỉnh 39m2*5T",,"Phố Tôn Đức Thắng, Phường Cát Linh, Quận Đống Đa, Hà NộiXem bản đồ","5,2 tỷ - 42 m2"
50 m²,3 phòng,,Đã có sổ,"Nhà ngõ, hẻm",,,84 triệu/m²,,5,,,,ha-noi,"Nhanh chân còn kịp! Trần Quốc Vượng, oto đỗ cửa, ngay phố, ở sướng",,"Trần Quốc Vượng, Phường Dịch Vọng Hậu, Quận Cầu Giấy, Hà NộiXem bản đồ","4,2 tỷ - 50 m2"
35 m²,3 phòng,,Đang chờ sổ,"Nhà ngõ, hẻm",,,"141,43 triệu/m²",,4,,Nội thất đầy đủ,,ha-noi,"Ở ngay! Nhà đẹp Xã Đàn, gần phố, ngõ rộng, mới tinh 35m2*5T, ở sướng",,"Xã Đàn, Phường Ô Chợ Dừa, Quận Đống Đa, Hà NộiXem bản đồ","4,95 tỷ - 35 m2"
55 m²,4 phòng,,Đã có sổ,"Nhà ngõ, hẻm",,,"214,55 triệu/m²",,,,,,ha-noi,"Bán nhà ngõ 2 Hoàng Sâm, phân lô quân đội, 3 ô tô tránh,kd,gara ô tô",,"Hoàng Sâm, Phường Nghĩa Đô, Quận Cầu Giấy, Hà NộiXem bản đồ","11,8 tỷ - 55 m2"
28 m²,3 phòng,4 phòng,Đã có sổ,"Nhà ngõ, hẻm",,,"226,79 triệu/m²",,5,,Nội thất cao cấp,,ha-noi,"NHÀ ĐẸP SIÊU HIẾM, 3 MẶT THOÁNG, GARA, Ô TÔ, KINH DOANH, NHỈNH 6 TỶ",,"Phố Tân Mai, Phường Tương Mai, Quận Hoàng Mai, Hà NộiXem bản đồ","6,35 tỷ - 28 m2"
42 m²,nhiều hơn 10 phòng,,Đã có sổ,"Nhà ngõ, hẻm",6 m,,"188,1 triệu/m²",,7,,,7 m,ha-noi,TOÀ NHÀ CHUNG CƯ DÒNG TIỀN HÀNG THÁNG TẠI PHỐ MỄ TRÌ HẠ,,"MỄ TRÌ HẠ, Phường Mễ Trì, Quận Nam Từ Liêm, Hà NộiXem bản đồ","7,9 tỷ - 42 m2"
40 m²,4 phòng,,Đã có sổ,"Nhà ngõ, hẻm",4 m,,"137,5 triệu/m²",,4,,Nội thất cao cấp,,ha-noi,"Bán nhà Đê La Thành, 40m2 4 tầng “cực phẩm” nội thất giá 5.5 tỷ",,"Đê La Thành, Phường Ô Chợ Dừa, Quận Đống Đa, Hà NộiXem bản đồ","5,5 tỷ - 40 m2"
30 m²,3 phòng,,Đã có sổ,"Nhà ngõ, hẻm",,30 m²,"133,33 triệu/m²",,5,,Nội thất đầy đủ,,ha-noi,NHÀ ĐẸP MỸ ĐÌNH - TẶNG FULL NỘI THẤT - 30M2 5 TẦNG - NHỈNH 4 TỶ CÓ TL,,"Đường Mỹ Đình, Phường Mỹ Đình 1, Quận Nam Từ Liêm, Hà NộiXem bản đồ",4 tỷ - 30 m2
100 m²,4 phòng,2 phòng,Đã có sổ,"Nhà mặt phố, mặt tiền",,,158 triệu/m²,,1,,Nội thất đầy đủ,,ha-noi,MẶT PHỐ KHƯƠNG ĐÌNH. ƯUY HOẠCH ỔN ĐỊNH,,"Đường Khương Đình, Phường Khương Đình, Quận Thanh Xuân, Hà NộiXem bản đồ","15,8 tỷ - 100 m2"
57 m²,6 phòng,Nhiều hơn 6 phòng,Đã có sổ,"Nhà ngõ, hẻm",,,"103,51 triệu/m²",,5,,Nội thất đầy đủ,,ha-noi,"BÁN NHÀ VÕNG THỊ, MỚI KENG, Ô TÔ ĐỖ GẦN,NỘI THẤT XỊN, 57M2, NHỈNH 5 TỶ",,"Ngõ 50 võng thị, Phường Bưởi, Quận Tây Hồ, Hà NộiXem bản đồ","5,9 tỷ - 57 m2"
38 m²,6 phòng,3 phòng,Đã có sổ,"Nhà mặt phố, mặt tiền",,,"163,16 triệu/m²",,4,,Nội thất đầy đủ,,ha-noi,"💥Bán nhà KD Phương Mai – Đống Đa 38m2 MT 3.2 m x4T, Ô TÔ. Nhỉnh 6Tỷ",,"Phố Phương Mai, Phường Phương Mai, Quận Đống Đa, Hà NộiXem bản đồ","6,2 tỷ - 38 m2"
36 m²,3 phòng,,Đã có sổ,"Nhà ngõ, hẻm",,,"56,39 triệu/m²",Đông Nam,4,,Nội thất đầy đủ,,ha-noi,"Bán nhà 4 tầng gần phố Xốm, vành đai 4 giá 2 tỷ 030 ô tô đỗ cổng",,"Thanh Lương, Xã Bích Hòa, Huyện Thanh Oai, Hà NộiXem bản đồ","2,03 tỷ - 36 m2"
30 m²,5 phòng,4 phòng,Đã có sổ,"Nhà ngõ, hẻm",,,"131,67 triệu/m²",,4,,Nội thất đầy đủ,,ha-noi,Quá hiếm Lê Trọng Tấn. NGÕ THÔNG Ô TÔ. 30m2 4 tầng 3.95 tỷ,,"Lê Trọng Tấn, Phường Khương Trung, Quận Thanh Xuân, Hà NộiXem bản đồ","3,95 tỷ - 30 m2"
40 m²,6 phòng,4 phòng,Đã có sổ,"Nhà ngõ, hẻm",,,100 triệu/m²,,55,,Nội thất đầy đủ,,ha-noi,NHÀ ĐẸP HOÀNG QUỐC VIỆT-40M2 HƠN 4 TỶ- CỰC GẦN PHỐ-NGÕ RỘNG-SỔ HOA HẬU,,"HOÀNG QUỐC VIỆT, Phường Nghĩa Đô, Quận Cầu Giấy, Hà NộiXem bản đồ",4 tỷ - 40 m2
60 m²,nhiều hơn 10 phòng,Nhiều hơn 6 phòng,Đã có sổ,"Nhà ngõ, hẻm",,,"181,67 triệu/m²",,7,,Nội thất đầy đủ,,ha-noi,BÁN TOÀ CCMN _16 PHÒNG KHÉP KÍN - NGUYỄN KHANG CẦU GIẤY_7T THANG MÁY,,"Nguyễn Khang, Phường Yên Hoà, Quận Cầu Giấy, Hà NộiXem bản đồ","10,9 tỷ - 60 m2"
55 m²,9 phòng,Nhiều hơn 6 phòng,Đã có sổ,"Nhà ngõ, hẻm",,,"157,27 triệu/m²",,6,,Nội thất đầy đủ,,ha-noi,BÁN NHÀ ĐÀO TẤN_ 6T x 55M_ 10M RA PHỐ _ NGÕ THÔNG_ 9 PHÒNG CHO THUÊ,,"Phố Phan Kế Bính, Phường Cống Vị, Quận Ba Đình, Hà NộiXem bản đồ","8,65 tỷ - 55 m2"
38 m²,4 phòng,4 phòng,Đã có sổ,"Nhà ngõ, hẻm",,,"134,83 triệu/m²",,4,,Nội thất đầy đủ,,ha-noi,MỸ ĐÌNH - 38M 4 TẦNG - TẶNG NỘI THẤT - GẦN PHỐ - NHỈNH 5 TỶ CÓ TL,,"Mỹ Đình, Phường Mỹ Đình 1, Quận Nam Từ Liêm, Hà NộiXem bản đồ","5,123456789 tỷ - 38 m2"
65 m²,5 phòng,,,"Nhà mặt phố, mặt tiền",,,"161,54 triệu/m²",,,,,,ha-noi,"Bán Nhanh Giảm 2 tỷ MP Tố Hữu 65mx5tg hầm, Thang máy, 10.5 tỷ",,"Tố hữu, Phường Vạn Phúc, Quận Hà Đông, Hà NộiXem bản đồ","10,5 tỷ - 65 m2"
33 m²,3 phòng,3 phòng,Đã có sổ,"Nhà ngõ, hẻm",,,"69,7 triệu/m²",Đông Nam,4,,,,ha-noi,Nhà 4 tầng ngay sau UBND Phú Lương có chỗ gửi ô tô,,"Trinh Lương, Phường Phú Lương, Quận Hà Đông, Hà NộiXem bản đồ","2,3 tỷ - 33 m2"
35 m²,3 phòng,3 phòng,Đã có sổ,"Nhà ngõ, hẻm",,,"72,86 triệu/m²",Đông Nam,5,,,,ha-noi,"Nhà 5 tầng ngõ 1173 Quang Trung, cách bến xe Yên Nghĩa 200m",,"Quang Trung, Phường Yên Nghĩa, Quận Hà Đông, Hà NộiXem bản đồ","2,55 tỷ - 35 m2"
35 m²,3 phòng,3 phòng,Đã có sổ,"Nhà ngõ, hẻm",,,"72,86 triệu/m²",Đông Nam,5,,,,ha-noi,"Nhà 5 tầng ngõ 1173 Quang Trung, cách bến xe Yên Nghĩa 200m",,"Quang Trung, Phường Yên Nghĩa, Quận Hà Đông, Hà NộiXem bản đồ","2,55 tỷ - 35 m2"
25 m²,3 phòng,4 phòng,Đã có sổ,"Nhà ngõ, hẻm",,,"119,6 triệu/m²",,5,,Nội thất đầy đủ,,ha-noi,"Bán nhà Bạch Mai, ngõ to thoáng, 25m 5 tầng, 2.99 tỷ",,"Bạch Mai, Phường Thanh Nhàn, Quận Hai Bà Trưng, Hà NộiXem bản đồ","2,99 tỷ - 25 m2"
35 m²,3 phòng,3 phòng,,"Nhà ngõ, hẻm",,,70 triệu/m²,,,Nở hậu,,,ha-noi,"Nhà phố Xốm gần Đại học Đại Nam, gần vành đai 4",,"Huyền Kỳ, Phường Phú Lãm, Quận Hà Đông, Hà NộiXem bản đồ","2,45 tỷ - 35 m2"
30 m²,3 phòng,3 phòng,,"Nhà ngõ, hẻm",,,60 triệu/m²,Tây Nam,,"Hẻm xe hơi,Nở hậu",Nội thất đầy đủ,,ha-noi,Nhà xây mới 4 tầng xe tải đỗ cửa Biên Giang đi bộ ra tới hồ điều hòa,,"65, An Thắng, Phường Biên Giang, Quận Hà Đông, Hà NộiXem bản đồ","1,8 tỷ - 30 m2"
65 m²,3 phòng,,,"Nhà mặt phố, mặt tiền",,,"172,31 triệu/m²",,,,,,ha-noi,"giảm 1 tỷ mặt phố tố hữu 65mx5tg hầm KD bậc nhất, 11 tỷ",,"Tố hữu, Phường Vạn Phúc, Quận Hà Đông, Hà NộiXem bản đồ","11,2 tỷ - 65 m2"
27 m²,2 phòng,3 phòng,Đã có sổ,,,,"118,52 triệu/m²",Tây Nam,5,,,,ha-noi,"Chính chủ bán nhà Ngõ 250 Kim Giang, Hoàng Mai, Hà Nội",,"Ngõ 250, Kim Giang, Phường Đại Kim, Quận Hoàng Mai, Hà NộiXem bản đồ","3,2 tỷ - 27 m2"
35 m²,4 phòng,,,"Nhà ngõ, hẻm",,,"97,14 triệu/m²",,,,,,ha-noi,Bán NHà Lai Xá Gần Đại Học Công Nghiệp DT 35m -5Tầng OTO Đỗ Cửa,,"Đường Lai Xá, Xã Kim Chung, Huyện Hoài Đức, Hà NộiXem bản đồ","3,4 tỷ - 35 m2"
100 m²,6 phòng,Nhiều hơn 6 phòng,,"Nhà mặt phố, mặt tiền",,,"69,5 triệu/m²",Tây,5,,Nhà trống,,ha-noi,Bán nhà Phố BaLa-Hà Đông-Dãy E-khu nhà ở XL Điện44/54T2-5 Tầng-6.95tỷ,,"Phố Ba La, Hà Đông, Hà Nội, Phường Phú Lương, Quận Hà Đông, Hà NộiXem bản đồ","6,95 tỷ - 100 m2"
33 m²,4 phòng,3 phòng,Đã có sổ,"Nhà ngõ, hẻm",,,"72,73 triệu/m²",,4,,Nội thất đầy đủ,,ha-noi,bán nhà đg Hòa Bình-Yên Nghĩa-Hà Đông-33m-4 tầng-nhà mới-đầu tư-2.x tỷ,,"Hòa Bình, Phường Biên Giang, Quận Hà Đông, Hà NộiXem bản đồ","2,4 tỷ - 33 m2"
250 m²,5 phòng,,,"Nhà mặt phố, mặt tiền",,,28 triệu/m²,,,,,,ha-noi,"giảm 500tr, phân lô vỉ hè Kiến Hưng 50mx5tg thang máy, 7 tỷ",,"Kiến hưng, Phường Kiến Hưng, Quận Hà Đông, Hà NộiXem bản đồ",7 tỷ - 250 m2
200 m²,4 phòng,,,"Nhà mặt phố, mặt tiền",,,"35,5 triệu/m²",,,,,,ha-noi,giá d đầu tư đấu giâ Mậu Lương 50mx4 tầng mt 5m KD 7tỷ,,"Đấu Giá Kiến Hưng, Phường Kiến Hưng, Quận Hà Đông, Hà NộiXem bản đồ","7,1 tỷ - 200 m2"
21 m²,3 phòng,4 phòng,Đã có sổ,"Nhà ngõ, hẻm",,,"128,57 triệu/m²",,5,,Nhà trống,,ha-noi,"Bán nhà Văn Chương, 21m 5 tầng, ở ngay, thoáng sáng, 2.7 tỷ",,"Văn Chương, Phường Văn Chương, Quận Đống Đa, Hà NộiXem bản đồ","2,7 tỷ - 21 m2"
60 m²,5 phòng,,,"Nhà mặt phố, mặt tiền",,,"131,67 triệu/m²",,,,,,ha-noi,Phân lô sát Ngô Thì Nhậm 60mx5 tầng KD nhỉnh 7 tỷ,,"Ngô thì nhậm, Phường Hà Cầu, Quận Hà Đông, Hà NộiXem bản đồ","7,9 tỷ - 60 m2"
77 m²,5 phòng,,,"Nhà mặt phố, mặt tiền",,,"119,48 triệu/m²",,,,,,ha-noi,"LK Văn Phú 80mx5 tầng KD, ở sướng HT đẹp, 9,2 tỷ",,"Văn phú, Phường Phú La, Quận Hà Đông, Hà NộiXem bản đồ","9,2 tỷ - 77 m2"
350 m²,6 phòng,,,"Nhà mặt phố, mặt tiền",,,30 triệu/m²,,,,,,ha-noi,giá đầu tư Liền Kề Vạn Phúc HimLam50mx7 tg Thang Máy nhỉnh 10 tỷ,,"Vạn Phúc, Phường Vạn Phúc, Quận Hà Đông, Hà NộiXem bản đồ","10,5 tỷ - 350 m2"
52 m²,5 phòng,,,"Nhà mặt phố, mặt tiền",,,150 triệu/m²,,,,,,ha-noi,giảm 500tr Nhà Phố Tô Hiệu 52x4tg KD vô đối nhỉnh 7 tỷ,,"Tô hiệu, Phường Nguyễn Trãi, Quận Hà Đông, Hà NộiXem bản đồ","7,8 tỷ - 52 m2"
58.4 m²,2 phòng,,,"Nhà ngõ, hẻm",3.2999 m,58.4 m²,"5,82 triệu/m²",,2,,,12 m,ha-noi,BÁN NHÀ THẠCH BÀN - Ô TÔ ĐỖ CỬA - NHÀ 4 TẦNG 33M – 3.2 TỶ,,"Phố Sài Đồng, Phường Sài Đồng, Quận Long Biên, Hà NộiXem bản đồ",340 triệu - 58.4 m2
52 m²,4 phòng,5 phòng,Đã có sổ,"Nhà ngõ, hẻm",,,"192,31 triệu/m²",,5,,Nội thất đầy đủ,,ha-noi,VĂN CAO 58m2x5 tầng GIÁ CHỈ 10 TỶ PHÂN LÔ-CÁN BỘ- Ô TÔ TẢI ĐỖ CỬA,,"Đường Văn Cao, Phường Liễu Giai, Quận Ba Đình, Hà NộiXem bản đồ",10 tỷ - 52 m2
56 m²,4 phòng,,Đã có sổ,"Nhà ngõ, hẻm",,56 m²,"76,79 triệu/m²",,5,,,,ha-noi,"Hạ chào nửa tỷ! Mĩ Đình, 56m2, 5T, ngõ ba gác, lô góc, ngõ nông",,"Đường Mỹ Đình, Phường Mỹ Đình 1, Quận Nam Từ Liêm, Hà NộiXem bản đồ","4,3 tỷ - 56 m2"
50 m²,9 phòng,,,"Nhà mặt phố, mặt tiền",,,124 triệu/m²,,,,,,ha-noi,"Giảm 800tr MP Trần phú Văn Quán 45x6tg ô tô KD, nhỉnh 6 tỷ",,"Văn quán, Phường Văn Quán, Quận Hà Đông, Hà NộiXem bản đồ","6,2 tỷ - 50 m2"
34 m²,4 phòng,4 phòng,,"Nhà ngõ, hẻm",4.5 m,34 m²,"105,88 triệu/m²",,6,,,,ha-noi,BÁN NHÀ THẠCH BÀN - 34M - MỚI 6 TẦNG - FULL NỘI THẤT - GẦN Ô TÔ TRÁNH,,"Đường Nguyễn Văn Linh, Phường Long Biên, Quận Long Biên, Hà NộiXem bản đồ","3,6 tỷ - 34 m2"
50 m²,4 phòng,,Đã có sổ,"Nhà mặt phố, mặt tiền",5 m,,143 triệu/m²,,5,,,,ha-noi,"BÁN NHÀ KHU LIỀN KỀ ĐẤU GIÁ MẬU LƯƠNG, 50M, 4T, MT5M, GIÁ 7,15 TỶ",,"Đường trục phía Nam, Phường Kiến Hưng, Quận Hà Đông, Hà NộiXem bản đồ","7,15 tỷ - 50 m2"
30.8 m²,4 phòng,4 phòng,Đã có sổ,"Nhà ngõ, hẻm",,,"99,03 triệu/m²",,5,,Nội thất cao cấp,,ha-noi,CHỈ 3tỷ - NHÀ ĐẸP 5tầng LAI XÁ - FULL NỘI THẤT,,"Phố Tây Lai Xá, Xã Kim Chung, Huyện Hoài Đức, Hà NộiXem bản đồ","3,05 tỷ - 30.8 m2"
21 m²,2 phòng,2 phòng,Đã có sổ,"Nhà ngõ, hẻm",,21.5 m²,"111,9 triệu/m²",,3,,,,ha-noi,BN : TÔN ĐỨC THẮNG ĐỐNG ĐA; 21M×3T NHỈNH 2 TỶ.,,"Tôn Đức Thắng, Phường Ô Chợ Dừa, Quận Đống Đa, Hà NộiXem bản đồ","2,35 tỷ - 21 m2"
38 m²,4 phòng,4 phòng,Đã có sổ,"Nhà mặt phố, mặt tiền",,,"121,05 triệu/m²",,5,,Nhà trống,,ha-noi,BÁN NHÀ TRỤC CHÍNH TÂY LAI XÁ- Ô TÔ TRÁNH- KINH DOANH- 38M- 4 NHỈNH,,"Phố Tây Lai Xá, Xã Kim Chung, Huyện Hoài Đức, Hà NộiXem bản đồ","4,6 tỷ - 38 m2"
28 m²,2 phòng,3 phòng,Đã có sổ,"Nhà mặt phố, mặt tiền",,28 m²,110 triệu/m²,,,,,,ha-noi,BN TÂY SƠN ĐỐNG ĐA.28M×4 TẦNG...NHỈNH 3 TỶ.,,"Phố Tây Sơn, Phường Quang Trung, Quận Đống Đa, Hà NộiXem bản đồ","3,08 tỷ - 28 m2"
37 m²,2 phòng,2 phòng,Đã có sổ,"Nhà mặt phố, mặt tiền",,,"72,97 triệu/m²",,3,,Nhà trống,,ha-noi,"BN GIÁ RẺ TRỊNH CÔNG SƠN. 37M×3T.NHỈNH 2,5 TỶ.",,"Trịnh Công Sơn, Phường Nhật Tân, Quận Tây Hồ, Hà NộiXem bản đồ","2,7 tỷ - 37 m2"
25 m²,2 phòng,1 phòng,,"Nhà ngõ, hẻm",3.2999 m,,62 triệu/m²,,2,,,8 m,ha-noi,"BÁN NHÀ 2 TẦNG, MẶT TIỀN 3,3 - PHƯỜNG SÀI ĐỒNG – 1,55 TỶ",,"Đường Nguyễn Văn Linh, Phường Sài Đồng, Quận Long Biên, Hà NộiXem bản đồ","1,55 tỷ - 25 m2"
70 m²,3 phòng,,Đã có sổ,"Nhà ngõ, hẻm",5 m,,"64,29 triệu/m²",,,,Nhà trống,14 m,ha-noi,"HOT : Bán nhà Minh Khai , 70m2 , 4,5 tỷ , mặt tiền 4,8m , thông số ĐẸP",,"Phố Minh Khai, Phường Minh Khai, Quận Hai Bà Trưng, Hà NộiXem bản đồ","4,5 tỷ - 70 m2"
40 m²,3 phòng,4 phòng,Đã có sổ,"Nhà mặt phố, mặt tiền",,,170 triệu/m²,,5,,Nội thất cao cấp,,ha-noi,BN : PHẠM NGỌC THẠCH 40m×5 tầng.hơn 6 tỷ trung học.,,"Phạm Ngọc Thạch., Phường Phương Liên, Quận Đống Đa, Hà NộiXem bản đồ","6,8 tỷ - 40 m2"
21 m²,2 phòng,3 phòng,Giấy tờ khác,"Nhà ngõ, hẻm",,21 m²,"78,57 triệu/m²",,3,,,,ha-noi,"BN: TRẦN QUANG DIỆU.21,3M×3T. MT:3,2M.1,68 TỶ.",,"Trần Quang Diệu, Phường Ô Chợ Dừa, Quận Đống Đa, Hà NộiXem bản đồ","1,65 tỷ - 21 m2"
25 m²,2 phòng,3 phòng,,"Nhà ngõ, hẻm",,30 m²,124 triệu/m²,,4,,,,ha-noi,🆘 ĐẠI TỪ - HOÀNG MAI 🔥🔥.,,"đại từ, Phường Đại Kim, Quận Hoàng Mai, Hà NộiXem bản đồ","3,1 tỷ - 25 m2"
31.5 m²,3 phòng,4 phòng,,"Nhà ngõ, hẻm",,31.5 m²,"173,02 triệu/m²",,5,,,,ha-noi,"BN: TT TP: TRƯỜNG CHINH.31,5M×5T( TM).NHỈNH 5 TỶ.",,"Đường Trường Chinh, Phường Khương Thượng, Quận Đống Đa, Hà NộiXem bản đồ","5,45 tỷ - 31.5 m2"
18 m²,2 phòng,3 phòng,Đã có sổ,"Nhà ngõ, hẻm",,,"91,67 triệu/m²",,4,,,,ha-noi,"BN :VĂN HƯƠNG ĐỐNG ĐA; 18M×4T(2,7) MT.NHỈNH 1,5 TỶ",,"Văn Hương, Phường Hàng Bột, Quận Đống Đa, Hà NộiXem bản đồ","1,65 tỷ - 18 m2"
40 m²,3 phòng,4 phòng,Đã có sổ,"Nhà ngõ, hẻm",,,130 triệu/m²,,6,,Nhà trống,,ha-noi,BN PHỐ NGỌC TRÌ; DIỆN TÍCH 45M; MT HƠN 5M; NHỈNH 5 TỶ CÓ THƯƠNG LƯỢNG,,"Ngọc Trì, Phường Thạch Bàn, Quận Long Biên, Hà NộiXem bản đồ","5,2 tỷ - 40 m2"
30 m²,2 phòng,3 phòng,Đã có sổ,"Nhà ngõ, hẻm",,30 m²,"96,67 triệu/m²",,3,,,,ha-noi,"BN VĂN CHƯƠNG.30M×3 TẦNG.NHỈNH 2,9 TỶ.",,"Văn Chương, Phường Văn Chương, Quận Đống Đa, Hà NộiXem bản đồ","2,9 tỷ - 30 m2"
43 m²,3 phòng,3 phòng,Đã có sổ,"Nhà ngõ, hẻm",,,"206,98 triệu/m²",,44,,Nội thất đầy đủ,,ha-noi,"Ô tô,kinh doanh,vỉa hè,đường HOÀNG VĂN THÁI,THANH XUÂN,43m,4 T ,8,9 tỷ",,"Đường Hoàng Văn Thái, Phường Khương Mai, Quận Thanh Xuân, Hà NộiXem bản đồ","8,9 tỷ - 43 m2"
32 m²,6 phòng,4 phòng,Đã có sổ,"Nhà ngõ, hẻm",,,"186,88 triệu/m²",,5,,Nội thất cao cấp,,ha-noi,"Ngõ thông,kinh doanh,ô tô,phố TRỊNH ĐÌNH CỬU,HOÀNG MAI,32m,5T,5,98 tỷ",,"Phố Trịnh Đình Cửu, Phường Định Công, Quận Hoàng Mai, Hà NộiXem bản đồ","5,98 tỷ - 32 m2"
34 m²,4 phòng,,Đã có sổ,"Nhà ngõ, hẻm",,,"80,88 triệu/m²",Đông Nam,4,,Nhà trống,,ha-noi,"CHÍNH CHỦ BÁN NHÀ AN THỌ 1, AN KHÁNH.CÁCH CHÂN CẦU VƯỢT AN KHÁNH 100M.",,"Đường An Thọ 1, Xã An Khánh, Huyện Hoài Đức, Hà NộiXem bản đồ","2,75 tỷ - 34 m2"
75 m²,4 phòng,2 phòng,Đã có sổ,"Nhà ngõ, hẻm",,,80 triệu/m²,Đông Nam,4,,,,ha-noi,NHỈNH 5 TỶ…AN DƯƠNG VƯƠNG – PHÚ THƯỢNG – TÂY HỒ.,,"Đường An Dương Vương, Phường Phú Thượng, Quận Tây Hồ, Hà NộiXem bản đồ",6 tỷ - 75 m2
32 m²,6 phòng,4 phòng,Đã có sổ,"Nhà ngõ, hẻm",,,"186,88 triệu/m²",,5,,Nội thất cao cấp,,ha-noi,"Ngõ thông,kinh doanh,ô tô,phố TRỊNH ĐÌNH CỬU,HOÀNG MAI,32m,5T,5,98 tỷ",,"Phố Trịnh Đình Cửu, Phường Định Công, Quận Hoàng Mai, Hà NộiXem bản đồ","5,98 tỷ - 32 m2"
34 m²,4 phòng,,Đã có sổ,"Nhà ngõ, hẻm",,,"80,88 triệu/m²",Đông Nam,4,,Nhà trống,,ha-noi,"CHÍNH CHỦ BÁN NHÀ AN THỌ 1, AN KHÁNH.CÁCH CHÂN CẦU VƯỢT AN KHÁNH 100M.",,"Đường An Thọ 1, Xã An Khánh, Huyện Hoài Đức, Hà NộiXem bản đồ","2,75 tỷ - 34 m2"
75 m²,4 phòng,2 phòng,Đã có sổ,"Nhà ngõ, hẻm",,,80 triệu/m²,Đông Nam,4,,,,ha-noi,NHỈNH 5 TỶ…AN DƯƠNG VƯƠNG – PHÚ THƯỢNG – TÂY HỒ.,,"Đường An Dương Vương, Phường Phú Thượng, Quận Tây Hồ, Hà NộiXem bản đồ",6 tỷ - 75 m2
46 m²,6 phòng,,Đã có sổ,"Nhà ngõ, hẻm",,50 m²,"195,65 triệu/m²",,5,,,,ha-noi,"Nhà Thái Hà, Đống Đa - Ô tô vào nhà - 48m2, 5mMT, Chỉ 9 Tỷ",,"Thái Hà, Phường Quang Trung, Quận Đống Đa, Hà NộiXem bản đồ",9 tỷ - 46 m2
40 m²,3 phòng,4 phòng,,"Nhà ngõ, hẻm",4 m,40 m²,70 triệu/m²,,5,,,,ha-noi,HIẾM...BÁN NHÀ PHỐ GIA QUẤT 40M 5 TẦNG NHÀ MỚI GIÁ 2.9 TỶ,,"Phố Gia Quất, Phường Thượng Thanh, Quận Long Biên, Hà NộiXem bản đồ","2,8 tỷ - 40 m2"
35 m²,3 phòng,,Đã có sổ,"Nhà ngõ, hẻm",,35 m²,70 triệu/m²,,5,,Nội thất đầy đủ,,ha-noi,"NHÀ ĐẸP GIÁ HẠT RẺ 35mX4T VỊ TRÍ TRUNG TÂM, CẦU THANH TRÌ ,giá 2.45tỷ.",,"Đường cao tốc Hà Nội – Hải Phòng, Xã Đông Dư, Huyện Gia Lâm, Hà NộiXem bản đồ","2,45 tỷ - 35 m2"
58 m²,nhiều hơn 10 phòng,Nhiều hơn 6 phòng,Đã có sổ,"Nhà ngõ, hẻm",,,"168,1 triệu/m²",,6,,Nội thất cao cấp,,ha-noi,"Bán nhà dòng tiền, 6 tầng thang máy, 80 triệu/tháng, gần phố, 9.75 tỷ",,"Phố Kim Ngưu, Phường Minh Khai, Quận Hai Bà Trưng, Hà NộiXem bản đồ","9,75 tỷ - 58 m2"
35 m²,3 phòng,4 phòng,Đã có sổ,"Nhà mặt phố, mặt tiền",,,"151,43 triệu/m²",,5,,Nội thất cao cấp,,ha-noi,NGÃ TƯ SỞ KHƯƠNG TRUNG 35m2 nội thất cao cấp 5 tầng ở ngay 5 tỷ 3 TL,,"Khương Trung, Phường Khương Trung, Quận Thanh Xuân, Hà NộiXem bản đồ","5,3 tỷ - 35 m2"
55 m²,4 phòng,5 phòng,Đã có sổ,"Nhà mặt phố, mặt tiền",,,"283,64 triệu/m²",,6,,Nội thất cao cấp,,ha-noi,"Nhà Bồ Đề 55m 6tầng thang máy nội thất,trục chính kinh doanh,giá15,6tỷ",,"Bồ Đề, Phường Bồ Đề, Quận Long Biên, Hà NộiXem bản đồ","15,6 tỷ - 55 m2"
36 m²,3 phòng,4 phòng,,"Nhà ngõ, hẻm",,36 m²,"68,06 triệu/m²",,5,Hẻm xe hơi,,,ha-noi,"Bán nhà Bát Khối 5 tầng 36m,đầy đủ công năng,tiện ích full,giá 2,45 tỷ",,"Ngõ 565 Đường Bát Khối, Phường Cự Khối, Quận Long Biên, Hà NộiXem bản đồ","2,45 tỷ - 36 m2"
30 m²,2 phòng,2 phòng,Đã có sổ,"Nhà ngõ, hẻm",,,"86,67 triệu/m²",Tây Bắc,3,,,,ha-noi,HƠN 2 TỶ CÓ,,"Nguyễn Cao Luyện, Phường Việt Hưng, Quận Long Biên, Hà NộiXem bản đồ","2,6 tỷ - 30 m2"
43 m²,4 phòng,3 phòng,Đã có sổ,"Nhà ngõ, hẻm",,,"127,91 triệu/m²",,3,,Nhà trống,,ha-noi,"CHỦ CẦN BÁN GẤP NHÀ NGUYỄN HOÀNG, DÂN XÂY CẠNH PHỐ, KINH DOANH SẦM UẤT",,"Phố Nguyễn Hoàng, Phường Mỹ Đình 2, Quận Nam Từ Liêm, Hà NộiXem bản đồ","5,5 tỷ - 43 m2"
42 m²,3 phòng,4 phòng,Đã có sổ,"Nhà mặt phố, mặt tiền",,,"71,43 triệu/m²",,5,,Nội thất đầy đủ,,ha-noi,"SIÊU PHẨM CÓ 102 CẦU VĨNH TUY GẦN AEON , 42m 5TẦNG XÂY MỚI , GIÁ 3 tỷ.",,"Đường Cổ Linh, Phường Thạch Bàn, Quận Long Biên, Hà NộiXem bản đồ",3 tỷ - 42 m2
52 m²,4 phòng,,Đã có sổ,"Nhà ngõ, hẻm",,52 m²,"92,31 triệu/m²",,4,,,,ha-noi,"Cực gấp! Mỹ Đình, lô góc, oto gần, gần phố, ở sướng, 52m2*4T",,"Đường Mỹ Đình, Phường Mỹ Đình 1, Quận Nam Từ Liêm, Hà NộiXem bản đồ","4,8 tỷ - 52 m2"
58 m²,nhiều hơn 10 phòng,,Đã có sổ,"Nhà mặt phố, mặt tiền",,,"163,79 triệu/m²",,,,,,ha-noi,"BÁN NHÀ HOÀNG QUỐC VIỆT, PLÔ ÔTÔ, 58M x 7T, THANG MÁY, 9.5 TỶ",,"Hoàng Quốc Việt, Phường Nghĩa Đô, Quận Cầu Giấy, Hà NộiXem bản đồ","9,5 tỷ - 58 m2"
32 m²,3 phòng,3 phòng,Đã có sổ,"Nhà ngõ, hẻm",,,"57,19 triệu/m²",Đông Bắc,,,Nội thất đầy đủ,,ha-noi,1.83 tỷ có Nhà 33m Oto đỗ cổng cuối đường Tố Hữu,,"Trạm Bơm Yên Nghĩa, Phường Yên Nghĩa, Quận Hà Đông, Hà NộiXem bản đồ","1,83 tỷ - 32 m2"
35 m²,3 phòng,4 phòng,Đã có sổ,"Nhà ngõ, hẻm",,,70 triệu/m²,,5,,Nội thất đầy đủ,,ha-noi,"Nhà Cầu Thanh Trì-Gia Lâm 35m 5T oto,ngõ thông,Eco+Ocean, giá 2,45 tỷ",,"Đường Giáp Hải, Xã Đông Dư, Huyện Gia Lâm, Hà NộiXem bản đồ","2,45 tỷ - 35 m2"
30 m²,3 phòng,4 phòng,,"Nhà ngõ, hẻm",,,"111,67 triệu/m²",Đông Nam,5,,,,ha-noi,Bán gấp nhà 5 tầng cực đẹp giá rẻ tại ngõ 98 Đàm Quang Trung - Long Bi,,"Phố Đàm Quang Trung, Phường Long Biên, Quận Long Biên, Hà NộiXem bản đồ","3,35 tỷ - 30 m2"
80 m²,5 phòng,4 phòng,Đã có sổ,"Nhà mặt phố, mặt tiền",,,135 triệu/m²,,5,,Nội thất cao cấp,,ha-noi,"Nhà Thạch Bàn 80m-2thoáng+2oto,ngõ thông,nội thất+thang máy,giá 10,8tỷ",,"Đường Cổ Linh, Phường Thạch Bàn, Quận Long Biên, Hà NộiXem bản đồ","10,8 tỷ - 80 m2"
36 m²,3 phòng,4 phòng,Đã có sổ,"Nhà ngõ, hẻm",,,"84,72 triệu/m²",,5,,Nội thất đầy đủ,,ha-noi,"Nhà Thạch Bàn 36m 5tầng oto đỗ cửa,full nội,300m Aeon+bờ hồ,giá 3.05tỷ",,"Thạch Bàn, Phường Thạch Bàn, Quận Long Biên, Hà NộiXem bản đồ","3,05 tỷ - 36 m2"
