Diện tích đất:,Số phòng ngủ:,Số phòng vệ sinh:,Giấy tờ pháp lý:,Loại hình nhà ở:,Chiều ngang:,Diện tích sử dụng:,Giá/m2:,Hướng cửa chính:,Tổng số tầng:,Đặc điểm nhà/đất:,Tình trạng nội thất:,Chiều dài:,Location,Name,URL,District,Price
50 m²,6 phòng,4 phòng,Đã có sổ,"Nhà mặt phố, mặt tiền",4 m,,108 triệu/m²,,,,,12 m,ha-noi,"Pháo Đài Láng, Đống Đa,Chỉ 120tr/m, 15m ra ô tô 50 m - 5,4 tỷ",,"Pháo Đài Láng, Phường Láng Thượng, Quận Đống Đa, Hà NộiXem bản đồ","5,4 tỷ - 50 m2"
33 m²,4 phòng,4 phòng,Đã có sổ,"Nhà ngõ, hẻm",5 m,,"121,21 triệu/m²",,,,,6.5 m,ha-noi,"Gấp , Yên Hoà, Cầu Giấy 33 m2 giá 4 tỷ còn thương lượng tiếp",,"Yên Hòa, Phường Yên Hoà, Quận Cầu Giấy, Hà NộiXem bản đồ",4 tỷ - 33 m2
39 m²,7 phòng,4 phòng,Đã có sổ,"Nhà ngõ, hẻm",,195 m²,"116,67 triệu/m²",,5,,,,ha-noi,"CÓ 102! Bán nhà dòng tiền Mỹ Đình, ngõ nông. Oto, 5T, 7PN, 4.x tỷ",,"Mỹ Đình, Phường Mỹ Đình 1, Quận Nam Từ Liêm, Hà NộiXem bản đồ","4,55 tỷ - 39 m2"
60 m²,nhiều hơn 10 phòng,Nhiều hơn 6 phòng,,"Nhà ngõ, hẻm",,,150 triệu/m²,,,,,,ha-noi,DOANH THU 65TR/THÁNG-SIÊU PHẨM CCMN DÒNG TIỀN - 8T - 14P KK,,"Hồ Tùng Mậu, Phường Dịch Vọng Hậu, Quận Cầu Giấy, Hà NộiXem bản đồ",9 tỷ - 60 m2
50 m²,nhiều hơn 10 phòng,,Đã có sổ,"Nhà ngõ, hẻm",,,198 triệu/m²,,,,,,ha-noi,CCMN MỸ ĐÌNH - 12P- DOANH THU 900tr/Năm- THANG MÁY - Ô TÔ ĐỖ,,"MỸ ĐÌNH, Phường Mỹ Đình 2, Quận Nam Từ Liêm, Hà NộiXem bản đồ","9,9 tỷ - 50 m2"
15 m²,2 phòng,3 phòng,Đã có sổ,"Nhà ngõ, hẻm",,75 m²,120 triệu/m²,,5,,,,ha-noi,"CÓ 102! Bán nhà Hoàng Quốc Việt Cầu Giấy, dân xây, 5T, 1.x tỷ",,"Hoàng Quốc Việt, Phường Quan Hoa, Quận Cầu Giấy, Hà NộiXem bản đồ","1,8 tỷ - 15 m2"
40 m²,9 phòng,Nhiều hơn 6 phòng,Đã có sổ,"Nhà ngõ, hẻm",4 m,,162 triệu/m²,,,,Nội thất đầy đủ,,ha-noi,"NHÀ DÒNG TIỀN 600tr/Năm, KHƯƠNG ĐÌNH, OTO ĐỖ CỔNG, NGÕ THÔNG",,"KHƯƠNG ĐÌNH, Phường Khương Đình, Quận Thanh Xuân, Hà NộiXem bản đồ","6,48 tỷ - 40 m2"
41 m²,9 phòng,,Đã có sổ,"Nhà ngõ, hẻm",,46 m²,"187,56 triệu/m²",,,Hẻm xe hơi,,,ha-noi,"NHÀ DÒNG TIỀN, MỸ ĐÌNH, OTO ĐỖ CỔNG, DOANH THU ~50TR/THÁNG",,"Ngách 76 Ngõ 322 Đường Mỹ Đình, Phường Mỹ Đình 2, Quận Nam Từ Liêm, Hà NộiXem bản đồ","7,69 tỷ - 41 m2"
30 m²,3 phòng,2 phòng,Đã có sổ,"Nhà ngõ, hẻm",,,100 triệu/m²,,4,,,,ha-noi,Mở bán 4 căn nhà tại Vân Canh nhag thông thoáng cách đường ôtô 10m,,"Đường Vân Canh, Xã Vân Canh, Huyện Hoài Đức, Hà NộiXem bản đồ",3 tỷ - 30 m2
46 m²,9 phòng,,Đã có sổ,"Nhà ngõ, hẻm",,,"191,3 triệu/m²",,7,,,,ha-noi,CCMN ĐƯỚNG LÁNG - 11 PHÒNG FULL ĐỒ- XÂY MỚI- DOANH THU ~ 1 TỶ/ NĂM,,"Đường Láng, Phường Láng Thượng, Quận Đống Đa, Hà NộiXem bản đồ","8,8 tỷ - 46 m2"
50 m²,4 phòng,,Đã có sổ,"Nhà ngõ, hẻm",,,118 triệu/m²,,,,,,ha-noi,"NHÀ YÊN HÒA 50M 4 TẦNG DÂN XÂY, NGÕ BA GÁC, CÁCH PHỐ 40M, Ở SƯỚNG",,"YÊN HÒA, Phường Yên Hoà, Quận Cầu Giấy, Hà NộiXem bản đồ","5,9 tỷ - 50 m2"
45 m²,4 phòng,4 phòng,Đã có sổ,"Nhà ngõ, hẻm",,,"177,78 triệu/m²",,5,,Nội thất đầy đủ,,ha-noi,Bán nhà Tôn Thất Tùng 45m2 nhà đẹp ở luôn lô góc vị trí đẹp 8 tỷ,,"Phố Tôn Thất Tùng, Phường Khương Thượng, Quận Đống Đa, Hà NộiXem bản đồ",8 tỷ - 45 m2
60 m²,nhiều hơn 10 phòng,Nhiều hơn 6 phòng,Đã có sổ,"Nhà ngõ, hẻm",,,"183,33 triệu/m²",,7,,,,ha-noi,"CCMN VŨ TÔNG PHAN- 17PKK- DOANH THU 1 TỶ/NĂM- THANG MÁY, 40M RA PHỐ",,"VŨ TÔNG PHAN, Phường Khương Trung, Quận Thanh Xuân, Hà NộiXem bản đồ",11 tỷ - 60 m2
39 m²,3 phòng,,,"Nhà ngõ, hẻm",,,"110,26 triệu/m²",,5,,Nội thất đầy đủ,,ha-noi,"CỰC PHẨM! BÁN NHÀ MỚI ĐẸP THỊNH QUANG 39M, FULL NỘI THẤT, GẦN Ô TÔ.",,"Thịnh Quang, Phường Thịnh Quang, Quận Đống Đa, Hà NộiXem bản đồ","4,3 tỷ - 39 m2"
43 m²,4 phòng,4 phòng,Đã có sổ,"Nhà ngõ, hẻm",4 m,,"104,65 triệu/m²",,6,,,,ha-noi,"Thật 100% , Trần duy Hưng , Yên Hoà, Cầu Giấy 40 m2 giá 4.5 tỷ",,"Trần Duy Hưng, Phường Yên Hoà, Quận Cầu Giấy, Hà NộiXem bản đồ","4,5 tỷ - 43 m2"
62 m²,6 phòng,,,"Nhà ngõ, hẻm",,,"79,84 triệu/m²",,,,,,ha-noi,"Bán nhà phố Thành Công, Ba Đình, DT 62m x 5 tầng, giá 4.95 tỷ, Lô góc",,"Phố Thành Công, Phường Thành Công, Quận Ba Đình, Hà NộiXem bản đồ","4,95 tỷ - 62 m2"
43 m²,4 phòng,4 phòng,Đã có sổ,"Nhà mặt phố, mặt tiền",4 m,,"113,95 triệu/m²",,,,,10 m,ha-noi,"Nhà Láng Hạ ,mới đẹp lung linh lô góc,ở Sướng ,43 m- 5 tầng - 4.9 tỷ",,"Thái Hà, Phường Láng Hạ, Quận Đống Đa, Hà NộiXem bản đồ","4,9 tỷ - 43 m2"
70 m²,4 phòng,4 phòng,Đã có sổ,"Nhà ngõ, hẻm",,,"228,57 triệu/m²",,5,,Nội thất đầy đủ,,ha-noi,Bán nhà Hồ Đắc Di 70m2 nhà đẹp ngõ oto tránh phân lô view hồ 16 tỷ,,"Phố Hồ Đắc Di, Phường Nam Đồng, Quận Đống Đa, Hà NộiXem bản đồ",16 tỷ - 70 m2
70 m²,nhiều hơn 10 phòng,,,"Nhà ngõ, hẻm",,,"157,14 triệu/m²",,,,,,ha-noi,"Bán tòa chung cư mini dòng tiền Mỹ Đình, 19 ph, doanh thu 100tr/tháng",,"Ngách 76 Ngõ 322 Đường Mỹ Đình, Phường Mỹ Đình 2, Quận Nam Từ Liêm, Hà NộiXem bản đồ",11 tỷ - 70 m2
70 m²,nhiều hơn 10 phòng,,,"Nhà ngõ, hẻm",,,"197,14 triệu/m²",,,,,,ha-noi,"BÁN CCMN HỒ TÙNG MẬU, NGÕ OTO, 13 P KHÉP KÍN, NGAY GA CẦU DIỄN, 13.8TỶ",,"Hồ Tùng Mậu, Phường Mỹ Đình 2, Quận Nam Từ Liêm, Hà NộiXem bản đồ","13,8 tỷ - 70 m2"
70 m²,4 phòng,4 phòng,Đã có sổ,"Nhà ngõ, hẻm",,,"228,57 triệu/m²",,5,,Nội thất đầy đủ,,ha-noi,Bán nhà Hồ Đắc Di 70m2 nhà đẹp ngõ oto tránh phân lô view hồ 16 tỷ,,"Phố Hồ Đắc Di, Phường Nam Đồng, Quận Đống Đa, Hà NộiXem bản đồ",16 tỷ - 70 m2
70 m²,nhiều hơn 10 phòng,,,"Nhà ngõ, hẻm",,,"157,14 triệu/m²",,,,,,ha-noi,"Bán tòa chung cư mini dòng tiền Mỹ Đình, 19 ph, doanh thu 100tr/tháng",,"Ngách 76 Ngõ 322 Đường Mỹ Đình, Phường Mỹ Đình 2, Quận Nam Từ Liêm, Hà NộiXem bản đồ",11 tỷ - 70 m2
70 m²,nhiều hơn 10 phòng,,,"Nhà ngõ, hẻm",,,"197,14 triệu/m²",,,,,,ha-noi,"BÁN CCMN HỒ TÙNG MẬU, NGÕ OTO, 13 P KHÉP KÍN, NGAY GA CẦU DIỄN, 13.8TỶ",,"Hồ Tùng Mậu, Phường Mỹ Đình 2, Quận Nam Từ Liêm, Hà NộiXem bản đồ","13,8 tỷ - 70 m2"
96 m²,3 phòng,,Đã có sổ,"Nhà ngõ, hẻm",,,"86,98 triệu/m²",,,,,,ha-noi,HIẾM NHẤT KHU 💥 VIỆT HƯNG-Trung Tâm-Sầm Uất-Kinh Doanh-Văn Phòng-Ô Tô-,,"Phố Việt Hưng, Phường Việt Hưng, Quận Long Biên, Hà NộiXem bản đồ","8,35 tỷ - 96 m2"
135 m²,4 phòng,3 phòng,Đã có sổ,Nhà biệt thự,,420 m²,"77,78 triệu/m²",,,,Nội thất đầy đủ,,ha-noi,Bán biệt thự Quang Tiến-Đại Mỗ-Nam Từ Liêm-135m-3 tầng-ô tô vào nhà,,"Đường Quang Tiến, Phường Đại Mỗ, Quận Nam Từ Liêm, Hà NộiXem bản đồ","10,5 tỷ - 135 m2"
70 m²,3 phòng,3 phòng,Đã có sổ,"Nhà ngõ, hẻm",,,50 triệu/m²,,3,,Nội thất đầy đủ,,ha-noi,Bán nhà Ngãi Cầu-An Khánh-70m-Dân xây-Full nội thất-3 tầng-3.x tỷ,,"Ngãi Cầu, Xã An Khánh, Huyện Hoài Đức, Hà NộiXem bản đồ","3,5 tỷ - 70 m2"
43 m²,4 phòng,3 phòng,Đã có sổ,"Nhà ngõ, hẻm",4 m,,"116,28 triệu/m²",,,,,10 m,ha-noi,"Nhà đẹp Chùa Bôc - Giải Phóng ,120Tr 43 m ,ô tô Sát cửa",,"Phương Mai, Phường Kim Liên, Quận Đống Đa, Hà NộiXem bản đồ",5 tỷ - 43 m2
32 m²,3 phòng,,,"Nhà mặt phố, mặt tiền",,32 m²,"90,63 triệu/m²",,5,,,,ha-noi,Tổ 9 Mậu lương gần ô tô ngõ rộng 32m2 xây 5 tầng chỉ 2.9 tỷ CTL,,"Phố Mậu Lương, Phường Kiến Hưng, Quận Hà Đông, Hà NộiXem bản đồ","2,9 tỷ - 32 m2"
43 m²,nhiều hơn 10 phòng,Nhiều hơn 6 phòng,Đã có sổ,"Nhà ngõ, hẻm",4 m,,"113,95 triệu/m²",,,,,11 m,ha-noi,"Nhà phố Thái Thịnh ,Thật 100% ở Sướng ,43 m- 4.9 tỷ",,"Láng, Phường Láng Hạ, Quận Đống Đa, Hà NộiXem bản đồ","4,9 tỷ - 43 m2"
96 m²,3 phòng,2 phòng,,Nhà phố liền kề,4 m,96 m²,"17,5 triệu/m²",,3,,,,ha-noi,"Bán Nhà Sát Biên Giang , Hà Đông, Ngõ Ô Tô Vào Nhà 1.68 tỷ",,"quốc lô 6, Phường Biên Giang, Quận Hà Đông, Hà NộiXem bản đồ","1,68 tỷ - 96 m2"
32 m²,4 phòng,,Đã có sổ,"Nhà ngõ, hẻm",,32 m²,125 triệu/m²,,5,,Nội thất đầy đủ,,ha-noi,"NHÀ ĐẸP ĐÓN TẾT TẠI LÊ ĐỨC THỌ : DIỆN TÍCH 32M X 5 TẦNG, GIÁ 4 TỶ.",,"Đường Lê Đức Thọ, Phường Mỹ Đình 1, Quận Nam Từ Liêm, Hà NộiXem bản đồ",4 tỷ - 32 m2
72 m²,4 phòng,,,Nhà phố liền kề,,,"131,67 triệu/m²",,4,,Nội thất đầy đủ,,ha-noi,"Có 102!Vương Thừa vũ,ô tô,thoáng,thông,thiết kế đẹp, 72m2,4T, 9.48 tỷ",,"VƯƠNG THỪA VŨ, Phường Khương Trung, Quận Thanh Xuân, Hà NộiXem bản đồ","9,48 tỷ - 72 m2"
45 m²,5 phòng,5 phòng,Đã có sổ,Nhà phố liền kề,,,"212,22 triệu/m²",,8,,Nội thất đầy đủ,,ha-noi,"Đẳng Cấp! Phân lô Lê Trọng Tấn,oto, thang máy,2 Thoáng, tk đẹp 45m2,8T",,"lê trọng tấn, Phường Khương Mai, Quận Thanh Xuân, Hà NộiXem bản đồ","9,55 tỷ - 45 m2"
50 m²,4 phòng,5 phòng,Đã có sổ,Nhà phố liền kề,,50 m²,148 triệu/m²,,5,,,,ha-noi,"Nhà liền kề khu Văn Khê, Hà Đông, Hà Nội, 50m2x5T, Nhỉnh 7 tỷ",,"Phố Nguyễn Thanh Bình, Phường La Khê, Quận Hà Đông, Hà NộiXem bản đồ","7,4 tỷ - 50 m2"
145 m²,nhiều hơn 10 phòng,,Đã có sổ,"Nhà mặt phố, mặt tiền",,,140 triệu/m²,,4,,,,ha-noi,"Bán đất tặng nhà mặt phố Trung Văn, GPXD 7T, 145m2, nhỉnh 20tỷ",,"Đường Trung Văn, Phường Trung Văn, Quận Nam Từ Liêm, Hà NộiXem bản đồ","20,3 tỷ - 145 m2"
50 m²,8 phòng,Nhiều hơn 6 phòng,,"Nhà mặt phố, mặt tiền",5 m,,500 triệu/m²,,8,,,10 m,ha-noi,Bán toà nhà Mặt phố Hàng Cháo,,"Phố Hàng Cháo, Phường Điện Biên, Quận Ba Đình, Hà NộiXem bản đồ",25 tỷ - 50 m2
107 m²,3 phòng,3 phòng,Đã có sổ,"Nhà ngõ, hẻm",,500 m²,"126,17 triệu/m²",,3,,,,ha-noi,"Đất Trường Chinh 107m2, lô góc 3 mặt ngõ, ô tô tránh, giá đầu tư",,"Trường Chinh, Phường Phương Liệt, Quận Thanh Xuân, Hà NộiXem bản đồ","13,5 tỷ - 107 m2"
189 m²,5 phòng,,Đã có sổ,Nhà biệt thự,9 m,500 m²,"126,98 triệu/m²",,4,,,,ha-noi,"Biệt thự An Vượng Nam Cường, KĐTM Dương Nội, Hà Đông 189m2, Chỉ 24 tỷ",,"Lê Văn Lương, Phường Dương Nội, Quận Hà Đông, Hà NộiXem bản đồ",24 tỷ - 189 m2
60 m²,3 phòng,,,"Nhà ngõ, hẻm",,,"80,83 triệu/m²",,,,,,ha-noi,HIẾM VỊ TRÍ SIÊU ĐẸP - THẠCH BÀN-LÔ GÓC - Ô TÔ VÀO NHÀ -60M- 4.x TỶ,,"Đường Bát Khối, Phường Thạch Bàn, Quận Long Biên, Hà NộiXem bản đồ","4,85 tỷ - 60 m2"
54 m²,4 phòng,,Đã có sổ,Nhà phố liền kề,,48 m²,"177,78 triệu/m²",,7,,,,ha-noi,"Nhà LK Khu ĐTM Dương Nội, Phân lô, Ô tô, KD, 54m2x7 tầng, nhỉnh 9 tỷ",,"Lê Quang Đạo kéo dài, Phường Dương Nội, Quận Hà Đông, Hà NộiXem bản đồ","9,6 tỷ - 54 m2"
189 m²,5 phòng,,Đã có sổ,Nhà biệt thự,9 m,500 m²,"126,98 triệu/m²",,4,,,,ha-noi,"Biệt thự An Vượng Nam Cường, KĐTM Dương Nội, Hà Đông 189m2, Chỉ 24 tỷ",,"Lê Văn Lương, Phường Dương Nội, Quận Hà Đông, Hà NộiXem bản đồ",24 tỷ - 189 m2
60 m²,3 phòng,,,"Nhà ngõ, hẻm",,,"80,83 triệu/m²",,,,,,ha-noi,HIẾM VỊ TRÍ SIÊU ĐẸP - THẠCH BÀN-LÔ GÓC - Ô TÔ VÀO NHÀ -60M- 4.x TỶ,,"Đường Bát Khối, Phường Thạch Bàn, Quận Long Biên, Hà NộiXem bản đồ","4,85 tỷ - 60 m2"
54 m²,4 phòng,,Đã có sổ,Nhà phố liền kề,,48 m²,"177,78 triệu/m²",,7,,,,ha-noi,"Nhà LK Khu ĐTM Dương Nội, Phân lô, Ô tô, KD, 54m2x7 tầng, nhỉnh 9 tỷ",,"Lê Quang Đạo kéo dài, Phường Dương Nội, Quận Hà Đông, Hà NộiXem bản đồ","9,6 tỷ - 54 m2"
48 m²,5 phòng,4 phòng,Đã có sổ,"Nhà ngõ, hẻm",,,"135,42 triệu/m²",,5,,Nội thất cao cấp,,ha-noi,"BÁN NHÀ PHỐ BẠCH MAI - NGÕ NÔNG RỘNG SÁT PHỐ - SĐCC, Dtsd 48m X 5 tầng",,"Đinh Đông, Phường Bạch Mai, Quận Hai Bà Trưng, Hà NộiXem bản đồ","6,5 tỷ - 48 m2"
82.5 m²,4 phòng,,Đã có sổ,Nhà phố liền kề,,82.5 m²,"139,39 triệu/m²",,5,,,,ha-noi,"Nhà khu Biệt thự Viglacera Đại Mỗ, Nam Từ Liêm,HN, 82,5m2,Chỉ 11,5 tỷ",,"Đường Đại Mỗ, Phường Đại Mỗ, Quận Nam Từ Liêm, Hà NộiXem bản đồ","11,5 tỷ - 82.5 m2"
45 m²,3 phòng,3 phòng,Đã có sổ,"Nhà ngõ, hẻm",,,"88,89 triệu/m²",,5,,Nội thất đầy đủ,,ha-noi,"Bán gấp nhà Tân Mai 45m2 x 5 tầng, giá chỉ 4 tỷ,sđcc ở luôn,cực hiếm",,"Ngõ 240 Phố Tân Mai, Phường Thịnh Liệt, Quận Hoàng Mai, Hà NộiXem bản đồ",4 tỷ - 45 m2
33 m²,4 phòng,,,"Nhà mặt phố, mặt tiền",,,"87,88 triệu/m²",,4,,,,ha-noi,"🐙 NGÕ RỘNG GẦN Ô TÔ 33M2 🐙 4 TẦNG, 4 NGỦ CHỈ 2,9 TỶ ĐA SỸ KIẾN HƯNG",,"Đường Đa Sỹ, Phường Kiến Hưng, Quận Hà Đông, Hà NộiXem bản đồ","2,9 tỷ - 33 m2"
40 m²,3 phòng,,,"Nhà mặt phố, mặt tiền",,40 m²,85 triệu/m²,,4,,,,ha-noi,"Gần ô tô chợ Trường Học, Mậu lương Kiến Hưng Hà đông 40m2 nhỉnh 3 tỷ",,"Phố Mậu Lương, Phường Kiến Hưng, Quận Hà Đông, Hà NộiXem bản đồ","3,4 tỷ - 40 m2"
35 m²,3 phòng,,,"Nhà mặt phố, mặt tiền",,35 m²,"74,29 triệu/m²",,5,,,,ha-noi,💃 Ô tô vào nhà 35m2 💃 5 tầng chỉ 2.6 tỷ Hữu Hòa Thanh Trì 💃,,"Đại khang, Xã Hữu Hoà, Huyện Thanh Trì, Hà NộiXem bản đồ","2,6 tỷ - 35 m2"
79 m²,4 phòng,4 phòng,Đã có sổ,"Nhà mặt phố, mặt tiền",,,"175,7 triệu/m²",,4,,Nội thất cao cấp,,ha-noi,Bán nhà ngõ 1194 Láng. 79m x4 tầng. Full nội thất cao cấp. Gara ô tô,,"1194, Đường Láng, Phường Láng Thượng, Quận Đống Đa, Hà NộiXem bản đồ","13,88 tỷ - 79 m2"
79 m²,3 phòng,3 phòng,Đã có sổ,"Nhà ngõ, hẻm",4.3 m,,"177,22 triệu/m²",,,,Nội thất cao cấp,,ha-noi,Bán nhà ngõ 1194 Láng. 79m x4 tầng. Full nội thất cao cấp. Gara ô tô.,,"1194, Ngõ 1194/136 Đường Láng, Phường Láng Thượng, Quận Đống Đa, Hà NộiXem bản đồ",14 tỷ - 79 m2
35 m²,3 phòng,,,"Nhà mặt phố, mặt tiền",,35 m²,70 triệu/m²,,5,,,,ha-noi,🍁 Ô tô vào nhà 35m2👐 4 tầng 2.45 tỷ🌿 Hữu Hòa 👐 Thanh Trì,,"Hữu Hòa, Xã Hữu Hoà, Huyện Thanh Trì, Hà NộiXem bản đồ","2,45 tỷ - 35 m2"
35 m²,3 phòng,,,"Nhà mặt phố, mặt tiền",,35 m²,"78,57 triệu/m²",,4,,,,ha-noi,Bán nhà tổ 12 Mậu lương Kiến Hưng 35m2 4 tầng 2.75 tỷ có sân rộng,,"Phố Mậu Lương, Phường Kiến Hưng, Quận Hà Đông, Hà NộiXem bản đồ","2,75 tỷ - 35 m2"
33 m²,3 phòng,,,"Nhà mặt phố, mặt tiền",,,"108,48 triệu/m²",,,,,,ha-noi,"🦚🦚 HƠN 3,5 TỶ Ô TÔ CÁCH 15M FULL NỘI THẤT GẦN HÀ TRÌ TỔ 2 ĐA SỸ",,"Đa Sỹ, Phường Kiến Hưng, Quận Hà Đông, Hà NộiXem bản đồ","3,58 tỷ - 33 m2"
30 m²,2 phòng,2 phòng,Đã có sổ,"Nhà ngõ, hẻm",,,100 triệu/m²,,3,,,,ha-noi,BẠCH MAI NGÕ THOÁNG GIÁ ĐẦU TƯ,,"Bạch Mai, Phường Bạch Mai, Quận Hai Bà Trưng, Hà NộiXem bản đồ",3 tỷ - 30 m2
35 m²,4 phòng,,Đã có sổ,"Nhà mặt phố, mặt tiền",,,"104,29 triệu/m²",,,,,,ha-noi,"NHỎ TIỀN SÁT Ô TÔ, 3 MẶT THOÁNG, MẶT TIỀN TO ĐẦY ĐỦ CÔNG NĂNG 35M2",,"Kim Giang, Phường Đại Kim, Quận Hoàng Mai, Hà NộiXem bản đồ","3,65 tỷ - 35 m2"
45 m²,3 phòng,3 phòng,Đã có sổ,"Nhà ngõ, hẻm",,,"124,44 triệu/m²",,4,,Nội thất cao cấp,,ha-noi,45m mới đẹp Hào Nam hơn 5 tỷ oto qua gần phố gần chỗ đỗ oto,,"Phố Hào Nam, Phường Ô Chợ Dừa, Quận Đống Đa, Hà NộiXem bản đồ","5,6 tỷ - 45 m2"
60 m²,2 phòng,,,"Nhà ngõ, hẻm",,,30 triệu/m²,,,,,,ha-noi,CHÍNH CHỦ BÁN NHÀ TẬP THỂ TẦNG 2,,"Phố 8/3, Phường Quỳnh Lôi, Quận Hai Bà Trưng, Hà NộiXem bản đồ","1,8 tỷ - 60 m2"
40 m²,4 phòng,4 phòng,Đã có sổ,"Nhà ngõ, hẻm",,,"143,75 triệu/m²",,5,,Nội thất cao cấp,,ha-noi,"Bán nhà Giảng Võ 40m2*5T nhà mới, oto gần nhà, sát phố 5.75 tỷ",,"Giảng Võ, Phường Thành Công, Quận Ba Đình, Hà NộiXem bản đồ","5,75 tỷ - 40 m2"
21 m²,3 phòng,,Đã có sổ,"Nhà ngõ, hẻm",,21 m²,"103,81 triệu/m²",,6,,,,ha-noi,"👉CHỈ 2 tỷ 180 triệu 🏨HỒNG MAI - BẠCH MAI 🔥🔥🔥🔥🔥 DT 21 m , 6 tầng , 3 ph",,"Phố Hồng Mai, Phường Bạch Mai, Quận Hai Bà Trưng, Hà NộiXem bản đồ","2,18 tỷ - 21 m2"
40 m²,4 phòng,4 phòng,Đã có sổ,"Nhà ngõ, hẻm",,,"143,75 triệu/m²",,5,,Nội thất cao cấp,,ha-noi,"Bán nhà Giảng Võ 40m2*5T nhà mới, oto gần nhà, sát phố 5.75 tỷ",,"Giảng Võ, Phường Thành Công, Quận Ba Đình, Hà NộiXem bản đồ","5,75 tỷ - 40 m2"
21 m²,3 phòng,,Đã có sổ,"Nhà ngõ, hẻm",,21 m²,"103,81 triệu/m²",,6,,,,ha-noi,"👉CHỈ 2 tỷ 180 triệu 🏨HỒNG MAI - BẠCH MAI 🔥🔥🔥🔥🔥 DT 21 m , 6 tầng , 3 ph",,"Phố Hồng Mai, Phường Bạch Mai, Quận Hai Bà Trưng, Hà NộiXem bản đồ","2,18 tỷ - 21 m2"
35 m²,7 phòng,,,"Nhà ngõ, hẻm",,35 m²,"142,86 triệu/m²",,5,,,,ha-noi,CHỈ NHỈNH 5 TỶ CÓ NGAY NHÀ ĐẸP 35M2 DƯƠNG QUẢNG HÀM CHỦ XÂY CHẮC CHẮN,,"dương quảng hàm, Phường Yên Hoà, Quận Cầu Giấy, Hà NộiXem bản đồ",5 tỷ - 35 m2
43 m²,5 phòng,,,"Nhà ngõ, hẻm",,,"260,47 triệu/m²",,7,,,,ha-noi,BÁN NHÀ THUỴ KHUÊ ĐI ĐỊNH CƯ MỸ 43M-7 TẦNG- THANG MÁY -11.3 TỶ,,"Đường Thụy Khuê, Phường Thụy Khuê, Quận Tây Hồ, Hà NộiXem bản đồ","11,2 tỷ - 43 m2"
38 m²,4 phòng,,,"Nhà ngõ, hẻm",,,"181,58 triệu/m²",,5,Nở hậu,,,ha-noi,"BÁN NHÀ TÂY HỒ 38M 5 TẦNG =THANG MÁY, 6.9 tỷ CỰC ĐẸP",,"Đường Thụy Khuê, Phường Bưởi, Quận Tây Hồ, Hà NộiXem bản đồ","6,9 tỷ - 38 m2"
38 m²,3 phòng,,,"Nhà ngõ, hẻm",,,"148,68 triệu/m²",,,,,,ha-noi,"Bán nhà mặt ngõ Kinh doanh Hoàng Quốc Việt DT 38m 4 tầng, giá 5.65 tỷ",,"Phố Nghĩa Đô, Phường Nghĩa Đô, Quận Cầu Giấy, Hà NộiXem bản đồ","5,65 tỷ - 38 m2"
42 m²,6 phòng,,,"Nhà ngõ, hẻm",,,"109,52 triệu/m²",,,,,,ha-noi,Sắp Tuyệt Chủng_Chùa Láng_Nhà Đẹp_Đón Tết_Ngõ Rộng_Thoáng Trước Sau,,"Phố Chùa Láng, Phường Láng Thượng, Quận Đống Đa, Hà NộiXem bản đồ","4,6 tỷ - 42 m2"
52 m²,4 phòng,4 phòng,Đã có sổ,"Nhà ngõ, hẻm",,52 m²,"95,96 triệu/m²",,4,,,,ha-noi,"Cần bán gấp nhà PHÚ DIỄN,52m,Ngõ Thông,Ôtô,Lô góc 3 mặt ngõ,Giá:4.99tỷ",,"Phú Diễn, Phường Phú Diễn, Quận Bắc Từ Liêm, Hà NộiXem bản đồ","4,99 tỷ - 52 m2"
31 m²,3 phòng,4 phòng,Đã có sổ,"Nhà ngõ, hẻm",,,"112,9 triệu/m²",,5,,Nội thất đầy đủ,,ha-noi,31M2_HÒA BÌNH 7_5 TẦNG Ở NGAY_NGÕ TO GẦN PHỐ_GIÁ 3.5 TỶ,,"Phố Minh Khai, Phường Minh Khai, Quận Hai Bà Trưng, Hà NộiXem bản đồ","3,5 tỷ - 31 m2"
60 m²,4 phòng,4 phòng,Đã có sổ,"Nhà ngõ, hẻm",,60 m²,"96,67 triệu/m²",,4,,,,ha-noi,"Chính chủ cần bán gấp nhà PHÚ DIỄN: 60M2, Ngõ Thông, Ôtô,Giá: 5.x tỷ",,"Phú Diễn, Phường Phú Diễn, Quận Bắc Từ Liêm, Hà NộiXem bản đồ","5,8 tỷ - 60 m2"
45 m²,3 phòng,,Đã có sổ,"Nhà ngõ, hẻm",,,"64,44 triệu/m²",,4,Hẻm xe hơi,,,ha-noi,NHÀ YÊN NGHĨA ÔTÔ ĐỖ CỬA VÀO NHÀ 45M 4T 2.9TỶ,,"Đường Hòa Bình, Phường Yên Nghĩa, Quận Hà Đông, Hà NộiXem bản đồ","2,9 tỷ - 45 m2"
45 m²,3 phòng,2 phòng,Đã có sổ,"Nhà ngõ, hẻm",,,"68,89 triệu/m²",,2,,Nội thất đầy đủ,,ha-noi,"Bán nhà dân xây Đức Giang- Long Biên 45m2, giá 3,1tỷ. Nhà đẹp, mặt ngõ",,"Đức Giang, Phường Đức Giang, Quận Long Biên, Hà NộiXem bản đồ","3,1 tỷ - 45 m2"
32 m²,4 phòng,3 phòng,Đã có sổ,"Nhà ngõ, hẻm",,,"114,06 triệu/m²",,4,,Nội thất cao cấp,,ha-noi,Nhỉnh 3 Tỷ - Vị trí siêu đẹp - Nhà phố #TRƯƠNG_ĐỊNH #HOÀNG_MAI,,"Đường Trương Định, Phường Tân Mai, Quận Hoàng Mai, Hà NộiXem bản đồ","3,65 tỷ - 32 m2"
70 m²,4 phòng,5 phòng,Đã có sổ,Nhà biệt thự,,,"112,86 triệu/m²",,4,,Nội thất cao cấp,,ha-noi,"Bán nhà Nguyễn Văn Cừ, Hồng Tiến, Long Biên 70mx4. Giá 7,9 tỷ. Nhà đẹp",,"Nguyễn Văn Cừ, Phường Ngọc Lâm, Quận Long Biên, Hà NộiXem bản đồ","7,9 tỷ - 70 m2"
36 m²,5 phòng,5 phòng,Đã có sổ,"Nhà ngõ, hẻm",,200 m²,"111,11 triệu/m²",,,,Nội thất đầy đủ,,ha-noi,NHÀ ĐẸP BÙI XƯƠNG TRẠCH-LÔ GÓC-OTO ĐỖ CỔNG-36M -4 TẦNG -4 TỶ HƠN,,"Bùi Xương Trạch, Phường Kim Giang, Quận Thanh Xuân, Hà NộiXem bản đồ",4 tỷ - 36 m2
45 m²,5 phòng,4 phòng,Đã có sổ,"Nhà ngõ, hẻm",,,"142,22 triệu/m²",,5,,Nội thất đầy đủ,,ha-noi,Bán Nhà Hàm Nghi - Cầu Diễn. Nam Từ Liêm 45m2 x 5 T. Thoáng Trước Sau.,,"Phố Nguyễn Đổng Chi, Phường Cầu Diễn, Quận Nam Từ Liêm, Hà NộiXem bản đồ","6,4 tỷ - 45 m2"
40 m²,3 phòng,3 phòng,,"Nhà ngõ, hẻm",3.0599 m,,115 triệu/m²,,3,,Nội thất đầy đủ,,ha-noi,"Lên Chung Cư Bán Nhà Thụy Khuê, Mặt Ngõ Kinh Doanh, 40M, 3T, 4,6 Tỷ",,"Đường Thụy Khuê, Phường Bưởi, Quận Tây Hồ, Hà NộiXem bản đồ","4,6 tỷ - 40 m2"
32 m²,2 phòng,1 phòng,Đã có sổ,"Nhà ngõ, hẻm",,,"48,44 triệu/m²",,2,,Nội thất đầy đủ,,ha-noi,"1,550 tỷ Có Nhà 2 Tầng Mới, Full Đồ, Vĩnh Quỳnh - Thanh Trì. GIÁ RẺ.",,"70, Xã Vĩnh Quỳnh, Huyện Thanh Trì, Hà NộiXem bản đồ","1,55 tỷ - 32 m2"
30 m²,3 phòng,,,"Nhà ngõ, hẻm",,,"97,33 triệu/m²",,,,,,ha-noi,"Ỷ La Dương Nội,ngõ thông,nhà mới, 30m 2, 5 tầng.",,"Phố Ỷ La, Phường Dương Nội, Quận Hà Đông, Hà NộiXem bản đồ","2,92 tỷ - 30 m2"
40 m²,3 phòng,,,"Nhà ngõ, hẻm",,,"103,75 triệu/m²",,,,,,ha-noi,"Siêu Hiếm Cầu Am,Gần Phố,Trung Tâm HĐ,40 m2, 4,5 mt",,"Cầu Am, Phường Yết Kiêu, Quận Hà Đông, Hà NộiXem bản đồ","4,15 tỷ - 40 m2"
40 m²,3 phòng,,,"Nhà ngõ, hẻm",,,"103,75 triệu/m²",,,,,,ha-noi,"Siêu Hiếm Cầu Am,Gần Phố,Trung Tâm HĐ,40 m2, 4,5 mt",,"Cầu Am, Phường Yết Kiêu, Quận Hà Đông, Hà NộiXem bản đồ","4,15 tỷ - 40 m2"
30 m²,3 phòng,3 phòng,Đã có sổ,"Nhà ngõ, hẻm",,,"101,67 triệu/m²",,4,,Nhà trống,,ha-noi,"Có 1.0.2 ,nhà an sinh đỉnh 30m2× 4 tầng,nhanh tay kẻo lỡ!!! 😊😍😘",,"Ô Chợ Dừa, Phường Ô Chợ Dừa, Quận Đống Đa, Hà NộiXem bản đồ","3,05 tỷ - 30 m2"
45 m²,5 phòng,4 phòng,Đã có sổ,,,,"111,11 triệu/m²",Đông Nam,5,,,,ha-noi,"bán nhà 5 tầng x 45m2 phố hoa lâm , việt Hưng, 5 phòng ngủ ,oto đỗ",,"191, Phố Hoa Lâm, Phường Việt Hưng, Quận Long Biên, Hà NộiXem bản đồ",5 tỷ - 45 m2
45 m²,4 phòng,5 phòng,Đã có sổ,"Nhà ngõ, hẻm",4.5 m,,"183,33 triệu/m²",,5,,,,ha-noi,Bán Nhà Dân xây phố Tôn Thất Tùng quận Đống Đa. 20M ra mặt phố giá tot,,"Phố Tôn Thất Tùng, Phường Khương Thượng, Quận Đống Đa, Hà NộiXem bản đồ","8,25 tỷ - 45 m2"
50 m²,4 phòng,,Đã có sổ,"Nhà mặt phố, mặt tiền",,,130 triệu/m²,,,"Hẻm xe hơi,Nở hậu",Nội thất cao cấp,,ha-noi,BÁN NHÀ CÙ CHÍNH LAN 50m2 6.5 tỷ 4 TẦNG GARA KCBT KINH DOANH VĂN PHÒNG,,"Cù Chính Lan, Phường Khương Mai, Quận Thanh Xuân, Hà NộiXem bản đồ","6,5 tỷ - 50 m2"
85 m²,6 phòng,Nhiều hơn 6 phòng,,"Nhà ngõ, hẻm",,,68 triệu/m²,,,,,,ha-noi,🌟SIÊU HIẾM! Bán nhà🏛83m*5T 🚘Ô TÔ ĐỖ - KINH DOANH - Phố Bà Triệu 69 TRI,,"Phố Bà Triệu, Phường Nguyễn Trãi, Quận Hà Đông, Hà NộiXem bản đồ","5,78 tỷ - 85 m2"
32 m²,3 phòng,,Đã có sổ,"Nhà ngõ, hẻm",,,"120,63 triệu/m²",,,,,,ha-noi,"Chính chủ bán nhà ngõ 459 Bạch Mai, nhà đẹp, KD, OTO gần 32m*4T",,"Phố Bạch Mai, Phường Bạch Mai, Quận Hai Bà Trưng, Hà NộiXem bản đồ","3,86 tỷ - 32 m2"
36 m²,4 phòng,,Đã có sổ,"Nhà ngõ, hẻm",,,"119,44 triệu/m²",,,,,,ha-noi,"Thanh khoản gấp! kim Ngưu, nhà đẹp dân xây, ngõ thông, sổ đẹp 36m*5 t",,"Kim Nguu, Phường Thanh Nhàn, Quận Hai Bà Trưng, Hà NộiXem bản đồ","4,3 tỷ - 36 m2"
139 m²,5 phòng,3 phòng,Đã có sổ,"Nhà ngõ, hẻm",,,"53,96 triệu/m²",,3,,Nội thất cao cấp,,ha-noi,"Bán nhà 3 Tầng Uy Nỗ , Đông Anh ,Hà Nội . dt:139m2 .mt:8.5m",,"Đản Mỗ, Xã Uy Nỗ, Huyện Đông Anh, Hà NộiXem bản đồ","7,5 tỷ - 139 m2"
35 m²,4 phòng,3 phòng,Đã có sổ,"Nhà ngõ, hẻm",,,"128,57 triệu/m²",,4,,Nội thất đầy đủ,,ha-noi,"Bán nhà Bồ đề mặt ngõ 35m2 , 4 tầng",,"Ngõ 78 phường bồ đề quận Long biên thành phố hà nội, Phường Bồ Đề, Quận Long Biên, Hà NộiXem bản đồ","4,5 tỷ - 35 m2"
55 m²,6 phòng,5 phòng,Đã có sổ,"Nhà ngõ, hẻm",4 m,,"149,09 triệu/m²",,6,,,,ha-noi,YÊN LÃNG - NHÀ ĐẸP - PHÂN LÔ - NGÕ THÔNG - GẦN PHỐ -DT 55M x 5T -GIÁ,,"Yên Lãng, Phường Thịnh Quang, Quận Đống Đa, Hà NộiXem bản đồ","8,2 tỷ - 55 m2"
37 m²,3 phòng,4 phòng,Đã có sổ,,,,"135,14 triệu/m²",Đông Nam,6,,,,ha-noi,"chính chủ bán nhà 6 tầng , đường 6m , kinh doanh, thạch bàn",,"318/178, Phố Ngọc Trì, Phường Thạch Bàn, Quận Long Biên, Hà NộiXem bản đồ",5 tỷ - 37 m2
45 m²,4 phòng,4 phòng,Đã có sổ,"Nhà ngõ, hẻm",3.6 m,,"153,33 triệu/m²",,,,,12 m,ha-noi,HIẾM - HOÀNG CẦU - LÔ GÓC - 2 THOÁNG - NGÕ THÔNG - GẦN PHỐ - DT 45M,,"Hoàng Cầu, Phường Ô Chợ Dừa, Quận Đống Đa, Hà NộiXem bản đồ","6,9 tỷ - 45 m2"
46 m²,6 phòng,4 phòng,Đã có sổ,,,,"86,96 triệu/m²",Đông Nam,5,,,,ha-noi,"bán nhà chính chủ 5 tầng x 46 m2 , thạch bàn , ô tô vào nhà",,"68/177, Phố Đồng Dinh, Phường Thạch Bàn, Quận Long Biên, Hà NộiXem bản đồ",4 tỷ - 46 m2
35 m²,3 phòng,4 phòng,Đã có sổ,"Nhà ngõ, hẻm",,,"128,57 triệu/m²",,5,,Nội thất đầy đủ,,ha-noi,La Thành Diện tích::35m* 5tầng; mặt tiền: 4m; Giá: 4.5 tỷ,,"La thành, Phường Thành Công, Quận Ba Đình, Hà NộiXem bản đồ","4,5 tỷ - 35 m2"
34 m²,4 phòng,,,"Nhà ngõ, hẻm",,,"191,18 triệu/m²",,,,,,ha-noi,"MẶT PHỐ Cao Thắng Hà Đông, Phân lô, 34 m2, 4 m mt",,"Phố Cao Thắng, Phường Yết Kiêu, Quận Hà Đông, Hà NộiXem bản đồ","6,5 tỷ - 34 m2"
33 m²,3 phòng,3 phòng,Đã có sổ,,,,"88,79 triệu/m²",Tây Bắc,5,,,,ha-noi,"bán nhà 5 tầng x 32 m2 thạch bàn, ngõ 4 m , giá hơn 2 tỷ",,"68, Đường Nguyễn Văn Linh, Phường Thạch Bàn, Quận Long Biên, Hà NộiXem bản đồ","2,93 tỷ - 33 m2"
43 m²,4 phòng,4 phòng,Đã có sổ,"Nhà ngõ, hẻm",,,"104,65 triệu/m²",,,,,,ha-noi,"Cần bán nhà ở Phố Bồ Đề-Long biên,43m2 x4 tầng, 4 phòng ngủ",,"Bồ Đề, Phường Bồ Đề, Quận Long Biên, Hà NộiXem bản đồ","4,5 tỷ - 43 m2"
20 m²,2 phòng,,,"Nhà ngõ, hẻm",,,"91,5 triệu/m²",,,,,,ha-noi,"Trung tâm Quận Hà Đông, Ngô Gia Khảm, 20 m2, 1,83 tỷ",,"Phố Ngô Gia Khảm, Phường Yết Kiêu, Quận Hà Đông, Hà NộiXem bản đồ","1,83 tỷ - 20 m2"
48 m²,4 phòng,,,"Nhà ngõ, hẻm",,,"85,42 triệu/m²",,4,,,,ha-noi,Bán nhà đẹp ở ngay Khương Trung Thanh Xuân 48m2x4T MT3.7m cách ôtô 30m,,"Khương Trung, Phường Khương Đình, Quận Thanh Xuân, Hà NộiXem bản đồ","4,1 tỷ - 48 m2"
