Diện tích đất:,Số phòng ngủ:,Số phòng vệ sinh:,Giấy tờ pháp lý:,Loại hình nhà ở:,Chiều ngang:,Diện tích sử dụng:,Giá/m2:,Hướng cửa chính:,Tổng số tầng:,Đặc điểm nhà/đất:,Tình trạng nội thất:,Chiều dài:,Location,Name,URL,District,Price
45 m²,6 phòng,,Đã có sổ,"Nhà ngõ, hẻm",,,"146,67 triệu/m²",,5,,Nội thất cao cấp,,ha-noi,Bán Nhà 814 Đường Láng - 45m2x5T - MT 4m - Hơn 6 Tỷ - 40m Ra Oto,,"Đường Láng, Phường Láng Thượng, Quận Đống Đa, Hà NộiXem bản đồ","6,6 tỷ - 45 m2"
49 m²,4 phòng,4 phòng,Đã có sổ,"Nhà ngõ, hẻm",,,"91,84 triệu/m²",,6,"Hẻm xe hơi,Nở hậu",,,ha-noi,"PHỐ TÂN ẤP Q BA ĐÌNH Ô TÔ TRÁNH KD ĐỈNH DT 49M. 6TÂNG. MT 6M CHỈ 4,5tỷ",,"Phố Tân Ấp, Phường Phúc Xá, Quận Ba Đình, Hà NộiXem bản đồ","4,5 tỷ - 49 m2"
43 m²,4 phòng,4 phòng,Đã có sổ,"Nhà ngõ, hẻm",,,"146,51 triệu/m²",,5,,Nội thất đầy đủ,,ha-noi,"NHÀ MỚI 100% YÊN HÒA CẦU GIẤY 43M2*5 TẦNG, CÁCH 1 NHÀ RA PHỐ OTO TRÁNH",,"Yên Hòa, Phường Yên Hoà, Quận Cầu Giấy, Hà NộiXem bản đồ","6,3 tỷ - 43 m2"
45 m²,4 phòng,,Đã có sổ,"Nhà mặt phố, mặt tiền",5 m,,"162,22 triệu/m²",,5,,Nội thất cao cấp,,ha-noi,"Chính Chủ Bán Nhà Mới Xây, Thang Máy, Xa La, Hà Đông, Dt 45m2",,"Xa La, Phường Kiến Hưng, Quận Hà Đông, Hà NộiXem bản đồ","7,3 tỷ - 45 m2"
32.7999 m²,3 phòng,3 phòng,Đã có sổ,"Nhà ngõ, hẻm",,,"128,05 triệu/m²",Đông Nam,5,,,,ha-noi,Trần Cung Dt: 32.8m2* 5tầng; Mt: 3.5m; giá: 4.2 tỷ,,"Đường Trần Cung, Phường Cổ Nhuế 1, Quận Bắc Từ Liêm, Hà NộiXem bản đồ","4,2 tỷ - 32.7.999 m2"
30 m²,3 phòng,4 phòng,Đã có sổ,"Nhà ngõ, hẻm",,,"163,33 triệu/m²",,5,,Nội thất đầy đủ,,ha-noi,Căn nhà tại Lê Văn Lương S:30m2*6 tầng; mặt tiền:3.8m; Giá:4.9 tỷ cóTL,,"lê văn lương, Phường Nhân Chính, Quận Thanh Xuân, Hà NộiXem bản đồ","4,9 tỷ - 30 m2"
31 m²,4 phòng,3 phòng,Đã có sổ,"Nhà ngõ, hẻm",,,"154,84 triệu/m²",Đông Nam,4,,,,ha-noi,"Hơn 4 tỷ có ngay nhà khu đường láng, 20m ra ôtô, 2mặt thoáng vĩnhviễn.",,"Đường Láng, Phường Láng Thượng, Quận Đống Đa, Hà NộiXem bản đồ","4,8 tỷ - 31 m2"
36 m²,3 phòng,3 phòng,Đã có sổ,"Nhà ngõ, hẻm",,,"136,11 triệu/m²",,4,,Nội thất đầy đủ,,ha-noi,Đường láng diện tích: 31/36m2* 5tầng; mặt tiền: 3.1m; giá: 4.9 tỷ,,"Đường Láng, Phường Láng Thượng, Quận Đống Đa, Hà NộiXem bản đồ","4,9 tỷ - 36 m2"
46 m²,5 phòng,,,"Nhà ngõ, hẻm",,46 m²,"113,04 triệu/m²",,5,,,,ha-noi,⚡️Bán nhà DuyTân - CầuGiấy 5.2 t.ỷ 46m⚡️,,"duy tân, Phường Dịch Vọng Hậu, Quận Cầu Giấy, Hà NộiXem bản đồ","5,2 tỷ - 46 m2"
30 m²,4 phòng,3 phòng,Đã có sổ,"Nhà ngõ, hẻm",,,155 triệu/m²,,5,,Nội thất đầy đủ,,ha-noi,"Bán nhà đường Láng, ngõ rộng, Diện tích: 30m2, 5 tầng. Giá: 4.65 tỷ.",,"đường láng, Phường Láng Thượng, Quận Đống Đa, Hà NộiXem bản đồ","4,65 tỷ - 30 m2"
58 m²,4 phòng,4 phòng,Đã có sổ,"Nhà ngõ, hẻm",,,"102,59 triệu/m²",,4,,Nội thất đầy đủ,,ha-noi,"Ngon bổ rẻ! LÁNG HẠ, hiếm nhà bán, đẹp ở luôn, phân lô. 58m*4T",,"Phố Láng Hạ, Phường Láng Hạ, Quận Đống Đa, Hà NộiXem bản đồ","5,95 tỷ - 58 m2"
35 m²,3 phòng,3 phòng,Đã có sổ,"Nhà ngõ, hẻm",,,"147,14 triệu/m²",,5,,Nội thất đầy đủ,,ha-noi,Bán nhà phố Yên Hòa S:35m2* 5 tầng; Mặt tiền: 2/3.4m; Giá: 5.15 tỷ,,"yên hòa, Phường Yên Hoà, Quận Cầu Giấy, Hà NộiXem bản đồ","5,15 tỷ - 35 m2"
37 m²,3 phòng,4 phòng,Đã có sổ,"Nhà ngõ, hẻm",,,"120,27 triệu/m²",,5,,Nội thất đầy đủ,,ha-noi,"Nhà siêu đẹp Mỹ Đình, 10m ra oto, xây mới, nội thất hiện đại, 37m2*5T",,"Đường Mỹ Đình, Phường Mỹ Đình 2, Quận Nam Từ Liêm, Hà NộiXem bản đồ","4,45 tỷ - 37 m2"
39 m²,3 phòng,3 phòng,Đã có sổ,"Nhà ngõ, hẻm",,,"141,03 triệu/m²",,44,,Nội thất cao cấp,,ha-noi,"Nhà siêu đẹp,phố TÂY SƠN,ĐỐNG ĐA,39m 4 tầng,3 ph ngủ 5m ra ô tô,5,5 tỷ",,"Phố Tây Sơn, Phường Nam Đồng, Quận Đống Đa, Hà NộiXem bản đồ","5,5 tỷ - 39 m2"
85 m²,8 phòng,5 phòng,Đã có sổ,"Nhà ngõ, hẻm",,,"241,18 triệu/m²",,5,,Nội thất đầy đủ,,ha-noi,Bán nhà trung tâm Cầu Giấy- Phân Lô - Ô tô tránh - Vỉa Hè- Kinh doanh,,"Trung Hòa, Phường Trung Hoà, Quận Cầu Giấy, Hà NộiXem bản đồ","20,5 tỷ - 85 m2"
38 m²,3 phòng,5 phòng,,"Nhà mặt phố, mặt tiền",4 m,42 m²,"244,74 triệu/m²",,6,,,,ha-noi,"BÁN NHÀ CÙ CHÍNH LAN, 6 TẦNG THANG MÁY, Ô TÔ VÀO NHÀ, CHỈ 9.3 TỶ",,"cù chính lan, Phường Khương Mai, Quận Thanh Xuân, Hà NộiXem bản đồ","9,3 tỷ - 38 m2"
50 m²,2 phòng,,Đã có sổ,"Nhà mặt phố, mặt tiền",,,110 triệu/m²,,,Hẻm xe hơi,,,ha-noi,"50m2 nhà phố Bà Triệu Hà Đông, ô tô tránh, kinh doanh, 5.x tỷ",,"Bà Triệu, Phường Hà Cầu, Quận Hà Đông, Hà NộiXem bản đồ","5,5 tỷ - 50 m2"
32 m²,4 phòng,,,"Nhà ngõ, hẻm",,,"156,25 triệu/m²",,,,,,ha-noi,"Kinh Doanh Trung Tâm Xuân La, Tây Hồ, Ô Tô, 5 Tầng, MT 4,5 m, 5 tỷ.",,"Xuân La, Phường Xuân La, Quận Tây Hồ, Hà NộiXem bản đồ",5 tỷ - 32 m2
37 m²,6 phòng,,,"Nhà ngõ, hẻm",,,"135,14 triệu/m²",,,,,,ha-noi,"Chính Chủ Bán Gấp Nhà Lô Góc Xuân La, Tây Hồ, 5 Tầng, 6 Ngủ, 5 Tỷ.",,"Xuân La, Phường Xuân La, Quận Tây Hồ, Hà NộiXem bản đồ",5 tỷ - 37 m2
53 m²,4 phòng,4 phòng,Đã có sổ,"Nhà ngõ, hẻm",,,"160,38 triệu/m²",,4,,Nội thất đầy đủ,,ha-noi,Bán nhà dân xây Trung Tâm Cầu Giấy 53m x 4T - Ô tô - Phân Lô - Kinh,,"Nguyễn Khánh Toàn, Phường Quan Hoa, Quận Cầu Giấy, Hà NộiXem bản đồ","8,5 tỷ - 53 m2"
32 m²,4 phòng,,,"Nhà ngõ, hẻm",,,"156,25 triệu/m²",,,,,,ha-noi,"Kinh Doanh Trung Tâm Xuân La, Tây Hồ, Ô Tô, 5 Tầng, MT 4,5 m, 5 tỷ.",,"Xuân La, Phường Xuân La, Quận Tây Hồ, Hà NộiXem bản đồ",5 tỷ - 32 m2
37 m²,6 phòng,,,"Nhà ngõ, hẻm",,,"135,14 triệu/m²",,,,,,ha-noi,"Chính Chủ Bán Gấp Nhà Lô Góc Xuân La, Tây Hồ, 5 Tầng, 6 Ngủ, 5 Tỷ.",,"Xuân La, Phường Xuân La, Quận Tây Hồ, Hà NộiXem bản đồ",5 tỷ - 37 m2
53 m²,4 phòng,4 phòng,Đã có sổ,"Nhà ngõ, hẻm",,,"160,38 triệu/m²",,4,,Nội thất đầy đủ,,ha-noi,Bán nhà dân xây Trung Tâm Cầu Giấy 53m x 4T - Ô tô - Phân Lô - Kinh,,"Nguyễn Khánh Toàn, Phường Quan Hoa, Quận Cầu Giấy, Hà NộiXem bản đồ","8,5 tỷ - 53 m2"
68 m²,5 phòng,,,"Nhà ngõ, hẻm",,,"82,35 triệu/m²",,,,,,ha-noi,"Diện Tích Rộng, Giá Rẻ, Ở Luôn, 68 m2x4T, 5,6 tỷ, Xuân La, Tây Hồ.",,"Xuân La, Phường Xuân La, Quận Tây Hồ, Hà NộiXem bản đồ","5,6 tỷ - 68 m2"
33 m²,3 phòng,3 phòng,Đã có sổ,"Nhà ngõ, hẻm",,,"106,06 triệu/m²",Tây Bắc,4,,,,ha-noi,"Bán hà phố Bà Triệu Hà Đông, nhà mới, mội thất đẹp, 35m-4 tầng- 3.5 tỷ",,"Bà Triệu, Phường Hà Cầu, Quận Hà Đông, Hà NộiXem bản đồ","3,5 tỷ - 33 m2"
30 m²,3 phòng,,Đã có sổ,"Nhà ngõ, hẻm",3.2 m,,"196,67 triệu/m²",,5,,Nội thất đầy đủ,,ha-noi,"Bá.n nhà phố Thái Hà, 30m2, 5 tầng nội thất tiện nghi gi.á 5.9 tỷ",,"Thái Hà, Phường Trung Liệt, Quận Đống Đa, Hà NộiXem bản đồ","5,9 tỷ - 30 m2"
115 m²,6 phòng,,Đã có sổ,Nhà biệt thự,,173 m²,"156,52 triệu/m²",,,,,,ha-noi,"Chỉ có 7 căn tương tự_Biệt thự GÓC_Hoàn thiện Full NT_Chỉ 18,x tỷ_Vin",,"Yên Viên, Thị trấn Trâu Quỳ, Huyện Gia Lâm, Hà NộiXem bản đồ",18 tỷ - 115 m2
52 m²,4 phòng,,Đã có sổ,"Nhà ngõ, hẻm",6.1999 m,,"144,23 triệu/m²",,4,,Nội thất đầy đủ,,ha-noi,Cần Bán Dân Xây-Phân Lô 2 thoáng- Ô Tô vào nhà- 52m-MT6.2m- Nhỉnh 7 tỷ,,"Ngô Thì Nhậm, Phường Hà Cầu, Quận Hà Đông, Hà NộiXem bản đồ","7,5 tỷ - 52 m2"
34 m²,3 phòng,,,"Nhà ngõ, hẻm",,34 m²,"108,24 triệu/m²",,5,,Nội thất đầy đủ,,ha-noi,"Cần bán nhà Lê Quang Đạo, Đẹp_ở ngay, Ô tô gần, 34m2, 5T, chỉ 3.68 tỷ.",,"Đường Lê Quang Đạo, Phường Phú Đô, Quận Nam Từ Liêm, Hà NộiXem bản đồ","3,68 tỷ - 34 m2"
42 m²,4 phòng,3 phòng,Đã có sổ,"Nhà ngõ, hẻm",,,"136,9 triệu/m²",,5,,Nội thất cao cấp,,ha-noi,Bán Gấp nhà Ngõ 10 Láng Hạ - 42m2x5T - Nhà Mới - MT 5.5m - 5.75 Tỷ,,"Phố Láng Hạ, Phường Thành Công, Quận Ba Đình, Hà NộiXem bản đồ","5,75 tỷ - 42 m2"
43 m²,3 phòng,4 phòng,Đã có sổ,"Nhà mặt phố, mặt tiền",,,"116,28 triệu/m²",,5,,Nội thất cao cấp,,ha-noi,BÁN NHÀ CẦU GIẤY - TRUNG TÂM- 43M2-5 TẦNG- NHỈNH 5 TỶ- Ô TÔ -NGÕ THÔNG,,"Cầu Giấy, Phường Dịch Vọng, Quận Cầu Giấy, Hà NộiXem bản đồ",5 tỷ - 43 m2
62 m²,4 phòng,,Đã có sổ,"Nhà mặt phố, mặt tiền",,,"166,13 triệu/m²",,,,Nội thất cao cấp,,ha-noi,TRUNG TÂM QUẬN HOÀN KIẾM- GẦN NHÀ HÁT LỚN - HỒ GƯƠM - NHÀ ĐẸP 2 THOÁNG,,"Phố Cầu Đất, Phường Chương Dương, Quận Hoàn Kiếm, Hà NộiXem bản đồ","10,3 tỷ - 62 m2"
27 m²,2 phòng,,,"Nhà ngõ, hẻm",,,"140,74 triệu/m²",,,,,,ha-noi,Bán nhà ngõ 6 Đội Nhân ô tô tránh diện tích 27 m2 3 tầng giá 3.8 tỷ,,"đội nhân, Phường Đội Cấn, Quận Ba Đình, Hà NộiXem bản đồ","3,8 tỷ - 27 m2"
42 m²,4 phòng,4 phòng,Đã có sổ,"Nhà ngõ, hẻm",4.5 m,,"154,76 triệu/m²",,,,Nội thất cao cấp,,ha-noi,"BÁN NHÀ TRẦN KHÁT CHÂN, PHƯỜNG PHỐ HUẾ, QUẬN HAI BÀ,",,"Đường Trần Khát Chân, Phường Phố Huế, Quận Hai Bà Trưng, Hà NộiXem bản đồ","6,5 tỷ - 42 m2"
30 m²,3 phòng,,,"Nhà ngõ, hẻm",,,120 triệu/m²,,,,,,ha-noi,Bán nhà ngõ 87 Hoàng Quốc Việt 10m ra ô tô .30 m2 4 tầng giá 3.6 tỷ,,"hoang quoc viet, Phường Nghĩa Đô, Quận Cầu Giấy, Hà NộiXem bản đồ","3,6 tỷ - 30 m2"
80 m²,6 phòng,,,"Nhà ngõ, hẻm",,,210 triệu/m²,,,Hẻm xe hơi,,,ha-noi,"BÁN NHÀ KĐT ĐỊNH CÔNG, 80M2, ĐƯỜNG Ô TÔ TRÁNH,VỈA HÈ , GIÁ CHỈ 16.8 TỶ",,"Phố Định Công, Phường Định Công, Quận Hoàng Mai, Hà NộiXem bản đồ","16,8 tỷ - 80 m2"
39 m²,3 phòng,,,"Nhà ngõ, hẻm",,,"105,13 triệu/m²",,,,,,ha-noi,NHÀ ĐẸP- THẠCH BÀN-LONG LANH- 3 THOÁNG Ô TÔ TRÁNH 15M -AN NINH - 39M,,"Đường Thạch Bàn, Phường Thạch Bàn, Quận Long Biên, Hà NộiXem bản đồ","4,1 tỷ - 39 m2"
52 m²,4 phòng,4 phòng,Đã có sổ,"Nhà mặt phố, mặt tiền",,,"226,92 triệu/m²",,5,,Nội thất đầy đủ,,ha-noi,"Siêu Hiếm, nhà phân lô Đầm Trấu 5 tầng dt 52m2 mặt tiền 4,3m nhỉnh 11",,"Đầm Trấu, Phường Bạch Đằng, Quận Hai Bà Trưng, Hà NộiXem bản đồ","11,8 tỷ - 52 m2"
40 m²,4 phòng,,Đã có sổ,"Nhà ngõ, hẻm",5 m,,"183,75 triệu/m²",,5,,Nhà trống,,ha-noi,Hiếm Bán Nhà Gần Viện 103-KINH DOANH-40m-5 Tâng- MT 5m- Vỉa hè-Ô Tô TN,,"Đường Phùng Hưng, Phường Phúc La, Quận Hà Đông, Hà NộiXem bản đồ","7,35 tỷ - 40 m2"
50 m²,4 phòng,,,Nhà phố liền kề,4 m,,174 triệu/m²,,5,,,,ha-noi,"CỰC PHẨM VĂN KHÊ LA KHÊ, Ô TÔ TRÁNH, NHÀ MỚI, 5 TẦNG 50M2, GIÁ TL",,"Văn Khê, Phường La Khê, Quận Hà Đông, Hà NộiXem bản đồ","8,7 tỷ - 50 m2"
52 m²,3 phòng,,Đã có sổ,"Nhà ngõ, hẻm",6 m,,"84,62 triệu/m²",,,,Nhà trống,8 m,ha-noi,"HÀNG HIẾM : Bán nhà Đại La , 52m2 , 4,4 tỷ , mặt tiền 6m , Nhà dân xây",,"Phố Đại La, Phường Đồng Tâm, Quận Hai Bà Trưng, Hà NộiXem bản đồ","4,4 tỷ - 52 m2"
57 m²,4 phòng,4 phòng,Đã có sổ,"Nhà ngõ, hẻm",,,"126,32 triệu/m²",,5,,Nội thất đầy đủ,,ha-noi,"ĐÃ ĐẸP LẠI RẺ ! TÂY HỒ, 5 TẦNG, 57M2, Ô TÔ GẦN, GẦN HỒ, CHỈ NHỈNH 7 TỶ",,"Lạc Long Quân, Phường Xuân La, Quận Tây Hồ, Hà NộiXem bản đồ","7,2 tỷ - 57 m2"
36.4 m²,3 phòng,4 phòng,Đã có sổ,"Nhà ngõ, hẻm",,,"134,62 triệu/m²",Bắc,4,,,,ha-noi,CẦN BÁN NHÀ Ở PHONG CÁCH HIỆN ĐẠI 4 TẦNG,,"Nguyễn Văn Cừ, Phường Ngọc Thụy, Quận Long Biên, Hà NộiXem bản đồ","4,9 tỷ - 36.4 m2"
35 m²,3 phòng,,,"Nhà mặt phố, mặt tiền",,35 m²,"87,14 triệu/m²",,5,,,,ha-noi,"NHÀ CHO THẦY CÔ GIÁO TRƯỜNG C1,C2 YÊN SỞ -NHÀ MỚI ĐẸP-ĐI BỘ ĐẾN TRƯỜNG",,"Đường Tam Trinh, Phường Yên Sở, Quận Hoàng Mai, Hà NộiXem bản đồ","3,05 tỷ - 35 m2"
99 m²,nhiều hơn 10 phòng,,,"Nhà ngõ, hẻm",,,"250,51 triệu/m²",,,"Hẻm xe hơi,Nở hậu",,,ha-noi,BÁN TOÀ NHÀ QUẬN THANH XUÂN 8 TẦNG THANG MÁY DÒNg TIỀN TỐTCHỈ 24.8 TỶ,,"cự lộc, Phường Nhân Chính, Quận Thanh Xuân, Hà NộiXem bản đồ","24,8 tỷ - 99 m2"
85 m²,3 phòng,,,"Nhà mặt phố, mặt tiền",4.1999 m,,"217,65 triệu/m²",,,,,,ha-noi,Bán nhà mặt phố Lê Đại Hành. Tầng 1. Kinh doanh tốt,,"Phố Lê Đại Hành, Phường Lê Đại Hành, Quận Hai Bà Trưng, Hà NộiXem bản đồ","18,5 tỷ - 85 m2"
41 m²,4 phòng,,,"Nhà ngõ, hẻm",,41 m²,"112,44 triệu/m²",,,,,,ha-noi,"Hàng Hiếm! Tây Sơn, Gần phố, kd, ở ngay, an sinh đỉnh 41m2*5T,",,"Phố Tây Sơn, Phường Quang Trung, Quận Đống Đa, Hà NộiXem bản đồ","4,61 tỷ - 41 m2"
40 m²,3 phòng,,,"Nhà ngõ, hẻm",,40 m²,105 triệu/m²,,,,,,ha-noi,"Đại Hạ Giá_Khương Hạ, Lô Góc, KD, Ô to, thông, thoáng, 45m2*5T",,"Khương Hạ, Phường Khương Đình, Quận Thanh Xuân, Hà NộiXem bản đồ","4,2 tỷ - 40 m2"
48 m²,7 phòng,,,"Nhà mặt phố, mặt tiền",,,"179,17 triệu/m²",,,,,,ha-noi,Bán nhà phố Khương Hạ - 7 TẦNG THANG MÁY - LÔ GÓC - 48m2 - nhỉnh 8 tỷ,,"Khương Hạ, Phường Khương Đình, Quận Thanh Xuân, Hà NộiXem bản đồ","8,6 tỷ - 48 m2"
41 m²,4 phòng,,,"Nhà ngõ, hẻm",,41 m²,"129,27 triệu/m²",,5,,,,ha-noi,"Tuyệt Tác! Nhà Tây Sơn, ngõ nông, thoáng, nhà đẹp long lanh, 41m2*5T",,"Tây sơn, Phường Quang Trung, Quận Đống Đa, Hà NộiXem bản đồ","5,3 tỷ - 41 m2"
43 m²,4 phòng,,,"Nhà ngõ, hẻm",,43 m²,100 triệu/m²,,,,,,ha-noi,"Đại Hạ Giá! Xã Đàn, ngõ thông, gần phố, nhà đẹp về ở luôn, nhỉnh 4 tỷ",,"Xã Đàn, Phường Trung Phụng, Quận Đống Đa, Hà NộiXem bản đồ","4,3 tỷ - 43 m2"
36 m²,3 phòng,4 phòng,Đã có sổ,"Nhà ngõ, hẻm",,,"138,89 triệu/m²",,5,,Nội thất đầy đủ,,ha-noi,"Nhà Đẹp phường LIỄU GIAI,36m2 6T Chỉ 5tỷ_40m Oto Tránh_Ngõ Thông Rộng",,"Phố Đội Cấn, Phường Liễu Giai, Quận Ba Đình, Hà NộiXem bản đồ",5 tỷ - 36 m2
55 m²,3 phòng,5 phòng,Đã có sổ,"Nhà ngõ, hẻm",,,"152,73 triệu/m²",,5,,Nội thất cao cấp,,ha-noi,"NHÀ ĐẸP QUAN NHÂN, GẦN PHỐ, HỒ ĐIỀU HÒA, NHÀ ĐẸP, NỘI THẤT CHỈ 8,4 TỶ",,"Quan Nhân, Phường Nhân Chính, Quận Thanh Xuân, Hà NộiXem bản đồ","8,4 tỷ - 55 m2"
40 m²,4 phòng,4 phòng,Đã có sổ,Nhà phố liền kề,,,"197,5 triệu/m²",,5,,Nhà trống,,ha-noi,"Cần bán nhà phân lô vip Trần Quý Cáp quận Đống,Thang Máy, 40m2, 5 tầng",,"Trần Quý Cáp, Phường Văn Chương, Quận Đống Đa, Hà NộiXem bản đồ","7,9 tỷ - 40 m2"
45 m²,5 phòng,4 phòng,Đã có sổ,"Nhà ngõ, hẻm",,,"211,11 triệu/m²",,5,,Nội thất đầy đủ,,ha-noi,"CHỈ NHỈNH 9 TỶ ! VIP TÂY HỒ, 5 Tầng, THANG MÁY, 48M2, 2 NGÕ, View HỒ",,"Phố Nguyễn Đình Thi, Phường Thụy Khuê, Quận Tây Hồ, Hà NộiXem bản đồ","9,5 tỷ - 45 m2"
30 m²,3 phòng,4 phòng,Đã có sổ,"Nhà ngõ, hẻm",,,"131,67 triệu/m²",,5,,Nội thất đầy đủ,,ha-noi,"CHƯA ĐẾN 4 TỶ SỞ HỮU HỘ KHẨU TÂY HỒ, VIEW HỒ TÂY",,"Thuỵ khuê, Phường Thụy Khuê, Quận Tây Hồ, Hà NộiXem bản đồ","3,95 tỷ - 30 m2"
35 m²,3 phòng,,,"Nhà mặt phố, mặt tiền",4 m,35 m²,"85,71 triệu/m²",,5,,,,ha-noi,"TUYỆT CH.ỦNG-Chỉ 3 tỷ có NHÀ MỚI VIEW HỒ,ĐẸP LONG LANH,TTÂM Q.HOÀNGMAI",,"Đường Tam Trinh, Phường Yên Sở, Quận Hoàng Mai, Hà NộiXem bản đồ",3 tỷ - 35 m2
55 m²,4 phòng,3 phòng,Đã có sổ,"Nhà mặt phố, mặt tiền",,,"90,91 triệu/m²",,5,,Nội thất cao cấp,,ha-noi,BÁN NHÀ THUỴ KHUÊ- 55M2- 5 TẦNG- NHỈNH 5 TỶ- LÔ GÓC- NHÀ MỚI ĐÓN TẾT,,"Thuỵ Khuê, Phường Thụy Khuê, Quận Tây Hồ, Hà NộiXem bản đồ",5 tỷ - 55 m2
30 m²,3 phòng,,,"Nhà ngõ, hẻm",,30 m²,"196,67 triệu/m²",,5,,,,ha-noi,"BÁN NHÀ 5 TẦNG DOÃN KẾ THIỆN - CẦU GIẤY, Ô TÔ ĐỖ CỬA, GIÁ 5.9 TỶ",,"doãn kế thiện, Phường Mai Dịch, Quận Cầu Giấy, Hà NộiXem bản đồ","5,9 tỷ - 30 m2"
60 m²,1 phòng,1 phòng,Đã có sổ,"Nhà mặt phố, mặt tiền",,,"156,67 triệu/m²",,,"Hẻm xe hơi,Nở hậu",,,ha-noi,"Lô góc Văn Quán, 60m- ô tô vào- đỗ- phù hợp xây 6 tầng TM-nhỉnh 9 tỷ.",,"undefined, Phường Văn Quán, Quận Hà Đông, Hà NộiXem bản đồ","9,4 tỷ - 60 m2"
36 m²,3 phòng,,Đã có sổ,"Nhà ngõ, hẻm",3.2999 m,,55 triệu/m²,,3,,,,ha-noi,"CẦN BÁN NHÀ NGHĨA BÌNH TỔ 9 YÊN NGHĨA, 36M, 3T, MT 3,3M, GIÁ 1,98 TỶ",,"Đường Nghĩa Bình, Phường Yên Nghĩa, Quận Hà Đông, Hà NộiXem bản đồ","1,98 tỷ - 36 m2"
26 m²,1 phòng,1 phòng,Đã có sổ,"Nhà ngõ, hẻm",3.5 m,,"61,54 triệu/m²",,1,,,,ha-noi,BÁN ĐẤT CÓ NHÀ C4 LĨNH NAM 26M2 NGÕ BA GÁC CHỈ 1.6 TỶ SỔ RIÊNG ĐẸP,,"Lĩnh Nam, Phường Lĩnh Nam, Quận Hoàng Mai, Hà NộiXem bản đồ","1,6 tỷ - 26 m2"
60 m²,3 phòng,4 phòng,Đã có sổ,"Nhà ngõ, hẻm",,,"99,67 triệu/m²",,5,,Nội thất đầy đủ,,ha-noi,BÁN NHÀ BA ĐÌNH- VẠN BẢO 60M-GIÁ CHỈ 5.98 TỶ- LÔ GÓC,,"Phố Vạn Bảo, Phường Liễu Giai, Quận Ba Đình, Hà NộiXem bản đồ","5,98 tỷ - 60 m2"
48 m²,4 phòng,,Đã có sổ,"Nhà ngõ, hẻm",,,"156,25 triệu/m²",,7,Nở hậu,,,ha-noi,"Lô góc 7 tầng thang máy Hoàng Văn Thái, TX,48m2, 7,5 tỷ, full nội thất",,"Hoàng Văn Thái, Phường Khương Mai, Quận Thanh Xuân, Hà NộiXem bản đồ","7,5 tỷ - 48 m2"
57 m²,4 phòng,4 phòng,Đã có sổ,"Nhà ngõ, hẻm",,,"104,39 triệu/m²",,4,,Nội thất đầy đủ,,ha-noi,"QUÁ RẺ ! P XUÂN LA, 4 TẦNG, 57M2, FULL NỘI THẤT, ÔTÔ GẦN, CHỈ HƠN 5 TỶ",,"Võng Thị, Phường Xuân La, Quận Tây Hồ, Hà NộiXem bản đồ","5,95 tỷ - 57 m2"
38 m²,3 phòng,3 phòng,Đã có sổ,"Nhà ngõ, hẻm",,,"144,74 triệu/m²",,4,,Nội thất cao cấp,,ha-noi,"Bão lớn!THÁI HÀ Vip,sát ô tô,nhà đẹp lung linh ở luôn,2 mặt ngõ.38m*4T",,"Thái Hà, Phường Trung Liệt, Quận Đống Đa, Hà NộiXem bản đồ","5,5 tỷ - 38 m2"
36 m²,4 phòng,4 phòng,Đang chờ sổ,"Nhà ngõ, hẻm",,,"119,44 triệu/m²",,5,,Nội thất cao cấp,,ha-noi,"BÁN NHÀ BẰNG LIỆT, LINH ĐÀM, TIỂU HỌC CHU VĂN AN 40M NHỈNH 4 TỶ",,"Bằng Liệt, Phường Hoàng Liệt, Quận Hoàng Mai, Hà NộiXem bản đồ","4,3 tỷ - 36 m2"
,,,,,,,,,,,,,ha-noi,Bán Gấp Nhà Hồ Tùng Mậu 60m2 - Hơn 10tỷ - Lô Góc - Ngõ Nông - Ô tô qua,,"Đường Hồ Tùng Mậu, Phường Phú Diễn, Quận Bắc Từ Liêm, Hà NộiXem bản đồ","10,9 tỷ - 60 m2"
52 m²,6 phòng,6 phòng,Đã có sổ,"Nhà mặt phố, mặt tiền",,,"144,23 triệu/m²",,,"Hẻm xe hơi,Nở hậu",Nội thất đầy đủ,,ha-noi,Mặt phố phân lô kinh doanh- nhà dân xây 6 tầng- giá 7.5 tỷ.,,"Phố Hoàng Công, Phường Kiến Hưng, Quận Hà Đông, Hà NộiXem bản đồ","7,5 tỷ - 52 m2"
55 m²,1 phòng,1 phòng,Đã có sổ,"Nhà mặt phố, mặt tiền",,,"190,91 triệu/m²",,1,,Nhà trống,,ha-noi,"Nhà mặt phố Trần Cung, 55m2, nhà cấp 4, MT 4.8m, Tiện KD. Giá 10,5 Tỷ.",,"Đường Trần Cung, Phường Cổ Nhuế 1, Quận Bắc Từ Liêm, Hà NộiXem bản đồ","10,5 tỷ - 55 m2"
40 m²,5 phòng,5 phòng,Đã có sổ,"Nhà ngõ, hẻm",,,"142,25 triệu/m²",,5,,Nội thất đầy đủ,,ha-noi,5.699 TỶ - NGÕ 68 CẦU GIẤY - LÔ GÓC - NHÀ ĐẸP - Ở NGAY ĐÓN TẾT 2024,,"68 Cầu Giấy, Phường Quan Hoa, Quận Cầu Giấy, Hà NộiXem bản đồ","5,69 tỷ - 40 m2"
35 m²,4 phòng,5 phòng,Đã có sổ,"Nhà ngõ, hẻm",,,"128,57 triệu/m²",,6,,Nhà trống,,ha-noi,CHỦ NHÀ BÁN NHÀ GẤP PHẠM VĂN ĐỒNG 35M-6 TẦNG THANG MÁY-20M RA PHỐ,,"Phạm Văn Đồng, Phường Cổ Nhuế 1, Quận Bắc Từ Liêm, Hà NộiXem bản đồ","4,5 tỷ - 35 m2"
40 m²,4 phòng,,Đã có sổ,"Nhà mặt phố, mặt tiền",,,125 triệu/m²,,4,,,,ha-noi,"Nhà Vip! Tây Sơn, ngõ thông, mới full nội thất 40m2*4T",,"Phố Tây Sơn, Phường Trung Liệt, Quận Đống Đa, Hà NộiXem bản đồ",5 tỷ - 40 m2
30 m²,4 phòng,,Đã có sổ,"Nhà mặt phố, mặt tiền",,,"116,67 triệu/m²",,5,,Nội thất cao cấp,,ha-noi,Mở bán Nhà mới Đức Thắng - Bắc Từ Liêm Gần Phạm Văn Đồng,,"Đức Thắng, Phường Đức Thắng, Quận Bắc Từ Liêm, Hà NộiXem bản đồ","3,5 tỷ - 30 m2"
37 m²,4 phòng,3 phòng,Đã có sổ,"Nhà mặt phố, mặt tiền",,,"79,73 triệu/m²",,4,,Nội thất cao cấp,,ha-noi,"Bán Nhà Phố Vân Canh 37m2,4 Tầng, 4 Phòng",,"Đường Vân Canh, Xã Vân Canh, Huyện Hoài Đức, Hà NộiXem bản đồ","2,95 tỷ - 37 m2"
53 m²,5 phòng,,,"Nhà mặt phố, mặt tiền",,55 m²,"198,11 triệu/m²",,5,,Nội thất đầy đủ,,ha-noi,"Bán nhà mặt phố Đa Sỹ, Hà Đông, Kinh doanh sầm uất, Dt 55m2, 10.5 tỷ",,"Đường Đa Sỹ, Phường Kiến Hưng, Quận Hà Đông, Hà NộiXem bản đồ","10,5 tỷ - 53 m2"
32 m²,4 phòng,4 phòng,Đã có sổ,"Nhà ngõ, hẻm",,,125 triệu/m²,,5,,Nội thất đầy đủ,,ha-noi,BÁN NHÀ XÂY MỚI ĐỊNH CÔNG NGÕ NÔNG 5 TẦNG DƯỚI 4 TỶ,,"Định Công, Phường Định Công, Quận Hoàng Mai, Hà NộiXem bản đồ",4 tỷ - 32 m2
25 m²,3 phòng,3 phòng,Đã có sổ,"Nhà ngõ, hẻm",,25 m²,130 triệu/m²,,,,Nội thất cao cấp,,ha-noi,"BÁN NHÀ 5 TẦNG KIM GIANG, THANH LIỆT SÁT OTO NHỈNH 3 TỶ",,"Kim Giang, Phường Thanh Trì, Quận Hoàng Mai, Hà NộiXem bản đồ","3,25 tỷ - 25 m2"
36 m²,4 phòng,,,"Nhà ngõ, hẻm",,,"108,33 triệu/m²",,,,,,ha-noi,"Bán nhà ngõ 205 Xuân Đỉnh, 36mx4tầng, 3,9tỷ, gần ô tô, nhà mới ở ngay",,"Xuân Đỉnh, Phường Xuân Đỉnh, Quận Bắc Từ Liêm, Hà NộiXem bản đồ","3,9 tỷ - 36 m2"
,,,,,,,,,,,,,ha-noi,Nhà độc lập 40m2 xây dựng 3 tầng giá chỉ 1.85 tỉ đồng tại Đại Thành,,"Đại Thành , Đông La, Phường Yên Nghĩa, Quận Hà Đông, Hà NộiXem bản đồ","1,85 tỷ - 40 m2"
32 m²,4 phòng,4 phòng,Đã có sổ,"Nhà ngõ, hẻm",,,125 triệu/m²,,5,,Nội thất đầy đủ,,ha-noi,BÁN NHÀ XÂY MỚI ĐỊNH CÔNG NGÕ NÔNG 5 TẦNG DƯỚI 4 TỶ,,"Định Công, Phường Định Công, Quận Hoàng Mai, Hà NộiXem bản đồ",4 tỷ - 32 m2
25 m²,3 phòng,3 phòng,Đã có sổ,"Nhà ngõ, hẻm",,25 m²,130 triệu/m²,,,,Nội thất cao cấp,,ha-noi,"BÁN NHÀ 5 TẦNG KIM GIANG, THANH LIỆT SÁT OTO NHỈNH 3 TỶ",,"Kim Giang, Phường Thanh Trì, Quận Hoàng Mai, Hà NộiXem bản đồ","3,25 tỷ - 25 m2"
36 m²,4 phòng,,,"Nhà ngõ, hẻm",,,"108,33 triệu/m²",,,,,,ha-noi,"Bán nhà ngõ 205 Xuân Đỉnh, 36mx4tầng, 3,9tỷ, gần ô tô, nhà mới ở ngay",,"Xuân Đỉnh, Phường Xuân Đỉnh, Quận Bắc Từ Liêm, Hà NộiXem bản đồ","3,9 tỷ - 36 m2"
40 m²,3 phòng,3 phòng,,"Nhà ngõ, hẻm",,,"46,25 triệu/m²",,3,,Nhà trống,,ha-noi,Nhà độc lập 40m2 xây dựng 3 tầng giá chỉ 1.85 tỉ đồng tại Đại Thành,,"Đại Thành , Đông La, Phường Yên Nghĩa, Quận Hà Đông, Hà NộiXem bản đồ","1,85 tỷ - 40 m2"
40 m²,2 phòng,2 phòng,Đã có sổ,"Nhà mặt phố, mặt tiền",,80 m²,180 triệu/m²,,2,,,,ha-noi,ĐẤT HIẾM - GẦN PHỐ - LÔ GÓC KINH DOANH - OTO - CHỦ CẦN BÁN GẤP,,"Nguyễn xiển, Phường Thanh Xuân Nam, Quận Thanh Xuân, Hà NộiXem bản đồ","7,2 tỷ - 40 m2"
55 m²,4 phòng,,,"Nhà ngõ, hẻm",,,120 triệu/m²,,6,,,,ha-noi,"Bán nhà phố Tô Vĩnh Diện, Thanh Xuân 55m*6T,3 gác tránh, full nội thất",,"Tô Vĩnh Diện, Phường Khương Trung, Quận Thanh Xuân, Hà NộiXem bản đồ","6,6 tỷ - 55 m2"
,,,,,,,,,,,,,ha-noi,Ở NGAY! Nhà dân xây Xuân Phương 59m chỉ 4.x tỷ nhà đẹp 2 thoáng ở luôn,,"Đường Phương Canh, Phường Phương Canh, Quận Nam Từ Liêm, Hà NộiXem bản đồ","4,79 tỷ - 59 m2"
35 m²,4 phòng,,,"Nhà ngõ, hẻm",,,"114,29 triệu/m²",,,,,,ha-noi,"Bán nhà ngõ 205 Xuân Đỉnh, 35mx4tầng, 4 tỷ, gần ô tô, nhà mới ở ngay",,"Xuân Đỉnh, Phường Xuân Đỉnh, Quận Bắc Từ Liêm, Hà NộiXem bản đồ",4 tỷ - 35 m2
35 m²,5 phòng,,,"Nhà ngõ, hẻm",,35 m²,138 triệu/m²,,,,,,ha-noi,"ĐẠI TỪ, 3 MẶT THOÁNG, CÁCH Ô TÔ TRÁNH 10M, 35M2, CHỈ 4.83Tỷ",,"Phố Đại Từ, Phường Đại Kim, Quận Hoàng Mai, Hà NộiXem bản đồ","4,83 tỷ - 35 m2"
