Diện tích đất:,Số phòng ngủ:,Số phòng vệ sinh:,Giấy tờ pháp lý:,Loại hình nhà ở:,Chiều ngang:,Diện tích sử dụng:,Giá/m2:,Hướng cửa chính:,Tổng số tầng:,Đặc điểm nhà/đất:,Tình trạng nội thất:,Chiều dài:,Location,Name,URL,District,Price
35 m²,8 phòng,5 phòng,Đã có sổ,"Nhà ngõ, hẻm",,,"148,57 triệu/m²",Đông Nam,5,,,,ha-noi,TRUNG TÂM CẦU GIẤY - GẦN Ô TÔ - NHÀ ĐẸP - VỪA Ở VỪA CHO THUÊ - 5.2 TỶ.,,"Dương Quảng Hàm, Phường Quan Hoa, Quận Cầu Giấy, Hà NộiXem bản đồ","5,2 tỷ - 35 m2"
33 m²,4 phòng,3 phòng,Đã có sổ,"Nhà ngõ, hẻm",,150 m²,"127,27 triệu/m²",,5,,,,ha-noi,TRUNG TÂM QUẬN - NHÀ MỚI Ở LUÔN - CHỦ TỰ XÂY - GẦN PHỐ - GẦN Ô TÔ,,"Tô Hiệu, Phường Nguyễn Trãi, Quận Hà Đông, Hà NộiXem bản đồ","4,2 tỷ - 33 m2"
35 m²,4 phòng,5 phòng,Đã có sổ,"Nhà ngõ, hẻm",,,"137,14 triệu/m²",,6,,,,ha-noi,"CỰC PHẨM PHÂN LÔ NGỌC HÀ 6 TẦNG THANG MÁY, NGÕ NÔNG GẦN PHỐ NHỈNH 4 TỶ",,"Hoàng Hoa Thám, Phường Ngọc Khánh, Quận Ba Đình, Hà NộiXem bản đồ","4,8 tỷ - 35 m2"
36 m²,2 phòng,2 phòng,Đã có sổ,"Nhà ngõ, hẻm",,72 m²,"111,11 triệu/m²",,,Hẻm xe hơi,,,ha-noi,36M-2T-4 TỶ -CHỦ RẤT THIỆN TRÍ BÁN.💥NHÀ 2 TẦNG CŨ - NGÕ THÔNG -,,"Tô Hiệu, Phường Nguyễn Trãi, Quận Hà Đông, Hà NộiXem bản đồ",4 tỷ - 36 m2
38 m²,3 phòng,,Đã có sổ,"Nhà ngõ, hẻm",4.1999 m,,"155,26 triệu/m²",,5,,Nội thất đầy đủ,,ha-noi,CẦU GIẤY HIẾM THẤY - 10M RA Ô TÔ - LÔ 3 THOÁNG - NHÀ ĐẸP Ở LUÔN.,,"Cầu Giấy, Phường Dịch Vọng, Quận Cầu Giấy, Hà NộiXem bản đồ","5,9 tỷ - 38 m2"
36 m²,3 phòng,4 phòng,Đã có sổ,"Nhà mặt phố, mặt tiền",,,"111,11 triệu/m²",,4,,Nội thất đầy đủ,,ha-noi,BÁN NHÀ XUÂN ĐỈNH- 36M2-4 TẦNG- GIÁ 4 TỶ-SIÊU THOÁNG-GẦN Ô TÔ- NHÀ MỚI,,"Xuân Đỉnh, Phường Xuân Đỉnh, Quận Bắc Từ Liêm, Hà NộiXem bản đồ",4 tỷ - 36 m2
55 m²,4 phòng,,Đã có sổ,"Nhà ngõ, hẻm",8 m,,300 triệu/m²,,5,,Nội thất đầy đủ,,ha-noi,ĐÀO TẤN- 55m- LÔ GÓC- GARA- OTO TRÁNH- NGÕ THÔNG- NHÀ ĐẸP Ở NGAY,,"Phố Đào Tấn, Phường Cống Vị, Quận Ba Đình, Hà NộiXem bản đồ","16,5 tỷ - 55 m2"
36 m²,3 phòng,,Đã có sổ,"Nhà mặt phố, mặt tiền",,,"136,11 triệu/m²",,,"Hẻm xe hơi,Nở hậu",,,ha-noi,"Đăng thật ko đăng ảo, nhà đẹp giá tốt,ô tô đỗ sát nhà.",,"Ngõ Gốc Đề, Phường Hoàng Văn Thụ, Quận Hoàng Mai, Hà NộiXem bản đồ","4,9 tỷ - 36 m2"
36 m²,3 phòng,3 phòng,Đã có sổ,"Nhà mặt phố, mặt tiền",,,"115,28 triệu/m²",,5,,Nội thất cao cấp,,ha-noi,"Bán nhà ngõ 147 TÂN MAI. HOÀNG MAI. 36M. 5 tầng.Mt 3,5m.Giá chào 4 tỷ",,"Ngõ 147, Tân Mai, Phường Tân Mai, Quận Hoàng Mai, Hà NộiXem bản đồ","4,15 tỷ - 36 m2"
70 m²,3 phòng,,,Nhà phố liền kề,5 m,,"258,57 triệu/m²",,5,,Nội thất đầy đủ,,ha-noi,Shop sổ lâu dài Sao Biển hoàn thiện đường 52m giá 18.1 tỷ Vin Gia Lâm,,"Sao Biển, Xã Dương Xá, Huyện Gia Lâm, Hà NộiXem bản đồ","18,1 tỷ - 70 m2"
36.2 m²,4 phòng,,Đã có sổ,"Nhà ngõ, hẻm",,,"129,28 triệu/m²",Đông,4,,Nhà trống,,ha-noi,"Bán gấp nhà Phú Đô, nhà đẹp mới xây xong, ở ngay giá 4.68 tỷ",,"Đường Lê Quang Đạo, Phường Phú Đô, Quận Nam Từ Liêm, Hà NộiXem bản đồ","4,68 tỷ - 36.2 m2"
328 m²,nhiều hơn 10 phòng,Nhiều hơn 6 phòng,Đã có sổ,Nhà biệt thự,,,"207,32 triệu/m²",,4,,,,ha-noi,328m2 góc view sông Ngọc Trai đảo lớn Vinhomes Ocean Park Gia Lâm,,"Yên Viên, Thị trấn Trâu Quỳ, Huyện Gia Lâm, Hà NộiXem bản đồ",68 tỷ - 328 m2
39 m²,3 phòng,3 phòng,Đã có sổ,"Nhà ngõ, hẻm",,,"92,31 triệu/m²",,4,,Nội thất đầy đủ,,ha-noi,LÔ GÓC-DÂN XÂY- MẶT NGÕ THÔNG-KINH DOANH TỐT-10m Ô TÔ-NGÕ 58 CẦU CỐC,,"Ngõ 45 Cầu Cốc, Phường Tây Mỗ, Quận Nam Từ Liêm, Hà NộiXem bản đồ","3,6 tỷ - 39 m2"
33 m²,3 phòng,4 phòng,Đã có sổ,"Nhà ngõ, hẻm",,,"110,61 triệu/m²",,5,,,,ha-noi,"BÁN NHANH NHÀ 4 tầng, Ở LUÔN TRƯỚC TẾT-GIÁ 3,65 tỷ- ĐƯỜNG ĐẠI MỖ",,"Đường Đại Mỗ, Phường Đại Mỗ, Quận Nam Từ Liêm, Hà NộiXem bản đồ","3,65 tỷ - 33 m2"
30 m²,3 phòng,4 phòng,Đã có sổ,"Nhà ngõ, hẻm",,,100 triệu/m²,,5,,,,ha-noi,"CẦN BÁN NHÀ GẤP đường NGỌC TRỤC, ĐẠI MỖ- ĐƯỜNG LÊ QUANG ĐẠO sắp đi qua",,"Phố Ngọc Trục, Phường Đại Mỗ, Quận Nam Từ Liêm, Hà NộiXem bản đồ",3 tỷ - 30 m2
30 m²,3 phòng,4 phòng,Đã có sổ,"Nhà ngõ, hẻm",,,"106,67 triệu/m²",,5,,,,ha-noi,"Bán nhà đang hoàn thiện 1 tháng nữa xong đường Hữu Hưng, Tây Mỗ Nam Từ",,"Đường Hữu Hưng, Phường Đại Mỗ, Quận Nam Từ Liêm, Hà NộiXem bản đồ","3,2 tỷ - 30 m2"
35 m²,3 phòng,,,"Nhà ngõ, hẻm",,,"114,29 triệu/m²",,,,,,ha-noi,NHÀ XÂY MỚI_BA GÁC ĐỖ CỬA_35M2*5TẦNG_NGÃ TƯ TRUNG PHỤNG - XÃ ĐÀN_4 TỶ,,"Phố Trung Phụng, Phường Trung Phụng, Quận Đống Đa, Hà NộiXem bản đồ",4 tỷ - 35 m2
30 m²,4 phòng,,Đã có sổ,"Nhà ngõ, hẻm",,,150 triệu/m²,Đông Bắc,5,,Nhà trống,,ha-noi,"Bán nhà Phú Đô 5 tầng, full nội thất, ở luôn giá 4.5 tỷ",,"Đường Lê Quang Đạo, Phường Phú Đô, Quận Nam Từ Liêm, Hà NộiXem bản đồ","4,5 tỷ - 30 m2"
41 m²,6 phòng,,Đã có sổ,"Nhà ngõ, hẻm",,,"118,29 triệu/m²",,5,,,,ha-noi,"NHÀ DÂN MỚI 4 tầng*41m2,4.85 tỷ- NHẬN NHÀ ĐÓN TẾT-ĐƯỜNG LÊ QUANG ĐẠO",,"Ngõ 8 Lê Quang Đạo, Phường Phú Đô, Quận Nam Từ Liêm, Hà NộiXem bản đồ","4,85 tỷ - 41 m2"
45 m²,3 phòng,5 phòng,Đã có sổ,"Nhà mặt phố, mặt tiền",,,"188,89 triệu/m²",,6,,Nhà trống,,ha-noi,"NHÀ ĐẸP PHÂN LÔ LÕI BA ĐÌNH, 6 TẦNG THANG MÁY, 5M OTO TRÁNH CHỈ 8.X TỶ",,"Phố Vĩnh Phúc, Phường Vĩnh Phúc, Quận Ba Đình, Hà NộiXem bản đồ","8,5 tỷ - 45 m2"
35 m²,3 phòng,,,"Nhà ngõ, hẻm",,,"114,29 triệu/m²",,,,,,ha-noi,NHÀ XÂY MỚI_BA GÁC ĐỖ CỬA_35M2*5TẦNG_NGÃ TƯ TRUNG PHỤNG - XÃ ĐÀN_4 TỶ,,"Phố Trung Phụng, Phường Trung Phụng, Quận Đống Đa, Hà NộiXem bản đồ",4 tỷ - 35 m2
30 m²,4 phòng,,Đã có sổ,"Nhà ngõ, hẻm",,,150 triệu/m²,Đông Bắc,5,,Nhà trống,,ha-noi,"Bán nhà Phú Đô 5 tầng, full nội thất, ở luôn giá 4.5 tỷ",,"Đường Lê Quang Đạo, Phường Phú Đô, Quận Nam Từ Liêm, Hà NộiXem bản đồ","4,5 tỷ - 30 m2"
41 m²,6 phòng,,Đã có sổ,"Nhà ngõ, hẻm",,,"118,29 triệu/m²",,5,,,,ha-noi,"NHÀ DÂN MỚI 4 tầng*41m2,4.85 tỷ- NHẬN NHÀ ĐÓN TẾT-ĐƯỜNG LÊ QUANG ĐẠO",,"Ngõ 8 Lê Quang Đạo, Phường Phú Đô, Quận Nam Từ Liêm, Hà NộiXem bản đồ","4,85 tỷ - 41 m2"
45 m²,3 phòng,5 phòng,Đã có sổ,"Nhà mặt phố, mặt tiền",,,"188,89 triệu/m²",,6,,Nhà trống,,ha-noi,"NHÀ ĐẸP PHÂN LÔ LÕI BA ĐÌNH, 6 TẦNG THANG MÁY, 5M OTO TRÁNH CHỈ 8.X TỶ",,"Phố Vĩnh Phúc, Phường Vĩnh Phúc, Quận Ba Đình, Hà NộiXem bản đồ","8,5 tỷ - 45 m2"
30 m²,3 phòng,4 phòng,Đã có sổ,"Nhà ngõ, hẻm",,,"116,67 triệu/m²",,,,Nội thất đầy đủ,,ha-noi,"NHÀ ĐẸP 30m2 xây 5 tầng NHẬN NGAY chỉ 3,5 tỷ-PHỐ ĐẠI LINH, TRUNG VĂN",,"Phố Đại Linh, Phường Trung Văn, Quận Nam Từ Liêm, Hà NộiXem bản đồ","3,5 tỷ - 30 m2"
30 m²,3 phòng,4 phòng,Đã có sổ,"Nhà ngõ, hẻm",,,150 triệu/m²,,5,,Nhà trống,,ha-noi,BÁN NHÀ XUÂN ĐỈNH - NGÕ THÔNG - BÃI Ô TÔ GẦN - NHÀ MỚI KOONG,,"Xuân Đỉnh, Phường Xuân Đỉnh, Quận Bắc Từ Liêm, Hà NộiXem bản đồ","4,5 tỷ - 30 m2"
50 m²,6 phòng,,,"Nhà ngõ, hẻm",,,119 triệu/m²,,7,,,,ha-noi,BÁN NHÀ ĐỘI CẤN- BA ĐÌNH 50M NHÀ MỚI ĐÓN TẾT FULL ĐỒ GIÁ NHỈNH 5 TỶ,,"Ngõ 194 Đội Cấn, Phường Đội Cấn, Quận Ba Đình, Hà NộiXem bản đồ","5,95 tỷ - 50 m2"
33 m²,3 phòng,4 phòng,Đã có sổ,"Nhà ngõ, hẻm",,,"78,79 triệu/m²",Đông Bắc,45,,,,ha-noi,"Bán nhà Kim Chung Di Trạch 42m2 xây 4 tầng, ô tô đỗ gần,CHỈ 2,6 TỶ",,"Ngõ 22 Đường Yên Vĩnh, Xã Kim Chung, Huyện Hoài Đức, Hà NộiXem bản đồ","2,6 tỷ - 33 m2"
55 m²,6 phòng,,Đã có sổ,"Nhà ngõ, hẻm",4.4 m,,"212,73 triệu/m²",,5,,Nhà trống,,ha-noi,💥TT CẦU GIẤY- 55m- GARA- OTO TRÁNH- PHÂN LÔ- NHÀ ĐẸP Ở NGAY,,"Dương Quảng Hàm, Phường Quan Hoa, Quận Cầu Giấy, Hà NộiXem bản đồ","11,7 tỷ - 55 m2"
36 m²,3 phòng,4 phòng,Đã có sổ,"Nhà ngõ, hẻm",,,"144,44 triệu/m²",,5,,Nội thất cao cấp,,ha-noi,"NHÀ MỚI THỤY KHUÊ 36M2,5TẦNG, CÁCH MẶT PHỐ 50M.NGÕ THÔNG RỘNG",,"Đường Thụy Khuê, Phường Bưởi, Quận Tây Hồ, Hà NộiXem bản đồ","5,2 tỷ - 36 m2"
60 m²,6 phòng,,Đã có sổ,"Nhà mặt phố, mặt tiền",,300 m²,105 triệu/m²,,5,,Nội thất cao cấp,,ha-noi,"Chính chủ bán nhà Từ Liêm, 60m,5 tầng, ôtô dừng đỗ vào nhà, kinh doanh",,"cầu noi, Phường Cổ Nhuế 1, Quận Bắc Từ Liêm, Hà NộiXem bản đồ","6,3 tỷ - 60 m2"
55 m²,4 phòng,4 phòng,Đã có sổ,Nhà phố liền kề,,,"236,36 triệu/m²",,5,,Nội thất cao cấp,,ha-noi,"Bán nhà Đống Đa, 55m, 5 tầng, 4mt, phân lô,ô tô tránh, kinh doanh",,"nguyễn phúc lai, Phường Ô Chợ Dừa, Quận Đống Đa, Hà NộiXem bản đồ",13 tỷ - 55 m2
50 m²,6 phòng,,Đã có sổ,Nhà phố liền kề,,350 m²,300 triệu/m²,,7,,Nội thất cao cấp,,ha-noi,"Bán nhà Trần Quang Diệu, 50m, 7 tầng, thang máy, dat vàng, ô tô tránh",,"Phố Trần Quang Diệu, Phường Ô Chợ Dừa, Quận Đống Đa, Hà NộiXem bản đồ",15 tỷ - 50 m2
32 m²,4 phòng,3 phòng,Đã có sổ,"Nhà mặt phố, mặt tiền",,,"237,5 triệu/m²",,4,,Nội thất cao cấp,,ha-noi,"Bán nhà quận ủy Đống Đa, 32m,4 tầng, phân lô ô tô tránh kinh doanh",,"VÕ Văn Dũng, Phường Ô Chợ Dừa, Quận Đống Đa, Hà NộiXem bản đồ","7,6 tỷ - 32 m2"
70 m²,9 phòng,,,"Nhà mặt phố, mặt tiền",5.5 m,500 m²,"442,86 triệu/m²",,9,,,,ha-noi,"Bán nhà mặt phố Trương Công Giai, Cầu Giấy, 70m , 5.5m mt vỉa hè 8m",,"trương công giai, Phường Dịch Vọng, Quận Cầu Giấy, Hà NộiXem bản đồ",31 tỷ - 70 m2
50 m²,6 phòng,6 phòng,Đã có sổ,"Nhà mặt phố, mặt tiền",,300 m²,320 triệu/m²,,,,Nội thất cao cấp,,ha-noi,"Bán nhà mặt phố Đống Đa, 50m, 6 tầng, thang máy, ô tô kinh doanh, MT 5",,"Phố Nguyễn Phúc Lai, Phường Ô Chợ Dừa, Quận Đống Đa, Hà NộiXem bản đồ",16 tỷ - 50 m2
35 m²,4 phòng,Nhiều hơn 6 phòng,Đã có sổ,"Nhà mặt phố, mặt tiền",,,"157,14 triệu/m²",,4,,Nội thất cao cấp,,ha-noi,"Bán nhà Đống Đa, 35m, 5 tầng, mặt ngõ, ô tô tránh kinh doanh đỉnh",,"Phố Phương Mai, Phường Phương Mai, Quận Đống Đa, Hà NộiXem bản đồ","5,5 tỷ - 35 m2"
68 m²,8 phòng,,Đã có sổ,"Nhà mặt phố, mặt tiền",,,"382,35 triệu/m²",,8,,Nội thất cao cấp,,ha-noi,"Bán nhà Đống Đa, 68m, 7.5m mặt tiền, 8 tầng, thang máy, kinh doanh",,"Phố Tam Khương, Phường Khương Thượng, Quận Đống Đa, Hà NộiXem bản đồ",26 tỷ - 68 m2
28 m²,3 phòng,3 phòng,Đã có sổ,Nhà phố liền kề,,,"153,57 triệu/m²",,5,,Nội thất cao cấp,,ha-noi,"Bán nhà phố liền kề Đống Đa, 5 tầng, 4m mặt tiền, ô tô tránh, 4.3 tỷ",,"Phố Hoàng Ngọc Phách, Phường Láng Hạ, Quận Đống Đa, Hà NộiXem bản đồ","4,3 tỷ - 28 m2"
54 m²,4 phòng,,Đã có sổ,"Nhà mặt phố, mặt tiền",7.5 m,,"314,81 triệu/m²",,5,,Nội thất cao cấp,,ha-noi,"Bán gấp nhà Đống Đa, 54m2, 4 tầng, MT 7.5m, mặt phố, lô góc,ô tô tránh",,"Phố Đặng Tiến Đông, Phường Trung Liệt, Quận Đống Đa, Hà NộiXem bản đồ",17 tỷ - 54 m2
54 m²,4 phòng,,Đã có sổ,"Nhà mặt phố, mặt tiền",7.5 m,,"314,81 triệu/m²",,5,,Nội thất cao cấp,,ha-noi,"Bán gấp nhà Đống Đa, 54m2, 4 tầng, MT 7.5m, mặt phố, lô góc,ô tô tránh",,"Phố Đặng Tiến Đông, Phường Trung Liệt, Quận Đống Đa, Hà NộiXem bản đồ",17 tỷ - 54 m2
46 m²,4 phòng,4 phòng,Đã có sổ,"Nhà mặt phố, mặt tiền",,,"173,91 triệu/m²",,5,,Nội thất cao cấp,,ha-noi,"Bán nhà Thái Hà 46m, 5 tầng, phân lô, ô tô vào nhà 8 tỷ",,"Phố Thái Hà, Phường Trung Liệt, Quận Đống Đa, Hà NộiXem bản đồ",8 tỷ - 46 m2
52 m²,6 phòng,,Đã có sổ,Nhà phố liền kề,,,325 triệu/m²,Đông Nam,6,,Nội thất cao cấp,,ha-noi,"Bán nhà Đống Đa 52m,5MT 6 tầng,thang máy, 2 ô tô vào nhà, kinh doanh",,"Phố Nguyễn Lương Bằng, Phường Quang Trung, Quận Đống Đa, Hà NộiXem bản đồ","16,9 tỷ - 52 m2"
60 m²,6 phòng,6 phòng,,Nhà phố liền kề,6 m,,"283,33 triệu/m²",,6,,,10 m,ha-noi,"Bán nhà Đống Đa, 60m,6 tầng, 6m mặt tiền, gara ô tô, phân lô, quận ủy",,"trần quang diệu, Phường Ô Chợ Dừa, Quận Đống Đa, Hà NộiXem bản đồ",17 tỷ - 60 m2
32 m²,3 phòng,4 phòng,,Nhà phố liền kề,,150 m²,125 triệu/m²,,5,,Nội thất đầy đủ,,ha-noi,"Bán gấp nhà Thái Hà, 32m, 5 tầng, ô tô, nhà mới",,"Đường Thái Hà, Phường Trung Liệt, Quận Đống Đa, Hà NộiXem bản đồ",4 tỷ - 32 m2
31 m²,3 phòng,4 phòng,Đã có sổ,"Nhà ngõ, hẻm",,,"122,58 triệu/m²",,5,,Nhà trống,,ha-noi,VĂN TRÌ/BTL - Ô TÔ VÀO NHÀ - HAI MẶT NGÕ,,"Văn Trì, Phường Phú Diễn, Quận Bắc Từ Liêm, Hà NộiXem bản đồ","3,8 tỷ - 31 m2"
37 m²,4 phòng,4 phòng,Đã có sổ,"Nhà mặt phố, mặt tiền",,,"148,65 triệu/m²",Tây Nam,4,,,,ha-noi,"Bán gấp nhà Đống Đa 37m, 5 tầng, thiết kế hiện đại, xây năm 2021",,"Phố Phương Mai, Phường Phương Mai, Quận Đống Đa, Hà NộiXem bản đồ","5,5 tỷ - 37 m2"
44 m²,4 phòng,4 phòng,Đã có sổ,"Nhà mặt phố, mặt tiền",,,"272,73 triệu/m²",,4,,Nội thất cao cấp,,ha-noi,"Chính chủ bán nhà Lê Đức Thọ, 44m, 4 tầng, ô tô tránh, kinh doanh đỉnh",,"Lê đức thọ, Phường Mai Dịch, Quận Cầu Giấy, Hà NộiXem bản đồ",12 tỷ - 44 m2
30 m²,2 phòng,,Đã có sổ,"Nhà ngõ, hẻm",,,"106,67 triệu/m²",,,,,,ha-noi,Chính chủ bán nhà số 3/47 ngõ 296 minh khai,,"Minh Khai, Phường Mai Động, Quận Hoàng Mai, Hà NộiXem bản đồ","3,2 tỷ - 30 m2"
32 m²,4 phòng,4 phòng,Đã có sổ,"Nhà ngõ, hẻm",,,"112,5 triệu/m²",,5,,Nội thất cao cấp,,ha-noi,"Bán nhà Hoàng Quốc Việt, 32m, 4.5 tầng, 30m ô tô, công viên, 3.6 tỷ",,"Phố Nghĩa Đô, Phường Nghĩa Đô, Quận Cầu Giấy, Hà NộiXem bản đồ","3,6 tỷ - 32 m2"
35 m²,3 phòng,4 phòng,Đã có sổ,"Nhà ngõ, hẻm",,,120 triệu/m²,,5,,Nội thất đầy đủ,,ha-noi,BÁN NHÀ HOÀNG MAI - ĐỀN LỪ - 3 NHÀ RA Ô TÔ TRÁNH 35m² x 5 TẦNG,,"Đường Hoàng Mai, Phường Hoàng Văn Thụ, Quận Hoàng Mai, Hà NộiXem bản đồ","4,2 tỷ - 35 m2"
32 m²,3 phòng,,,"Nhà ngõ, hẻm",,,"118,75 triệu/m²",,,,,,ha-noi,"Bán nhà mới phố Phúc Hoa có ban công thoáng, đi bộ ra C1 Phú Thượng",,"Phố Phúc Hoa, Phường Phú Thượng, Quận Tây Hồ, Hà NộiXem bản đồ","3,8 tỷ - 32 m2"
47 m²,4 phòng,,,"Nhà ngõ, hẻm",,,"117,02 triệu/m²",,,,,,ha-noi,"Bán nhà Tô Ngọc Vân, lô góc, giếng trời, hiện đại, gần hồ Tây, ô tô",,"Ngõ 94 Đường Tô Ngọc Vân, Phường Quảng An, Quận Tây Hồ, Hà NộiXem bản đồ","5,5 tỷ - 47 m2"
32 m²,2 phòng,3 phòng,Đã có sổ,"Nhà ngõ, hẻm",,,100 triệu/m²,,,,,,ha-noi,Bán gấp nhà 4 tầng cực rẻ đẹp tại ngõ Hoà Bình 7 - Minh Khai,,"Ngõ Hoà Bình, Phường Minh Khai, Quận Hai Bà Trưng, Hà NộiXem bản đồ","3,2 tỷ - 32 m2"
43 m²,4 phòng,,,"Nhà ngõ, hẻm",,,"125,58 triệu/m²",,,,,,ha-noi,"Siêu phẩm phố Nhật Chiêu, thoáng trước sau, ba bước hồ Tây, 43m, 5,4tỷ",,"Phố Nhật Chiêu, Phường Nhật Tân, Quận Tây Hồ, Hà NộiXem bản đồ","5,4 tỷ - 43 m2"
83 m²,4 phòng,,Đã có sổ,Nhà phố liền kề,,83 m²,"150,6 triệu/m²",,,Hẻm xe hơi,,,ha-noi,"BÁN GẤP TRONG TUẦN BIỆT THỰ LIỀN KỀ KHU ĐÔ THỊ LA KHÊ, HÀ ĐÔNG",,"Phố Nguyễn Thanh Bình, Phường La Khê, Quận Hà Đông, Hà NộiXem bản đồ","12,5 tỷ - 83 m2"
36 m²,4 phòng,,,"Nhà mặt phố, mặt tiền",3.45 m,144 m²,"130,56 triệu/m²",,4,,,10.5 m,ha-noi,"Cần bán gấp nhà mới xây 4,5 tầng+36m2 tại Miêu Nha, Tây Mỗ. Giá 4,7 tỷ",,"Phố Miêu Nha, Phường Tây Mỗ, Quận Nam Từ Liêm, Hà NộiXem bản đồ","4,7 tỷ - 36 m2"
43 m²,4 phòng,,,"Nhà ngõ, hẻm",,,"125,58 triệu/m²",,,,,,ha-noi,"Bán nhà Trịnh Công Sơn lô góc thoáng, mặt tiền rộng, đi bộ ra hồ Tây",,"Phố Trịnh Công Sơn, Phường Nhật Tân, Quận Tây Hồ, Hà NộiXem bản đồ","5,4 tỷ - 43 m2"
42 m²,6 phòng,4 phòng,Đã có sổ,"Nhà ngõ, hẻm",,210 m²,"116,67 triệu/m²",,5,,,,ha-noi,"Bán nhà Cầu Giấy 42m, 5 tầng, mặt tiền rộng, gần trường chợ, ngõ thông",,"dương quảng hàm, Phường Quan Hoa, Quận Cầu Giấy, Hà NộiXem bản đồ","4,9 tỷ - 42 m2"
36 m²,3 phòng,,Đã có sổ,"Nhà ngõ, hẻm",,36 m²,"205,56 triệu/m²",,6,,Nội thất cao cấp,,ha-noi,BÁN NHÀ LẠC LONG QUÂN 3 MẶT THOÁNG - VIEW ĐẸP 💵- CỰC HIẾM. MUA NGAY,,"Lạc Long Quân , Phường Thụy Khuê, Quận Tây Hồ, Hà NộiXem bản đồ","7,4 tỷ - 36 m2"
40 m²,4 phòng,,Đã có sổ,"Nhà mặt phố, mặt tiền",,40 m²,"107,5 triệu/m²",,5,,Nội thất đầy đủ,,ha-noi,"Bán nhanh căn nhà Đẹp Sài Đồng, Long Biên. Full nội thất, 40m x 5t 4pn",,"Phố Vũ Xuân Thiều, Phường Sài Đồng, Quận Long Biên, Hà NộiXem bản đồ","4,3 tỷ - 40 m2"
30 m²,4 phòng,3 phòng,Đã có sổ,"Nhà mặt phố, mặt tiền",,30 m²,"116,67 triệu/m²",,,,Nội thất đầy đủ,,ha-noi,CÔ HỒNG CẦN TIỀN BÁN GẤP NHÀ PHỐ 8/3 .NHỈNH 3 TỶ - 30m2 - 5 Tầng - 3PN,,"8/3, Phường Thanh Nhàn, Quận Hai Bà Trưng, Hà NộiXem bản đồ","3,5 tỷ - 30 m2"
36 m²,3 phòng,,Đã có sổ,"Nhà mặt phố, mặt tiền",,,"136,11 triệu/m²",,,"Hẻm xe hơi,Nở hậu",,,ha-noi,Giảm giá lần 2 tặng nội thất cho khách mua ở nếu chốt trong tháng.,,"Ngõ Gốc Đề, Phường Hoàng Văn Thụ, Quận Hoàng Mai, Hà NộiXem bản đồ","4,9 tỷ - 36 m2"
45 m²,3 phòng,4 phòng,Đã có sổ,"Nhà ngõ, hẻm",,,"106,67 triệu/m²",,5,,Nội thất cao cấp,,ha-noi,"CHÍNH CHỦ BÁN NHÀ HOÀNG QUỐC VIỆT 45M2 LOGOC,CÁCH OTO TRÁNH 20M- 4,8TY",,"Hoàng Quốc Việt, Phường Cổ Nhuế 1, Quận Bắc Từ Liêm, Hà NộiXem bản đồ","4,8 tỷ - 45 m2"
80 m²,4 phòng,3 phòng,Đã có sổ,"Nhà ngõ, hẻm",,,"143,75 triệu/m²",,3,,Nội thất đầy đủ,,ha-noi,"phân lô Hoàng Quốc Việt, Cầu Giấy 80M, 3 Tầng, MT 6M, Giá 11.5 tỷ.",,"Hoàng Quốc Viết, Phường Nghĩa Đô, Quận Cầu Giấy, Hà NộiXem bản đồ","11,5 tỷ - 80 m2"
45 m²,6 phòng,5 phòng,Đã có sổ,"Nhà mặt phố, mặt tiền",,45 m²,"135,56 triệu/m²",,,,Nội thất cao cấp,,ha-noi,BÁN NHÀ NGAY NGÃ TƯ TRẦN KHÁT CHÂN - LÃNG YÊN - NGÕ Ô TÔ QUA,,"Trần Khắc Chân, Phường Thanh Lương, Quận Hai Bà Trưng, Hà NộiXem bản đồ","6,1 tỷ - 45 m2"
80 m²,2 phòng,,,"Nhà ngõ, hẻm",8.5 m,,200 triệu/m²,,,Nở hậu,,,ha-noi,"BÁN NHÀ NGÕ 68 CẦU GIẤY, VIP, 80M, 3 TẦNG, LÔ GÓC, XÂY CCMN ĐỈNH",,"Cầu Giấy, Phường Quan Hoa, Quận Cầu Giấy, Hà NộiXem bản đồ",16 tỷ - 80 m2
35 m²,4 phòng,,Đã có sổ,"Nhà ngõ, hẻm",,,100 triệu/m²,,4,,Nhà trống,,ha-noi,"Nhà Đẹp 4PN Gần Ô to, Phố Trương Định 35m2 giá 3.5 tỷ.",,"Trương Định, Phường Tương Mai, Quận Hoàng Mai, Hà NộiXem bản đồ","3,5 tỷ - 35 m2"
50 m²,4 phòng,4 phòng,Đã có sổ,Nhà phố liền kề,,,180 triệu/m²,,5,,Nội thất cao cấp,,ha-noi,"Liền kề kdt Văn Khê 50m 5t mt4m vỉ hè ô tô tránh,an sinh,kinh doanh",,"Tố Hữu, Phường La Khê, Quận Hà Đông, Hà NộiXem bản đồ",9 tỷ - 50 m2
45 m²,5 phòng,5 phòng,Đã có sổ,"Nhà ngõ, hẻm",,,"211,11 triệu/m²",,6,,Nội thất đầy đủ,,ha-noi,"Nhà Nguyễn Đình Thi , Tây Hồ 45M, 6 Tầng , giá chỉ 9.5 tỷ, View Hồ.",,"Nguyễn Đình Thi, Phường Thụy Khuê, Quận Tây Hồ, Hà NộiXem bản đồ","9,5 tỷ - 45 m2"
45 m²,4 phòng,4 phòng,Đã có sổ,"Nhà ngõ, hẻm",,,"195,56 triệu/m²",,4,,,,ha-noi,"Bán Nhà Lô Góc Mặt Ngõ Ô Tô Tránh, Kinh Doanh Sầm Uất,Tại Ba Đình",,"Ngọc Hà, Phường Ngọc Hà, Quận Ba Đình, Hà NộiXem bản đồ","8,8 tỷ - 45 m2"
35 m²,3 phòng,4 phòng,Đã có sổ,"Nhà ngõ, hẻm",,,"72,86 triệu/m²",Đông Bắc,5,,,,ha-noi,☎️ Siêu Phẩm mới ting 35m2 5 tầng kim chung,,"Yên Vĩnh, Xã Kim Chung, Huyện Hoài Đức, Hà NộiXem bản đồ","2,55 tỷ - 35 m2"
75 m²,4 phòng,,,"Nhà ngõ, hẻm",4.5998 m,,140 triệu/m²,,4,Hẻm xe hơi,Nội thất đầy đủ,,ha-noi,"Bán nhà phố Nguyễn Trãi, 75m2 mặt tiền 4.6m, nhà đẹp 4 tầng giá 10.5 t",,"Nguyễn Trãi, Phường Thượng Đình, Quận Thanh Xuân, Hà NộiXem bản đồ","10,5 tỷ - 75 m2"
30 m²,3 phòng,,Đã có sổ,"Nhà ngõ, hẻm",4 m,,133 triệu/m²,,5,,Nội thất đầy đủ,,ha-noi,"Bán nhà ngõ 144 Quan Nhân, gần Hồ ở sướng, 30m2 5 tầng giá 3.99 tỷ",,"Quan Nhân, Phường Nhân Chính, Quận Thanh Xuân, Hà NộiXem bản đồ","3,99 tỷ - 30 m2"
31 m²,2 phòng,,Đã có sổ,"Nhà ngõ, hẻm",,,"103,23 triệu/m²",,4,,Nội thất đầy đủ,,ha-noi,NHÀ MỚI ĐẸP NGÕ BAGAC THÔNG NGUYỄN CHÍNH 31M2 GIAD 3.2 TỶ.,,"Nguyễn Chính, Phường Tân Mai, Quận Hoàng Mai, Hà NộiXem bản đồ","3,2 tỷ - 31 m2"
36 m²,3 phòng,,Đã có sổ,"Nhà mặt phố, mặt tiền",,,"136,11 triệu/m²",,,Nở hậu,,,ha-noi,"Nhà Hoàng Mai, ô tô đỗ sát nhà, chốt trong tháng giá 4tix",,"Ngõ Gốc Đề, Phường Hoàng Văn Thụ, Quận Hoàng Mai, Hà NộiXem bản đồ","4,9 tỷ - 36 m2"
35 m²,3 phòng,4 phòng,Đã có sổ,"Nhà ngõ, hẻm",,,"152,86 triệu/m²",,4,,Nội thất cao cấp,,ha-noi,"BÁN NHÀ PHỐ ĐẠI LA 4 TẦNG DÂN XÂY CHẮC CHẮN, ÔTÔ ĐỖ CỬA,KINH DOANH",,"Phố Đại La, Phường Đồng Tâm, Quận Hai Bà Trưng, Hà NộiXem bản đồ","5,35 tỷ - 35 m2"
35 m²,3 phòng,5 phòng,Đã có sổ,"Nhà ngõ, hẻm",,,"211,43 triệu/m²",,6,,Nội thất cao cấp,,ha-noi,"Bán Nhà Lạc Long Quân, TÂY HỒ 35M X 6Tầng Mt 4.3M Giá 7.4 Tỷ .",,"Lạc Long Quân, Phường Xuân La, Quận Tây Hồ, Hà NộiXem bản đồ","7,4 tỷ - 35 m2"
52 m²,4 phòng,,Đã có sổ,"Nhà mặt phố, mặt tiền",3.5999 m,,"292,31 triệu/m²",,5,,Nội thất đầy đủ,,ha-noi,"Cần bán nhà phố Đỗ Quang, 52m2 nhà đẹp 5 tầng giá 15.2 tỷ",,"Đỗ Quang, Phường Trung Hoà, Quận Cầu Giấy, Hà NộiXem bản đồ","15,2 tỷ - 52 m2"
