Diện tích đất:,Số phòng ngủ:,Số phòng vệ sinh:,Giấy tờ pháp lý:,Loại hình nhà ở:,Chiều ngang:,Diện tích sử dụng:,Giá/m2:,Hướng cửa chính:,Tổng số tầng:,Đặc điểm nhà/đất:,Tình trạng nội thất:,Chiều dài:,Location,Name,URL,District,Price
58 m²,5 phòng,,Đã có sổ,"Nhà ngõ, hẻm",,,100 triệu/m²,,4,Hẻm xe hơi,,,ha-noi,"CC BÁN NHÀ CẦU DIỄN, LÔ GÓC, OTO, KINH DOANH, DT 58M, 4T, NHỈNH 5 TỶ",,"Cầu Diễn, Phường Cầu Diễn, Quận Nam Từ Liêm, Hà NộiXem bản đồ","5,8 tỷ - 58 m2"
38 m²,4 phòng,,Đã có sổ,"Nhà ngõ, hẻm",,,100 triệu/m²,,,Nở hậu,,,ha-noi,"BÁN NHÀ CẦU DIỄN, LÔ GÓC, GẦN Ô TÔ ĐỖ, DIỆN TÍCH 38M2, 5TẦNG, 3,8 TỶ",,"Cầu Diễn, Phường Minh Khai, Quận Bắc Từ Liêm, Hà NộiXem bản đồ","3,8 tỷ - 38 m2"
30 m²,3 phòng,4 phòng,Đã có sổ,"Nhà ngõ, hẻm",,,135 triệu/m²,,4,,Nội thất đầy đủ,,ha-noi,NGÕ 3 TRẦN KHÁT CHÂN_5 TẦNG MỚI_4.05 TỶ (HAI BÀ TRƯNG-HÀ NỘI),,"Đường Trần Khát Chân, Phường Thanh Lương, Quận Hai Bà Trưng, Hà NộiXem bản đồ","4,05 tỷ - 30 m2"
43 m²,4 phòng,3 phòng,,"Nhà ngõ, hẻm",,,"99,77 triệu/m²",,,,,,ha-noi,"Rẻ quá! Bán nhà ngõ 58 Trần Bình, lô góc, ngõ rộng, gần phố, full đồ",,"Ngõ 58 Trần Bình, Phường Mai Dịch, Quận Cầu Giấy, Hà NộiXem bản đồ","4,29 tỷ - 43 m2"
39 m²,4 phòng,,Đã có sổ,"Nhà ngõ, hẻm",,,"133,33 triệu/m²",,,,,,ha-noi,"Gấp ! Khu VIP Cầu Giấy góc 3 thoáng, sát ô tô, kinh doanh, 39m2*5T",,"Hồ Tùng Mậu, Phường Mai Dịch, Quận Cầu Giấy, Hà NộiXem bản đồ","5,2 tỷ - 39 m2"
48 m²,6 phòng,6 phòng,Đã có sổ,"Nhà ngõ, hẻm",,,"172,92 triệu/m²",,6,Hẻm xe hơi,,,ha-noi,"Bán nhà Phân lô Chiến Thắng 48 m2, ô thang máy, gara ÔTÔ ,KD, 8.3 tỷ",,"Chiến Thắng, Phường Nguyễn Trãi, Quận Hà Đông, Hà NộiXem bản đồ","8,3 tỷ - 48 m2"
48 m²,4 phòng,4 phòng,Đã có sổ,"Nhà ngõ, hẻm",,,"95,83 triệu/m²",,5,,Nhà trống,,ha-noi,"Hàng còn sót! HÀO NAM, vài bước chân ra Phố , ngõ thông ở ngay 48m* 5T",,"Phố Hào Nam, Phường Cát Linh, Quận Đống Đa, Hà NộiXem bản đồ","4,6 tỷ - 48 m2"
39 m²,4 phòng,4 phòng,Đã có sổ,"Nhà ngõ, hẻm",,,"117,95 triệu/m²",,4,,Nội thất đầy đủ,,ha-noi,"Hiếm- Đẹp - Rẻ! Lương Định Của- Đông Tác , Ngõ rộng . Gần phố 39m*4T",,"Phố Lương Định Của, Phường Kim Liên, Quận Đống Đa, Hà NộiXem bản đồ","4,6 tỷ - 39 m2"
50 m²,4 phòng,3 phòng,Đã có sổ,"Nhà ngõ, hẻm",,,150 triệu/m²,Đông Nam,5,,,,ha-noi,"Bán gấp nhà bồ đề long biên .50m2. 5 tầng. Mt 4.8m2, full nội thất",,"Bồ Đề, Phường Bồ Đề, Quận Long Biên, Hà NộiXem bản đồ","7,5 tỷ - 50 m2"
45 m²,5 phòng,4 phòng,Đã có sổ,"Nhà ngõ, hẻm",,,"115,56 triệu/m²",,4,,Nội thất đầy đủ,,ha-noi,"Thật 100% ! Nhà Thái Hà, 100m ra phố, ngõ rộng ,ở luôn-45m*4T.",,"Phố Thái Hà, Phường Trung Liệt, Quận Đống Đa, Hà NộiXem bản đồ","5,2 tỷ - 45 m2"
30 m²,2 phòng,3 phòng,Đã có sổ,"Nhà ngõ, hẻm",,,"96,67 triệu/m²",Đông Nam,4,,,,ha-noi,Cầu Cốc diện tích: 30m2* 4tầng; mặt tiền: 3.6m; giá: 2.9 Tỷ,,"Ngõ 43 Cầu Cốc, Phường Tây Mỗ, Quận Nam Từ Liêm, Hà NộiXem bản đồ","2,9 tỷ - 30 m2"
45 m²,4 phòng,,Đã có sổ,"Nhà ngõ, hẻm",,,80 triệu/m²,,5,Hẻm xe hơi,,,ha-noi,"BÁN NHÀ CẦU DIỄN, LÔ GÓC, Ô TÔ ĐỖ CỬA, 45M2, 5TẦNG",,"Cầu Diễn, Phường Minh Khai, Quận Bắc Từ Liêm, Hà NộiXem bản đồ","3,6 tỷ - 45 m2"
34 m²,4 phòng,3 phòng,Đã có sổ,"Nhà ngõ, hẻm",,,"164,71 triệu/m²",,5,,Nội thất đầy đủ,,ha-noi,Xã Đàn - Nhỉnh 5T nhà ngay Sát mặt phố. Nhà mới ở luôn 38m*5T,,"Xã Đàn, Phường Nam Đồng, Quận Đống Đa, Hà NộiXem bản đồ","5,6 tỷ - 34 m2"
37 m²,5 phòng,4 phòng,Đã có sổ,"Nhà ngõ, hẻm",,,"131,08 triệu/m²",,4,,Nhà trống,,ha-noi,"Đẹp nhất phân khúc ! Nguyễn Lương Bằng- Ngõ Rộng Thoáng, 5tạ sát cửa 4",,"Phố Nguyễn Lương Bằng, Phường Quang Trung, Quận Đống Đa, Hà NộiXem bản đồ","4,85 tỷ - 37 m2"
37 m²,3 phòng,,Đã có sổ,"Nhà ngõ, hẻm",,,"106,76 triệu/m²",,3,,Nội thất đầy đủ,,ha-noi,"GIÁ ĐẦU TƯ! QUAN NHÂN 37M, NHÀ ĐẸP, NGÕ THÔNG, THOÁNG, VIEW SÂN CHƠI,",,"Quan nhân, Phường Nhân Chính, Quận Thanh Xuân, Hà NộiXem bản đồ","3,95 tỷ - 37 m2"
45 m²,5 phòng,4 phòng,Đã có sổ,"Nhà ngõ, hẻm",,,"115,56 triệu/m²",,5,,Nội thất đầy đủ,,ha-noi,"Rẻ hiếm! Thái Hà, oto, ngõ rộng, 3 thoáng, sân để xe, 45m2*5T",,"Phố Thái Hà, Phường Trung Liệt, Quận Đống Đa, Hà NộiXem bản đồ","5,2 tỷ - 45 m2"
38 m²,6 phòng,6 phòng,Đã có sổ,"Nhà ngõ, hẻm",,,"131,58 triệu/m²",,6,,Nội thất cao cấp,,ha-noi,"41 Thái Hà, ngõ oto, thông thoáng, nhà đẹp, KD, ở ngay 38m2*6T",,"Phố Thái Hà, Phường Trung Liệt, Quận Đống Đa, Hà NộiXem bản đồ",5 tỷ - 38 m2
35 m²,4 phòng,4 phòng,,"Nhà ngõ, hẻm",,,"132,86 triệu/m²",,5,,,,ha-noi,"Bán nhà Phương Mai, ngõ thông, sát hồ, tặng full nội thất xin, 35m2*5T",,"Phố Phương Mai, Phường Phương Mai, Quận Đống Đa, Hà NộiXem bản đồ","4,65 tỷ - 35 m2"
34 m²,3 phòng,4 phòng,Đã có sổ,"Nhà ngõ, hẻm",,,"122,06 triệu/m²",,5,,Nội thất đầy đủ,,ha-noi,"Nhỉnh 4 tỷ Thái Thịnh, ngõ thông, 3 bước ra oto, ở ngay 34m2*5T",,"Phố Thái Thịnh, Phường Trung Liệt, Quận Đống Đa, Hà NộiXem bản đồ","4,15 tỷ - 34 m2"
40 m²,5 phòng,3 phòng,Đã có sổ,"Nhà ngõ, hẻm",,,"121,25 triệu/m²",,4,,Nội thất cao cấp,,ha-noi,"Rẻ ri! Nguyễn Lương Bằng, ngõ thông, rộng thoáng, nhà đẹp, 40m2*4T",,"Phố Nguyễn Lương Bằng, Phường Quang Trung, Quận Đống Đa, Hà NộiXem bản đồ","4,85 tỷ - 40 m2"
38 m²,4 phòng,4 phòng,Đã có sổ,Nhà phố liền kề,,,125 triệu/m²,,4,,Nội thất đầy đủ,,ha-noi,bán nhà 0TO KD Xuân Đỉnh .Tây Hồ Dt 38m 5T Mt 5.2 m .giá 4.75 tỷ,,"Xuân Đỉnh, Phường Xuân Đỉnh, Quận Bắc Từ Liêm, Hà NộiXem bản đồ","4,75 tỷ - 38 m2"
45 m²,6 phòng,,,"Nhà ngõ, hẻm",,,"118,89 triệu/m²",,5,,,,ha-noi,"Lô góc Cổ Nhuế, phân lô oto tránh, mặt ngõ thông, KD đỉnh, 45m*5 tầng",,"Học Viện Cảnh, Phường Cổ Nhuế 1, Quận Bắc Từ Liêm, Hà NộiXem bản đồ","5,35 tỷ - 45 m2"
58 m²,2 phòng,2 phòng,Đã có sổ,"Nhà ngõ, hẻm",,,"89,66 triệu/m²",,2,,,,ha-noi,"Bán đất tặng nhà, Mặt ngõ, Xuân đỉnh, ô tô tránh, Dt 58m2, nhỉnh 5tỷ",,"Xuân Đỉnh, Phường Xuân Đỉnh, Quận Bắc Từ Liêm, Hà NộiXem bản đồ","5,2 tỷ - 58 m2"
36 m²,3 phòng,4 phòng,Đã có sổ,"Nhà ngõ, hẻm",,,"111,11 triệu/m²",,5,,Nhà trống,,ha-noi,"Bán nhà quan nhân, ngõ thông tứ phía ,3 gác đỗ cửa. 36m nhỉnh 4 tỉ",,"Quan Nhân, Phường Nhân Chính, Quận Thanh Xuân, Hà NộiXem bản đồ",4 tỷ - 36 m2
35 m²,4 phòng,,Đã có sổ,"Nhà ngõ, hẻm",,,"130,86 triệu/m²",,6,,,,ha-noi,"Chỉ 4 tỷ có ngay nhà Mới ở luôn- cổ nhuế 35m2 x6 tầng - thang máy,",,"Cổ Nhuế, Phường Cổ Nhuế 1, Quận Bắc Từ Liêm, Hà NộiXem bản đồ","4,58 tỷ - 35 m2"
47 m²,4 phòng,,,"Nhà ngõ, hẻm",,,"108,51 triệu/m²",,,,,,ha-noi,Đón Tết_Đội Cấn_2 Thoáng_Gần Ngõ Ô tô_Xây Tâm Huyết_Ở Ngay_Ở Sướng,,"Đội Cấn, Phường Đội Cấn, Quận Ba Đình, Hà NộiXem bản đồ","5,1 tỷ - 47 m2"
30 m²,3 phòng,4 phòng,Đã có sổ,"Nhà ngõ, hẻm",,,"148,33 triệu/m²",,5,,Nội thất đầy đủ,,ha-noi,"Bán nhà Cổ Nhuế, gần HV Tài Chính, oto đỗ cửa, 3 thoáng, mới đẹp,30*5t",,"Đường Văn Hiến, Phường Cổ Nhuế 1, Quận Bắc Từ Liêm, Hà NộiXem bản đồ","4,45 tỷ - 30 m2"
47 m²,4 phòng,3 phòng,Đã có sổ,"Nhà ngõ, hẻm",,,"127,66 triệu/m²",,4,,Nội thất đầy đủ,,ha-noi,Nhà cự lộc- giáp nhất- Mặt ngõ- lô góc-dân xây-47m-4Tầng hơn 6 tỉ tí.,,"Giáp Nhất, Phường Nhân Chính, Quận Thanh Xuân, Hà NộiXem bản đồ",6 tỷ - 47 m2
44 m²,4 phòng,4 phòng,Đã có sổ,"Nhà ngõ, hẻm",,,"136,36 triệu/m²",,5,,Nội thất đầy đủ,,ha-noi,NHÀ HOÀNG NGÂN-MẶT NGÕ-44M-5 TẦNG-HƠN 6 TỶ,,"Hoàng Ngân, Phường Nhân Chính, Quận Thanh Xuân, Hà NộiXem bản đồ",6 tỷ - 44 m2
35 m²,3 phòng,4 phòng,Đã có sổ,"Nhà ngõ, hẻm",,,"194,29 triệu/m²",Đông,5,,,,ha-noi,"Anh Lâm Chính Chủ Nhờ Bán Căn Nhà Phố Kim Ngưu - Hai Bà Trưng, Ô Tô",,"Phố Kim Ngưu, Phường Thanh Lương, Quận Hai Bà Trưng, Hà NộiXem bản đồ","6,8 tỷ - 35 m2"
58 m²,3 phòng,3 phòng,Đã có sổ,"Nhà ngõ, hẻm",,,"198,28 triệu/m²",Đông Nam,,,Nội thất cao cấp,,ha-noi,"BÁN NHÀ PHỐ BÙI HUY BÍCH, HÀNG XÓM QUẬN UỶ HOÀNG MAI, Ở SƯỚNG FULL ĐỒ",,"Bùi Huy Bích, Phường Hoàng Liệt, Quận Hoàng Mai, Hà NộiXem bản đồ","11,5 tỷ - 58 m2"
55 m²,3 phòng,5 phòng,Đã có sổ,"Nhà mặt phố, mặt tiền",,,"211,82 triệu/m²",Tây,6,,,,ha-noi,"Bán Nhà Kim Đồng- Tương Mai- Mặt Phố Vỉa Hè - Kinh Doanh Sầm Uất ,Gara",,"Phố Tương Mai, Phường Tương Mai, Quận Hoàng Mai, Hà NộiXem bản đồ","11,65 tỷ - 55 m2"
52 m²,5 phòng,6 phòng,Đã có sổ,"Nhà ngõ, hẻm",,,"188,46 triệu/m²",Đông Nam,7,,,,ha-noi,"BÁN NHÀ MỚI ĐỊNH CÔNG THƯỢNG, 52M2 -7 TẦNG TM, Ô TÔ - 9.8 TỶ",,"1 Phố Đinh Công Thượng, Phường Định Công, Quận Hoàng Mai, Hà NộiXem bản đồ","9,8 tỷ - 52 m2"
35 m²,4 phòng,3 phòng,Đã có sổ,"Nhà ngõ, hẻm",,,"118,57 triệu/m²",Bắc,4,,,,ha-noi,"Bán Nhà Nguyễn Đức Cảnh, Trương định, Ba gác đỗ cửa, Ngõ Thông tứ tung",,"Phố Nguyễn Đức Cảnh, Phường Hoàng Văn Thụ, Quận Hoàng Mai, Hà NộiXem bản đồ","4,15 tỷ - 35 m2"
42 m²,3 phòng,4 phòng,Đã có sổ,Nhà phố liền kề,,,"233,33 triệu/m²",,5,,,,ha-noi,"Phân lô ô tô tránh Hoàng Quốc Việt, 42m*5T*mặt tiền 6m. Kinh Doanh.",,"Hoàng Quốc Việt, Phường Dịch Vọng Hậu, Quận Cầu Giấy, Hà NộiXem bản đồ","9,8 tỷ - 42 m2"
58 m²,3 phòng,,Đã có sổ,"Nhà ngõ, hẻm",5 m,,"81,03 triệu/m²",,,,Nhà trống,11 m,ha-noi,"CỰC ĐỈNH : nhà Lạc Trung , 58m2 , 4,7 tỷ, nhà HIẾM , khó tìm căn thứ 2",,"lạc trung, Phường Thanh Lương, Quận Hai Bà Trưng, Hà NộiXem bản đồ","4,7 tỷ - 58 m2"
63 m²,4 phòng,,,"Nhà ngõ, hẻm",,,"87,3 triệu/m²",,,,,,ha-noi,"Thật 1000%! Mặt ngõ Dịch Vọng sát ô tô, khu VIP,sầm uất,63m*4T",,"Dịch Vọng, Phường Dịch Vọng, Quận Cầu Giấy, Hà NộiXem bản đồ","5,5 tỷ - 63 m2"
33 m²,4 phòng,,Đã có sổ,"Nhà ngõ, hẻm",,,"96,97 triệu/m²",,5,,,,ha-noi,"Khu Mới Quận uỷ !! Bán Nhà Mặt ngõ phú diễn - xây mới, ở sướng- dt 33m",,"Phú Minh, Phường Phú Diễn, Quận Bắc Từ Liêm, Hà NộiXem bản đồ","3,2 tỷ - 33 m2"
40 m²,4 phòng,4 phòng,Đã có sổ,"Nhà ngõ, hẻm",,,"143,75 triệu/m²",,5,,Nội thất cao cấp,,ha-noi,Bán nhà đẹp Láng Hạ 40m2*5T ngõ rộng đẹp cực gần phố 5.75 tỷ,,"Phố Láng Hạ, Phường Giảng Võ, Quận Ba Đình, Hà NộiXem bản đồ","5,75 tỷ - 40 m2"
31 m²,3 phòng,4 phòng,Đã có sổ,"Nhà ngõ, hẻm",6.5 m,,"128,39 triệu/m²",,5,,,,ha-noi,NHÀ ĐẸP - NGÕ THÔNG - MẶT TIỀN RỘNG - KINH DOANH - SĐCC,,"Phố Kim Ngưu, Phường Thanh Lương, Quận Hai Bà Trưng, Hà NộiXem bản đồ","3,98 tỷ - 31 m2"
30 m²,3 phòng,4 phòng,Đã có sổ,"Nhà ngõ, hẻm",,,"162,93 triệu/m²",,5,,Nội thất cao cấp,,ha-noi,PHỐ CỔ LÒ ĐÚC - NHÀ ĐẸP HAI THOÁNG - SÁT PHỐ Ở NGAY,,"Phố Lò Đúc, Phường Phạm Đình Hổ, Quận Hai Bà Trưng, Hà NộiXem bản đồ","4,888 tỷ - 30 m2"
26 m²,3 phòng,3 phòng,Đã có sổ,"Nhà ngõ, hẻm",,,"165,38 triệu/m²",,4,,Nội thất cao cấp,,ha-noi,NHÀ THANH XUÂN - 25M THẲNG TẮP RA PHỐ - PHÂN LÔ QUÂN ĐỘI - 5 TẠ ĐỖ CỬA,,"Lê Trọng Tấn, Phường Khương Mai, Quận Thanh Xuân, Hà NộiXem bản đồ","4,3 tỷ - 26 m2"
42 m²,4 phòng,3 phòng,Đã có sổ,"Nhà ngõ, hẻm",,,"123,81 triệu/m²",,5,,,,ha-noi,Bán Nhà Phố Hồ Tùng Mậu - 42m2 - 4 PN - Lô Góc - Nhà đep. Ngõ rộng.,,"Hồ Tùng Mậu, Phường Cầu Diễn, Quận Nam Từ Liêm, Hà NộiXem bản đồ","5,2 tỷ - 42 m2"
38 m²,4 phòng,4 phòng,Đã có sổ,"Nhà mặt phố, mặt tiền",,,250 triệu/m²,,6,,Nội thất đầy đủ,,ha-noi,"Bán nhà mặt phố Nguyễn Văn Cừ- Long Biên 38mx6. Giá 9,5 tỷ. Hiếm, KD",,"Nguyễn Văn Cừ, Phường Bồ Đề, Quận Long Biên, Hà NộiXem bản đồ","9,5 tỷ - 38 m2"
40 m²,4 phòng,6 phòng,Đã có sổ,"Nhà ngõ, hẻm",,,"162,5 triệu/m²",,7,,Nội thất cao cấp,,ha-noi,"CẦN BÁN NHÀ PHỐ TÔ VĨNH DIỆN 7 TẦNG THANG MÁY,ÔTÔ, KINH DOANH, HIẾM",,"Tô Vĩnh DIỆN, Phường Khương Trung, Quận Thanh Xuân, Hà NộiXem bản đồ","6,5 tỷ - 40 m2"
45 m²,6 phòng,6 phòng,Đã có sổ,"Nhà ngõ, hẻm",,,"177,78 triệu/m²",,7,,Nội thất cao cấp,,ha-noi,"Bán nhà Thuỵ Khuê 45m2 ,6 tầng thang máy, Chỉ 8 tỷ",,"Đường Thụy Khuê, Phường Bưởi, Quận Tây Hồ, Hà NộiXem bản đồ",8 tỷ - 45 m2
80 m²,5 phòng,,Đã có sổ,"Nhà mặt phố, mặt tiền",4.5998 m,,"312,5 triệu/m²",,7,,Nội thất cao cấp,,ha-noi,MẶT PHỐ BA ĐÌNH-80m- 7t THANG MÁY- OTO TRÁNH- KINH DOANH- NỘI THẤT XỊN,,"Phố Vĩnh Phúc, Phường Vĩnh Phúc, Quận Ba Đình, Hà NộiXem bản đồ",25 tỷ - 80 m2
34 m²,3 phòng,4 phòng,Đã có sổ,"Nhà ngõ, hẻm",,,"104,41 triệu/m²",,5,,Nội thất đầy đủ,,ha-noi,"BÁN NHÀ TRUNG TÂM ĐỐNG ĐA – NGÕ KINH DOANH, 34M, 5 TẦNG, 3,55 TỶ",,"Phố Khâm Thiên, Phường Khâm Thiên, Quận Đống Đa, Hà NộiXem bản đồ","3,55 tỷ - 34 m2"
40 m²,3 phòng,4 phòng,Đã có sổ,"Nhà ngõ, hẻm",,,"183,75 triệu/m²",,5,,,,ha-noi,NHÀ PHỐ ĐẠI LA - MỚI KINGKOONG - MẶT NGÕ NÔNG - Ô TÔ - KINH DOANH SẦM,,"Phố Đại La, Phường Trương Định, Quận Hai Bà Trưng, Hà NộiXem bản đồ","7,35 tỷ - 40 m2"
60 m²,6 phòng,4 phòng,Đã có sổ,"Nhà ngõ, hẻm",,,"108,33 triệu/m²",,5,,Nội thất đầy đủ,,ha-noi,Bán nhà mặt ngõ 121 KIM NGƯU - HAI BÀ TRƯNG,,"Phố Kim Ngưu, Phường Thanh Lương, Quận Hai Bà Trưng, Hà NộiXem bản đồ","6,5 tỷ - 60 m2"
58 m²,5 phòng,5 phòng,Đã có sổ,"Nhà mặt phố, mặt tiền",,,"186,21 triệu/m²",,5,,Nội thất đầy đủ,,ha-noi,PHÂN LÔ MINH KHAI - HAI BÀ TRƯNG- DÂN XÂY - Ô TÔ TRÁNH - Ô TÔ QUA NHÀ.,,"Phố Minh Khai, Phường Minh Khai, Quận Hai Bà Trưng, Hà NộiXem bản đồ","10,8 tỷ - 58 m2"
42 m²,4 phòng,,,"Nhà ngõ, hẻm",,,"71,43 triệu/m²",,,,,,ha-noi,BÁN NHÀ ĐẸP PHÚ ĐÔ - NGÕ Ô TÔ LAO VÙ VÙ - BUÔN BAN TẤP LẬp - GIÁ 3 TỶ,,"Đường Lê Quang Đạo, Phường Phú Đô, Quận Nam Từ Liêm, Hà NộiXem bản đồ",3 tỷ - 42 m2
56 m²,5 phòng,5 phòng,Đã có sổ,"Nhà ngõ, hẻm",,,155 triệu/m²,,8,,Nhà trống,,ha-noi,"Cần gấp bán nhà đẹp mới phố Minh Khai, HBT ô tô, thang máy Kinh doanh",,"Phố Minh Khai, Phường Vĩnh Tuy, Quận Hai Bà Trưng, Hà NộiXem bản đồ","8,68 tỷ - 56 m2"
42 m²,3 phòng,,Đã có sổ,"Nhà ngõ, hẻm",,,"157,14 triệu/m²",,,,,,ha-noi,THẬT 100% CHÙA BỘC LÔ GÓC - PHỐ VIP CHÙA BỘC - SÁT PHỐ - NHÀ ĐẸP - TH,,"Chùa Bộc, Phường Kim Liên, Quận Đống Đa, Hà NộiXem bản đồ","6,6 tỷ - 42 m2"
57 m²,9 phòng,Nhiều hơn 6 phòng,,"Nhà ngõ, hẻm",,,"91,23 triệu/m²",,,,,,ha-noi,"Bán nhà rẻ,đẹp,kt nhất pk dòng tiền ở Mỹ Đình.57m2,9 phòng kk, 5.2 tỷ.",,"Đường Mỹ Đình, Phường Mỹ Đình 2, Quận Nam Từ Liêm, Hà NộiXem bản đồ","5,2 tỷ - 57 m2"
62 m²,1 phòng,1 phòng,,"Nhà mặt phố, mặt tiền",4 m,,"153,23 triệu/m²",,1,,,15 m,ha-noi,Phân lô Phú Diễn 62m2 trục chính kinh doanh đỉnh,,"Đường Phú Diễn, Phường Phú Diễn, Quận Bắc Từ Liêm, Hà NộiXem bản đồ","9,5 tỷ - 62 m2"
49 m²,4 phòng,4 phòng,Đã có sổ,"Nhà ngõ, hẻm",,,"80,61 triệu/m²",,4,,Nội thất cao cấp,,ha-noi,"Gốc đề - Minh Khai - Nhà Đẹp Đón Tết, Dt 49M x 4T, Chỉ 3.95 tỷ",,"Gốc đề, Phường Minh Khai, Quận Hai Bà Trưng, Hà NộiXem bản đồ","3,95 tỷ - 49 m2"
44 m²,4 phòng,4 phòng,,"Nhà ngõ, hẻm",3.2999 m,,75 triệu/m²,,4,,,12 m,ha-noi,BÁN NHÀ NGỌC TRÌ DIỆN TÍCH 44M – 4 NGỦ NHỈNH 3TỶ,,"Phố Ngọc Trì, Phường Thạch Bàn, Quận Long Biên, Hà NộiXem bản đồ","3,3 tỷ - 44 m2"
50 m²,4 phòng,5 phòng,Đã có sổ,"Nhà mặt phố, mặt tiền",,,220 triệu/m²,Tây Nam,5,,,,ha-noi,ĐỪNG BỎ LỠ - TRUNG TÂM LONG BIÊN - NHÀ NGUYỄN SƠN ĐẸP LONG LANH,,"Đường Nguyễn Sơn, Phường Long Biên, Quận Long Biên, Hà NộiXem bản đồ",11 tỷ - 50 m2
30 m²,4 phòng,3 phòng,Đã có sổ,"Nhà ngõ, hẻm",,,"132,67 triệu/m²",,4,,Nội thất cao cấp,,ha-noi,Vị trí đẹp - 2 MẶT ngõ thông - ÔTô đỗ cửa - KINH DOANH - LÊ TRỌNG TẤN,,"lê trọng tấn, Phường Định Công, Quận Hoàng Mai, Hà NộiXem bản đồ","3,98 tỷ - 30 m2"
31 m²,3 phòng,4 phòng,Đã có sổ,"Nhà ngõ, hẻm",,,150 triệu/m²,,5,,Nhà trống,,ha-noi,Bán nhà Thụy Khuê nhà mới 5 tầng 3 ngủ hơn 4 tỷ,,"Thụy Khuê, Phường Thụy Khuê, Quận Tây Hồ, Hà NộiXem bản đồ","4,65 tỷ - 31 m2"
30 m²,3 phòng,4 phòng,Đã có sổ,"Nhà ngõ, hẻm",,,"158,33 triệu/m²",,4,,Nội thất đầy đủ,,ha-noi,"Bán nhà đẹp Thụy Khuê, 30m2*4T, 3 p ngủ, gần phố, 4.x tỷ",,"Thụy Khuê, Phường Thụy Khuê, Quận Tây Hồ, Hà NộiXem bản đồ","4,75 tỷ - 30 m2"
42 m²,4 phòng,5 phòng,Đã có sổ,"Nhà ngõ, hẻm",,,"117,86 triệu/m²",,5,,Nội thất đầy đủ,,ha-noi,BÁN NHÀ DƯƠNG QUẢNG HÀM CẦU GIẤY,,"Dương Quảng Hàm, Phường Quan Hoa, Quận Cầu Giấy, Hà NộiXem bản đồ","4,95 tỷ - 42 m2"
38 m²,3 phòng,5 phòng,Đã có sổ,"Nhà ngõ, hẻm",,,"111,84 triệu/m²",,5,,Nội thất đầy đủ,,ha-noi,BÁN NHÀ MỸ ĐÌNH NHỈNH 4 TỶ ÔTÔ ĐỖ CỬA,,"Mỹ Đình, Phường Mỹ Đình 2, Quận Nam Từ Liêm, Hà NộiXem bản đồ","4,25 tỷ - 38 m2"
30 m²,3 phòng,4 phòng,Đã có sổ,"Nhà ngõ, hẻm",,,"143,33 triệu/m²",,5,,Nội thất đầy đủ,,ha-noi,Bán nhà xuân đỉnh ôtô 7 chỗ vào nhà.cả khu vực ko có căn thứ hai,,"Đường Xuân Đỉnh, Phường Xuân Đỉnh, Quận Bắc Từ Liêm, Hà NộiXem bản đồ","4,3 tỷ - 30 m2"
92 m²,1 phòng,1 phòng,Đã có sổ,"Nhà ngõ, hẻm",,,"70,65 triệu/m²",,1,,Nhà trống,,ha-noi,Bán đất cách đường cầu diễn 60 m ôtô vào đất.,,"Cầu DIễn, Phường Phúc Diễn, Quận Bắc Từ Liêm, Hà NộiXem bản đồ","6,5 tỷ - 92 m2"
43 m²,6 phòng,5 phòng,Đã có sổ,"Nhà ngõ, hẻm",,,"137,21 triệu/m²",,5,,Nội thất đầy đủ,,ha-noi,"Bán nhà đẹp Võng Thị 43/48m2*5T, 6 p ngủ, 20m ra ô tô, full nội thất",,"Võng Thị, Phường Thụy Khuê, Quận Tây Hồ, Hà NộiXem bản đồ","5,9 tỷ - 43 m2"
38 m²,5 phòng,4 phòng,Đã có sổ,"Nhà ngõ, hẻm",,,"117,11 triệu/m²",,5,,Nội thất đầy đủ,,ha-noi,"Bán nhà 173 An Dương Vương 38m2*5T, 5 ngủ, lô góc, 10m ra ô tô",,"173 An Dương Vương, Phường Phú Thượng, Quận Tây Hồ, Hà NộiXem bản đồ","4,45 tỷ - 38 m2"
31 m²,4 phòng,5 phòng,Đã có sổ,"Nhà ngõ, hẻm",,,"186,77 triệu/m²",,6,,Nội thất đầy đủ,,ha-noi,Bán nhà đẹp 6 tầng Giang Văn Minh 4 ngủ ngõ nông 5.x tỷ,,"Phố Giang Văn Minh, Phường Kim Mã, Quận Ba Đình, Hà NộiXem bản đồ","5,79 tỷ - 31 m2"
35 m²,3 phòng,4 phòng,Đã có sổ,"Nhà ngõ, hẻm",,,"128,57 triệu/m²",,5,,Nội thất đầy đủ,,ha-noi,"Ngõ 678 La Thành nhà đẹp 35m2*5T, 3 ngủ về ở ngay, hơn 4 tỷ",,"Ngõ 678 Đường La Thành, Phường Giảng Võ, Quận Ba Đình, Hà NộiXem bản đồ","4,5 tỷ - 35 m2"
40 m²,4 phòng,5 phòng,Đã có sổ,"Nhà ngõ, hẻm",,,"213,75 triệu/m²",,6,,Nội thất đầy đủ,,ha-noi,"Vĩnh Phúc nhà mới, 6 tầng thang máy, ô tô, hiếm.",,"Phố Vĩnh Phúc, Phường Vĩnh Phúc, Quận Ba Đình, Hà NộiXem bản đồ","8,55 tỷ - 40 m2"
24 m²,4 phòng,5 phòng,Đã có sổ,"Nhà mặt phố, mặt tiền",,,"245,83 triệu/m²",,5,,Nội thất đầy đủ,,ha-noi,Mặt phố hồ Ngọc Khánh kinh doanh sầm uất hơn 5 tỷ,,"Phố Phạm Huy Thông, Phường Ngọc Khánh, Quận Ba Đình, Hà NộiXem bản đồ","5,9 tỷ - 24 m2"
24 m²,3 phòng,3 phòng,,"Nhà ngõ, hẻm",33 m,,"112,08 triệu/m²",,4,,,7 m,ha-noi,NGUYÊN CÔNG CHỨ. HƯƠNG VIÊN. PHỐ HUẾ,,"Pjoos Hương Viên, Phường Cầu Dền, Quận Hai Bà Trưng, Hà NộiXem bản đồ","2,69 tỷ - 24 m2"
40 m²,4 phòng,5 phòng,Đã có sổ,"Nhà ngõ, hẻm",,,"182,5 triệu/m²",,5,,Nhà trống,,ha-noi,"Nhà mới Yên Hoà, 20m ra phố, ngõ to, 40mx5T, hơn 7 tỷ.",,"Yên Hoà, Phường Yên Hoà, Quận Cầu Giấy, Hà NộiXem bản đồ","7,3 tỷ - 40 m2"
39 m²,3 phòng,4 phòng,Đã có sổ,"Nhà ngõ, hẻm",,,"146,15 triệu/m²",,5,,Nội thất cao cấp,,ha-noi,"Nhà sát phố Hoàng Hoa Thám, lô góc, sân rộng,39m×5T mt 4m chỉ hơn 5 tỷ",,"Hoàng Hoa Thám, Phường Cống Vị, Quận Ba Đình, Hà NộiXem bản đồ","5,7 tỷ - 39 m2"
40 m²,5 phòng,5 phòng,Đã có sổ,"Nhà ngõ, hẻm",,,"282,2 triệu/m²",,6,,Nhà trống,,ha-noi,Phân lô ngõ 199 Trần Quốc Hoàn 6 tầng Thang máy Mới tinh Kinh doanh,,"Trần Quốc Hoàn, Phường Dịch Vọng Hậu, Quận Cầu Giấy, Hà NộiXem bản đồ","11,288 tỷ - 40 m2"
115 m²,4 phòng,3 phòng,Đã có sổ,"Nhà ngõ, hẻm",,,"69,57 triệu/m²",,4,,Nội thất đầy đủ,,ha-noi,"Bán nhà đất mặt ngõ Lạc Long Quân 115m2, nhà mặt ngõ thông",,"Lạc Long Quân, Phường Xuân La, Quận Tây Hồ, Hà NộiXem bản đồ",8 tỷ - 115 m2
72 m²,4 phòng,3 phòng,Đã có sổ,"Nhà ngõ, hẻm",,,"220,83 triệu/m²",,3,,Nội thất cao cấp,,ha-noi,"Bán nhà Tô Ngọc Vân, ô tô đỗ cửa, 72m2, gần phố, sân rộng",,"Tô Ngọc Vân, Phường Quảng An, Quận Tây Hồ, Hà NộiXem bản đồ","15,9 tỷ - 72 m2"
30 m²,3 phòng,4 phòng,Đã có sổ,"Nhà ngõ, hẻm",,,150 triệu/m²,,5,,Nội thất đầy đủ,,ha-noi,"Bán nhà đẹp Hoàng Quốc Việt, 5 tầng 3 ngủ full nội thất lung linh",,"Hoàng Quốc Việt, Phường Nghĩa Tân, Quận Cầu Giấy, Hà NộiXem bản đồ","4,5 tỷ - 30 m2"
39 m²,4 phòng,5 phòng,Đã có sổ,"Nhà ngõ, hẻm",,,"176,92 triệu/m²",,6,,Nội thất cao cấp,,ha-noi,"Nhà phân lô ô tô Lạc Long Quân, đủ nội thất nhập 39m×6T chỉ hơn 6 tỷ",,"Lạc long quân, Phường Xuân La, Quận Tây Hồ, Hà NộiXem bản đồ","6,9 tỷ - 39 m2"
30 m²,3 phòng,4 phòng,Đã có sổ,"Nhà ngõ, hẻm",,,150 triệu/m²,,5,,Nội thất đầy đủ,,ha-noi,"Bán nhà đẹp Hoàng Quốc Việt, 5 tầng 3 ngủ full nội thất lung linh",,"Hoàng Quốc Việt, Phường Nghĩa Tân, Quận Cầu Giấy, Hà NộiXem bản đồ","4,5 tỷ - 30 m2"
39 m²,4 phòng,5 phòng,Đã có sổ,"Nhà ngõ, hẻm",,,"176,92 triệu/m²",,6,,Nội thất cao cấp,,ha-noi,"Nhà phân lô ô tô Lạc Long Quân, đủ nội thất nhập 39m×6T chỉ hơn 6 tỷ",,"Lạc long quân, Phường Xuân La, Quận Tây Hồ, Hà NộiXem bản đồ","6,9 tỷ - 39 m2"
29 m²,2 phòng,1 phòng,Đã có sổ,"Nhà ngõ, hẻm",,,"108,62 triệu/m²",,2,,Nhà trống,,ha-noi,"Bán đất 29m, nhà 2 tầng, cạnh trường C1 & C2 Hạ Đình, giá chỉ 3.15 tỷ",,"Khương Đình, Phường Hạ Đình, Quận Thanh Xuân, Hà NộiXem bản đồ","3,15 tỷ - 29 m2"
36 m²,3 phòng,4 phòng,Đã có sổ,"Nhà ngõ, hẻm",,,"97,22 triệu/m²",,5,,Nội thất đầy đủ,,ha-noi,"Nhà phố Tân Triều, Lô Góc, DT 13tr, 36m, 5 tầng, mt 12m, giá 3.5x tỷ.",,"Tân Triều, Xã Tân Triều, Huyện Thanh Trì, Hà NộiXem bản đồ","3,5 tỷ - 36 m2"
38 m²,4 phòng,4 phòng,Đã có sổ,"Nhà ngõ, hẻm",,40 m²,"92,11 triệu/m²",,,,Nội thất đầy đủ,,ha-noi,"Nhà phố Khương Trung, LÔ GÓC, 38m, 4 tầng, giá 3,5 tỷ hơn gần Đầm Hồng",,"Khương Trung, Phường Khương Đình, Quận Thanh Xuân, Hà NộiXem bản đồ","3,5 tỷ - 38 m2"
45 m²,4 phòng,,Đã có sổ,"Nhà ngõ, hẻm",,,"146,67 triệu/m²",Đông Nam,4,,Nội thất đầy đủ,,ha-noi,"HẠCHÀO 500 TRIỆU!NHỈNH 6 TỶ CÓ NHÀ ĐẸP,HOÀNG CẦU,CĂN GÓC,Ô TÔ,45m*3.5m",,"Phố Hoàng Cầu, Phường Trung Liệt, Quận Đống Đa, Hà NộiXem bản đồ","6,6 tỷ - 45 m2"
39 m²,3 phòng,4 phòng,Đã có sổ,"Nhà ngõ, hẻm",,,"137,95 triệu/m²",,5,,Nội thất đầy đủ,,ha-noi,"Cần bán trước Tết, nhà sát phố Hoàng Hoa Thám, sân rộng, mt 4m 39m×5T",,"Hoàng Hoa Thám, Phường Vĩnh Phúc, Quận Ba Đình, Hà NộiXem bản đồ","5,38 tỷ - 39 m2"
51 m²,2 phòng,2 phòng,Đã có sổ,"Nhà ngõ, hẻm",4 m,,"72,55 triệu/m²",,1,,,,ha-noi,Bán căn nhà Ngõ Linh Quang phố Tôn Thất Thắng. Sổ đỏ 51M giá rẻ,,"Ngõ Linh Quang, Phường Quốc Tử Giám, Quận Đống Đa, Hà NộiXem bản đồ","3,7 tỷ - 51 m2"
40 m²,3 phòng,,Đã có sổ,"Nhà ngõ, hẻm",6 m,,140 triệu/m²,,5,,Nội thất cao cấp,,ha-noi,NGÕ THOÁNG GẦN Ô TÔ. NHÀ MỚI ĐẸP. TRẦN THÁI TÔNG CẦU GIẤY 40M*5T MT 6M,,"Trần Thái Tông, Phường Dịch Vọng, Quận Cầu Giấy, Hà NộiXem bản đồ","5,6 tỷ - 40 m2"
40 m²,4 phòng,4 phòng,Đã có sổ,"Nhà ngõ, hẻm",,,"134,98 triệu/m²",,4,,Nội thất đầy đủ,,ha-noi,Ô TÔ TRÁNH VỈA HÈ 40M2 4 TẦNG 5X TỶ LONG BIÊN,,"Giang Biên, Phường Giang Biên, Quận Long Biên, Hà NộiXem bản đồ","5,399 tỷ - 40 m2"
32 m²,2 phòng,2 phòng,Đã có sổ,"Nhà ngõ, hẻm",,,"57,81 triệu/m²",,1,,Nội thất đầy đủ,,ha-noi,"chỉ 1,85 tỷ có nhà C4 cuối phố Trịnh Văn Bô, gần Mỹ Đình,",,"Phố Trịnh Văn Bô, Phường Phương Canh, Quận Nam Từ Liêm, Hà NộiXem bản đồ","1,85 tỷ - 32 m2"
32 m²,4 phòng,3 phòng,Đã có sổ,"Nhà ngõ, hẻm",,,"79,69 triệu/m²",,4,,Nội thất đầy đủ,,ha-noi,"Nhà Ngã Tư Canh, phố Trịnh Văn Bô xây 4 Tầng,ôtô đỗ cửa 2.55 tỷ",,"Đường Phương Canh, Phường Phương Canh, Quận Nam Từ Liêm, Hà NộiXem bản đồ","2,55 tỷ - 32 m2"
34 m²,4 phòng,4 phòng,Đã có sổ,"Nhà ngõ, hẻm",,,"79,41 triệu/m²",,5,,Nội thất đầy đủ,,ha-noi,"Bán nhà mới Tây Mỗ 34M- 5 Tầng- gần đường lớn, ô tô đỗ gần",,"Tây Mỗ, Phường Tây Mỗ, Quận Nam Từ Liêm, Hà NộiXem bản đồ","2,7 tỷ - 34 m2"
39 m²,4 phòng,3 phòng,Đã có sổ,"Nhà ngõ, hẻm",,,"89,74 triệu/m²",,4,,Nội thất đầy đủ,,ha-noi,"Bán nhà mới Tây Mỗ 39M 4 Tầng,đường lớn, ôtô đỗ gần,tiện ích tốt",,"Tây Mỗ, Phường Tây Mỗ, Quận Nam Từ Liêm, Hà NộiXem bản đồ","3,5 tỷ - 39 m2"
39 m²,4 phòng,3 phòng,Đã có sổ,"Nhà ngõ, hẻm",,,"75,64 triệu/m²",,4,,Nội thất đầy đủ,,ha-noi,"Bán nhà Xuân Phương, Nam Từ Liêm 40M 4 Tầng, ô tô đỗ, nội thất đẹp",,"Xuân Phương, Phường Xuân Phương, Quận Nam Từ Liêm, Hà NộiXem bản đồ","2,95 tỷ - 39 m2"
38 m²,5 phòng,4 phòng,Đã có sổ,"Nhà ngõ, hẻm",,,"76,32 triệu/m²",,5,,Nội thất đầy đủ,,ha-noi,"Bán nhà riêng Phương Canh 38M2- 4 Tầng,đủ nội thất,view thoáng",,"Trịnh Văn Bô, Phường Phương Canh, Quận Nam Từ Liêm, Hà NộiXem bản đồ","2,9 tỷ - 38 m2"
33 m²,4 phòng,4 phòng,Đã có sổ,"Nhà ngõ, hẻm",,,"86,36 triệu/m²",,5,,Nội thất đầy đủ,,ha-noi,"Bán nhà riêng Phương Canh xây 5 Tầng, 2 mặt thoáng, ngõ rộng",,"Đường Phương Canh, Phường Phương Canh, Quận Nam Từ Liêm, Hà NộiXem bản đồ","2,85 tỷ - 33 m2"
37 m²,2 phòng,1 phòng,Đã có sổ,"Nhà ngõ, hẻm",,,"44,59 triệu/m²",,1,,Nội thất đầy đủ,,ha-noi,"Bán nhà Cấp 4 Tây Mỗ, Nam Từ Liêm 37M2, ngõ rộng giá 1.65 tỷ",,"tây mỗ, Phường Tây Mỗ, Quận Nam Từ Liêm, Hà NộiXem bản đồ","1,65 tỷ - 37 m2"
36 m²,4 phòng,3 phòng,Đã có sổ,"Nhà ngõ, hẻm",,,"73,61 triệu/m²",,4,,Nội thất đầy đủ,,ha-noi,"Nhà đẹp Vân Canh, sát khu Đô Thị An Lạc 36M2 xây 4 Tầng, ô tô đỗ gần",,"Vân CAnh, Xã Vân Canh, Huyện Hoài Đức, Hà NộiXem bản đồ","2,65 tỷ - 36 m2"
34 m²,4 phòng,3 phòng,Đã có sổ,"Nhà ngõ, hẻm",,,"79,41 triệu/m²",,5,,Nội thất đầy đủ,,ha-noi,"Bán nhà Tây Mỗ,Nam Từ Liêm xây 5 Tầng, 2 mặt thoáng, ngõ rộng",,"tây mỗ, Phường Tây Mỗ, Quận Nam Từ Liêm, Hà NộiXem bản đồ","2,7 tỷ - 34 m2"
