Diện tích đất:,Số phòng ngủ:,Số phòng vệ sinh:,Giấy tờ pháp lý:,Loại hình nhà ở:,Chiều ngang:,Diện tích sử dụng:,Giá/m2:,Hướng cửa chính:,Tổng số tầng:,Đặc điểm nhà/đất:,Tình trạng nội thất:,Chiều dài:,Location,Name,URL,District,Price
30 m²,3 phòng,,Đã có sổ,"Nhà ngõ, hẻm",,,"128,33 triệu/m²",,4,,Nội thất cao cấp,,ha-noi,"Bán nhà phố Khương Trung lô góc ô tô đỗ cửa 4 tầng 3,85 tỷ",,"Khương trung, Phường Khương Trung, Quận Thanh Xuân, Hà NộiXem bản đồ","3,85 tỷ - 30 m2"
30 m²,3 phòng,3 phòng,Đã có sổ,,,,200 triệu/m²,Nam,4,,,,ha-noi,bán nhà mặt đường giải phóng quận thanh xuân hà nội,,"Đường Giải Phóng, Phường Phương Liệt, Quận Thanh Xuân, Hà NộiXem bản đồ",6 tỷ - 30 m2
65 m²,8 phòng,,,"Nhà ngõ, hẻm",,,"289,23 triệu/m²",,,,,,ha-noi,"Cần bán TOÀ NHÀ VĂN PHÒNG Khuất Duy Tiến, Cầu Giấy 18.8tỷ ***",,"Khuất Duy Tiến, Phường Trung Hoà, Quận Cầu Giấy, Hà NộiXem bản đồ","18,8 tỷ - 65 m2"
63 m²,2 phòng,1 phòng,Đã có sổ,"Nhà ngõ, hẻm",,,"23,02 triệu/m²",Tây Bắc,1,,,,ha-noi,Nhà riêng,,"giáp 18, Đồng Mai, tổ 18, Đồng Mai, Hà Đông, Hà Nội, Phường Đồng Mai, Quận Hà Đông, Hà NộiXem bản đồ","1,45 tỷ - 63 m2"
35 m²,3 phòng,,,"Nhà ngõ, hẻm",,35 m²,"68,57 triệu/m²",,4,,,,ha-noi,"PHÚ LƯƠNG, NHÀ MỚI XÂY ĐỘC LẬP 35M2X4T,Ô TÔ VÀO TẬN CỬA, 2.4 TỶ CÒN TL",,"Phố Phú Lương, Phường Phú Lương, Quận Hà Đông, Hà NộiXem bản đồ","2,4 tỷ - 35 m2"
62.5 m²,4 phòng,5 phòng,,Nhà phố liền kề,,,"174,4 triệu/m²",Đông Nam,7,,Nội thất đầy đủ,,ha-noi,"HOT NHẤT !! Gia Thuỵ, Long Biên Thang máy - gara 2 ô tô- 62,5m2 7 tầng",,"Nguyễn sơn, Phường Giang Biên, Quận Long Biên, Hà NộiXem bản đồ","10,9 tỷ - 62.5 m2"
18 m²,2 phòng,1 phòng,Đã có sổ,"Nhà ngõ, hẻm",,,"97,22 triệu/m²",Tây,3,,,,ha-noi,Chính chủ bán nhà ngõ rộng ô tô đỗ cửa 1 tỷ 750,,"Số 02 hẻm 10 ngõ 750/165, Kim Giang, Xã Thanh Liệt, Huyện Thanh Trì, Hà NộiXem bản đồ","1,75 tỷ - 18 m2"
48 m²,5 phòng,4 phòng,Đã có sổ,"Nhà mặt phố, mặt tiền",3.5 m,,225 triệu/m²,,,,Nội thất đầy đủ,,ha-noi,Bán Nhà Ba Đình - Mặt Ngõ To Hơn mặt phố - ko quy hoạch,,"100, Ngõ 189 Hoàng Hoa Thám, Phường Liễu Giai, Quận Ba Đình, Hà NộiXem bản đồ","10,8 tỷ - 48 m2"
40 m²,2 phòng,,,Nhà phố liền kề,,,70 triệu/m²,,,,,,ha-noi,bán nhà khu tái định cư lạc thi,,"Lạc Thị, Xã Ngọc Hồi, Huyện Thanh Trì, Hà NộiXem bản đồ","2,8 tỷ - 40 m2"
45 m²,5 phòng,4 phòng,,Nhà phố liền kề,,,"88,89 triệu/m²",,5,,,,ha-noi,💥HOÀNG HOA THÁM 45m2x 5 TẦNG - NHỈNH 4 TỶ. Trung Tâm Ba Đình-Nhà Đẹp N,,"Hoàng Hoa Thám, Phường Đội Cấn, Quận Ba Đình, Hà NộiXem bản đồ",4 tỷ - 45 m2
35.4 m²,5 phòng,3 phòng,,"Nhà mặt phố, mặt tiền",4.4 m,,"83,33 triệu/m²",,4,,,8.1 m,ha-noi,HOÀI ĐỨC NHÀ 4 TẦNG SÁT VÀNH ĐAI 4,,"Ngõ 48 Đường Tự Lập, Xã Đông La, Huyện Hoài Đức, Hà NộiXem bản đồ","2,95 tỷ - 35.4 m2"
69 m²,5 phòng,4 phòng,Đã có sổ,"Nhà ngõ, hẻm",,,"68,12 triệu/m²",,4,,Nội thất đầy đủ,,ha-noi,"Phú Đô, Nam Từ Liêm 69m, 4 Tầng, Ngõ Thông Oto Qua, Kinh Doanh: 4.x Tỷ",,"lê quang đạo, Phường Phú Đô, Quận Nam Từ Liêm, Hà NộiXem bản đồ","4,7 tỷ - 69 m2"
220 m²,4 phòng,,Đã có sổ,Nhà biệt thự,10 m,,"81,82 triệu/m²",,,,,22 m,ha-noi,BÁN BIỆT THỰ-SHOPHOUSE CĂN GÓC KHU ĐÔ THỊ NGOẠI GIAO MỸ ĐÌNH,,"Lê Đức Thọ, Phường Mỹ Đình 2, Quận Nam Từ Liêm, Hà NộiXem bản đồ",18 tỷ - 220 m2
220 m²,5 phòng,,Đã có sổ,,,,"163,64 triệu/m²",Đông,4,,,,ha-noi,"BÁN BIỆT THỰ 220M2, MT 10M, GIÁ 36 TỶ, SÀI ĐỒNG, LONG BIÊN, HÀ NỘI",,"Xã Việt Hưng, Xã Gia Thụy và Thị trấn Sài Đồng, Quận Long Biên, Hà Nội., Phường Sài Đồng, Quận Long Biên, Hà NộiXem bản đồ",36 tỷ - 220 m2
66 m²,2 phòng,,Đã có sổ,"Nhà ngõ, hẻm",,66 m²,454.545 đ/m²,,,"Nở hậu,Hẻm xe hơi",,,ha-noi,cần bán nhà sddcc 66 m2 cách xenco5 250m chính chủ bán giá 30tr/m2,,"Mỹ Hưng, Xã Mỹ Hưng, Huyện Thanh Oai, Hà NộiXem bản đồ",30 triệu - 66 m2
45 m²,5 phòng,,,Nhà phố liền kề,,,"88,89 triệu/m²",,,,,,ha-noi,💥 Hoàng Hoa Thám 45m2 x 5 tầng - nhỉnh 4 tỷ. Trung Tâm Ba Đình-Nhà Đẹp,,"Hoàng Hoa Thám, Phường Đội Cấn, Quận Ba Đình, Hà NộiXem bản đồ",4 tỷ - 45 m2
28.3 m²,1 phòng,1 phòng,,"Nhà mặt phố, mặt tiền",,,"318,02 triệu/m²",Đông,,,,,ha-noi,Bán nhà,,"Khâm Thiên, Phường Khâm Thiên, Quận Đống Đa, Hà NộiXem bản đồ",9 tỷ - 28.3 m2
100 m²,2 phòng,1 phòng,Giấy tờ khác,"Nhà ngõ, hẻm",,,"13,5 triệu/m²",Đông Nam,1,,,,ha-noi,"Chính chủ bán nhà đất Phú Diễn, Bắc Từ Liêm",,"Ngõ 270, Phường Phú Diễn, Quận Bắc Từ Liêm, Hà NộiXem bản đồ","1,35 tỷ - 100 m2"
47 m²,3 phòng,,,Nhà phố liền kề,,,"189,36 triệu/m²",,,,,,ha-noi,"Xã đàn , ô tô đỗ cửa, kinh doanh, đường thông, 47m, 4 tầng",,"Xa đàn, Phường Kim Liên, Quận Đống Đa, Hà NộiXem bản đồ","8,9 tỷ - 47 m2"
45 m²,3 phòng,,Đã có sổ,"Nhà ngõ, hẻm",,135 m²,"97,33 triệu/m²",,3,,Nội thất đầy đủ,,ha-noi,CHÍNH CHỦ BÁN NHÀ TẠI Q.HAI BÀ TRƯNG,,"số 7/15/762, Đường Bạch Đằng, Phường Bạch Đằng, Quận Hai Bà Trưng, Hà NộiXem bản đồ","4,38 tỷ - 45 m2"
54 m²,3 phòng,3 phòng,Đã có sổ,"Nhà mặt phố, mặt tiền",,54 m²,"194,44 triệu/m²",,4,,,,ha-noi,BÁN NHÀ #LONG BIÊN #LÔ GÓC #OTO#KINH DOANH,,"Đường Long Biên 1, Phường Ngọc Lâm, Quận Long Biên, Hà NộiXem bản đồ","10,5 tỷ - 54 m2"
103 m²,1 phòng,,,"Nhà mặt phố, mặt tiền",,,"34,95 triệu/m²",,,,,,ha-noi,"Nhà đất ở mặt đường chợ Cầu, Đông Hải, Thọ An, Đan Phượng Hà Nội",,"Chợ Cầu, Xã Thọ An, Huyện Đan Phượng, Hà NộiXem bản đồ","3,6 tỷ - 103 m2"
45 m²,6 phòng,6 phòng,Đã có sổ,"Nhà ngõ, hẻm",,,280 triệu/m²,Tây,6,,,,ha-noi,"Bán nhà Nghĩa Tân, gần chợ, trường học, CV, 12.6 tỷ, 45m2, MT 4,5m",,"Nghĩa Tân, Phường Nghĩa Tân, Quận Cầu Giấy, Hà NộiXem bản đồ","12,6 tỷ - 45 m2"
30 m²,3 phòng,4 phòng,Đã có sổ,"Nhà ngõ, hẻm",,,145 triệu/m²,Bắc,5,,,,ha-noi,"CC Bán nhà 30m2, 5Tầng, 4,1MT, 4,35tỷ có thương lượng.",,"Cự Lộc, Phường Thượng Đình, Quận Thanh Xuân, Hà NộiXem bản đồ","4,35 tỷ - 30 m2"
35.5 m²,4 phòng,4 phòng,Đã có sổ,"Nhà ngõ, hẻm",,,"80,85 triệu/m²",Đông Bắc,4,,,,ha-noi,"Nhà ở 4 tầng 38m2, 4 phòng siêu đẹp và thoáng mát giá 2.87 tỷ",,"Thôn Nội, Xã Đức Thượng, Huyện Hoài Đức, Hà NộiXem bản đồ","2,87 tỷ - 35.5 m2"
50 m²,4 phòng,3 phòng,,"Nhà mặt phố, mặt tiền",4 m,,14 triệu/m²,Đông Nam,4,,,,ha-noi,"Bán nhà 50m2x4 tầng,ngõ xe tải, 4mMT, sổ đỏ CC,Ngọc thụy, long biên,HN",,"ngọc thụy, Phường Ngọc Thụy, Quận Long Biên, Hà NộiXem bản đồ",700 triệu - 50 m2
31 m²,3 phòng,4 phòng,Đã có sổ,"Nhà ngõ, hẻm",,,"122,58 triệu/m²",Tây Bắc,5,,,,ha-noi,Bán Nhà 31.2m2 Trần khắc Chấn 3tỷ8 nhà còn rất mới,,"Trần Khắc Chân, Phường Thanh Nhàn, Quận Hai Bà Trưng, Hà NộiXem bản đồ","3,8 tỷ - 31 m2"
40 m²,4 phòng,,Đã có sổ,"Nhà ngõ, hẻm",,,"107,5 triệu/m²",Nam,5,,Nội thất đầy đủ,,ha-noi,Chính chủ gia đình tôi cần bán nhà. 5 tầng,,"Đường Trần Khát Chân, Phường Thanh Lương, Quận Hai Bà Trưng, Hà NộiXem bản đồ","4,3 tỷ - 40 m2"
300 m²,5 phòng,5 phòng,Đã có sổ,Nhà biệt thự,,,"143,33 triệu/m²",Đông Nam,3,,,,ha-noi,S.O.S..mở bán 20 căn BIỆT THỰ khu Mỹ Đình mở rộng. 143tr/m2,,"Đường Lưu Hữu Phước, Phường Mỹ Đình 1, Quận Nam Từ Liêm, Hà NộiXem bản đồ",43 tỷ - 300 m2
13 m²,2 phòng,,,"Nhà ngõ, hẻm",,13 m²,"111,54 triệu/m²",,4,Nở hậu,,,ha-noi,Bán Nhà Hoàn Kiếm giá rẻ chủ thiện chí,,"Phố Phúc Tân, Phường Phúc Tân, Quận Hoàn Kiếm, Hà NộiXem bản đồ","1,45 tỷ - 13 m2"
60 m²,4 phòng,2 phòng,Đã có sổ,"Nhà ngõ, hẻm",,,40 triệu/m²,Tây Bắc,3,,,,ha-noi,"nhà 3 tầng 60m2 x 3 tầng tại thị trấn Trôi, Hoài Đức",,"thị trấn Trôi, Thị trấn Trạm Trôi, Huyện Hoài Đức, Hà NộiXem bản đồ","2,4 tỷ - 60 m2"
50.3 m²,3 phòng,3 phòng,Đã có sổ,"Nhà mặt phố, mặt tiền",,,"104,99 triệu/m²",Tây Nam,3,,,,ha-noi,"Tôi cần bán mảnh đất thổ cư 50,3m2 có nhà 3tầng, gồm 3 phòng ngủ",,"Đường Đào Cam Mộc , Ấp Tó , Uy Nỗ Đông Anh ,HN, Xã Uy Nỗ, Huyện Đông Anh, Hà NộiXem bản đồ","5,281 tỷ - 50.3 m2"
45 m²,4 phòng,3 phòng,Đã có sổ,"Nhà ngõ, hẻm",,,"102,22 triệu/m²",,4,,Nội thất đầy đủ,,ha-noi,NHÀ ĐẸP GIÁ HIẾM KHU BA ĐÌNH - NGÕ THÔNG TỨ TUNG - 2 THOÁNG TRC SAU.,,"Liễu Giai, Phường Liễu Giai, Quận Ba Đình, Hà NộiXem bản đồ","4,6 tỷ - 45 m2"
30.1 m²,3 phòng,3 phòng,Đã có sổ,"Nhà ngõ, hẻm",,,"119,6 triệu/m²",,4,,Nội thất đầy đủ,,ha-noi,"bán nhà 4 tầng xây dựng kiên cố, 3 ngủ 3 vệ sinh , số đỏ chính chủ .",,"64 Phố Thanh Đàm, Phường Thanh Trì, Quận Hoàng Mai, Hà NộiXem bản đồ","3,6 tỷ - 30.1 m2"
50 m²,1 phòng,1 phòng,Đã có sổ,"Nhà ngõ, hẻm",,,50 triệu/m²,Tây,1,,,,ha-noi,Bán nhà cấp 4 tổ 10 thạch bàn,,"Tổ 10, Ngọc trì, Phường Thạch Bàn, Quận Long Biên, Hà NộiXem bản đồ","2,5 tỷ - 50 m2"
17 m²,1 phòng,1 phòng,Giấy tờ khác,"Nhà ngõ, hẻm",,37 m²,"44,12 triệu/m²",,,,Nội thất đầy đủ,,ha-noi,"Nhà ở 2 tầng sạch đẹp, tầng1 17m, tầng 2 20m.",,"âu cơ, Phường Nhật Tân, Quận Tây Hồ, Hà NộiXem bản đồ",750 triệu - 17 m2
32 m²,4 phòng,5 phòng,Đã có sổ,"Nhà ngõ, hẻm",,,"140,63 triệu/m²",,6,Nở hậu,,,ha-noi,"NHÀ ĐẸP CỔ NHUẾ BẮC TỪ LIÊM - 6TẦNG - THANG MÁY, 10M RA Ô TÔ - 4,5 TỶ",,"Đường Cổ Nhuế, Phường Cổ Nhuế 2, Quận Bắc Từ Liêm, Hà NộiXem bản đồ","4,5 tỷ - 32 m2"
42 m²,2 phòng,2 phòng,Đã có sổ,"Nhà mặt phố, mặt tiền",4.2 m,,"88,1 triệu/m²",,,,Nhà trống,,ha-noi,📣💥HÀNG HIẾM_MẶT NGÕ THÔNG PHỐ TRẦN CUNG _KINH DOANH_ Ô TÔ QUA NHÀ 🏃.,,"Đường Trần Cung, Phường Cổ Nhuế 1, Quận Bắc Từ Liêm, Hà NộiXem bản đồ","3,7 tỷ - 42 m2"
37 m²,3 phòng,4 phòng,Đã có sổ,"Nhà mặt phố, mặt tiền",,,"118,92 triệu/m²",,5,,,,ha-noi,"NHÀ HIẾM ĐẠI TỪ,5 BƯỚC RA PHỐ, 5T MỚI TINH NHÀ 2 THOÁNG, GIÁ ĐẦU TƯ",,"Phố Đại Từ, Phường Đại Kim, Quận Hoàng Mai, Hà NộiXem bản đồ","4,4 tỷ - 37 m2"
34 m²,3 phòng,1 phòng,Đã có sổ,"Nhà ngõ, hẻm",,,"91,18 triệu/m²",Tây Bắc,3,,,,ha-noi,cần bán nhà 34 m ở mai động,,"Đường Tam Trinh, Phường Mai Động, Quận Hoàng Mai, Hà NộiXem bản đồ","3,1 tỷ - 34 m2"
40 m²,4 phòng,4 phòng,,"Nhà ngõ, hẻm",4 m,,180 triệu/m²,,4,,,10 m,ha-noi,Cần sang nhượng nhà phân lô ô tô đỗ cửa,,"Ngõ 135 Núi Trúc, Phường Giảng Võ, Quận Ba Đình, Hà NộiXem bản đồ","7,2 tỷ - 40 m2"
40 m²,6 phòng,,Đã có sổ,"Nhà ngõ, hẻm",3.3 m,,225 triệu/m²,,5,,Nội thất đầy đủ,,ha-noi,"Bán nhà phố Hàm Long 40m2, 5 tầng, gần phố, ngõ rộng. Giá nhỉnh 9 tỷ.",,"Phố Hàm Long, Phường Phan Chu Trinh, Quận Hoàn Kiếm, Hà NộiXem bản đồ",9 tỷ - 40 m2
30 m²,3 phòng,4 phòng,Đã có sổ,"Nhà mặt phố, mặt tiền",,,"83,33 triệu/m²",,5,,Nội thất cao cấp,,ha-noi,"Bán nhà Lai Xá,Kim Chung,Hoài Đức",,"Lai Xá, Xã Kim Chung, Huyện Hoài Đức, Hà NộiXem bản đồ","2,5 tỷ - 30 m2"
18.8 m²,2 phòng,2 phòng,Đã có sổ,"Nhà ngõ, hẻm",,,"159,57 triệu/m²",Nam,3,,,,ha-noi,"Bán nhà ngõ 267 Hoàng Hoa Thám, phường Liễu Giai, quận Ba Đình, Hà Nôi",,"Đường Hoàng Hoa Thám, Phường Liễu Giai, Quận Ba Đình, Hà NộiXem bản đồ",3 tỷ - 18.8 m2
38 m²,3 phòng,,,"Nhà mặt phố, mặt tiền",,,350 triệu/m²,,,,,,ha-noi,GIA ĐÌNH BÁN NHÀ MẶT PHỐ THỤY KHUÊ,,"Số 75 Thụy Khuê, Phường Thụy Khuê, Quận Tây Hồ, Hà NộiXem bản đồ","13,3 tỷ - 38 m2"
30 m²,3 phòng,,,"Nhà ngõ, hẻm",,,120 triệu/m²,,,,,,ha-noi,"Bán nhà phố Vĩnh Hưng, nhà mới 30m2, 4 tầng , 3 ngủ, ngõ ô tô đỗ cổng",,"Phố Vĩnh Hưng, Phường Vĩnh Hưng, Quận Hoàng Mai, Hà NộiXem bản đồ","3,6 tỷ - 30 m2"
66 m²,4 phòng,,Đã có sổ,"Nhà mặt phố, mặt tiền",,185 m²,"196,97 triệu/m²",,4,,,,ha-noi,cần bán nhà khu đầm trấu,,"Đầm Trấu, Phường Thanh Lương, Quận Hai Bà Trưng, Hà NộiXem bản đồ",13 tỷ - 66 m2
54 m²,2 phòng,1 phòng,Đã có sổ,"Nhà ngõ, hẻm",,,"80,56 triệu/m²",Tây Bắc,1,,,,ha-noi,Hàng hiếm! Nhà ngõ 2 Đại Từ ô tô vào nhà ngõ ô tô gara giá bán 80tr/m2,,"Đại Từ, Phường Đại Kim, Quận Hoàng Mai, Hà NộiXem bản đồ","4,35 tỷ - 54 m2"
84 m²,5 phòng,,Đã có sổ,Nhà phố liền kề,,360 m²,"151,19 triệu/m²",,,,Nhà trống,,ha-noi,Bán nhà mặt đường 2 mặt tiền KĐT Lideco Hoài Đức,,"Quốc lộ 32, Thị trấn Trạm Trôi, Huyện Hoài Đức, Hà NộiXem bản đồ","12,7 tỷ - 84 m2"
42 m²,4 phòng,,Đã có sổ,"Nhà ngõ, hẻm",,,"47,62 triệu/m²",,3,Hẻm xe hơi,,,ha-noi,Nhà chính chủ ngõ ôtô Võ Thị Sáu,,"44 ngõ 84, Ngõ 84 Phố Võ Thị Sáu, Phường Thanh Nhàn, Quận Hai Bà Trưng, Hà NộiXem bản đồ",2 tỷ - 42 m2
