Diện tích đất:,Số phòng ngủ:,Số phòng vệ sinh:,Giấy tờ pháp lý:,Loại hình nhà ở:,Chiều ngang:,Diện tích sử dụng:,Giá/m2:,Hướng cửa chính:,Tổng số tầng:,Đặc điểm nhà/đất:,Tình trạng nội thất:,Chiều dài:,Location,Name,URL,District,Price
30 m²,1 phòng,1 phòng,Đang chờ sổ,"Nhà ngõ, hẻm",,,26 triệu/m²,Tây,1,,,,ha-noi,Bán nhà cấp bốn có gác xép rộng rãi,,"Đường Thôn Khúc Thủy, Xã Cự Khê, Huyện Thanh Oai, Hà NộiXem bản đồ",780 triệu - 30 m2
44 m²,4 phòng,3 phòng,,"Nhà ngõ, hẻm",4.4 m,,"86,36 triệu/m²",Bắc,5,,,,ha-noi,SIÊU PHẨM ĐÔNG THIÊN - NGÕ Ô TÔ – KINH DOANH NHỎ - CHỈ NHỈNH 3TỶ,,"đông thiên, Phường Vĩnh Hưng, Quận Hoàng Mai, Hà NộiXem bản đồ","3,8 tỷ - 44 m2"
30.9 m²,1 phòng,1 phòng,Đã có sổ,"Nhà ngõ, hẻm",,,"74,43 triệu/m²",,,,,,ha-noi,"Nhà trong ngõ 30,9m2, gần khu đô thị Việt Hưng, Q.Long Biên",,"Ngách 466/9 Đường Ngô Gia Tự, Phường Đức Giang, Quận Long Biên, Thành Phố Hà Nội, Phường Đức Giang, Quận Long Biên, Hà NộiXem bản đồ","2,3 tỷ - 30.9 m2"
45.6 m²,4 phòng,,,"Nhà mặt phố, mặt tiền",,,"27,81 triệu/m²",,,,,,ha-noi,Nhà nguyên căn ở và kinh doanh- Trung tâm thương mại Thường Tín,,"cao tốc pháp vân cầu giẽ, Xã Liên Phương, Huyện Thường Tín, Hà NộiXem bản đồ","1,268 tỷ - 45.6 m2"
90 m²,4 phòng,3 phòng,Đã có sổ,"Nhà mặt phố, mặt tiền",,,"83,33 triệu/m²",,4,,,,ha-noi,Bán Nhà Mặt Phố 752 Đường Nguyễn Khoái,,"Nguyễn Khoái, Phường Thanh Trì, Quận Hoàng Mai, Hà NộiXem bản đồ","7,5 tỷ - 90 m2"
34 m²,3 phòng,,Đã có sổ,"Nhà ngõ, hẻm",,,"113,24 triệu/m²",Nam,4,,Nội thất đầy đủ,,ha-noi,"NHÀ LÊ TRỌNG TẤN 36M, 4 TẦNG, MT 6.5M - FULL NỘI THẤT-Ô TÔ ĐỖ CÁCH 20M",,"Đường Lê Trọng Tấn, Phường Quang Trung, Quận Hà Đông, Hà NộiXem bản đồ","3,85 tỷ - 34 m2"
30 m²,4 phòng,,,"Nhà ngõ, hẻm",,,100 triệu/m²,,,,,,ha-noi,"Phương Mai, Đống Đa_Ô tô gần, 5 tầng_3 tỷ",,"Phố Phương Mai, Phường Phương Mai, Quận Đống Đa, Hà NộiXem bản đồ",3 tỷ - 30 m2
48.8 m²,1 phòng,,,"Nhà ngõ, hẻm",,,"70,29 triệu/m²",,,,,,ha-noi,"Nhà gần 50m2 gần chợ, gần trường học ở Hà Đông",,"Chiến Thắng, Phường La Khê, Quận Hà Đông, Hà NộiXem bản đồ","3,43 tỷ - 48.8 m2"
36 m²,3 phòng,3 phòng,Đã có sổ,"Nhà mặt phố, mặt tiền",,,125 triệu/m²,,4,,Nội thất đầy đủ,,ha-noi,"Chính chủ, bán gấp nhà tự xây, đường Cổ Nhuế, Bắc Từ Liêm, ô tô đỗ cửa",,"Đường Cổ Nhuế, Phường Cổ Nhuế 2, Quận Bắc Từ Liêm, Hà NộiXem bản đồ","4,5 tỷ - 36 m2"
51 m²,6 phòng,,Đã có sổ,"Nhà ngõ, hẻm",,,"131,37 triệu/m²",,5,Hẻm xe hơi,Nội thất cao cấp,,ha-noi,"Siêu Phẩm Nhà Đẹp Yên Hoà, Cầu Giấy, Ở Luôn, 51mx5 Tầng, Giá 6.7 tỷ.",,"bảo tháp, Phường Yên Hoà, Quận Cầu Giấy, Hà NộiXem bản đồ","6,7 tỷ - 51 m2"
58.28 m²,3 phòng,3 phòng,Đã có sổ,"Nhà mặt phố, mặt tiền",3.1 m,,"205,9 triệu/m²",,,,,22.52 m,ha-noi,Chính chủ bán nhà mặt đường láng,,"Đường Láng, Phường Láng Hạ, Quận Đống Đa, Hà NộiXem bản đồ",12 tỷ - 58.28 m2
50 m²,4 phòng,,Đã có sổ,"Nhà ngõ, hẻm",,,144 triệu/m²,Tây,5,,Nội thất đầy đủ,,ha-noi,BÁN NHÀ Nguyễn Văn Linh - LÔ GÓC - THÔNG BÀN CỜ -GARA Ô TÔ,,"Ngõ 765 đường Nguyễn Văn Linh, Phường Sài Đồng, Quận Long Biên, Hà NộiXem bản đồ","7,2 tỷ - 50 m2"
110 m²,1 phòng,,,"Nhà mặt phố, mặt tiền",,,"454,55 triệu/m²",,,,,,ha-noi,"BÁN TÒA NHÀ MẶT PHỐ TÔ HIỆU- 110M2 8 TẦNG, MT 6M GIÁ NHỈNH 50 TỶ",,"Tô Hiệu, Phường Nghĩa Tân, Quận Cầu Giấy, Hà NộiXem bản đồ",50 tỷ - 110 m2
20 m²,3 phòng,4 phòng,Đã có sổ,Nhà phố liền kề,,,140 triệu/m²,,4,,Nội thất cao cấp,,ha-noi,Cần bán nhà Khương Trung - Thanh Xuân,,"Ngõ 211, Khương Trung, Phường Khương Trung, Quận Thanh Xuân, Hà NộiXem bản đồ","2,8 tỷ - 20 m2"
90 m²,5 phòng,6 phòng,,"Nhà mặt phố, mặt tiền",4.5 m,,"155,56 triệu/m²",Đông Nam,5,,,,ha-noi,"KĐT VĂN PHÚ , KINH DOANH,VĂN PHÒNG,Ô TÔ TRÁNH",,"Phố Văn Khê, Phường Phú La, Quận Hà Đông, Hà NộiXem bản đồ",14 tỷ - 90 m2
44 m²,5 phòng,,,Nhà phố liền kề,,,"118,18 triệu/m²",,,,,,ha-noi,CHÍNH CHỦ anh Huy gần Linh Đàm cần bán căn . 44m2- 5 tầng MT giá 5,,"linh đàm, Phường Hoàng Liệt, Quận Hoàng Mai, Hà NộiXem bản đồ","5,2 tỷ - 44 m2"
66 m²,3 phòng,2 phòng,Đã có sổ,"Nhà ngõ, hẻm",,,"83,33 triệu/m²",Tây Bắc,,,Nội thất đầy đủ,,ha-noi,"nhà trung tâm HN vị trí đắc địa, giá ngộp",,"15, Phường Phúc Xá, Quận Ba Đình, Hà NộiXem bản đồ","5,5 tỷ - 66 m2"
30 m²,3 phòng,,Đã có sổ,"Nhà ngõ, hẻm",,,70 triệu/m²,Đông Nam,3,,Nhà trống,,ha-noi,"Nhà Q Đống Đa, sổ riêng gần C1, C2 DT sổ 16/30, sổ riêng 3 ngủ ,",,"133/218 phố chợ Khâm Thiên  sau Trường Tiểu học  Trung Phụng, Ngõ Chợ Khâm Thiên, Phường Khâm Thiên, Quận Đống Đa, Hà NộiXem bản đồ","2,1 tỷ - 30 m2"
22 m²,3 phòng,3 phòng,Đã có sổ,"Nhà ngõ, hẻm",,,100 triệu/m²,,4,,Nội thất đầy đủ,,ha-noi,"Bán nhà phố Trần Khát Chân, 5m ra oto tránh 2,2 tỷ lô góc 3 ngủ 3 WC",,"Đường Trần Khát Chân, Phường Thanh Lương, Quận Hai Bà Trưng, Hà NộiXem bản đồ","2,2 tỷ - 22 m2"
200 m²,5 phòng,4 phòng,Đã có sổ,,,,110 triệu/m²,Tây,4,,,,ha-noi,BIỆT THỰ CHÍNH CHỦ - KĐT PHÚ LƯƠNG,,"Kiến Hưng, Phường Phú Lương, Quận Hà Đông, Hà NộiXem bản đồ",22 tỷ - 200 m2
60 m²,2 phòng,4 phòng,,"Nhà mặt phố, mặt tiền",,,200 triệu/m²,Đông Bắc,5,,,,ha-noi,CC Bán nhà mặt phố Mễ Trì Thượng 5 tầng 60m2 phù hợp ở và làm Vp,,"Phố Mễ Trì Thượng, Phường Mễ Trì, Quận Nam Từ Liêm, Hà NộiXem bản đồ",12 tỷ - 60 m2
38 m²,5 phòng,4 phòng,Đã có sổ,"Nhà ngõ, hẻm",,,"82,89 triệu/m²",,5,,Nội thất đầy đủ,,ha-noi,"GIA ĐÌNH CẦN BÁN NHÀ 5 TẦNG 38M MỚI KOONG ĐÔNG THIÊN, HOÀNG MAI",,"Đông Thiên, Phường Vĩnh Hưng, Quận Hoàng Mai, Hà NộiXem bản đồ","3,15 tỷ - 38 m2"
63 m²,4 phòng,,Đã có sổ,"Nhà mặt phố, mặt tiền",,,"179,37 triệu/m²",,,,Nội thất đầy đủ,,ha-noi,NHÀ MẶT PHỐ TRẦN CUNG- VỈA HÈ ĐÁ BÓNG - LÔ GÓC- KINH DOANH,,"Đường Trần Cung, Phường Cổ Nhuế 2, Quận Bắc Từ Liêm, Hà NộiXem bản đồ","11,3 tỷ - 63 m2"
23 m²,5 phòng,2 phòng,Đã có sổ,"Nhà ngõ, hẻm",,,"12,8260869565 tỷ/m²",,3,,Nội thất đầy đủ,,ha-noi,cần bán nhà dt***,,"Phố Viên, Phường Cổ Nhuế 2, Quận Bắc Từ Liêm, Hà NộiXem bản đồ",295 tỷ - 23 m2
14 m²,3 phòng,1 phòng,Đã có sổ,"Nhà ngõ, hẻm",,,"142,14 triệu/m²",,4,,Nội thất đầy đủ,,ha-noi,"Cần Bán, TRUNG TÂM ĐỐNG ĐA - NGÕ THÔNG VÒNG QUANH NHÀ - GẦN PHỐ 14m2.",,"Tôn Đức Thắng, Phường Hàng Bột, Quận Đống Đa, Hà NộiXem bản đồ","1,99 tỷ - 14 m2"
33 m²,4 phòng,4 phòng,Đã có sổ,,,,"145,45 triệu/m²",Đông,4,,,,ha-noi,Nhà Dương Nội Kinh Doanh ô tô phi tận nhà,,"Tố Hữu, Phường La Khê, Quận Hà Đông, Hà NộiXem bản đồ","4,8 tỷ - 33 m2"
31 m²,4 phòng,3 phòng,Đã có sổ,"Nhà ngõ, hẻm",,,"129,03 triệu/m²",,5,,Nội thất đầy đủ,,ha-noi,"Bán nhà Ngọc Trục, Đại Mỗ 5 tầng, Ô tô đỗ cửa, giá 4 tỷ",,"Phố Ngọc Trục, Phường Đại Mỗ, Quận Nam Từ Liêm, Hà NộiXem bản đồ",4 tỷ - 31 m2
72 m²,2 phòng,,,"Nhà mặt phố, mặt tiền",3.2 m,,"305,56 triệu/m²",,,,,,ha-noi,Bán nhà mặt đường Nguyễn Văn Cừ- Long Biên,,"Đường Nguyễn Văn Cừ, Phường Gia Thụy, Quận Long Biên, Hà NộiXem bản đồ",22 tỷ - 72 m2
30 m²,4 phòng,4 phòng,,"Nhà ngõ, hẻm",,,"79,63 triệu/m²",,4,,,,ha-noi,"nhà mới xây 4 tầng, Đông La Hoài Đức, Hà Nội",,"Tân Ấp, Xã Đông La, Huyện Hoài Đức, Hà NộiXem bản đồ","2,389 tỷ - 30 m2"
33 m²,6 phòng,5 phòng,,"Nhà ngõ, hẻm",3.6 m,,"103,03 triệu/m²",Đông Bắc,5,,,,ha-noi,Bán nhà 5 tầng 33m2 ngõ 193 Phú Diễn-Bắc Từ Liêm.,,"77, Đường Nguyễn Đạo An, Phường Phú Diễn, Quận Bắc Từ Liêm, Hà NộiXem bản đồ","3,4 tỷ - 33 m2"
62.5 m²,3 phòng,3 phòng,Đã có sổ,"Nhà mặt phố, mặt tiền",,,"60,8 triệu/m²",Nam,3,,,,ha-noi,"nhà 2 mặt tiền , đường 6m , đường đào cam mộc , gần công viên kim quy",,"Đào Cam Mộc, Xã Uy Nỗ, Huyện Đông Anh, Hà NộiXem bản đồ","3,8 tỷ - 62.5 m2"
30 m²,2 phòng,1 phòng,Đã có sổ,"Nhà ngõ, hẻm",,,"100,67 triệu/m²",Đông Nam,3,,,,ha-noi,Bán nhà riêng chính chủ số 11 ngách 72 ngõ 71 Tân Ấp,,"Số 11 ngách 72 ngõ 71 Tân Ấp, Phố Tân Ấp, Phường Phúc Xá, Quận Ba Đình, Hà NộiXem bản đồ","3,02 tỷ - 30 m2"
30 m²,4 phòng,4 phòng,Đã có sổ,"Nhà ngõ, hẻm",,,"79,63 triệu/m²",Bắc,4,,,,ha-noi,"Bán nhà mới xây 4 tầng, Đông La Hoài Đức, Hà Nội",,"Tân ấp, Xã Đông La, Huyện Hoài Đức, Hà NộiXem bản đồ","2,389 tỷ - 30 m2"
37 m²,1 phòng,,Đã có sổ,"Nhà mặt phố, mặt tiền",3.7 m,37 m²,150 triệu/m²,,,,,10 m,ha-noi,Gia đình cần tiền cho con di du học cần bán gấp,,"Nguyễn Thời Trung, Phường Thạch Bàn, Quận Long Biên, Hà NộiXem bản đồ","5,55 tỷ - 37 m2"
26.6 m²,3 phòng,4 phòng,Đã có sổ,"Nhà ngõ, hẻm",,,"157,89 triệu/m²",,4,,Nội thất đầy đủ,,ha-noi,"nhà 26,6 m2 nội thất mới sửa",,"250 Kim Giang, Phường Kim Giang, Quận Thanh Xuân, Hà NộiXem bản đồ","4,2 tỷ - 26.6 m2"
52 m²,6 phòng,Nhiều hơn 6 phòng,Đã có sổ,"Nhà ngõ, hẻm",4.3 m,,"317,31 triệu/m²",,7,,,,ha-noi,NHÀ MỚI THÁI HÀ- Ở KINH DOANH- ÔTÔ 7T THANG MÁY- 52m*MT4.3*GIÁ 16.5 TỶ,,"Thái Hà, Phường Trung Liệt, Quận Đống Đa, Hà NộiXem bản đồ","16,5 tỷ - 52 m2"
78.9 m²,8 phòng,,Đã có sổ,"Nhà ngõ, hẻm",,,"133,08 triệu/m²",Tây Bắc,3,,Bàn giao thô,,ha-noi,Chính chủ bán nhà trong ngõ 33 phố tạ Quang Bửu,,"Ngõ 33, Phố Tạ Quang Bửu, Phường Bách Khoa, Quận Hai Bà Trưng, Hà NộiXem bản đồ","10,5 tỷ - 78.9 m2"
33.9 m²,3 phòng,,Đã có sổ,"Nhà ngõ, hẻm",,,"84,07 triệu/m²",,,,Nội thất đầy đủ,,ha-noi,Chủ nhà cần bán căn nhà ngõ phố Minh Khai - Hai Bà Trưng - Hà Nội,,"Phố Minh Khai, Phường Minh Khai, Quận Hai Bà Trưng, Hà NộiXem bản đồ","2,85 tỷ - 33.9 m2"
35 m²,3 phòng,,Đã có sổ,"Nhà ngõ, hẻm",,,"74,29 triệu/m²",,5,Hẻm xe hơi,,,ha-noi,Nhà mới Từ Liêm 35m 5T ô tô đỗ giá chỉ 2.6 tỷ,,"Ngõ 394 Đường Mỹ Đình, Phường Mỹ Đình 1, Quận Nam Từ Liêm, Hà NộiXem bản đồ","2,6 tỷ - 35 m2"
100 m²,4 phòng,,,Nhà phố liền kề,,,80 triệu/m²,,,,,,ha-noi,"Quỹ căn Hinode Royal Park giá tốt hnay:.- LK12 diện tích 100m2,",,"Quốc Lộ 32, Xã Kim Chung, Huyện Hoài Đức, Hà NộiXem bản đồ",8 tỷ - 100 m2
120 m²,5 phòng,3 phòng,Đã có sổ,Nhà biệt thự,,,"179,17 triệu/m²",Tây Bắc,5,,,,ha-noi,Nhà biệt thự 120m2 3 mt 5 Phòng ngủ KĐT ĐỊNH CÔNG,,"Định Công, Phường Định Công, Quận Hoàng Mai, Hà NộiXem bản đồ","21,5 tỷ - 120 m2"
45 m²,3 phòng,1 phòng,Đã có sổ,"Nhà ngõ, hẻm",,,"93,33 triệu/m²",Bắc,1,,,,ha-noi,Bán nhà riêng khu vực Thiên Đường Bảo Sơn,,"102, An Trường, Xã An Khánh, Huyện Hoài Đức, Hà NộiXem bản đồ","4,2 tỷ - 45 m2"
58 m²,nhiều hơn 10 phòng,Nhiều hơn 6 phòng,Đã có sổ,,,,"232,76 triệu/m²",Nam,7,,,,ha-noi,chính chủ bán toà CCMN kinh doanh dòng tiền,,"Ngõ 612 Đê La Thành, Phường Giảng Võ, Quận Ba Đình, Hà NộiXem bản đồ","13,5 tỷ - 58 m2"
35 m²,4 phòng,4 phòng,Đã có sổ,"Nhà ngõ, hẻm",,35 m²,100 triệu/m²,,5,,,,ha-noi,"Chỉ 3.5 Tỷ có nhà Kim Ngưu, Hai Bà Trưng, 35m x 5T, Lô Góc, Ngõ 3m",,"Phố Kim Ngưu, Phường Thanh Nhàn, Quận Hai Bà Trưng, Hà NộiXem bản đồ","3,5 tỷ - 35 m2"
50 m²,2 phòng,3 phòng,Đã có sổ,"Nhà ngõ, hẻm",,,94 triệu/m²,,4,,Nội thất đầy đủ,,ha-noi,BÁN NHÀ,,"Đường Bạch Đằng, Phường Bạch Đằng, Quận Hai Bà Trưng, Hà NộiXem bản đồ","4,7 tỷ - 50 m2"
200 m²,5 phòng,5 phòng,,Nhà biệt thự,8 m,,"84,5 triệu/m²",Đông Nam,3,,,,ha-noi,"Biệt thự, liền kề An Lạc Hoài Đức, đẳng cấp thượng lưu, giới tinh hoa",,"Đường vành đai 3,5, Xã Vân Canh, Huyện Hoài Đức, Hà NộiXem bản đồ","16,9 tỷ - 200 m2"
40 m²,5 phòng,3 phòng,Đã có sổ,"Nhà ngõ, hẻm",,,"107,5 triệu/m²",,5,,Nội thất đầy đủ,,ha-noi,TRUNG TÂM ĐỐNG ĐA - NHÀ ĐẸP Ở NGAY - HIỆN ĐẠI,,"Phố Thái Thịnh, Phường Thịnh Quang, Quận Đống Đa, Hà NộiXem bản đồ","4,3 tỷ - 40 m2"
80 m²,4 phòng,,Đã có sổ,,,,"107,5 triệu/m²",Tây Nam,5,,,,ha-noi,Bán nhà full nội thất cao cấp,,"43, liền kề 8 khu đô thị Tân Tây Đô, Xã Tân Lập, Huyện Đan Phượng, Hà NộiXem bản đồ","8,6 tỷ - 80 m2"
55 m²,3 phòng,,Đã có sổ,"Nhà ngõ, hẻm",,,"72,73 triệu/m²",,3,,Nội thất đầy đủ,,ha-noi,"Bán nhà hiếm Trung Kính, sổ vuông, ngõ thông, 55 m2 giá chỉ 4 tỷ.",,"phố trung kính, Phường Trung Hoà, Quận Cầu Giấy, Hà NộiXem bản đồ",4 tỷ - 55 m2
58 m²,5 phòng,5 phòng,Đã có sổ,"Nhà mặt phố, mặt tiền",,,"405,17 triệu/m²",,7,,Nội thất cao cấp,,ha-noi,PHÂN LÔ - VỈA HÈ - THANG MÁY - ÔTÔ KINH DOANH - VĂN PHÒNG,,"Hồ Tùng Mậu, Phường Mai Dịch, Quận Cầu Giấy, Hà NộiXem bản đồ","23,5 tỷ - 58 m2"
300 m²,4 phòng,3 phòng,,Nhà biệt thự,,,38 triệu/m²,,,,,,ha-noi,Bán cắt lỗ căn biệt thự đơn lập C8 khu đô thị Xanh Villas Thạch Thất,,"đường đại lộ thăng long, Xã Tiến Xuân, Huyện Thạch Thất, Hà NộiXem bản đồ","11,4 tỷ - 300 m2"
33 m²,3 phòng,3 phòng,Đã có sổ,"Nhà ngõ, hẻm",,,"95,45 triệu/m²",Đông Nam,4,,,,ha-noi,"Bán ngay nhà chính chủ 5 tầng, 3 phòng ngủ mới koog",,"Vĩnh Hưng, Phường Vĩnh Hưng, Quận Hoàng Mai, Hà NộiXem bản đồ","3,15 tỷ - 33 m2"
30 m²,2 phòng,1 phòng,Đang chờ sổ,,,,45 triệu/m²,Nam,1,,,,ha-noi,bán hoặc cho thuê,,"Nguyễn Văn Cừ, Phường Long Biên, Quận Long Biên, Hà NộiXem bản đồ","1,35 tỷ - 30 m2"
33 m²,4 phòng,3 phòng,Đã có sổ,,,,"136,36 triệu/m²",,5,,,,ha-noi,"NHÀ MỚI, ĐẸP, 5 TẦNG , MẶT THOÁNG, KINH DOANH, 4.5 TỶ,33 m2, HÀ ĐÔNG.",,"Quốc lộ 6, Phường Kiến Hưng, Quận Hà Đông, Hà NộiXem bản đồ","4,5 tỷ - 33 m2"
25 m²,3 phòng,4 phòng,Đã có sổ,"Nhà mặt phố, mặt tiền",49 m,,256 triệu/m²,,5,,,,ha-noi,"mặt Phố Mới ,vỉa hè Kinh Doanh Sầm Uất ,ô tô tránh Thông Khắp Ngả ..",,"Minh Khai, Phường Mai Động, Quận Hoàng Mai, Hà NộiXem bản đồ","6,4 tỷ - 25 m2"
70 m²,nhiều hơn 10 phòng,,Đã có sổ,,,,100 triệu/m²,Nam,5,,,,ha-noi,"Nhỉnh 7 Tỷ 70m2 Ngõ ô tô vào nhà, Trương Định 5 tầng 15PN khép kín",,"67/521, Đường Trương Định, Phường Giáp Bát, Quận Hoàng Mai, Hà NộiXem bản đồ",7 tỷ - 70 m2
35 m²,3 phòng,,,"Nhà ngõ, hẻm",,,"82,57 triệu/m²",,,,,,ha-noi,"Bán nhà Thạch Bàn, 35m2, 5 tầng, 2.85 tỷ, 3 bước ra phố, 2p đến AEON",,"Thạch Bàn, Phường Thạch Bàn, Quận Long Biên, Hà NộiXem bản đồ","2,89 tỷ - 35 m2"
45 m²,4 phòng,4 phòng,Đã có sổ,"Nhà ngõ, hẻm",,,140 triệu/m²,Đông Bắc,5,,,,ha-noi,"Bán nhà mới, 45m, 6T, 6.3 tỷ. XUÂN ĐỈNH. BẮC TỪ LIÊM",,"Xuân Đỉnh, Phường Xuân Đỉnh, Quận Bắc Từ Liêm, Hà NộiXem bản đồ","6,3 tỷ - 45 m2"
45 m²,4 phòng,3 phòng,Đã có sổ,,,,"116,67 triệu/m²",Đông Nam,4,,,,ha-noi,"Nhà 4 tầng, 2 thoáng, ngõ thông",,"Đường Đại Mỗ, Phường Đại Mỗ, Quận Nam Từ Liêm, Hà NộiXem bản đồ","5,25 tỷ - 45 m2"
28 m²,4 phòng,5 phòng,Đã có sổ,"Nhà ngõ, hẻm",,,"171,43 triệu/m²",,5,,,,ha-noi,"Nhà ngõ 205 Kim Ngưu, ô tô, kinh doanh",,"Phố Kim Ngưu, Phường Thanh Lương, Quận Hai Bà Trưng, Hà NộiXem bản đồ","4,8 tỷ - 28 m2"
42 m²,4 phòng,3 phòng,,"Nhà ngõ, hẻm",5.8 m,,"114,29 triệu/m²",,,,,,ha-noi,"KHÔNG CÓ CĂN THỨ 2, NHÀ MỚI ĐẸP, LÔ GÓC 3 THOÁNG, GẦN PHỐ",,"Trần Duy Hưng, Phường Yên Hoà, Quận Cầu Giấy, Hà NộiXem bản đồ","4,8 tỷ - 42 m2"
119.7 m²,8 phòng,4 phòng,Đã có sổ,"Nhà mặt phố, mặt tiền",,,"56,81 triệu/m²",Tây Nam,4,,,,ha-noi,"Chính chủ , bán nhà , phát lễ tiên dương đông anh thành phố hà nội",,"thôn  lễ pháp, Xã Tiên Dương, Huyện Đông Anh, Hà NộiXem bản đồ","6,8 tỷ - 119.7 m2"
40 m²,3 phòng,4 phòng,Đã có sổ,"Nhà ngõ, hẻm",,,"87,5 triệu/m²",,5,,Nội thất đầy đủ,,ha-noi,"BN NGÕ 68 NGUYỄN VĂN LINH LONG BIÊN 40m×5,MT 4m tầng.tc 3,5 tỷ.",,"Đường Nguyễn Văn Linh, Phường Thạch Bàn, Quận Long Biên, Hà NộiXem bản đồ","3,5 tỷ - 40 m2"
60 m²,8 phòng,4 phòng,Đã có sổ,"Nhà ngõ, hẻm",,,150 triệu/m²,,5,,Nội thất đầy đủ,,ha-noi,Bán nhà 5 tầng Thanh Xuân 60m2 - Oto 9 tỷ,,"Nguyễn Quý Đức, Phường Thanh Xuân Bắc, Quận Thanh Xuân, Hà NộiXem bản đồ",9 tỷ - 60 m2
65 m²,5 phòng,,,Nhà phố liền kề,,,220 triệu/m²,,,,,,ha-noi,"CẦN BÁN NHÀ PHÂN LÔ NGUYỄN XIỂN- THANH XUÂN DT65M, 5 TẦNG, VỈA HÈ KD",,"NGUYỄN XIỂN, Phường Thanh Xuân Bắc, Quận Thanh Xuân, Hà NộiXem bản đồ","14,3 tỷ - 65 m2"
40 m²,4 phòng,3 phòng,Đã có sổ,"Nhà ngõ, hẻm",,150 m²,"183,75 triệu/m²",,4,,,,ha-noi,"Đường ô tô đỗ cửa, vỉa hè nhà đẹp phân lô tại ngõ 319 Tam Trinh",,"Đường Tam Trinh, Phường Hoàng Văn Thụ, Quận Hoàng Mai, Hà NộiXem bản đồ","7,35 tỷ - 40 m2"
30 m²,3 phòng,4 phòng,Đã có sổ,"Nhà mặt phố, mặt tiền",,,"106,67 triệu/m²",,5,,Nội thất đầy đủ,,ha-noi,Bán nhà Xuân Phương-3 tỷ- ô tô – nhà mới đẹp 5 tầng full nội thất,,"xuân phương, Phường Xuân Phương, Quận Nam Từ Liêm, Hà NộiXem bản đồ","3,2 tỷ - 30 m2"
43 m²,4 phòng,,,"Nhà ngõ, hẻm",,,"160,47 triệu/m²",,5,,,,ha-noi,"Siêu hiếm. Nhà Láng Hạ, lô góc, kinh doanh, ngõ thông, 43m, 5 tầng",,"Đường Láng, Phường Láng Hạ, Quận Đống Đa, Hà NộiXem bản đồ","6,9 tỷ - 43 m2"
23 m²,2 phòng,2 phòng,Đã có sổ,"Nhà ngõ, hẻm",,,"143,48 triệu/m²",,4,,Nội thất đầy đủ,,ha-noi,CHÍNH CHỦ BÁN NHÀ NGÕ 299 HOÀNG MAI PHÂN LÔ BÀN CỜ — NGÕ Ô TÔ. 3.3 TỶ,,"Hoàng Mai, Phường Hoàng Văn Thụ, Quận Hoàng Mai, Hà NộiXem bản đồ","3,3 tỷ - 23 m2"
40 m²,3 phòng,2 phòng,Đã có sổ,"Nhà mặt phố, mặt tiền",,,110 triệu/m²,Đông Nam,3,,,,ha-noi,"Chính chủ bán nhà 40m2, 3 ngủ, 2 vs, 1 bếp, 1 khách, sân phơi rộng...",,"Kẻ Vẽ, Phường Đông Ngạc, Quận Bắc Từ Liêm, Hà NộiXem bản đồ","4,4 tỷ - 40 m2"
47 m²,4 phòng,,Đã có sổ,"Nhà ngõ, hẻm",,,"92,34 triệu/m²",,4,,,,ha-noi,"Chính chủ cần bán nhà, do công tác xa nơi ở",,"ngõ 858 Kim Giang, Thanh Liệt, Xã Thanh Liệt, Huyện Thanh Trì, Hà NộiXem bản đồ","4,34 tỷ - 47 m2"
40 m²,6 phòng,5 phòng,,"Nhà mặt phố, mặt tiền",,,"157,5 triệu/m²",,,,,,ha-noi,BÁN NHÀ PHỐ GỐC ĐỀ KINH DOANH Ô TÔ,,"Gốc Đề, Phường Hoàng Văn Thụ, Quận Hoàng Mai, Hà NộiXem bản đồ","6,3 tỷ - 40 m2"
42.5 m²,6 phòng,4 phòng,Đã có sổ,"Nhà ngõ, hẻm",,,"204,71 triệu/m²",Tây Nam,5,,,,ha-noi,"Nhà ngõ ô tô 42,5m2, 6 phòng ngủ, phố 8/3 - Q.Hai Bà Trưng-Hà Nội",,"Phố 8.3, Phường Quỳnh Mai, Quận Hai Bà Trưng, Hà NộiXem bản đồ","8,7 tỷ - 42.5 m2"
57 m²,5 phòng,,,"Nhà mặt phố, mặt tiền",,57 m²,"136,84 triệu/m²",,6,,,,ha-noi,Cần bán nhà mặt đường khu vực Hoàng Mai ô tô đỗ cửa ngày đêm,,"Đường Hoàng Mai, Phường Hoàng Văn Thụ, Quận Hoàng Mai, Hà NộiXem bản đồ","7,8 tỷ - 57 m2"
40 m²,2 phòng,,Đã có sổ,"Nhà ngõ, hẻm",,65 m²,105 triệu/m²,,2,,Nội thất đầy đủ,,ha-noi,Bán nhà Ngõ số 6 Lê Thánh Tông- Hoàn Kiếm- Hà Nội,,"104, số 6 lê thánh tông, Phường Phan Chu Trinh, Quận Hoàn Kiếm, Hà NộiXem bản đồ","4,2 tỷ - 40 m2"
50 m²,3 phòng,2 phòng,Đã có sổ,"Nhà ngõ, hẻm",,,140 triệu/m²,Tây Nam,3,,,,ha-noi,"Chính chủ Bán nhà mặt ngõ 190 Nguyễn Trãi cạnh Royal City, 50m2 MT 4m",,"190 Nguyễn Trãi, Phường Nhân Chính, Quận Thanh Xuân, Hà NộiXem bản đồ",7 tỷ - 50 m2
51 m²,5 phòng,,,"Nhà mặt phố, mặt tiền",,51 m²,"141,18 triệu/m²",,,,,,ha-noi,"Bán nhà Văn Quán, Trần Phú, Hà Đông",,"Đường Trần Phú, Phường Văn Quán, Quận Hà Đông, Hà NộiXem bản đồ","7,2 tỷ - 51 m2"
64 m²,8 phòng,,Đã có sổ,"Nhà mặt phố, mặt tiền",,,"215,63 triệu/m²",Tây,4,,Nội thất đầy đủ,,ha-noi,"Bán nhà mặt đường Âu Cơ, 64m², 4 tầng nổi, 1 tầng hầm.",,"Đường Âu Cơ, Phường Nhật Tân, Quận Tây Hồ, Hà NộiXem bản đồ","13,8 tỷ - 64 m2"
32 m²,6 phòng,3 phòng,Đã có sổ,"Nhà ngõ, hẻm",,,"96,88 triệu/m²",Bắc,4,,,,ha-noi,Chính chủ bán nhà đất 34m2/ 4 tầng 1 tum/ khu Phú Diễn,,"Phú Diễn, Phường Phú Diễn, Quận Bắc Từ Liêm, Hà NộiXem bản đồ","3,1 tỷ - 32 m2"
55.2 m²,4 phòng,4 phòng,Đã có sổ,"Nhà ngõ, hẻm",,,"102,36 triệu/m²",Tây Nam,6,,,,ha-noi,"Siêu phẩm 6 tầng thang máy, bếp tầng 5 tại Ba Đình, Hà Nội",,"Ngõ 173 Đội cấn, Phường Đội Cấn, Quận Ba Đình, Hà NộiXem bản đồ","5,65 tỷ - 55.2 m2"
70 m²,5 phòng,5 phòng,Đã có sổ,"Nhà ngõ, hẻm",,,"251,43 triệu/m²",Tây Nam,4,,,,ha-noi,Nhà chính chủ miễn trung gian,,"Phố Cát Linh, Phường Cát Linh, Quận Đống Đa, Hà NộiXem bản đồ","17,599999 tỷ - 70 m2"
168 m²,6 phòng,5 phòng,,"Nhà mặt phố, mặt tiền",,,"696,43 triệu/m²",,,,,,ha-noi,"Chính chủ cần bán nhà mặt phố Xã Đàn lớn, Phường Phương Liên, Đống Đa",,"Phố Xã Đàn, Phường Phương Liên, Quận Đống Đa, Hà NộiXem bản đồ",117 tỷ - 168 m2
50 m²,5 phòng,5 phòng,Đã có sổ,"Nhà ngõ, hẻm",,,110 triệu/m²,Đông,5,,,,ha-noi,🔥🔥HÓT - CẦN BÁN NHÀ🏡 MỚI KÍNH KOONG - KHƯƠNG TRUNG - THANH XUÂN,,"211, Phường Khương Trung, Quận Thanh Xuân, Hà NộiXem bản đồ","5,5 tỷ - 50 m2"
54 m²,4 phòng,4 phòng,Đã có sổ,"Nhà ngõ, hẻm",,,"222,22 triệu/m²",Nam,5,,,,ha-noi,"Bán nhà Gia Thụy, 2 mặt tiền, ngõ 2 oto tránh nhau được",,"Đường Nguyễn Văn Cừ, Phường Gia Thụy, Quận Long Biên, Hà NộiXem bản đồ",12 tỷ - 54 m2
60 m²,4 phòng,3 phòng,Đã có sổ,"Nhà ngõ, hẻm",3.9 m,,125 triệu/m²,,,,Nội thất đầy đủ,,ha-noi,"Bán nhà Xuân Đỉnh nhà dân xây, nội thất đẹp, Dt 60m2 x 4 tầng.",,"68, Ngõ 205 Xuân Đỉnh, Phường Xuân Đỉnh, Quận Bắc Từ Liêm, Hà NộiXem bản đồ","7,5 tỷ - 60 m2"
58 m²,6 phòng,4 phòng,Đã có sổ,"Nhà mặt phố, mặt tiền",,,"422,41 triệu/m²",Tây Bắc,5,,,,ha-noi,"Bán nhà mặt phố Thành Công, phường Thành Công, Ba Đình, Hà nội",,"Phô Thành Công, Phường Thành Công, Quận Ba Đình, Hà NộiXem bản đồ","24,5 tỷ - 58 m2"
35 m²,4 phòng,3 phòng,Đã có sổ,"Nhà ngõ, hẻm",,,"128,57 triệu/m²",Đông Bắc,4,,,,ha-noi,"BÁN NHÀ TRIỀU KHÚC DT 35M2 4T MT 3,5M GIÁ 4TY5",,"Triều Khúc, Xã Tân Triều, Huyện Thanh Trì, Hà NộiXem bản đồ","4,5 tỷ - 35 m2"
60 m²,4 phòng,,Đã có sổ,"Nhà ngõ, hẻm",4 m,,125 triệu/m²,,5,,,15 m,ha-noi,Bán Nhà Ngõ 205 Xuân Đỉnh nhà đẹp,,"Ngõ 205 Đường Xuân Đỉnh, Phường Xuân Đỉnh, Quận Bắc Từ Liêm, Hà NộiXem bản đồ","7,5 tỷ - 60 m2"
48 m²,3 phòng,,Đã có sổ,"Nhà ngõ, hẻm",,48 m²,"116,67 triệu/m²",,3,,Nội thất đầy đủ,,ha-noi,"Bán căn Siêu Phẩm Đa Sỹ - Kiến Hưng, oto dừng đỗ trước cửa ngày đêm.",,"Đường Đa Sỹ, Phường Kiến Hưng, Quận Hà Đông, Hà NộiXem bản đồ","5,6 tỷ - 48 m2"
45 m²,4 phòng,5 phòng,Đã có sổ,"Nhà ngõ, hẻm",,40 m²,"144,44 triệu/m²",,,,Nội thất đầy đủ,,ha-noi,"Bán nhà mới Hạ Yên, Yên Hoà, Cầu Giấy 45m2 giá 6,5 tỷ",,"hạ yên, Phường Yên Hoà, Quận Cầu Giấy, Hà NộiXem bản đồ","6,5 tỷ - 45 m2"
30 m²,4 phòng,5 phòng,Đã có sổ,"Nhà ngõ, hẻm",,,"131,67 triệu/m²",,5,,Nội thất đầy đủ,,ha-noi,Bán lên ở chung cư với con cháu.,,"Khương Đình, Phường Khương Đình, Quận Thanh Xuân, Hà NộiXem bản đồ","3,95 tỷ - 30 m2"
40 m²,9 phòng,Nhiều hơn 6 phòng,Đã có sổ,,,,"162,5 triệu/m²",Đông Nam,5,,,,ha-noi,bán nhà sổ đỏ chính chủ trong ngõ cách mặt đường 10 m,,"Phố Khâm Thiên, Phường Khâm Thiên, Quận Đống Đa, Hà NộiXem bản đồ","6,5 tỷ - 40 m2"
45 m²,4 phòng,4 phòng,,"Nhà ngõ, hẻm",,45 m²,"86,67 triệu/m²",,5,,,,ha-noi,"nhà Ngọc Thụy, Long Biên 45m2, 5 tầng, giá 3,9 tỷ. gần cầu LB, Mipec",,"Đường Ngọc Thụy, Phường Ngọc Thụy, Quận Long Biên, Hà NộiXem bản đồ","3,9 tỷ - 45 m2"
35 m²,4 phòng,3 phòng,Đã có sổ,"Nhà ngõ, hẻm",,35 m²,150 triệu/m²,,5,,,,ha-noi,bán nhà phan đình giót 5 tầng ô tô đỗ cửa - ngõ thông thoáng,,"phan đình giót, Phường Quang Trung, Quận Hà Đông, Hà NộiXem bản đồ","5,25 tỷ - 35 m2"
42 m²,4 phòng,2 phòng,Đã có sổ,"Nhà ngõ, hẻm",,,"123,81 triệu/m²",,5,,Nội thất đầy đủ,,ha-noi,"Bán nhà Khương Đình, 2 thoáng trước sau, 42/47m2 5 Tầng nhỉnh 5 tỷ.",,"Khương Đình, Phường Khương Đình, Quận Thanh Xuân, Hà NộiXem bản đồ","5,2 tỷ - 42 m2"
70 m²,5 phòng,,,"Nhà ngõ, hẻm",,,"185,71 triệu/m²",,6,,,,ha-noi,HOÀNG QUỐC VIỆT 70M*6TẦNG MỚI TINH-THANG MÁY-Ô TÔ TRÁNH- GIÁ CHỈ 13 TỶ,,"Hoàng Quốc Việt, Phường Nghĩa Đô, Quận Cầu Giấy, Hà NộiXem bản đồ",13 tỷ - 70 m2
33 m²,3 phòng,2 phòng,Đã có sổ,"Nhà ngõ, hẻm",,,"65,15 triệu/m²",Nam,3,,,,ha-noi,CHÍNH CHỦ CẦN BÁN NHÀ,,"Vườn Gai, Xã Di Trạch, Huyện Hoài Đức, Hà NộiXem bản đồ","2,15 tỷ - 33 m2"
45 m²,4 phòng,5 phòng,Đã có sổ,Nhà phố liền kề,,,"107,78 triệu/m²",Bắc,5,,,,ha-noi,Bán nhà khu Trường cán bộ quản lý Nông nghiệp Vĩnh Quỳnh Thanh Trì,,"Ngọc Hồi, Xã Vĩnh Quỳnh, Huyện Thanh Trì, Hà NộiXem bản đồ","4,85 tỷ - 45 m2"
39 m²,4 phòng,3 phòng,Đã có sổ,"Nhà ngõ, hẻm",,,"69,23 triệu/m²",Đông Nam,5,,,,ha-noi,"Bán Nhà Phố Lâm Tiên,5 tầng thiết kế hiện đại , giá 2,7 tỷ",,"Đường Lâm Tiên, Thị trấn Đông Anh, Huyện Đông Anh, Hà NộiXem bản đồ","2,7 tỷ - 39 m2"
32 m²,3 phòng,,,"Nhà ngõ, hẻm",,32 m²,"55,94 triệu/m²",,,,,,ha-noi,"Nhà 3 tầng Yên Nghĩa, 32 m2, 3 PN, nhà dân xây tâm huyết",,"Đường Hòa Bình, Phường Yên Nghĩa, Quận Hà Đông, Hà NộiXem bản đồ","1,79 tỷ - 32 m2"
