Diện tích đất:,Số phòng ngủ:,Số phòng vệ sinh:,Giấy tờ pháp lý:,Loại hình nhà ở:,Chiều ngang:,Diện tích sử dụng:,Giá/m2:,Hướng cửa chính:,Tổng số tầng:,Đặc điểm nhà/đất:,Tình trạng nội thất:,Chiều dài:,Location,Name,URL,District,Price
32 m²,3 phòng,4 phòng,Đã có sổ,"Nhà ngõ, hẻm",,,"134,38 triệu/m²",,5,,Nhà trống,,ha-noi,HÀO NAM - TT. ĐỐNG ĐA - 10M RA PHỐ - 35M2 X 5t - NHÀ MỚI Ở NGAY,,"Hào Nam, Phường Ô Chợ Dừa, Quận Đống Đa, Hà NộiXem bản đồ","4,3 tỷ - 32 m2"
38 m²,3 phòng,4 phòng,Đã có sổ,"Nhà ngõ, hẻm",,,"138,16 triệu/m²",,5,,Nội thất cao cấp,,ha-noi,CHÍNH CHỦ CẦN BÁN- ĐỐNG ĐA - HÀO NAM - 41m2 x 5T - MT 4m5 - NHỈNH 5 TỶ,,"Hào Nam, Phường Ô Chợ Dừa, Quận Đống Đa, Hà NộiXem bản đồ","5,25 tỷ - 38 m2"
64.8 m²,8 phòng,,Đã có sổ,"Nhà mặt phố, mặt tiền",4 m,,"69,44 triệu/m²",Tây Nam,,,Nội thất đầy đủ,,ha-noi,Nhà đẹp khang trang 5 tầng cửa quấn ngay tại Hà Đông,,"Đường Yên Bình, Phường Yên Nghĩa, Quận Hà Đông, Hà NộiXem bản đồ","4,5 tỷ - 64.8 m2"
28 m²,3 phòng,4 phòng,Đã có sổ,"Nhà ngõ, hẻm",,,"196,43 triệu/m²",,5,,Nội thất cao cấp,,ha-noi,Mặt Ngõ Tôn Đức Thắng - Kinh Doanh - Trc nhà 4m- ngõ thông - Giá tốt,,"Tôn Đức Thắng, Phường Hàng Bột, Quận Đống Đa, Hà NộiXem bản đồ","5,5 tỷ - 28 m2"
32 m²,3 phòng,3 phòng,Đã có sổ,"Nhà mặt phố, mặt tiền",,,"79,69 triệu/m²",,4,,Nội thất cao cấp,,ha-noi,"Bán Nhà Phố Liên Mạc, Bắc Từ Liêm 32m2, 4 Tầng, 3 Phòng Ngủ",,"Đường Đại Cát, Phường Liên Mạc, Quận Bắc Từ Liêm, Hà NộiXem bản đồ","2,55 tỷ - 32 m2"
40 m²,4 phòng,3 phòng,Đã có sổ,"Nhà ngõ, hẻm",,,125 triệu/m²,,4,,Nội thất cao cấp,,ha-noi,BÁN NHÀ NGUYỄN HOÀNG-40m2x4 tầng NHỈNH 5 TỶ-DÂN XÂY CÁCH PHỐ 30m-ĐẸP,,"Nguyễn Hoàng, Phường Mỹ Đình 1, Quận Nam Từ Liêm, Hà NộiXem bản đồ",5 tỷ - 40 m2
54 m²,4 phòng,3 phòng,Đã có sổ,"Nhà ngõ, hẻm",,,"85,19 triệu/m²",,4,,Nhà trống,,ha-noi,"Bán Nhanh ! Nguyễn Đức Cảnh ,ô tô cách 30m 54m trước nhà rộng thoáng .",,"Nguyễn Đức Cảnh, Phường Hoàng Văn Thụ, Quận Hoàng Mai, Hà NộiXem bản đồ","4,6 tỷ - 54 m2"
62 m²,4 phòng,,Đã có sổ,"Nhà mặt phố, mặt tiền",,,"201,61 triệu/m²",,,,,,ha-noi,BÁN GẤP NHÀ NHẬT CHIÊU - TÂY HỒ - LÔ GÓC - MT 7M-GARA - 30M Ô TÔ TRÁNH,,"Nhật Chiêu, Phường Nhật Tân, Quận Tây Hồ, Hà NộiXem bản đồ","12,5 tỷ - 62 m2"
35 m²,3 phòng,,Đã có sổ,"Nhà ngõ, hẻm",5 m,,"115,71 triệu/m²",,5,,,7 m,ha-noi,CHỦ BÁN GẤP NHÀ CỔ NHUẾ 35m Ô TÔ ĐỖ CỔNG NHÀ MỚI BA BƯỚC RA PHỐ GIÁ RẺ,,"cổ nhuế, Phường Cổ Nhuế 1, Quận Bắc Từ Liêm, Hà NộiXem bản đồ","4,05 tỷ - 35 m2"
44 m²,3 phòng,,Đã có sổ,"Nhà ngõ, hẻm",,,"105,68 triệu/m²",,,,,,ha-noi,"Bán nhà Yên Lãng ngõ thông tứ tung, nhà mới thơm mùi sơn, ngõ bagac",,"Phố Yên Lãng, Phường Thịnh Quang, Quận Đống Đa, Hà NộiXem bản đồ","4,65 tỷ - 44 m2"
32 m²,3 phòng,,Đã có sổ,"Nhà ngõ, hẻm",,37.5998 m²,"103,13 triệu/m²",,5,,Nội thất đầy đủ,,ha-noi,BÁN GẤP NHÀ CÁT LINH - Ô TÔ ĐỖ GẦN - NGÕ RỘNG THÊNH THANG,,"Phố Cát Linh, Phường Cát Linh, Quận Đống Đa, Hà NộiXem bản đồ","3,3 tỷ - 32 m2"
33 m²,3 phòng,4 phòng,,"Nhà ngõ, hẻm",3.7999 m,,"145,45 triệu/m²",,5,,Nội thất đầy đủ,,ha-noi,"BÁN NHÀ CỰ LỘC, THANH XUÂN DT33M, 5 TẦNG, MT3.8M, GIÁ 4,8 TỶ",,"Cự Lộc, Phường Nhân Chính, Quận Thanh Xuân, Hà NộiXem bản đồ","4,8 tỷ - 33 m2"
32 m²,4 phòng,4 phòng,Đã có sổ,"Nhà ngõ, hẻm",,,"171,88 triệu/m²",,6,,Nội thất đầy đủ,,ha-noi,"💥Bán nhà đẹp Phương Mai-Đống Đa 32mx6T, MT3.1m,phân lô.Giá nhỉnh 5 tỷ💕",,"Phố Phương Mai, Phường Phương Mai, Quận Đống Đa, Hà NộiXem bản đồ","5,5 tỷ - 32 m2"
60 m²,2 phòng,2 phòng,Đã có sổ,"Nhà ngõ, hẻm",,,"77,5 triệu/m²",,2,,Nội thất đầy đủ,,ha-noi,"Bán gấp nhà 2 tầng, S 60m2, đường Giếng Mứt, Q. Hai Bà Trưng",,"Giếng Mứt, Phường Bạch Mai, Quận Hai Bà Trưng, Hà NộiXem bản đồ","4,65 tỷ - 60 m2"
60 m²,6 phòng,,,Nhà biệt thự,,,"153,33 triệu/m²",,,,,,ha-noi,NHÀ LIỀN KỀ 60m 6 TẦNG THANG MÁY Ô TÔ DỪNG ĐỖ NGÀY ĐÊM NHỈNH 9 TỶ,,"Ngõ 124 Minh Khai, Phường Minh Khai, Quận Hai Bà Trưng, Hà NộiXem bản đồ","9,2 tỷ - 60 m2"
42 m²,4 phòng,,Đã có sổ,"Nhà ngõ, hẻm",,,"104,52 triệu/m²",,4,,Nội thất đầy đủ,,ha-noi,Ngõ 168 Kim Giang- Hoàng Mai-Ngõ rộng 3m- Oto sát nhà- 42m*4T- 4.39 tỷ,,"Kim Giang, Phường Đại Kim, Quận Hoàng Mai, Hà NộiXem bản đồ","4,39 tỷ - 42 m2"
38 m²,3 phòng,,,"Nhà mặt phố, mặt tiền",,,"310,53 triệu/m²",,,,,,ha-noi,bán nhà mặt phố THỤY KHUÊ dt38 4 tầng view Hồ Tây giá 11.8 tỷ,,"thụy khuê, Phường Thụy Khuê, Quận Tây Hồ, Hà NộiXem bản đồ","11,8 tỷ - 38 m2"
40 m²,4 phòng,,Đã có sổ,"Nhà ngõ, hẻm",4 m,,"124,5 triệu/m²",,5,,Nội thất cao cấp,,ha-noi,"BÁN NHÀ BA ĐÌNH 40m NHÀ DÂN XÂY MỚI, NGÕ THÔNG GẦN Ô TÔ Ở CỰC THÍCH",,"Đào Tấn, Phường Đội Cấn, Quận Ba Đình, Hà NộiXem bản đồ","4,98 tỷ - 40 m2"
33 m²,3 phòng,4 phòng,Đã có sổ,"Nhà ngõ, hẻm",,,"133,33 triệu/m²",,5,,Nội thất đầy đủ,,ha-noi,"Nhà mới đẹp long lanh đón tết, ngõ rộng cách ôtô 30m, Đức Diễn, Hà Nội",,"Đường Đức Diễn, Phường Phúc Diễn, Quận Bắc Từ Liêm, Hà NộiXem bản đồ","4,4 tỷ - 33 m2"
40 m²,3 phòng,4 phòng,Đã có sổ,"Nhà mặt phố, mặt tiền",,,"142,5 triệu/m²",Đông Nam,4,,,,ha-noi,"NHÀ ĐẸP 5,7 tỷ - HOÀNG QUỐC VIỆT - Nguyễn Đình Hoàn - 40m2 - 4 TẦNG",,"Nguyễn Đình hoàn, Phường Quan Hoa, Quận Cầu Giấy, Hà NộiXem bản đồ","5,7 tỷ - 40 m2"
32 m²,4 phòng,4 phòng,Đã có sổ,"Nhà ngõ, hẻm",,,"171,88 triệu/m²",,6,,Nội thất đầy đủ,,ha-noi,"💥Bán nhà đẹp Phương Mai-Đống Đa 32mx6T, MT3.1m,phân lô.Giá nhỉnh 5 tỷ💕",,"Phố Phương Mai, Phường Phương Mai, Quận Đống Đa, Hà NộiXem bản đồ","5,5 tỷ - 32 m2"
60 m²,2 phòng,2 phòng,Đã có sổ,"Nhà ngõ, hẻm",,,"77,5 triệu/m²",,2,,Nội thất đầy đủ,,ha-noi,"Bán gấp nhà 2 tầng, S 60m2, đường Giếng Mứt, Q. Hai Bà Trưng",,"Giếng Mứt, Phường Bạch Mai, Quận Hai Bà Trưng, Hà NộiXem bản đồ","4,65 tỷ - 60 m2"
60 m²,6 phòng,,,Nhà biệt thự,,,"153,33 triệu/m²",,,,,,ha-noi,NHÀ LIỀN KỀ 60m 6 TẦNG THANG MÁY Ô TÔ DỪNG ĐỖ NGÀY ĐÊM NHỈNH 9 TỶ,,"Ngõ 124 Minh Khai, Phường Minh Khai, Quận Hai Bà Trưng, Hà NộiXem bản đồ","9,2 tỷ - 60 m2"
42 m²,4 phòng,,Đã có sổ,"Nhà ngõ, hẻm",,,"104,52 triệu/m²",,4,,Nội thất đầy đủ,,ha-noi,Ngõ 168 Kim Giang- Hoàng Mai-Ngõ rộng 3m- Oto sát nhà- 42m*4T- 4.39 tỷ,,"Kim Giang, Phường Đại Kim, Quận Hoàng Mai, Hà NộiXem bản đồ","4,39 tỷ - 42 m2"
38 m²,3 phòng,,,"Nhà mặt phố, mặt tiền",,,"310,53 triệu/m²",,,,,,ha-noi,bán nhà mặt phố THỤY KHUÊ dt38 4 tầng view Hồ Tây giá 11.8 tỷ,,"thụy khuê, Phường Thụy Khuê, Quận Tây Hồ, Hà NộiXem bản đồ","11,8 tỷ - 38 m2"
40 m²,4 phòng,,Đã có sổ,"Nhà ngõ, hẻm",4 m,,"124,5 triệu/m²",,5,,Nội thất cao cấp,,ha-noi,"BÁN NHÀ BA ĐÌNH 40m NHÀ DÂN XÂY MỚI, NGÕ THÔNG GẦN Ô TÔ Ở CỰC THÍCH",,"Đào Tấn, Phường Đội Cấn, Quận Ba Đình, Hà NộiXem bản đồ","4,98 tỷ - 40 m2"
33 m²,3 phòng,4 phòng,Đã có sổ,"Nhà ngõ, hẻm",,,"133,33 triệu/m²",,5,,Nội thất đầy đủ,,ha-noi,"Nhà mới đẹp long lanh đón tết, ngõ rộng cách ôtô 30m, Đức Diễn, Hà Nội",,"Đường Đức Diễn, Phường Phúc Diễn, Quận Bắc Từ Liêm, Hà NộiXem bản đồ","4,4 tỷ - 33 m2"
40 m²,3 phòng,4 phòng,Đã có sổ,"Nhà mặt phố, mặt tiền",,,"142,5 triệu/m²",Đông Nam,4,,,,ha-noi,"NHÀ ĐẸP 5,7 tỷ - HOÀNG QUỐC VIỆT - Nguyễn Đình Hoàn - 40m2 - 4 TẦNG",,"Nguyễn Đình hoàn, Phường Quan Hoa, Quận Cầu Giấy, Hà NộiXem bản đồ","5,7 tỷ - 40 m2"
32 m²,3 phòng,4 phòng,,"Nhà ngõ, hẻm",,32 m²,"160,94 triệu/m²",,5,,,,ha-noi,"Bán Nhà Lê Duẩn 32m2, Mặt Tiền 5m. Oto 7 Chỗ Vào, Kinh Doanh 5.15 Tỷ",,"lê duẩn, Phường Quốc Tử Giám, Quận Đống Đa, Hà NộiXem bản đồ","5,15 tỷ - 32 m2"
30 m²,2 phòng,3 phòng,Đã có sổ,"Nhà ngõ, hẻm",,,"103,33 triệu/m²",,3,,,,ha-noi,Nhà Trần Hòa-Định Công- Hoàng Mai- Ngõ 3m- Đi bộ ra hồ -30m*3T- 3.1 tỷ,,"Phố Trần Hòa, Phường Định Công, Quận Hoàng Mai, Hà NộiXem bản đồ","3,1 tỷ - 30 m2"
39 m²,3 phòng,4 phòng,Đã có sổ,"Nhà ngõ, hẻm",,,"108,97 triệu/m²",,5,,Nội thất cao cấp,,ha-noi,"Hiếm! Nguyễn Khánh Toàn, ngõ nông, nhà thoáng, mới đẹp ở ngay, 39m2*5T",,"Nguyễn Khánh Toàn, Phường Quan Hoa, Quận Cầu Giấy, Hà NộiXem bản đồ","4,25 tỷ - 39 m2"
32 m²,3 phòng,,Đã có sổ,"Nhà ngõ, hẻm",,,"131,25 triệu/m²",Tây Bắc,4,,Nội thất đầy đủ,,ha-noi,TRẦN KHÁT CHÂN_LÔ GÓC_32M2_4 TẦNG_GIÁ 4.2 TỶ (HÀ NỘI),,"Đường Trần Khát Chân, Phường Thanh Lương, Quận Hai Bà Trưng, Hà NộiXem bản đồ","4,2 tỷ - 32 m2"
38 m²,3 phòng,,Đã có sổ,"Nhà ngõ, hẻm",,,"113,16 triệu/m²",,,,,,ha-noi,"Siêu phẩm đón tết, nhà Láng Hạ, 30m ra Đường Láng, 38m2, nội thất đẹp",,"Đường Láng, Phường Láng Hạ, Quận Đống Đa, Hà NộiXem bản đồ","4,3 tỷ - 38 m2"
32 m²,3 phòng,,,"Nhà ngõ, hẻm",,,"71,88 triệu/m²",,4,,,,ha-noi,"Nhà 4Tx32m2 Tổ 1(full nội thất)100m Quang Trung -Yên Nghĩa chỉ 2,3 tỷ",,"Quang Trung, Phường Yên Nghĩa, Quận Hà Đông, Hà NộiXem bản đồ","2,3 tỷ - 32 m2"
45 m²,4 phòng,4 phòng,Đã có sổ,"Nhà ngõ, hẻm",,,"113,33 triệu/m²",,4,,Nội thất cao cấp,,ha-noi,"102! Ngõ 79 Cầu Giấy, ngõ thông thoáng, gần ô tô, kinh doanh, 45m2*4T.",,"Cầu Giấy, Phường Yên Hoà, Quận Cầu Giấy, Hà NộiXem bản đồ","5,1 tỷ - 45 m2"
50 m²,4 phòng,,Đã có sổ,Nhà phố liền kề,5 m,,"159,8 triệu/m²",,5,,Nội thất cao cấp,,ha-noi,BÁN NHÀ PHẠM VĂN ĐỒNG 50m Ô TÔ KINH DOANH NHÀ MỚI BA BƯỚC RA PHỐ,,"Phạm Văn Đồng, Phường Cổ Nhuế 1, Quận Bắc Từ Liêm, Hà NộiXem bản đồ","7,99 tỷ - 50 m2"
49.5 m²,4 phòng,,Đã có sổ,"Nhà mặt phố, mặt tiền",,,"191,92 triệu/m²",,5,"Hẻm xe hơi,Nở hậu",,,ha-noi,"Nhà đẹp đón tết Xuân Đỉnh. Oto vào nhà, dừng đỗ ngày đêm, kinh doanh",,"Xuân Đỉnh, Phường Xuân Đỉnh, Quận Bắc Từ Liêm, Hà NộiXem bản đồ","9,5 tỷ - 49.5 m2"
39 m²,4 phòng,4 phòng,Đã có sổ,"Nhà ngõ, hẻm",,,"107,69 triệu/m²",,6,,Nội thất đầy đủ,,ha-noi,Bán Nhà Lô Góc Ngõ 68 Nguyễn Văn LinhTặng full Nội Thất - 39m2 x6 tầng,,"Ngõ 68 Nguyễn Văn Linh, Phường Thạch Bàn, Quận Long Biên, Hà NộiXem bản đồ","4,2 tỷ - 39 m2"
33 m²,3 phòng,4 phòng,Đã có sổ,"Nhà mặt phố, mặt tiền",3.5 m,,"127,27 triệu/m²",,5,,,,ha-noi,"BÁN NHÀ TRẦN CUNG, NHÀ ĐẸP GẦN PHỐ, CHIA LÔ, DIỆN TÍCH 33M,GIÁ 4.2TỶ",,"Đường Trần Cung, Phường Cổ Nhuế 1, Quận Bắc Từ Liêm, Hà NộiXem bản đồ","4,2 tỷ - 33 m2"
33 m²,3 phòng,4 phòng,Đã có sổ,"Nhà mặt phố, mặt tiền",3.5 m,,"127,27 triệu/m²",,5,,,,ha-noi,"BÁN NHÀ TRẦN CUNG, NHÀ ĐẸP GẦN PHỐ, CHIA LÔ, DIỆN TÍCH 33M,GIÁ 4.2TỶ",,"Đường Trần Cung, Phường Cổ Nhuế 1, Quận Bắc Từ Liêm, Hà NộiXem bản đồ","4,2 tỷ - 33 m2"
53 m²,4 phòng,,Đã có sổ,"Nhà ngõ, hẻm",,,"122,64 triệu/m²",,,"Hẻm xe hơi,Nở hậu",,,ha-noi,"Nhà 53m2 5 tầng lô góc 2 thoáng Xã Đàn, ĐĐ oto,full NT 6,5 tỷ,sổ vuông",,"Xã Đàn, Phường Ô Chợ Dừa, Quận Đống Đa, Hà NộiXem bản đồ","6,5 tỷ - 53 m2"
99 m²,10 phòng,Nhiều hơn 6 phòng,Đã có sổ,"Nhà mặt phố, mặt tiền",,,"762,63 triệu/m²",,6,,Nội thất cao cấp,,ha-noi,"Siêu Đẹp Bán Nhà Mặt Phố Lý Thường Kiệt 6 tầng 75,5 Tỷ 99m2 Hoàn Kiếm",,"Phố Lý Thường Kiệt, Phường Cửa Nam, Quận Hoàn Kiếm, Hà NộiXem bản đồ","75,5 tỷ - 99 m2"
40 m²,nhiều hơn 10 phòng,Nhiều hơn 6 phòng,Đã có sổ,"Nhà mặt phố, mặt tiền",,,540 triệu/m²,,8,,Nội thất đầy đủ,,ha-noi,"Bán Nhà Mặt Phố Lý Quốc Sư Hoàn Kiếm 21,6Ty 8 tầng thang máy 40m2",,"Phố Lý Quốc Sư, Phường Hàng Trống, Quận Hoàn Kiếm, Hà NộiXem bản đồ","21,6 tỷ - 40 m2"
30 m²,5 phòng,5 phòng,Đã có sổ,"Nhà mặt phố, mặt tiền",,,620 triệu/m²,,5,,Nội thất đầy đủ,,ha-noi,"Bán Nhà Phố Hàng Vôi 18,6 Tỷ 32m2 Hoàn Kiếm",,"Phố Hàng Vôi, Phường Lý Thái Tổ, Quận Hoàn Kiếm, Hà NộiXem bản đồ","18,6 tỷ - 30 m2"
58 m²,6 phòng,4 phòng,Đã có sổ,"Nhà ngõ, hẻm",,,"137,93 triệu/m²",,5,,Nội thất đầy đủ,,ha-noi,"Bán nhà, mặt ngõ 192 Kim Giang. Ô tô đỗ cửa, sổ đỏ tuyệt đẹp",,"192, Kim Giang, Phường Đại Kim, Quận Hoàng Mai, Hà NộiXem bản đồ",8 tỷ - 58 m2
43 m²,1 phòng,,,"Nhà mặt phố, mặt tiền",,,"26,28 triệu/m²",,,Hẻm xe hơi,,,ha-noi,BÁN NHÀ MẶT NGÕ 55 TRẦN HÒA 43M2 XÂY MỚI,,"Ngõ 55 Trần Hòa, Phường Định Công, Quận Hoàng Mai, Hà NộiXem bản đồ","1,13 tỷ - 43 m2"
42 m²,3 phòng,,,"Nhà ngõ, hẻm",,,"138,1 triệu/m²",,,,,,ha-noi,"Bán nhà hai cửa phố Yên Hoa thông ra Yên Phụ, 15p vào phố cổ, gần ô tô",,"Phố Yên Hoa, Phường Yên Phụ, Quận Tây Hồ, Hà NộiXem bản đồ","5,8 tỷ - 42 m2"
68.6997 m²,5 phòng,,,"Nhà ngõ, hẻm",,,"160,12 triệu/m²",,,"Hẻm xe hơi,Nở hậu",,,ha-noi,"CHÍNH CHỦ - BÁN NHÀ LÊ TRỌNG TẤN DT 68.7m2, gara, MT 3.3m, 11 tỷ",,"Lê Trọng Tấn, Phường Khương Mai, Quận Thanh Xuân, Hà NộiXem bản đồ",11 tỷ - 68.6.997 m2
87 m²,4 phòng,Nhiều hơn 6 phòng,Đã có sổ,"Nhà mặt phố, mặt tiền",,,"166,67 triệu/m²",,5,Hẻm xe hơi,,,ha-noi,"BÁN NHÀ MẶT PHỐ NGỌC THUỴ LONG BIÊN Ô TÔ THANG MÁY KINH KD 87M 5T 14,5",,"Ngọc Thụy, Phường Ngọc Thụy, Quận Long Biên, Hà NộiXem bản đồ","14,5 tỷ - 87 m2"
62 m²,6 phòng,4 phòng,Đã có sổ,"Nhà ngõ, hẻm",,,"175,81 triệu/m²",,4,,Nội thất cao cấp,,ha-noi,Bán nhà PHẠM TUẤN TÀI --- vài bước ra HOÀNG QUỐC VIỆT-- phân lô 62M,,"Phạm Tuấn Tài, Phường Nghĩa Tân, Quận Cầu Giấy, Hà NộiXem bản đồ","10,9 tỷ - 62 m2"
30 m²,3 phòng,4 phòng,Đã có sổ,"Nhà ngõ, hẻm",,,"113,33 triệu/m²",,5,,Nội thất đầy đủ,,ha-noi,"Bán nhà đường Minh Khai 30m 5 tầng cách 5m ra ô tô chỉ 3,4 tỷ",,"Phố Minh Khai, Phường Vĩnh Tuy, Quận Hai Bà Trưng, Hà NộiXem bản đồ","3,4 tỷ - 30 m2"
47 m²,4 phòng,,,"Nhà ngõ, hẻm",,,"117,02 triệu/m²",,,,,,ha-noi,"Bán nhà Xuân Diệu ngõ thông, gần hồ Tây, có khe thoáng sau nhà",,"Đường Xuân Diệu, Phường Quảng An, Quận Tây Hồ, Hà NộiXem bản đồ","5,5 tỷ - 47 m2"
35 m²,3 phòng,3 phòng,Đã có sổ,"Nhà ngõ, hẻm",,,"148,57 triệu/m²",,5,,Nội thất cao cấp,,ha-noi,NHÀ DÂN XÂY KHƯƠNG TRUNG MẶT TIỀN RỘNG - NỘI THẤT ĐẮT TIỀN -NGÕ BA GÁC,,"Khương Trung, Phường Khương Trung, Quận Thanh Xuân, Hà NộiXem bản đồ","5,2 tỷ - 35 m2"
60 m²,3 phòng,4 phòng,,"Nhà ngõ, hẻm",,30 m²,"58,33 triệu/m²",Tây Nam,5,,,,ha-noi,BÁN NHÀ HOÈ THỊ TRỊNH VĂN BÔ NGAY MỸ ĐÌNH 5 TẦNG MỚI Ô TÔ GẦN NGÕ NÔNG,,"Phương Canh, Phường Phương Canh, Quận Nam Từ Liêm, Hà NộiXem bản đồ","3,5 tỷ - 60 m2"
45 m²,5 phòng,,Đã có sổ,Nhà phố liền kề,5 m,,244 triệu/m²,,7,,Nội thất cao cấp,,ha-noi,BÁN NHÀ TÂY HỒ 45m LÔ GÓC ÔTÔ ĐỖ CỬA THANG MÁY NHÀ MỚI HIỆN ĐẠI Ở NGAY,,"Thụy Khuê, Phường Thụy Khuê, Quận Tây Hồ, Hà NộiXem bản đồ","10,98 tỷ - 45 m2"
42 m²,4 phòng,,,"Nhà ngõ, hẻm",,,"105,95 triệu/m²",,,,,,ha-noi,"Bán nhà thoáng tại Phú Thượng, hàng xóm Ciputra, về ở ngay, gần ô tô",,"Phố Phú Gia, Phường Phú Thượng, Quận Tây Hồ, Hà NộiXem bản đồ","4,45 tỷ - 42 m2"
25 m²,3 phòng,4 phòng,Đang chờ sổ,,,,"75,6 triệu/m²",Tây Nam,5,,,,ha-noi,"27m,5 tầng",,"..107, VĨNH HƯNG, Phường Vĩnh Hưng, Quận Hoàng Mai, Hà NộiXem bản đồ","1,89 tỷ - 25 m2"
35 m²,4 phòng,,Đã có sổ,"Nhà ngõ, hẻm",,,"52,86 triệu/m²",,,,,,ha-noi,Hiếm có khó tìm nhà mới tâng 2 phòng 35m 4 tầng 1ty85 bao thuế phí,,"Yên Bình, Phường Yên Nghĩa, Quận Hà Đông, Hà NộiXem bản đồ","1,85 tỷ - 35 m2"
42 m²,4 phòng,4 phòng,Đã có sổ,"Nhà ngõ, hẻm",,,"139,29 triệu/m²",Đông Nam,5,,,,ha-noi,"Bán nhà ngõ 194 Đội Cấn, 5 tầng, DT: 45m2, Xây Mới, nội thất đầy đủ",,"Ngõ 194 Đội Cấn, Phường Đội Cấn, Quận Ba Đình, Hà NộiXem bản đồ","5,85 tỷ - 42 m2"
42 m²,4 phòng,4 phòng,Đã có sổ,"Nhà ngõ, hẻm",,,"139,29 triệu/m²",Đông Nam,5,,,,ha-noi,"Bán nhà ngõ 194 Đội Cấn, 5 tầng, DT: 45m2, Xây Mới, nội thất đầy đủ",,"Ngõ 194 Đội Cấn, Phường Đội Cấn, Quận Ba Đình, Hà NộiXem bản đồ","5,85 tỷ - 42 m2"
43 m²,4 phòng,,,"Nhà ngõ, hẻm",,,"244,19 triệu/m²",,,,,,ha-noi,chính chủ cần bán nhà THANH XUÂN dt 43m x 5 tầng 10.5 tỷ phân lô ô tô,,"thanh xuân , Phường Khương Trung, Quận Thanh Xuân, Hà NộiXem bản đồ","10,5 tỷ - 43 m2"
35 m²,4 phòng,,,"Nhà ngõ, hẻm",,,"185,71 triệu/m²",,,,,,ha-noi,Bán nhà Cầu Giấy phân lô oto dừng đỗ ngày đêm 5 tầng sẵn ở ngay.,,"Cầu giấy, Phường Quan Hoa, Quận Cầu Giấy, Hà NộiXem bản đồ","6,5 tỷ - 35 m2"
35 m²,3 phòng,,,"Nhà ngõ, hẻm",,,"157,14 triệu/m²",,,Hẻm xe hơi,,,ha-noi,"Bán nhà phố Bùi Trang Chước ô tô vào tận nhà, khu VIP nhất Phú Thượng",,"Phố Bùi Trang Chước, Phường Phú Thượng, Quận Tây Hồ, Hà NộiXem bản đồ","5,5 tỷ - 35 m2"
47 m²,3 phòng,,Đã có sổ,Nhà phố liền kề,3.8 m,,"35,11 triệu/m²",,3,,Nhà trống,,ha-noi,"Tôi cần Bán Căn Nhà tự xây 46mx3 tầng,có sân riêng,giá 1.65 tỷ.",,"ql6, Phường Đồng Mai, Quận Hà Đông, Hà NộiXem bản đồ","1,65 tỷ - 47 m2"
50 m²,4 phòng,,,"Nhà ngõ, hẻm",,,"20,2 triệu/m²",,,,,,ha-noi,"BÁN CĂN NHÀ ĐẸP BỒ ĐỀ, THANG MÁY , ĐƯỜNG THÔNG Ô TÔ",,"Hồng Tiến, Phường Bồ Đề, Quận Long Biên, Hà NộiXem bản đồ","1,01 tỷ - 50 m2"
20 m²,3 phòng,3 phòng,Đã có sổ,"Nhà ngõ, hẻm",,,"132,5 triệu/m²",Nam,4,,,,ha-noi,"NHÀ 4 TẦNG TẠI PHỐ AN HÒA, MỖ LAO GIÁ CHÀO BÁN CHỈ NHỈNH 2 TỶ.",,"An Hòa, Phường Mộ Lao, Quận Hà Đông, Hà NộiXem bản đồ","2,65 tỷ - 20 m2"
66 m²,4 phòng,3 phòng,Đã có sổ,"Nhà ngõ, hẻm",,,"40,91 triệu/m²",Tây Bắc,1,,,,ha-noi,ban nha c4 co 5 phong cho thuê 3 dc 6 triệu.o to con do cua,,"Đường Gia Thượng, Phường Thượng Thanh, Quận Long Biên, Hà NộiXem bản đồ","2,7 tỷ - 66 m2"
62 m²,5 phòng,4 phòng,Đã có sổ,"Nhà ngõ, hẻm",,,"201,61 triệu/m²",,6,,Nội thất cao cấp,,ha-noi,"Bán Nhà Phân Lô Ngõ Ô TÔ Tránh Nhau Hoàng Quốc Việt, 50m2 Giá 12,5 Tỷ",,"Đường Hoàng Quốc Việt, Phường Nghĩa Tân, Quận Cầu Giấy, Hà NộiXem bản đồ","12,5 tỷ - 62 m2"
36 m²,3 phòng,3 phòng,Đã có sổ,"Nhà ngõ, hẻm",,,"105,56 triệu/m²",,5,,Nội thất đầy đủ,,ha-noi,"NHÀ MỚI Ở LUÔN-PHỐ HOÀNG MAI-TT QUẬN-GẦN PHỐ-GẦN OTO-DT36x5T-GIÁ 3,8TỶ",,"Đường Hoàng Mai, Phường Hoàng Văn Thụ, Quận Hoàng Mai, Hà NộiXem bản đồ","3,8 tỷ - 36 m2"
32 m²,3 phòng,,,"Nhà ngõ, hẻm",,,"121,88 triệu/m²",,,,,,ha-noi,"Bán nhà ốp gỗ tới 65% diện tích tại phố Bùi Trang Chước, ngõ thông",,"Phố Bùi Trang Chước, Phường Phú Thượng, Quận Tây Hồ, Hà NộiXem bản đồ","3,9 tỷ - 32 m2"
61 m²,6 phòng,,,"Nhà mặt phố, mặt tiền",,,"229,51 triệu/m²",,,,,,ha-noi,CẦN BÁN NHÀ MẶT PHỐ TRƯỜNG CHINH - ĐỐNG ĐA NHỈNH 200/M,,"Trường Chinh, Phường Khương Thượng, Quận Đống Đa, Hà NộiXem bản đồ",14 tỷ - 61 m2
42 m²,5 phòng,4 phòng,Đã có sổ,"Nhà ngõ, hẻm",,,"101,19 triệu/m²",,4,,Nội thất cao cấp,,ha-noi,"BÁN NHÀ MỚI XÂY OTO ĐỖ CỬA TẠI VĨNH HƯNG , DT : 41.4 x 4 ( 5pn )",,"198, Phố Vĩnh Hưng, Phường Vĩnh Hưng, Quận Hoàng Mai, Hà NộiXem bản đồ","4,25 tỷ - 42 m2"
60 m²,4 phòng,3 phòng,Đã có sổ,"Nhà ngõ, hẻm",,,"89,17 triệu/m²",,4,,Nội thất đầy đủ,,ha-noi,"Bán nhà đẹp 60m2, View Times City, 4 Ngủ, Đ. Minh Khai, Hai Bà Trưng",,"Minh Khai, Phường Vĩnh Tuy, Quận Hai Bà Trưng, Hà NộiXem bản đồ","5,35 tỷ - 60 m2"
50 m²,10 phòng,Nhiều hơn 6 phòng,Đã có sổ,"Nhà ngõ, hẻm",,,"109,2 triệu/m²",,6,,Nội thất đầy đủ,,ha-noi,"Bán nhà 6 tầng, 10 phòng cho thuê, thu nhập 400 triệu trên năm",,"Trung Văn, Phường Trung Văn, Quận Nam Từ Liêm, Hà NộiXem bản đồ","5,46 tỷ - 50 m2"
32 m²,3 phòng,4 phòng,,"Nhà ngõ, hẻm",4 m,,"110,94 triệu/m²",Nam,5,,,,ha-noi,CHỈ NHỈNH NHẸ 3 TỶ CÓ NGAY NHÀ 5 TẦNG MỚI KÍNH COONG NẰM SÁT LACASTA,,"Văn Phú, Phường Phú La, Quận Hà Đông, Hà NộiXem bản đồ","3,55 tỷ - 32 m2"
45 m²,4 phòng,3 phòng,Đã có sổ,"Nhà mặt phố, mặt tiền",4 m,,"113,31 triệu/m²",,4,,,,ha-noi,"Bán nhà phố Kim Ngưu 45m 4 tầng cách 20m ra ô tô tránh chỉ 5,09 tỷ",,"Phố Kim Ngưu, Phường Thanh Lương, Quận Hai Bà Trưng, Hà NộiXem bản đồ","5,099 tỷ - 45 m2"
32 m²,3 phòng,4 phòng,Đã có sổ,"Nhà ngõ, hẻm",,,"109,38 triệu/m²",Đông Bắc,5,,,,ha-noi,"BÁN NHÀ GẦN METRO HÀ ĐÔNG, 5 TẦNG NỘI THẤT ĐẦY ĐỦ, KIẾN TRÚC HIỆN ĐẠI.",,"Văn Phú, Phường Phú La, Quận Hà Đông, Hà NộiXem bản đồ","3,5 tỷ - 32 m2"
45 m²,4 phòng,4 phòng,Đã có sổ,"Nhà ngõ, hẻm",,,"155,56 triệu/m²",,5,,Nội thất đầy đủ,,ha-noi,"SIÊU PHẨM YÊN HOÀ, OTO QUA NHÀ VÀI BƯỚC RA MẶT PHỐ KINH DOANH CHỈ 7 TỶ",,"Yên Hoà, Phường Yên Hoà, Quận Cầu Giấy, Hà NộiXem bản đồ",7 tỷ - 45 m2
100 m²,nhiều hơn 10 phòng,Nhiều hơn 6 phòng,Đã có sổ,"Nhà mặt phố, mặt tiền",,,189 triệu/m²,,,,,,ha-noi,"BÁN TOÀ NHÀ CCMN CẦU GIẤY, NGÕ Ô TÔ QUA, 9 TẦNG, DOANH THU 1.2 TỶ/NĂM",,"Cầu Giấy, Phường Dịch Vọng, Quận Cầu Giấy, Hà NộiXem bản đồ","18,9 tỷ - 100 m2"
35 m²,4 phòng,5 phòng,Đã có sổ,"Nhà ngõ, hẻm",,,"114,29 triệu/m²",,6,,Nội thất đầy đủ,,ha-noi,4 TỶ CÓ NGAY NHÀ 6 TẦNG THANG MÁY PHẠM VĂN ĐỒNG GẦN OTO TRÁNH TIỆN ÍCH,,"Đường Phạm Văn Đồng, Phường Cổ Nhuế 2, Quận Bắc Từ Liêm, Hà NộiXem bản đồ",4 tỷ - 35 m2
26 m²,2 phòng,3 phòng,Đã có sổ,"Nhà mặt phố, mặt tiền",,70 m²,"69,23 triệu/m²",,3,,,,ha-noi,phố hoè nhai diện tích sổ đỏ 26m x3t giá 1.8 tỷ,,"Phố Hoè Nhai, Phường Nguyễn Trung Trực, Quận Ba Đình, Hà NộiXem bản đồ","1,8 tỷ - 26 m2"
41 m²,4 phòng,,Đã có sổ,"Nhà mặt phố, mặt tiền",,,"292,68 triệu/m²",,,,,,ha-noi,BÁN GẤP NHÀ TRÍCH SÀI - GARA Ô TÔ - 10M RA HỒ TÂY - KHU VIP - NHÀ ĐẸP,,"Trích Sài, Phường Bưởi, Quận Tây Hồ, Hà NộiXem bản đồ",12 tỷ - 41 m2
55 m²,6 phòng,,Đã có sổ,"Nhà ngõ, hẻm",,,"105,45 triệu/m²",,5,,,,ha-noi,"NHÀ MỚI ĐÓN TẾT MẶT PHỐ ĐỘI CẤN,GẦN PHỐ THOÁNG,FULL TIỆN ÍCH NHỈNH 5TỶ",,"Đội Cấn, Phường Đội Cấn, Quận Ba Đình, Hà NộiXem bản đồ","5,8 tỷ - 55 m2"
75 m²,5 phòng,,Đã có sổ,Nhà phố liền kề,,,"213,33 triệu/m²",,,,,,ha-noi,"BÁN NHANH NHÀ LẠC LONG QUÂN, PHÂN LÔ, GARA Ô TÔ, MT RỘNG, DÂN TRÍ CAO",,"Lạc Long Quân, Phường Xuân La, Quận Tây Hồ, Hà NộiXem bản đồ",16 tỷ - 75 m2
39 m²,3 phòng,4 phòng,Đã có sổ,"Nhà ngõ, hẻm",,,"152,56 triệu/m²",,,,,,ha-noi,BÁN NHÀ CẦU GIẤY - Ô TÔ ĐỖ CỔNG - 2 THOÁNG VĨNH VIỄN-NGÕ THÔNG TỨ TUNG,,"Cầu Giấy, Phường Quan Hoa, Quận Cầu Giấy, Hà NộiXem bản đồ","5,95 tỷ - 39 m2"
40 m²,4 phòng,3 phòng,Đã có sổ,"Nhà ngõ, hẻm",,,120 triệu/m²,,,,,,ha-noi,BÁN GẤP NHÀ PHẠM VĂN ĐỒNG - XUÂN ĐỈNH - GẦN Ô TÔ - NGÕ 3 GÁC ĐUA,,"Phạm Văn Đồng, Phường Xuân Đỉnh, Quận Bắc Từ Liêm, Hà NộiXem bản đồ","4,8 tỷ - 40 m2"
47 m²,4 phòng,,,"Nhà ngõ, hẻm",,47 m²,"119,15 triệu/m²",,,,,,ha-noi,"Đại Hạ Giá! Thái Hà, sát phố, ô tô 30m, tiện ích ngập tràn",,"Phố Hoàng Cầu, Phường Trung Liệt, Quận Đống Đa, Hà NộiXem bản đồ","5,6 tỷ - 47 m2"
37 m²,3 phòng,3 phòng,Đã có sổ,"Nhà ngõ, hẻm",,,"125,68 triệu/m²",Tây Bắc,4,,,,ha-noi,"Chính chủ bán nhà 169A ngõ 82 Kim Mã, Ba Đình, HN",,"Phố Kim Mã, Phường Kim Mã, Quận Ba Đình, Hà NộiXem bản đồ","4,65 tỷ - 37 m2"
65 m²,5 phòng,Nhiều hơn 6 phòng,Đã có sổ,"Nhà mặt phố, mặt tiền",,,"218,46 triệu/m²",,,,,,ha-noi,"BÁN NHÀ LẠC LONG QUÂN, GARA Ô TÔ, THANG MÁY, Ô TÔ TRÁNH, GẦN HỒ TÂY",,"Lạc Long Quân, Phường Xuân La, Quận Tây Hồ, Hà NộiXem bản đồ","14,2 tỷ - 65 m2"
50 m²,4 phòng,,Đã có sổ,"Nhà ngõ, hẻm",,,69 triệu/m²,,,,,,ha-noi,"BÁN NHÀ LÀNG CỔ ĐÔNG NGẠC, NGÕ GẠCH ĐỎ, CÁCH Ô TÔ 50M, GIÁ 3.45 TỶ",,"Đông Ngạc, Phường Đông Ngạc, Quận Bắc Từ Liêm, Hà NộiXem bản đồ","3,45 tỷ - 50 m2"
30 m²,3 phòng,4 phòng,Đã có sổ,"Nhà ngõ, hẻm",,,"126,33 triệu/m²",Nam,5,,,,ha-noi,Bán Nhà Phú Diễn 5 Tầng Full Nội Thất Trước Nhà 6m Siêu Thoáng,,"Đường Nguyễn Đạo An, Phường Phú Diễn, Quận Bắc Từ Liêm, Hà NộiXem bản đồ","3,79 tỷ - 30 m2"
40 m²,5 phòng,4 phòng,Đã có sổ,Nhà phố liền kề,,,125 triệu/m²,,4,,Nội thất đầy đủ,,ha-noi,"SIÊU HIẾM 5 TỶ CÓ NHÀ 4 TẦNG MẶT PHỐ NHỔN, NAM TỪ LIÊM, KD ĐỈNH CAO",,"10, Phố Tu Hoàng, Phường Xuân Phương, Quận Nam Từ Liêm, Hà NộiXem bản đồ",5 tỷ - 40 m2
17 m²,2 phòng,2 phòng,Đã có sổ,"Nhà ngõ, hẻm",,,"129,41 triệu/m²",,3,,Nội thất đầy đủ,,ha-noi,"Bán nhà đường Minh Khai cách phố 30m hàng xóm Times city chỉ 2,2 tỷ",,"Phố Minh Khai, Phường Vĩnh Tuy, Quận Hai Bà Trưng, Hà NộiXem bản đồ","2,2 tỷ - 17 m2"
36 m²,4 phòng,5 phòng,Đã có sổ,"Nhà ngõ, hẻm",,,"163,89 triệu/m²",,5,,Nội thất đầy đủ,,ha-noi,"BÁN NHÀ TRẦN THÁI TÔNG 5 TẦNG ,GẦN CV CẦU GIẤY",,"Trần Thái Tông, Phường Dịch Vọng Hậu, Quận Cầu Giấy, Hà NộiXem bản đồ","5,9 tỷ - 36 m2"
55 m²,5 phòng,,Đã có sổ,"Nhà ngõ, hẻm",5 m,,"236,36 triệu/m²",,7,,Nội thất cao cấp,,ha-noi,CHỦ NHỜ BÁN NHÀ CẦU GIẤY 55m Ô TÔ THANG MÁY NHÀ ĐẸP NHƯ KHÁCH SẠN 5*,,"Cầu gIấy, Phường Dịch Vọng, Quận Cầu Giấy, Hà NộiXem bản đồ",13 tỷ - 55 m2
35 m²,3 phòng,3 phòng,Đã có sổ,"Nhà ngõ, hẻm",,,"101,43 triệu/m²",,4,,Nội thất đầy đủ,,ha-noi,"Bán nhà Cổ Nhuế, 36m2 4 tầng, giá 3.55 tỷ",,"Cổ nhuế, Phường Cổ Nhuế 1, Quận Bắc Từ Liêm, Hà NộiXem bản đồ","3,55 tỷ - 35 m2"
34 m²,3 phòng,4 phòng,Đã có sổ,"Nhà mặt phố, mặt tiền",,,"88,24 triệu/m²",,5,,Nội thất đầy đủ,,ha-noi,"AI CẦN BÁN HAY MUA NHÀ/ĐẤT, BĐS WINLAND-CHUYÊN NHÀ ĐẤT ĐẠI MỖ, TÂY MỖ",,"Đường Đại Mỗ, Phường Đại Mỗ, Quận Nam Từ Liêm, Hà NộiXem bản đồ",3 tỷ - 34 m2
16 m²,2 phòng,2 phòng,Đã có sổ,"Nhà ngõ, hẻm",3 m,,"117,5 triệu/m²",,4,,,,ha-noi,"Bán nhà Nguyễn Công Trứ 16m 4 tầng 3 thoáng chỉ 1,88 tỷ",,"Phố Nguyễn Công Trứ, Phường Đồng Nhân, Quận Hai Bà Trưng, Hà NộiXem bản đồ","1,88 tỷ - 16 m2"
92.5 m²,3 phòng,,Đã có sổ,"Nhà mặt phố, mặt tiền",,,"138,38 triệu/m²",Tây Bắc,3,,,,ha-noi,Nhà mặt phố Kim Giang,,"kim giang, Phường Phú La, Quận Hà Đông, Hà NộiXem bản đồ","12,8 tỷ - 92.5 m2"
