Diện tích đất:,Số phòng ngủ:,Số phòng vệ sinh:,Giấy tờ pháp lý:,Loại hình nhà ở:,Chiều ngang:,Diện tích sử dụng:,Giá/m2:,Hướng cửa chính:,Tổng số tầng:,Đặc điểm nhà/đất:,Tình trạng nội thất:,Chiều dài:,Location,Name,URL,District,Price
23 m²,3 phòng,3 phòng,Đã có sổ,"Nhà ngõ, hẻm",,,"129,57 triệu/m²",,4,,Nhà trống,,ha-noi,"Gần 3 tỷ có nhà 4 tầng, 3 phòng ngủ đường Quan Nhân, Thanh Xuân.",,"Quan Nhân, Phường Nhân Chính, Quận Thanh Xuân, Hà NộiXem bản đồ","2,98 tỷ - 23 m2"
50 m²,6 phòng,,Đã có sổ,"Nhà ngõ, hẻm",,50 m²,110 triệu/m²,,5,,,,ha-noi,"Đỉnh quá, Cầu Giấy, oto 10m, ngõ nông, thoáng, trung tâm, 50m2.",,"Cầu giấy, Phường Dịch Vọng, Quận Cầu Giấy, Hà NộiXem bản đồ","5,5 tỷ - 50 m2"
68 m²,nhiều hơn 10 phòng,Nhiều hơn 6 phòng,Đã có sổ,"Nhà ngõ, hẻm",,,"166,18 triệu/m²",,7,,Nội thất cao cấp,,ha-noi,Bán Toà Siêu Dòng Tiền Phân Khúc 11 Tỷ-Lô Góc 18P KK Full Đồ,,"Mỹ đình, Phường Mỹ Đình 1, Quận Nam Từ Liêm, Hà NộiXem bản đồ","11,3 tỷ - 68 m2"
55 m²,7 phòng,,,"Nhà mặt phố, mặt tiền",,,"409,09 triệu/m²",,11,,,,ha-noi,"BÁN NHÀ MẶT PHỐ BA ĐÌNH 55M VỈA HÈ ,THANG MÁY-KINH DOANH SẦM UẤT 22TỶ",,"Bưởi, Phường Đội Cấn, Quận Ba Đình, Hà NộiXem bản đồ","22,5 tỷ - 55 m2"
50 m²,4 phòng,4 phòng,Đã có sổ,"Nhà ngõ, hẻm",,,126 triệu/m²,Tây,4,,,,ha-noi,bán nhanh nhà ngõ 766 la thành 50m-4tầng -6ty3 hộ khẩu ba đình,,"Đường La Thành, Phường Thành Công, Quận Ba Đình, Hà NộiXem bản đồ","6,3 tỷ - 50 m2"
45 m²,4 phòng,6 phòng,Đã có sổ,"Nhà ngõ, hẻm",,,"197,33 triệu/m²",,7,,Nhà trống,,ha-noi,CHỦ NHÀ CẦN TIỀN GẤP BÁN NHÀ THUỴ KHUÊ 45M-7 TẦNG THANG MÁY-5M RA PHỐ,,"6, Thuỵ Khuê, Phường Thụy Khuê, Quận Tây Hồ, Hà NộiXem bản đồ","8,88 tỷ - 45 m2"
40 m²,4 phòng,,Đã có sổ,"Nhà ngõ, hẻm",,40 m²,90 triệu/m²,,5,,,,ha-noi,"Mỹ Đình, nhỉnh 3 tỷ, oto 10m, ngõ nông, thoáng, gần phố, 40m2",,"Ngõ 322 Đường Mỹ Đình, Phường Mỹ Đình 1, Quận Nam Từ Liêm, Hà NộiXem bản đồ","3,6 tỷ - 40 m2"
44 m²,4 phòng,4 phòng,Đã có sổ,"Nhà ngõ, hẻm",35 m,,"111,36 triệu/m²",,5,,,,ha-noi,"SOS, Trung Liệt, SH quay đầu, Ngõ thông 44mx 5 tầng ở luôn",,"Trung Liệt, Phường Trung Liệt, Quận Đống Đa, Hà NộiXem bản đồ","4,9 tỷ - 44 m2"
42 m²,4 phòng,4 phòng,Đã có sổ,"Nhà ngõ, hẻm",3.5 m,,"111,9 triệu/m²",,5,,,,ha-noi,"Hiếm, Hồ Đắc Di, Ngõ Thông, Gần phố 42M x5 tầng 4 ngủ ở luôn",,"Phố Hồ Đắc Di, Phường Nam Đồng, Quận Đống Đa, Hà NộiXem bản đồ","4,7 tỷ - 42 m2"
40 m²,4 phòng,4 phòng,Đã có sổ,"Nhà ngõ, hẻm",3.5 m,,120 triệu/m²,,5,,,,ha-noi,"Thật 100% Nguyễn Lương Bằng, Ngõ rộng, gần phố 40mx5 tầng 4,8 ty",,"Nguyễn Lương Bằng, Phường Nam Đồng, Quận Đống Đa, Hà NộiXem bản đồ","4,8 tỷ - 40 m2"
46 m²,4 phòng,4 phòng,Đã có sổ,"Nhà ngõ, hẻm",,,"92,61 triệu/m²",,5,,Nội thất đầy đủ,,ha-noi,"VIP, Trần Quang Diệu, Dân Trí Cao, sát phố, gần ô tô 45x 5 tầng ở luôn",,"Phố Trần Quang Diệu, Phường Trung Liệt, Quận Đống Đa, Hà NộiXem bản đồ","4,26 tỷ - 46 m2"
38 m²,4 phòng,4 phòng,Đã có sổ,"Nhà ngõ, hẻm",3.7999 m,,"111,84 triệu/m²",,5,,,,ha-noi,"Thật 100%, Nguyễn Trãi, nhà mới ở ngay,38mx 5 tầng 4,25 tỷ",,"Ngã Tư Sở, Phường Ngã Tư Sở, Quận Đống Đa, Hà NộiXem bản đồ","4,25 tỷ - 38 m2"
35 m²,4 phòng,4 phòng,Đã có sổ,"Nhà mặt phố, mặt tiền",,,"154,29 triệu/m²",,5,,Nội thất đầy đủ,,ha-noi,"Quá Hiếm, Phân lô phố Trúc Khê gần ô tô, ngõ rộng 35mx 5 tầng,5 Tỷ",,"Trúc Khê, Phường Láng Thượng, Quận Đống Đa, Hà NộiXem bản đồ","5,4 tỷ - 35 m2"
70 m²,6 phòng,5 phòng,Đã có sổ,"Nhà ngõ, hẻm",4 m,,"108,57 triệu/m²",,5,,,,ha-noi,"Quá Hiếm, Nguyễn Chí Thanh, Ngõ nông 3 gác tránh, 71mx5 tầng ở luôn",,"Nguyễn chí thanh, Phường Láng Hạ, Quận Đống Đa, Hà NộiXem bản đồ","7,6 tỷ - 70 m2"
35 m²,6 phòng,5 phòng,Đã có sổ,"Nhà ngõ, hẻm",3.5 m,,"131,43 triệu/m²",,6,,,,ha-noi,"Bán gấp nhà Láng Hạ,ngõ rộng,Thông 35mx 6 tầng,6 ngủ ở ngày 4,6 tỷ",,"Láng Hạ, Phường Láng Hạ, Quận Đống Đa, Hà NộiXem bản đồ","4,6 tỷ - 35 m2"
36 m²,4 phòng,3 phòng,Đã có sổ,"Nhà ngõ, hẻm",4 m,,"105,56 triệu/m²",,4,,,,ha-noi,"Phố Víp,Tôn Đức Thắng, lô góc 3 thoáng, ngõ rộng 36m x4 tầng ở luôn",,"Tôn Đức Thắng, Phường Hàng Bột, Quận Đống Đa, Hà NộiXem bản đồ","3,8 tỷ - 36 m2"
36 m²,4 phòng,4 phòng,Đã có sổ,"Nhà ngõ, hẻm",4 m,,"105,56 triệu/m²",,4,,,,ha-noi,"Phố Víp.Tôn Đức Thắng, mặt ngõ, nhà đẹp 36mx 4 tầng ở luôn",,"Tôn Đức Thắng, Phường Quốc Tử Giám, Quận Đống Đa, Hà NộiXem bản đồ","3,8 tỷ - 36 m2"
35 m²,4 phòng,5 phòng,,"Nhà ngõ, hẻm",3.5 m,,140 triệu/m²,,5,,,10 m,ha-noi,"Đập hộp, Phân Lô Đặng Văn Ngữ, gần hồ; ô tô tránh,35mx5t full nội thất",,"Đặng Văn Ngữ, Phường Nam Đồng, Quận Đống Đa, Hà NộiXem bản đồ","4,9 tỷ - 35 m2"
38 m²,3 phòng,4 phòng,Đã có sổ,"Nhà ngõ, hẻm",5 m,,"139,47 triệu/m²",,5,,,,ha-noi,"thật 100%, Nhà Ngã Tư Sở, Gần Phố, ngõ nông 38mx5 tầng.",,"Ngã tư Sở, Phường Ngã Tư Sở, Quận Đống Đa, Hà NộiXem bản đồ","5,3 tỷ - 38 m2"
37 m²,4 phòng,3 phòng,Đã có sổ,"Nhà ngõ, hẻm",5.3 m,,"129,73 triệu/m²",,4,,,,ha-noi,"100%, Ngõ 1194 Đường Láng, ngõ rộng gần ô tô,37mx4 tầng ở luôn 4,8 tỷ",,"Đường Láng, Phường Quan Hoa, Quận Cầu Giấy, Hà NộiXem bản đồ","4,8 tỷ - 37 m2"
53 m²,7 phòng,4 phòng,Đã có sổ,"Nhà ngõ, hẻm",3 m,,"98,11 triệu/m²",,5,,,,ha-noi,"Quá rẻ. Giảng Võ 53m 7 ngủ, ngõ 3 gác tránh ở luôn chỉ 5,2 tỷ",,"Giảng Võ, Phường Cát Linh, Quận Đống Đa, Hà NộiXem bản đồ","5,2 tỷ - 53 m2"
38 m²,3 phòng,3 phòng,Đã có sổ,"Nhà ngõ, hẻm",4.4 m,,"123,68 triệu/m²",,4,,,,ha-noi,"Bắt đáy, Ngã Tư Sở, Mặt ngõ, Ô tô gần, 38mx4 tầng ở ngay",,"Ngã Tư Sở, Phường Ngã Tư Sở, Quận Đống Đa, Hà NộiXem bản đồ","4,7 tỷ - 38 m2"
45 m²,4 phòng,4 phòng,Đã có sổ,"Nhà ngõ, hẻm",5 m,,120 triệu/m²,,4,,,,ha-noi,"Quá hời. Nguyễn Chí Thanh 45m. MT5 m, ngõ nông chỉ 5,4 tỷ",,"Đường Nguyễn Chí Thanh, Phường Láng Hạ, Quận Đống Đa, Hà NộiXem bản đồ","5,4 tỷ - 45 m2"
43 m²,5 phòng,4 phòng,Đã có sổ,"Nhà ngõ, hẻm",,,"109,3 triệu/m²",,5,,Nội thất đầy đủ,,ha-noi,"5 tầng rộng đẹp về ở luôn,ngõ nông gâng phố, dân trí tiện ích rất tốt",,"Đường Hoàng Mai, Phường Hoàng Văn Thụ, Quận Hoàng Mai, Hà NộiXem bản đồ","4,7 tỷ - 43 m2"
45 m²,5 phòng,4 phòng,Đã có sổ,"Nhà ngõ, hẻm",,,"153,33 triệu/m²",,5,,Nội thất cao cấp,,ha-noi,"Quá Hiếm, Láng Hạ, Lô Góc 45mx5 tầng, nội thất cao cấp chỉ hơn 6 tỷ",,"Đường Láng, Phường Láng Hạ, Quận Đống Đa, Hà NộiXem bản đồ","6,9 tỷ - 45 m2"
35 m²,6 phòng,5 phòng,Đã có sổ,"Nhà ngõ, hẻm",3.7 m,,"131,43 triệu/m²",,6,,,,ha-noi,"Thật 100%, Láng Hạ phân lô 6 tầng, 6 phòng,gần phố ở ngay",,"Đường Láng, Phường Láng Hạ, Quận Đống Đa, Hà NộiXem bản đồ","4,6 tỷ - 35 m2"
41 m²,4 phòng,4 phòng,,"Nhà ngõ, hẻm",3.7 m,,"115,85 triệu/m²",,5,,,12 m,ha-noi,"Cực Độc, Ngã Tư Sở, Gần ô tô, 50m ra phố, nhà đẹp 41mx 5 tầng ở luôn",,"Ngã Tư Sở, Phường Ngã Tư Sở, Quận Đống Đa, Hà NộiXem bản đồ","4,75 tỷ - 41 m2"
39 m²,4 phòng,3 phòng,Đã có sổ,"Nhà ngõ, hẻm",3.5 m,,"117,95 triệu/m²",,4,,,,ha-noi,"VIP, Tây Sơn,Gần Phố, SH quay đầu, Nhà đẹp 39mx 4 tầng,4 ngủ 4,6 ty",,"Tây Sơn, Phường Nam Đồng, Quận Đống Đa, Hà NộiXem bản đồ","4,6 tỷ - 39 m2"
48 m²,4 phòng,3 phòng,Đã có sổ,"Nhà mặt phố, mặt tiền",,,"123,96 triệu/m²",,3,,Nội thất cao cấp,,ha-noi,Kim Mã - Ba Đình - 48m2 x 4 Tầng - Nhà đẹp - 5.95 tỷ ( Thương lượng),,"Kim Mã, Phường Kim Mã, Quận Ba Đình, Hà NộiXem bản đồ","5,95 tỷ - 48 m2"
38 m²,3 phòng,3 phòng,Đã có sổ,"Nhà ngõ, hẻm",,,"107,89 triệu/m²",,3,,Nội thất đầy đủ,,ha-noi,"Múc vội! Bán nhà Thuỵ Khuê, 2 thoáng, gần phố kinh doanh, ở ngay, 38m2",,"Thuỵ Khuê, Phường Thụy Khuê, Quận Tây Hồ, Hà NộiXem bản đồ","4,1 tỷ - 38 m2"
39 m²,4 phòng,4 phòng,Đã có sổ,"Nhà ngõ, hẻm",,,"123,59 triệu/m²",,4,,Nội thất đầy đủ,,ha-noi,"Bán nhà ngõ 34 Hoàng Cầu, lô góc, oto tránh, ngõ thông, 39m2",,"Phố Hoàng Cầu, Phường Ô Chợ Dừa, Quận Đống Đa, Hà NộiXem bản đồ","4,82 tỷ - 39 m2"
40 m²,3 phòng,4 phòng,Đã có sổ,"Nhà ngõ, hẻm",3.9 m,,"102,5 triệu/m²",,5,,,,ha-noi,"Nhỉnh 4 tỷ Nhà Văn Cao, gần ôtô, full đồ ở luôn, 40m2*5T",,"Đường Văn Cao, Phường Liễu Giai, Quận Ba Đình, Hà NộiXem bản đồ","4,1 tỷ - 40 m2"
63 m²,4 phòng,5 phòng,Đã có sổ,"Nhà ngõ, hẻm",,,"115,08 triệu/m²",,4,,Nội thất cao cấp,,ha-noi,BÁN NHÀ_THANH XUẤN_DTSD 70m2 X4NGỦ _MẶT TIỀN 5.5m_GIÁ 7.25 TỶ. ÔTÔ 20M,,"Vương Thừa Vũ , Phường Khương Trung, Quận Thanh Xuân, Hà NộiXem bản đồ","7,25 tỷ - 63 m2"
35 m²,4 phòng,3 phòng,Đã có sổ,"Nhà ngõ, hẻm",,,130 triệu/m²,,6,,Nội thất đầy đủ,,ha-noi,"Bán nhà Trương Định, 35m2 x 6T x 4.55 tỷ, MẶT NGÕ THÔNG - NHÀ MỚI",,"Đường Trương Định, Phường Tương Mai, Quận Hoàng Mai, Hà NộiXem bản đồ","4,55 tỷ - 35 m2"
34 m²,6 phòng,4 phòng,,"Nhà ngõ, hẻm",,,"132,35 triệu/m²",,5,,,,ha-noi,"SIÊU PHẨM MỸ ĐÌNH - DIỆN TÍCH 34m XÂY 5TẦNG - 4,5tỷ",,"Ngõ 322 Đường Mỹ Đình, Phường Mỹ Đình 1, Quận Nam Từ Liêm, Hà NộiXem bản đồ","4,5 tỷ - 34 m2"
20 m²,4 phòng,,Giấy tờ khác,"Nhà ngõ, hẻm",3 m,,90 triệu/m²,,4,,Nội thất cao cấp,,ha-noi,"Bán Nhà Phan trọng Tuệ oto đỗ cửa mới full đồ nút giao ngọc hồi 1,8ty",,"Đường Phan Trọng Tuệ, Thị trấn Văn Điển, Huyện Thanh Trì, Hà NộiXem bản đồ","1,8 tỷ - 20 m2"
45 m²,4 phòng,,,"Nhà ngõ, hẻm",,,"133,11 triệu/m²",,,,,,ha-noi,"BÁN NHÀ 45M - 2 MẶT THOÁNG ĐƯỜNG CẦU GIẤY - NGÕ TO RỘNG - GIÁ 5,99 TỶ",,"Cầu giấy, Phường Dịch Vọng, Quận Cầu Giấy, Hà NộiXem bản đồ","5,99 tỷ - 45 m2"
26 m²,3 phòng,3 phòng,Đã có sổ,"Nhà ngõ, hẻm",,,"103,85 triệu/m²",,5,,Nội thất đầy đủ,,ha-noi,ĐỐNG ĐA - nhỏ xinh - DT 26m2 x 3 NGỦ - mặt tiền 4m - giá 2 tỷ 7,,"Văn Hương, Phường Hàng Bột, Quận Đống Đa, Hà NộiXem bản đồ","2,7 tỷ - 26 m2"
54 m²,5 phòng,4 phòng,Đã có sổ,"Nhà ngõ, hẻm",3.5 m,,"109,26 triệu/m²",,4,,,,ha-noi,"Hàng hiếm, Chùa Bộc, Ô tô sát cửa, Giá tốt 54mx4 tầng ở ngay",,"Tây sơn, Phường Khương Thượng, Quận Đống Đa, Hà NộiXem bản đồ","5,9 tỷ - 54 m2"
75 m²,4 phòng,4 phòng,Đã có sổ,"Nhà ngõ, hẻm",,,"229,33 triệu/m²",,4,,Nội thất đầy đủ,,ha-noi,17.2 TỶ - HOÀNG VĂN THÁI - PHÂN LÔ OTO TRÁNH - KINH DOANH ĐỈNH.,,"Hoàng Văn Thái, Phường Khương Mai, Quận Thanh Xuân, Hà NộiXem bản đồ","17,2 tỷ - 75 m2"
75 m²,4 phòng,4 phòng,Đã có sổ,"Nhà ngõ, hẻm",,,"229,33 triệu/m²",,4,,Nội thất đầy đủ,,ha-noi,17.2 TỶ - HOÀNG VĂN THÁI - PHÂN LÔ OTO TRÁNH - KINH DOANH ĐỈNH.,,"Hoàng Văn Thái, Phường Khương Mai, Quận Thanh Xuân, Hà NộiXem bản đồ","17,2 tỷ - 75 m2"
40 m²,4 phòng,4 phòng,Đã có sổ,"Nhà ngõ, hẻm",4 m,,"127,5 triệu/m²",,5,,,,ha-noi,"Hiếm,Trung Liệt, Lô góc,Nhà đẹp ở ngay, 40m x 5 tầng,4 ngủ chỉ 5,1 tỷ",,"Phố Trung Liệt, Phường Trung Liệt, Quận Đống Đa, Hà NộiXem bản đồ","5,1 tỷ - 40 m2"
38 m²,4 phòng,3 phòng,Đã có sổ,"Nhà ngõ, hẻm",3.5 m,,"123,68 triệu/m²",,4,,,,ha-noi,"Kịch Độc, Hoàng Cầu, Gần phố, SH quay đầu 38mx 4 tầng ở luôn 4,7 tỷ",,"Ô Chợ Dừa, Phường Ô Chợ Dừa, Quận Đống Đa, Hà NộiXem bản đồ","4,7 tỷ - 38 m2"
94 m²,4 phòng,4 phòng,Đã có sổ,"Nhà ngõ, hẻm",,,"127,66 triệu/m²",,4,,Nội thất đầy đủ,,ha-noi,12 TỶ - BÁN ĐẤT TẶNG NHÀ 4 TẦNG CÒN ĐẸP - LÊ TRỌNG TẤN.,,"Lê Trọng Tấn, Phường Khương Mai, Quận Thanh Xuân, Hà NộiXem bản đồ",12 tỷ - 94 m2
43 m²,4 phòng,5 phòng,Đã có sổ,"Nhà ngõ, hẻm",,,"112,33 triệu/m²",,5,,Nội thất đầy đủ,,ha-noi,"VIP, Đường Láng, Nhà Đẹp, Ngõ thông, 3 gác tránh, 43mx 5 tầng 4,83 tỷ",,"Đường Láng, Phường Ngã Tư Sở, Quận Đống Đa, Hà NộiXem bản đồ","4,83 tỷ - 43 m2"
54 m²,4 phòng,3 phòng,Đang chờ sổ,"Nhà mặt phố, mặt tiền",,,"351,85 triệu/m²",,4,,Nội thất đầy đủ,,ha-noi,19 TỶ - MẶT PHỐ THÁI THỊNH – VỈA HÈ - KINH DOANH SẦM UẤT.,,"Phố Thái Thịnh, Phường Trung Liệt, Quận Đống Đa, Hà NộiXem bản đồ",19 tỷ - 54 m2
39 m²,4 phòng,4 phòng,Đã có sổ,"Nhà ngõ, hẻm",3.5 m,,"123,08 triệu/m²",,5,,,,ha-noi,"Thật 100%, Ngõ 2 Tây Sơn, Nhà đẹp, gần phố 39mx 5 tầng ở luôn 4,8 tỷ",,"Phố Tây Sơn, Phường Ngã Tư Sở, Quận Đống Đa, Hà NộiXem bản đồ","4,8 tỷ - 39 m2"
42 m²,4 phòng,4 phòng,Đã có sổ,"Nhà ngõ, hẻm",3.5 m,,"114,29 triệu/m²",,5,,,,ha-noi,"VIP, Thái Hà, Ngõ Rộng, gần phố, 42m x5 tầng ở luôn chỉ 4,8 tỷ",,"Tây Sơn, Phường Nam Đồng, Quận Đống Đa, Hà NộiXem bản đồ","4,8 tỷ - 42 m2"
56 m²,4 phòng,4 phòng,Đã có sổ,"Nhà ngõ, hẻm",,,"192,86 triệu/m²",,4,,Nội thất đầy đủ,,ha-noi,10.8 TỶ - TÂY SƠN - NGÕ THÔNG OTO TRÁNH – 2 OTO 7 CHỖ ĐỖ CỬA.,,"Phố Tây Sơn, Phường Trung Liệt, Quận Đống Đa, Hà NộiXem bản đồ","10,8 tỷ - 56 m2"
40 m²,4 phòng,4 phòng,Đã có sổ,"Nhà ngõ, hẻm",3.5 m,,120 triệu/m²,,5,,,,ha-noi,"Quá hiếm, Thái Hà, 3 gác tránh,gần phố 40mx 5 tầng ở ngay chỉ 4,8 tỷ",,"Thái Hà, Phường Trung Liệt, Quận Đống Đa, Hà NộiXem bản đồ","4,8 tỷ - 40 m2"
40 m²,3 phòng,3 phòng,Đã có sổ,"Nhà ngõ, hẻm",,,225 triệu/m²,,6,,Nội thất cao cấp,,ha-noi,"9 TỶ - NHÀ MỚI ĐẸP, 6 TẦNG THANG MÁY, 5M RA MẶT PHỐ - NGUYỄN NGỌC NẠI.",,"Nguyễn Ngọc Nại, Phường Khương Mai, Quận Thanh Xuân, Hà NộiXem bản đồ",9 tỷ - 40 m2
38 m²,4 phòng,4 phòng,Đã có sổ,"Nhà ngõ, hẻm",5 m,,"113,16 triệu/m²",,5,,,,ha-noi,"Quá Rẻ, Tây Sơn Nhà Đẹp, MT rộng, gần phố 38mx 5 tầng ở luôn 4,3 ty",,"Tây sơn, Phường Ngã Tư Sở, Quận Đống Đa, Hà NộiXem bản đồ","4,3 tỷ - 38 m2"
45 m²,4 phòng,4 phòng,Đã có sổ,"Nhà ngõ, hẻm",4 m,,"94,44 triệu/m²",,5,,,,ha-noi,"Thật 100%, Đặng Tiến Đông,10m ô tô, Sát Phố,45mx 5 tầng ở luôn 4,5 tỷ",,"Đặng Tiến Đông, Phường Trung Liệt, Quận Đống Đa, Hà NộiXem bản đồ","4,25 tỷ - 45 m2"
92 m²,6 phòng,6 phòng,Đã có sổ,Nhà phố liền kề,,,"309,78 triệu/m²",,5,,Nội thất cao cấp,,ha-noi,28.5 TỶ- NGUYỄN TRÃI - NHÀ ĐẸP - Ở VÀ KINH DOANH - TIỆN ÍCH NGẬP TRÀN,,"Đường Nguyễn Trãi, Phường Thanh Xuân Trung, Quận Thanh Xuân, Hà NộiXem bản đồ","28,5 tỷ - 92 m2"
37 m²,3 phòng,4 phòng,Đã có sổ,"Nhà ngõ, hẻm",5 m,,"116,22 triệu/m²",,5,,,,ha-noi,"Bỏng Tay, Tây Sơn, Ngõ Thông, gần phố mặt tiền rộng 37mx5 tầng 4,3 tỷ",,"Tây Sơn, Phường Nam Đồng, Quận Đống Đa, Hà NộiXem bản đồ","4,3 tỷ - 37 m2"
92 m²,6 phòng,6 phòng,Đã có sổ,Nhà phố liền kề,,,"270,65 triệu/m²",,5,,Nội thất cao cấp,,ha-noi,24.9 TỶ - NHÀ ĐẸP - NGÕ RỘNG OTO TRÁNH - THANG MÁY - NGUYỄN TRÃI.,,"Đường Nguyễn Trãi, Phường Thanh Xuân Trung, Quận Thanh Xuân, Hà NộiXem bản đồ","24,9 tỷ - 92 m2"
35 m²,3 phòng,4 phòng,Đã có sổ,"Nhà ngõ, hẻm",,,"145,71 triệu/m²",,5,,Nội thất đầy đủ,,ha-noi,"Bắt đáy, Nguyễn Chí Thanh, phân lô, ô tô đỗ cửa 35mx5 tầng 5,1 tỷ",,"Nguyễn Chí Thanh, Phường Láng Thượng, Quận Đống Đa, Hà NộiXem bản đồ","5,1 tỷ - 35 m2"
45 m²,4 phòng,4 phòng,Đã có sổ,"Nhà ngõ, hẻm",3.7 m,,"104,44 triệu/m²",,5,,,,ha-noi,"Thật 100%, Trần Quang Diệu, ngõ đẹp 45mx 5 tầng ở luôn chỉ 4,2 tỷ.",,"Hoàng Cầu, Phường Ô Chợ Dừa, Quận Đống Đa, Hà NộiXem bản đồ","4,7 tỷ - 45 m2"
45 m²,5 phòng,5 phòng,Đã có sổ,"Nhà ngõ, hẻm",,,"317,78 triệu/m²",,8,,Nội thất cao cấp,,ha-noi,14.3 TỶ- CÙ CHÍNH LAN - NHÀ ĐẸP HIỆN ĐẠI – 8 TẦNG THANG MÁY - Ở SƯỚNG.,,"Cù Chính Lan, Phường Khương Mai, Quận Thanh Xuân, Hà NộiXem bản đồ","14,3 tỷ - 45 m2"
37 m²,4 phòng,4 phòng,Đã có sổ,"Nhà ngõ, hẻm",,,"113,51 triệu/m²",,5,,Nội thất đầy đủ,,ha-noi,"Quá rẻ, Tôn Thất Tùng, lô góc, nhà đẹp, gần ô tô 37m x5 tầng 4,2 tỷ.",,"Tôn Thất Tùng, Phường Ngã Tư Sở, Quận Đống Đa, Hà NộiXem bản đồ","4,2 tỷ - 37 m2"
31 m²,4 phòng,,Đã có sổ,"Nhà ngõ, hẻm",5 m,,"120,97 triệu/m²",,4,,,6 m,ha-noi,"Hiếm, Mặt ngõ Xã Đàn, ô tô, kinh doanh 30m x4 tầng chỉ 3,75 tỷ",,"Phố Xã Đàn, Phường Nam Đồng, Quận Đống Đa, Hà NộiXem bản đồ","3,75 tỷ - 31 m2"
45 m²,4 phòng,4 phòng,Đã có sổ,"Nhà ngõ, hẻm",4 m,,"102,22 triệu/m²",,5,,,,ha-noi,"Quá rẻ, Trường Chinh, 3 gác tránh, ngõ thông 45mx5 tầng 4,6 tỷ",,"Đường Trường Chinh, Phường Ngã Tư Sở, Quận Đống Đa, Hà NộiXem bản đồ","4,6 tỷ - 45 m2"
45 m²,4 phòng,5 phòng,Đã có sổ,"Nhà ngõ, hẻm",4.2 m,,"122,22 triệu/m²",,6,,,,ha-noi,"Bắt đáy, Nhà Láng Hạ, gần phố,ba gác tránh,45m x 6 tầng chỉ 5,5 tỷ",,"Đường Láng, Phường Láng Hạ, Quận Đống Đa, Hà NộiXem bản đồ","5,5 tỷ - 45 m2"
35 m²,8 phòng,5 phòng,Đã có sổ,"Nhà ngõ, hẻm",3.5 m,,"132,86 triệu/m²",,6,,,,ha-noi,"Quá rẻ, Láng Hạ, ngõ rộng,nông,gần phố 6 tầng 35m ở ngay",,"Đường Láng Hạ, Phường Láng Hạ, Quận Đống Đa, Hà NộiXem bản đồ","4,65 tỷ - 35 m2"
38 m²,4 phòng,,Đã có sổ,"Nhà ngõ, hẻm",3.7 m,,"110,53 triệu/m²",,5,,,10 m,ha-noi,"Hiếm, Chùa Bộc, Lô góc, ngõ thông, Nội thất hiện đại ở luôn 38mx5 tầng",,"Chùa Bộc, Phường Phương Liên, Quận Đống Đa, Hà NộiXem bản đồ","4,2 tỷ - 38 m2"
41 m²,4 phòng,4 phòng,Đã có sổ,"Nhà ngõ, hẻm",,,"109,76 triệu/m²",,5,,Nội thất đầy đủ,,ha-noi,"Bán nhà Phạm Ngọc Thạch, lô góc 5 tầng, diện tích 41 nhà mới 4,5 tỷ",,"Phố Phạm Ngọc Thạch, Phường Phương Liên, Quận Đống Đa, Hà NộiXem bản đồ","4,5 tỷ - 41 m2"
38 m²,4 phòng,4 phòng,Đã có sổ,"Nhà ngõ, hẻm",,,"113,16 triệu/m²",,4,,Nội thất đầy đủ,,ha-noi,"Hiếm, Ngã Tư Sở, ngõ nông, thông, Nội thất hiện đại ở luôn 38mx5 tầng.",,"Ngã Tư Sở, Phường Ngã Tư Sở, Quận Đống Đa, Hà NộiXem bản đồ","4,3 tỷ - 38 m2"
46 m²,4 phòng,,Đã có sổ,"Nhà ngõ, hẻm",3.5 m,,"117,39 triệu/m²",,4,,,13 m,ha-noi,"Bán gấp, Nhà Tây Sơn, Ngõ nông, 3 gác tránh, 46mx 4 tầng chỉ 5,4 tỷ",,"Tây Sơn, Phường Nam Đồng, Quận Đống Đa, Hà NộiXem bản đồ","5,4 tỷ - 46 m2"
48 m²,4 phòng,3 phòng,Đã có sổ,"Nhà ngõ, hẻm",3.5 m,,"112,5 triệu/m²",,4,,,,ha-noi,"Nóng. Nam Đồng, Ngõ thông, gần phố, 48m x4 tầng nhà đẹp ở luôn",,"Phố Nam Đồng, Phường Nam Đồng, Quận Đống Đa, Hà NộiXem bản đồ","5,4 tỷ - 48 m2"
45 m²,4 phòng,4 phòng,Đã có sổ,"Nhà mặt phố, mặt tiền",3.5 m,,120 triệu/m²,,5,,,,ha-noi,"Thật 100%, Nguyễn Lương Bằng, 50m ra phố,nhà đẹp ở ngày 45mx 4 tầng",,"Nguyễn Lương Bằng, Phường Nam Đồng, Quận Đống Đa, Hà NộiXem bản đồ","5,4 tỷ - 45 m2"
37 m²,4 phòng,3 phòng,Đã có sổ,"Nhà ngõ, hẻm",5 m,,"129,73 triệu/m²",,4,,,,ha-noi,"Bán nhà Ngõ 1194 đường Láng, Ngõ rộng, nhà đẹp ở ngày chỉ 4,8 tỷ",,"Đường Láng, Phường Quan Hoa, Quận Cầu Giấy, Hà NộiXem bản đồ","4,8 tỷ - 37 m2"
37 m²,4 phòng,,Đã có sổ,"Nhà ngõ, hẻm",3.7999 m,37 m²,"113,51 triệu/m²",,,,,9.3999 m,ha-noi,"Vip.Thái Hà, lô góc, ngõ 3 gác, 35m x4 tầng, nhà đẹp ở luôn",,"Phố Hoàng Cầu, Phường Trung Liệt, Quận Đống Đa, Hà NộiXem bản đồ","4,2 tỷ - 37 m2"
43 m²,4 phòng,3 phòng,Đã có sổ,"Nhà ngõ, hẻm",4 m,,"98,84 triệu/m²",,4,,,,ha-noi,"Vip, Phố Tây Sơn, Ngõ Thông, xe máy tránh,diện tích rộng 43mx 4 tầng",,"Tây Sơn, Phường Nam Đồng, Quận Đống Đa, Hà NộiXem bản đồ","4,25 tỷ - 43 m2"
45 m²,4 phòng,3 phòng,Đã có sổ,"Nhà ngõ, hẻm",4 m,,"94,44 triệu/m²",,4,,,,ha-noi,"Bắt Đáy, Nguyễn Lương Bằng, diện tích rộng, ngõ đẹp ở luôn 45mx4 tầng",,"Nguyễn Lương Bằng, Phường Nam Đồng, Quận Đống Đa, Hà NộiXem bản đồ","4,25 tỷ - 45 m2"
38 m²,3 phòng,3 phòng,Đã có sổ,"Nhà ngõ, hẻm",,,"110,53 triệu/m²",,4,,Nội thất đầy đủ,,ha-noi,"GIÁ RẺ GIẬT MÌNH! TÂY SƠN, 41m2*5T, Giá sốc đầu 4, 40m*4T",,"Phố Tây Sơn, Phường Quang Trung, Quận Đống Đa, Hà NộiXem bản đồ","4,2 tỷ - 38 m2"
35 m²,4 phòng,3 phòng,Đã có sổ,"Nhà ngõ, hẻm",,,"52,86 triệu/m²",,4,,Nội thất đầy đủ,,ha-noi,"BÁN NHÀ 4 TẦNG 35M2 Gần KĐT Đô Nghĩa - Bến Xe Yên Nghĩa GIÁ 1,85 TỶ.",,"Đường Hòa Bình, Phường Yên Nghĩa, Quận Hà Đông, Hà NộiXem bản đồ","1,85 tỷ - 35 m2"
47 m²,3 phòng,3 phòng,,"Nhà ngõ, hẻm",3.5 m,,"46,81 triệu/m²",Tây,4,,,,ha-noi,"Nhà Đông La Siêu Rộng 47m x 4 Tầng Ô tô qua cửa Giá 2,2 tỷ",,"Ngõ 42 Đường Đồng Nhân, Xã Đông La, Huyện Hoài Đức, Hà NộiXem bản đồ","2,2 tỷ - 47 m2"
32 m²,3 phòng,3 phòng,Đã có sổ,"Nhà ngõ, hẻm",,,"54,69 triệu/m²",,4,,Nội thất đầy đủ,,ha-noi,Nhà Đông La 4 Tầng x 32m Ngay đường ô tô giá chỉ 1.75 tỷ,,"an thượng  , Xã Đông La, Huyện Hoài Đức, Hà NộiXem bản đồ","1,75 tỷ - 32 m2"
70 m²,3 phòng,3 phòng,Đã có sổ,"Nhà ngõ, hẻm",,,"78,57 triệu/m²",,3,,,,ha-noi,"Bán đất tặng nhà 3 tầng Phú Diễn! Ôtô đỗ gần, kinh doanh, chỉ 5.x tỷ",,"Phú Diễn, Phường Phú Diễn, Quận Bắc Từ Liêm, Hà NộiXem bản đồ","5,5 tỷ - 70 m2"
38 m²,6 phòng,,Đã có sổ,"Nhà ngõ, hẻm",3.5999 m,,"115,53 triệu/m²",,5,,Nhà trống,,ha-noi,"Hiếm! Đường Láng, lô góc 2 mặt ngõ, ô tô gần, kinh doanh đỉnh 38m*5T",,"Đường Láng, Phường Láng Thượng, Quận Đống Đa, Hà NộiXem bản đồ","4,39 tỷ - 38 m2"
45 m²,5 phòng,,Đã có sổ,"Nhà ngõ, hẻm",,,"51,11 triệu/m²",Đông,2,,Nhà trống,,ha-noi,**Cần bán nhà 2 tầng XÓM THƯỢNG-UY NỖ-ĐÔNG ANH-HÀ NỘI***,,"cao lỗ, Xã Uy Nỗ, Huyện Đông Anh, Hà NộiXem bản đồ","2,3 tỷ - 45 m2"
52 m²,4 phòng,4 phòng,Đã có sổ,"Nhà mặt phố, mặt tiền",,,"165,38 triệu/m²",,5,,Nội thất đầy đủ,,ha-noi,"Thanh Bình, Mỗ Lao 52m 5 tầng ô tô đỗ cửa, vào nhà,KD,An sinh đỉnh",,"Đường Thanh Bình, Phường Mộ Lao, Quận Hà Đông, Hà NộiXem bản đồ","8,6 tỷ - 52 m2"
38 m²,4 phòng,,,"Nhà ngõ, hẻm",,,"105,24 triệu/m²",,,Nở hậu,,,ha-noi,"CHÍNH CHỦ BÁN NHÀ PHỐ VĂN PHÚ HÀ ĐÔNG, 38M, 5T, MT3,5M, GIÁ 3.99 TỶ",,"12, Phố Văn Phúc, Phường Phú La, Quận Hà Đông, Hà NộiXem bản đồ","3,999 tỷ - 38 m2"
42 m²,3 phòng,3 phòng,Đã có sổ,"Nhà ngõ, hẻm",,,"142,86 triệu/m²",,5,,Nội thất đầy đủ,,ha-noi,"Bán nhà ngõ 141 Giáp Nhị, 42m2 x 5T x 6 tỷ,MẶT NGÕ THÔNG -CÁCH PHỐ 15M",,"Ngõ 141 Phố Giáp Nhị, Phường Thịnh Liệt, Quận Hoàng Mai, Hà NộiXem bản đồ",6 tỷ - 42 m2
45 m²,4 phòng,4 phòng,Đã có sổ,"Nhà ngõ, hẻm",,,"92,22 triệu/m²",,5,,Nội thất đầy đủ,,ha-noi,"GIẢM CHÀO 400 TR CHỈ CÒN 4 TỶ 15 ĐẬP HỘP NHÀ MỚI 45M2 5T,Ô TÔ ĐỖ CỔNG",,"Phố Văn Hội, Phường Đức Thắng, Quận Bắc Từ Liêm, Hà NộiXem bản đồ","4,15 tỷ - 45 m2"
33 m²,4 phòng,,Đã có sổ,"Nhà ngõ, hẻm",,,"103,03 triệu/m²",,5,,,,ha-noi,"Ôi dời !!! Rẻ giật mình nhà Kim Giang .2 thoáng, cách ô tô 10m, ful nộ",,"Kim giang, Xã Thanh Liệt, Huyện Thanh Trì, Hà NộiXem bản đồ","3,4 tỷ - 33 m2"
63 m²,6 phòng,,Đã có sổ,"Nhà ngõ, hẻm",,,"119,05 triệu/m²",,,,,,ha-noi,"Bán nhà Hào Nam, ngõ thông ô tô đỗ cửa 63m2, 7.5 tỷ",,"Phố Hào Nam, Phường Ô Chợ Dừa, Quận Đống Đa, Hà NộiXem bản đồ","7,5 tỷ - 63 m2"
48 m²,6 phòng,4 phòng,Đã có sổ,"Nhà ngõ, hẻm",,,"114,58 triệu/m²",,5,,Nội thất cao cấp,,ha-noi,(5 TỶ ) NHÀ ĐẸP mặt ngõ 213 Giáp Nhất 48mx5T MT BỀ THẾ KD 20m ra phố,,"Giáp Nhất, Phường Nhân Chính, Quận Thanh Xuân, Hà NộiXem bản đồ","5,5 tỷ - 48 m2"
55 m²,4 phòng,,,"Nhà ngõ, hẻm",,,"105,45 triệu/m²",,,,,,ha-noi,"Nhà dân xây ngõ 6 Đặng Văn Ngữ, sân để xe rộng 3m - 55m2 - 5.8 tỷ",,"Ngõ 6 Đặng Văn Ngữ, Phường Phương Liên, Quận Đống Đa, Hà NộiXem bản đồ","5,8 tỷ - 55 m2"
44 m²,4 phòng,,Đã có sổ,"Nhà ngõ, hẻm",,,125 triệu/m²,,,,,,ha-noi,NGÕ THÔNG KINH DOANH - PHỐ HÀO NAM DT 44M - GIÁ 5.5 TỶ,,"Hào nam, Phường Ô Chợ Dừa, Quận Đống Đa, Hà NộiXem bản đồ","5,5 tỷ - 44 m2"
22 m²,3 phòng,3 phòng,Đã có sổ,"Nhà mặt phố, mặt tiền",,,"195,45 triệu/m²",,4,,Nội thất đầy đủ,,ha-noi,"Cần Bán Nhà Mặt Phố Bồ Đề-Long Biên, Vừa có thể kinh doanh vừa ở",,"Phố Bồ Đề, Phường Bồ Đề, Quận Long Biên, Hà NộiXem bản đồ","4,3 tỷ - 22 m2"
35 m²,3 phòng,3 phòng,Đã có sổ,"Nhà ngõ, hẻm",,35 m²,"117,14 triệu/m²",,,,Nội thất đầy đủ,,ha-noi,"Cần Bán nhà ở Khu vực Phố Nguyễn Văn Cừ, 35m2 x 4 tầng , Ngõ ô tô vào",,"Nguyễn Văn Cừ, Phường Bồ Đề, Quận Long Biên, Hà NộiXem bản đồ","4,1 tỷ - 35 m2"
55 m²,4 phòng,3 phòng,,"Nhà ngõ, hẻm",5 m,,"40,91 triệu/m²",Tây Bắc,4,,,,ha-noi,2.25 tỷ nhà 50m2 ô tô vào- Đại Thành- 3km ra kđt Đô Nghĩa,,"Cầu Đại Thành, Xã Đại Thành, Huyện Quốc Oai, Hà NộiXem bản đồ","2,25 tỷ - 55 m2"
34 m²,4 phòng,,Đã có sổ,"Nhà ngõ, hẻm",,,"120,59 triệu/m²",,5,,,,ha-noi,"Nhanh Thì còn!!! Nhà Xuân đỉnh 33,5m x5 tầng, giá sốc 4.1 tỷ, Nhà đẹp",,"Đường Xuân Đỉnh, Phường Xuân Đỉnh, Quận Bắc Từ Liêm, Hà NộiXem bản đồ","4,1 tỷ - 34 m2"
52 m²,3 phòng,,,"Nhà ngõ, hẻm",,,"61,54 triệu/m²",,,,,,ha-noi,"3.2 TỶ, 52M NHÀ NGỌC THỤY –– DÂN XÂY – MẶT NGÕ THÔNG – Ô TÔ ĐỖ GẦN",,"ngọc thụy, Phường Ngọc Thụy, Quận Long Biên, Hà NộiXem bản đồ","3,2 tỷ - 52 m2"
45 m²,3 phòng,4 phòng,Đã có sổ,"Nhà ngõ, hẻm",,,"101,11 triệu/m²",,5,,,,ha-noi,Đẹp long lanh!!! phố cổ Đông Ngạc - Xây mới - Ở luôn - Full nội thất,,"Đường Đông Ngạc, Phường Đông Ngạc, Quận Bắc Từ Liêm, Hà NộiXem bản đồ","4,55 tỷ - 45 m2"
39 m²,4 phòng,,,"Nhà ngõ, hẻm",,,"115,38 triệu/m²",,,,,,ha-noi,BÁN NHÀ BỒ ĐỀ – DÂN XÂY – Ô TÔ ĐỖ CỔNG – GẦN HỒ LÂM DU -CHỈ 4.5 TỶ,,"Ngõ 135 Phố Bồ Đề, Phường Bồ Đề, Quận Long Biên, Hà NộiXem bản đồ","4,5 tỷ - 39 m2"
33 m²,4 phòng,,Đã có sổ,"Nhà ngõ, hẻm",,,"106,06 triệu/m²",,5,,,,ha-noi,"Nhà Đẹp Đông Ngạc! Ở sướng - Sát phố -DT 33mx 5 tầng - mt 3.8, giá 3xt",,"Phố Nhật Tảo, Phường Đông Ngạc, Quận Bắc Từ Liêm, Hà NộiXem bản đồ","3,5 tỷ - 33 m2"
44 m²,6 phòng,4 phòng,Đã có sổ,"Nhà ngõ, hẻm",,,"111,14 triệu/m²",,5,,,,ha-noi,giảm sốc nửa tỷ !!! Thuỵ phương nhà mới - ở sướng - lô góc - 5m ô tô,,"Thuỵ Phương, Phường Thụy Phương, Quận Bắc Từ Liêm, Hà NộiXem bản đồ","4,89 tỷ - 44 m2"
30 m²,3 phòng,,,"Nhà ngõ, hẻm",,,"103,33 triệu/m²",,,,,,ha-noi,NHÀ NGỌC THỤY – TRONG ĐÊ – XÂY MỚI – Ô TÔ ĐỖ CỔNG - SỔ ĐỎ VUÔNG ĐÉT,,"Ngõ 344 Ngọc Thụy, Phường Ngọc Thụy, Quận Long Biên, Hà NộiXem bản đồ","3,1 tỷ - 30 m2"
