Diện tích đất:,Số phòng ngủ:,Số phòng vệ sinh:,Giấy tờ pháp lý:,Loại hình nhà ở:,Chiều ngang:,Diện tích sử dụng:,Giá/m2:,Hướng cửa chính:,Tổng số tầng:,Đặc điểm nhà/đất:,Tình trạng nội thất:,Chiều dài:,Location,Name,URL,District,Price
50 m²,2 phòng,,Đã có sổ,"Nhà ngõ, hẻm",,,93 triệu/m²,,,,,,ha-noi,"Trung tâm đống đa, Nguyễn Lương Bằng 50m2, sổ đỏ chính chủ",,"Nguyễn lương bằng, Phường Ngã Tư Sở, Quận Đống Đa, Hà NộiXem bản đồ","4,65 tỷ - 50 m2"
37 m²,4 phòng,4 phòng,Đã có sổ,"Nhà ngõ, hẻm",,,"124,32 triệu/m²",,,,Nội thất đầy đủ,,ha-noi,Mua Nhà Tại Trung Tâm Cầu Giấy - Nơi Đắc Địa Gần 5 trường ĐH 37m2,,"Xuân Thủy, Phường Dịch Vọng Hậu, Quận Cầu Giấy, Hà NộiXem bản đồ","4,6 tỷ - 37 m2"
25 m²,3 phòng,,Đã có sổ,"Nhà ngõ, hẻm",,33 m²,294 triệu/m²,,5,Hẻm xe hơi,,,ha-noi,"Bán nhà Ngõ Thái Hà, khu vực VIP, ở hay kinh doanh vô địch, cực hiếm",,"Ngõ Thái Hà, Phường Láng Hạ, Quận Đống Đa, Thành phố Hà Nội, 11513, Việt Nam, Phường Láng Hạ, Quận Đống Đa, Hà NộiXem bản đồ","7,35 tỷ - 25 m2"
33 m²,3 phòng,3 phòng,Đã có sổ,"Nhà ngõ, hẻm",,,"115,15 triệu/m²",,4,,Nội thất đầy đủ,,ha-noi,MINH KHAI_LÔ GÓC_NGÕ THÔNG_NHÀ ĐẸP Ở NGAY_33M2_GIÁ 3.8 TỶ,,"Phố Minh Khai, Phường Thanh Lương, Quận Hai Bà Trưng, Hà NộiXem bản đồ","3,8 tỷ - 33 m2"
35 m²,3 phòng,,Đã có sổ,"Nhà ngõ, hẻm",4 m,,"114,29 triệu/m²",,5,,Nội thất cao cấp,,ha-noi,Bán nhà Xuân Đỉnh 35m2 chỉ 4 tỷ Bắc Từ Liêm.,,"Xuân Đỉnh, Phường Xuân Đỉnh, Quận Bắc Từ Liêm, Hà NộiXem bản đồ",4 tỷ - 35 m2
32 m²,3 phòng,4 phòng,Đã có sổ,"Nhà ngõ, hẻm",,,"114,06 triệu/m²",,5,,Nhà trống,,ha-noi,"Tân Triều – Triều Khúc Nhà Đẹp giá 3,65 tỷ 5 Tầng 32m lô góc- ở sướng",,"Tân Triều, Xã Tân Triều, Huyện Thanh Trì, Hà NộiXem bản đồ","3,65 tỷ - 32 m2"
55 m²,6 phòng,5 phòng,Đã có sổ,"Nhà ngõ, hẻm",,,"132,55 triệu/m²",,5,,Nội thất cao cấp,,ha-noi,"Bán nhà Võ Chí Công 55m2 Dân xây, 5 tầng Chỉ Nhỉnh 7 Tỷ.",,"Võ Chí Công, Phường Nghĩa Đô, Quận Cầu Giấy, Hà NộiXem bản đồ","7,29 tỷ - 55 m2"
80 m²,5 phòng,6 phòng,Đã có sổ,"Nhà mặt phố, mặt tiền",,,275 triệu/m²,,6,,Nội thất cao cấp,,ha-noi,Bán nhà Đường 800A Cầu Giấy 22 Tỷ- Kinh doanh Đẳng Cấp,,"Đường 800A, Phường Nghĩa Đô, Quận Cầu Giấy, Hà NộiXem bản đồ",22 tỷ - 80 m2
75 m²,nhiều hơn 10 phòng,,Đã có sổ,"Nhà ngõ, hẻm",6 m,,"203,87 triệu/m²",,7,,Nội thất cao cấp,,ha-noi,"Bán toà Căn Hộ Dịch Vụ Cầu Giấy 7 Tầng Thang máy, Nhỉnh 15 tỷ",,"Cầu Giấy, Phường Quan Hoa, Quận Cầu Giấy, Hà NộiXem bản đồ","15,29 tỷ - 75 m2"
33 m²,3 phòng,4 phòng,Đã có sổ,"Nhà ngõ, hẻm",,,"106,06 triệu/m²",,5,,Nội thất đầy đủ,,ha-noi,"Bán nhà Khương Trung, 33m, 5T, giá chỉ 3.5x tỷ, nhà đẹp 3 ngủ, ở ngay.",,"Khương Trung, Phường Khương Đình, Quận Thanh Xuân, Hà NộiXem bản đồ","3,5 tỷ - 33 m2"
28 m²,3 phòng,4 phòng,Đã có sổ,"Nhà ngõ, hẻm",,,"144,64 triệu/m²",Tây Bắc,4,,,,ha-noi,"Bán nhà siêu thoáng 28m2, 3 phòng ngủ, đường Kim Ngưu, Q.Hai Bà Trưng",,"Kim Ngưu, Phường Thanh Lương, Quận Hai Bà Trưng, Hà NộiXem bản đồ","4,05 tỷ - 28 m2"
64 m²,4 phòng,,Đã có sổ,"Nhà ngõ, hẻm",5 m,,"121,09 triệu/m²",,3,,Nội thất đầy đủ,,ha-noi,"Bán nhà phố Nhân Hòa, Thanh Xuân Trung, 64m2 mặt tiền 5m giá 7.75 tỷ",,"Nhân Hòa, Phường Thanh Xuân Trung, Quận Thanh Xuân, Hà NộiXem bản đồ","7,75 tỷ - 64 m2"
35 m²,4 phòng,,Đã có sổ,"Nhà ngõ, hẻm",,,100 triệu/m²,,5,Hẻm xe hơi,Nội thất đầy đủ,,ha-noi,"Bán Gấp! Nhà 35Mx5T Tứ Hiệp Ô TÔ tránh, VP, KD onl đỉnh",,"Tứ Hiệp, Xã Tứ Hiệp, Huyện Thanh Trì, Hà NộiXem bản đồ","3,5 tỷ - 35 m2"
43 m²,4 phòng,,,"Nhà ngõ, hẻm",,,"115,12 triệu/m²",,,,,,ha-noi,BÁN NHÀ NGUYỄN VĂN CỪ - NGỌC LÂM - DÂN XÂY - TẶNG NỘI THẤT,,"Nguyễn văn cừ, Phường Ngọc Lâm, Quận Long Biên, Hà NộiXem bản đồ","4,95 tỷ - 43 m2"
50 m²,4 phòng,3 phòng,Đã có sổ,"Nhà ngõ, hẻm",,50 m²,92 triệu/m²,,,,Nội thất cao cấp,,ha-noi,"Nhà đẹp Triều Khúc, 50m, 4T, mt 4.6m, chỉ 4.6x tỷ, tặng full nội thất.",,"Triều Khúc, Phường Thanh Xuân Bắc, Quận Thanh Xuân, Hà NộiXem bản đồ","4,6 tỷ - 50 m2"
36 m²,3 phòng,,,"Nhà ngõ, hẻm",,,"119,44 triệu/m²",,,,,,ha-noi,BÁN GẤP NHÀ HỒ TÙNG MẬU - GẦN NGAY MẶT PHỐ - NHỈNH 4 TỶ,,"Hồ Tùng Mậu, Phường Phú Diễn, Quận Bắc Từ Liêm, Hà NộiXem bản đồ","4,3 tỷ - 36 m2"
65 m²,6 phòng,,,"Nhà mặt phố, mặt tiền",,,"276,92 triệu/m²",,5,,,,ha-noi,MẶT PHỐ TÂN MAI-HOÀNG MAI-VỈA HÈ 8M-QH ỔN ĐỊNH-KD-SẦM UẤT DT65Mx5T,,"Tân Mai, Phường Tân Mai, Quận Hoàng Mai, Hà NộiXem bản đồ",18 tỷ - 65 m2
32 m²,3 phòng,,,"Nhà ngõ, hẻm",,,"128,13 triệu/m²",,,,,,ha-noi,VỊ TRÍ TRUNG TÂM NGỌC THUỴ - Ô TÔ TRÁNH 15m - SIÊU TIỆN ÍCH,," Ngọc thuỵ, Phường Ngọc Thụy, Quận Long Biên, Hà NộiXem bản đồ","4,1 tỷ - 32 m2"
40 m²,4 phòng,3 phòng,Đã có sổ,"Nhà ngõ, hẻm",4.5 m,,"92,5 triệu/m²",,,,Nhà trống,,ha-noi,"Định Công Thương 40m2 gần oto, 5 tầng, sổ đỏ chính chủ",,"Ngõ 220 Định Công Thượng, Phường Định Công, Quận Hoàng Mai, Hà NộiXem bản đồ","3,7 tỷ - 40 m2"
58 m²,4 phòng,,Đã có sổ,"Nhà ngõ, hẻm",,,"85,34 triệu/m²",,,,,,ha-noi,"BÁN NHÀ TRƯƠNG ĐỊNH , NGÕ THÔNG , BA NGÁC ĐỖ CỬA , 58M .4,95 TỶ",,"Đường Trương Định, Phường Giáp Bát, Quận Hoàng Mai, Hà NộiXem bản đồ","4,95 tỷ - 58 m2"
50 m²,4 phòng,,Đã có sổ,"Nhà ngõ, hẻm",4 m,50 m²,140 triệu/m²,,5,,,,ha-noi,"Bán nhà lô góc 50m 5T Lâm Du, Long Biên , oto ,KD, nhỉnh 7ty .",,"Đường Lâm Du, Phường Bồ Đề, Quận Long Biên, Hà NộiXem bản đồ",7 tỷ - 50 m2
45 m²,6 phòng,,Đã có sổ,"Nhà ngõ, hẻm",,,"146,67 triệu/m²",,5,,Nội thất cao cấp,,ha-noi,Bán Nhà Pháo Đài Láng_45m2x5T_MT 4m_ 6.6 Tỷ_ Gần Phố_ Nhà Đẹp Đón Tết,,"Phố Pháo Đài Láng, Phường Láng Thượng, Quận Đống Đa, Hà NộiXem bản đồ","6,6 tỷ - 45 m2"
30 m²,3 phòng,4 phòng,,"Nhà ngõ, hẻm",4 m,,"96,67 triệu/m²",,5,,,8 m,ha-noi,BÁN NHÀ 5 TẦNG NHÀ MỚI MẶT TIỀN 3.3M GIÁ 2.9 TỶ,,"Phố Ngọc Trì, Phường Thạch Bàn, Quận Long Biên, Hà NộiXem bản đồ","2,9 tỷ - 30 m2"
25 m²,3 phòng,4 phòng,Đã có sổ,"Nhà ngõ, hẻm",,,164 triệu/m²,Đông Nam,5,,,,ha-noi,"Bán nhà phân lô 25m2, 3 phòng ngủ, đường Phố 8/3, Q.Hai Bà Trưng",,"Phố 8.3, Phường Quỳnh Mai, Quận Hai Bà Trưng, Hà NộiXem bản đồ","4,1 tỷ - 25 m2"
38 m²,4 phòng,,,"Nhà ngõ, hẻm",,38 m²,"171,05 triệu/m²",,6,,,,ha-noi,"Bán gấp nhà đẹp 6 tầng thang máy, mặt tiền 4m, lô góc, ôtô đỗ 6.5 tỷ",,"Phố Chu Huy Mân, Phường Phúc Đồng, Quận Long Biên, Hà NộiXem bản đồ","6,5 tỷ - 38 m2"
40 m²,3 phòng,3 phòng,Đã có sổ,"Nhà ngõ, hẻm",,,"49,5 triệu/m²",,3,,Nội thất đầy đủ,,ha-noi,"Bán Nhà Somg Phương 40m2 xây 3 tầng giá chỉ 1,98 tỉ",,"Song Phương, Phường Tây Mỗ, Quận Nam Từ Liêm, Hà NộiXem bản đồ","1,98 tỷ - 40 m2"
30 m²,3 phòng,3 phòng,Đã có sổ,Nhà phố liền kề,,,"63,33 triệu/m²",,4,,Nhà trống,,ha-noi,"NHÀ GIÁ RẺ YÊN NGHĨA CHỈ 1,9tỉ đồng",,"Yên Nghĩa, Phường Yên Nghĩa, Quận Hà Đông, Hà NộiXem bản đồ","1,9 tỷ - 30 m2"
40 m²,4 phòng,4 phòng,Đã có sổ,"Nhà ngõ, hẻm",,,"142,5 triệu/m²",,,,Nội thất đầy đủ,,ha-noi,234 HOÀNG QUỐC VIỆT - TRẦN CUNG - 40M 5 TẦNG MỚI ĐẸP - NGÕ THÔNG Ô TÔ,,"Hoàng Quốc Việt, Phường Cổ Nhuế 1, Quận Bắc Từ Liêm, Hà NộiXem bản đồ","5,7 tỷ - 40 m2"
40 m²,4 phòng,3 phòng,Đã có sổ,"Nhà ngõ, hẻm",,43 m²,120 triệu/m²,,,,Nội thất đầy đủ,,ha-noi,"Nhà Tân Triều, OTO vào nhà, Kinh Doanh, 120tr/m2, 40m, 4T, giá 4.8x tỷ",,"Tân Triều, Xã Tân Triều, Huyện Thanh Trì, Hà NộiXem bản đồ","4,8 tỷ - 40 m2"
44 m²,3 phòng,5 phòng,Đã có sổ,"Nhà ngõ, hẻm",,,"144,32 triệu/m²",,6,Nở hậu,,,ha-noi,"6.35 TỶ 44M 6 TẦNG THANG MÁY LẠC LONG QUÂN, PHÂN LÔ MỚI ĐẸP, SÁT Ô TÔ",,"Ngõ 218 Lạc Long Quân, Phường Bưởi, Quận Tây Hồ, Hà NộiXem bản đồ","6,35 tỷ - 44 m2"
30 m²,3 phòng,4 phòng,Đã có sổ,"Nhà ngõ, hẻm",,,70 triệu/m²,,5,,Nội thất đầy đủ,,ha-noi,"Nhà Rẻ Hà Đông , giá chỉ từ 2,1 tỉ đồng xây dựng 5 tầng",,"Yên Nghĩa, Phường Yên Nghĩa, Quận Hà Đông, Hà NộiXem bản đồ","2,1 tỷ - 30 m2"
35 m²,4 phòng,5 phòng,Đã có sổ,"Nhà ngõ, hẻm",,35 m²,"174,29 triệu/m²",,,,,,ha-noi,"6.1 TỶ, 6 TẦNG THANG MÁY LẠC LONG QUÂN, VIEW HỒ, GẦN Ô TÔ, NHÀ ĐẸP ĐÓN",,"Lạc Long Quân, Phường Nghĩa Đô, Quận Cầu Giấy, Hà NộiXem bản đồ","6,1 tỷ - 35 m2"
45 m²,4 phòng,4 phòng,Đã có sổ,"Nhà ngõ, hẻm",,,"191,11 triệu/m²",,,"Hẻm xe hơi,Nở hậu",Nội thất cao cấp,,ha-noi,"8.6 TỶ 40/45M GARA 2 Ô TÔ – TRUNG TÂM CẦU GIẤY, NGÕ THÔNG, SÁT PHỐ",,"Hoa Bằng, Phường Yên Hoà, Quận Cầu Giấy, Hà NộiXem bản đồ","8,6 tỷ - 45 m2"
90 m²,4 phòng,,Đã có sổ,"Nhà ngõ, hẻm",,,"166,67 triệu/m²",,4,,Nội thất cao cấp,,ha-noi,💥 SIÊU PHẨM TT BA ĐÌNH - 90m2 x 4 tầng - NHÀ ĐẸP - Ô TÔ 7C - CHỈ 15 TỶ,,"Ngõ 6 Đội Nhân, Phường Vĩnh Phúc, Quận Ba Đình, Hà NộiXem bản đồ",15 tỷ - 90 m2
80 m²,4 phòng,3 phòng,Đã có sổ,"Nhà ngõ, hẻm",,,"69,44 triệu/m²",,3,,Nội thất đầy đủ,,ha-noi,"BN PHỐ HỒNG HÀ,Q HOÀN KIẾM.DIỆN TÍCH 80M_3TẦNG_MT 4,5M_GIÁ 5,5 tỷ",,"Hồng Hà, Phường Phúc Tân, Quận Hoàn Kiếm, Hà NộiXem bản đồ","5,555555555 tỷ - 80 m2"
43 m²,4 phòng,,Đã có sổ,"Nhà ngõ, hẻm",,,"120,93 triệu/m²",,,,,,ha-noi,BÁN NHÀ PHỐ,,"Phố Kim Đồng, Phường Giáp Bát, Quận Hoàng Mai, Hà NộiXem bản đồ","5,2 tỷ - 43 m2"
55 m²,4 phòng,,Đã có sổ,Nhà biệt thự,,,"169,09 triệu/m²",,,Nở hậu,,,ha-noi,"Biệt thự lô góc Kim Ngưu, HBT, ngõ thông, oto, KD, 55m2, MT13m, 9.3tỷ",,"Kim Ngưu, Phường Thanh Nhàn, Quận Hai Bà Trưng, Hà NộiXem bản đồ","9,3 tỷ - 55 m2"
45 m²,3 phòng,,,"Nhà ngõ, hẻm",,,110 triệu/m²,,5,,,,ha-noi,"Bán Nhà Lê Duẩn, ba gác đỗ cổng, 3 mặt thoáng, ngõ thông, gần phố 45m2",,"Lê Duẩn , Phường Ô Chợ Dừa, Quận Đống Đa, Hà NộiXem bản đồ","4,95 tỷ - 45 m2"
55 m²,4 phòng,,Đã có sổ,"Nhà ngõ, hẻm",4.5 m,,"227,27 triệu/m²",,6,,Nội thất đầy đủ,,ha-noi,TỨ LIÊN- 55m2- 6t THANG MÁY- GAR OTO- OTO TRÁNH- NHÀ MỚI- NỘI THẤT XỊN,,"Tứ Liên, Phường Tứ Liên, Quận Tây Hồ, Hà NộiXem bản đồ","12,5 tỷ - 55 m2"
60 m²,5 phòng,4 phòng,Đã có sổ,"Nhà mặt phố, mặt tiền",,,"133,33 triệu/m²",Tây Nam,6,,,,ha-noi,🏠 *** HÀ ĐÔNG - Ô TÔ - KINH DOANH - 6 TẦNG.- 8 TỶ,,"Vạn Phúc, Phường Vạn Phúc, Quận Hà Đông, Hà NộiXem bản đồ",8 tỷ - 60 m2
30 m²,3 phòng,4 phòng,Đã có sổ,"Nhà ngõ, hẻm",,,145 triệu/m²,Bắc,5,,,,ha-noi,Bán nhà 30m2 - 5 tầng + 1 tum ngõ phố Minh khai gần Timecity,,"302, Minh Khai, Phường Minh Khai, Quận Hai Bà Trưng, Hà NộiXem bản đồ","4,35 tỷ - 30 m2"
33 m²,4 phòng,3 phòng,Đã có sổ,"Nhà ngõ, hẻm",,35 m²,"90,91 triệu/m²",,,,Nội thất đầy đủ,,ha-noi,"Bán nhà Bùi Xương Trạch, LÔ GÓC, 33m, 4T, mt 3.5m, giá 3 tỷ hơn chút.",,"Bùi Xương Trạch, Phường Khương Đình, Quận Thanh Xuân, Hà NộiXem bản đồ",3 tỷ - 33 m2
38 m²,3 phòng,5 phòng,Đã có sổ,"Nhà ngõ, hẻm",,,"171,05 triệu/m²",,6,,Nội thất cao cấp,,ha-noi,"Bán nhà 6T thang máy- Lô Góc -Ô tô vào - Đàm Quang Trung, Q.Long Biên",,"Phố Đàm Quang Trung, Phường Long Biên, Quận Long Biên, Hà NộiXem bản đồ","6,5 tỷ - 38 m2"
50 m²,4 phòng,4 phòng,Đã có sổ,"Nhà mặt phố, mặt tiền",,,560 triệu/m²,,6,,Nội thất cao cấp,,ha-noi,MẶT PHỐ - LÔ GÓC 3 THOÁNG - MẶT TIỀN RỘNG - SỐ VUÔNG - BÁN HẦM - THANG,,"Đường Thụy Khuê, Phường Thụy Khuê, Quận Tây Hồ, Hà NộiXem bản đồ",28 tỷ - 50 m2
35 m²,3 phòng,3 phòng,,"Nhà ngõ, hẻm",,,"95,71 triệu/m²",Đông Nam,4,,Nội thất cao cấp,,ha-noi,Bán nhà xây mới SĐCC ngõ 12 đường Tả thanh oai,,"Đường Tả Thanh Oai, Xã Tả Thanh Oai, Huyện Thanh Trì, Hà NộiXem bản đồ","3,35 tỷ - 35 m2"
45 m²,4 phòng,3 phòng,Đã có sổ,"Nhà ngõ, hẻm",,,"112,22 triệu/m²",,5,,Nội thất đầy đủ,,ha-noi,"Giật mình! Láng Hạ, bagac đỗ cửa, ngõ nông, thông, ở ngay 45m2*5 T",,"Láng Hạ, Phường Láng Hạ, Quận Đống Đa, Hà NộiXem bản đồ","5,05 tỷ - 45 m2"
35 m²,3 phòng,3 phòng,Đã có sổ,"Nhà ngõ, hẻm",,,114 triệu/m²,Đông Nam,4,,,,ha-noi,nhà 4 tầng xây mới SĐCC ngõ 1 Hữu lê ô tô đỗ cửa kinh doanh được,,"Đường Tả Thanh Oai, Xã Tả Thanh Oai, Huyện Thanh Trì, Hà NộiXem bản đồ","3,99 tỷ - 35 m2"
50 m²,4 phòng,,Đã có sổ,"Nhà ngõ, hẻm",,,140 triệu/m²,,,,,,ha-noi,"Nhà đẹp phố Trường Chinh, Đống Đa, oto, KD, 50m2 4 tầng, MT 4,5m, 7 tỷ",,"Trường Chinh, Phường Khương Thượng, Quận Đống Đa, Hà NộiXem bản đồ",7 tỷ - 50 m2
46 m²,3 phòng,3 phòng,Đã có sổ,"Nhà ngõ, hẻm",6 m,,"110,87 triệu/m²",,3,,,,ha-noi,Bán nhà Lô Góc Phố Giáp Bát quận Hoàng Mai. Ngõ nông rộng 10M ra phố,,"Đường Giáp Bát, Phường Giáp Bát, Quận Hoàng Mai, Hà NộiXem bản đồ","5,1 tỷ - 46 m2"
30 m²,3 phòng,,Đã có sổ,"Nhà ngõ, hẻm",,,"76,67 triệu/m²",,,,,,ha-noi,Bán nhà La Phù 30m2 5 tầng,,"đường la Phù, Xã La Phù, Huyện Hoài Đức, Hà NộiXem bản đồ","2,3 tỷ - 30 m2"
45 m²,4 phòng,,Đã có sổ,"Nhà ngõ, hẻm",,,"113,33 triệu/m²",,4,,Nội thất đầy đủ,,ha-noi,"THẬT 100%! CẦU GIẤY 45M, NHÀ ĐẸP LUNG LINH Ở NGAY, TẶNG FULL NỘI THẤT.",,"Cầu Giấy, Phường Yên Hoà, Quận Cầu Giấy, Hà NộiXem bản đồ","5,1 tỷ - 45 m2"
54 m²,6 phòng,,Đã có sổ,"Nhà ngõ, hẻm",4.1999 m,,"277,78 triệu/m²",,6,,Nhà trống,,ha-noi,PHÂN LÔ OTO- TT CẦU GIẤY- 54m- 6t THANG MÁY- GARA OTO- NHÀ MỚI Ở NGAY,,"Trần Quốc Hoàn, Phường Dịch Vọng Hậu, Quận Cầu Giấy, Hà NộiXem bản đồ",15 tỷ - 54 m2
31 m²,5 phòng,,Đã có sổ,"Nhà mặt phố, mặt tiền",,31 m²,"148,39 triệu/m²",,5,,Nội thất đầy đủ,,ha-noi,bán nhà VƯƠN,,"Vương Thừa Vũ, Phường Khương Mai, Quận Thanh Xuân, Hà NộiXem bản đồ","4,6 tỷ - 31 m2"
31 m²,3 phòng,3 phòng,Đã có sổ,"Nhà ngõ, hẻm",,34 m²,"120,97 triệu/m²",,4,,,,ha-noi,BÁN CĂN NGÕ 908 KIM GIANG- SÁT TRƯỜNG MẦM NON TL,,"Kim Giang, Xã Thanh Liệt, Huyện Thanh Trì, Hà NộiXem bản đồ","3,75 tỷ - 31 m2"
37 m²,3 phòng,,,"Nhà ngõ, hẻm",,,"85,95 triệu/m²",,,,,,ha-noi,"Tôi chính chủ bán cần bán nhà ngõ 344 phố Ngọc thụy. Nhà mới, gần ô tô",,"Ngõ 344, Phường Ngọc Thụy, Quận Long Biên, Hà NộiXem bản đồ","3,18 tỷ - 37 m2"
100 m²,2 phòng,,Đã có sổ,"Nhà mặt phố, mặt tiền",,,500 triệu/m²,,,Nở hậu,Nội thất đầy đủ,,ha-noi,"Mặt phố 6 tầng, diện tích 100m2, giá 50 tỷ, đường Láng Hạ, vị trí đẹp",,"Phố Láng Hạ, Phường Láng Hạ, Quận Đống Đa, Hà NộiXem bản đồ",50 tỷ - 100 m2
34 m²,3 phòng,3 phòng,Đã có sổ,"Nhà ngõ, hẻm",,,"102,94 triệu/m²",,5,,Nội thất cao cấp,,ha-noi,"Bán Nhà Ngã Tư Sở, 34m, 5 tầng, giá chỉ 3.5x tỷ, nhà đẹp 3 ngủ, ở ngay",,"Bùi Xương Trạch, Phường Khương Đình, Quận Thanh Xuân, Hà NộiXem bản đồ","3,5 tỷ - 34 m2"
80 m²,4 phòng,,Đã có sổ,"Nhà ngõ, hẻm",5.1999 m,,200 triệu/m²,,5,,Nội thất đầy đủ,,ha-noi,PHÂN LÔ OTO- TT CẦU GIẤY- 80m2- OTO TRÁNH- VỈA HÈ- NHÀ MỚI ĐẸP,,"800A, Phường Nghĩa Đô, Quận Cầu Giấy, Hà NộiXem bản đồ",16 tỷ - 80 m2
50 m²,9 phòng,,,"Nhà ngõ, hẻm",,,116 triệu/m²,,,,,,ha-noi,Bán nhà Xã Đàn 50m2*5tầng 9PN full đồ khép kín vừa ở vừa cho thuê tốt,,"Phố Xã Đàn, Phường Phương Liên, Quận Đống Đa, Hà NộiXem bản đồ","5,8 tỷ - 50 m2"
65 m²,2 phòng,,Đã có sổ,"Nhà mặt phố, mặt tiền",,,500 triệu/m²,,,Nở hậu,Nội thất đầy đủ,,ha-noi,"Mặt phố 6 tầng, dt 65m2, mặt tiền 5.7m phố Ô Chợ Dừa. Sổ vuông",,"Phố Ô Chợ Dừa, Phường Ô Chợ Dừa, Quận Đống Đa, Hà NộiXem bản đồ","32,5 tỷ - 65 m2"
50 m²,9 phòng,,,"Nhà ngõ, hẻm",,,116 triệu/m²,,,,,,ha-noi,Bán nhà Xã Đàn 50m2*5tầng 9PN full đồ khép kín vừa ở vừa cho thuê tốt,,"Phố Xã Đàn, Phường Phương Liên, Quận Đống Đa, Hà NộiXem bản đồ","5,8 tỷ - 50 m2"
65 m²,2 phòng,,Đã có sổ,"Nhà mặt phố, mặt tiền",,,500 triệu/m²,,,Nở hậu,Nội thất đầy đủ,,ha-noi,"Mặt phố 6 tầng, dt 65m2, mặt tiền 5.7m phố Ô Chợ Dừa. Sổ vuông",,"Phố Ô Chợ Dừa, Phường Ô Chợ Dừa, Quận Đống Đa, Hà NộiXem bản đồ","32,5 tỷ - 65 m2"
40 m²,3 phòng,4 phòng,Đã có sổ,"Nhà ngõ, hẻm",,,130 triệu/m²,,5,,Nội thất cao cấp,,ha-noi,"Hót hít! Lô góc Tôn Đức Thắng sát oto, bagac đỗ, ngõ thông 40m2*5T",,"Tôn Đức Thắng, Phường Hàng Bột, Quận Đống Đa, Hà NộiXem bản đồ","5,2 tỷ - 40 m2"
75 m²,6 phòng,,Đã có sổ,"Nhà mặt phố, mặt tiền",,,"149,33 triệu/m²",Đông Bắc,5,,Nội thất đầy đủ,,ha-noi,"Bán LK Vạn Phúc - Simco Sông Đà 75m2, MT 5m, 5 tầng, vỉa hè, ô tô",,"Lê Văn Lương, Phường Vạn Phúc, Quận Hà Đông, Hà NộiXem bản đồ","11,2 tỷ - 75 m2"
46 m²,4 phòng,,Đã có sổ,"Nhà ngõ, hẻm",,,"271,74 triệu/m²",,,Hẻm xe hơi,,,ha-noi,"BÁN NHÀ PHÂN LÔ PHỐ NGUYỄN PHÚC LAI, GẦN HỒ, NGÕ THÔNG, Ô TÔ TRÁNH",,"Nguyễn Phúc Lai, Phường Láng Hạ, Quận Đống Đa, Hà NộiXem bản đồ","12,5 tỷ - 46 m2"
40 m²,1 phòng,1 phòng,Đã có sổ,"Nhà ngõ, hẻm",,,"32,5 triệu/m²",Đông Nam,,,Nhà trống,,ha-noi,Bán nhà cấp 4,,"Tranh Khúc, Xã Duyên Hà, Huyện Thanh Trì, Hà NộiXem bản đồ","1,3 tỷ - 40 m2"
50 m²,4 phòng,3 phòng,Đã có sổ,"Nhà ngõ, hẻm",,,"646,4 triệu/m²",Đông Nam,4,,,,ha-noi,BÁN NHÀ THANH TRÌ-Ô TÔ ĐỖ CỬA-GẦN PHỐ-KINH DOANH ONLINE,,"đường cổ điển a, Xã Tứ Hiệp, Huyện Thanh Trì, Hà NộiXem bản đồ","32,32 tỷ - 50 m2"
176 m²,nhiều hơn 10 phòng,,Đã có sổ,"Nhà mặt phố, mặt tiền",,,"568,18 triệu/m²",,,Nở hậu,Nội thất đầy đủ,,ha-noi,"Tòa nhà 7 tầng, dt 176m2, mặt tiền 10.5m, đường Quảng An, view Hồ Tây",,"Phố Quảng An, Phường Quảng An, Quận Tây Hồ, Hà NộiXem bản đồ",100 tỷ - 176 m2
74 m²,2 phòng,,Đã có sổ,"Nhà mặt phố, mặt tiền",,,"635,14 triệu/m²",,,Nở hậu,Nội thất đầy đủ,,ha-noi,"Mặt phố 7 tầng, dt 74m2, mặt tiền 6.4m, vị trí đẹp mặt phố Thái Hà.",,"Phố Thái Hà, Phường Trung Liệt, Quận Đống Đa, Hà NộiXem bản đồ",47 tỷ - 74 m2
50 m²,3 phòng,3 phòng,Đã có sổ,"Nhà ngõ, hẻm",,,62 triệu/m²,,5,,Nội thất đầy đủ,,ha-noi,Bán Căn Tả Thanh Oai 50m2,,"Cầu Tó, Xã Tả Thanh Oai, Huyện Thanh Trì, Hà NộiXem bản đồ","3,1 tỷ - 50 m2"
35 m²,3 phòng,4 phòng,,"Nhà mặt phố, mặt tiền",4 m,,"117,14 triệu/m²",,5,,Nội thất đầy đủ,,ha-noi,BÁN NHÀ HOÀNG QUỐC VIỆT. NHÀ MỚI TINH SẴN Ở. 4.1 TỶ,,"Trần cung, Phường Nghĩa Tân, Quận Cầu Giấy, Hà NộiXem bản đồ","4,1 tỷ - 35 m2"
195 m²,2 phòng,,Đã có sổ,"Nhà mặt phố, mặt tiền",,,"343,59 triệu/m²",,,Nở hậu,Nội thất đầy đủ,,ha-noi,"Mặt phố 6 tầng, dt 195m2, mặt tiền 8.5m, phố Tôn Đức Thắng, giá mềm",,"Phố Tôn Đức Thắng, Phường Cát Linh, Quận Đống Đa, Hà NộiXem bản đồ",67 tỷ - 195 m2
29 m²,2 phòng,,,"Nhà ngõ, hẻm",,,"113,79 triệu/m²",,,,,,ha-noi,Bán nhà ngõ 105 Láng Hạ diện tích 29m2 4 tầng giá 3.3 tỷ,,"Láng Hạ, Phường Láng Hạ, Quận Đống Đa, Hà NộiXem bản đồ","3,3 tỷ - 29 m2"
23 m²,2 phòng,,,"Nhà ngõ, hẻm",,,"110,87 triệu/m²",,,,,,ha-noi,Bán nhà ngõ 70 Linh Quang diện tich 23m2 4 tầng giá 2.55 tỷ,,"linh quang, Phường Khâm Thiên, Quận Đống Đa, Hà NộiXem bản đồ","2,55 tỷ - 23 m2"
37 m²,1 phòng,,,"Nhà ngõ, hẻm",,,100 triệu/m²,,,,,,ha-noi,Bán nhà ngõ 92 Nguyễn Khánh Toàn. Kinh doanh. 37 m2 2 tầng giá 3.7 tỷ,,"nguyen khanh toàn, Phường Nghĩa Tân, Quận Cầu Giấy, Hà NộiXem bản đồ","3,7 tỷ - 37 m2"
42 m²,3 phòng,,,"Nhà ngõ, hẻm",,,"121,43 triệu/m²",,,,,,ha-noi,Bán nhà mặt ngõ 515 Hoàng Hoa Thám 42 m 4 tầng lô góc giá 5.1 tỷ,,"hoàng hoa thám, Phường Đội Cấn, Quận Ba Đình, Hà NộiXem bản đồ","5,1 tỷ - 42 m2"
45 m²,3 phòng,,,"Nhà ngõ, hẻm",,,100 triệu/m²,,,,,,ha-noi,Bán nhà ngõ 31 Vĩnh Phúc diện tích 45 m2 4 tầng giá 4.5 tỷ,,"vĩnh phúc, Phường Đội Cấn, Quận Ba Đình, Hà NộiXem bản đồ","4,5 tỷ - 45 m2"
56 m²,5 phòng,,,"Nhà ngõ, hẻm",,,"110,71 triệu/m²",,,,,,ha-noi,Bán nhà ngõ 214 Đội Cấn. Ô tô đỗ cổng diện tích 56m2 3 tầng giá 6.2 tỷ,,"Ngõ 214 Đội Cấn, Phường Đội Cấn, Quận Ba Đình, Hà NộiXem bản đồ","6,2 tỷ - 56 m2"
40 m²,3 phòng,,,"Nhà ngõ, hẻm",,,"88,88 triệu/m²",,,,,,ha-noi,"Bán nhà ngõ 175 Khâm Thiên diện tích 40m2, 4 tầng, giá 3.55 tỷ",,"Phố Khâm Thiên, Phường Khâm Thiên, Quận Đống Đa, Hà NộiXem bản đồ","3,555 tỷ - 40 m2"
35 m²,4 phòng,,,"Nhà ngõ, hẻm",,,"128,57 triệu/m²",,,,,,ha-noi,Bán nhà ngõ 246 Văn Chương 10m ô tô tránh 35m2 4 tầng giá 4.5 tỷ,,"Ngõ Văn Chương, Phường Khâm Thiên, Quận Đống Đa, Hà NộiXem bản đồ","4,5 tỷ - 35 m2"
43 m²,4 phòng,,,"Nhà ngõ, hẻm",,,"108,14 triệu/m²",,,,,,ha-noi,"Bán nhà ngõ 45 Thổ Quan 1, diện tích 43m2, 4 tầng, giá 4.65 tỷ",,"Ngõ Quan Thổ 1, Phường Ô Chợ Dừa, Quận Đống Đa, Hà NộiXem bản đồ","4,65 tỷ - 43 m2"
38 m²,4 phòng,,,"Nhà ngõ, hẻm",,,"104,74 triệu/m²",,,,,,ha-noi,Bán nhà ngõ 38 Lệnh Cư diện tích 38m2 4 tầng giá 3.98 tỷ,,"38 lệnh cư, Phường Ô Chợ Dừa, Quận Đống Đa, Hà NộiXem bản đồ","3,98 tỷ - 38 m2"
35 m²,2 phòng,,,"Nhà ngõ, hẻm",,,"94,29 triệu/m²",,,,,,ha-noi,Bán nhà La Thành gần Ô Chợ Dừa diện tích 35 m2 3 tầng giá 3.3 tỷ,,"ngõ trại tóc, Phường Ô Chợ Dừa, Quận Đống Đa, Hà NộiXem bản đồ","3,3 tỷ - 35 m2"
45 m²,3 phòng,3 phòng,Đã có sổ,"Nhà ngõ, hẻm",,,"106,67 triệu/m²",,4,,Nội thất đầy đủ,,ha-noi,"Siêu sốc! Tôn Đức Thắng, bagac, ngõ nông, thông thoáng, ở ngay 45m2*4T",,"Phố Tôn Đức Thắng, Phường Hàng Bột, Quận Đống Đa, Hà NộiXem bản đồ","4,8 tỷ - 45 m2"
48 m²,4 phòng,3 phòng,Đã có sổ,"Nhà ngõ, hẻm",,,"116,67 triệu/m²",,4,,Nội thất cao cấp,,ha-noi,"102! 41 Thái Hà, sát oto, ngõ nông thông thoáng, mới, ở sướng 48m2*4T",,"Thái Hà, Phường Trung Liệt, Quận Đống Đa, Hà NộiXem bản đồ","5,6 tỷ - 48 m2"
42 m²,4 phòng,4 phòng,Đã có sổ,"Nhà ngõ, hẻm",,,"120,71 triệu/m²",,5,,Nội thất đầy đủ,,ha-noi,"Giật mình! Láng Hạ, gần oto, bagac phi, ngõ nông thông, ở ngay 42m2*5T",,"Phố Láng Hạ, Phường Láng Hạ, Quận Đống Đa, Hà NộiXem bản đồ","5,07 tỷ - 42 m2"
40 m²,3 phòng,3 phòng,Đã có sổ,"Nhà ngõ, hẻm",,,"113,48 triệu/m²",,4,,Nội thất đầy đủ,,ha-noi,"Vip! Lô góc Hào Nam, ngõ bagac, thoáng sáng đủ nội thất ở ngay 40m2*4T",,"Hào Nam, Phường Ô Chợ Dừa, Quận Đống Đa, Hà NộiXem bản đồ","4,539 tỷ - 40 m2"
41 m²,4 phòng,4 phòng,Đã có sổ,"Nhà ngõ, hẻm",,,"109,76 triệu/m²",,5,,Nội thất đầy đủ,,ha-noi,"Rẻ hiếm! Tây Sơn, sát oto, bagac đỗ, ngõ nông thông, ở ngay 41m2*5T",,"Tây Sơn, Phường Ngã Tư Sở, Quận Đống Đa, Hà NộiXem bản đồ","4,5 tỷ - 41 m2"
50 m²,6 phòng,,Đã có sổ,"Nhà ngõ, hẻm",,,144 triệu/m²,,,Nở hậu,,,ha-noi,"Bán nhà phố Hoàng Văn Thái, TX, 50m2, MT 5m thang máy, 10m oto, 7,2tỷ",,"Hoàng Văn Thái, Phường Khương Trung, Quận Thanh Xuân, Hà NộiXem bản đồ","7,2 tỷ - 50 m2"
34 m²,3 phòng,,Đã có sổ,"Nhà ngõ, hẻm",,,"113,53 triệu/m²",,4,,Nội thất cao cấp,,ha-noi,"Bán nhà Bạch Mai, mặt ngõ thông, oto tránh,KD đỉnh, full đồ 34m2*4T",,"Bạch Mai, Phường Bạch Mai, Quận Hai Bà Trưng, Hà NộiXem bản đồ","3,86 tỷ - 34 m2"
47 m²,4 phòng,4 phòng,Đã có sổ,"Nhà ngõ, hẻm",,,"169,15 triệu/m²",,6,,Nội thất cao cấp,,ha-noi,Nhà Mới Yên Hòa_6 Tầng Thang Máy_47m2_MT 4.1m_7.95 Tỷ_Thiết kế Đỉnh,,"Yên Hòa, Phường Yên Hoà, Quận Cầu Giấy, Hà NộiXem bản đồ","7,95 tỷ - 47 m2"
66 m²,5 phòng,6 phòng,Đã có sổ,"Nhà ngõ, hẻm",,,150 triệu/m²,,7,,Nội thất cao cấp,,ha-noi,"Nhà đẹp, thang máy, 66m2, ở ngay cần bán tại phố Tôn Đức Thắng 9.9 tỷ.",,"Phố Tôn Đức Thắng, Phường Hàng Bột, Quận Đống Đa, Hà NộiXem bản đồ","9,9 tỷ - 66 m2"
90 m²,8 phòng,,Đã có sổ,"Nhà ngõ, hẻm",5.5 m,,"261,11 triệu/m²",,,,Nội thất đầy đủ,17 m,ha-noi,"Bán nhà phân lô ô tô tránh, vỉa hè 7 nổi 1 hầm tại Trung Kính,23.5 tỷ.",,"Trung Kính, Phường Yên Hoà, Quận Cầu Giấy, Hà NộiXem bản đồ","23,5 tỷ - 90 m2"
95 m²,10 phòng,6 phòng,,"Nhà mặt phố, mặt tiền",10 m,95 m²,"431,58 triệu/m²",,88,,,,ha-noi,"Bán nhà phố Đào Tấn – ở + kinh doanh ngay, 1 hầm 7 nổi, 41 tỷ.",,"Đào Tấn, Phường Liễu Giai, Quận Ba Đình, Hà NộiXem bản đồ",41 tỷ - 95 m2
250 m²,5 phòng,6 phòng,,Nhà phố liền kề,15 m,,140 triệu/m²,,55,,,17 m,ha-noi,"Cần bán biệt thự lô góc tại KĐT Việt Hưng – Long Biên. 250m2, 35 tỷ.",,"Việt Hưng, Phường Việt Hưng, Quận Long Biên, Hà NộiXem bản đồ",35 tỷ - 250 m2
62 m²,3 phòng,,Đã có sổ,"Nhà mặt phố, mặt tiền",5 m,,"303,23 triệu/m²",Đông Nam,44,,,,ha-noi,"Bán nhà mặt phố Tây Sơn ở kinh doanh ngay, 72m2, 18.8 tỷ.",,"Phố Tây Sơn, Phường Quang Trung, Quận Đống Đa, Hà NộiXem bản đồ","18,8 tỷ - 62 m2"
230 m²,5 phòng,6 phòng,Đã có sổ,Nhà biệt thự,,,"152,17 triệu/m²",,4,,Nội thất cao cấp,,ha-noi,"Cần bán biệt thự lô góc 3 mặt thoáng tại KĐT Định Công, 35 tỷ, 230m2",,"Định Công, Phường Định Công, Quận Hoàng Mai, Hà NộiXem bản đồ",35 tỷ - 230 m2
55 m²,nhiều hơn 10 phòng,Nhiều hơn 6 phòng,Đã có sổ,"Nhà ngõ, hẻm",5 m,,"181,82 triệu/m²",,,,Nội thất cao cấp,,ha-noi,"Bán nhà CCMN 8 tầng thang máy, mới đẹp, ở + kd tại Hồ Phương Mai, 10ty",,"Phương Mai, Phường Phương Mai, Quận Đống Đa, Hà NộiXem bản đồ",10 tỷ - 55 m2
55 m²,3 phòng,3 phòng,Đã có sổ,"Nhà mặt phố, mặt tiền",4.3 m,,400 triệu/m²,,,,,14 m,ha-noi,"Cần bán nhà mặt phố Thanh Nhàn – Hai Bà Trưng 55m2, ở kdoanh, 22 tỷ.",,"Phố Thanh Nhàn, Phường Thanh Nhàn, Quận Hai Bà Trưng, Hà NộiXem bản đồ",22 tỷ - 55 m2
120 m²,2 phòng,,Đã có sổ,"Nhà mặt phố, mặt tiền",,,"541,67 triệu/m²",,,Nở hậu,Nội thất đầy đủ,,ha-noi,"Nhà 6 tầng, dt 120m2, 2 mặt tiền, sổ vuông vị trí đẹp mặt phố Xã Đàn",,"Phố Xã Đàn, Phường Phương Liên, Quận Đống Đa, Hà NộiXem bản đồ",65 tỷ - 120 m2
