Diện tích đất:,Số phòng ngủ:,Số phòng vệ sinh:,Giấy tờ pháp lý:,Loại hình nhà ở:,Chiều ngang:,Diện tích sử dụng:,Giá/m2:,Hướng cửa chính:,Tổng số tầng:,Đặc điểm nhà/đất:,Tình trạng nội thất:,Chiều dài:,Location,Name,URL,District,Price
70 m²,nhiều hơn 10 phòng,,Đã có sổ,"Nhà ngõ, hẻm",,,"218,57 triệu/m²",,7,,Nội thất đầy đủ,,ha-noi,"MÁY IN TIỀN CẦU GIẤY CCMN 7T THANG MÁY, 16P FULL NỘI THẤT, DT 90TR/TH.",,"Cầu Giấy, Phường Yên Hoà, Quận Cầu Giấy, Hà NộiXem bản đồ","15,3 tỷ - 70 m2"
20 m²,2 phòng,3 phòng,,"Nhà ngõ, hẻm",,,135 triệu/m²,,,,,,ha-noi,Chính Chủ Bán nhà phố Hương viên thông Thọ Lão,,"HƯƠNG viên, Phường Đồng Nhân, Quận Hai Bà Trưng, Hà NộiXem bản đồ","2,7 tỷ - 20 m2"
52 m²,8 phòng,,Đã có sổ,"Nhà mặt phố, mặt tiền",,,"184,62 triệu/m²",,,,,,ha-noi,"MẶT PHỐ SỞ THƯỢNG: 52M/ 6 TẦNG THANG MÁY/ MT 4M/ 9,6 TỶ - KINH DOANH",,"Phố Sở Thượng, Phường Yên Sở, Quận Hoàng Mai, Hà NộiXem bản đồ","9,6 tỷ - 52 m2"
45 m²,4 phòng,4 phòng,Đã có sổ,"Nhà ngõ, hẻm",,,"144,44 triệu/m²",,5,,Nội thất đầy đủ,,ha-noi,"Bán nhà ngõ 814 Đường Láng 45m2 x5T giá chỉ 6.5 tỷ siêu hiếm , Nhà mới",,"814 Đường Láng, Phường Láng Thượng, Quận Đống Đa, Hà NộiXem bản đồ","6,5 tỷ - 45 m2"
34 m²,3 phòng,3 phòng,Đã có sổ,"Nhà ngõ, hẻm",,,"88,24 triệu/m²",,5,,Nội thất đầy đủ,,ha-noi,Bán nhà sát Vinhomes SmartCity. 34m2 x 5T. Nam Từ Liêm. 3tỷ. Sđcc,,"Tây Mỗ, Phường Tây Mỗ, Quận Nam Từ Liêm, Hà NộiXem bản đồ",3 tỷ - 34 m2
30 m²,3 phòng,3 phòng,Đã có sổ,"Nhà ngõ, hẻm",,,"82,33 triệu/m²",Đông Bắc,4,,,,ha-noi,🆙️2 TỶ 4x - Nhà 4 tầng Thạch Bàn - Cổ Linh ô tô đỗ cổng,,"Cổ Linh, Phường Thạch Bàn, Quận Long Biên, Hà NộiXem bản đồ","2,47 tỷ - 30 m2"
32 m²,3 phòng,4 phòng,Đã có sổ,"Nhà ngõ, hẻm",,,"134,06 triệu/m²",,5,,Nhà trống,,ha-noi,"Siêu phẩm Cầu Bươu-mớiđẹp-lôgóc-sát phố-oto đỗ cổng, 32m 5T nhỉnh 4tỷ",,"Đường Cầu Bươu, Phường Kiến Hưng, Quận Hà Đông, Hà NộiXem bản đồ","4,29 tỷ - 32 m2"
38 m²,3 phòng,,Đã có sổ,"Nhà ngõ, hẻm",3.6 m,,"52,11 triệu/m²",,3,,Nội thất đầy đủ,,ha-noi,"SIÊU RẺ! Nhà Yên Bình 5m Oto FULL nội thất ở luôn, 38m 3T chỉ 1.98tỷ",,"Yên Bình, Phường Yên Nghĩa, Quận Hà Đông, Hà NộiXem bản đồ","1,98 tỷ - 38 m2"
40 m²,3 phòng,,Đã có sổ,"Nhà ngõ, hẻm",3 m,,73 triệu/m²,,3,,,,ha-noi,"Nhà Mậu Lương mới đẹp 2 thoáng tặng nội thất gắn tường 40m 3T 2,92 tỷ",,"Mậu Lương, Phường Phú Lương, Quận Hà Đông, Hà NộiXem bản đồ","2,92 tỷ - 40 m2"
23 m²,2 phòng,3 phòng,Đã có sổ,"Nhà ngõ, hẻm",,,"156,52 triệu/m²",,4,Hẻm xe hơi,,,ha-noi,Nhà 4 tầng oto đỗ cửa ngõ đường Tam Trinh - kinh doanh được,,"Tam Trinh, Phường Mai Động, Quận Hoàng Mai, Hà NộiXem bản đồ","3,6 tỷ - 23 m2"
31 m²,3 phòng,3 phòng,Đã có sổ,"Nhà ngõ, hẻm",,,"77,42 triệu/m²",Nam,4,,,,ha-noi,"Chỉ 2.4 tỷ bạn có ngay nhà mới 4 tầng tại Tả Thanh Oai, Thanh Trì",,"Thượng Phúc, Xã Tả Thanh Oai, Huyện Thanh Trì, Hà NộiXem bản đồ","2,4 tỷ - 31 m2"
60 m²,4 phòng,,Đã có sổ,"Nhà mặt phố, mặt tiền",,,175 triệu/m²,,,,,,ha-noi,"Mặt phố Thiên Hiền, Nhà 2 Mặt Tiền, Vỉa Hè Rộng, Dt 60m2, Giá 10.5 tỷ",,"Phố Thiên Hiền, Phường Mỹ Đình 1, Quận Nam Từ Liêm, Hà NộiXem bản đồ","10,5 tỷ - 60 m2"
35 m²,3 phòng,4 phòng,Đã có sổ,"Nhà mặt phố, mặt tiền",,,"111,43 triệu/m²",,5,,Nội thất đầy đủ,,ha-noi,CẦN BÁN GẤP NHÀ RIÊNG NGÕ 68 NGUYỄN VĂN LINH - THẠCH BÀN 35M2 x 5tầng,,"Đường Nguyễn Văn Linh, Phường Thạch Bàn, Quận Long Biên, Hà NộiXem bản đồ","3,9 tỷ - 35 m2"
30 m²,3 phòng,,Đã có sổ,"Nhà ngõ, hẻm",,30 m²,"248,33 triệu/m²",,,Hẻm xe hơi,,,ha-noi,"BÁN GẤP NHÀ ĐỘI CẤN ,NGÕ OTO TRÁNH, 30M X 5 TẦNG, NGÕ ĐẸP NHẤT ĐỘI CẤN",,"Phố Đội Cấn, Phường Liễu Giai, Quận Ba Đình, Hà NộiXem bản đồ","7,45 tỷ - 30 m2"
82 m²,7 phòng,,Đã có sổ,"Nhà mặt phố, mặt tiền",,,"167,07 triệu/m²",,,"Hẻm xe hơi,Nở hậu",,,ha-noi,"Bán nhà phố mai dịch, cầu giấy, 82m2, mặt tiền 4.4m. Giá hơn 13 tỷ tl",,"Mai Dịch, Phường Mai Dịch, Quận Cầu Giấy, Hà NộiXem bản đồ","13,7 tỷ - 82 m2"
43 m²,4 phòng,3 phòng,Đã có sổ,"Nhà ngõ, hẻm",,,"137,21 triệu/m²",,4,,Nội thất đầy đủ,,ha-noi,BÁN GẤP NHÀ KIM MÃ- 50 M RA PHỐ - LÔ GÓC -MẶT NGÕ - TRUNG TÂM BA ĐÌNH,,"Phố Kim Mã, Phường Kim Mã, Quận Ba Đình, Hà NộiXem bản đồ","5,9 tỷ - 43 m2"
30 m²,3 phòng,3 phòng,Đã có sổ,"Nhà ngõ, hẻm",,,"82,33 triệu/m²",Đông Bắc,4,,,,ha-noi,"Bán Nhà 3 Tầng Dân Xây Thạch Bàn, Cổ Linh - 2.47 Tỷ",,"Đường Cổ Linh, Phường Thạch Bàn, Quận Long Biên, Hà NộiXem bản đồ","2,47 tỷ - 30 m2"
40 m²,2 phòng,1 phòng,Đã có sổ,"Nhà ngõ, hẻm",,40 m²,"73,75 triệu/m²",,1,,,,ha-noi,Nhà C4 Ngọc Thuỵ sổ đỏ 40m2 nở hậu nhẹ - 4m mặt tiền - ngõ rộng 2m,,"Ngọc Thuỵ, Phường Ngọc Thụy, Quận Long Biên, Hà NộiXem bản đồ","2,95 tỷ - 40 m2"
44 m²,3 phòng,,Đã có sổ,"Nhà ngõ, hẻm",,44 m²,"98,86 triệu/m²",,5,,,,ha-noi,"Hàng hot! Xuân Đỉnh, cực đẹp, lô góc, ngõ thoáng, gần phố, 44m2*5T",,"Đường Xuân Đỉnh, Phường Xuân Đỉnh, Quận Bắc Từ Liêm, Hà NộiXem bản đồ","4,35 tỷ - 44 m2"
34 m²,3 phòng,4 phòng,,"Nhà mặt phố, mặt tiền",,,"205,88 triệu/m²",,6,Nở hậu,,,ha-noi,6 TẦNG ĐẸP CĂN GÓC 2 THOÁNG – NHÀ QUÁN THÁNH 34M2,,"Phố Quán Thánh, Phường Nguyễn Trung Trực, Quận Ba Đình, Hà NộiXem bản đồ",7 tỷ - 34 m2
34 m²,3 phòng,4 phòng,,"Nhà mặt phố, mặt tiền",,,"205,88 triệu/m²",,6,Nở hậu,,,ha-noi,6 TẦNG ĐẸP CĂN GÓC 2 THOÁNG – NHÀ QUÁN THÁNH 34M2,,"Phố Quán Thánh, Phường Nguyễn Trung Trực, Quận Ba Đình, Hà NộiXem bản đồ",7 tỷ - 34 m2
38 m²,3 phòng,4 phòng,Đã có sổ,"Nhà ngõ, hẻm",,190 m²,100 triệu/m²,,5,,,,ha-noi,"CÓ 102! Bán nhà Phú Diễn, ô tô, sát phố, 38m, 5T, 3.x tỷ",,"Đường Phú Diễn, Phường Phú Diễn, Quận Bắc Từ Liêm, Hà NộiXem bản đồ","3,8 tỷ - 38 m2"
45 m²,4 phòng,,,"Nhà ngõ, hẻm",,,"77,78 triệu/m²",,,,,,ha-noi,"BÁN NHÀ MỸ ĐÌNH 45 - NHÀ ĐẸP NGÕ RỘNG Ô TÔ - KINH DOANH - GIÁ 3,5 TỶ",,"Mỹ Đình, Phường Mỹ Đình 1, Quận Nam Từ Liêm, Hà NộiXem bản đồ","3,5 tỷ - 45 m2"
56 m²,nhiều hơn 10 phòng,Nhiều hơn 6 phòng,Đã có sổ,"Nhà ngõ, hẻm",,,"176,79 triệu/m²",,6,,Nội thất đầy đủ,,ha-noi,"Căn hộ dòng tiền Kim Ngưu, 14 phòng khép kín, dòng tiền cực tốt",,"Kim Ngưu, Phường Thanh Nhàn, Quận Hai Bà Trưng, Hà NộiXem bản đồ","9,9 tỷ - 56 m2"
110 m²,6 phòng,3 phòng,Đã có sổ,"Nhà ngõ, hẻm",,,120 triệu/m²,,4,,Nội thất đầy đủ,,ha-noi,"Phố Tứ Liên 110M, 4 Tầng, MT 7.7M, Giá 13.2 tỷ Tây Hồ , Lô Góc , Ô Tô.",,"Tứ Liên, Phường Tứ Liên, Quận Tây Hồ, Hà NộiXem bản đồ","13,2 tỷ - 110 m2"
46 m²,3 phòng,,Đã có sổ,"Nhà ngõ, hẻm",,46 m²,"93,61 triệu/m²",,5,,,,ha-noi,"Hàng hiếm! Hoàng Quốc Việt, lô góc, 3 thoáng, oto gần, 46m2*5T",,"Hoàng Quốc Việt, Phường Nghĩa Đô, Quận Cầu Giấy, Hà NộiXem bản đồ","4,306 tỷ - 46 m2"
132 m²,4 phòng,,,"Nhà mặt phố, mặt tiền",,,"137,88 triệu/m²",,,,,,ha-noi,"Chỉ138 tr/m mặt phố Định Công Thượng, KD, ô tô, 132m² nở hậu MT 6m, 1",,"Định công Thượng, Phường Định Công, Quận Hoàng Mai, Hà NộiXem bản đồ","18,2 tỷ - 132 m2"
40 m²,3 phòng,,,"Nhà ngõ, hẻm",,40 m²,"142,5 triệu/m²",,,,,,ha-noi,NHÀ HOÀNG QUỐC VIỆT - MẶT NGÕ THÔNG - KINH DOANH SẦM UẤT,,"Đường Hoàng Quốc Việt, Phường Nghĩa Tân, Quận Cầu Giấy, Hà NộiXem bản đồ","5,7 tỷ - 40 m2"
34 m²,4 phòng,4 phòng,,"Nhà ngõ, hẻm",3.2999 m,,"126,47 triệu/m²",,4,,,10.5 m,ha-noi,"Bán nhà RẺ 40%, Nhỉnh 4tỷ, Trường Chinh, Đống Đa, 4 tầng. Kinh doanh",,"Đường Trường Chinh, Phường Ngã Tư Sở, Quận Đống Đa, Hà NộiXem bản đồ","4,3 tỷ - 34 m2"
35 m²,4 phòng,4 phòng,Đã có sổ,"Nhà ngõ, hẻm",,,100 triệu/m²,,5,,Nội thất cao cấp,,ha-noi,"Bán Nhà Phú Diễn 5 Tầng 35m2, Full Đồ ,Ngõ Thoáng giá 3,5 tỷ",,"Đường Phú Diễn, Phường Phú Diễn, Quận Bắc Từ Liêm, Hà NộiXem bản đồ","3,5 tỷ - 35 m2"
32 m²,3 phòng,4 phòng,Đã có sổ,"Nhà ngõ, hẻm",,,"82,81 triệu/m²",,5,,Nội thất đầy đủ,,ha-noi,"Bán Nhà 5 Tầng Bát Khối - Xuân Đỗ, Ngõ thông ba gác tránh xe máy.",,"Đường Bát Khối, Phường Cự Khối, Quận Long Biên, Hà NộiXem bản đồ","2,65 tỷ - 32 m2"
55 m²,4 phòng,,Đã có sổ,"Nhà mặt phố, mặt tiền",,,"103,64 triệu/m²",Đông Bắc,,"Hẻm xe hơi,Nở hậu",Nội thất đầy đủ,,ha-noi,"Bán Nhà 56m 5 Tầng Bát Khối Lô Góc Ô tô 7 Chỗ Vào Nhà, Kinh Doanh Được",,"Ngõ 565 Đường Bát Khối, Phường Cự Khối, Quận Long Biên, Hà NộiXem bản đồ","5,7 tỷ - 55 m2"
30 m²,3 phòng,4 phòng,Đã có sổ,"Nhà ngõ, hẻm",,,"123,33 triệu/m²",Đông Bắc,5,,,,ha-noi,Bán Nhà 5 Tầng Bát Khối - Tư Đình Ô tô Đỗ Cửa Bãi Ô tô Cạnh Nhà 3.7 Tỷ,,"Ngõ 85 Đường Bát Khối, Phường Long Biên, Quận Long Biên, Hà NộiXem bản đồ","3,7 tỷ - 30 m2"
46 m²,4 phòng,,Đã có sổ,"Nhà ngõ, hẻm",,46 m²,"91,3 triệu/m²",,5,,,,ha-noi,"Có 102! Trần Thái Tông, lô góc, full nội thất, oto cách 20m, gần phố",,"Trần Thái Tông, Phường Dịch Vọng Hậu, Quận Cầu Giấy, Hà NộiXem bản đồ","4,2 tỷ - 46 m2"
53 m²,4 phòng,3 phòng,Đã có sổ,"Nhà ngõ, hẻm",,,"160,38 triệu/m²",,4,,Nội thất đầy đủ,,ha-noi,Bán nhà dân xây TT Cầu Giấy 53m x 4T - Ô tô - Phân Lô - KD Nhỉnh 8 tỷ,,"Nguyễn Khánh Toàn, Phường Quan Hoa, Quận Cầu Giấy, Hà NộiXem bản đồ","8,5 tỷ - 53 m2"
95 m²,5 phòng,5 phòng,Đã có sổ,Nhà biệt thự,,,"205,26 triệu/m²",,5,,Nội thất cao cấp,,ha-noi,Bán gấp biệt thự Đào Tấn Liễu Giai Ba Đình 95m 5 tầng giá nhỉnh 19 tỷ,,"Phố đào tấn ba đình, Phường Liễu Giai, Quận Ba Đình, Hà NộiXem bản đồ","19,5 tỷ - 95 m2"
47 m²,6 phòng,6 phòng,,"Nhà mặt phố, mặt tiền",9.5 m,,"229,79 triệu/m²",,5,,,5 m,ha-noi,"Bán nhà Mặt Phố Hồ Ba Mẫu, Đống Đa, 5 tầng, 44m2, 10,8 tỷ.Kinh Doanh",,"Hồ Ba Mẫu, Phường Phương Liên, Quận Đống Đa, Hà NộiXem bản đồ","10,8 tỷ - 47 m2"
66 m²,4 phòng,,Đã có sổ,"Nhà ngõ, hẻm",,,"78,79 triệu/m²",Đông Nam,4,,Nội thất đầy đủ,,ha-noi,Nhà Thạch Bàn 66m 4 tầng Cách Đường Thạch Bàn 20m Sân Cổng Riêng Biệt,,"Đường Thạch Bàn, Phường Thạch Bàn, Quận Long Biên, Hà NộiXem bản đồ","5,2 tỷ - 66 m2"
30 m²,3 phòng,3 phòng,Đã có sổ,,,,"108,33 triệu/m²",Tây Nam,5,1,,,ha-noi,"Nhà 5 Tầng Tư Đình, Cầu Trần Hưng Đạo, Đủ Nội Thất",,"Phố Tư Đình, Phường Long Biên, Quận Long Biên, Hà NộiXem bản đồ","3,25 tỷ - 30 m2"
31 m²,3 phòng,4 phòng,Đã có sổ,"Nhà ngõ, hẻm",,,100 triệu/m²,Tây,5,,,,ha-noi,"Bán Nhà 5 Tầng Thạch Bàn Như Hình, Ngõ rộng, Thoáng Vĩnh viễn",,"Đường Thạch Bàn, Phường Thạch Bàn, Quận Long Biên, Hà NộiXem bản đồ","3,1 tỷ - 31 m2"
45 m²,3 phòng,3 phòng,Đã có sổ,,,,"83,33 triệu/m²",Đông Nam,3,1,,,ha-noi,"Bán Nhà 45m x 3 Tầng Lô Góc, Ô Tô Đỗ Cửa - 3.75 Tỷ",,"Đường Cổ Linh, Phường Thạch Bàn, Quận Long Biên, Hà NộiXem bản đồ","3,75 tỷ - 45 m2"
40 m²,3 phòng,4 phòng,Đã có sổ,"Nhà ngõ, hẻm",,,"103,75 triệu/m²",Nam,5,,,,ha-noi,"Bán Nhà 40m x 5 Tầng Tổ 4 Thạch Bàn, Ngay Cạnh Aeon, Cầu Vĩnh Tuy.",,"Ngõ 191 Thạch Bàn, Phường Thạch Bàn, Quận Long Biên, Hà NộiXem bản đồ","4,15 tỷ - 40 m2"
31 m²,3 phòng,,Đã có sổ,"Nhà ngõ, hẻm",,,"91,94 triệu/m²",Nam,5,,Nội thất đầy đủ,,ha-noi,Bán Nhà Thạch Bàn gần đường Cổ Linh 31m 5T Sân Cổng Riêng Biệt 2.85 Tỷ,,"Cổ Linh, Phường Thạch Bàn, Quận Long Biên, Hà NộiXem bản đồ","2,85 tỷ - 31 m2"
30 m²,3 phòng,,Đã có sổ,Nhà phố liền kề,,,"75,33 triệu/m²",,5,Hẻm xe hơi,Nội thất đầy đủ,,ha-noi,Bán nhà ngay trạm bơm Yên Nghĩa giá rẻ,,"Đông La, Phường Yên Nghĩa, Quận Hà Đông, Hà NộiXem bản đồ","2,26 tỷ - 30 m2"
50 m²,4 phòng,4 phòng,Đã có sổ,Nhà phố liền kề,,,238 triệu/m²,,5,,Nội thất cao cấp,,ha-noi,"Phân Lô Đầm Trấu, 50m2 5 tầng dân xây, còn mới full nội thất, 11,9 tỷ",,"Đầm Trấu, Phường Bạch Đằng, Quận Hai Bà Trưng, Hà NộiXem bản đồ","11,9 tỷ - 50 m2"
85 m²,4 phòng,4 phòng,Đã có sổ,"Nhà mặt phố, mặt tiền",,,"235,29 triệu/m²",,6,,Nội thất cao cấp,,ha-noi,"Bán nhà ĐẸP phố Trần Đại Nghĩa, Hai Bà Trưng, 85m2, 6 tầng, gaza ô tô.",,"Phố Trần Đại Nghĩa, Phường Bách Khoa, Quận Hai Bà Trưng, Hà NộiXem bản đồ",20 tỷ - 85 m2
70 m²,4 phòng,4 phòng,Đã có sổ,Nhà phố liền kề,,,"157,14 triệu/m²",,5,,Nội thất cao cấp,,ha-noi,"Bán nhà khu ĐT Ao Sào, Hoàng Mai 70m, 5 tầng, vỉa hè, đường 15m.",,"Phố Bùi Huy Bích, Phường Hoàng Liệt, Quận Hoàng Mai, Hà NộiXem bản đồ",11 tỷ - 70 m2
45 m²,4 phòng,4 phòng,Đã có sổ,"Nhà mặt phố, mặt tiền",,,"66,67 triệu/m²",,5,,Nội thất đầy đủ,,ha-noi,"Bán Nhà khu đô thị Hồng Hà, Tứ Hiệp 45m,5T, gần Ôtô, Khu Vực Sầm Uất",,"khu đô thị hồng hà, Xã Tứ Hiệp, Huyện Thanh Trì, Hà NộiXem bản đồ",3 tỷ - 45 m2
90 m²,10 phòng,,Đã có sổ,"Nhà ngõ, hẻm",,90 m²,"144,44 triệu/m²",,7,,Nội thất cao cấp,,ha-noi,"Hiếm-nhà đẹp Kim Ngưu 90m-7 tầng, gaza ô tô thang máy, full nội thất",,"Phố Kim Ngưu, Phường Thanh Nhàn, Quận Hai Bà Trưng, Hà NộiXem bản đồ",13 tỷ - 90 m2
85 m²,4 phòng,4 phòng,,Nhà phố liền kề,,95 m²,"142,35 triệu/m²",,5,,Nội thất cao cấp,,ha-noi,"Bán nhà Linh Đàm, phân lô ô tô tránh 95m, 5 tầng, gaza ô tô, vỉa hè KD",,"Linh Đàm, Phường Hoàng Liệt, Quận Hoàng Mai, Hà NộiXem bản đồ","12,1 tỷ - 85 m2"
42 m²,5 phòng,4 phòng,Đã có sổ,"Nhà ngõ, hẻm",,,"69,05 triệu/m²",,5,,Nội thất đầy đủ,,ha-noi,"Bán Nhà ĐẸP khu đô thị IEC Tứ Hiệp 42, 5 tầng ô tô đỗ cửa lô góc 2,9tỷ",,"khu đô thị tứ hiệp, Xã Tứ Hiệp, Huyện Thanh Trì, Hà NộiXem bản đồ","2,9 tỷ - 42 m2"
70 m²,4 phòng,4 phòng,Đã có sổ,"Nhà ngõ, hẻm",,,"157,14 triệu/m²",,6,,Nội thất cao cấp,,ha-noi,"SIÊU PHẨM HOÀNG MAI ĐỀN LỪ 70M-6T, THANG MÁY, NỘI THẤT CAO CẤP TIỀN TỶ",,"Đền lừ, Phường Hoàng Văn Thụ, Quận Hoàng Mai, Hà NộiXem bản đồ",11 tỷ - 70 m2
60 m²,5 phòng,4 phòng,Đã có sổ,"Nhà ngõ, hẻm",,,"129,17 triệu/m²",,5,,Nội thất cao cấp,,ha-noi,"SIÊU PHẨM HOÀNG MAI - ĐỀN LỪ - GAZA Ô TÔ KD - 60M, 5 TẦNG CHỈ 7.xx TỶ.",,"Đường Hoàng Mai, Phường Mai Động, Quận Hoàng Mai, Hà NộiXem bản đồ","7,75 tỷ - 60 m2"
70 m²,10 phòng,Nhiều hơn 6 phòng,Đã có sổ,"Nhà mặt phố, mặt tiền",,,"175,71 triệu/m²",,7,,Nội thất đầy đủ,,ha-noi,"GẤP NHÀ TÂN MAI, PHÂN LÔ, GARA Ô TÔ, KD - 70M, 7T THANG MÁY - LÔ GÓC",,"Đường Trương Định, Phường Tân Mai, Quận Hoàng Mai, Hà NộiXem bản đồ","12,3 tỷ - 70 m2"
55 m²,4 phòng,3 phòng,Đã có sổ,"Nhà ngõ, hẻm",,,"43,64 triệu/m²",,4,,Nội thất đầy đủ,,ha-noi,"Bán nhà ĐẸP Thọ Am, Ngũ Hiệp, trung tâm Thanh Trì 55m, 4 tầng, 4 ngủ.",,"Thọ Am, Xã Ngũ Hiệp, Huyện Thanh Trì, Hà NộiXem bản đồ","2,4 tỷ - 55 m2"
31 m²,3 phòng,,Đã có sổ,"Nhà ngõ, hẻm",,,"151,61 triệu/m²",,,,,,ha-noi,NHÀ VÕ TRÍ CÔNG - NGÕ SIÊU RỘNG THOÁNG - 60M RA MP VÕ CHÍ CÔNG,,"Đường Võ Chí Công, Phường Xuân La, Quận Tây Hồ, Hà NộiXem bản đồ","4,7 tỷ - 31 m2"
44 m²,3 phòng,,Đã có sổ,"Nhà ngõ, hẻm",,44 m²,"97,73 triệu/m²",,5,,,,ha-noi,"Hot hot! Nguyễn Đình Hoàn, ngõ nông, kinh doanh đỉnh, ba gác vào, 50m2",,"Nguyễn Đình Hoàn, Phường Nghĩa Đô, Quận Cầu Giấy, Hà NộiXem bản đồ","4,3 tỷ - 44 m2"
50 m²,3 phòng,3 phòng,Đã có sổ,"Nhà ngõ, hẻm",48 m,,114 triệu/m²,,,,,11 m,ha-noi,"Bán nhà Mễ Trì Hạ 4 tầng, chủ nhà tự thiết kế xây dựng, đầy đủ công",,"Mễ Trì Hạ, Phường Mễ Trì, Quận Nam Từ Liêm, Hà NộiXem bản đồ","5,7 tỷ - 50 m2"
30 m²,3 phòng,,Đã có sổ,"Nhà ngõ, hẻm",,,"143,33 triệu/m²",,,Nở hậu,,,ha-noi,"30 M x 5 TẦNG NHÀ ĐẸP ĐÓN TẾT, MỸ ĐÌNH, NAM TỪ LIÊM , TẶNG HẾT ĐỒ ĐẸP.",,"Mỹ Đình, Phường Tây Mỗ, Quận Nam Từ Liêm, Hà NộiXem bản đồ","4,3 tỷ - 30 m2"
35 m²,4 phòng,,,"Nhà ngõ, hẻm",,,"114,29 triệu/m²",,,,,,ha-noi,"NHÀ 5 TẦNG, NGÕ RỘNG CÓ VỈA HÈ, Ô TÔ ĐỖ NGÀY ĐÊM, SỔ ĐỔ CHÍNH CHỦ",,"Phố Trần Cung, Phường Cổ Nhuế 1, Quận Bắc Từ Liêm, Hà NộiXem bản đồ",4 tỷ - 35 m2
65 m²,6 phòng,4 phòng,Đã có sổ,"Nhà mặt phố, mặt tiền",,,"244,62 triệu/m²",,5,,Nội thất đầy đủ,,ha-noi,"Phân lô Lê Trọng Tấn, 65m2 5 tầng, văn phòng tốt, giá nhỉnh 15 tỷ",,"Lê Trọng Tấn, Phường Khương Mai, Quận Thanh Xuân, Hà NộiXem bản đồ","15,9 tỷ - 65 m2"
33 m²,4 phòng,3 phòng,Đã có sổ,"Nhà ngõ, hẻm",,,"104,55 triệu/m²",,4,,Nội thất đầy đủ,,ha-noi,"[Giảm 200tr] Nhà Đẹp Dân Xây – Kim Giang, 34m, 4 tầng, giá 3 tỷ hơn.",,"Kim Giang, Phường Đại Kim, Quận Hoàng Mai, Hà NộiXem bản đồ","3,45 tỷ - 33 m2"
45 m²,4 phòng,3 phòng,Đã có sổ,"Nhà ngõ, hẻm",,,100 triệu/m²,Đông,4,,,,ha-noi,"Bán nhà phố Tân Triều, 30m ra phố, 45m 4T giá 4.5x tỷ, ngõ ba gác nông",,"Tân Triều, Xã Tân Triều, Huyện Thanh Trì, Hà NộiXem bản đồ","4,5 tỷ - 45 m2"
33 m²,3 phòng,,Đã có sổ,"Nhà ngõ, hẻm",,165 m²,"110,61 triệu/m²",,,,,,ha-noi,"Trung tâm Cầu Diễn, nội thất lung linh, chỉ nhỉnh 3 tỷ.",,"Cầu DIễn, Phường Cầu Diễn, Quận Nam Từ Liêm, Hà NộiXem bản đồ","3,65 tỷ - 33 m2"
32 m²,5 phòng,3 phòng,Đã có sổ,"Nhà ngõ, hẻm",,,"93,75 triệu/m²",,5,,Nội thất đầy đủ,,ha-noi,"Siêu Phẩm phố Khương Trung, 32m, 5T, mặt tiền 4.5m, giá chỉ 3 tỷ hơn",,"Khương Trung, Phường Khương Đình, Quận Thanh Xuân, Hà NộiXem bản đồ",3 tỷ - 32 m2
35 m²,3 phòng,,,"Nhà ngõ, hẻm",,175 m²,"85,71 triệu/m²",,,,,,ha-noi,CỰC HIẾM! NHÀ ĐẸP ĐƯỜNG XUÂN PHƯƠNG-GIÁ RẺ GIẬT MÌNH,,"Đường Xuân Phương, Phường Xuân Phương, Quận Nam Từ Liêm, Hà NộiXem bản đồ",3 tỷ - 35 m2
50 m²,4 phòng,2 phòng,Đã có sổ,"Nhà ngõ, hẻm",,,136 triệu/m²,,4,,Nội thất cao cấp,,ha-noi,BÁN NHÀ TT THANH XUÂN LÔ GÓC - Ô TÔ - KINH DOANH - DT 60M2 - MT5.7M,,"Vương Thừa Vũ, Phường Khương Trung, Quận Thanh Xuân, Hà NộiXem bản đồ","6,8 tỷ - 50 m2"
90 m²,4 phòng,3 phòng,Đã có sổ,"Nhà mặt phố, mặt tiền",,,1 triệu/m²,Đông Bắc,3,,,,ha-noi,Bán nhà mặt phố 21B thị trấn Kim Bài (Hàng hiếm),,"21B, Thị trấn Kim Bài, Huyện Thanh Oai, Hà NộiXem bản đồ",90 triệu - 90 m2
53 m²,4 phòng,4 phòng,Đã có sổ,Nhà phố liền kề,4 m,,"162,26 triệu/m²",,,,,13 m,ha-noi,Bán nhà phố Lý thường Kiệt- Trần Đăng Ninh 53m2/4 tầng gần quận Ủy HĐ,,"Đường Lý Thường Kiệt, Phường Phú La, Quận Hà Đông, Hà NộiXem bản đồ","8,6 tỷ - 53 m2"
40 m²,4 phòng,3 phòng,Đã có sổ,"Nhà mặt phố, mặt tiền",,,85 triệu/m²,Đông Nam,4,,,,ha-noi,BÁN NHÀ PHỐ VIỆT HƯNG 40m*4 tầng - hơn 3TỶ - Ô TÔ ĐỖ NGÀY ĐÊM,,"Kim Quan, Phường Việt Hưng, Quận Long Biên, Hà NộiXem bản đồ","3,4 tỷ - 40 m2"
55 m²,6 phòng,,,"Nhà ngõ, hẻm",,,"218,18 triệu/m²",,,,,,ha-noi,BÁN NHÀ PHÂN LÔ MINH KHAI-HAIBÀTRƯNG 2 MẶTNGÕ 6 TẦNGTHANGMÁY CHỈ 12 TỶ,,"Phố Minh Khai, Phường Minh Khai, Quận Hai Bà Trưng, Hà NộiXem bản đồ",12 tỷ - 55 m2
46 m²,4 phòng,,Đã có sổ,"Nhà ngõ, hẻm",,46 m²,"95,78 triệu/m²",,5,,Nội thất đầy đủ,,ha-noi,"Hàng hiếm! Trung Hoà, oto, lô góc, 3 thoáng, ngõ nông, thoáng",,"Trung Hoà, Phường Trung Hoà, Quận Cầu Giấy, Hà NộiXem bản đồ","4,406 tỷ - 46 m2"
35 m²,4 phòng,,Đã có sổ,"Nhà ngõ, hẻm",,,"95,71 triệu/m²",,5,,Nội thất đầy đủ,,ha-noi,"3,35tỷ nhà Phú Diễn-gần ĐH Tài Nguyên-35m2-5 tầng-oto đỗ gần",,"Đường Phú Diễn, Phường Phú Diễn, Quận Bắc Từ Liêm, Hà NộiXem bản đồ","3,35 tỷ - 35 m2"
50 m²,5 phòng,5 phòng,Đã có sổ,"Nhà ngõ, hẻm",,,218 triệu/m²,,6,,Nội thất cao cấp,,ha-noi,BÁN NHÀ QUẬN HAI BÀ TRƯNG MỚI TINH THANG MÁY OTO VÀO NHÀ GIÁ TỐT,,"Phố Kim Ngưu, Phường Vĩnh Tuy, Quận Hai Bà Trưng, Hà NộiXem bản đồ","10,9 tỷ - 50 m2"
33 m²,3 phòng,,,"Nhà ngõ, hẻm",,,"71,21 triệu/m²",,,,,,ha-noi,"2,35 tỷ có nhà 5 tầng Ngãi Cầu - An Khánh. Cách ô tô tránh 50m",,"Đường Chùa Tổng, Xã An Khánh, Huyện Hoài Đức, Hà NộiXem bản đồ","2,35 tỷ - 33 m2"
55 m²,3 phòng,4 phòng,Đã có sổ,"Nhà mặt phố, mặt tiền",,,"227,27 triệu/m²",,6,,Nội thất cao cấp,,ha-noi,Tứ Liên - Tây Hồ - 55m2 x 6 Tầng - Lô góc - ÔTÔ tránh - 12.5 tỷ,,"Tứ Liên, Phường Tứ Liên, Quận Tây Hồ, Hà NộiXem bản đồ","12,5 tỷ - 55 m2"
65 m²,5 phòng,,,"Nhà ngõ, hẻm",,,"226,15 triệu/m²",,,"Hẻm xe hơi,Nở hậu",,,ha-noi,BÁN NHÀ PHÂN LÔ HOÀNG CẦU - ĐỐNG ĐA Ô TÔ ĐỖ 65M2 CHỈ HƠN 200TR/M2,,"Phố Hoàng Cầu, Phường Trung Liệt, Quận Đống Đa, Hà NộiXem bản đồ","14,7 tỷ - 65 m2"
45 m²,5 phòng,5 phòng,Đã có sổ,"Nhà mặt phố, mặt tiền",5.5 m,,"188,89 triệu/m²",,7,,,,ha-noi,NHÀ CHÍNH CHỦ - HỒ 3 MẪU - 7 TẦNG THANG MÁY -MỚI -THIẾT KẾ HIỆN ĐẠI,,"ô đồng lầm, Phường Kim Liên, Quận Đống Đa, Hà NộiXem bản đồ","8,5 tỷ - 45 m2"
58 m²,3 phòng,3 phòng,Đã có sổ,"Nhà mặt phố, mặt tiền",,,"117,24 triệu/m²",,3,,Nội thất cao cấp,,ha-noi,NHÀ NGUYỄN AN NINH DT 58M2 - GIÁ CHÀO 6.8 TỶ,,"Phố Nguyễn An Ninh, Phường Tương Mai, Quận Hoàng Mai, Hà NộiXem bản đồ","6,8 tỷ - 58 m2"
24 m²,3 phòng,,Đã có sổ,"Nhà ngõ, hẻm",,,"106,25 triệu/m²",,,,,,ha-noi,"Nhà quá đẹp ở luôn sổ đỏ Trần Khát Chân 24m2 x 4T, MT3 nhỉnh 2.55 tỷ",,"Đường Trần Khát Chân, Phường Thanh Lương, Quận Hai Bà Trưng, Hà NộiXem bản đồ","2,55 tỷ - 24 m2"
155 m²,4 phòng,4 phòng,Đã có sổ,Nhà biệt thự,,,"212,9 triệu/m²",,3,,Nội thất đầy đủ,,ha-noi,Vũ Phạm Hàm-Bán biệt thự sân vườn PC cổ điển 155m2 33 tỷ 2 mặt thoáng,,"Vũ Phạm Hàm, Phường Trung Hoà, Quận Cầu Giấy, Hà NộiXem bản đồ",33 tỷ - 155 m2
30 m²,4 phòng,3 phòng,Đã có sổ,"Nhà mặt phố, mặt tiền",,,"283,33 triệu/m²",,4,,Nội thất đầy đủ,,ha-noi,MẶT PHỐ PHƯƠ,,"Phố Phương Liệt, Phường Phương Liệt, Quận Thanh Xuân, Hà NộiXem bản đồ","8,5 tỷ - 30 m2"
30 m²,2 phòng,,Đã có sổ,"Nhà ngõ, hẻm",,,"103,33 triệu/m²",,,,,,ha-noi,"Nhà mới ở luôn, ngõ nông gần phố Hoà Bình Minh Khai 30m2 x 4T, MT3 nhỉ",,"Ngõ Hòa Bình 7, Phường Minh Khai, Quận Hai Bà Trưng, Hà NộiXem bản đồ","3,1 tỷ - 30 m2"
37 m²,2 phòng,,Đã có sổ,"Nhà ngõ, hẻm",,,"113,51 triệu/m²",,,,,,ha-noi,"Nhà kinh doanh, hai mặt thoáng Hoà Bình Minh Khai 37m2 x 4T, MT3.5 nhỉ",,"Ngõ Hòa Bình 7, Phường Minh Khai, Quận Hai Bà Trưng, Hà NộiXem bản đồ","4,2 tỷ - 37 m2"
42 m²,4 phòng,,Đã có sổ,"Nhà ngõ, hẻm",,,100 triệu/m²,,5,Hẻm xe hơi,Nội thất đầy đủ,,ha-noi,"Nhà Bán 42Mx5T Tứ Hiệp, Ôtô Đỗ Cổng, Tặng full nội thất.",,"Tứ Hiệp, Xã Tứ Hiệp, Huyện Thanh Trì, Hà NộiXem bản đồ","4,2 tỷ - 42 m2"
33 m²,3 phòng,4 phòng,Đã có sổ,"Nhà ngõ, hẻm",,,"106,06 triệu/m²",,5,,Nhà trống,,ha-noi,cần bán nhà ở Hoàng Mai,,"Đường Hoàng Mai, Phường Hoàng Văn Thụ, Quận Hoàng Mai, Hà NộiXem bản đồ","3,5 tỷ - 33 m2"
110 m²,5 phòng,,,Nhà biệt thự,,,200 triệu/m²,,,,,,ha-noi,NHÀ BIỆT THỰ LIỀN KỀ - KD - LÔ GÓC - Ô TÔ TRÁNH ĐỖ - 110m2 - HƠN 20 TY,,"Lĩnh Nam, Phường Lĩnh Nam, Quận Hoàng Mai, Hà NộiXem bản đồ",22 tỷ - 110 m2
60 m²,8 phòng,,Đã có sổ,"Nhà mặt phố, mặt tiền",6 m,,700 triệu/m²,,8,,Nội thất cao cấp,,ha-noi,"Bán nhà mặt phố quận hoàn kiếm, phường Trần hưng đạo",,"Trần Quốc Toản, Phường Trần Hưng Đạo, Quận Hoàn Kiếm, Hà NộiXem bản đồ",42 tỷ - 60 m2
39 m²,4 phòng,,Đã có sổ,"Nhà ngõ, hẻm",,,100 triệu/m²,,5,,Nội thất đầy đủ,,ha-noi,"Nhà Bán 39Mx5T Chị Cục Thuế, Chợ Văn Điển, Ngõ Nông, Mới Koong",,"Tứ Hiệp, Thị trấn Văn Điển, Huyện Thanh Trì, Hà NộiXem bản đồ","3,9 tỷ - 39 m2"
59 m²,4 phòng,,Đã có sổ,"Nhà ngõ, hẻm",,,"66,1 triệu/m²",,,,Nội thất đầy đủ,,ha-noi,"Gấp! Bán Nhà Ngõ 373 Ngọc Hồi 59Mx4T Dân Xây, Ô Chờ Thang Máy",,"Ngõ 373 Ngọc Hồi, Thị trấn Văn Điển, Huyện Thanh Trì, Hà NộiXem bản đồ","3,9 tỷ - 59 m2"
71 m²,4 phòng,,Đã có sổ,"Nhà ngõ, hẻm",,71 m²,"65,49 triệu/m²",,,,Nhà trống,,ha-noi,"Bán nhà Tam Trinh , thông số ĐẸP vô đối , 71m2,mặt tiền 4,7m , 4,65 tỷ",,"Đường Tam Trinh, Phường Mai Động, Quận Hoàng Mai, Hà NộiXem bản đồ","4,65 tỷ - 71 m2"
35 m²,4 phòng,5 phòng,Đã có sổ,"Nhà ngõ, hẻm",,,"114,29 triệu/m²",,4,,Nội thất cao cấp,,ha-noi,CHÍNH CHỦ BÁN Q.HAI BÀ TRƯNG-NGÕ THÔNG GẦN PHỐ-4 TẦNG-DT 35m2-HƠN 4TỶ,,"Đường Trần Khát Chân, Phường Thanh Lương, Quận Hai Bà Trưng, Hà NộiXem bản đồ",4 tỷ - 35 m2
210 m²,6 phòng,6 phòng,Đã có sổ,Nhà biệt thự,,,"237,62 triệu/m²",Đông Nam,4,,,,ha-noi,"Biệt thự Văn Quán, vị trí cực đẹp, 210m2, 4 tầng, mt 10m, giá 49.9 tỷ.",,"Nguyễn Khuyến, Phường Văn Quán, Quận Hà Đông, Hà NộiXem bản đồ","49,9 tỷ - 210 m2"
67 m²,3 phòng,,Đã có sổ,"Nhà ngõ, hẻm",,,"67,16 triệu/m²",,,,Nội thất đầy đủ,,ha-noi,"Chủ Giảm 500tr! Nhà Bán 67M Xóm Đồng A, Lô Góc, Dân Xây, Ngõ Thông",,"Xóm Đồng a, Xã Tứ Hiệp, Huyện Thanh Trì, Hà NộiXem bản đồ","4,5 tỷ - 67 m2"
32 m²,3 phòng,4 phòng,Đã có sổ,"Nhà ngõ, hẻm",,,"123,44 triệu/m²",,5,,Nội thất đầy đủ,,ha-noi,KIẾN HƯNG-NHÀ MỚI ĐẸP Ở NGAY-PHÂN KHÚC NHỎ-ÔTÔ TRÁNH 10M-TIỆN ÍCH FULL,,"Đường Đa Sỹ, Phường Kiến Hưng, Quận Hà Đông, Hà NộiXem bản đồ","3,95 tỷ - 32 m2"
28 m²,4 phòng,,,"Nhà ngõ, hẻm",,,"142,14 triệu/m²",,,Hẻm xe hơi,,,ha-noi,"Bán nhà ngõ 192 Lê Trọng Tấn Thanh Xuân 28/32m2, 4 tầng, 3.98tỷ",,"Lê Trọng Tấn, Phường Khương Mai, Quận Thanh Xuân, Hà NộiXem bản đồ","3,98 tỷ - 28 m2"
44 m²,4 phòng,5 phòng,Đã có sổ,"Nhà ngõ, hẻm",,,200 triệu/m²,,4,,Nội thất cao cấp,,ha-noi,"(MINH KHAI) CẦN BÁN GẤP NHÀ SIÊU PHẨM, Ô TÔ CHẠY VÒNG QUANH...",,"undefined, Phường Minh Khai, Quận Hai Bà Trưng, Hà NộiXem bản đồ","8,8 tỷ - 44 m2"
32 m²,nhiều hơn 10 phòng,,Đã có sổ,"Nhà ngõ, hẻm",3.7999 m,,"148,44 triệu/m²",,4,,,,ha-noi,"CẦN BÁN NHÀ PHỐ LÊ LỢI HÀ ĐÔNG, 32M, 4T, MT3,8M, GIÁ 4,75 TỶ",,"PHỐ LÊ LỢI, Phường Hà Cầu, Quận Hà Đông, Hà NộiXem bản đồ","4,75 tỷ - 32 m2"
38 m²,4 phòng,,Đã có sổ,"Nhà ngõ, hẻm",,,"92,11 triệu/m²",,5,"Hẻm xe hơi,Nở hậu",Nội thất đầy đủ,,ha-noi,"Nhà Bán 38Mx5T TTTM Thanh Trì Ôtô Đỗ Cửa, Ngõ Thông, NT FULL",,"Ngọc Hồi, Thị trấn Văn Điển, Huyện Thanh Trì, Hà NộiXem bản đồ","3,5 tỷ - 38 m2"
42 m²,4 phòng,5 phòng,Đã có sổ,"Nhà ngõ, hẻm",,,"176,19 triệu/m²",,5,,Nội thất cao cấp,,ha-noi,"GIẢM 500TR ! Nhà Quan Nhân, ôtô đỗ cửa, 2 thoáng, 42m chỉ có 7.4 tỷ.",,"Quan Nhân, Phường Nhân Chính, Quận Thanh Xuân, Hà NộiXem bản đồ","7,4 tỷ - 42 m2"
