Diện tích đất:,Số phòng ngủ:,Số phòng vệ sinh:,Giấy tờ pháp lý:,Loại hình nhà ở:,Chiều ngang:,Diện tích sử dụng:,Giá/m2:,Hướng cửa chính:,Tổng số tầng:,Đặc điểm nhà/đất:,Tình trạng nội thất:,Chiều dài:,Location,Name,URL,District,Price
32 m²,3 phòng,3 phòng,Đã có sổ,"Nhà ngõ, hẻm",,,"57,19 triệu/m²",Đông Bắc,,,Nội thất đầy đủ,,ha-noi,1.83 tỷ có Nhà 33m Oto đỗ cổng cuối đường Tố Hữu,,"Trạm Bơm Yên Nghĩa, Phường Yên Nghĩa, Quận Hà Đông, Hà NộiXem bản đồ","1,83 tỷ - 32 m2"
35 m²,3 phòng,4 phòng,Đã có sổ,"Nhà ngõ, hẻm",,,70 triệu/m²,,5,,Nội thất đầy đủ,,ha-noi,"Nhà Cầu Thanh Trì-Gia Lâm 35m 5T oto,ngõ thông,Eco+Ocean, giá 2,45 tỷ",,"Đường Giáp Hải, Xã Đông Dư, Huyện Gia Lâm, Hà NộiXem bản đồ","2,45 tỷ - 35 m2"
30 m²,3 phòng,4 phòng,,"Nhà ngõ, hẻm",,,"111,67 triệu/m²",Đông Nam,5,,,,ha-noi,Bán gấp nhà 5 tầng cực đẹp giá rẻ tại ngõ 98 Đàm Quang Trung - Long Bi,,"Phố Đàm Quang Trung, Phường Long Biên, Quận Long Biên, Hà NộiXem bản đồ","3,35 tỷ - 30 m2"
80 m²,5 phòng,4 phòng,Đã có sổ,"Nhà mặt phố, mặt tiền",,,135 triệu/m²,,5,,Nội thất cao cấp,,ha-noi,"Nhà Thạch Bàn 80m-2thoáng+2oto,ngõ thông,nội thất+thang máy,giá 10,8tỷ",,"Đường Cổ Linh, Phường Thạch Bàn, Quận Long Biên, Hà NộiXem bản đồ","10,8 tỷ - 80 m2"
36 m²,3 phòng,4 phòng,Đã có sổ,"Nhà ngõ, hẻm",,,"84,72 triệu/m²",,5,,Nội thất đầy đủ,,ha-noi,"Nhà Thạch Bàn 36m 5tầng oto đỗ cửa,full nội,300m Aeon+bờ hồ,giá 3.05tỷ",,"Thạch Bàn, Phường Thạch Bàn, Quận Long Biên, Hà NộiXem bản đồ","3,05 tỷ - 36 m2"
34 m²,3 phòng,4 phòng,Đã có sổ,"Nhà ngõ, hẻm",,,75 triệu/m²,Đông Nam,5,,,,ha-noi,"🏡 NHÀ BÁT KHỐI 34M,5T-ÔTÔ ĐỖ SÁT-THÔNG NÔNG-TIỆN ÍCH ĐẦY ĐỦ-2,55TỶ 🏡",,"Ngõ 565 Đường Bát Khối, Phường Cự Khối, Quận Long Biên, Hà NộiXem bản đồ","2,55 tỷ - 34 m2"
72 m²,nhiều hơn 10 phòng,Nhiều hơn 6 phòng,Đã có sổ,"Nhà ngõ, hẻm",,,"194,44 triệu/m²",Tây,8,,,,ha-noi,Chung cư Mini Miếu Đầm 8 tầng 19 phòng doanh thu 100tr/tháng 72m2x4.3m,,"Phố Đồng Me, Phường Mễ Trì, Quận Nam Từ Liêm, Hà NộiXem bản đồ",14 tỷ - 72 m2
34 m²,3 phòng,4 phòng,Đã có sổ,"Nhà ngõ, hẻm",,,100 triệu/m²,,5,,Nội thất đầy đủ,,ha-noi,"🏠 Bán nhà LONG BIÊN 34m 5T,oto qua nhà,thông AEON+VĨNH TUY, giá 3,4tỷ🏠",,"Đường Cổ Linh, Phường Long Biên, Quận Long Biên, Hà NộiXem bản đồ","3,4 tỷ - 34 m2"
40 m²,6 phòng,5 phòng,Đã có sổ,"Nhà ngõ, hẻm",,,"93,75 triệu/m²",Đông Nam,5,,,,ha-noi,"Nhà 565 BÁT KHỐI,40m-5T,ngõ thông thoáng,lô góc,trường học,giá 3,75 tỷ",,"Ngõ 565 Đường Bát Khối, Phường Cự Khối, Quận Long Biên, Hà NộiXem bản đồ","3,75 tỷ - 40 m2"
41 m²,3 phòng,3 phòng,Đã có sổ,"Nhà ngõ, hẻm",,41 m²,"106,1 triệu/m²",,,,Nội thất cao cấp,,ha-noi,"Bán nhà Trung Phụng! 2 thoáng, ngõ rộng, nội thất Vip, ở ngay, 43m2*4T",,"Trung Phụng, Phường Ô Chợ Dừa, Quận Đống Đa, Hà NộiXem bản đồ","4,35 tỷ - 41 m2"
42 m²,4 phòng,4 phòng,Đã có sổ,"Nhà ngõ, hẻm",,,"129,76 triệu/m²",,5,,Nội thất đầy đủ,,ha-noi,"Bán nhà Tây Sơn, ngõ rộng, sát oto, gần hồ, thoáng sáng, 42m2*5T",,"Phố Tây Sơn, Phường Trung Liệt, Quận Đống Đa, Hà NộiXem bản đồ","5,45 tỷ - 42 m2"
60 m²,4 phòng,,Đã có sổ,"Nhà mặt phố, mặt tiền",4.7 m,,225 triệu/m²,,5,,Nội thất đầy đủ,,ha-noi,MẶT PHỐ MIẾU ĐẦM GIÁ RẺ - LÔ GÓC - KINH DOANH - VỈA HÈ - 60m2 x 5 TẦNG,,"Đường số 1, Phường Mễ Trì, Quận Nam Từ Liêm, Hà NộiXem bản đồ","13,5 tỷ - 60 m2"
50 m²,4 phòng,6 phòng,Đã có sổ,"Nhà ngõ, hẻm",,,232 triệu/m²,,7,,Nhà trống,,ha-noi,NHÀ KINH DOANH 7 TẦNG THANG MÁY PHỐ MỄ TRÌ HẠ - MỚI - ĐẸP - XÂY 2023,,"Mễ Trì Hạ, Phường Mễ Trì, Quận Nam Từ Liêm, Hà NộiXem bản đồ","11,6 tỷ - 50 m2"
63 m²,4 phòng,,,"Nhà ngõ, hẻm",12.5 m,,"119,05 triệu/m²",,,,Nhà trống,,ha-noi,"Ngõ 14 Mễ Trì Hạ cực rộng 63m2, 2 hướng mặt tiền, ngõ thông",,"Ngõ 14 Phố Mễ Trì Hạ, Phường Mễ Trì, Quận Nam Từ Liêm, Hà NộiXem bản đồ","7,5 tỷ - 63 m2"
64 m²,4 phòng,,Đã có sổ,"Nhà ngõ, hẻm",4 m,,"117,19 triệu/m²",,,Nở hậu,,15.8 m,ha-noi,"Hạ chào mạnh nhà Miếu Đầm cực gần phố, dân xây vuông đẹp 64m2 x 4 tầng",,"Miếu Đầm, Phường Mễ Trì, Quận Nam Từ Liêm, Hà NộiXem bản đồ","7,5 tỷ - 64 m2"
54 m²,4 phòng,,,Nhà phố liền kề,6 m,,"240,74 triệu/m²",,,"Hẻm xe hơi,Nở hậu",,9 m,ha-noi,"Bán gấp nhà đẹp Hoàng Quốc Việt phân lô, thoáng trước sau, oto 54m2",,"Hoàng Quốc Việt, Phường Nghĩa Đô, Quận Cầu Giấy, Hà NộiXem bản đồ",13 tỷ - 54 m2
36 m²,4 phòng,,Đã có sổ,"Nhà ngõ, hẻm",,108 m²,"105,56 triệu/m²",,,Nở hậu,Nội thất đầy đủ,,ha-noi,NHÀ NGÕ 32 ĐỖ ĐỨC DỤC - LÔ GÓC - PHÂN LÔ - SỔ ĐỎ - 36M2 X 3 TẦNG,,"Đỗ Đức Dục, Phường Mễ Trì, Quận Nam Từ Liêm, Hà NộiXem bản đồ","3,8 tỷ - 36 m2"
60 m²,5 phòng,5 phòng,Đã có sổ,"Nhà ngõ, hẻm",4 m,,165 triệu/m²,,,,Nội thất đầy đủ,,ha-noi,NHÀ MỄ TRÌ HẠ KINH DOANH - LÔ GÓC - NGÕ OTO - 60 X 5 TẦNG,,"Mễ Trì Hạ, Phường Mễ Trì, Quận Nam Từ Liêm, Hà NộiXem bản đồ","9,9 tỷ - 60 m2"
40 m²,4 phòng,5 phòng,Đã có sổ,"Nhà mặt phố, mặt tiền",,,200 triệu/m²,,4,,,,ha-noi,CC BÁN NHÀ LÊ THANH NGHỊ - LÔ GÓC - KINH DOANH - DT40m - GIÁ BÁN: 8tỷ,,"Phố Lê Thanh Nghị, Phường Đồng Tâm, Quận Hai Bà Trưng, Hà NộiXem bản đồ",8 tỷ - 40 m2
45 m²,5 phòng,6 phòng,Đã có sổ,"Nhà mặt phố, mặt tiền",,,"262,22 triệu/m²",,5,,Nội thất cao cấp,,ha-noi,CC BÁN NHÀ HỒNG MAI-LÔ GÓC-VỈA HÈ-2 OTO TRÁNH-KINH DOANH- 45m2-11.8TỶ,,"Hồng Mai, Phường Quỳnh Lôi, Quận Hai Bà Trưng, Hà NộiXem bản đồ","11,8 tỷ - 45 m2"
35 m²,3 phòng,5 phòng,Đã có sổ,"Nhà ngõ, hẻm",4 m,,"113,71 triệu/m²",,,,Nội thất cao cấp,,ha-noi,BÁN NHÀ ĐẠI TỪ DÂN XÂY MỚI 40M 5 TẦNG DƯỚI 4 TỶ ĐỘC QUYỀN HIẾM,,"Đại Từ, Phường Đại Kim, Quận Hoàng Mai, Hà NộiXem bản đồ","3,98 tỷ - 35 m2"
44 m²,4 phòng,5 phòng,Đã có sổ,"Nhà mặt phố, mặt tiền",,,"134,09 triệu/m²",,3,,Nội thất đầy đủ,,ha-noi,CC BÁN NHÀ LÊ THANH NGHỊ - LÔ GÓC - 3 TẦNG - 44m2 - GIÁ 5TỶ9,,"Lê Thanh Nghị, Phường Đồng Nhân, Quận Hai Bà Trưng, Hà NộiXem bản đồ","5,9 tỷ - 44 m2"
45 m²,5 phòng,6 phòng,Đã có sổ,"Nhà ngõ, hẻm",,,120 triệu/m²,,5,,Nội thất đầy đủ,,ha-noi,Bán nhà Phú Diễn Bắc Từ Liêm,,"Đường Phú Diễn, Phường Phú Diễn, Quận Bắc Từ Liêm, Hà NộiXem bản đồ","5,4 tỷ - 45 m2"
35 m²,4 phòng,4 phòng,Đã có sổ,"Nhà mặt phố, mặt tiền",,,"138,57 triệu/m²",,5,,Nội thất cao cấp,,ha-noi,"Chính Chủ Bán Nhà Đường Dương Lâm, Văn Quán, Hà Đông, Dt 35m2",,"Phố Dương Lâm, Phường Văn Quán, Quận Hà Đông, Hà NộiXem bản đồ","4,85 tỷ - 35 m2"
37 m²,4 phòng,4 phòng,Đã có sổ,"Nhà ngõ, hẻm",,,"70,27 triệu/m²",,5,,Nội thất cao cấp,,ha-noi,"Bán nhà ĐẸP Ngũ Hiệp, Thanh trì 37m, 5 tầng ô tô đỗ cửa, full nội thất",,"Ngũ Hiệp, Xã Ngũ Hiệp, Huyện Thanh Trì, Hà NộiXem bản đồ","2,6 tỷ - 37 m2"
40 m²,4 phòng,,Đã có sổ,"Nhà ngõ, hẻm",,,"111,25 triệu/m²",,,,,,ha-noi,"Ngay Trung Phụng-Xã Đàn, thoáng sáng, nhà mới ở ngay, xem là ưng ngay",,"Phố Trung Phụng, Phường Trung Phụng, Quận Đống Đa, Hà NộiXem bản đồ","4,45 tỷ - 40 m2"
53 m²,3 phòng,2 phòng,Đã có sổ,"Nhà ngõ, hẻm",,,"97,92 triệu/m²",,3,,Nhà trống,,ha-noi,Phân lô Lê Trọng Tấn - Thanh Xuân - 53m*3T- 3PN - Ngõ 3m – 5.19 tỷ,,"Lê Trọng Tấn, Phường Khương Mai, Quận Thanh Xuân, Hà NộiXem bản đồ","5,19 tỷ - 53 m2"
82 m²,4 phòng,,,Nhà phố liền kề,,,"164,63 triệu/m²",,,,,,ha-noi,SIÊU BIỆT THỰ LIỀN KỀ ĐẲNG CẤP MINH KHAI 82M 6 TẦNG THANG MÁY XỊN,,"Minh Khai, Phường Minh Khai, Quận Hai Bà Trưng, Hà NộiXem bản đồ","13,5 tỷ - 82 m2"
42 m²,5 phòng,,,"Nhà mặt phố, mặt tiền",,,"85,71 triệu/m²",,,,,,ha-noi,"BÁN NHÀ HỮU HƯNG, PLÔ ÔTÔ, NỘI THẤT VIP, 42Mx5T, MT4M, 3.6 TỶ",,"Đường Hữu Hưng, Phường Đại Mỗ, Quận Nam Từ Liêm, Hà NộiXem bản đồ","3,6 tỷ - 42 m2"
36 m²,3 phòng,,Đã có sổ,"Nhà ngõ, hẻm",,36 m²,"87,5 triệu/m²",,3,,,,ha-noi,"🔥VĨNH HƯNG - HOANG MAI 🔥 36m x 3 tang , 3 PN . đủ công năng …..",,"vĩnh hưng, Phường Lĩnh Nam, Quận Hoàng Mai, Hà NộiXem bản đồ","3,15 tỷ - 36 m2"
35 m²,4 phòng,,Đã có sổ,"Nhà mặt phố, mặt tiền",,,"142,86 triệu/m²",,,,,,ha-noi,"BÁN NHÀ ĐỐC NGỮ, Ô TÔ, KINH DOANH, 35Mx5T, MT4M, 5 TỶ",,"Đốc Ngữ, Phường Cống Vị, Quận Ba Đình, Hà NộiXem bản đồ",5 tỷ - 35 m2
49 m²,5 phòng,,,"Nhà mặt phố, mặt tiền",,,"83,67 triệu/m²",,,,,,ha-noi,"BÁN NHÀ KIM GIANG, PLÔ ÔTÔ, NỘI THẤT VIP, 49Mx5T, MT4M, 4.1 TỶ",,"Kim Giang, Phường Lĩnh Nam, Quận Hoàng Mai, Hà NộiXem bản đồ","4,1 tỷ - 49 m2"
35 m²,4 phòng,3 phòng,Đã có sổ,"Nhà ngõ, hẻm",,,"55,71 triệu/m²",,,,,,ha-noi,"Bán nhà tả thanh oai dt 35m x 4 tầng giá 1,95 ty lh ***",,"Tả Thanh Oai, Xã Tả Thanh Oai, Huyện Thanh Trì, Hà NộiXem bản đồ","1,95 tỷ - 35 m2"
38 m²,4 phòng,,Đã có sổ,"Nhà ngõ, hẻm",,,"105,26 triệu/m²",,,,,,ha-noi,"Bán nhà Lê Quang Đạo, lô góc, nhà đẹp, 38m2x4T, chỉ 4 tỷ",,"Đường Lê Quang Đạo, Phường Mỹ Đình 1, Quận Nam Từ Liêm, Hà NộiXem bản đồ",4 tỷ - 38 m2
42 m²,3 phòng,4 phòng,Đã có sổ,"Nhà ngõ, hẻm",4.5 m,,"142,86 triệu/m²",,4,,,,ha-noi,"CHỈ 6 TỶ - PHỐ LÊ QUANG ĐẠO 42M2 x 4T, PHÂN LÔ VIP – ĐẸP NHƯ BIỆT THỰ",,"Đường Lê Quang Đạo, Phường Phú Đô, Quận Nam Từ Liêm, Hà NộiXem bản đồ",6 tỷ - 42 m2
39 m²,4 phòng,4 phòng,Đã có sổ,"Nhà ngõ, hẻm",4 m,,"128,21 triệu/m²",,5,,,,ha-noi,"BÁN NHÀ LÊ QUANG ĐẠO, NAM TỪ LIÊM: 39M2, Ô TÔ DỪNG ĐỖ, GẦN PHỐ, 5 TỶ",,"Ngách 8 Lê Quang Đạo, Phường Phú Đô, Quận Nam Từ Liêm, Hà NộiXem bản đồ",5 tỷ - 39 m2
33 m²,3 phòng,4 phòng,Đã có sổ,"Nhà ngõ, hẻm",3.5 m,,"118,18 triệu/m²",,5,,,,ha-noi,"Bán nhà Lê Quang Đạo 33m2*5 tầng, NHÀ MỚI – 50M Ô TÔ TRÁNH, 3,9 tỷ",,"Đường Lê Quang Đạo, Phường Phú Đô, Quận Nam Từ Liêm, Hà NộiXem bản đồ","3,9 tỷ - 33 m2"
35 m²,4 phòng,3 phòng,Đã có sổ,"Nhà ngõ, hẻm",,140 m²,"128,57 triệu/m²",,5,,,,ha-noi,10M ÔTÔ TRÁNH DỪNG ĐỖ - 50M RA PHỐ - NHÀ ĐẸP -.ĐỦ CÔNG NĂNG .,,"Trần Văn Chuông, Phường Quang Trung, Quận Hà Đông, Hà NộiXem bản đồ","4,5 tỷ - 35 m2"
60 m²,5 phòng,5 phòng,Đã có sổ,Nhà phố liền kề,4.8 m,,200 triệu/m²,,5,,,,ha-noi,"BÁN PHÂN LÔ ĐẠI KIM VỈA HÈ ĐÁ BÓNG, THÔNG SỐ ĐẸP GIÁ RẺ",,"Đại Kim, Phường Đại Kim, Quận Hoàng Mai, Hà NộiXem bản đồ",12 tỷ - 60 m2
65 m²,6 phòng,4 phòng,Đã có sổ,"Nhà mặt phố, mặt tiền",,300 m²,"150,77 triệu/m²",,,"Hẻm xe hơi,Nở hậu",,,ha-noi,SIÊU HIẾM NHÀ NGUYỄN TRÃI -KINH DOANH- KHU VỰC HIẾM NHÀ BÁN.,,"Nguyễn Trãi, Phường Khương Trung, Quận Thanh Xuân, Hà NộiXem bản đồ","9,8 tỷ - 65 m2"
65 m²,6 phòng,4 phòng,Đã có sổ,"Nhà mặt phố, mặt tiền",,300 m²,"150,77 triệu/m²",,,"Hẻm xe hơi,Nở hậu",,,ha-noi,SIÊU HIẾM NHÀ NGUYỄN TRÃI -KINH DOANH- KHU VỰC HIẾM NHÀ BÁN.,,"Nguyễn Trãi, Phường Khương Trung, Quận Thanh Xuân, Hà NộiXem bản đồ","9,8 tỷ - 65 m2"
38 m²,3 phòng,3 phòng,Đã có sổ,"Nhà mặt phố, mặt tiền",,,"144,74 triệu/m²",,4,,Nội thất đầy đủ,,ha-noi,Cần bán gấp căn nhà đẹp chính chủ vào ở ngay,,"Phố Thái Thịnh, Phường Thịnh Quang, Quận Đống Đa, Hà NộiXem bản đồ","5,5 tỷ - 38 m2"
50 m²,6 phòng,,Đã có sổ,"Nhà ngõ, hẻm",,50 m²,92 triệu/m²,,5,,,,ha-noi,"Rẻ quá! Cầu Giấy, 20m ra phố, oto gần nhà, trung tâm, ở thích, 50m2*5T",,"Cầu Giấy, Phường Dịch Vọng, Quận Cầu Giấy, Hà NộiXem bản đồ","4,6 tỷ - 50 m2"
60 m²,5 phòng,,Đã có sổ,"Nhà mặt phố, mặt tiền",,,"266,67 triệu/m²",,,,,,ha-noi,BÁN NHÀ VÕNG THỊ - TRÍCH SÀI - TÂY HỒ - PHÂN LÔ Ô TÔ TRÁNH - GARA,,"Võng Thị, Phường Bưởi, Quận Tây Hồ, Hà NộiXem bản đồ",16 tỷ - 60 m2
40.5 m²,4 phòng,,,"Nhà ngõ, hẻm",,40.5 m²,"114,2 triệu/m²",,,,,,ha-noi,"Cực Gấp! Bùi Xương Trạch, lô góc, Kd, ô tô, thông, 40m2*5T, nhỉnh 4tỷ",,"Bùi Xương Trạch, Phường Khương Đình, Quận Thanh Xuân, Hà NộiXem bản đồ","4,625 tỷ - 40.5 m2"
29 m²,3 phòng,,,"Nhà ngõ, hẻm",,29 m²,150 triệu/m²,,,,,,ha-noi,"Cực Hiếm! Lê Trọng Tấn, ô tô đỗ cửa, 15m ra phố, KD, nhỉnh 4 tỷ",,"Lê Trọng Tấn, Phường Khương Mai, Quận Thanh Xuân, Hà NộiXem bản đồ","4,35 tỷ - 29 m2"
41 m²,4 phòng,,,"Nhà ngõ, hẻm",,41 m²,"123,17 triệu/m²",,,,,,ha-noi,"Cực Rẻ! Thái Hà, Gần Phố, Thoáng, O to, Nội thất nhập khẩu xịn sò",,"Thái Hà, Phường Trung Liệt, Quận Đống Đa, Hà NộiXem bản đồ","5,05 tỷ - 41 m2"
50 m²,5 phòng,4 phòng,Đã có sổ,"Nhà ngõ, hẻm",,,118 triệu/m²,,5,,Nội thất cao cấp,,ha-noi,"Võng Thị - Tây Hồ 50m2 , 5Tầng , Lô Góc , Ngõ Nông , Cực Thoáng",,"Phố Võng Thị, Phường Bưởi, Quận Tây Hồ, Hà NộiXem bản đồ","5,9 tỷ - 50 m2"
35 m²,6 phòng,4 phòng,Đã có sổ,"Nhà ngõ, hẻm",,,"102,86 triệu/m²",,5,,Nội thất đầy đủ,,ha-noi,"Bán GẤP TRƯỚC TẾT nhà 5 tầng ngõ 180 đường Tây Mỗ, Nam Từ Liêm, Hà Nội",,"undefined, Phường Tây Mỗ, Quận Nam Từ Liêm, Hà NộiXem bản đồ","3,6 tỷ - 35 m2"
40 m²,4 phòng,3 phòng,Đã có sổ,"Nhà ngõ, hẻm",,200 m²,"121,25 triệu/m²",,4,,,,ha-noi,👉 1 NHÀ RA PHỐ 40m2 4 tầng.👉 MẶT TIỀN SIÊU RỘNG .,,"Khương trung, Phường Khương Trung, Quận Thanh Xuân, Hà NộiXem bản đồ","4,85 tỷ - 40 m2"
46 m²,3 phòng,3 phòng,Đã có sổ,"Nhà ngõ, hẻm",,,"166,96 triệu/m²",,4,,Nhà trống,,ha-noi,"Chỉ 7,68 tỷ nhà Ngõ 13 Dốc Tam Đa,Thuỵ Khuê,Tây Hồ 46m*4T*MT 5,1m,ô tô",,"Dốc Tam Đa, Phường Thụy Khuê, Quận Tây Hồ, Hà NộiXem bản đồ","7,68 tỷ - 46 m2"
45 m²,3 phòng,4 phòng,,"Nhà ngõ, hẻm",,45 m²,"117,78 triệu/m²",Đông Nam,5,,,,ha-noi,"🏡 BÁN NHÀ 45M, 5TẦNG ,LÔ GÓC, ÔTÔ 7 CHỖ-THÔNG CỔ LINH AEON - 5,3TỶ 🏡",,"Thạch Bàn, Phường Thạch Bàn, Quận Long Biên, Hà NộiXem bản đồ","5,3 tỷ - 45 m2"
63 m²,10 phòng,5 phòng,Đã có sổ,"Nhà mặt phố, mặt tiền",,,"250,79 triệu/m²",,6,,Nhà trống,,ha-noi,"Bán nhà 6 tầng Mai Dịch ô tô lô góc 63m, MT 6.3m, 15.8 tỷ",,"Mai Dịch, Phường Mai Dịch, Quận Cầu Giấy, Hà NộiXem bản đồ","15,8 tỷ - 63 m2"
40 m²,5 phòng,3 phòng,Đã có sổ,"Nhà mặt phố, mặt tiền",,,215 triệu/m²,Đông Nam,5,,,,ha-noi,Bán nhà Bến Xe nước ngầm đẹp như khách sạn 5 sao,,"Ngọc Hồi, Xã Tứ Hiệp, Huyện Thanh Trì, Hà NộiXem bản đồ","8,6 tỷ - 40 m2"
38 m²,4 phòng,,Đã có sổ,"Nhà ngõ, hẻm",,,"115,79 triệu/m²",,,,,,ha-noi,💥💥 SIÊU PHẨM KIM GIANG NHÀ MỚI ĐẸP - 38M2 x 4 T - 2 PHÚT RA PHỐ 💥💥,,"Kim Giang, Xã Thanh Liệt, Huyện Thanh Trì, Hà NộiXem bản đồ","4,4 tỷ - 38 m2"
50 m²,4 phòng,,Đã có sổ,"Nhà ngõ, hẻm",,54 m²,"257,8 triệu/m²",,7,,,,ha-noi,"Nhà Ngã Tư Sở, Đống Đa, Ô Tô, Thang Máy, K.Doanh, 50m2, 4.6mMT, >12 Tỷ",,"Đường Trường Chinh, Phường Ngã Tư Sở, Quận Đống Đa, Hà NộiXem bản đồ","12,89 tỷ - 50 m2"
65 m²,4 phòng,3 phòng,Đã có sổ,"Nhà ngõ, hẻm",,,"121,54 triệu/m²",,5,,Nội thất đầy đủ,,ha-noi,"NHỈNH 7 TỶ CÓ NHÀ ĐẸP HOÀNG QUỐC VIỆT 65M2, OTO ĐỖ CỬA, NGÕ KINH DOANH",,"Hoàng Quốc Việt, Phường Cổ Nhuế 1, Quận Bắc Từ Liêm, Hà NộiXem bản đồ","7,9 tỷ - 65 m2"
50 m²,5 phòng,,,"Nhà ngõ, hẻm",4.73 m,,156 triệu/m²,Đông Bắc,4,,,10.5698 m,ha-noi,"Chính chủ bán nhà ngõ 408 Trần Cung, nhà đẹp, mặt tiền 4,73m, sẵn về ở",,"Đường Trần Cung, Phường Cổ Nhuế 1, Quận Bắc Từ Liêm, Hà NộiXem bản đồ","7,8 tỷ - 50 m2"
42 m²,6 phòng,5 phòng,Đã có sổ,"Nhà ngõ, hẻm",,,"103,57 triệu/m²",,5,,Nội thất đầy đủ,,ha-noi,🌟BÁN NHÀ CẦU GIẤY 42m2 - 5T -OTO CÁCH 15M - LÔ GÓC-GIÁ CHỈ NHỈNH 4 TỶ🌟,,"nghĩa tân, Phường Nghĩa Đô, Quận Cầu Giấy, Hà NộiXem bản đồ","4,35 tỷ - 42 m2"
35 m²,4 phòng,,,"Nhà ngõ, hẻm",3.5 m,35 m²,"95,71 triệu/m²",,3,,,10 m,ha-noi,Chỉ 3.35 tỷ Tổ 3 Đa sỹ Cạnh Trường mầm non Kiến Hưng Lô góc 35m 4 tầng,,"Đường Đa Sỹ, Phường Kiến Hưng, Quận Hà Đông, Hà NộiXem bản đồ","3,35 tỷ - 35 m2"
50 m²,4 phòng,3 phòng,Đã có sổ,"Nhà ngõ, hẻm",,,126 triệu/m²,,5,,Nội thất cao cấp,,ha-noi,"BÁN NHÀ TT BA ĐÌNH, DT50M, 5TẦNG, MT4M, NỘI THẤT XỊN, NHỈNH 6TỶ",,"Đê La Thành, Phường Thành Công, Quận Ba Đình, Hà NộiXem bản đồ","6,3 tỷ - 50 m2"
60 m²,5 phòng,,Đã có sổ,"Nhà mặt phố, mặt tiền",,300 m²,480 triệu/m²,,5,,Nội thất đầy đủ,,ha-noi,"Mặt phố Ô Chợ Dừa 60m2, 5 tầng thang máy, MT 5.4m, vỉa hè kinh doanh",,"ô chợ dừa, Phường Ô Chợ Dừa, Quận Đống Đa, Hà NộiXem bản đồ","28,8 tỷ - 60 m2"
60 m²,4 phòng,4 phòng,Đã có sổ,"Nhà ngõ, hẻm",,,130 triệu/m²,,3,,Bàn giao thô,,ha-noi,"Bán nhà ngõ 68 Cầu Giấy 3 tầng lô góc 60m, giá 7.8 tỷ",,"Cầu Giấy, Phường Dịch Vọng, Quận Cầu Giấy, Hà NộiXem bản đồ","7,8 tỷ - 60 m2"
30 m²,4 phòng,,Đã có sổ,"Nhà ngõ, hẻm",,36 m²,"121,67 triệu/m²",,,,,,ha-noi,"Hiếm💥💥💥nhà định công hạ, 4 tầng 4 ngủ 20m ra ô tô",,"Định Công Hạ, Phường Định Công, Quận Hoàng Mai, Hà NộiXem bản đồ","3,65 tỷ - 30 m2"
41 m²,nhiều hơn 10 phòng,,,"Nhà ngõ, hẻm",,,"217,07 triệu/m²",,8,Nở hậu,,,ha-noi,"CHUNG CƯ MINI ĐÌNH THÔN, 8 TẦNG THANG MÁY, 12 PHÒNG CHO THUÊ, Ô TÔ",,"Đình Thôn, Phường Mỹ Đình 1, Quận Nam Từ Liêm, Hà NộiXem bản đồ","8,9 tỷ - 41 m2"
46 m²,4 phòng,5 phòng,Đã có sổ,"Nhà ngõ, hẻm",,,"119,57 triệu/m²",,6,,Nội thất đầy đủ,,ha-noi,"Cần bán gấp nhà 46m2, 6 tầng ngõ Hòa Bình oto giá 5.5 tỷ",,"Ngõ Hòa Bình 2, Phường Minh Khai, Quận Hai Bà Trưng, Hà NộiXem bản đồ","5,5 tỷ - 46 m2"
112 m²,10 phòng,Nhiều hơn 6 phòng,Đã có sổ,"Nhà mặt phố, mặt tiền",,900 m²,"356,25 triệu/m²",,7,,,,ha-noi,"Tòa VP Trần Kim Xuyến 112m2, 7 tầng mới, MT10m, ô tô tránh, 2 thoáng",,"trần kim xuyến, Phường Yên Hoà, Quận Cầu Giấy, Hà NộiXem bản đồ","39,9 tỷ - 112 m2"
100 m²,nhiều hơn 10 phòng,Nhiều hơn 6 phòng,Đã có sổ,"Nhà mặt phố, mặt tiền",,,205 triệu/m²,,,,Nội thất cao cấp,,ha-noi,BÁN TOÀ CĂN HỘ DỊCH VỤ CAO CẤP DƯơNG QUẢNG HÀM - CẦU GIẤY - 18 PKK,,"Dương Quảng Hàm, Phường Quan Hoa, Quận Cầu Giấy, Hà NộiXem bản đồ","20,5 tỷ - 100 m2"
57 m²,4 phòng,4 phòng,Đã có sổ,"Nhà ngõ, hẻm",,,"163,16 triệu/m²",,4,,Nội thất đầy đủ,,ha-noi,"Bán Nhà Phân Lô Ngõ Ô Tô 7 Chỗ Đỗ Cửa, 57m2 Giá 9,3 tỷ Phố Đào Tấn",,"Phố Đào Tấn, Phường Cống Vị, Quận Ba Đình, Hà NộiXem bản đồ","9,3 tỷ - 57 m2"
106 m²,7 phòng,Nhiều hơn 6 phòng,Đã có sổ,"Nhà ngõ, hẻm",,,"111,32 triệu/m²",,5,,Nội thất đầy đủ,,ha-noi,"Bán Nhà Kim Mã, Ba Đình 106m 5 tầng 11.8 tỉ ngõ thông gần phố",,"Phố Kim Mã, Phường Kim Mã, Quận Ba Đình, Hà NộiXem bản đồ","11,8 tỷ - 106 m2"
31 m²,4 phòng,,,"Nhà mặt phố, mặt tiền",4 m,155 m²,"111,29 triệu/m²",,5,,,8 m,ha-noi,"Bán nhà đẹp ở ngay -cách đường ô tô 10m 5 tầng - Mậu Lương, Kiến Hưng",,"Mậu Lương, Phường Kiến Hưng, Quận Hà Đông, Hà NộiXem bản đồ","3,45 tỷ - 31 m2"
65 m²,4 phòng,4 phòng,Đã có sổ,"Nhà ngõ, hẻm",5 m,,"192,31 triệu/m²",,4,,,,ha-noi,Bán nhà Phân Lô Liền Kề khu Đô Thị Ao Sào quận Hoàng Mai. Sổ đỏ giá re,,"Ao Sào, Phường Tân Mai, Quận Hoàng Mai, Hà NộiXem bản đồ","12,5 tỷ - 65 m2"
38 m²,4 phòng,,Đã có sổ,"Nhà ngõ, hẻm",,,"75,79 triệu/m²",,,,,,ha-noi,nhà view ao hồ nhiều cây xanh bóng mát tại Tả Thanh Oai,,"Tả Thanh Oai, Xã Tả Thanh Oai, Huyện Thanh Trì, Hà NộiXem bản đồ","2,88 tỷ - 38 m2"
60 m²,4 phòng,3 phòng,,"Nhà ngõ, hẻm",5 m,,125 triệu/m²,,4,,Nội thất đầy đủ,,ha-noi,"CHÍNH CHỦ BÁN GẤP NHÀ TRẦN CUNG 60M2, NGÕ RỘNG 6M OTO ĐỖ CỬA GIÁ 7,5TY",,"Trần Cung, Phường Cổ Nhuế 1, Quận Bắc Từ Liêm, Hà NộiXem bản đồ","7,5 tỷ - 60 m2"
30 m²,3 phòng,,,"Nhà ngõ, hẻm",,,135 triệu/m²,,,Nở hậu,,,ha-noi,"Bán nhà Khương Trung 30/38m2, 5 tầng, giá 4.05tỷ",,"Khương Trung, Phường Khương Trung, Quận Thanh Xuân, Hà NộiXem bản đồ","4,05 tỷ - 30 m2"
52 m²,4 phòng,4 phòng,,"Nhà ngõ, hẻm",,,"103,85 triệu/m²",,3,,,,ha-noi,Bán Nhà Phạm Văn Đồng-52m2-hơn 5 tỷ -30m Ra mặt phố -Ngõ Nông,,"Phạm Văn Đồng, Phường Mai Dịch, Quận Cầu Giấy, Hà NộiXem bản đồ","5,4 tỷ - 52 m2"
30 m²,2 phòng,1 phòng,Đã có sổ,"Nhà ngõ, hẻm",,,90 triệu/m²,,2,,Nhà trống,,ha-noi,Bán nhà Quan Nhân - Thanh Xuân - 30m*2T kiên cố - Đủ công năng- 2.7 tỷ,,"Quan Nhân, Phường Nhân Chính, Quận Thanh Xuân, Hà NộiXem bản đồ","2,7 tỷ - 30 m2"
35 m²,3 phòng,,,"Nhà ngõ, hẻm",,38 m²,"194,29 triệu/m²",,55,,Nội thất đầy đủ,,ha-noi,"Bán nhà Trần Phú - Hà Đông – Mặt gõ Thông - Kinh doanh - 38m2, 6.8 tỷ",,"Đường Trần Phú, Phường Văn Quán, Quận Hà Đông, Hà NộiXem bản đồ","6,8 tỷ - 35 m2"
83 m²,2 phòng,2 phòng,Đã có sổ,"Nhà mặt phố, mặt tiền",,,"283,13 triệu/m²",,3,,Nội thất cao cấp,,ha-noi,"LÔ GÓC MẶT PHỐ CẦU GIẤY, VỈA HÈ 5M LÒNG ĐƯỜNG 20M CHƯA ĐẾN 300TR/M2",,"Cầu Giấy, Phường Mai Dịch, Quận Cầu Giấy, Hà NộiXem bản đồ","23,5 tỷ - 83 m2"
45 m²,4 phòng,3 phòng,Đã có sổ,"Nhà ngõ, hẻm",,,102 triệu/m²,Đông Nam,4,,,,ha-noi,"Bán nhà Kim Giang, 30m ra phố, 45m2 4,6 tỷ",,"Kim Giang, Xã Thanh Liệt, Huyện Thanh Trì, Hà NộiXem bản đồ","4,59 tỷ - 45 m2"
45 m²,4 phòng,3 phòng,Đã có sổ,"Nhà ngõ, hẻm",,,102 triệu/m²,Đông Nam,4,,,,ha-noi,"Bán nhà Kim Giang, 30m ra phố, 45m2 4,6 tỷ",,"Kim Giang, Xã Thanh Liệt, Huyện Thanh Trì, Hà NộiXem bản đồ","4,59 tỷ - 45 m2"
48 m²,1 phòng,1 phòng,,"Nhà ngõ, hẻm",,,"54,17 triệu/m²",,,,,,ha-noi,"Bán nHà tập thể tầng 1 tại Kim Mã , ô tô đỗ cửa",,"Kim Mã, Phường Ngọc Khánh, Quận Ba Đình, Hà NộiXem bản đồ","2,6 tỷ - 48 m2"
39 m²,4 phòng,4 phòng,Đã có sổ,"Nhà ngõ, hẻm",,,"66,67 triệu/m²",,5,,Nội thất đầy đủ,,ha-noi,"Bán gấp nhà ĐẸP Thọ Am, Ngũ Hiệp 39m 5 tầng, full nội thất ô tô đỗ cửa",,"Thọ Am, Xã Ngũ Hiệp, Huyện Thanh Trì, Hà NộiXem bản đồ","2,6 tỷ - 39 m2"
30 m²,3 phòng,4 phòng,Đã có sổ,"Nhà ngõ, hẻm",,,"146,67 triệu/m²",,5,,Nội thất đầy đủ,,ha-noi,Bán nhà riêng Phố Giáp Bát Hoàng Mai Dt 35M ngõ xe nửa tấn đỗ,,"Đường Giáp Bát, Phường Giáp Bát, Quận Hoàng Mai, Hà NộiXem bản đồ","4,4 tỷ - 30 m2"
30 m²,2 phòng,3 phòng,Đã có sổ,"Nhà ngõ, hẻm",,,"106,67 triệu/m²",Nam,4,,,,ha-noi,BÁN NHÀ TÂN MAI HOÀNG MAI DT 30M 3.2 Tỷ,,"Phố Tân Mai, Phường Tân Mai, Quận Hoàng Mai, Hà NộiXem bản đồ","3,2 tỷ - 30 m2"
30 m²,3 phòng,3 phòng,Đã có sổ,"Nhà ngõ, hẻm",,,115 triệu/m²,,5,,Nội thất đầy đủ,,ha-noi,BÁN NHÀ NGÕ 141 GIÁP NHỊ HOÀNG MAI NGÕ BA GÁC ĐUA DT 30m 3 NGỦ,,"Ngõ 141 Giáp Nhị, Phường Thịnh Liệt, Quận Hoàng Mai, Hà NộiXem bản đồ","3,45 tỷ - 30 m2"
38 m²,3 phòng,4 phòng,Đã có sổ,"Nhà ngõ, hẻm",,,"193,42 triệu/m²",,5,,Nội thất đầy đủ,,ha-noi,BÁN NHÀ MẶT NGÕ KINH DOANH PHỐ ĐẠI LA HAI BÀ TRƯNG DT 38/40M Ngõ nông,,"Phố Đại La, Phường Đồng Tâm, Quận Hai Bà Trưng, Hà NộiXem bản đồ","7,35 tỷ - 38 m2"
32 m²,4 phòng,3 phòng,Đã có sổ,"Nhà ngõ, hẻm",,,"70,31 triệu/m²",Tây Nam,4,,,,ha-noi,Chính chủ bán nhà Cầu Tó Tả Thanh Oai 32m2*4 tầng giá 2.25 tỷ có TLg,,"Số 9 Ngõ 32, Tả Thanh Oai, Xã Tả Thanh Oai, Huyện Thanh Trì, Hà NộiXem bản đồ","2,25 tỷ - 32 m2"
70 m²,7 phòng,6 phòng,Đã có sổ,Nhà phố liền kề,,,"321,43 triệu/m²",,5,,Nội thất đầy đủ,,ha-noi,"Bán nhà đẹp Liền Kề 96 Nguyễn Huy Tưởng:70m2, 5 tầng, có thang máy",,"96 Nguyễn Huy Tưởng, Phường Nhân Chính, Quận Thanh Xuân, Hà NộiXem bản đồ","22,5 tỷ - 70 m2"
59 m²,4 phòng,3 phòng,Đã có sổ,"Nhà ngõ, hẻm",,,"128,81 triệu/m²",,4,,Nhà trống,,ha-noi,NHÀ PHÂN LÔ QUÂN ĐỘI- Ô TÔ - KHƯƠNG TRUNG-THANH XUÂN-4 TẦNG-59M2,,"Khương Trung, Phường Khương Trung, Quận Thanh Xuân, Hà NộiXem bản đồ","7,6 tỷ - 59 m2"
76 m²,6 phòng,6 phòng,Đang chờ sổ,Nhà phố liền kề,,,"92,11 triệu/m²",Đông Bắc,6,,,,ha-noi,Liền kề KĐT Đại Thanh 76m2*6 tầng Thang Máy giá 7 tỷ nhà đẹp ở ngay,,"Tả Thanh Oai, Xã Tả Thanh Oai, Huyện Thanh Trì, Hà NộiXem bản đồ",7 tỷ - 76 m2
33 m²,4 phòng,3 phòng,Đã có sổ,"Nhà ngõ, hẻm",,,"77,27 triệu/m²",,4,,Nhà trống,,ha-noi,Ngay QL6 cách bxe Yên Nghĩa chỉ 1km giá chỉ nhỉnh 2tỷ,,"Ngõ 1175, Phường Quang Trung, Quận Hà Đông, Hà NộiXem bản đồ","2,55 tỷ - 33 m2"
30 m²,3 phòng,3 phòng,Đã có sổ,"Nhà ngõ, hẻm",5 m,,"93,33 triệu/m²",,,,Nhà trống,,ha-noi,"CHÍNH CHỦ BÁN NHÀ NGÕ 200/2/16 VĨNH HƯNG - DT 30m² x 3,5 Tầng",,"VĨNH HƯNG, Phường Vĩnh Hưng, Quận Hoàng Mai, Hà NộiXem bản đồ","2,8 tỷ - 30 m2"
33 m²,4 phòng,4 phòng,Đã có sổ,"Nhà ngõ, hẻm",,,"103,03 triệu/m²",,5,,Nội thất đầy đủ,,ha-noi,"Bán nhà Ng An Ninh, HBT 33m 5 tầng mt 3.8m giá nhỉnh 3 tỷ",,"Nguyễn An NINH, Phường Trương Định, Quận Hai Bà Trưng, Hà NộiXem bản đồ","3,4 tỷ - 33 m2"
38 m²,4 phòng,3 phòng,Đã có sổ,"Nhà ngõ, hẻm",,,"57,89 triệu/m²",Đông Nam,4,,,,ha-noi,"Bán Nhà 4 tầng đường Hải Bối, Đông Anh, ô tô đỗ cửa, full nội thất,",,"Ngõ 1 Phía Đông Đường Hải Bối, Xã Hải Bối, Huyện Đông Anh, Hà NộiXem bản đồ","2,2 tỷ - 38 m2"
54 m²,4 phòng,3 phòng,Đã có sổ,"Nhà ngõ, hẻm",,,"44,07 triệu/m²",Đông Nam,4,,,,ha-noi,"Cách kđt Đô Nghĩa 3km ,nhà 3 tầng dt 54m2, giá nhỉnh 2tỷ, ô tô đỗ cửa",,"Thôn Độ Chàng, Xã Đại Thành, Huyện Quốc Oai, Hà NộiXem bản đồ","2,38 tỷ - 54 m2"
44 m²,4 phòng,4 phòng,Đã có sổ,"Nhà ngõ, hẻm",,,200 triệu/m²,,7,,Nội thất đầy đủ,,ha-noi,Cần bán nhà Hoàng Văn Thái 44m 7 tầng 7mt 8.8 tỷ thang máy kd lô góc,,"Hoàng Văn Thái, Phường Khương Mai, Quận Thanh Xuân, Hà NộiXem bản đồ","8,8 tỷ - 44 m2"
68 m²,4 phòng,6 phòng,,Nhà phố liền kề,5.5 m,68 m²,"141,18 triệu/m²",,4,,,,ha-noi,"Bán nhà Tô Vĩnh Diện phân lô, ô tô, kinh doanh 68m 5 tầng 9.x tỷ",,"Tô Vĩnh Diện, Phường Khương Trung, Quận Thanh Xuân, Hà NộiXem bản đồ","9,6 tỷ - 68 m2"
59 m²,6 phòng,4 phòng,Đã có sổ,"Nhà ngõ, hẻm",,,"201,69 triệu/m²",,7,,Nội thất cao cấp,,ha-noi,"Bán nhà Mỗ Lao, lô góc 2 thoáng, 7 tầng thang máy xịn, 59m2, 11.9 tỷ",,"Phố Nguyễn Văn Lộc, Phường Mộ Lao, Quận Hà Đông, Hà NộiXem bản đồ","11,9 tỷ - 59 m2"
55 m²,3 phòng,3 phòng,Đã có sổ,"Nhà ngõ, hẻm",,,"152,73 triệu/m²",,5,,Nội thất đầy đủ,,ha-noi,"Độc quyền bán nhà Mỗ Lao, gara ô tô, nội thất hiện đại, 55m2, 8.4 tỷ",,"Đường Thanh Bình, Phường Mộ Lao, Quận Hà Đông, Hà NộiXem bản đồ","8,4 tỷ - 55 m2"
