Diện tích đất:,Số phòng ngủ:,Số phòng vệ sinh:,Giấy tờ pháp lý:,Loại hình nhà ở:,Chiều ngang:,Diện tích sử dụng:,Giá/m2:,Hướng cửa chính:,Tổng số tầng:,Đặc điểm nhà/đất:,Tình trạng nội thất:,Chiều dài:,Location,Name,URL,District,Price
45 m²,6 phòng,,Đã có sổ,"Nhà ngõ, hẻm",,,"102,22 triệu/m²",,6,,,,ha-noi,"Gần trường Đại Học Hà Nội đường Nguyễn Trãi Thanh Xuân 45m2, 5T,4.6 tỷ",,"nguyễn trãi, Phường Thanh Xuân Bắc, Quận Thanh Xuân, Hà NộiXem bản đồ","4,6 tỷ - 45 m2"
35 m²,3 phòng,,,"Nhà ngõ, hẻm",,,"157,14 triệu/m²",,,Hẻm xe hơi,,,ha-noi,"Bán nhà mới đẹp phố Phú Xá ngõ ô tô, nhìn sang KĐT Ciputra tháng sáng",,"Phố Phú Xá, Phường Phú Thượng, Quận Tây Hồ, Hà NộiXem bản đồ","5,5 tỷ - 35 m2"
40 m²,3 phòng,,Đã có sổ,"Nhà ngõ, hẻm",,,200 triệu/m²,,,Hẻm xe hơi,Nội thất cao cấp,,ha-noi,Nhà Phố Ái Mộ Thang Máy Nội Thất Cao Cấp Chỉ 8 Tỷ,,"Ái Mộ, Phường Bồ Đề, Quận Long Biên, Hà NộiXem bản đồ",8 tỷ - 40 m2
58 m²,4 phòng,,Đã có sổ,"Nhà ngõ, hẻm",4.7 m,,"107,76 triệu/m²",,4,,Nội thất đầy đủ,,ha-noi,💥Nhỉnh 6 tỷ-Siêu phẩm Dịch Vọng-Cầu Giấy💥Tặng full nội thất-Nhà thật🌹,,"Nguyễn Khánh Toàn, Phường Dịch Vọng, Quận Cầu Giấy, Hà NộiXem bản đồ","6,25 tỷ - 58 m2"
24 m²,2 phòng,3 phòng,Đã có sổ,"Nhà ngõ, hẻm",,,"127,08 triệu/m²",,4,,,,ha-noi,MẶT NGÕ THẲNG TẮP - MỘT BƯỚC RA PHỐ - GỐC LÕI ĐỐNG ĐA - GIẢNG VÕ HÓT H,,"Phố Giảng Võ, Phường Cát Linh, Quận Đống Đa, Hà NộiXem bản đồ","3,05 tỷ - 24 m2"
58 m²,4 phòng,,Đã có sổ,"Nhà mặt phố, mặt tiền",4.2 m,,"232,76 triệu/m²",,5,Hẻm xe hơi,,,ha-noi,13.5 tỷ - VIP MẶT PHỐ - NHÀ MỚI -Ô TÔ TRÁNH - KINH DOANH. 58m2*MT4.2m,,"Hoàng Văn Thái, Phường Khương Mai, Quận Thanh Xuân, Hà NộiXem bản đồ","13,5 tỷ - 58 m2"
35 m²,3 phòng,,Đã có sổ,"Nhà mặt phố, mặt tiền",,,"257,14 triệu/m²",Nam,3,,Nội thất đầy đủ,,ha-noi,9 TỶ- HOA HẬU ĐỐNG ĐA- KINH DOANH ĐỈNH- LÔ GÓC- ÔTÔ ĐỖ CỬA- SÁT PHỐ,,"Chùa Bộc, Phường Quang Trung, Quận Đống Đa, Hà NộiXem bản đồ",9 tỷ - 35 m2
34 m²,3 phòng,4 phòng,Đã có sổ,"Nhà ngõ, hẻm",,,"114,71 triệu/m²",,5,,Nội thất cao cấp,,ha-noi,"Bán nhà Kim Giang, Hoàng Mai: 34m2*5T chỉ 3 tỷ 9 nhà mới ở luôn 5 tầng",,"Kim Giang, Phường Đại Kim, Quận Hoàng Mai, Hà NộiXem bản đồ","3,9 tỷ - 34 m2"
34 m²,4 phòng,4 phòng,Đã có sổ,"Nhà ngõ, hẻm",,,"107,35 triệu/m²",,5,,Nội thất cao cấp,,ha-noi,"3,65 TỶ NHÀ LĨNH NAM 34M 5T 4 NGỦ FULL NỘI THẤT",,"LĨNH NAM, Phường Lĩnh Nam, Quận Hoàng Mai, Hà NộiXem bản đồ","3,65 tỷ - 34 m2"
56 m²,3 phòng,,Đã có sổ,"Nhà ngõ, hẻm",5 m,,"196,43 triệu/m²",Nam,6,,,,ha-noi,11 tỷ - NHÀ MỚI 6 TẦNG THANG MÁY - ÔTÔ 16 CHỖ VÀO NHÀ - 2 THOÁNG ĐẸP,,"Hoàng Văn Thái, Phường Khương Mai, Quận Thanh Xuân, Hà NộiXem bản đồ",11 tỷ - 56 m2
50 m²,4 phòng,,,"Nhà ngõ, hẻm",4.6 m,,174 triệu/m²,,6,Nở hậu,,,ha-noi,NHÀ MỚI Ở NGAY PHỐ CẦU GIẤY -6TẦNG THANG MÁY- 50M*MT4.6*GIÁ 8.7 TỶ,,"Cầu Giấy, Phường Nghĩa Đô, Quận Cầu Giấy, Hà NộiXem bản đồ","8,7 tỷ - 50 m2"
30 m²,4 phòng,4 phòng,,"Nhà ngõ, hẻm",3.2 m,,100 triệu/m²,,3,,Nội thất đầy đủ,,ha-noi,"BÁN NHÀ VĂN CHƯƠNG, NHÀ ĐẸP LÔ GÓC THOÁNG MÁT, GIÁ CHỈ 3 TỶ.",,"Ngõ Văn Chương, Phường Văn Chương, Quận Đống Đa, Hà NộiXem bản đồ",3 tỷ - 30 m2
52 m²,5 phòng,6 phòng,,"Nhà ngõ, hẻm",5.1 m,,"209,62 triệu/m²",,6,,,7 m,ha-noi,"NHÀ ĐẸP TRUNG KÍNH- NỘI THẤT SỊN- THANG MÁY. 52M*7T*MT5,1*GIÁ 10.9 TỶ",,"Trung Kính, Phường Trung Hoà, Quận Cầu Giấy, Hà NộiXem bản đồ","10,9 tỷ - 52 m2"
62 m²,8 phòng,6 phòng,Đã có sổ,"Nhà ngõ, hẻm",,62 m²,"83,87 triệu/m²",,5,,,,ha-noi,🔥CHỈ 5.2 TỶ DT 62m x 5 TẦNG 8 PHÒNG NGỦ..👉 PHỐ HOÀNG MAI,,"Hoàng Mai, Phường Hoàng Văn Thụ, Quận Hoàng Mai, Hà NộiXem bản đồ","5,2 tỷ - 62 m2"
200 m²,6 phòng,,Đã có sổ,"Nhà mặt phố, mặt tiền",,200 m²,205 triệu/m²,,,,,,ha-noi,Tòa nhà Văn phòng mặt phố_Long Biên_200m2 6 tầng_Thang máy_Cho thuê 60,,"undefined, Phường Phúc Lợi, Quận Long Biên, Hà NộiXem bản đồ",41 tỷ - 200 m2
45 m²,3 phòng,5 phòng,Đã có sổ,"Nhà ngõ, hẻm",4.3 m,,"217,78 triệu/m²",,6,,,,ha-noi,VIP QUẬN THANH XUÂN- NHÀ MỚI 6 TẦNG THANG MÁY GARA ÔTÔ. GIÁ CHỈ 9.8 TỶ,,"Cù Chính Lan, Phường Khương Mai, Quận Thanh Xuân, Hà NộiXem bản đồ","9,8 tỷ - 45 m2"
42 m²,4 phòng,,,"Nhà ngõ, hẻm",,,"109,52 triệu/m²",,,,,,ha-noi,"Thật 100%, bán nhà Cầu Giấy dưới 5 tỷ, ngõ ôtô, view hồ, gần phố",,"Yên Hoà, Phường Yên Hoà, Quận Cầu Giấy, Hà NộiXem bản đồ","4,6 tỷ - 42 m2"
75 m²,4 phòng,3 phòng,Đã có sổ,"Nhà ngõ, hẻm",,,"31,33 triệu/m²",,3,,Nội thất đầy đủ,,ha-noi,"CĂN NHÀ 75m2 cách KĐT ĐÔ NGHĨA 2,5km giá nhỉnh 2tỷ",,"Tình Lam, Xã Đại Thành, Huyện Quốc Oai, Hà NộiXem bản đồ","2,35 tỷ - 75 m2"
50 m²,6 phòng,4 phòng,Đã có sổ,"Nhà mặt phố, mặt tiền",,,186 triệu/m²,,5,,Nội thất đầy đủ,,ha-noi,Bán Nhà Khương Hạ PL Cán Bộ 50m2 5T ô tô tránh,,"Nguyễn Trãi, Phường Khương Đình, Quận Thanh Xuân, Hà NộiXem bản đồ","9,3 tỷ - 50 m2"
35 m²,3 phòng,3 phòng,Đã có sổ,"Nhà ngõ, hẻm",,,"148,57 triệu/m²",,5,,Nội thất đầy đủ,,ha-noi,"Hiếm Thái Hà, ngõ oto 3m- sát phố . Ở được luôn 35m*5T",,"Phố Hoàng Cầu, Phường Trung Liệt, Quận Đống Đa, Hà NộiXem bản đồ","5,2 tỷ - 35 m2"
35 m²,3 phòng,4 phòng,,"Nhà ngõ, hẻm",3.5 m,,"98,29 triệu/m²",,5,,,10 m,ha-noi,PHỐ LĨNH NAM -NHÀ MỚI ĐẸP -THIẾT KẾ HIỆN ĐẠI - KU VỰC NHIỀU TIỆN ÍCH,,"Lĩnh Nam , Phường Vĩnh Hưng, Quận Hoàng Mai, Hà NộiXem bản đồ","3,44 tỷ - 35 m2"
18 m²,2 phòng,,Đã có sổ,"Nhà ngõ, hẻm",,20 m²,"87,78 triệu/m²",,,,,,ha-noi,NHỎ TIỀN HK ĐỐNG ĐA 20M x 4 TẦNG Ở LUÔN SỔ ĐỎ CC,,"Văn Hương, Phường Văn Chương, Quận Đống Đa, Hà NộiXem bản đồ","1,58 tỷ - 18 m2"
35 m²,4 phòng,,Đã có sổ,"Nhà ngõ, hẻm",5 m,,"155,71 triệu/m²",,5,,Nội thất cao cấp,,ha-noi,BÁN NHÀ TÂY HỒ 35m NHÀ MỚI BA BƯỚC RA ÔTÔ TRÁNH RA HỒ TÂY CỰC RẺ HIẾM,,"Đào Tấn, Phường Liễu Giai, Quận Ba Đình, Hà NộiXem bản đồ","5,45 tỷ - 35 m2"
202 m²,5 phòng,4 phòng,,Nhà biệt thự,,,"64,36 triệu/m²",Đông Nam,2,,Nội thất cao cấp,,ha-noi,"BÁN BIỆT THỰ SÂN VƯỜN 2.5 TẦNG PHỐ VÂN NỘI - ĐÔNG ANH, 250m2, 13 tỷ",,"đường 23B, Xã Vân Nội, Huyện Đông Anh, Hà NộiXem bản đồ",13 tỷ - 202 m2
65 m²,2 phòng,1 phòng,Đã có sổ,"Nhà ngõ, hẻm",,65 m²,"28,46 triệu/m²",,,,,,ha-noi,TT 125A Minh Khai_Hoà Bình 7 S: 65M2 GIÁ 1.85 tỷ,,"Phố Minh Khai, Phường Minh Khai, Quận Hai Bà Trưng, Hà NộiXem bản đồ","1,85 tỷ - 65 m2"
44 m²,4 phòng,3 phòng,Đã có sổ,"Nhà ngõ, hẻm",,,"68,18 triệu/m²",Đông Nam,4,,,,ha-noi,bán nhà Vân Canh - cực đẹp - diện tích hơn 40m2 - xây đơn lập,,"Ngõ 279 Đường 422B, Xã Vân Canh, Huyện Hoài Đức, Hà NộiXem bản đồ",3 tỷ - 44 m2
40 m²,3 phòng,4 phòng,Đã có sổ,"Nhà ngõ, hẻm",,,"102,5 triệu/m²",,5,,Nội thất đầy đủ,,ha-noi,"BÁN NHÀ NGỌC HÀ, NHÀ MỚI, NGÕ THOÁNG, GẦN PHỐ, 40M2, NHỈNH 4 TỶ.",,"Ngõ 158 Ngọc Hà, Phường Ngọc Hà, Quận Ba Đình, Hà NộiXem bản đồ","4,1 tỷ - 40 m2"
42 m²,3 phòng,3 phòng,Đã có sổ,"Nhà ngõ, hẻm",,,"102,14 triệu/m²",,4,,Nội thất đầy đủ,,ha-noi,"Bán nhà Thái Thịnh! Ngõ nông, 2 thoáng, gần phố, KD, ở ngay, 42m2*4T",,"Thái Thịnh, Phường Thịnh Quang, Quận Đống Đa, Hà NộiXem bản đồ","4,29 tỷ - 42 m2"
121 m²,5 phòng,4 phòng,Đã có sổ,Nhà biệt thự,,121 m²,"37,19 triệu/m²",,3,,,,ha-noi,BIỆT THỰ RẺ NHẤT LONG BIÊN 121M2 LÔ GÓC MT 11M GIÁ NHỈNH 4.5 TỶ,,"Phố Bắc Cầu, Phường Ngọc Thụy, Quận Long Biên, Hà NộiXem bản đồ","4,5 tỷ - 121 m2"
80 m²,5 phòng,,Đã có sổ,"Nhà ngõ, hẻm",,,135 triệu/m²,,5,Hẻm xe hơi,Nhà trống,,ha-noi,BÁN NHÀ THẠCH BÀN LONG BIÊN 80M2 5TẦNG THANG MÁY ÔTÔ KINH DOANH 10.8TỶ,,"Ngọc Trì, Phường Thạch Bàn, Quận Long Biên, Hà NộiXem bản đồ","10,8 tỷ - 80 m2"
32 m²,3 phòng,,,"Nhà ngõ, hẻm",,,"120,31 triệu/m²",,,,,,ha-noi,"Bán nhà phố Phú Thượng thiết kế cực đẹp, gần trường THPT Tây Hồ, UBND",,"Phố Phú Xá, Phường Phú Thượng, Quận Tây Hồ, Hà NộiXem bản đồ","3,85 tỷ - 32 m2"
45 m²,3 phòng,,Đã có sổ,"Nhà ngõ, hẻm",,,"106,67 triệu/m²",,4,Hẻm xe hơi,Nhà trống,,ha-noi,BÁN NHÀ SÀI ĐỒNG LONG BIÊN LÔ GÓC NGÕ ÔTÔ KINH DOANH 45M2 4TẦNG 4.8TỶ,,"Phố Vũ Xuân Thiều, Phường Sài Đồng, Quận Long Biên, Hà NộiXem bản đồ","4,8 tỷ - 45 m2"
30 m²,4 phòng,4 phòng,,"Nhà ngõ, hẻm",,,"163,33 triệu/m²",Tây Nam,6,,Nội thất đầy đủ,,ha-noi,4.9 ỷ ngõ 21Lê Văn Lương –Quận Thanh Xuân 30m2 6 tầng ngõ thoáng thông,,"Lương Thế Vinh, Phường Nhân Chính, Quận Thanh Xuân, Hà NộiXem bản đồ","4,9 tỷ - 30 m2"
36 m²,3 phòng,4 phòng,Đã có sổ,"Nhà ngõ, hẻm",,,"116,39 triệu/m²",,5,,Nội thất cao cấp,,ha-noi,"Lô góc phố Trung Phụng, 3 mặt thoáng, gõ ba gác, KD, ở ngay, 36m2*5T",,"Thổ Quan, Phường Trung Phụng, Quận Đống Đa, Hà NộiXem bản đồ","4,19 tỷ - 36 m2"
50 m²,3 phòng,4 phòng,Đã có sổ,"Nhà ngõ, hẻm",,,150 triệu/m²,,6,,Nội thất cao cấp,,ha-noi,50m x 6Tầng Thang Máy - Kim Mã - 20m Ô Tô Tránh - Dân Trí - Tiện Ích,,"Phố Kim Mã, Phường Ngọc Khánh, Quận Ba Đình, Hà NộiXem bản đồ","7,5 tỷ - 50 m2"
33 m²,3 phòng,4 phòng,Đã có sổ,"Nhà ngõ, hẻm",,,"105,15 triệu/m²",,5,,Nội thất cao cấp,,ha-noi,BÁN NHÀ HOÀNG MAI LÔ GÓC NGÕ NÔNG GIÁ QUÁ RẺ CÁCH MẶT PHỐ 20M,,"Lĩnh Nam, Phường Hoàng Văn Thụ, Quận Hoàng Mai, Hà NộiXem bản đồ","3,47 tỷ - 33 m2"
48 m²,4 phòng,3 phòng,Đã có sổ,"Nhà ngõ, hẻm",,48 m²,"153,13 triệu/m²",,4,,,,ha-noi,"BÁN nhà ĐÀO TẤN, khu PHÂN LÔ nhà MỚI ở ngay DT: 48 m2 5 tầng",,"Phố Đào Tấn, Phường Cống Vị, Quận Ba Đình, Hà NộiXem bản đồ","7,35 tỷ - 48 m2"
47 m²,4 phòng,,,"Nhà ngõ, hẻm",,,"117,02 triệu/m²",,,,,,ha-noi,"Bán nhà mới phố Yên Hoa ngõ thông Yên Phụ, vài bước hồ Tây, 15p phố cổ",,"Phố Yên Hoa, Phường Yên Phụ, Quận Tây Hồ, Hà NộiXem bản đồ","5,5 tỷ - 47 m2"
60 m²,5 phòng,3 phòng,,"Nhà ngõ, hẻm",,240 m²,"105,83 triệu/m²",,,,,,ha-noi,Bán Đất tặng nhà Xã Đàn - Cách ô tô 5 M - Nhà Thoáng,,"Xã Đàn, Phường Kim Liên, Quận Đống Đa, Hà NộiXem bản đồ","6,35 tỷ - 60 m2"
50 m²,6 phòng,4 phòng,,"Nhà mặt phố, mặt tiền",,50 m²,132 triệu/m²,,5,,,,ha-noi,"Bán nhà ĐỘI CẤN đầu phố LIẾU GIAI, DT 50 m2, 5 tầng 6.6 tỷ, 10 RA PHỐ",,"Phố Đội Cấn, Phường Cống Vị, Quận Ba Đình, Hà NộiXem bản đồ","6,6 tỷ - 50 m2"
60 m²,5 phòng,3 phòng,,"Nhà ngõ, hẻm",,240 m²,"105,83 triệu/m²",,,,,,ha-noi,Bán Đất tặng nhà Xã Đàn - Cách ô tô 5 M - Nhà Thoáng,,"Xã Đàn, Phường Kim Liên, Quận Đống Đa, Hà NộiXem bản đồ","6,35 tỷ - 60 m2"
50 m²,6 phòng,4 phòng,,"Nhà mặt phố, mặt tiền",,50 m²,132 triệu/m²,,5,,,,ha-noi,"Bán nhà ĐỘI CẤN đầu phố LIẾU GIAI, DT 50 m2, 5 tầng 6.6 tỷ, 10 RA PHỐ",,"Phố Đội Cấn, Phường Cống Vị, Quận Ba Đình, Hà NộiXem bản đồ","6,6 tỷ - 50 m2"
62 m²,5 phòng,5 phòng,Đã có sổ,"Nhà mặt phố, mặt tiền",,,"158,06 triệu/m²",,6,,Nội thất cao cấp,,ha-noi,"CẦN BÁN GẤP - NHÀ PHÂN LÔ- KĐT ĐẠI KIM-HOÀNG MAI 62M2X5T GIÁ 9,8TỶ",,"Phố Nguyễn Cảnh Dị, Phường Đại Kim, Quận Hoàng Mai, Hà NộiXem bản đồ","9,8 tỷ - 62 m2"
72 m²,4 phòng,4 phòng,Đã có sổ,"Nhà mặt phố, mặt tiền",,72 m²,"145,83 triệu/m²",,4,,,,ha-noi,BÁN NHÀ KINH DOANH ĐỈNH–HOÀNG VĂN THÁI- 72M X4T GIÁ 10.5 TỶ -ÔTÔ TRÁNH,,"HOÀNG VĂN THÁI, Phường Khương Trung, Quận Thanh Xuân, Hà NộiXem bản đồ","10,5 tỷ - 72 m2"
42 m²,4 phòng,4 phòng,,"Nhà ngõ, hẻm",,42 m²,"97,62 triệu/m²",,5,,,,ha-noi,"CẦN BÁN NHÀ NGÕ 634 KIM GIANG 42M X5T GIÁ 4,1 TỶ GIÁP KĐT LINH ĐÀM",,"kim giang, Xã Thanh Liệt, Huyện Thanh Trì, Hà NộiXem bản đồ","4,1 tỷ - 42 m2"
44 m²,4 phòng,4 phòng,,"Nhà ngõ, hẻm",,44 m²,"118,18 triệu/m²",,5,,,,ha-noi,"BÁN NHÀ PHỐ ĐẠI TỪ- HOÀNG MAI 44M2X5T- 5,2 TỶ GẦN HỒ LINH ĐÀM .",,"Phố Đại Từ, Phường Đại Kim, Quận Hoàng Mai, Hà NộiXem bản đồ","5,2 tỷ - 44 m2"
51 m²,4 phòng,4 phòng,,"Nhà ngõ, hẻm",,51 m²,"113,73 triệu/m²",,5,,,,ha-noi,CHÍNH CHỦ CẦN BÁN NHÀ PHỐ LÊ TRỌNG TẤN- THANH XUÂN 51M X5T GIÁ 5.8TỶ,,"LÊ TRỌNG TẤN, Phường Khương Mai, Quận Thanh Xuân, Hà NộiXem bản đồ","5,8 tỷ - 51 m2"
80 m²,4 phòng,5 phòng,Đã có sổ,"Nhà mặt phố, mặt tiền",,,"193,75 triệu/m²",,4,,Nội thất đầy đủ,,ha-noi,"Kinh doanh thua lỗ BÁN nhà MẶT TIỀN , TRUNG TÂM ở Hà Đông giá 15,5 tỷ",,"Mỗ Lao, Phường Mộ Lao, Quận Hà Đông, Hà NộiXem bản đồ","15,5 tỷ - 80 m2"
39 m²,4 phòng,4 phòng,Đã có sổ,"Nhà ngõ, hẻm",4.5 m,,"88,46 triệu/m²",,5,,,,ha-noi,"CẦN BÁN NHÀ ĐỊNH CÔNG THƯỢNG 39m-4,5T giá 3,45tỷ -Ô Tô Gần",,"Định Công Thượng, Phường Định Công, Quận Hoàng Mai, Hà NộiXem bản đồ","3,45 tỷ - 39 m2"
54 m²,4 phòng,,Đã có sổ,"Nhà ngõ, hẻm",,54 m²,"107,41 triệu/m²",,5,,Nội thất cao cấp,,ha-noi,"CẦN BÁN NHÀ PHỐ KIM GIANG- THANH XUÂN DT54MX5T 5,8 TỶ GẦN NGÃ TƯ SỞ.",,"KIM GIANG, Phường Kim Giang, Quận Thanh Xuân, Hà NộiXem bản đồ","5,8 tỷ - 54 m2"
75 m²,6 phòng,5 phòng,Đã có sổ,"Nhà mặt phố, mặt tiền",,,"166,67 triệu/m²",,5,,Nội thất cao cấp,,ha-noi,"PHÂN LÔ ĐỀN LỪ - OTO TRÁNH - KINH DOANH ĐỈNH- DT 75MX6T GIÁ 12,5 TỶ .",,"Phố Tân Mai, Phường Hoàng Văn Thụ, Quận Hoàng Mai, Hà NộiXem bản đồ","12,5 tỷ - 75 m2"
38 m²,4 phòng,5 phòng,,"Nhà ngõ, hẻm",,38 m²,"107,89 triệu/m²",,5,,,,ha-noi,"BÁN NHÀ ĐẠI TỪ -HOÀNG MAI 38M2 X5 TẦNG GIÁ 4,1 TỶ Ô TÔ ĐỖ",,"đại từ, Phường Đại Kim, Quận Hoàng Mai, Hà NộiXem bản đồ","4,1 tỷ - 38 m2"
43 m²,3 phòng,4 phòng,Đã có sổ,"Nhà ngõ, hẻm",,43 m²,"122,09 triệu/m²",,5,,,,ha-noi,43m x 5 Tầng - Kim Mã - Ngõ Nông - Gần Phố - Tiện Ích Đỉnh - Dân Trí,,"Phố Kim Mã, Phường Ngọc Khánh, Quận Ba Đình, Hà NộiXem bản đồ","5,25 tỷ - 43 m2"
75 m²,5 phòng,,,"Nhà mặt phố, mặt tiền",,,292 triệu/m²,,7,,,,ha-noi,BÁN NHÀ PHỐ VĂN CAO 75M OTO THANG MÁY KINH DOANH GIÁ HƠN 21 TỶ,,"Văn Cao, Phường Vĩnh Phúc, Quận Ba Đình, Hà NộiXem bản đồ","21,9 tỷ - 75 m2"
45 m²,4 phòng,4 phòng,Đã có sổ,"Nhà ngõ, hẻm",,,"85,56 triệu/m²",Đông Nam,4,,,,ha-noi,🏡 Bán Nhà 4 Tầng Bát Khối- 45m- Ngõ Oto - Aeon Cầu Vĩnh Tuy - 3.85 Tỷ,,"Đường Bát Khối, Phường Long Biên, Quận Long Biên, Hà NộiXem bản đồ","3,85 tỷ - 45 m2"
45 m²,5 phòng,,Đã có sổ,"Nhà mặt phố, mặt tiền",,,104 triệu/m²,,,,,,ha-noi,"BÁN NHÀ KHƯƠNG TRUNG, PLÔ ÔTÔ, NỘI THẤT VIP, 45M x5T, MT4M, 4.68 TỶ",,"Khương Trung, Phường Khương Trung, Quận Thanh Xuân, Hà NộiXem bản đồ","4,68 tỷ - 45 m2"
38 m²,4 phòng,,Đã có sổ,"Nhà mặt phố, mặt tiền",,,"205,26 triệu/m²",,,,,,ha-noi,PHÂN LÔ QUÂN ĐỘI - LÔ GÓC - 7 TẦNG THANG MÁY - TẶNG FULL NỘI THẤT,,"Vương Thừa Vũ, Phường Khương Trung, Quận Thanh Xuân, Hà NộiXem bản đồ","7,8 tỷ - 38 m2"
55 m²,nhiều hơn 10 phòng,,,"Nhà ngõ, hẻm",,,"172,73 triệu/m²",,,,,,ha-noi,"BÁN NHÀ CẦU GIẤY, ÔTÔ, THANG MÁY, DÒNG TIỀN 70 TRIỆU/ THÁNG, 9.5 TỶ",,"Cầu Giấy, Phường Quan Hoa, Quận Cầu Giấy, Hà NộiXem bản đồ","9,5 tỷ - 55 m2"
60 m²,4 phòng,3 phòng,Đã có sổ,"Nhà ngõ, hẻm",,,"91,67 triệu/m²",,5,,Nội thất đầy đủ,,ha-noi,"NHỈNH 5 TỶ - BÁN NHANH NHÀ LIỄU GIAI BA ĐÌNH 60M2 LOGOC, FULL NỘI THẤT",,"KIM MÃ, Phường Kim Mã, Quận Ba Đình, Hà NộiXem bản đồ","5,5 tỷ - 60 m2"
70 m²,2 phòng,2 phòng,Đã có sổ,"Nhà ngõ, hẻm",,,"82,86 triệu/m²",,3,,Nội thất đầy đủ,,ha-noi,Bán nhà Ngọc Thuỵ 70m2 vị trí đẹp oto vào nhà ngõ nông 5.8 tỷ,,"Ngọc Thụy, Phường Ngọc Thụy, Quận Long Biên, Hà NộiXem bản đồ","5,8 tỷ - 70 m2"
55 m²,nhiều hơn 10 phòng,,,"Nhà ngõ, hẻm",,,"172,73 triệu/m²",,,,,,ha-noi,"BÁN NHÀ CẦU GIẤY, ÔTÔ, THANG MÁY, DÒNG TIỀN 70 TRIỆU/ THÁNG, 9.5 TỶ",,"Cầu Giấy, Phường Quan Hoa, Quận Cầu Giấy, Hà NộiXem bản đồ","9,5 tỷ - 55 m2"
60 m²,4 phòng,3 phòng,Đã có sổ,"Nhà ngõ, hẻm",,,"91,67 triệu/m²",,5,,Nội thất đầy đủ,,ha-noi,"NHỈNH 5 TỶ - BÁN NHANH NHÀ LIỄU GIAI BA ĐÌNH 60M2 LOGOC, FULL NỘI THẤT",,"KIM MÃ, Phường Kim Mã, Quận Ba Đình, Hà NộiXem bản đồ","5,5 tỷ - 60 m2"
70 m²,2 phòng,2 phòng,Đã có sổ,"Nhà ngõ, hẻm",,,"82,86 triệu/m²",,3,,Nội thất đầy đủ,,ha-noi,Bán nhà Ngọc Thuỵ 70m2 vị trí đẹp oto vào nhà ngõ nông 5.8 tỷ,,"Ngọc Thụy, Phường Ngọc Thụy, Quận Long Biên, Hà NộiXem bản đồ","5,8 tỷ - 70 m2"
40 m²,3 phòng,,,"Nhà ngõ, hẻm",4 m,,"148,75 triệu/m²",,,,,,ha-noi,bán nhà 5T 40m2 ngõ Cầu Giấy cách oôt đỗ 15m,,"Cầu Giấy , Phường Dịch Vọng, Quận Cầu Giấy, Hà NộiXem bản đồ","5,95 tỷ - 40 m2"
36 m²,3 phòng,,Đã có sổ,"Nhà ngõ, hẻm",,36 m²,"109,72 triệu/m²",,,,,,ha-noi,"Nhà đẹp đón tết, sát phố ô tô✅",,"Đường Giải Phóng, Phường Hoàng Liệt, Quận Hoàng Mai, Hà NộiXem bản đồ","3,95 tỷ - 36 m2"
40 m²,3 phòng,4 phòng,Đã có sổ,"Nhà mặt phố, mặt tiền",,,115 triệu/m²,,5,,Nội thất đầy đủ,,ha-noi,"40m NHÀ DƯƠNG VĂN BÉ 5T THÔNG, Ô TÔ ĐỖ CỬA, KINH DOANH nhỉnh 4tỷ",,"Phố Vĩnh Tuy, Phường Vĩnh Tuy, Quận Hai Bà Trưng, Hà NộiXem bản đồ","4,6 tỷ - 40 m2"
58 m²,4 phòng,,Đã có sổ,"Nhà ngõ, hẻm",,240 m²,"87,93 triệu/m²",,,,,,ha-noi,BÁN GẤP NHÀ XÃ ĐÀN 58M - GIÁ THỎA THUẬN,,"Ngõ 81 Xã Đàn, Phường Phương Liên, Quận Đống Đa, Hà NộiXem bản đồ","5,1 tỷ - 58 m2"
50 m²,4 phòng,3 phòng,Đã có sổ,"Nhà ngõ, hẻm",,,210 triệu/m²,,4,,Nội thất đầy đủ,,ha-noi,"BÁN NHÀ PHỐ PHAN ĐÌNH PHÙNG, BA ĐÌNH,PHỐ ĐẸP HÀ NỘI, 50M,10,5 TỶ",,"Phan Đình Phùng, Phường Quán Thánh, Quận Ba Đình, Hà NộiXem bản đồ","10,5 tỷ - 50 m2"
35 m²,3 phòng,,Đã có sổ,"Nhà ngõ, hẻm",,,"128,57 triệu/m²",,,,Nội thất đầy đủ,,ha-noi,NHÀ ĐẸP ĐÓN TẾT VŨ TRỌNG PHỤNG 35M x 5 TẦNG LÔ GÓC GẦN PHỐ HƠN 4 TỶ,,"Vũ Trọng Phụng, Phường Thanh Xuân Trung, Quận Thanh Xuân, Hà NộiXem bản đồ","4,5 tỷ - 35 m2"
38 m²,3 phòng,4 phòng,Đã có sổ,"Nhà ngõ, hẻm",,,"110,26 triệu/m²",,4,,Nội thất cao cấp,,ha-noi,"Có 102! Nhà Xã Đàn, 2 thoáng, gần phố, nội thất vip, ở ngay, 39m*5T",,"Xã Đàn, Phường Ô Chợ Dừa, Quận Đống Đa, Hà NộiXem bản đồ","4,19 tỷ - 38 m2"
35 m²,4 phòng,5 phòng,Đã có sổ,"Nhà ngõ, hẻm",,,"91,43 triệu/m²",,5,,Nội thất đầy đủ,,ha-noi,3.2tỷ nhà Phú Diễn-gần ĐH Tài Nguyên-35m2-5 tầng-oto đỗ gần,,"Đường Phú Diễn, Phường Phú Diễn, Quận Bắc Từ Liêm, Hà NộiXem bản đồ","3,2 tỷ - 35 m2"
32 m²,3 phòng,,,"Nhà ngõ, hẻm",,,"65,63 triệu/m²",,,,,,ha-noi,"Bán nhà Đồng Mai- Gần bến xe Yên Nghĩa- Hà Đông, ôtô sát nhà hơn 2 tỷ",,"Quốc lộ 6, Phường Đồng Mai, Quận Hà Đông, Hà NộiXem bản đồ","2,1 tỷ - 32 m2"
35 m²,4 phòng,,Đã có sổ,"Nhà ngõ, hẻm",,,120 triệu/m²,,5,,Nội thất đầy đủ,,ha-noi,"4,2 tỷ nhà Xuân Đỉnh-35m2-5 tầng-oto đỗ cổng-có thể kd online",,"Đường Xuân Đỉnh, Phường Xuân Đỉnh, Quận Bắc Từ Liêm, Hà NộiXem bản đồ","4,2 tỷ - 35 m2"
53 m²,4 phòng,,Đã có sổ,"Nhà ngõ, hẻm",,,"120,75 triệu/m²",,5,Hẻm xe hơi,,,ha-noi,BÁN NHÀ PHƯỜNG SÀI ĐỒNG 53M2 5 TẦNG GẦN HỒ LÔ GÓC NGÕ Ô TÔ 6.4 TỶ,,"Ngõ 42 Sài Đồng, Phường Sài Đồng, Quận Long Biên, Hà NộiXem bản đồ","6,4 tỷ - 53 m2"
65 m²,5 phòng,,Đã có sổ,"Nhà ngõ, hẻm",6 m,,"184,31 triệu/m²",,6,,Nội thất cao cấp,,ha-noi,CHÍNH CHỦ CẤN BÁN GẤP NHÀ CẦU GIẤY 65m Ô TÔ VÀO NHÀ THANG MÁY NHÀ MỚI,,"Trần cung, Phường Nghĩa Đô, Quận Cầu Giấy, Hà NộiXem bản đồ","11,98 tỷ - 65 m2"
60 m²,5 phòng,6 phòng,Đã có sổ,"Nhà ngõ, hẻm",,,"183,33 triệu/m²",,7,,Nội thất đầy đủ,,ha-noi,"BÁN NHÀ TÂY HỒ, NHÀ MỚI ĐÓN TẾT, Ô TÔ ĐỖ CỬA, NGÕ THÔNG,60M, CHỈ 11TỶ",,"Đường Thụy Khuê, Phường Bưởi, Quận Tây Hồ, Hà NộiXem bản đồ",11 tỷ - 60 m2
25 m²,2 phòng,3 phòng,Đã có sổ,"Nhà ngõ, hẻm",,,128 triệu/m²,,4,,Nội thất đầy đủ,,ha-noi,"BÁN NHÀ NGUYỄN LƯƠNG BẰNG 25M, ĐỐNG ĐA, NHÀ ĐẸP, NGÕ NÔNG. GIÁ 3,2 TỶ",,"Nguyễn Lương Bằng, Phường Ô Chợ Dừa, Quận Đống Đa, Hà NộiXem bản đồ","3,2 tỷ - 25 m2"
100 m²,1 phòng,1 phòng,Đã có sổ,"Nhà ngõ, hẻm",5 m,,"42,5 triệu/m²",,1,,,,ha-noi,Thanh Trì bán ĐẤT tặng nhà 2 mặt phân lô Ô tô tránh 100m2 4.25 tỷ,,"Đông mỹ, Xã Vạn Phúc, Huyện Thanh Trì, Hà NộiXem bản đồ","4,25 tỷ - 100 m2"
45 m²,3 phòng,3 phòng,Đã có sổ,"Nhà ngõ, hẻm",,,"124,44 triệu/m²",,4,,Nội thất cao cấp,,ha-noi,Nhà Hoàng Cầu 45m 5 tầng mới xây oto đỗ cửa hơn 5 tỷ,,"Phố Hoàng Cầu, Phường Ô Chợ Dừa, Quận Đống Đa, Hà NộiXem bản đồ","5,6 tỷ - 45 m2"
52 m²,5 phòng,6 phòng,Đã có sổ,"Nhà ngõ, hẻm",,,"207,69 triệu/m²",,7,,Nội thất đầy đủ,,ha-noi,"BÁN NHÀ TÂY HỒ, NGÕ THÔNG, Ô TÔ ĐỖ CỬA, 30M RA PHỐ, 52M2, CHỈ 10 TỶ.",,"Đường Thụy Khuê, Phường Bưởi, Quận Tây Hồ, Hà NộiXem bản đồ","10,8 tỷ - 52 m2"
52 m²,5 phòng,6 phòng,Đã có sổ,"Nhà ngõ, hẻm",,,"207,69 triệu/m²",,7,,Nội thất đầy đủ,,ha-noi,"BÁN NHÀ TÂY HỒ, NGÕ THÔNG, Ô TÔ ĐỖ CỬA, 30M RA PHỐ, 52M2, CHỈ 10 TỶ.",,"Đường Thụy Khuê, Phường Bưởi, Quận Tây Hồ, Hà NộiXem bản đồ","10,8 tỷ - 52 m2"
60 m²,5 phòng,,,"Nhà mặt phố, mặt tiền",,,350 triệu/m²,,10,,,,ha-noi,BÁN NHÀ MẶT PHỐ ĐỘI CẤN 60M- KINH DOANH-THANG MÁY GIÁ 21 TỶ,,"Đội Cấn, Phường Đội Cấn, Quận Ba Đình, Hà NộiXem bản đồ",21 tỷ - 60 m2
35 m²,4 phòng,3 phòng,Đã có sổ,"Nhà mặt phố, mặt tiền",,,80 triệu/m²,,5,,Nội thất đầy đủ,,ha-noi,Nhà di trạch ô tô đỗ gần mặt khu đô thị.,,"Đường Di Trạch, Xã Di Trạch, Huyện Hoài Đức, Hà NộiXem bản đồ","2,8 tỷ - 35 m2"
55 m²,4 phòng,3 phòng,Đã có sổ,"Nhà ngõ, hẻm",,,"105,45 triệu/m²",,5,,Nội thất đầy đủ,,ha-noi,"CHÍNH CHỦ BÁN GẤP NHÀ KIM MÃ 5 TẦNG 55M2,LOGOC 30M RA PHỐ - GIÁ 5,8 TỶ",,"KIM MÃ, Phường Kim Mã, Quận Ba Đình, Hà NộiXem bản đồ","5,8 tỷ - 55 m2"
42 m²,3 phòng,,Đã có sổ,"Nhà ngõ, hẻm",3.4 m,,"92,86 triệu/m²",,5,,Nội thất đầy đủ,,ha-noi,"BÁN NHÀ ĐỊNH CÔNG, GẦN HỒ, ÔTÔ ĐỖ CỔNG NHÀ ĐẸP Ở NGAY 42MX5T CHÀO 3TỶ9",,"Phố Định Công, Phường Định Công, Quận Hoàng Mai, Hà NộiXem bản đồ","3,9 tỷ - 42 m2"
56 m²,5 phòng,,Đã có sổ,"Nhà ngõ, hẻm",,56 m²,"111,61 triệu/m²",,5,,Nội thất đầy đủ,,ha-noi,"SIÊU PHẨM NHÀ ĐẸP MỸ ĐÌNH, DIỆN TÍCH 56M x 5 TẦNG, MT 6M, GIÁ 6.35 TỶ.",,"Mỹ Đình, Phường Mỹ Đình 1, Quận Nam Từ Liêm, Hà NộiXem bản đồ","6,25 tỷ - 56 m2"
32 m²,3 phòng,,,"Nhà ngõ, hẻm",,,"67,19 triệu/m²",,,Nở hậu,,,ha-noi,"Bán nhà 4 tầng Yên nghĩa,Hà Đông,31m2,oto đỗ cổng.",,"Đường Yên Hòa, Phường Yên Nghĩa, Quận Hà Đông, Hà NộiXem bản đồ","2,15 tỷ - 32 m2"
35 m²,3 phòng,3 phòng,Đã có sổ,"Nhà mặt phố, mặt tiền",,,"77,71 triệu/m²",,5,,Nội thất cao cấp,,ha-noi,Nhà di trạch xây đơn lập ô tô đỗ.,,"16 Đan Khê Di Trạch, Xã Di Trạch, Huyện Hoài Đức, Hà NộiXem bản đồ","2,72 tỷ - 35 m2"
60 m²,4 phòng,,Đã có sổ,"Nhà ngõ, hẻm",5.4 m,,"188,33 triệu/m²",,5,,Nội thất cao cấp,,ha-noi,"NHÀ ĐẸP PHỐ NGUYỄN NGỌC NẠI, ÔTÔ VÀO NHÀ, VP - KD, 60M2 5 TẦNG MT 5.4M",,"PHỐ NGUYỄN NGỌC NẠI, Phường Khương Mai, Quận Thanh Xuân, Hà NộiXem bản đồ","11,3 tỷ - 60 m2"
50 m²,4 phòng,,Đã có sổ,"Nhà mặt phố, mặt tiền",,,176 triệu/m²,,,,,,ha-noi,"Bán nhà 293 Tam Trinh Q. Hoàng Mai, phân lô ô tô, 50m2, 8,8 tỷ",,"Đường Tam Trinh, Phường Mai Động, Quận Hoàng Mai, Hà NộiXem bản đồ","8,8 tỷ - 50 m2"
58 m²,4 phòng,,Đã có sổ,"Nhà mặt phố, mặt tiền",,,"193,97 triệu/m²",,,,,,ha-noi,NHÀ ĐẸP NGUYỄN NGỌC NẠI - Ô TÔ ĐỖ CỬA - VÀI BƯỚC RA PHỐ - Ở NGAY,,"Nguyễn Ngọc Nại, Phường Khương Mai, Quận Thanh Xuân, Hà NộiXem bản đồ","11,25 tỷ - 58 m2"
25 m²,4 phòng,4 phòng,Đã có sổ,"Nhà mặt phố, mặt tiền",,,170 triệu/m²,,6,,Nội thất cao cấp,,ha-noi,MẶT Phố #GIÁP_NHỊ #TRƯƠNG_ĐỊNH #HOÀNG_MAI - Kinh Doanh đỉnh,,"Giáp Nhị, Phường Tân Mai, Quận Hoàng Mai, Hà NộiXem bản đồ","4,25 tỷ - 25 m2"
35 m²,4 phòng,4 phòng,Đã có sổ,Nhà phố liền kề,,,"91,43 triệu/m²",Đông Bắc,5,,,,ha-noi,GD CẦN BÁN GẤP NHÀ PHỐ NAM DƯ 35m 5TẦNG MỚI,,"Nam Dư, Phường Thanh Trì, Quận Hoàng Mai, Hà NộiXem bản đồ","3,2 tỷ - 35 m2"
70 m²,4 phòng,,Đã có sổ,"Nhà ngõ, hẻm",,,"145,71 triệu/m²",,,"Hẻm xe hơi,Nở hậu",,,ha-noi,"BÁN NHÀ CẦU DIỄN, LÔ GÓC, Ô TÔ TRÁNH ĐỖ CỬA, KD, 5T, DT70M2, 10,2 TỶ",,"Hồ Tùng Mậu, Phường Cầu Diễn, Quận Nam Từ Liêm, Hà NộiXem bản đồ","10,2 tỷ - 70 m2"
22 m²,3 phòng,,,"Nhà ngõ, hẻm",,,"134,09 triệu/m²",,,,,,ha-noi,Bán nhà lô góc gần phố Đê La Thành Hào Nam.,,"Đê La Thành, Phường Ô Chợ Dừa, Quận Đống Đa, Hà NộiXem bản đồ","2,95 tỷ - 22 m2"
33 m²,2 phòng,3 phòng,Đã có sổ,"Nhà ngõ, hẻm",,,"109,09 triệu/m²",,4,,Nội thất đầy đủ,,ha-noi,"Bán nhà 33m2 x 4 tầng phố Đào Tấn, Ba Đình, Hà Nội",,"Phố Đào Tấn, Phường Ngọc Khánh, Quận Ba Đình, Hà NộiXem bản đồ","3,6 tỷ - 33 m2"
43 m²,4 phòng,,,"Nhà ngõ, hẻm",,,"102,33 triệu/m²",,,,,,ha-noi,SIÊU ĐẸP - TƯ ĐÌNH -DÂN XÂY 6 TẦNG - CỰC ĐẸP -NGÕ BA GÁC -43M - 4.4 Tỷ,,"Đường Bát Khối, Phường Long Biên, Quận Long Biên, Hà NộiXem bản đồ","4,4 tỷ - 43 m2"
33 m²,4 phòng,4 phòng,Đã có sổ,"Nhà ngõ, hẻm",,,"96,97 triệu/m²",Đông Bắc,5,,,,ha-noi,CHÍNH CHỦ CẦN Bán gấp nhà phố nam dư ngũ nhạc 5tang mới gần trường,,"Nam Dư, Phường Thanh Trì, Quận Hoàng Mai, Hà NộiXem bản đồ","3,2 tỷ - 33 m2"
34 m²,4 phòng,3 phòng,Đã có sổ,"Nhà mặt phố, mặt tiền",,,"67,65 triệu/m²",,4,,,,ha-noi,Bán Nhà 4 Tầng 4 ngủ 34m2 Phường Liêm Mạc full nội thât,,"Đường Đại Cát, Phường Liên Mạc, Quận Bắc Từ Liêm, Hà NộiXem bản đồ","2,3 tỷ - 34 m2"
50 m²,6 phòng,4 phòng,Đã có sổ,"Nhà mặt phố, mặt tiền",4 m,,108 triệu/m²,,,,,12 m,ha-noi,"Pháo Đài Láng, Đống Đa,Chỉ 120tr/m, 15m ra ô tô 50 m - 5,4 tỷ",,"Pháo Đài Láng, Phường Láng Thượng, Quận Đống Đa, Hà NộiXem bản đồ","5,4 tỷ - 50 m2"
