Diện tích đất:,Số phòng ngủ:,Số phòng vệ sinh:,Giấy tờ pháp lý:,Loại hình nhà ở:,Chiều ngang:,Diện tích sử dụng:,Giá/m2:,Hướng cửa chính:,Tổng số tầng:,Đặc điểm nhà/đất:,Tình trạng nội thất:,Chiều dài:,Location,Name,URL,District,Price
45 m²,4 phòng,4 phòng,Đã có sổ,"Nhà ngõ, hẻm",,,"144,44 triệu/m²",,4,,Nội thất đầy đủ,,ha-noi,Siêu hiếm - ngõ thông - 5m ra phố - 2 thoáng - gần ôtô - 45m2 - 6.5 tỷ,,"nguyễn khang, Phường Dịch Vọng, Quận Cầu Giấy, Hà NộiXem bản đồ","6,5 tỷ - 45 m2"
39 m²,4 phòng,,Đã có sổ,"Nhà ngõ, hẻm",,,"130,77 triệu/m²",Bắc,4,,Nội thất đầy đủ,,ha-noi,LÊ QUANG ĐẠO -NHÀ ĐẸP 39M. 2 MẶT THOÁNG- 40M OTO TRÁNH - FULL NỘI THẤT,,"Ngõ 8 Lê Quang Đạo, Phường Phú Đô, Quận Nam Từ Liêm, Hà NộiXem bản đồ","5,1 tỷ - 39 m2"
36.7999 m²,4 phòng,3 phòng,Đã có sổ,"Nhà ngõ, hẻm",,,"96,47 triệu/m²",,4,,Nội thất đầy đủ,,ha-noi,"Chỉ 3,55 tỉ rinh ngay siêu phẩm Đại mỗ, 36,8mx4 tầng-4 ngủ sáng thoáng",,"Đường Đại Mỗ, Phường Đại Mỗ, Quận Nam Từ Liêm, Hà NộiXem bản đồ","3,55 tỷ - 36.7.999 m2"
40 m²,9 phòng,Nhiều hơn 6 phòng,,"Nhà ngõ, hẻm",,40 m²,145 triệu/m²,,5,,,,ha-noi,"CỰC HÓT MỸ ĐÌNH, LÔ GÓC, OTO, 9PN, DT 40TR, CHỈ NHỈNH 5 TỶ",,"Đường Mỹ Đình, Phường Mỹ Đình 1, Quận Nam Từ Liêm, Hà NộiXem bản đồ","5,8 tỷ - 40 m2"
43 m²,2 phòng,,,"Nhà ngõ, hẻm",,,"94,19 triệu/m²",,,,,,ha-noi,🌹♥️TRUNG TÂM THANH XUÂN - LÔ GÓC - 43 M2 x 5 TẦNG - NHỈNH 4 TỶ,,"Khương Trung, Phường Khương Đình, Quận Thanh Xuân, Hà NộiXem bản đồ","4,05 tỷ - 43 m2"
40 m²,4 phòng,4 phòng,Đã có sổ,"Nhà ngõ, hẻm",,,80 triệu/m²,,5,,Nội thất đầy đủ,,ha-noi,"Bán gấp nhà 40m cầu cốc, thoáng sáng 5 tầng-4ngủ, chỉ nhỉnh 3 tỉ xíu.",,"Ngõ 193 Cầu Cốc, Phường Tây Mỗ, Quận Nam Từ Liêm, Hà NộiXem bản đồ","3,2 tỷ - 40 m2"
60 m²,5 phòng,3 phòng,Đã có sổ,"Nhà ngõ, hẻm",,,"131,67 triệu/m²",,4,,Nội thất đầy đủ,,ha-noi,"NÓNG BỎNG TAY ! XUÂN LA, 4 TẦNG 60M2 MT 5M ÔTÔ TRÁNH 10M CHỈ HƠN 7 TỶ",,"Đường Xuân La, Phường Xuân La, Quận Tây Hồ, Hà NộiXem bản đồ","7,9 tỷ - 60 m2"
62 m²,5 phòng,4 phòng,Đã có sổ,"Nhà ngõ, hẻm",,,"114,52 triệu/m²",,5,,Nội thất đầy đủ,,ha-noi,"NÓNG BỎNG ! KHẨU TÂY HỒ FULL NỘI THẤT, GẦN HỒ 5 TẦNG, 62M2, CHỈ 7.1 TỶ",,"Thụy Khuê, Phường Xuân La, Quận Tây Hồ, Hà NộiXem bản đồ","7,1 tỷ - 62 m2"
98 m²,3 phòng,3 phòng,Đã có sổ,"Nhà ngõ, hẻm",,,"127,55 triệu/m²",,3,,Nội thất đầy đủ,,ha-noi,"THẬT 300%! 3 TẦNG, 98M2, NGÕ THÔNG ÔTÔ NỘI THẤT VIP SÁT HỒ NHỈNH 12 TỶ",,"Ngõ 603 Đường Lạc Long Quân, Phường Xuân La, Quận Tây Hồ, Hà NộiXem bản đồ","12,5 tỷ - 98 m2"
110 m²,nhiều hơn 10 phòng,Nhiều hơn 6 phòng,Đã có sổ,"Nhà mặt phố, mặt tiền",6 m,,"545,45 triệu/m²",,9,,,,ha-noi,"BÁN KHÁCH SẠN MẶT HỒ TRÚC BẠCH, 110M2 × 9 TẦNG THANG MÁY, 60 TỶ",,"Phố Trúc Bạch, Phường Trúc Bạch, Quận Ba Đình, Hà NộiXem bản đồ",60 tỷ - 110 m2
76 m²,3 phòng,4 phòng,Đã có sổ,"Nhà mặt phố, mặt tiền",,,"230,26 triệu/m²",,5,,Nội thất đầy đủ,,ha-noi,"PHẢI NHANH ! P XUÂN LA, 4 TẦNG ĐẸP, 77M2, Ô TÔ TRÁNH, CHỈ NHỈNH 17 TỶ",,"Đường Xuân La, Phường Xuân La, Quận Tây Hồ, Hà NộiXem bản đồ","17,5 tỷ - 76 m2"
200 m²,6 phòng,,Đã có sổ,"Nhà mặt phố, mặt tiền",8 m,200 m²,375 triệu/m²,,,,,,ha-noi,"BÁN NHÀ MP NGUYỄN TRÃI 200M2 × 6 TẦNG, MT 8M, 75 TỶ",,"nguyễn trãi, Phường Thượng Đình, Quận Thanh Xuân, Hà NộiXem bản đồ",75 tỷ - 200 m2
75 m²,3 phòng,,Đã có sổ,"Nhà mặt phố, mặt tiền",,,"68,67 triệu/m²",,1,,,,ha-noi,"75,6m2 Trục chính chân cầu Nhật Tân Giá rẻ",,"đường Võ Nguyên Giáp, Xã Vĩnh Ngọc, Huyện Đông Anh, Hà NộiXem bản đồ","5,15 tỷ - 75 m2"
48 m²,6 phòng,,Đã có sổ,"Nhà ngõ, hẻm",,,"104,15 triệu/m²",,,,Nội thất đầy đủ,,ha-noi,"BÁN GẤP 48M ĐỘI CẤN CHỈ 4.99 TỶ, TRUNG TÂM BA ĐÌNH-NGÕ 3M,CÁCH PHỐ 30M",,"Phố Đội Cấn, Phường Cống Vị, Quận Ba Đình, Hà NộiXem bản đồ","4,999 tỷ - 48 m2"
50 m²,4 phòng,,Đã có sổ,"Nhà ngõ, hẻm",7 m,50 m²,80 triệu/m²,,,Hẻm xe hơi,,,ha-noi,BÁN NHÀ NGUYỄN CHÍNH 3 BƯỚC RA Ô TÔ TẢI TRÁNH DT50mx5TxMT7m NHỈNH 4Tỷ,,"Phố Nguyễn Chính, Phường Tân Mai, Quận Hoàng Mai, Hà NộiXem bản đồ",4 tỷ - 50 m2
46 m²,4 phòng,,,"Nhà ngõ, hẻm",,,"115,22 triệu/m²",,,,,,ha-noi,Bán nhà ngõ 254 Minh Khai dt 46m2x4 tầng,,"Minh Khai, Phường Mai Động, Quận Hoàng Mai, Hà NộiXem bản đồ","5,3 tỷ - 46 m2"
65 m²,6 phòng,6 phòng,Đã có sổ,"Nhà mặt phố, mặt tiền",,,"438,46 triệu/m²",,7,,Nội thất đầy đủ,,ha-noi,BUILDING 7 TẦNG-THANG MÁY-KINH DOANH ĐỈNH- ĐẲNG CẤP-HOÀNG CẦU-ĐỐNG ĐA,,"Phố Hoàng Cầu, Phường Ô Chợ Dừa, Quận Đống Đa, Hà NộiXem bản đồ","28,5 tỷ - 65 m2"
76 m²,3 phòng,3 phòng,Đã có sổ,"Nhà mặt phố, mặt tiền",,,"181,58 triệu/m²",,4,,Nội thất đầy đủ,,ha-noi,"THẬT 200% ! NHỈNH 13 TỶ, 4 Tầng, 76M2, Ô TÔ Tránh, P/LÔ, Gần XUÂN LA",,"Đường Xuân Đỉnh, Phường Xuân Đỉnh, Quận Bắc Từ Liêm, Hà NộiXem bản đồ","13,8 tỷ - 76 m2"
60 m²,nhiều hơn 10 phòng,6 phòng,Đã có sổ,"Nhà ngõ, hẻm",4.3 m,,"193,33 triệu/m²",,,,,15 m,ha-noi,"THẬT 300% ! NHỈNH 11 TỶ, 6 TẦNG, 63M2, 12 NGỦ, ÔTÔ, GẦN NGÕ 28 XUÂN LA",,"Xuân La, Phường Xuân La, Quận Tây Hồ, Hà NộiXem bản đồ","11,6 tỷ - 60 m2"
62 m²,3 phòng,2 phòng,Đã có sổ,"Nhà ngõ, hẻm",,,"51,61 triệu/m²",,3,,Nội thất cao cấp,,ha-noi,🔥🔥CỰC ĐỘC!! 🏛LÔ GÓC - Ô TÔ 7 CHỖ - HƯỚNG NHÌN GELEXIMCO🌴Bán nhà 62m2,,"Lê Trọng Tấn, Phường Dương Nội, Quận Hà Đông, Hà NộiXem bản đồ","3,2 tỷ - 62 m2"
60 m²,nhiều hơn 10 phòng,6 phòng,Đã có sổ,"Nhà ngõ, hẻm",4.3 m,,"193,33 triệu/m²",,,,,15 m,ha-noi,"THẬT 300% ! NHỈNH 11 TỶ, 6 TẦNG, 63M2, 12 NGỦ, ÔTÔ, GẦN NGÕ 28 XUÂN LA",,"Xuân La, Phường Xuân La, Quận Tây Hồ, Hà NộiXem bản đồ","11,6 tỷ - 60 m2"
62 m²,3 phòng,2 phòng,Đã có sổ,"Nhà ngõ, hẻm",,,"51,61 triệu/m²",,3,,Nội thất cao cấp,,ha-noi,🔥🔥CỰC ĐỘC!! 🏛LÔ GÓC - Ô TÔ 7 CHỖ - HƯỚNG NHÌN GELEXIMCO🌴Bán nhà 62m2,,"Lê Trọng Tấn, Phường Dương Nội, Quận Hà Đông, Hà NộiXem bản đồ","3,2 tỷ - 62 m2"
170 m²,8 phòng,,Đã có sổ,"Nhà mặt phố, mặt tiền",,,"882,35 triệu/m²",,,Nở hậu,Nội thất cao cấp,,ha-noi,BÁN NHÀ MẶT PHỐ TỪ HOA- VỊ TRÍ ĐẮC ĐỊA NHẤT TÂY HỒ- 270M2 NHỈNH 150 TỶ,,"Phố Từ Hoa, Phường Quảng An, Quận Tây Hồ, Hà NộiXem bản đồ",150 tỷ - 170 m2
52 m²,2 phòng,,,"Nhà ngõ, hẻm",,,50 triệu/m²,,,,,,ha-noi,Bán nhà diện tích 52m2 cấp 4 ngõ phố Minh Khai,,"Minh Khai, Phường Mai Động, Quận Hoàng Mai, Hà NộiXem bản đồ","2,6 tỷ - 52 m2"
41 m²,3 phòng,3 phòng,Đã có sổ,"Nhà mặt phố, mặt tiền",,,"56,1 triệu/m²",,3,,Nội thất đầy đủ,,ha-noi,BÁN NHÀ PHỐ BẮC CẦU 41M 3 TẦNG OTO CẤT TRONG NHÀ,,"Bắc Cầu, Phường Ngọc Thụy, Quận Long Biên, Hà NộiXem bản đồ","2,3 tỷ - 41 m2"
20 m²,2 phòng,,,"Nhà ngõ, hẻm",,,"82,5 triệu/m²",,,,,,ha-noi,Bán nhà dt 20m2 x 4 tầng ngõ đường Tam Trinh,,"Tam Trinh, Phường Mai Động, Quận Hoàng Mai, Hà NộiXem bản đồ","1,65 tỷ - 20 m2"
55 m²,7 phòng,,,"Nhà ngõ, hẻm",,,"118,18 triệu/m²",,,,,,ha-noi,"Bán nhà Hoa Bằng, Cầu Giấy, 10m ra ô tô, 7 phòng thuê, 55m, 5T, 6.5 tỷ",,"Hoa Bằng, Phường Yên Hoà, Quận Cầu Giấy, Hà NộiXem bản đồ","6,5 tỷ - 55 m2"
48 m²,2 phòng,3 phòng,Đã có sổ,"Nhà ngõ, hẻm",,,"83,33 triệu/m²",,3,,,,ha-noi,Bán nhà trong ngõ đường Tam Trinh diện tích 48m2,,"Tam Trinh, Phường Mai Động, Quận Hoàng Mai, Hà NộiXem bản đồ",4 tỷ - 48 m2
83 m²,1 phòng,,Đã có sổ,"Nhà ngõ, hẻm",,,"84,34 triệu/m²",,,,Nội thất đầy đủ,,ha-noi,"NHÀ MẶT NGÕ CỔ NHUẾ, 83M - Ô TÔ - NGÕ THÔNG - KINH DOANH SẦM UẤT",,"Cổ Nhuế, Phường Cổ Nhuế 2, Quận Bắc Từ Liêm, Hà NộiXem bản đồ",7 tỷ - 83 m2
38 m²,4 phòng,,,"Nhà ngõ, hẻm",,,100 triệu/m²,,,,,,ha-noi,"BÁN NHÀ NGỌC THUỴ 38M, 3,8TỶ - LÔ GÓC - DÂN XÂY - Ô TÔ ĐỖ CỬA",,"Ngọc Thụy , Phường Ngọc Thụy, Quận Long Biên, Hà NộiXem bản đồ","3,8 tỷ - 38 m2"
60 m²,4 phòng,,Đã có sổ,"Nhà ngõ, hẻm",,,"68,33 triệu/m²",,,"Hẻm xe hơi,Nở hậu",Nội thất cao cấp,,ha-noi,☀️☀️4p Văn Quán. CĂN GÓC - 30M Ô TÔ ĐỖ NGÀY ĐÊM🚙🚙,,"Phố Văn Khê, Phường Văn Quán, Quận Hà Đông, Hà NộiXem bản đồ","4,1 tỷ - 60 m2"
41 m²,3 phòng,,Đã có sổ,"Nhà mặt phố, mặt tiền",,,"126,83 triệu/m²",,,,Nội thất đầy đủ,,ha-noi,"Giá bay nhanh! Lô góc Văn Hương, ô tô gần, full nội thất 41m2*5T",,"Thông phong, Phường Hàng Bột, Quận Đống Đa, Hà NộiXem bản đồ","5,2 tỷ - 41 m2"
36 m²,3 phòng,,,"Nhà ngõ, hẻm",,,"116,67 triệu/m²",,5,,,,ha-noi,"SIÊU PHẨM TÂY HỒ 5TẦNG , 3PN, 4,2 TỶ THIẾT KẾ HỢP LÝ",,"thụy khuê, Phường Thụy Khuê, Quận Tây Hồ, Hà NộiXem bản đồ","4,2 tỷ - 36 m2"
90 m²,9 phòng,,,"Nhà mặt phố, mặt tiền",,,"555,56 triệu/m²",,,,,,ha-noi,CẦN BÁN MẶT PHỐ KD SẦM UẤT- THANG MÁY MẶT TIỀN SIÊU DT 80tr,,"Đường cầu giấy, Phường Nghĩa Tân, Quận Cầu Giấy, Hà NộiXem bản đồ",50 tỷ - 90 m2
50 m²,5 phòng,,,"Nhà ngõ, hẻm",,65 m²,238 triệu/m²,,6,"Hẻm xe hơi,Nở hậu",,,ha-noi,"CẦU GIẤY MỚI 6 T, THANG MÁY, VIU TRƯỜNG HỌC THOÁNG VĨNH VIỄN 11.6 TỶ",,"TRẦN CUNG, Phường Nghĩa Tân, Quận Cầu Giấy, Hà NộiXem bản đồ","11,9 tỷ - 50 m2"
70 m²,5 phòng,,,"Nhà ngõ, hẻm",,,"152,86 triệu/m²",,6,,,,ha-noi,"BÁN NHÀ BA ĐÌNH, 70M, Ô TÔ, THANG MÁY, GIÁ NHỈNH 10 TỶ",,"ĐỘI CẤN, Phường Đội Cấn, Quận Ba Đình, Hà NộiXem bản đồ","10,7 tỷ - 70 m2"
45 m²,9 phòng,Nhiều hơn 6 phòng,Đã có sổ,"Nhà ngõ, hẻm",4 m,,"124,44 triệu/m²",,5,,,,ha-noi,"Bán nhà căn hộ dịch vụ 45m 5t 9PN khép kín full đồ, PCCC đầy đủ",,"Đường Mỹ Đình, Phường Mỹ Đình 1, Quận Nam Từ Liêm, Hà NộiXem bản đồ","5,6 tỷ - 45 m2"
33 m²,3 phòng,,,"Nhà ngõ, hẻm",,,60 triệu/m²,,5,,,,ha-noi,Nhà 5 tầng - Ngõ nông Ô tô cách 10m Gần Phố Xốm UBND phường Phú Lương,,"Phố Xốm, Phường Phú Lương, Quận Hà Đông, Hà NộiXem bản đồ","1,98 tỷ - 33 m2"
35 m²,5 phòng,5 phòng,Đã có sổ,"Nhà ngõ, hẻm",,,140 triệu/m²,,6,,Nội thất đầy đủ,,ha-noi,Bán nhà Đoàn Thị Điểm 35m2 ngõ to nông thông 10 phòng 6 tầng 4.9 tỷ,,"Phố Đoàn Thị Điểm, Phường Quốc Tử Giám, Quận Đống Đa, Hà NộiXem bản đồ","4,9 tỷ - 35 m2"
34 m²,3 phòng,4 phòng,Đã có sổ,"Nhà ngõ, hẻm",,,100 triệu/m²,,4,Nở hậu,,,ha-noi,"Phạm Ngọc Thạch, 34m2*4T, 2 mặt thoáng, ở ngay, ngõ thoáng sáng 3.4 tỷ",,"Phố Phạm Ngọc Thạch, Phường Trung Tự, Quận Đống Đa, Hà NộiXem bản đồ","3,4 tỷ - 34 m2"
54 m²,3 phòng,2 phòng,Đã có sổ,"Nhà mặt phố, mặt tiền",,,"98,15 triệu/m²",,4,,Nội thất cao cấp,,ha-noi,TRUNG TÂM HOÀNG MAI - LÔ GÓC - KINH DOANH - 54M2 - CHỈ 5.3TỶ,,"Hoàng Đạo Thành, Phường Kim Giang, Quận Thanh Xuân, Hà NộiXem bản đồ","5,3 tỷ - 54 m2"
40 m²,3 phòng,4 phòng,Đã có sổ,"Nhà ngõ, hẻm",4.5 m,,"111,25 triệu/m²",,5,,,,ha-noi,Bán nhà phố Vĩnh Hưng 4.45 tỷ,,"Phố Vĩnh Hưng, Phường Vĩnh Hưng, Quận Hoàng Mai, Hà NộiXem bản đồ","4,45 tỷ - 40 m2"
42 m²,7 phòng,4 phòng,Đã có sổ,"Nhà ngõ, hẻm",,,"151,19 triệu/m²",,5,,Nhà trống,,ha-noi,"Nhà 5 tầng mới, 7 phòng ngủ, ngõ 10/3 Láng Hạ, ngõ rộng ba gác tránh",,"Láng Hạ, Phường Láng Hạ, Quận Đống Đa, Hà NộiXem bản đồ","6,35 tỷ - 42 m2"
45 m²,3 phòng,4 phòng,Đã có sổ,"Nhà mặt phố, mặt tiền",4.6999 m,,"124,44 triệu/m²",,,,Nội thất đầy đủ,,ha-noi,"Bán nhà phân lô phố Vĩnh Hưng 5.6 tỷ, căn góc ô tô tải vào nhà",,"Phố Vĩnh Hưng, Phường Vĩnh Hưng, Quận Hoàng Mai, Hà NộiXem bản đồ","5,6 tỷ - 45 m2"
42 m²,3 phòng,,Đã có sổ,"Nhà mặt phố, mặt tiền",,,"176,19 triệu/m²",,,,,,ha-noi,"TRUNG TÂM THANH XUÂN - Ô TÔ ĐỖ CỬA, NGÕ THÔNG KINH DOANH, SÁT MẶT PHỐ",,"Quan Nhân, Phường Nhân Chính, Quận Thanh Xuân, Hà NộiXem bản đồ","7,4 tỷ - 42 m2"
30 m²,5 phòng,5 phòng,Đã có sổ,"Nhà ngõ, hẻm",,,"133,33 triệu/m²",Đông Nam,5,,,,ha-noi,"Bán nhà gấp yên hoà cầu giấy, hạ yên quyết trần kim xuyến đống đa",,"Yên Hoà, Phường Yên Hoà, Quận Cầu Giấy, Hà NộiXem bản đồ",4 tỷ - 30 m2
30 m²,3 phòng,,Đã có sổ,"Nhà ngõ, hẻm",,,145 triệu/m²,,,Nở hậu,,,ha-noi,BÁN NHÀ PHỐ CỰ LỘC - GẦN HỒ ĐIỀU HOÀ - NGÕ BA GÁC VÀO TẬN CỬA - NHÀ MỚ,,"Cự lộc, Phường Nhân Chính, Quận Thanh Xuân, Hà NộiXem bản đồ","4,35 tỷ - 30 m2"
42 m²,7 phòng,4 phòng,Đã có sổ,"Nhà ngõ, hẻm",,,"154,76 triệu/m²",,6,,Nội thất cao cấp,,ha-noi,Bán nhà ngõ phố Láng Hạ- Ba Đình- 42m- 7ngủ- Nở hậu- Kinh doanh tốt,,"Phố Láng Hạ, Phường Thành Công, Quận Ba Đình, Hà NộiXem bản đồ","6,5 tỷ - 42 m2"
194 m²,6 phòng,3 phòng,Đã có sổ,"Nhà mặt phố, mặt tiền",,250 m²,"113,4 triệu/m²",,,,Nội thất cao cấp,,ha-noi,Biệt thự văn phú cần bán gấp gần 200m hiếm rẻ nội thất cao cấp giá tốt,,"Phố Văn Khê, Phường Phú La, Quận Hà Đông, Hà NộiXem bản đồ",22 tỷ - 194 m2
45 m²,8 phòng,,,"Nhà ngõ, hẻm",,,"93,33 triệu/m²",,5,,,,ha-noi,Hàng Hiếm! Toà CHDV gần ĐH Bách Kinh Xây 8PN chỉ từ 4 tỷ sở hữu ngay,,"Định Công, Phường Định Công, Quận Hoàng Mai, Hà NộiXem bản đồ","4,2 tỷ - 45 m2"
38 m²,3 phòng,,Đã có sổ,"Nhà ngõ, hẻm",,,"94,74 triệu/m²",,5,,Nội thất đầy đủ,,ha-noi,"Nhà Đẹp Ở Sướng, Gần Ô to, Chợ, Trường Giáp Nhị 38m2 giá 3.6 tỷ.",,"Giáp Nhị, Phường Thịnh Liệt, Quận Hoàng Mai, Hà NộiXem bản đồ","3,6 tỷ - 38 m2"
42 m²,6 phòng,4 phòng,Đã có sổ,"Nhà ngõ, hẻm",,,"154,76 triệu/m²",,6,,Nhà trống,,ha-noi,Bán nhà đẹp trong ngõ phố Láng Hạ.,,"Láng Hạ, Phường Thành Công, Quận Ba Đình, Hà NộiXem bản đồ","6,5 tỷ - 42 m2"
55 m²,nhiều hơn 10 phòng,Nhiều hơn 6 phòng,Đã có sổ,"Nhà mặt phố, mặt tiền",,,160 triệu/m²,Đông Nam,6,,,,ha-noi,TRUNG TÂM HBT 6 Tầng 15 Phòng Sẵn Dòng tiền 65tr/tháng,,"Phố Bạch Mai, Phường Bạch Mai, Quận Hai Bà Trưng, Hà NộiXem bản đồ","8,8 tỷ - 55 m2"
40 m²,3 phòng,,,"Nhà ngõ, hẻm",,,105 triệu/m²,,,,,,ha-noi,Siêu phẩm Minh Khai - Gốc Đề vài bước chân ra phố 40m 5tầng 4.2tỷ,,"Phố Minh Khai, Phường Minh Khai, Quận Hai Bà Trưng, Hà NộiXem bản đồ","4,2 tỷ - 40 m2"
30 m²,3 phòng,4 phòng,Đã có sổ,"Nhà ngõ, hẻm",,,"111,67 triệu/m²",,4,,Nội thất đầy đủ,,ha-noi,"BÁN NHÀ LÊ THANH NGHỊ - BÀ TRƯNG, 20M RA PHỐ, NHÀ ĐẸP Ở LUÔN, SỔ VUÔNG",,"Phố Lê Thanh Nghị, Phường Bách Khoa, Quận Hai Bà Trưng, Hà NộiXem bản đồ","3,35 tỷ - 30 m2"
60 m²,4 phòng,3 phòng,Đã có sổ,"Nhà ngõ, hẻm",,,85 triệu/m²,,4,,Nhà trống,,ha-noi,"Thu hồi vốn , Bán nhà Bạch Mai , 60m2 , chỉ 5tỷ1 , ngõ nông",,"phố bạch mai, Phường Bạch Mai, Quận Hai Bà Trưng, Hà NộiXem bản đồ","5,1 tỷ - 60 m2"
31 m²,3 phòng,4 phòng,Đã có sổ,"Nhà ngõ, hẻm",,,"145,16 triệu/m²",,5,,Nội thất cao cấp,,ha-noi,"Cầu Giấy ,Võ Chí Công 35M,5 Tầng, MT 4.3M, Giá 4.5 tỷ, Full Nội Thất.",,"Võ Chí Công, Phường Nghĩa Đô, Quận Cầu Giấy, Hà NộiXem bản đồ","4,5 tỷ - 31 m2"
34 m²,3 phòng,4 phòng,Đã có sổ,"Nhà ngõ, hẻm",,,75 triệu/m²,,5,,Nhà trống,,ha-noi,"Bán nhà Kim Chung, Hoài Đức 5 tầng giá rẻ 2,5x tỷ",,"Ngõ 88 Đường Đại Tự, Xã Kim Chung, Huyện Hoài Đức, Hà NộiXem bản đồ","2,55 tỷ - 34 m2"
32 m²,2 phòng,,Đã có sổ,"Nhà ngõ, hẻm",,,"42,19 triệu/m²",,,,,,ha-noi,Tập thể Lò Đúc có sổ đỏ 16/32m2 nhỉnh 1.35 tỷ,,"Phố Lò Đúc, Phường Đống Mác, Quận Hai Bà Trưng, Hà NộiXem bản đồ","1,35 tỷ - 32 m2"
10 m²,3 phòng,2 phòng,,"Nhà ngõ, hẻm",,12 m²,180 triệu/m²,,6,,,,ha-noi,BÁN NHÀ TÂY SƠN - ĐỐNG ĐA - 5M RA Ô TÔ - 6TẦNG - MT 3.7M - CHỈ 1.8TỶ,,"Tây Sơn, Phường Trung Liệt, Quận Đống Đa, Hà NộiXem bản đồ","1,8 tỷ - 10 m2"
47 m²,3 phòng,,Đã có sổ,"Nhà ngõ, hẻm",,,"178,72 triệu/m²",,,"Hẻm xe hơi,Nở hậu",Nội thất đầy đủ,,ha-noi,"Bán nhà phố Kim Hoa, dt 47m2, 7 tầng thang máy, giá 8.4 tỉ, 10m oto",,"Phố Kim Hoa, Phường Phương Liên, Quận Đống Đa, Hà NộiXem bản đồ","8,4 tỷ - 47 m2"
28 m²,2 phòng,3 phòng,Đang chờ sổ,"Nhà ngõ, hẻm",,,"67,86 triệu/m²",,3,,Nội thất đầy đủ,,ha-noi,"Nhỏ tiền An Dương, Tây Hồ, 28m ở ngay 1.9 tỉ",,"An Dương, Phường Yên Phụ, Quận Tây Hồ, Hà NộiXem bản đồ","1,9 tỷ - 28 m2"
55 m²,4 phòng,,Đã có sổ,"Nhà ngõ, hẻm",,,"118,18 triệu/m²",,,Nở hậu,Nội thất đầy đủ,,ha-noi,"Bán rẻ nhà phố Đặng Văn Ngữ, 2 thoáng, 55m2, 5 phòng ngủ, ngõ thông",,"Phố Đặng Văn Ngữ, Phường Trung Tự, Quận Đống Đa, Hà NộiXem bản đồ","6,5 tỷ - 55 m2"
40 m²,9 phòng,,,"Nhà ngõ, hẻm",,,"112,5 triệu/m²",,,,,,ha-noi,Chưa từng thấy! Toà CHDV 9PN gần ĐH Bách Kinh Xây 40m2*6tầng thuê full,,"Phố Nguyễn An Ninh, Phường Tương Mai, Quận Hoàng Mai, Hà NộiXem bản đồ","4,5 tỷ - 40 m2"
38 m²,2 phòng,,,"Nhà mặt phố, mặt tiền",,,"118,42 triệu/m²",,,,,,ha-noi,"Bán Đất vàng Văn Quán - Oto - Kinh doanh Hà Đông,",,"Đường 19/5, Phường Văn Quán, Quận Hà Đông, Hà NộiXem bản đồ","4,5 tỷ - 38 m2"
32 m²,3 phòng,4 phòng,,"Nhà ngõ, hẻm",3.5 m,32 m²,"115,63 triệu/m²",,5,,,,ha-noi,BÁN NHÀ PHÚ DIỄN - NGUYỄN ĐẠO AN .Diện tích 32m x 5T. Ô tô 15m.,,"Nguyễn Đạo An, Phường Phú Diễn, Quận Bắc Từ Liêm, Hà NộiXem bản đồ","3,7 tỷ - 32 m2"
28 m²,2 phòng,,,"Nhà ngõ, hẻm",2.7 m,25 m²,"89,29 triệu/m²",,3,,,10 m,ha-noi,NHÀ MỚI - KHU VỰC TRUNG TÂM -GẦN PHỐ LỚN - Ở ĐƯỢC NGAY,,"Văn Hương, Phường Hàng Bột, Quận Đống Đa, Hà NộiXem bản đồ","2,5 tỷ - 28 m2"
36 m²,6 phòng,4 phòng,Đã có sổ,"Nhà ngõ, hẻm",,,"129,17 triệu/m²",,,,Nội thất đầy đủ,,ha-noi,"Thật 100%, Nhà Láng Hạ, cách oto 10m, ngõ rộng, 2 thoáng, 36m2*5T",,"Phố Láng Hạ, Phường Láng Hạ, Quận Đống Đa, Hà NộiXem bản đồ","4,65 tỷ - 36 m2"
38 m²,6 phòng,4 phòng,Đã có sổ,"Nhà ngõ, hẻm",,,"121,05 triệu/m²",,,,Nội thất đầy đủ,,ha-noi,"Cực Hiếm ! Chùa Láng, thoáng, cách oto đỗ 30m, 38m2, xây 5 tầng",,"Phố Chùa Láng, Phường Láng Thượng, Quận Đống Đa, Hà NộiXem bản đồ","4,6 tỷ - 38 m2"
41 m²,3 phòng,4 phòng,Đã có sổ,"Nhà ngõ, hẻm",,,"112,2 triệu/m²",,4,,Nội thất đầy đủ,,ha-noi,"Hào Nam, oto , 30m ra phố, lô góc, 2 thoáng, ở ngay full đồ, 41m2*4T",,"Phố Hào Nam, Phường Ô Chợ Dừa, Quận Đống Đa, Hà NộiXem bản đồ","4,6 tỷ - 41 m2"
35 m²,4 phòng,4 phòng,Đã có sổ,"Nhà ngõ, hẻm",,,"117,14 triệu/m²",,4,,Nội thất cao cấp,,ha-noi,"Rẻ hiếm! Thái Thịnh, ngõ thông, thoáng, nhà mới, ở ngay, 35m2*4T",,"Phố Thái Thịnh, Phường Trung Liệt, Quận Đống Đa, Hà NộiXem bản đồ","4,1 tỷ - 35 m2"
35 m²,3 phòng,Nhiều hơn 6 phòng,Đã có sổ,"Nhà ngõ, hẻm",,,"132,86 triệu/m²",,5,,Nội thất cao cấp,,ha-noi,"Lô góc Hoàng Cầu phố vip, oto tránh, ngõ thông, nhà đẹp ở ngay, 35m*4T",,"Phố Hoàng Cầu, Phường Ô Chợ Dừa, Quận Đống Đa, Hà NộiXem bản đồ","4,65 tỷ - 35 m2"
35 m²,4 phòng,4 phòng,Đã có sổ,"Nhà ngõ, hẻm",,,130 triệu/m²,,5,,Nội thất đầy đủ,,ha-noi,"VIP! Thái Hà, nhà mới, dân xây, oto 5m, 40m ra Phố, ở ngay 35m2*5T",,"Phố Thái Hà, Phường Trung Liệt, Quận Đống Đa, Hà NộiXem bản đồ","4,55 tỷ - 35 m2"
36 m²,3 phòng,4 phòng,Đã có sổ,"Nhà ngõ, hẻm",,,125 triệu/m²,,4,,Nội thất đầy đủ,,ha-noi,"Phạm Ngọc Thạch, ôtô gần, ngõ thông, dân xây, ở ngay, KD , 36m2*5T",,"Phố Phạm Ngọc Thạch, Phường Phương Liên, Quận Đống Đa, Hà NộiXem bản đồ","4,5 tỷ - 36 m2"
36 m²,4 phòng,,Đã có sổ,"Nhà ngõ, hẻm",,,"134,72 triệu/m²",,5,Nở hậu,Nội thất cao cấp,,ha-noi,"Hoàng Cầu chỉ 4.85 tỷ, phố vip, oto, ngõ thông, nhà đẹp ở ngay, 36m*5T",,"Phố Hoàng Cầu, Phường Ô Chợ Dừa, Quận Đống Đa, Hà NộiXem bản đồ","4,85 tỷ - 36 m2"
40 m²,4 phòng,4 phòng,Đã có sổ,"Nhà ngõ, hẻm",,,"132,5 triệu/m²",,5,,Nội thất cao cấp,,ha-noi,"Giá sốc! Láng Hạ, ngõ thông, thoáng, ôtô 15m, ở ngay, mới , 38m2*5T",,"Phố Láng Hạ, Phường Láng Hạ, Quận Đống Đa, Hà NộiXem bản đồ","5,3 tỷ - 40 m2"
38 m²,3 phòng,,Đã có sổ,"Nhà ngõ, hẻm",,,"114,47 triệu/m²",,4,,Nội thất đầy đủ,,ha-noi,"Độc Lạ, 360 Xã Đàn, sát phố, 3gac đua, mới, sân rộng, full đồ 38m2*4T",,"Phố Xã Đàn, Phường Phương Liên, Quận Đống Đa, Hà NộiXem bản đồ","4,35 tỷ - 38 m2"
36 m²,4 phòng,4 phòng,Đã có sổ,"Nhà ngõ, hẻm",,,"135,83 triệu/m²",,5,,Nội thất đầy đủ,,ha-noi,"Đỉnh cao! Xã Đàn, sát oto, 30m ra phố, ngõ thông, KD tốt, 36m2*5T",,"Phố Xã Đàn, Phường Phương Liên, Quận Đống Đa, Hà NộiXem bản đồ","4,89 tỷ - 36 m2"
35 m²,3 phòng,,Đã có sổ,"Nhà ngõ, hẻm",,,"137,14 triệu/m²",,4,,Nội thất đầy đủ,,ha-noi,"Hàng nóng! Xã Đàn, gần ô tô, ngõ thông, dân trí cao, ở ngay, 35m2*4T",,"Phố Xã Đàn, Phường Phương Liên, Quận Đống Đa, Hà NộiXem bản đồ","4,8 tỷ - 35 m2"
20 m²,2 phòng,3 phòng,,"Nhà ngõ, hẻm",3 m,,100 triệu/m²,,4,,,6.5 m,ha-noi,"BÁN NHÀ TRUNG TÂM ĐỐNG ĐA, CHỈ 2 TỶ, DỌN VÀO Ở NGAY",,"Phố Tôn Đức Thắng, Phường Hàng Bột, Quận Đống Đa, Hà NộiXem bản đồ",2 tỷ - 20 m2
35 m²,3 phòng,,Đã có sổ,"Nhà ngõ, hẻm",,,"137,14 triệu/m²",,4,,Nội thất đầy đủ,,ha-noi,"Hàng nóng! Xã Đàn, gần ô tô, ngõ thông, dân trí cao, ở ngay, 35m2*4T",,"Phố Xã Đàn, Phường Phương Liên, Quận Đống Đa, Hà NộiXem bản đồ","4,8 tỷ - 35 m2"
20 m²,2 phòng,3 phòng,,"Nhà ngõ, hẻm",3 m,,100 triệu/m²,,4,,,6.5 m,ha-noi,"BÁN NHÀ TRUNG TÂM ĐỐNG ĐA, CHỈ 2 TỶ, DỌN VÀO Ở NGAY",,"Phố Tôn Đức Thắng, Phường Hàng Bột, Quận Đống Đa, Hà NộiXem bản đồ",2 tỷ - 20 m2
65 m²,2 phòng,,,"Nhà ngõ, hẻm",,,"21,23 triệu/m²",,,,,,ha-noi,BÁN NHÀ TẬP THỂ KIM GIANG 65M2 CHỈ NHỈNH HƠN 1 TỶ,,"KIM GIANG, Phường Kim Giang, Quận Thanh Xuân, Hà NộiXem bản đồ","1,38 tỷ - 65 m2"
60 m²,4 phòng,,Đã có sổ,"Nhà ngõ, hẻm",,,"63,33 triệu/m²",,,Hẻm xe hơi,Nội thất đầy đủ,,ha-noi,"Nhà Bán 60Mx4T Chợ Tứ Hiệp, Dân Xây, Ngõ Nông, Nhà Đẹp Đón Tết!",,"Tứ hiệp, Xã Tứ Hiệp, Huyện Thanh Trì, Hà NộiXem bản đồ","3,8 tỷ - 60 m2"
48 m²,3 phòng,4 phòng,Đã có sổ,"Nhà ngõ, hẻm",,,"83,33 triệu/m²",,5,,Nội thất đầy đủ,,ha-noi,"BÁN NHÀ NGOẠI GIAO ĐOÀN 48M2 5T , 20M RA MẶT PHỐ , CHỈ NHỈNH 4 TỶ",,"Đường Xuân Tảo, Phường Xuân Đỉnh, Quận Bắc Từ Liêm, Hà NộiXem bản đồ",4 tỷ - 48 m2
98 m²,5 phòng,,Đã có sổ,"Nhà ngõ, hẻm",,,"127,55 triệu/m²",,4,,Nội thất đầy đủ,,ha-noi,"Nhà 4 tầng ngõ 155 Nguyễn Khang, ngõ ô tô tránh, diện tích 65/98m2",,"nguyễn khang, Phường Yên Hoà, Quận Cầu Giấy, Hà NộiXem bản đồ","12,5 tỷ - 98 m2"
88 m²,5 phòng,,Đã có sổ,Nhà phố liền kề,,,"164,77 triệu/m²",,5,,,,ha-noi,Chính Chủ Cần Bán LK Trịnh Văn Bô,,"Phố Trịnh Văn Bô, Phường Xuân Phương, Quận Nam Từ Liêm, Hà NộiXem bản đồ","14,5 tỷ - 88 m2"
36 m²,3 phòng,3 phòng,Đã có sổ,"Nhà ngõ, hẻm",,,"86,11 triệu/m²",,3,,Nội thất cao cấp,,ha-noi,"3,1 TỶ NHÀ MỚI ĐẸP VĨNH HƯNG 36M 3T/3 NGỦ GẦN PHỐ",,"VĨNH HƯNG, Phường Vĩnh Hưng, Quận Hoàng Mai, Hà NộiXem bản đồ","3,1 tỷ - 36 m2"
35 m²,4 phòng,5 phòng,Đã có sổ,"Nhà ngõ, hẻm",,,"175,71 triệu/m²",,6,,Nhà trống,,ha-noi,"CHỦ NHỜ BÁN NHÀ LẠC LONG QUÂN35M-6 TẦNG THANG MÁY-30M RA PHỐ-GIÁ 6,XTỶ",,"6, Lạc Long Quân, Phường Thụy Khuê, Quận Tây Hồ, Hà NộiXem bản đồ","6,15 tỷ - 35 m2"
30 m²,2 phòng,1 phòng,Đã có sổ,"Nhà ngõ, hẻm",,,43 triệu/m²,,1,,Nội thất đầy đủ,,ha-noi,"1,29 TỶ TT TẦNG 1 TÂN MAI 30M/2 NGỦ KINH DOANH",,"TÂN MAI, Phường Tân Mai, Quận Hoàng Mai, Hà NộiXem bản đồ","1,29 tỷ - 30 m2"
35 m²,4 phòng,2 phòng,Đã có sổ,"Nhà ngõ, hẻm",,,"85,71 triệu/m²",,4,,Nội thất cao cấp,,ha-noi,"TRIỀU KHÚC, THANH XUÂN, NGÕ G63 ĐỖ CỬA RỘNG THÊNH THANG, 35m, 3.xxTỶ.",,"01, Đường Nguyễn Trãi, Phường Thanh Xuân Nam, Quận Thanh Xuân, Hà NộiXem bản đồ",3 tỷ - 35 m2
67 m²,1 phòng,1 phòng,Đã có sổ,"Nhà ngõ, hẻm",,,"99,99 triệu/m²",,1,,Nội thất đầy đủ,,ha-noi,"Nhà Cấp 4 67m mt5.4m view chung cư, ô tô tải tránh, xây Toà Nhà KD",,"Đường Cầu Bươu, Phường Kiến Hưng, Quận Hà Đông, Hà NộiXem bản đồ","6,699 tỷ - 67 m2"
35 m²,5 phòng,,Đã có sổ,"Nhà ngõ, hẻm",,120 m²,"117,14 triệu/m²",,4,,Nhà trống,,ha-noi,"Nhà ngõ 145 Quan Nhân, ngõ to rộng ô tô lùi, 4 tầng, mỗi tầng 2 phòng",,"quan nhân, Phường Nhân Chính, Quận Thanh Xuân, Hà NộiXem bản đồ","4,1 tỷ - 35 m2"
220 m²,8 phòng,Nhiều hơn 6 phòng,Đã có sổ,"Nhà mặt phố, mặt tiền",,,"909,09 triệu/m²",,6,,Nội thất cao cấp,,ha-noi,Biệt thự phố Từ Hoa-Hồ Tây -220m2 x 6 Tầng - mặt tiền 9m - giá 200 tỷ,,"Từ Hoa, Phường Quảng An, Quận Tây Hồ, Hà NộiXem bản đồ",200 tỷ - 220 m2
33 m²,3 phòng,4 phòng,Đã có sổ,"Nhà ngõ, hẻm",,,"113,64 triệu/m²",,5,,Nội thất đầy đủ,,ha-noi,BÁN NHÀ PHÚ DIỄN - ĐƯỜNG BỤT MỌC .Diện tích 32m x 5T. Ô tô 15m.,,"Đường Phú Diễn, Phường Phú Diễn, Quận Bắc Từ Liêm, Hà NộiXem bản đồ","3,75 tỷ - 33 m2"
85 m²,2 phòng,1 phòng,Đã có sổ,"Nhà ngõ, hẻm",,85 m²,"22,94 triệu/m²",,,,Nhà trống,,ha-noi,"BÁN NHÀ TÂN MAI HOÁNG MAI , 2 MẶT THOÁNG, 3 NGỦ, SỔ ĐỎ , GIÁ 1,95 TỶ",,"Tân Mai, Phường Tân Mai, Quận Hoàng Mai, Hà NộiXem bản đồ","1,95 tỷ - 85 m2"
50 m²,2 phòng,1 phòng,Đã có sổ,"Nhà ngõ, hẻm",,,32 triệu/m²,,1,,Nội thất đầy đủ,,ha-noi,"Bán nhà tập thể tầng 1 đẹp như khách sạn, 2 ngủ, kinh doanh, sổ đỏ",,"Phố Tăng Bạt Hổ, Phường Phạm Đình Hổ, Quận Hai Bà Trưng, Hà NộiXem bản đồ","1,6 tỷ - 50 m2"
71 m²,4 phòng,4 phòng,Đã có sổ,Nhà phố liền kề,,,"252,11 triệu/m²",Đông Nam,,,,,ha-noi,"Cần bán căn Biệt thự Liền Kề Ngọc Trai 06 - Giá 17,9 tỷ",,"Yên Viên, Thị trấn Trâu Quỳ, Huyện Gia Lâm, Hà NộiXem bản đồ","17,9 tỷ - 71 m2"
33 m²,4 phòng,4 phòng,Đã có sổ,"Nhà ngõ, hẻm",,,"89,39 triệu/m²",,5,,Nhà trống,,ha-noi,"Bán nhà gần đại học Phenika ô lùi cổng giá 2,9x tỷ 33m2 xây 5 tầng",,"Yên Nghĩa, Hà Đông, Hà Nội, Phường Yên Nghĩa, Quận Hà Đông, Hà NộiXem bản đồ","2,95 tỷ - 33 m2"
45 m²,3 phòng,,,"Nhà ngõ, hẻm",,,"191,11 triệu/m²",,,,,,ha-noi,HOÀNG HOA THÁM-45M2x6 TẦNG -TRUNG TÂM BA ĐÌNH -PHÂN LÔ Ô TÔ -THANG MÁY,,"Đường Hoàng Hoa Thám, Phường Vĩnh Phúc, Quận Ba Đình, Hà NộiXem bản đồ","8,6 tỷ - 45 m2"
