Diện tích đất:,Số phòng ngủ:,Số phòng vệ sinh:,Giấy tờ pháp lý:,Loại hình nhà ở:,Chiều ngang:,Diện tích sử dụng:,Giá/m2:,Hướng cửa chính:,Tổng số tầng:,Đặc điểm nhà/đất:,Tình trạng nội thất:,Chiều dài:,Location,Name,URL,District,Price
51 m²,3 phòng,4 phòng,,"Nhà mặt phố, mặt tiền",,,"441,18 triệu/m²",Tây Nam,5,,,,ha-noi,Bán nhà mặt phố Yên Phụ Khu vực buôn bán sầm uất .,,"Đường Yên Phụ, Phường Yên Phụ, Quận Tây Hồ, Hà NộiXem bản đồ","22,5 tỷ - 51 m2"
33.33 m²,4 phòng,3 phòng,Đã có sổ,"Nhà ngõ, hẻm",,,"102,01 triệu/m²",Đông Bắc,4,,,,ha-noi,Cần chuyển nhượng lại căn nhà phố Lai Xá ( cạnh trường ĐH Thành Đô),,"Ngõ Bông Vải Sợi, Xã Kim Chung, Huyện Hoài Đức, Hà NộiXem bản đồ","3,4 tỷ - 33.33 m2"
30 m²,4 phòng,,,"Nhà ngõ, hẻm",,,"96,67 triệu/m²",,5,,Nhà trống,,ha-noi,"Bán nhà Đa sỹ, Kiến Hưng 30m2* 5tầng, 2,9 tỷ Hà đông, Hà nội",,"đa sỹ, Phường Kiến Hưng, Quận Hà Đông, Hà NộiXem bản đồ","2,9 tỷ - 30 m2"
8.8 m²,4 phòng,4 phòng,Đã có sổ,"Nhà mặt phố, mặt tiền",,,1.000 triệu/m²,,6,,Nội thất đầy đủ,,ha-noi,Bán nhà Bồ Đề 60 m2 6 tầng mt 4 m giá 8;9 tỷ,,"88, Bồ đề, Phường Bồ Đề, Quận Long Biên, Hà NộiXem bản đồ","8,8 tỷ - 8.8 m2"
47 m²,3 phòng,,Đã có sổ,"Nhà mặt phố, mặt tiền",,,"382,98 triệu/m²",,4,,Nội thất đầy đủ,,ha-noi,"Bán nhà 47m2 mặt phố Hàng Bún, vị trí đẹp nhất nhì quận Ba Đình",,"Phố Hàng Bún, Phường Quán Thánh, Quận Ba Đình, Hà NộiXem bản đồ",18 tỷ - 47 m2
34 m²,3 phòng,,Đã có sổ,"Nhà ngõ, hẻm",,34 m²,"117,65 triệu/m²",,,,Nội thất đầy đủ,,ha-noi,"CHỈ 4 TỶ SỞ HỮU NHÀ THANH XUÂN QUẬN - 34M2, 4 TẦNG, TẶNG FULL NỘI THẤT",,"Đường Khương Đình, Phường Thượng Đình, Quận Thanh Xuân, Hà NộiXem bản đồ",4 tỷ - 34 m2
40 m²,3 phòng,,,"Nhà mặt phố, mặt tiền",,43 m²,150 triệu/m²,,,,,,ha-noi,Nhà 5 tầng. 3 mặt tiền ngay ngã tư tổ 4.,,"91, cao lỗ, Thị trấn Đông Anh, Huyện Đông Anh, Hà NộiXem bản đồ",6 tỷ - 40 m2
190 m²,8 phòng,,,Nhà biệt thự,,,100 triệu/m²,,,"Hẻm xe hơi,Nở hậu",,,ha-noi,Bán biệt thự rất đẹp để chuyển vào miền nam sinh sống cùng gia đình,,"Đường Đại lộ Thăng Long, Xã Vân Canh, Huyện Hoài Đức, Hà NộiXem bản đồ",19 tỷ - 190 m2
15 m²,3 phòng,2 phòng,Đã có sổ,"Nhà ngõ, hẻm",,,112 triệu/m²,,4,,Nội thất đầy đủ,,ha-noi,Bán nhà ngõ văn hương tôn đức thắng đống đa,,"Ngõ Văn Hương Tôn Đức Thắng Đống Đa, Phường Hàng Bột, Quận Đống Đa, Hà NộiXem bản đồ","1,68 tỷ - 15 m2"
42 m²,4 phòng,4 phòng,Đã có sổ,"Nhà mặt phố, mặt tiền",,,"233,33 triệu/m²",,4,,Nội thất cao cấp,,ha-noi,BÁN NHÀ - LÝ THƯỜNG KIỆT - HÀ ĐÔNG. Đường To Ngõ Rộng . Dọn Về Ở Ngay,,"Đường Lý Thường Kiệt, Phường Quang Trung, Quận Hà Đông, Hà NộiXem bản đồ","9,8 tỷ - 42 m2"
46.8 m²,3 phòng,3 phòng,Đã có sổ,"Nhà ngõ, hẻm",,,"35,9 triệu/m²",Đông,3,,,,ha-noi,Chính chủ cần bán gấp nhà mới 3 tầng,,"Nghách 3/1 Xóm Thượng Phúc, Xã Cao Viên, Huyện Thanh Oai, Hà NộiXem bản đồ","1,68 tỷ - 46.8 m2"
93 m²,10 phòng,,,"Nhà mặt phố, mặt tiền",7 m,93 m²,"231,18 triệu/m²",,5,,,,ha-noi,Bán Tòa nhà 5 Tầng đang cho thuê tại gần Văn Mếu Quốc Tử Giám,,"Ngõ Lương Sử C, Phường Văn Chương, Quận Đống Đa, Hà NộiXem bản đồ","21,5 tỷ - 93 m2"
30 m²,3 phòng,4 phòng,Đã có sổ,"Nhà ngõ, hẻm",,,133 triệu/m²,,5,,Nội thất đầy đủ,,ha-noi,"Bán nhà gấp 30m2, 5 tầng, giá nhình hơn 3 tỷ. Phố QUAN NHÂN",,"Phố Quan Nhân, Phường Nhân Chính, Quận Thanh Xuân, Hà NộiXem bản đồ","3,99 tỷ - 30 m2"
30 m²,4 phòng,4 phòng,Đã có sổ,"Nhà ngõ, hẻm",,,100 triệu/m²,Tây Bắc,5,,,,ha-noi,"GÓC BÁN NHÀ. TẠI TT TRÂU QUỲ, H GIA LÂM, TP HN.",,"Ngõ 17 Cổ Bi, Thị trấn Trâu Quỳ, Huyện Gia Lâm, Hà NộiXem bản đồ",3 tỷ - 30 m2
40 m²,2 phòng,2 phòng,,"Nhà ngõ, hẻm",4 m,40 m²,"68,5 triệu/m²",,,,,10 m,ha-noi,"BÁN NHANH NHÀ 40M2 NGAY CHỢ HÀ ĐÔNG, CỰC TRUNG TÂM, LÔ GÓC GIÁ 65TR/M2",,"Đường Đa Sỹ, Phường Kiến Hưng, Quận Hà Đông, Hà NộiXem bản đồ","2,74 tỷ - 40 m2"
48 m²,5 phòng,4 phòng,Đã có sổ,"Nhà mặt phố, mặt tiền",,,"67,71 triệu/m²",Đông Bắc,4,,,,ha-noi,"Bán nhà đẹp mới xây 4 tầng tại Miêu Nha, Tây Mỗ, 48M², giá 3.25 tỷ",,"Miêu Nha, Phường Tây Mỗ, Quận Nam Từ Liêm, Hà NộiXem bản đồ","3,25 tỷ - 48 m2"
45 m²,4 phòng,,,"Nhà ngõ, hẻm",,45 m²,"51,11 triệu/m²",,,Nở hậu,,,ha-noi,"Bán nhà đẹp nhất phố Tây Mỗ, Nam Từ Liêm gần Ô TÔ, Ở Luôn, 44m, MT4.5m",,"Lê Quang Đạo kéo dài, Phường Đại Mỗ, Quận Nam Từ Liêm, Hà NộiXem bản đồ","2,3 tỷ - 45 m2"
32 m²,1 phòng,1 phòng,Đã có sổ,"Nhà mặt phố, mặt tiền",,,"212,5 triệu/m²",Đông Bắc,1,,,,ha-noi,BÁN ĐẤT TẶNG NHÀ MẶT PHỐ NGỌC THUỴ - DIỆN TÍCH 32M - MẶT TIỀN 3.8M,,"Ngọc Thụy, Phường Ngọc Thụy, Quận Long Biên, Hà NộiXem bản đồ","6,8 tỷ - 32 m2"
46 m²,2 phòng,2 phòng,,"Nhà ngõ, hẻm",,46 m²,"108,7 triệu/m²",,3,,,,ha-noi,"Bán nhà ngõ phố Lê Trọng Tấn, 46m2 x 3 tầng, mặt tiền 4.5m, 5.x tỷ",,"Lê Trọng Tấn, Phường Khương Mai, Quận Thanh Xuân, Hà NộiXem bản đồ",5 tỷ - 46 m2
55 m²,3 phòng,,,"Nhà ngõ, hẻm",,,"118,18 triệu/m²",,,,,,ha-noi,BA ĐÌNH-PHỐ VIP-55M2 NHỈNH 6TỶ-BÃI ĐỖ ÔTÔ SÁT NHÀ-NGÕ THÔNG THOÁNG,,"Phố Đào Tấn, Phường Cống Vị, Quận Ba Đình, Hà NộiXem bản đồ","6,5 tỷ - 55 m2"
38 m²,3 phòng,2 phòng,Đã có sổ,,,,100 triệu/m²,Đông Bắc,3,,,,ha-noi,CHỦ NHÀ CẦN TIỀN BÁN GẤP,,"Nguyễn Lương Bằng, Phường Nam Đồng, Quận Đống Đa, Hà NộiXem bản đồ","3,8 tỷ - 38 m2"
43 m²,3 phòng,3 phòng,Đã có sổ,"Nhà ngõ, hẻm",,,"94,19 triệu/m²",,3,,Nội thất đầy đủ,,ha-noi,💥💥💥 CHỦ CẦN BÁN GẤP GIẢM CHÀO 200TR- 4 TỶ NHỈNH CÓ NGAY NHÀ MẶT PHỐ,,"Trương Định, Phường Trương Định, Quận Hai Bà Trưng, Hà NộiXem bản đồ","4,05 tỷ - 43 m2"
30.8 m²,4 phòng,3 phòng,Đã có sổ,,,,"60,71 triệu/m²",Tây Bắc,4,,,,ha-noi,"nhà 30,8m 4 phòng ngủ 3 wc thượng phúc tả thanh oai",,"đuong ta thanh oai, Xã Tả Thanh Oai, Huyện Thanh Trì, Hà NộiXem bản đồ","1,87 tỷ - 30.8 m2"
33 m²,2 phòng,2 phòng,Đã có sổ,"Nhà ngõ, hẻm",,,"69,09 triệu/m²",Đông Nam,3,,,,ha-noi,"Nhà 3 tấng Thọ Am, Ngõ để ô tô ngày đêm, MT 4,2m, Sổ đỏ, Giá 2,28 tỷ",,"Thọ am, Xã Liên Ninh, Huyện Thanh Trì, Hà NộiXem bản đồ","2,28 tỷ - 33 m2"
15 m²,2 phòng,2 phòng,Đã có sổ,,,,90 triệu/m²,Đông Nam,5,,,,ha-noi,Bán nhà hàng đối diện time city,,"349 Minh Khai, Phường Vĩnh Tuy, Quận Hai Bà Trưng, Hà NộiXem bản đồ","1,35 tỷ - 15 m2"
33 m²,5 phòng,5 phòng,Đã có sổ,"Nhà ngõ, hẻm",,,"136,36 triệu/m²",Tây Bắc,6,,,,ha-noi,"NHÀ 33 M2 XÂY 6 TẦNG THANG MÁY, NGÕ 322 MỸ ĐÌNH GIÁ 4,5 TỶ",,"Mỹ Đình, Phường Mỹ Đình 1, Quận Nam Từ Liêm, Hà NộiXem bản đồ","4,5 tỷ - 33 m2"
180 m²,6 phòng,6 phòng,Đã có sổ,Nhà biệt thự,,,"216,67 triệu/m²",Đông Bắc,5,,,,ha-noi,BIỆT THỰ SÂN VƯỜN BỂ CÁ COI GIỮA TRUNG TÂM QUẬN CẦU GIẤY,,"Thành Thái, Phường Dịch Vọng, Quận Cầu Giấy, Hà NộiXem bản đồ",39 tỷ - 180 m2
25 m²,2 phòng,2 phòng,,"Nhà ngõ, hẻm",,,118 triệu/m²,,,,,,ha-noi,CẦN BÁN NHÀ 3 MẶT THOÁNG VÀO Ở LUÔN CÓ THƯƠNG LƯỢNG,,"Phố Khâm Thiên, Phường Khâm Thiên, Quận Đống Đa, Hà NộiXem bản đồ","2,95 tỷ - 25 m2"
39.5 m²,5 phòng,4 phòng,Đã có sổ,"Nhà ngõ, hẻm",,,"197,47 triệu/m²",Tây Bắc,5,,,,ha-noi,"Chính chủ bán nhà ngõ ô tô 39,5 mét 5 phòng ngủ Vũ Tông Phan",,"277/10/1, Vũ Tông Phan, Phường Khương Trung, Quận Thanh Xuân, Hà NộiXem bản đồ","7,8 tỷ - 39.5 m2"
45 m²,2 phòng,2 phòng,Đã có sổ,"Nhà ngõ, hẻm",,,60 triệu/m²,,5,,Nội thất đầy đủ,,ha-noi,Bán nhà tập thể khu Nam đồng Đống đa Dt 190m 4 ngủ.,,"Ngõ 119 Hồ Đắc Di, Phường Nam Đồng, Quận Đống Đa, Hà NộiXem bản đồ","2,7 tỷ - 45 m2"
99 m²,4 phòng,5 phòng,Đã có sổ,"Nhà mặt phố, mặt tiền",,,"606,06 triệu/m²",,5,,Nhà trống,,ha-noi,"Thông số quá đẹp 99m-5 tầng thang máy- mặt tiền đẹp 5,5m MP Hàng Tre",,"Hàng Tre, Phường Chương Dương, Quận Hoàn Kiếm, Hà NộiXem bản đồ",60 tỷ - 99 m2
36 m²,3 phòng,3 phòng,Đã có sổ,"Nhà ngõ, hẻm",,,95 triệu/m²,Tây,3,,,,ha-noi,"Bán nhà riêng 3 tầng 35,4 m2 tại Đa Sỹ, Phường Kiến Hưng, Hà Đông",,"Tổ 5 Đa Sỹ, Phường Kiến Hưng, Quận Hà Đông, Hà NộiXem bản đồ","3,42 tỷ - 36 m2"
30 m²,2 phòng,2 phòng,Đã có sổ,"Nhà ngõ, hẻm",,,"89,33 triệu/m²",,2,,Nội thất đầy đủ,,ha-noi,"Bán nhà ngõ 170 hông mai diện tich 27,2m2 diện tich sử dung 62m2",,"Hông Mai, Phường Bạch Mai, Quận Hai Bà Trưng, Hà NộiXem bản đồ","2,68 tỷ - 30 m2"
80 m²,nhiều hơn 10 phòng,Nhiều hơn 6 phòng,Đã có sổ,"Nhà mặt phố, mặt tiền",,,85 triệu/m²,Đông Nam,17,,,,ha-noi,Anh trai cần tiền bán toà nhà đang cho thuê full phòng tại Hoà Lạc,,"Thôn 8, Xã Tân Xã, Huyện Thạch Thất, Hà NộiXem bản đồ","6,8 tỷ - 80 m2"
352.9 m²,4 phòng,4 phòng,Đã có sổ,Nhà biệt thự,,,"399,55 triệu/m²",,2,,Nhà trống,,ha-noi,"Bán biệt thự Khu trung tâm Khu đô thị Tây Hồ, Xuân tảo, BTL, HN",,"Khu đô thị Tây Hồ, Phường Xuân Tảo, Quận Bắc Từ Liêm, Hà NộiXem bản đồ",141 tỷ - 352.9 m2
39 m²,3 phòng,,Đã có sổ,"Nhà mặt phố, mặt tiền",,,500 triệu/m²,Đông,5,,,,ha-noi,BÁN NHÀ SIÊU HIẾM MẶT PHỐ TRẦN THÁI TÔNG,,"Trần Thái Tông, Phường Dịch Vọng Hậu, Quận Cầu Giấy, Hà NộiXem bản đồ","19,5 tỷ - 39 m2"
64 m²,5 phòng,5 phòng,Đã có sổ,"Nhà mặt phố, mặt tiền",,,160 triệu/m²,Đông Nam,4,,,,ha-noi,Ngõ 177 thanh đàm,,"Trần Đại Đức, Phường Thanh Trì, Quận Hoàng Mai, Hà NộiXem bản đồ","10,24 tỷ - 64 m2"
35 m²,3 phòng,4 phòng,Đã có sổ,"Nhà mặt phố, mặt tiền",,,"139,71 triệu/m²",,5,,Nội thất đầy đủ,,ha-noi,"Bán Nhà Phố Cầu Am , Hà Đông",,"Đường Dương Nội, Phường La Khê, Quận Hà Đông, Hà NộiXem bản đồ","4,89 tỷ - 35 m2"
43 m²,3 phòng,4 phòng,Đã có sổ,"Nhà ngõ, hẻm",,,"160,47 triệu/m²",,5,,Nhà trống,,ha-noi,Xã Đàn 43m 5 tầng oto đỗ cửa quay đầu khu ở sướng nhà đẹp hơn 6 tỷ,,"Phố Phạm Ngọc Thạch, Phường Kim Liên, Quận Đống Đa, Hà NộiXem bản đồ","6,9 tỷ - 43 m2"
35 m²,3 phòng,4 phòng,Đã có sổ,"Nhà mặt phố, mặt tiền",,,"191,43 triệu/m²",,5,,Nội thất đầy đủ,,ha-noi,TRUNG TÂM ĐỐNG ĐA NGÕ THÔNG KINH DOANH SẦM UẤT,,"Thái Thịnh, Phường Trung Liệt, Quận Đống Đa, Hà NộiXem bản đồ","6,7 tỷ - 35 m2"
49 m²,3 phòng,3 phòng,Đã có sổ,"Nhà ngõ, hẻm",,,"65,31 triệu/m²",Đông Bắc,3,,,,ha-noi,"Nhà đẹp giá tốt, DT 49m2, Mt 5m, Phạm văn đồng",,"Cầu Long Biên, Phường Long Biên, Quận Long Biên, Hà NộiXem bản đồ","3,2 tỷ - 49 m2"
100 m²,nhiều hơn 10 phòng,Nhiều hơn 6 phòng,Đã có sổ,"Nhà ngõ, hẻm",,,170 triệu/m²,Tây Bắc,7,,,,ha-noi,Bán tòa nhà CCMN vị trí SIÊU HOT SIÊU DÒNG TIỀN nhất Cầu Giấy,,"HT Homes Số nhà 3 ngách 22 ngõ 85, Xuân Thủy, Phường Dịch Vọng Hậu, Quận Cầu Giấy, Hà NộiXem bản đồ",17 tỷ - 100 m2
40 m²,3 phòng,,Đã có sổ,"Nhà ngõ, hẻm",,40 m²,135 triệu/m²,,4,,Nội thất đầy đủ,,ha-noi,"Hot! Bán nhà khu vực rất hiếm, duyên và phải nhanh, Mễ Trì",,"Phố Mễ Trì Thượng, Phường Mễ Trì, Quận Nam Từ Liêm, Hà NộiXem bản đồ","5,4 tỷ - 40 m2"
34.5 m²,1 phòng,2 phòng,,"Nhà ngõ, hẻm",4 m,,"31,88 triệu/m²",Bắc,1,,,,ha-noi,Chuyển nhượng nhà đất trong ngõ cách mặt đường Quang Trung 20m,,"Quang Trung, Phường Quang Trung, Thị xã Sơn Tây, Hà NộiXem bản đồ","1,1 tỷ - 34.5 m2"
32.6 m²,2 phòng,2 phòng,Giấy tờ khác,"Nhà ngõ, hẻm",,,"67,48 triệu/m²",Tây,3,,,,ha-noi,Cần bán nhà gấp,,"Ngõ 143 Phúc Tân, Phường Phúc Tân, Quận Hoàn Kiếm, Hà NộiXem bản đồ","2,2 tỷ - 32.6 m2"
34 m²,1 phòng,1 phòng,Đã có sổ,"Nhà ngõ, hẻm",,,"111,76 triệu/m²",Tây,1,,,,ha-noi,Bán nhà cấp 4,,"Ngõ 6 Đường Ngô Quyền, Phường Quang Trung, Quận Hà Đông, Hà NộiXem bản đồ","3,8 tỷ - 34 m2"
25 m²,3 phòng,2 phòng,Đã có sổ,"Nhà ngõ, hẻm",,,144 triệu/m²,Tây,3,,,,ha-noi,Bán nhà khu trung tâm chính chủ - sổ đỏ 25m 3 tầng + tum,,"Ngõ Văn Hương, Phường Hàng Bột, Quận Đống Đa, Hà NộiXem bản đồ","3,6 tỷ - 25 m2"
54 m²,5 phòng,,,"Nhà ngõ, hẻm",,,"118,52 triệu/m²",,,,,,ha-noi,"Bán nhà Thanh Xuân 54m2, 5 tầng, mặt tiền 4m, giá 6. 4Tỷ",,"Khương Trung, Phường Khương Trung, Quận Thanh Xuân, Hà NộiXem bản đồ","6,4 tỷ - 54 m2"
58 m²,4 phòng,,Đã có sổ,"Nhà ngõ, hẻm",,58 m²,100 triệu/m²,,5,Hẻm xe hơi,,,ha-noi,"BÁN NHÀ MẶT- HỒ LINH ĐÀM -Q. HM DT 58M - 5 TẦNG MT 3,8M GIÁ 100TR. M2",,"Phố Linh Đường, Phường Hoàng Liệt, Quận Hoàng Mai, Hà NộiXem bản đồ","5,8 tỷ - 58 m2"
105 m²,5 phòng,5 phòng,Đã có sổ,"Nhà ngõ, hẻm",,,180 triệu/m²,Tây Nam,5,,,,ha-noi,"Bán nhà riêng 105m, 5 tầng, 5 phòng ngủ, đường Nguyễn Chí Thanh, HN",,"So 22b Ngõ 76 Nguyễn Chí Thanh, Đường Nguyễn Chí Thanh, Phường Láng Thượng, Quận Đống Đa, Hà NộiXem bản đồ","18,9 tỷ - 105 m2"
36 m²,4 phòng,3 phòng,Đã có sổ,"Nhà ngõ, hẻm",3.5 m,,"163,89 triệu/m²",,4,,,,ha-noi,"15M RA PHỐ - GẦN TRƯỜNG CHU VĂN AN CÁC CẤP- 36m2x4T, MT 3.5m - 5.9T",,"Ngõ gần 69 Thụy Khuê, Thụy Khuê, Phường Thụy Khuê, Quận Tây Hồ, Hà NộiXem bản đồ","5,9 tỷ - 36 m2"
222 m²,3 phòng,2 phòng,Đã có sổ,"Nhà mặt phố, mặt tiền",7.4 m,,"211,71 triệu/m²",,,,Nhà trống,,ha-noi,BÁN NHÀ MẶT PHỐ PHỐ CẦU ĐẤT- XÂY TOÀ NHÀ VĂN PHÒNG THANG MÁY TUYỆT ĐẸP,,"Cầu Đất, Phường Chương Dương, Quận Hoàn Kiếm, Hà NộiXem bản đồ",47 tỷ - 222 m2
35 m²,3 phòng,4 phòng,Đã có sổ,"Nhà ngõ, hẻm",,,100 triệu/m²,Tây Nam,45,,,,ha-noi,Bán nhà phú diễn oto đỗ cổng,,"Đường Nguyễn Đạo An, Phường Phú Diễn, Quận Bắc Từ Liêm, Hà NộiXem bản đồ","3,5 tỷ - 35 m2"
68 m²,4 phòng,4 phòng,,"Nhà ngõ, hẻm",6 m,68 m²,"122,06 triệu/m²",,4,,,,ha-noi,Bán Nhà đất Quan Nhân - Trung Hoà -Cầu giấy (Miễn trung gian),,"Quan Nhân, Phường Trung Hoà, Quận Cầu Giấy, Hà NộiXem bản đồ","8,3 tỷ - 68 m2"
45 m²,4 phòng,,,"Nhà mặt phố, mặt tiền",,,"211,11 triệu/m²",,,,,,ha-noi,PHỐ VÍP PHÙNG CHÍ KIÊN 45M2-7T-HƠN 9tỷ -LÔ GÓC -NGÕ NÔNG OTO ĐỖ CỬA 50,,"Phùng Chí Kiên, Phường Dịch Vọng, Quận Cầu Giấy, Hà NộiXem bản đồ","9,5 tỷ - 45 m2"
40 m²,3 phòng,2 phòng,Đã có sổ,"Nhà ngõ, hẻm",,,"63,75 triệu/m²",Tây,3,,,,ha-noi,"Chính chủ cần bán nhà 40m2 khu dân cư yên tĩnh, sạch sẽ",,"Ngõ 23, Xã La Phù, Huyện Hoài Đức, Hà NộiXem bản đồ","2,55 tỷ - 40 m2"
40 m²,6 phòng,,,"Nhà ngõ, hẻm",,40 m²,125 triệu/m²,,,,,,ha-noi,Cần bán gấp nhà Tây Sơn ngõ trước nhà 3 gác tránh nhau giá nhỉnh 5 tỷ,,"Tây Sơn, Phường Kim Liên, Quận Đống Đa, Hà NộiXem bản đồ",5 tỷ - 40 m2
121 m²,nhiều hơn 10 phòng,Nhiều hơn 6 phòng,Đã có sổ,"Nhà mặt phố, mặt tiền",,,"140,5 triệu/m²",,6,,Nội thất cao cấp,,ha-noi,khách sạn 6 tầng -Long Biên,,"Phố Đàm Quang Trung, Phường Long Biên, Quận Long Biên, Hà NộiXem bản đồ",17 tỷ - 121 m2
56 m²,5 phòng,4 phòng,Đã có sổ,"Nhà mặt phố, mặt tiền",,,"71,43 triệu/m²",,4,,Nội thất đầy đủ,,ha-noi,💥💥💥 SIÊU PHẨM - SIÊU PHẨM MỌI NGƯỜI ƠI,,"An trai, Xã Vân Canh, Huyện Hoài Đức, Hà NộiXem bản đồ",4 tỷ - 56 m2
103 m²,8 phòng,5 phòng,Đã có sổ,Nhà phố liền kề,,,"38,83 triệu/m²",,5,,Nội thất cao cấp,,ha-noi,"Cần tiền gấp bán đất chính chủ 5 tầng 103m2 Gần chợ , trường học",,"A2 LK8 Phú Thịnh . Thị Xã Sơn Tây, Đường Phú Hà, Phường Phú Thịnh, Thị xã Sơn Tây, Hà NộiXem bản đồ",4 tỷ - 103 m2
35 m²,3 phòng,4 phòng,Đã có sổ,"Nhà mặt phố, mặt tiền",,,"127,14 triệu/m²",Đông,5,,,,ha-noi,"BÁN NHÀ PHỐ VĨNH HƯNG - LĨNH NAM 35m, 5 tầng",,"Phố Vĩnh Hưng, Phường Vĩnh Hưng, Quận Hoàng Mai, Hà NộiXem bản đồ","4,45 tỷ - 35 m2"
58.4 m²,2 phòng,2 phòng,,"Nhà ngõ, hẻm",,,"65,07 triệu/m²",,2,,,,ha-noi,B.Á.N GẤP NHÀ 2 TẦNG 58.4m2💰hơn 3 tỷ.ôtô đỗ Tại SÀI ĐỒNG -LONG BIÊN,,"Sài Đồng, Phường Sài Đồng, Quận Long Biên, Hà NộiXem bản đồ","3,8 tỷ - 58.4 m2"
18.3 m²,2 phòng,2 phòng,Đã có sổ,"Nhà ngõ, hẻm",,,"208,74 triệu/m²",Đông Nam,4,,,,ha-noi,Chính chủ bán nhà 4 tầng 29 Hồng Mai-HBT,,"Phố Hồng Mai, Phường Bạch Mai, Quận Hai Bà Trưng, Hà NộiXem bản đồ","3,82 tỷ - 18.3 m2"
31.5 m²,3 phòng,3 phòng,,"Nhà ngõ, hẻm",,,"85,71 triệu/m²",,,,,,ha-noi,"bán 4 tầng Số nhà 35, Ngõ 2, Trung Thanh, Xã Hữu Hòa, Thanh Trì",,"trung thanh, Xã Hữu Hoà, Huyện Thanh Trì, Hà NộiXem bản đồ","2,7 tỷ - 31.5 m2"
45 m²,5 phòng,,Đã có sổ,"Nhà ngõ, hẻm",,,"122,22 triệu/m²",,4,,Nội thất cao cấp,,ha-noi,"Phân lô Phương Mai, ngõ ô tô, kinh doanh, vỉa hè, full đồ đẹp 44m2*4T",,"Phương Mai, Phường Phương Mai, Quận Đống Đa, Hà NộiXem bản đồ","5,5 tỷ - 45 m2"
111 m²,2 phòng,,,"Nhà mặt phố, mặt tiền",,,"279,28 triệu/m²",,,,,,ha-noi,"Chính chủ cần bán nhà tại mặt phố Lê Thanh Nghị, 2 mặt tiền . DT 111m2",,"lê thanh nghị, Phường Đồng Tâm, Quận Hai Bà Trưng, Hà NộiXem bản đồ",31 tỷ - 111 m2
35 m²,4 phòng,,,"Nhà ngõ, hẻm",,,"114,29 triệu/m²",,5,,,,ha-noi,"Bán nhà Lê Quang Đạo, khu dân trí cao, 35m, 4 tỷ",,"Đường Lê Quang Đạo, Phường Phú Đô, Quận Nam Từ Liêm, Hà NộiXem bản đồ",4 tỷ - 35 m2
42 m²,6 phòng,,,Nhà phố liền kề,,,"321,43 triệu/m²",,,,,,ha-noi,MUA NHÀ TẶNG NỘI THẤT PHỐ XUÂN LA -TÂY HỒ -DT 42m2 x6Tầng x4m,,"Xuân la, Phường Xuân La, Quận Tây Hồ, Hà NộiXem bản đồ","13,5 tỷ - 42 m2"
32 m²,3 phòng,,,"Nhà ngõ, hẻm",,,125 triệu/m²,,,,,,ha-noi,NHÀ HIẾM PHỐ NGUYỄN SƠN,,"Đường Nguyễn Sơn, Phường Gia Thụy, Quận Long Biên, Hà NộiXem bản đồ",4 tỷ - 32 m2
8 m²,1 phòng,1 phòng,Giấy tờ khác,"Nhà ngõ, hẻm",,,"87,5 triệu/m²",Đông Bắc,2,,,,ha-noi,Nhà ngõ 470 bạch mai hbt hn giá rẻ,,"Phố Bạch Mai, Phường Trương Định, Quận Hai Bà Trưng, Hà NộiXem bản đồ",700 triệu - 8 m2
29 m²,4 phòng,5 phòng,Đã có sổ,"Nhà ngõ, hẻm",3.3 m,,"165,52 triệu/m²",,,,Nội thất đầy đủ,,ha-noi,ngõ 203 Kim Ngưu,,"Phố Kim Ngưu, Phường Thanh Lương, Quận Hai Bà Trưng, Hà NộiXem bản đồ","4,8 tỷ - 29 m2"
36.3 m²,3 phòng,4 phòng,Đã có sổ,"Nhà ngõ, hẻm",,,"129,48 triệu/m²",Nam,5,,,,ha-noi,"Nhà 36.3 m2 , 5 tầng full nội thất ngõ 193 Phú Diễn",,"8, Ngõ 193 Đường Phú Diễn, Phường Phú Diễn, Quận Bắc Từ Liêm, Hà NộiXem bản đồ","4,7 tỷ - 36.3 m2"
36 m²,4 phòng,4 phòng,Đã có sổ,"Nhà ngõ, hẻm",,,"102,22 triệu/m²",,5,,Nội thất cao cấp,,ha-noi,"CƠ HỘI VÀNG 3 TỶ CÓ NHÀ MẶT NGÕ NÔNG, NGAY SÁT Ô TÔ, VUÔNG VẮN CỰC ĐẸP",,"147, Phố Tân Mai, Phường Tân Mai, Quận Hoàng Mai, Hà NộiXem bản đồ","3,68 tỷ - 36 m2"
36.5 m²,1 phòng,1 phòng,Đã có sổ,"Nhà ngõ, hẻm",,,"41,64 triệu/m²",,1,,Nhà trống,,ha-noi,Chính chủ cần bán luôn để chuyển công tác !!!,,"Cổ Bi, Xã Cổ Bi, Huyện Gia Lâm, Hà NộiXem bản đồ","1,52 tỷ - 36.5 m2"
105 m²,5 phòng,5 phòng,,"Nhà mặt phố, mặt tiền",,,"304,76 triệu/m²",Đông Nam,3,"Hẻm xe hơi,Nở hậu",,,ha-noi,Bán nhà Mặt Phố Bạch Mai 105m² 3 Tầng cũ.Rộng 4.5m 32 tỷ HB Trưng HN,,"Bạch Mai, Phường Bạch Mai, Quận Hai Bà Trưng, Hà NộiXem bản đồ",32 tỷ - 105 m2
30 m²,2 phòng,3 phòng,Đã có sổ,"Nhà ngõ, hẻm",,,150 triệu/m²,,3,,,,ha-noi,"Bán nhà riêng chính chủ số 1 ngách 11 ngõ 1295 Giải Phóng,Hoàng Mai",,"Số 1 ngách 11, Ngõ 1295 Giải Phóng, Phường Hoàng Liệt, Quận Hoàng Mai, Hà NộiXem bản đồ","4,5 tỷ - 30 m2"
31 m²,3 phòng,3 phòng,Đã có sổ,"Nhà ngõ, hẻm",,,"98,39 triệu/m²",Bắc,5,,,,ha-noi,"Bán nhà 5Tx31m2 La Nội, Dương Nội 200m ra đường Lê Trọng Tấn. Giá 3,05",,"Phố La Nội, Phường Dương Nội, Quận Hà Đông, Hà NộiXem bản đồ","3,05 tỷ - 31 m2"
400 m²,5 phòng,4 phòng,,,,,55 triệu/m²,Đông Nam,3,,,,ha-noi,"Chính chủ bán biệt thự căn C14 The Phoenix Garden giá 22 tỷ, 400m2",,"căn C14, Phoenix Garden, Xã Đan Phượng, Huyện Đan Phượng, Hà NộiXem bản đồ",22 tỷ - 400 m2
30 m²,4 phòng,3 phòng,Đã có sổ,,,,77 triệu/m²,Đông,4,,,,ha-noi,Chính chủ cần bán nhà 4 tầng mới xây tại Đông La Hoài Đức,,"Tân lập, Xã Đông La, Huyện Hoài Đức, Hà NộiXem bản đồ","2,31 tỷ - 30 m2"
35 m²,2 phòng,3 phòng,Đã có sổ,"Nhà mặt phố, mặt tiền",,,"132,86 triệu/m²",Bắc,4,,,,ha-noi,"nhà mặt ngõ,ô tô qua qua nhà,ngõ rộng 6m,kinh doanh đỉnh,đã có sổ đỏ,l",,"76, Đường Cầu Diễn, Phường Minh Khai, Quận Bắc Từ Liêm, Hà NộiXem bản đồ","4,65 tỷ - 35 m2"
35 m²,2 phòng,3 phòng,Đã có sổ,"Nhà mặt phố, mặt tiền",,,"132,86 triệu/m²",Bắc,4,,,,ha-noi,"nhà mặt ngõ,ô tô qua qua nhà,ngõ rộng 6m,kinh doanh đỉnh,đã có sổ đỏ,l",,"76, Đường Cầu Diễn, Phường Minh Khai, Quận Bắc Từ Liêm, Hà NộiXem bản đồ","4,65 tỷ - 35 m2"
35 m²,3 phòng,4 phòng,Đã có sổ,"Nhà ngõ, hẻm",,,"147,14 triệu/m²",,5,,Nội thất đầy đủ,,ha-noi,Bán nhà Cầu Giấy 5 tầng nhỉnh 5 tỷ,,"Cầu Giấy, Phường Dịch Vọng, Quận Cầu Giấy, Hà NộiXem bản đồ","5,15 tỷ - 35 m2"
80 m²,5 phòng,5 phòng,Đã có sổ,"Nhà mặt phố, mặt tiền",4 m,80 m²,250 triệu/m²,,,,,,ha-noi,BÁN NHÀ MẶT PHỐ MẠC THỊ BƯỞI-80M-7 TẦNG- THANG MÁY-NHỈNH 20 TỶ,,"Mạc Thị Bưởi, Phường Vĩnh Tuy, Quận Hai Bà Trưng, Hà NộiXem bản đồ",20 tỷ - 80 m2
143.3 m²,5 phòng,,Đã có sổ,Nhà biệt thự,,143.3 m²,"153,52 triệu/m²",Bắc,,,,,ha-noi,"Cần bán gấp biệt thự VIP KĐT Intracom Trung Văn 143,3m2",,"Trung Văn, Phường Trung Văn, Quận Nam Từ Liêm, Hà NộiXem bản đồ",22 tỷ - 143.3 m2
48 m²,6 phòng,4 phòng,Đã có sổ,Nhà phố liền kề,,,"170,83 triệu/m²",Tây,5,,,,ha-noi,"Chính chủ Bán Nhà 5 tầng đẹp Lê trọng tấn, Hà đông, Hà Nội",,"Đường Lê Trọng Tấn, Phường La Khê, Quận Hà Đông, Hà NộiXem bản đồ","8,2 tỷ - 48 m2"
24 m²,1 phòng,,,"Nhà mặt phố, mặt tiền",,,"129,17 triệu/m²",,1,,,,ha-noi,PHÚC LỢI- LÔ GÓC 2 MẶT NGÕ- Ô TÔ PHI VÈO VÈO-VỈA HÈ TO NHƯ SÂN BÓNG,,"Đường Phúc Lợi, Phường Phúc Lợi, Quận Long Biên, Hà NộiXem bản đồ","3,1 tỷ - 24 m2"
97 m²,4 phòng,2 phòng,Đã có sổ,"Nhà mặt phố, mặt tiền",,,"134,02 triệu/m²",,4,,,,ha-noi,Bán nhà mặt Phố Phan Đình Phùng Thị Trấn Phùng,,"500, quốc lộ 32, Thị trấn Phùng, Huyện Đan Phượng, Hà NộiXem bản đồ",13 tỷ - 97 m2
70 m²,4 phòng,5 phòng,Đã có sổ,Nhà phố liền kề,,,"185,71 triệu/m²",Tây Bắc,6,,,,ha-noi,"Hoàng Quốc Việt 70m2x6 tầng -Siêu phẩm - Ô tô tránh, ngõ thông tứ tung",,"Hoàng Quốc Việt, Phường Nghĩa Tân, Quận Cầu Giấy, Hà NộiXem bản đồ",13 tỷ - 70 m2
72 m²,6 phòng,3 phòng,Đã có sổ,"Nhà mặt phố, mặt tiền",,,"423,61 triệu/m²",Đông Nam,,,Nhà trống,,ha-noi,Nhà mặt phố Sơn Tây mặt tiền 5m,,"Phố Kim Mã, Phường Kim Mã, Quận Ba Đình, Hà NộiXem bản đồ","30,5 tỷ - 72 m2"
70 m²,5 phòng,,Đã có sổ,"Nhà ngõ, hẻm",4 m,,"131,43 triệu/m²",,4,,Nội thất cao cấp,,ha-noi,"Bán nhà phố Quan Nhân, nội thất xịn 70m2 mặt tiền 4m 4 tầng giá 9.2 tỷ",,"Quan Nhân, Phường Nhân Chính, Quận Thanh Xuân, Hà NộiXem bản đồ","9,2 tỷ - 70 m2"
43 m²,4 phòng,3 phòng,Đã có sổ,"Nhà ngõ, hẻm",,,100 triệu/m²,,3,,Nhà trống,,ha-noi,"nhà 3 tầng taxi đỗ cửa,nhà xây chắc chắn sát khu vin tây mỗ",,"tây mỗ, Phường Đại Mỗ, Quận Nam Từ Liêm, Hà NộiXem bản đồ","4,3 tỷ - 43 m2"
60 m²,5 phòng,3 phòng,,"Nhà ngõ, hẻm",3 m,,"36,67 triệu/m²",,5,,,4.5 m,ha-noi,"Nhà 5 tầng gần hồ tây, gần võ chí công",,"ngõ 269 lạc long quân, Lạc Long Quân, Phường Xuân La, Quận Tây Hồ, Hà NộiXem bản đồ","2,2 tỷ - 60 m2"
88 m²,4 phòng,,Đã có sổ,Nhà phố liền kề,,,"153,41 triệu/m²",,,,,,ha-noi,"MÌNH CC BÁN NHÀ PHỐ LÊ TRỌNG TẤN, THANH XUÂN 88M2 SDCC GIÀ 13 TỶ 5",,"Lê Trọng Tấn, Phường Khương Mai, Quận Thanh Xuân, Hà NộiXem bản đồ","13,5 tỷ - 88 m2"
17 m²,3 phòng,3 phòng,Đã có sổ,"Nhà mặt phố, mặt tiền",,,"282,35 triệu/m²",,6,,Nội thất đầy đủ,,ha-noi,Chính chủ bán nhà Giáp Nhị Thịnh Liệt Hoàng mai.,,"30, Phố Giáp Nhị, Phường Thịnh Liệt, Quận Hoàng Mai, Hà NộiXem bản đồ","4,8 tỷ - 17 m2"
77 m²,3 phòng,,Đã có sổ,"Nhà ngõ, hẻm",4 m,,"40,26 triệu/m²",,1,,,19 m,ha-noi,BÁN NHÀ C4 HẢI BỐI ĐÔNG ANH - MẶT NGÕ THÔNG - Ô TÔ VÀO NHÀ,,"Đê tả Sông Hồng, Xã Hải Bối, Huyện Đông Anh, Hà NộiXem bản đồ","3,1 tỷ - 77 m2"
32 m²,3 phòng,4 phòng,Đã có sổ,"Nhà mặt phố, mặt tiền",,,"121,87 triệu/m²",,,"Hẻm xe hơi,Nở hậu",Nội thất đầy đủ,,ha-noi,"Nhà mới đẹp, 32m, 5 tầng, Bà Triệu, Hà Đông",,"Bà Triệu, Phường Nguyễn Trãi, Quận Hà Đông, Hà NộiXem bản đồ","3,899999999 tỷ - 32 m2"
64 m²,8 phòng,Nhiều hơn 6 phòng,Đã có sổ,"Nhà mặt phố, mặt tiền",,,"226,56 triệu/m²",Tây,4,,,,ha-noi,"Nhà mặt đường, 64m², 4 tầng, 1 hầm. Đường Âu Cơ, Hà Nội",,"Đường Âu Cơ, Phường Nhật Tân, Quận Tây Hồ, Hà NộiXem bản đồ","14,5 tỷ - 64 m2"
30 m²,1 phòng,1 phòng,Đang chờ sổ,"Nhà ngõ, hẻm",,,26 triệu/m²,Tây,1,,,,ha-noi,Bán nhà cấp bốn có gác xép rộng rãi,,"Đường Thôn Khúc Thủy, Xã Cự Khê, Huyện Thanh Oai, Hà NộiXem bản đồ",780 triệu - 30 m2
44 m²,4 phòng,3 phòng,,"Nhà ngõ, hẻm",4.4 m,,"86,36 triệu/m²",Bắc,5,,,,ha-noi,SIÊU PHẨM ĐÔNG THIÊN - NGÕ Ô TÔ – KINH DOANH NHỎ - CHỈ NHỈNH 3TỶ,,"đông thiên, Phường Vĩnh Hưng, Quận Hoàng Mai, Hà NộiXem bản đồ","3,8 tỷ - 44 m2"
30.9 m²,1 phòng,1 phòng,Đã có sổ,"Nhà ngõ, hẻm",,,"74,43 triệu/m²",,,,,,ha-noi,"Nhà trong ngõ 30,9m2, gần khu đô thị Việt Hưng, Q.Long Biên",,"Ngách 466/9 Đường Ngô Gia Tự, Phường Đức Giang, Quận Long Biên, Thành Phố Hà Nội, Phường Đức Giang, Quận Long Biên, Hà NộiXem bản đồ","2,3 tỷ - 30.9 m2"
