Diện tích đất:,Số phòng ngủ:,Số phòng vệ sinh:,Giấy tờ pháp lý:,Loại hình nhà ở:,Chiều ngang:,Diện tích sử dụng:,Giá/m2:,Hướng cửa chính:,Tổng số tầng:,Đặc điểm nhà/đất:,Tình trạng nội thất:,Chiều dài:,Location,Name,URL,District,Price
30 m²,3 phòng,,Đã có sổ,"Nhà mặt phố, mặt tiền",3.5 m,120 m²,"276,67 triệu/m²",,,,,,ha-noi,"4 tầng mp Trần Phú, Hà Đông, Kinh doanh sầm uất, không lỗi, chỉ 8.x tỷ",,"Đường Trần Phú, Phường Mộ Lao, Quận Hà Đông, Hà NộiXem bản đồ","8,3 tỷ - 30 m2"
61 m²,6 phòng,4 phòng,Đã có sổ,"Nhà ngõ, hẻm",,,"74,92 triệu/m²",,5,,Nhà trống,,ha-noi,MỸ ĐÌNH 1 NHÀ MỚI COONG 5 TẦNG VỊ TRÍ ĐẸP THUẬN LỢI,,"Mỹ Đình, Phường Mai Dịch, Quận Cầu Giấy, Hà NộiXem bản đồ","4,57 tỷ - 61 m2"
35 m²,4 phòng,,,"Nhà ngõ, hẻm",,,"135,71 triệu/m²",,,,,,ha-noi,"Siêu Phẩm mới Ngô Thì Sỹ Vạn Phúc 35 m2, 4 tầng, ngõ thông!!",,"Ngô Thì Sỹ, Phường Vạn Phúc, Quận Hà Đông, Hà NộiXem bản đồ","4,75 tỷ - 35 m2"
80 m²,6 phòng,,,"Nhà ngõ, hẻm",5 m,,"206,25 triệu/m²",,5,Hẻm xe hơi,,,ha-noi,NHÀ PHỐ HOÀNG SÂM- CẦU GIẦY- ÔTÔ- THOÁNG TRƯỚC SAU- 80M2*MT5- 16.5 TỶ,,"Hoàng Sâm, Phường Nghĩa Đô, Quận Cầu Giấy, Hà NộiXem bản đồ","16,5 tỷ - 80 m2"
39 m²,4 phòng,,,"Nhà ngõ, hẻm",,,"74,36 triệu/m²",,,,,,ha-noi,"BÁN NHÀ CỔ NHUẾ - NGÕ Ô TÔ - KHU VỰC SẦM UẤT - GIÁ 2,9 TỶ",,"Phan Bá Vành, Phường Cổ Nhuế 1, Quận Bắc Từ Liêm, Hà NộiXem bản đồ","2,9 tỷ - 39 m2"
45 m²,4 phòng,4 phòng,Đã có sổ,"Nhà ngõ, hẻm",,,180 triệu/m²,,5,,Nội thất cao cấp,,ha-noi,"BÁN NHÀ NGỌC THUỴ 45/50m2 ,5 tầng , thang máy , gara ô tô",,"Đường Ngọc Thụy, Phường Ngọc Thụy, Quận Long Biên, Hà NộiXem bản đồ","8,1 tỷ - 45 m2"
49 m²,5 phòng,,,"Nhà ngõ, hẻm",,,"161,22 triệu/m²",,,Hẻm xe hơi,,,ha-noi,"Phan Đình Giót Hà Đông,phân lô,lô góc, 49 m2,15m mt",,"Phố Phan Đình Giót, Phường La Khê, Quận Hà Đông, Hà NộiXem bản đồ","7,9 tỷ - 49 m2"
30 m²,3 phòng,3 phòng,Đã có sổ,"Nhà ngõ, hẻm",,,"91,67 triệu/m²",,4,,,,ha-noi,CHỦ NHÀ RẤT CẦN BÁN GIÁ CHỈ 2.75 TỶ BAO SỔ,,"Ngũ Nhạc, Phường Thanh Trì, Quận Hoàng Mai, Hà NộiXem bản đồ","2,75 tỷ - 30 m2"
39 m²,3 phòng,4 phòng,Đã có sổ,"Nhà ngõ, hẻm",,,"125,38 triệu/m²",,5,,Nội thất đầy đủ,,ha-noi,"Bán nhà Ô Chợ Dừa! sát phố, 2 thoáng, KD, nội thất lung linh, 39m2*5T",,"Ô Chợ Dừa, Phường Kim Liên, Quận Đống Đa, Hà NộiXem bản đồ","4,89 tỷ - 39 m2"
50 m²,4 phòng,,,"Nhà ngõ, hẻm",,,82 triệu/m²,,4,,,,ha-noi,Bán nhà đẹp ở ngay Khương Hạ Thanh Xuân 50m2x4T MT 3.8m cách ô tô,,"Khương Hạ, Phường Khương Đình, Quận Thanh Xuân, Hà NộiXem bản đồ","4,1 tỷ - 50 m2"
85 m²,6 phòng,6 phòng,Đã có sổ,Nhà phố liền kề,,,"164,71 triệu/m²",Tây Nam,4,,,,ha-noi,Cần bán căn liền kề An Hưng Hà Đông,,"An Hưng, Phường Dương Nội, Quận Hà Đông, Hà NộiXem bản đồ",14 tỷ - 85 m2
45 m²,4 phòng,,Đã có sổ,"Nhà ngõ, hẻm",5 m,,180 triệu/m²,,5,,Nội thất cao cấp,,ha-noi,Nhà Phố Ngọc Thuỵ 50m vuông gara oto full nội thất nhỉnh 8 tỷ,,"Ngọc Thuỵ , Phường Ngọc Thụy, Quận Long Biên, Hà NộiXem bản đồ","8,1 tỷ - 45 m2"
25 m²,2 phòng,,Đã có sổ,"Nhà ngõ, hẻm",3.5999 m,,166 triệu/m²,,4,,Nội thất đầy đủ,,ha-noi,La Thành - diện tích: 25m2* 4tầng; mặt tiền: 3.6m; Giá: 4.150 tỷ,,"Đường La Thành, Phường Thành Công, Quận Ba Đình, Hà NộiXem bản đồ","4,15 tỷ - 25 m2"
50 m²,4 phòng,4 phòng,Đã có sổ,"Nhà ngõ, hẻm",,,118 triệu/m²,,5,,Nội thất cao cấp,,ha-noi,"Nhà Mới Đội Cấn,50m2 5T Hơn 5tỷ_70m Phố,Ngõ Thoáng sáng,Mặt Tiền Rộng",,"Phố Đội Cấn, Phường Liễu Giai, Quận Ba Đình, Hà NộiXem bản đồ","5,9 tỷ - 50 m2"
50 m²,4 phòng,,Đã có sổ,"Nhà ngõ, hẻm",,,90 triệu/m²,,,,,,ha-noi,"BÁN NHÀ VĨNH PHÚC, BA ĐÌNH 50m2x4 tầng NGÕ NÔNG 30M RA PHỐ",,"Vĩnh Phúc, Phường Vĩnh Phúc, Quận Ba Đình, Hà NộiXem bản đồ","4,5 tỷ - 50 m2"
50 m²,3 phòng,3 phòng,Đã có sổ,"Nhà mặt phố, mặt tiền",,,110 triệu/m²,,3,,Nhà trống,,ha-noi,NHÀ 3 TẦNG KHU TĐC ĐÔNG TRÙ - ĐÔNG HỘI - KINH DOANH- SÁT TRƯỜNG CẤP 2,,"QUỐC LỘ 5, Xã Đông Hội, Huyện Đông Anh, Hà NộiXem bản đồ","5,5 tỷ - 50 m2"
46 m²,6 phòng,5 phòng,Đã có sổ,"Nhà ngõ, hẻm",,,"179,57 triệu/m²",,6,,Nội thất đầy đủ,,ha-noi,"Bán Nhà Chiến thắng Văn Quán 46m 6 tầng dân xây 2 thoáng, ô tô vào nhà",,"Đường Chiến Thắng, Phường Văn Quán, Quận Hà Đông, Hà NộiXem bản đồ","8,26 tỷ - 46 m2"
38 m²,3 phòng,,,"Nhà ngõ, hẻm",,,"83,68 triệu/m²",,,,,,ha-noi,"Ngân hàng gửi bán nhà phố Ngọc thụy, long biên. Nhà đẹp, rộng, gần phố",,"Ngọc Thụy, Phường Ngọc Thụy, Quận Long Biên, Hà NộiXem bản đồ","3,18 tỷ - 38 m2"
56 m²,6 phòng,6 phòng,Đã có sổ,"Nhà ngõ, hẻm",,,"241,07 triệu/m²",,6,,Nội thất đầy đủ,,ha-noi,"Lô góc phân lô Hoàng Quốc Việt, Cầu Giấy 16 chỗ đỗ cửa.",,"Hoàng quốc việt, Phường Nghĩa Đô, Quận Cầu Giấy, Hà NộiXem bản đồ","13,5 tỷ - 56 m2"
30 m²,3 phòng,3 phòng,Đã có sổ,"Nhà ngõ, hẻm",,,"81,67 triệu/m²",Đông,4,,,,ha-noi,BÁN NHÀ KHU DƯƠNG NỘI SIÊU ĐẸP NGÕ NÔNG Ô TÔ GẦN THÔNG CÁC NGẢ,,"Ỷ La, Phường Dương Nội, Quận Hà Đông, Hà NộiXem bản đồ","2,45 tỷ - 30 m2"
50 m²,3 phòng,3 phòng,Đã có sổ,"Nhà mặt phố, mặt tiền",,,110 triệu/m²,,3,,Nhà trống,,ha-noi,NHÀ 3 TẦNG KHU TĐC ĐÔNG TRÙ - ĐÔNG HỘI - KINH DOANH- SÁT TRƯỜNG CẤP 2,,"QUỐC LỘ 5, Xã Đông Hội, Huyện Đông Anh, Hà NộiXem bản đồ","5,5 tỷ - 50 m2"
46 m²,6 phòng,5 phòng,Đã có sổ,"Nhà ngõ, hẻm",,,"179,57 triệu/m²",,6,,Nội thất đầy đủ,,ha-noi,"Bán Nhà Chiến thắng Văn Quán 46m 6 tầng dân xây 2 thoáng, ô tô vào nhà",,"Đường Chiến Thắng, Phường Văn Quán, Quận Hà Đông, Hà NộiXem bản đồ","8,26 tỷ - 46 m2"
38 m²,3 phòng,,,"Nhà ngõ, hẻm",,,"83,68 triệu/m²",,,,,,ha-noi,"Ngân hàng gửi bán nhà phố Ngọc thụy, long biên. Nhà đẹp, rộng, gần phố",,"Ngọc Thụy, Phường Ngọc Thụy, Quận Long Biên, Hà NộiXem bản đồ","3,18 tỷ - 38 m2"
56 m²,6 phòng,6 phòng,Đã có sổ,"Nhà ngõ, hẻm",,,"241,07 triệu/m²",,6,,Nội thất đầy đủ,,ha-noi,"Lô góc phân lô Hoàng Quốc Việt, Cầu Giấy 16 chỗ đỗ cửa.",,"Hoàng quốc việt, Phường Nghĩa Đô, Quận Cầu Giấy, Hà NộiXem bản đồ","13,5 tỷ - 56 m2"
30 m²,3 phòng,3 phòng,Đã có sổ,"Nhà ngõ, hẻm",,,"81,67 triệu/m²",Đông,4,,,,ha-noi,BÁN NHÀ KHU DƯƠNG NỘI SIÊU ĐẸP NGÕ NÔNG Ô TÔ GẦN THÔNG CÁC NGẢ,,"Ỷ La, Phường Dương Nội, Quận Hà Đông, Hà NộiXem bản đồ","2,45 tỷ - 30 m2"
35 m²,3 phòng,3 phòng,Đã có sổ,"Nhà ngõ, hẻm",,,"182,86 triệu/m²",,5,,Nội thất đầy đủ,,ha-noi,Nhà đẹp gần Hồ Tây 3 mặt thoáng phố Lạc Long Quân,,"Lạc Long quân, Phường Bưởi, Quận Tây Hồ, Hà NộiXem bản đồ","6,4 tỷ - 35 m2"
51 m²,4 phòng,,,"Nhà ngõ, hẻm",,51 m²,"168,63 triệu/m²",,,,,,ha-noi,NHÀ VĂN CAO - Ô TÔ ĐỖ CỬA - LÔ GÓC - CẠNH PHỐ - NỞ HẬU ĐẸP,,"Đường Văn Cao, Phường Liễu Giai, Quận Ba Đình, Hà NộiXem bản đồ","8,6 tỷ - 51 m2"
48 m²,5 phòng,5 phòng,Đã có sổ,"Nhà ngõ, hẻm",,,"181,25 triệu/m²",,7,,Nội thất đầy đủ,,ha-noi,View đẹp ngắm hoàng hôn Hồ Tây phố Thụy Khuê 7 tầng thang máy,,"Thụy Khuê , Phường Thụy Khuê, Quận Tây Hồ, Hà NộiXem bản đồ","8,7 tỷ - 48 m2"
105 m²,nhiều hơn 10 phòng,,Đã có sổ,"Nhà ngõ, hẻm",,,"204,76 triệu/m²",,8,"Hẻm xe hơi,Nở hậu",Nội thất đầy đủ,,ha-noi,"Siêu dòng tiền Quan Nhân, Thanh Xuân 105m, 8T, 21P full đồ, thang máy.",,"Quan Nhân, Phường Nhân Chính, Quận Thanh Xuân, Hà NộiXem bản đồ","21,5 tỷ - 105 m2"
35 m²,4 phòng,3 phòng,Đã có sổ,"Nhà ngõ, hẻm",,,"52,86 triệu/m²",,3,,Nội thất đầy đủ,,ha-noi,"""Nhà này mua ở hay đầu tư đều OK"" Lĩnh Nam-HoàngMai-DT35m-3T-Giá1.85tỷ",,"Lĩnh Nam, Phường Lĩnh Nam, Quận Hoàng Mai, Hà NộiXem bản đồ","1,85 tỷ - 35 m2"
60 m²,nhiều hơn 10 phòng,Nhiều hơn 6 phòng,Đã có sổ,"Nhà ngõ, hẻm",,,"163,33 triệu/m²",,7,,Nội thất cao cấp,,ha-noi,"LẠC TRUNG HAI BÀ CCU MINI 7 TẦNG THANG MÁY, 14 PHÒNG KHÉP KÍN CHO THUÊ",,"Phố Kim Ngưu, Phường Minh Khai, Quận Hai Bà Trưng, Hà NộiXem bản đồ","9,8 tỷ - 60 m2"
45 m²,4 phòng,,Đã có sổ,"Nhà ngõ, hẻm",,,"104,44 triệu/m²",,,,,,ha-noi,"Phố Triều Khúc Thanh Xuân 45m2 xây 3 tầng , nhà đẹp dân xây ở luôn",,"Triều khúc, Phường Thanh Xuân Nam, Quận Thanh Xuân, Hà NộiXem bản đồ","4,7 tỷ - 45 m2"
35 m²,3 phòng,3 phòng,Đã có sổ,"Nhà ngõ, hẻm",,35 m²,"85,43 triệu/m²",,5,,,,ha-noi,"Nhà đẹp giá mềm mại gần cầu chui,gần phố ngô gia tự,giá chỉ:2.99 tỷ",,"Ngô Gia Tự, Phường Bồ Đề, Quận Long Biên, Hà NộiXem bản đồ","2,99 tỷ - 35 m2"
161 m²,4 phòng,,Đã có sổ,Nhà phố liền kề,,,"366,46 triệu/m²",,5,,Nội thất cao cấp,,ha-noi,Lô góc Vin Gardenia Hàm Nghi 161m2 MT 20m - kinh doanh vô địch - 59 tỷ,,"Hàm Nghi, Phường Mỹ Đình 1, Quận Nam Từ Liêm, Hà NộiXem bản đồ",59 tỷ - 161 m2
45 m²,4 phòng,,Đã có sổ,"Nhà ngõ, hẻm",,,"106,67 triệu/m²",,3,,,,ha-noi,"Nhà đẹp , ngõ nông, thông Lương Ngọc Quyến Văn Quán 45m2 , 2 mặt ngõ",,"Lương Ngọc Quyến, Phường Văn Quán, Quận Hà Đông, Hà NộiXem bản đồ","4,8 tỷ - 45 m2"
70 m²,10 phòng,,,"Nhà mặt phố, mặt tiền",,,"385,71 triệu/m²",,6,,,,ha-noi,CHÍNH CHỦ-BÁN GẤP NHÀ MẶT PHỐ VÕ THỊ SÁU -VỈA HÈ ĐÁ BÓNG-KD SẦM UÂT,,"Võ Thị Sáu, Phường Thanh Nhàn, Quận Hai Bà Trưng, Hà NộiXem bản đồ",27 tỷ - 70 m2
50 m²,9 phòng,Nhiều hơn 6 phòng,Đã có sổ,"Nhà ngõ, hẻm",,,147 triệu/m²,,6,,Nội thất đầy đủ,,ha-noi,7.35 TỶ - TOÀ 6 TẦNG - LÔ GÓC 3 MẶT THOÁNG - 9 PHÒNG - LẠC LONG QUÂN,,"Lạc Long Quân, Phường Nghĩa Đô, Quận Cầu Giấy, Hà NộiXem bản đồ","7,35 tỷ - 50 m2"
28 m²,3 phòng,3 phòng,Đã có sổ,"Nhà ngõ, hẻm",,,"92,86 triệu/m²",,4,,Nội thất đầy đủ,,ha-noi,"Nhỉnh 2 tỷ nhà đẹp Văn Miếu Đống Đa, 28mx4T, ngõ rộng, gần ô tô 3 ngủ.",,"Phố Quốc Tử Giám, Phường Văn Miếu, Quận Đống Đa, Hà NộiXem bản đồ","2,6 tỷ - 28 m2"
30 m²,2 phòng,1 phòng,Đã có sổ,"Nhà ngõ, hẻm",,30 m²,"81,67 triệu/m²",,2,,,,ha-noi,HIẾM Rẻ CHỈ HƠN 2 TỶ CÓ NHÀ BỒ ĐỀ GẦN NGAY HỒ,,"Nguyễn Văn Cừ, Phường Bồ Đề, Quận Long Biên, Hà NộiXem bản đồ","2,45 tỷ - 30 m2"
35 m²,3 phòng,,,"Nhà ngõ, hẻm",,,"154,29 triệu/m²",,,,,,ha-noi,"Bán nhà 5 tầng phố Xã Đàn, DT 35m, Lô góc, nhà mới, giá chỉ 5.4 tỷ",,"Phố Xã Đàn, Phường Nam Đồng, Quận Đống Đa, Hà NộiXem bản đồ","5,4 tỷ - 35 m2"
28 m²,3 phòng,3 phòng,Đã có sổ,"Nhà ngõ, hẻm",,,"92,86 triệu/m²",,4,,Nội thất đầy đủ,,ha-noi,"Nhỉnh 2 tỷ nhà đẹp Văn Miếu Đống Đa, 28mx4T, ngõ rộng, gần ô tô 3 ngủ.",,"Phố Quốc Tử Giám, Phường Văn Miếu, Quận Đống Đa, Hà NộiXem bản đồ","2,6 tỷ - 28 m2"
30 m²,2 phòng,1 phòng,Đã có sổ,"Nhà ngõ, hẻm",,30 m²,"81,67 triệu/m²",,2,,,,ha-noi,HIẾM Rẻ CHỈ HƠN 2 TỶ CÓ NHÀ BỒ ĐỀ GẦN NGAY HỒ,,"Nguyễn Văn Cừ, Phường Bồ Đề, Quận Long Biên, Hà NộiXem bản đồ","2,45 tỷ - 30 m2"
35 m²,3 phòng,,,"Nhà ngõ, hẻm",,,"154,29 triệu/m²",,,,,,ha-noi,"Bán nhà 5 tầng phố Xã Đàn, DT 35m, Lô góc, nhà mới, giá chỉ 5.4 tỷ",,"Phố Xã Đàn, Phường Nam Đồng, Quận Đống Đa, Hà NộiXem bản đồ","5,4 tỷ - 35 m2"
45 m²,4 phòng,,Đã có sổ,"Nhà ngõ, hẻm",,,"153,33 triệu/m²",,6,,Nội thất đầy đủ,,ha-noi,NHÀ ĐẸP ĐÓN TẾT - THUỴ KHUÊ 45M - 6T THANG MÁY - LÔ GÓC - GẦN HỒ TÂY.,,"Thuỵ khuê, Phường Thụy Khuê, Quận Tây Hồ, Hà NộiXem bản đồ","6,9 tỷ - 45 m2"
55 m²,8 phòng,,Đã có sổ,"Nhà ngõ, hẻm",,55 m²,"133,64 triệu/m²",,6,,,,ha-noi,NHÀ LẠC LONG QUÂN - LÔ GÓC 3 MẶT THOÁNG - Ô TÔ QUA NHÀ - NHÀ ĐẸP,,"Lạc Long Quân, Phường Nghĩa Đô, Quận Cầu Giấy, Hà NộiXem bản đồ","7,35 tỷ - 55 m2"
16 m²,3 phòng,3 phòng,Đã có sổ,"Nhà ngõ, hẻm",,20 m²,"109,38 triệu/m²",,3,,,,ha-noi,"BN: SIÊU RẺ ĐẠI CỒ VIỆT HAI BÀ TRƯNG.20m×3T. NHỈNH 1,5 T",,"Đường Đại Cồ Việt, Phường Lê Đại Hành, Quận Hai Bà Trưng, Hà NộiXem bản đồ","1,75 tỷ - 16 m2"
30 m²,3 phòng,4 phòng,Đã có sổ,"Nhà ngõ, hẻm",,,"106,67 triệu/m²",,5,,Nội thất cao cấp,,ha-noi,BN KIM NGƯU. 5 TẦNG 30M2. FUL NÔỊ THẤT CAO CẤP NHỈNH 3 TỶ,,"Phố Kim Ngưu, Phường Thanh Lương, Quận Hai Bà Trưng, Hà NộiXem bản đồ","3,2 tỷ - 30 m2"
55 m²,4 phòng,5 phòng,Đã có sổ,"Nhà mặt phố, mặt tiền",,,"190,91 triệu/m²",Đông Nam,5,,,,ha-noi,Bán nhà 5 tầng đối diện chợ tư đình kinh doanh buôn bán sầm uất,,"Phố Tư Đình, Phường Long Biên, Quận Long Biên, Hà NộiXem bản đồ","10,5 tỷ - 55 m2"
40 m²,4 phòng,5 phòng,Đã có sổ,"Nhà ngõ, hẻm",,,"146,25 triệu/m²",,5,,Nội thất đầy đủ,,ha-noi,Bán nhà Láng Hạ - Ba Đình - 2 Mặt thoáng - Mới Đẹp ở luôn.,,"Láng Hạ, Phường Ngọc Hà, Quận Ba Đình, Hà NộiXem bản đồ","5,85 tỷ - 40 m2"
60 m²,nhiều hơn 10 phòng,Nhiều hơn 6 phòng,Đã có sổ,"Nhà ngõ, hẻm",5 m,,"233,33 triệu/m²",,,,Nội thất đầy đủ,,ha-noi,"Bán tòa nhà Nguyễn Trãi Thanh Xuân,60mx7t lô góc thang máy,18P, 14 tỷ",,"Nguyễn Trãi, Phường Thượng Đình, Quận Thanh Xuân, Hà NộiXem bản đồ",14 tỷ - 60 m2
72 m²,4 phòng,4 phòng,,"Nhà ngõ, hẻm",,,145 triệu/m²,,,Hẻm xe hơi,,,ha-noi,"CHỦ TỤT HUYẾT ÁP CẦN BÁN CĂN NHÀ BỒ ĐỀ-LONG BIÊN,LÔ GÓC, HIỆN ĐẠI",,"Bồ Đề, Phường Bồ Đề, Quận Long Biên, Hà NộiXem bản đồ","10,44 tỷ - 72 m2"
75 m²,4 phòng,4 phòng,,"Nhà ngõ, hẻm",,,140 triệu/m²,,,Hẻm xe hơi,,,ha-noi,"BÁN CĂN LIỀN KỀ CỤC HÀNG KHÔNG NGUYỄN SƠN - LONG BIÊN, GARA, THANG MÁY",,"Nguyễn Sơn, Phường Gia Thụy, Quận Long Biên, Hà NộiXem bản đồ","10,5 tỷ - 75 m2"
81 m²,5 phòng,6 phòng,Đã có sổ,"Nhà ngõ, hẻm",,,"113,58 triệu/m²",Đông Nam,4,,,,ha-noi,Bán nhà 4 tầng ngọc lâm 81 m2 mặt tiền 6 mét,,"Ngọc Lâm, Phường Ngọc Lâm, Quận Long Biên, Hà NộiXem bản đồ","9,2 tỷ - 81 m2"
38 m²,3 phòng,3 phòng,,"Nhà ngõ, hẻm",,,"113,68 triệu/m²",,,,,,ha-noi,"CHÍNH CHỦ BÁN CĂN PHÂN LÔ,HÀNG XÓM T QUỐC TẾ PHÁP NGỌC THỤY ÔTÔ ĐỖ CỬA",,"Ngọc Thụy, Phường Ngọc Thụy, Quận Long Biên, Hà NộiXem bản đồ","4,32 tỷ - 38 m2"
70 m²,5 phòng,4 phòng,Đã có sổ,Nhà phố liền kề,,,350 triệu/m²,Tây,4,,,,ha-noi,"Mua Bán Nhà Đất Phường Láng Hạ, Quận Đống Đa",,"Ngõ 5 Láng Hạ, Phường Ô Chợ Dừa, Quận Đống Đa, Hà NộiXem bản đồ","24,5 tỷ - 70 m2"
45 m²,5 phòng,,Đã có sổ,"Nhà mặt phố, mặt tiền",5 m,,"248,89 triệu/m²",,7,,Nội thất cao cấp,,ha-noi,BÁN NHÀ TÂY HỒ 45m THANG MÁY Ô TÔ ĐỖ CỬA GẦN PHỐ NHÀ MỚI ĐẸP HIỆN ĐẠI,,"Thụy Khuê, Phường Thụy Khuê, Quận Tây Hồ, Hà NộiXem bản đồ","11,2 tỷ - 45 m2"
40 m²,4 phòng,4 phòng,Đã có sổ,"Nhà ngõ, hẻm",,,"118,75 triệu/m²",,5,,Nội thất cao cấp,,ha-noi,Nhà đẹp Kim Giang-Thanh Liệt-Ô tô gần-38m2-5 tầng.,,"Kim Giang, Xã Thanh Liệt, Huyện Thanh Trì, Hà NộiXem bản đồ","4,75 tỷ - 40 m2"
35 m²,4 phòng,4 phòng,Đã có sổ,"Nhà ngõ, hẻm",,,"105,71 triệu/m²",Đông Nam,4,,,,ha-noi,"ngõ 192 Kim Giang, Hoàng Mai 35m2 x 4 tầng, mặt tiền to, gần ô tô",,"Kim Giang, Phường Đại Kim, Quận Hoàng Mai, Hà NộiXem bản đồ","3,7 tỷ - 35 m2"
275 m²,8 phòng,6 phòng,Đã có sổ,"Nhà mặt phố, mặt tiền",,,"443,64 triệu/m²",Tây Bắc,4,,,,ha-noi,"Bán nhà mặt phố Ngũ Xã - Trúc Bạch: 275m2, 4 tầng, mt: 14m, giá: 122tỷ",,"Phố Ngũ Xã, Phường Trúc Bạch, Quận Ba Đình, Hà NộiXem bản đồ",122 tỷ - 275 m2
34 m²,4 phòng,,,"Nhà ngõ, hẻm",,,"83,82 triệu/m²",,,,,,ha-noi,RẺ BẤT NGỜ - NGAY NGÃ 5 HÀ TRÌ - GẦN PHỐ - NHÀ ĐẸP Ở NGAY - GIÁ ĐẦU TƯ,,"Bà Triệu, Phường Hà Cầu, Quận Hà Đông, Hà NộiXem bản đồ","2,85 tỷ - 34 m2"
35 m²,4 phòng,4 phòng,Đã có sổ,"Nhà ngõ, hẻm",,,"105,71 triệu/m²",Đông Nam,4,,,,ha-noi,"ngõ 192 Kim Giang, Hoàng Mai 35m2 x 4 tầng, mặt tiền to, gần ô tô",,"Kim Giang, Phường Đại Kim, Quận Hoàng Mai, Hà NộiXem bản đồ","3,7 tỷ - 35 m2"
275 m²,8 phòng,6 phòng,Đã có sổ,"Nhà mặt phố, mặt tiền",,,"443,64 triệu/m²",Tây Bắc,4,,,,ha-noi,"Bán nhà mặt phố Ngũ Xã - Trúc Bạch: 275m2, 4 tầng, mt: 14m, giá: 122tỷ",,"Phố Ngũ Xã, Phường Trúc Bạch, Quận Ba Đình, Hà NộiXem bản đồ",122 tỷ - 275 m2
34 m²,4 phòng,,,"Nhà ngõ, hẻm",,,"83,82 triệu/m²",,,,,,ha-noi,RẺ BẤT NGỜ - NGAY NGÃ 5 HÀ TRÌ - GẦN PHỐ - NHÀ ĐẸP Ở NGAY - GIÁ ĐẦU TƯ,,"Bà Triệu, Phường Hà Cầu, Quận Hà Đông, Hà NộiXem bản đồ","2,85 tỷ - 34 m2"
38 m²,2 phòng,,,"Nhà ngõ, hẻm",,,"92,11 triệu/m²",,,,,,ha-noi,TT THANH XUÂN -NHÀ ĐẸP - NGÕ NÔNG - LÔ GÓC - SÁT HỒ HẠ ĐÌNH,,"Hạ Đình, Phường Hạ Đình, Quận Thanh Xuân, Hà NộiXem bản đồ","3,5 tỷ - 38 m2"
46 m²,2 phòng,,,Nhà phố liền kề,5 m,,"76,09 triệu/m²",,,,,,ha-noi,BÁN ĐẤT TẶNG NHÀ C4 - NGUYỄN TRÃI - GẦN PHỐ - HẠT DẺ - GIÁ ĐẦU TƯ,,"Nguyễn Trãi, Phường Thanh Xuân Nam, Quận Thanh Xuân, Hà NộiXem bản đồ","3,5 tỷ - 46 m2"
45 m²,5 phòng,4 phòng,Đã có sổ,"Nhà ngõ, hẻm",,,"104,44 triệu/m²",,5,,Nội thất đầy đủ,,ha-noi,"Nhà 5 tầng rộng giá rẻ khu trung tâm,giaothông thuận tiện,tiện ích tốt",,"Nguyễn Đức Cảnh, Phường Tương Mai, Quận Hoàng Mai, Hà NộiXem bản đồ","4,7 tỷ - 45 m2"
48 m²,nhiều hơn 10 phòng,Nhiều hơn 6 phòng,Đã có sổ,"Nhà ngõ, hẻm",,,"206,25 triệu/m²",Đông Bắc,7,,,,ha-noi,Toà trung cư mi ni 11 phòng Quận Đống Đa HN,,"Phố Chợ Khâm Thiên, Phường Trung Phụng, Quận Đống Đa, Hà NộiXem bản đồ","9,9 tỷ - 48 m2"
100 m²,6 phòng,,Đã có sổ,"Nhà mặt phố, mặt tiền",6 m,100 m²,370 triệu/m²,,7,,,,ha-noi,"BÁN GẤP TOÀ VĂN PHÒNG SÁT PHỐ HUẾ, 100M2× 7 TẦNG, 37 TỶ",,"Phố Huế, Phường Phố Huế, Quận Hai Bà Trưng, Hà NộiXem bản đồ",37 tỷ - 100 m2
75 m²,6 phòng,,Đã có sổ,"Nhà mặt phố, mặt tiền",6 m,75 m²,440 triệu/m²,,8,,,,ha-noi,"BÁN TOÀ VĂN PHÒNG PHỐ TÔN ĐỨC THẮNG, 75M2× 8 TẦNG, 33.3 TỶ",,"Phố Tôn Đức Thắng, Phường Quốc Tử Giám, Quận Đống Đa, Hà NộiXem bản đồ",33 tỷ - 75 m2
42 m²,4 phòng,,,"Nhà ngõ, hẻm",,,"94,05 triệu/m²",,,,,,ha-noi,TT HÀ ĐÔNG - NHÀ ĐẸP - DIỆN TÍCH SỬ DỤNG 170M2 - 20M Ô TÔ TRÁNH,,"Bà Triệu, Phường Hà Cầu, Quận Hà Đông, Hà NộiXem bản đồ","3,95 tỷ - 42 m2"
95 m²,6 phòng,6 phòng,Đã có sổ,"Nhà mặt phố, mặt tiền",6 m,,"452,63 triệu/m²",,7,,,,ha-noi,"BÁN NHÀ MP NGUYỄN XIỂN - THANH XUÂN, 95M2 × 7 TẦNG, 43 TỶ",,"nguyễn xiển, Phường Thanh Xuân Nam, Quận Thanh Xuân, Hà NộiXem bản đồ",43 tỷ - 95 m2
42 m²,4 phòng,4 phòng,Đã có sổ,"Nhà ngõ, hẻm",,,"78,57 triệu/m²",,4,,Nội thất cao cấp,,ha-noi,"NHÀ ĐẸP-LÔ GÓC-QUẬN HOÀN KIẾM-42M2-4TẦNG-3,3TỶ-PHÚC TÂN-BA ĐÌNH-TÂY HỒ",,"Ngõ 3 Phúc Tân, Phường Phúc Tân, Quận Hoàn Kiếm, Hà NộiXem bản đồ","3,3 tỷ - 42 m2"
32 m²,3 phòng,,,"Nhà ngõ, hẻm",,,"110,94 triệu/m²",,,,,,ha-noi,TT HÀ ĐÔNG - NHÀ ĐẸP - CHỦ TẶNG LẠI TOÀN BỘ NỘI THẤT,,"Phố Mậu Lương, Phường Kiến Hưng, Quận Hà Đông, Hà NộiXem bản đồ","3,55 tỷ - 32 m2"
32 m²,3 phòng,,,"Nhà ngõ, hẻm",,,"104,69 triệu/m²",,,,,,ha-noi,NHỈNH 3 TỶ - TT HÀ ĐÔNG - NHÀ ĐẸP - GẦN Ô TÔ - TIỆN ÍCH VÔ VÀN,,"Phố Mậu Lương, Phường Kiến Hưng, Quận Hà Đông, Hà NộiXem bản đồ","3,35 tỷ - 32 m2"
31 m²,3 phòng,,,"Nhà ngõ, hẻm",3.2999 m,31 m²,"53,23 triệu/m²",,4,,,9.5 m,ha-noi,BÁN NHÀ PHÚ MỸ BIÊN GIANG HÀ ĐÔNG 31M 4 TẦNG GIÁ CHỈ 1.65 TỶ,,"Biên Giang, Phường Biên Giang, Quận Hà Đông, Hà NộiXem bản đồ","1,65 tỷ - 31 m2"
49 m²,4 phòng,5 phòng,Đã có sổ,"Nhà ngõ, hẻm",,,"133,67 triệu/m²",,5,,,,ha-noi,"Chỉ 6.55 tỷ, Ngõ ô tô, Nguyễn Khánh Toàn, Nhà mới đẹp, 49m*4m",,"Nguyễn Khánh Toàn, Phường Quan Hoa, Quận Cầu Giấy, Hà NộiXem bản đồ","6,55 tỷ - 49 m2"
45 m²,6 phòng,,,"Nhà ngõ, hẻm",,,"155,33 triệu/m²",,,,,,ha-noi,"Thịnh Hào, Tôn ĐứcThắng, DT 45m x 5 tầng, MT 4.5m. giá 6.99 tỷ, ô tô",,"Ngõ Thịnh Hào 1, Phường Hàng Bột, Quận Đống Đa, Hà NộiXem bản đồ","6,99 tỷ - 45 m2"
40 m²,4 phòng,5 phòng,Đã có sổ,"Nhà ngõ, hẻm",,,"141,25 triệu/m²",,5,,Nội thất đầy đủ,,ha-noi,"Nhà đẹp, ô tô đỗ cửa ở luôn phố Hoa Bằng, Cầu Giấy",,"Hoa bằng, Phường Yên Hoà, Quận Cầu Giấy, Hà NộiXem bản đồ","5,65 tỷ - 40 m2"
32 m²,3 phòng,,,"Nhà ngõ, hẻm",,,"85,94 triệu/m²",,,,,,ha-noi,"BÁN NHÀ ĐẸP, GIÁ RẺ, Ô TÔ ĐỖ CỔNG TẠI THẠCH BÀN, LONG BIÊN",,"Thạch Bàn, Phường Sài Đồng, Quận Long Biên, Hà NộiXem bản đồ","2,75 tỷ - 32 m2"
45 m²,6 phòng,,,"Nhà ngõ, hẻm",,,"126,67 triệu/m²",,,,,,ha-noi,"NHÀ MỚI KÍNH KOONG ĐÓN TẾT, TRUNG TÂM PHỐ HỒNG MAI QUẬN HAI BÀ TRƯNG",,"Hồng Mai, Phường Bạch Mai, Quận Hai Bà Trưng, Hà NộiXem bản đồ","5,7 tỷ - 45 m2"
32 m²,3 phòng,,,"Nhà ngõ, hẻm",,,"85,94 triệu/m²",,,,,,ha-noi,"BÁN NHÀ ĐẸP, GIÁ RẺ, Ô TÔ ĐỖ CỔNG TẠI THẠCH BÀN, LONG BIÊN",,"Thạch Bàn, Phường Sài Đồng, Quận Long Biên, Hà NộiXem bản đồ","2,75 tỷ - 32 m2"
45 m²,6 phòng,,,"Nhà ngõ, hẻm",,,"126,67 triệu/m²",,,,,,ha-noi,"NHÀ MỚI KÍNH KOONG ĐÓN TẾT, TRUNG TÂM PHỐ HỒNG MAI QUẬN HAI BÀ TRƯNG",,"Hồng Mai, Phường Bạch Mai, Quận Hai Bà Trưng, Hà NộiXem bản đồ","5,7 tỷ - 45 m2"
25 m²,3 phòng,,,"Nhà mặt phố, mặt tiền",,,156 triệu/m²,,,,,,ha-noi,"BÁN NHÀ MẶT ĐƯỜNG NGUYỄN VĂN LINH, LONG BIÊN",,"Nguyễn Văn Linh, Phường Sài Đồng, Quận Long Biên, Hà NộiXem bản đồ","3,9 tỷ - 25 m2"
30 m²,3 phòng,,,"Nhà ngõ, hẻm",,,"96,67 triệu/m²",,,,,,ha-noi,"BÁN NHÀ THẠCH BÀN, LONG BIÊN, NHÀ ĐẸP, KHANG TRANG GIÁ HỜI",,"Thạch Bàn, Phường Thạch Bàn, Quận Long Biên, Hà NộiXem bản đồ","2,9 tỷ - 30 m2"
38 m²,3 phòng,,,"Nhà ngõ, hẻm",,,"157,37 triệu/m²",,,,,,ha-noi,"BÁN NHÀ MỚI ĐẸP, THANG MÁY HIỆN ĐẠI TẠI ĐỀN LỪ, HOÀNG MAI",,"Đền Lừ, Phường Hoàng Văn Thụ, Quận Hoàng Mai, Hà NộiXem bản đồ","5,98 tỷ - 38 m2"
35 m²,3 phòng,,,"Nhà ngõ, hẻm",,,"152,86 triệu/m²",,,,,,ha-noi,"BÁN NHÀ MỚI, 6 TẦNG THANG MÁY TẠI BÁT KHỐI, LONG BIÊN CHỈ NHỈNH 5TỶ",,"Bát khối, Phường Thạch Bàn, Quận Long Biên, Hà NộiXem bản đồ","5,35 tỷ - 35 m2"
47 m²,4 phòng,,,"Nhà ngõ, hẻm",,,"97,87 triệu/m²",,,,,,ha-noi,"BÁN NHÀ MỚI, Ô TÔ ĐỖ CỔNG TẠI TƯ ĐÌNH, LONG BIÊN",,"Tư ĐÌnh, Phường Long Biên, Quận Long Biên, Hà NộiXem bản đồ","4,6 tỷ - 47 m2"
50 m²,6 phòng,,,"Nhà ngõ, hẻm",,,105 triệu/m²,,,,,,ha-noi,BÁN NHÀ PHỐ TRẠM LONG BIÊN GIÁ CHỈ NHỈNH 5TỶ XÍU,,"Phố Trạm, Phường Long Biên, Quận Long Biên, Hà NộiXem bản đồ","5,25 tỷ - 50 m2"
75 m²,4 phòng,,,"Nhà mặt phố, mặt tiền",,,160 triệu/m²,,,,,,ha-noi,NHÀ ĐẸP-CHÍNH CHỦ-LÔ GÓC KD VIP-VP-75Mx MT RỘNG 4.5M-NGUYỄN LÂN,,"Nguyễn Lân, Phường Phương Liệt, Quận Thanh Xuân, Hà NộiXem bản đồ",12 tỷ - 75 m2
64 m²,5 phòng,5 phòng,Đã có sổ,"Nhà ngõ, hẻm",,,"187,5 triệu/m²",,7,,Nội thất đầy đủ,,ha-noi,"7 Tầng thang máy, ngõ nông, thông, 2 phút ra Hồ Tây phố Võ Chí Công.",,"Võ chí Công , Phường Xuân La, Quận Tây Hồ, Hà NộiXem bản đồ",12 tỷ - 64 m2
25 m²,2 phòng,3 phòng,Đã có sổ,"Nhà ngõ, hẻm",,,114 triệu/m²,,4,,Nội thất cao cấp,,ha-noi,NHÀ HIẾM KHƯƠNG TRUNG NỘI THẤT CHÂU ÂU - SANG TRỌNG 25M2X 4 TẦNG,,"Khương Trung, Phường Khương Trung, Quận Thanh Xuân, Hà NộiXem bản đồ","2,85 tỷ - 25 m2"
50 m²,4 phòng,,,"Nhà ngõ, hẻm",,,270 triệu/m²,,6,Hẻm xe hơi,,,ha-noi,VĂN PHÒNG CẦU GIẤY- LÔ GÓC- ÔTÔ TRÁNH- THANG MÁY- 50M2*6T- GIÁ 13.5 TỶ,,"Cầu Giấy, Phường Quan Hoa, Quận Cầu Giấy, Hà NộiXem bản đồ","13,5 tỷ - 50 m2"
130 m²,4 phòng,4 phòng,Đã có sổ,Nhà biệt thự,10 m,,"323,08 triệu/m²",,,,,13 m,ha-noi,ĐẲNG CẤP BIỆT THỰ SONG LẬP LÀNG VIỆT KIỀU CHÂU ÂU - MỘ LAO HÀ ĐÔNG–,,"Nguyễn Văn Lộc, Phường Mộ Lao, Quận Hà Đông, Hà NộiXem bản đồ",42 tỷ - 130 m2
740 m²,4 phòng,4 phòng,Đã có sổ,"Nhà ngõ, hẻm",4 m,,"14,59 triệu/m²",,,,,18 m,ha-noi,"BÁN NHÀ RIÊNG KHƯƠNG HẠ , KHƯƠNG ĐÌNH THANH XUÂN - KINH DOANH - GARA",,"Khương Hạ, Phường Khương Đình, Quận Thanh Xuân, Hà NộiXem bản đồ","10,8 tỷ - 740 m2"
230 m²,5 phòng,,,Nhà biệt thự,11 m,,"252,17 triệu/m²",,4,,Nội thất cao cấp,22 m,ha-noi,QUÁ HIẾM ĐỈNH CAO BÁN GẤP BIỆT THỰ MỘ LAO HÀ ĐÔNG ĐẸP SANG XỊN,,"Phố Nguyễn Văn Lộc, Phường Mộ Lao, Quận Hà Đông, Hà NộiXem bản đồ",58 tỷ - 230 m2
220 m²,4 phòng,4 phòng,,Nhà biệt thự,10 m,,"190,91 triệu/m²",,4,,,22 m,ha-noi,HIẾM BẮC LINH ĐÀM CẦN BÁN BIỆT THỰ TRÍ SIÊU ĐẸP - ĐẲNG CẤP - SANG,,"undefined, Phường Hoàng Liệt, Quận Hoàng Mai, Hà NộiXem bản đồ",42 tỷ - 220 m2
200 m²,4 phòng,5 phòng,,Nhà biệt thự,10 m,,205 triệu/m²,,4,,,20 m,ha-noi,VIP VIP ! CẦN BÁN BIỆT THỰ LINH ĐÀM HOÀNG MAI HIỆN ĐẠI CÓ THANG MÁY,,"Cầu Bắc Linh Đàm, Phường Hoàng Liệt, Quận Hoàng Mai, Hà NộiXem bản đồ",41 tỷ - 200 m2
180 m²,4 phòng,5 phòng,Đã có sổ,Nhà biệt thự,9 m,,"211,11 triệu/m²",,4,,,,ha-noi,"VÍP ! BÁN BIỆT THỰ MỘ LAO HÀ ĐÔNG , Ô TÔ ,THANG MÁY , ĐẸP Ở CỰC SƯỚNG",,"Phố Nguyễn Văn Lộc, Phường Mộ Lao, Quận Hà Đông, Hà NộiXem bản đồ",38 tỷ - 180 m2
61 m²,4 phòng,,Đã có sổ,"Nhà mặt phố, mặt tiền",16 m,,"201,64 triệu/m²",,4,,Nội thất đầy đủ,,ha-noi,RẺ ƠI LÀ RẺ NGÕ 29 KHƯƠNG HẠ - LÔ GÓC - MT RỘNG 16 - Ô TÔ KD ĐỈNH,,"khương hạ, Phường Khương Đình, Quận Thanh Xuân, Hà NộiXem bản đồ","12,3 tỷ - 61 m2"
45 m²,5 phòng,,,"Nhà mặt phố, mặt tiền",,,"115,56 triệu/m²",,,,,,ha-noi,Nguyễn Văn Huyên_Mới Đẹp_Ngõ Ô tô_Thông Thoáng_Sát Phố_Ở Ngay,,"Nguyễn Văn Huyên, Phường Quan Hoa, Quận Cầu Giấy, Hà NộiXem bản đồ","5,2 tỷ - 45 m2"
