Diện tích đất:,Số phòng ngủ:,Số phòng vệ sinh:,Giấy tờ pháp lý:,Loại hình nhà ở:,Chiều ngang:,Diện tích sử dụng:,Giá/m2:,Hướng cửa chính:,Tổng số tầng:,Đặc điểm nhà/đất:,Tình trạng nội thất:,Chiều dài:,Location,Name,URL,District,Price
40 m²,3 phòng,3 phòng,Đã có sổ,"Nhà ngõ, hẻm",,,130 triệu/m²,Đông Nam,4,,,,ha-noi,"ngõ 151 Láng Hạ , Đống Đa 40m2 x 4 tầng , ngõ nông , giá tốt",,"Đường Láng, Phường Láng Hạ, Quận Đống Đa, Hà NộiXem bản đồ","5,2 tỷ - 40 m2"
50 m²,4 phòng,3 phòng,Đã có sổ,"Nhà ngõ, hẻm",5 m,,156 triệu/m²,,,,,10 m,ha-noi,"Nhà mới,phố Ngọc Hà-Ba Đình,gần phố, thang máy,39M*6T, MT 4M",,"10, Phường Cống Vị, Quận Ba Đình, Hà NộiXem bản đồ","7,8 tỷ - 50 m2"
35 m²,3 phòng,,,"Nhà ngõ, hẻm",,40 m²,"150,86 triệu/m²",,,,,,ha-noi,"Nhà đẹp 2 thoáng tại Láng Hạ, Đống Đa. DT 40m, 4 tầng. Giá 5.28 tỷ.",,"Láng Hạ, Phường Láng Hạ, Quận Đống Đa, Hà NộiXem bản đồ","5,28 tỷ - 35 m2"
32.5 m²,3 phòng,3 phòng,,"Nhà ngõ, hẻm",3.25 m,,"169,23 triệu/m²",Đông Nam,3,,,,ha-noi,Bán nhà Riêng,,"Phố Gầm Cầu, Phường Đồng Xuân, Quận Hoàn Kiếm, Hà NộiXem bản đồ","5,5 tỷ - 32.5 m2"
41 m²,4 phòng,,Đã có sổ,"Nhà ngõ, hẻm",4 m,,"190,24 triệu/m²",,6,,Nội thất cao cấp,,ha-noi,"Nhà siêu đẹp,sát phố Ngọc Hà Ba Đình ô tô, tháng máy-39m*6T nhỉnh 7 tỷ",,"Phố Ngọc Hà, Phường Ngọc Hà, Quận Ba Đình, Hà NộiXem bản đồ","7,8 tỷ - 41 m2"
230 m²,5 phòng,5 phòng,Đã có sổ,Nhà biệt thự,,,"143,48 triệu/m²",Tây,4,,,,ha-noi,"Hà Nội PHỐ, BaĐìnhQuận sát vách TâyHồQuận SIÊU BIỆT THỰ SÂN VƯỜN TH",,"Phố Ngọc Hà, Phường Ngọc Hà, Quận Ba Đình, Hà NộiXem bản đồ",33 tỷ - 230 m2
80 m²,4 phòng,,Đã có sổ,"Nhà ngõ, hẻm",6 m,,"168,75 triệu/m²",,5,Hẻm xe hơi,,,ha-noi,Bán nhà Mỹ Đình 80m 5 tầng mặt tiền 5m. phân lô ô tô tránh vỉa hè.,,"Đường Mỹ Đình, Phường Mỹ Đình 1, Quận Nam Từ Liêm, Hà NộiXem bản đồ","13,5 tỷ - 80 m2"
95 m²,6 phòng,,Đã có sổ,"Nhà mặt phố, mặt tiền",7 m,,"315,79 triệu/m²",,7,Hẻm xe hơi,,,ha-noi,"Tòa Văn Phòng Trương Công Giai 95m 7 tầng mặt tiền 6.5m, PCCC đầy đủ.",,"Trần Quý Kiên, Phường Nghĩa Đô, Quận Cầu Giấy, Hà NộiXem bản đồ",30 tỷ - 95 m2
40 m²,3 phòng,3 phòng,Đã có sổ,"Nhà ngõ, hẻm",,,115 triệu/m²,,3,,Nội thất đầy đủ,,ha-noi,"Bán nhà Thuỵ Khuê Tây Hồ, ngõ thông Võng Thị, kinh doanh, 40m2 4.6 tỷ",,"Thuỵ Khuê, Phường Bưởi, Quận Tây Hồ, Hà NộiXem bản đồ","4,6 tỷ - 40 m2"
63 m²,4 phòng,,Đã có sổ,"Nhà ngõ, hẻm",,,"139,68 triệu/m²",,4,,,,ha-noi,"Trương Định Oto, vỉa hè KD 63m2, 4T, mt3,7m, 8,8 tỷ",,"Đường Trương Định, Phường Tân Mai, Quận Hoàng Mai, Hà NộiXem bản đồ","8,8 tỷ - 63 m2"
50 m²,4 phòng,4 phòng,Đã có sổ,"Nhà ngõ, hẻm",,,230 triệu/m²,,4,,Nội thất cao cấp,,ha-noi,"Nhà phố Phan Đình Phùng, Ba Đình, sát phố,sang chảnh,50m,4 ngủ,MT 4,5m",,"Phố Phan Đình Phùng, Phường Quán Thánh, Quận Ba Đình, Hà NộiXem bản đồ","11,5 tỷ - 50 m2"
50 m²,4 phòng,4 phòng,Đã có sổ,"Nhà ngõ, hẻm",,,129 triệu/m²,,4,,Nội thất cao cấp,,ha-noi,TẠ QUANG BỬU. ĐẠI CỔ VIỆT. ĐỐI DIỆN CÔNG VIÊN THỐNG NHẤT.,,"Tạ Quang Bửu, Phường Bách Khoa, Quận Hai Bà Trưng, Hà NộiXem bản đồ","6,45 tỷ - 50 m2"
45 m²,6 phòng,6 phòng,Đã có sổ,"Nhà mặt phố, mặt tiền",,,"411,11 triệu/m²",,6,,Nội thất cao cấp,,ha-noi,"Cực rẻ! Mặt phố nghi tàm.kinh doanh sầm uất, 45m2, 6 tầng hơn 18 tỷ",,"Phố Yên Phụ, Phường Yên Phụ, Quận Tây Hồ, Hà NộiXem bản đồ","18,5 tỷ - 45 m2"
34 m²,3 phòng,3 phòng,Đã có sổ,"Nhà ngõ, hẻm",,,"112,35 triệu/m²",,4,,Nội thất cao cấp,,ha-noi,34M2 LÔ GÓC_NHÀ MỚI Ở NGAY_NGÕ 254 MINH KHAI_GIÁ 3.82 TỶ (HÀ NỘI),,"Phố Minh Khai, Phường Vĩnh Tuy, Quận Hai Bà Trưng, Hà NộiXem bản đồ","3,82 tỷ - 34 m2"
60 m²,6 phòng,,Đã có sổ,"Nhà ngõ, hẻm",,,"80,83 triệu/m²",,,Nở hậu,Nội thất đầy đủ,,ha-noi,"BÁN NHÀ VŨ TÔNG PHAN,CÁCH Ô TÔ ĐỖ 10M,60M2x5T,CHỈ 4.85 Tỷ.",,"Vũ Tông Phan, Phường Khương Đình, Quận Thanh Xuân, Hà NộiXem bản đồ","4,85 tỷ - 60 m2"
48 m²,4 phòng,3 phòng,Đã có sổ,"Nhà ngõ, hẻm",,,"122,92 triệu/m²",,4,,Nội thất đầy đủ,,ha-noi,"Chính chủ Bán nhà Phố Võng Thị Mới Tinh, dt 48m2x4T, 15m ra Oto",,"Võng Thị, Phường Bưởi, Quận Tây Hồ, Hà NộiXem bản đồ","5,9 tỷ - 48 m2"
100 m²,10 phòng,,Đã có sổ,"Nhà mặt phố, mặt tiền",6 m,100 m²,470 triệu/m²,,6,,,,ha-noi,"BÁN GẤP TOÀ VĂN PHÒNG PHỐ HUẾ, 100M2 × 6 TẦNG, MT 6M, 47 TỶ",,"Phố Huế, Phường Ngô Thì Nhậm, Quận Hai Bà Trưng, Hà NộiXem bản đồ",47 tỷ - 100 m2
80 m²,6 phòng,,,"Nhà ngõ, hẻm",,,"91,25 triệu/m²",,,,,,ha-noi,"LÀM GÌ CÓ CĂN NÀO?ÔTÔ đỗ cửa,Phố Duy Tân,Cầu Giấy,80m2 ,5 tầng, 7.3 tỷ",,"Duy Tân, Phường Dịch Vọng Hậu, Quận Cầu Giấy, Hà NộiXem bản đồ","7,3 tỷ - 80 m2"
35 m²,4 phòng,,Đã có sổ,"Nhà ngõ, hẻm",,35 m²,"125,71 triệu/m²",,4,,,,ha-noi,"Cấp cứu! Hồ Tùng Mậu 2 thoáng, nhà đẹp full nội thất, ở sướng 35m2*4T",,"Trần Bình, Phường Mai Dịch, Quận Cầu Giấy, Hà NộiXem bản đồ","4,4 tỷ - 35 m2"
80 m²,6 phòng,,,"Nhà ngõ, hẻm",,,"86,88 triệu/m²",,,,,,ha-noi,"LÀM GÌ CÓ?Ô TÔ qua nhà, Xuân Thủy,Cầu Giấy, 80m2, 5 tầng chỉ có 6.95tỷ",,"Xuân Thủy, Phường Dịch Vọng Hậu, Quận Cầu Giấy, Hà NộiXem bản đồ","6,95 tỷ - 80 m2"
32 m²,3 phòng,3 phòng,Đã có sổ,"Nhà ngõ, hẻm",,,"56,25 triệu/m²",,4,,Nhà trống,,ha-noi,"Nhà Biên Giang cách QL6 500m, ô tô cách 10m, 4T 1.8 tỷ",,"QL6, Phường Biên Giang, Quận Hà Đông, Hà NộiXem bản đồ","1,8 tỷ - 32 m2"
32 m²,3 phòng,,Đã có sổ,"Nhà ngõ, hẻm",,130 m²,"93,75 triệu/m²",,4,,Nhà trống,,ha-noi,Nhà mặt ngõ thông ô tô gần ngay Quang Lãm phú lãm,,"Phố Xốm, Phường Phú Lãm, Quận Hà Đông, Hà NộiXem bản đồ",3 tỷ - 32 m2
41 m²,5 phòng,3 phòng,Đã có sổ,"Nhà ngõ, hẻm",,,100 triệu/m²,,4,,Nội thất đầy đủ,,ha-noi,Bán gấp nhà Miếu Đầm Mễ Trì 41m2 4 tầng 4 ngủ chỉ nhỉnh 4 tỷ,,"Mễ Trì, Phường Mễ Trì, Quận Nam Từ Liêm, Hà NộiXem bản đồ","4,1 tỷ - 41 m2"
32 m²,3 phòng,3 phòng,Đã có sổ,"Nhà ngõ, hẻm",,,"78,13 triệu/m²",,4,,Nhà trống,,ha-noi,Nhà ngay gần đại học đại Nam 32m2 4T ô tô đỗ gần,,"Phố Xốm, Phường Phú Lãm, Quận Hà Đông, Hà NộiXem bản đồ","2,5 tỷ - 32 m2"
135 m²,10 phòng,,Đã có sổ,Nhà biệt thự,,,"259,26 triệu/m²",,,,Nội thất cao cấp,,ha-noi,BÁN BIỆT THỰ MỸ ĐÌNH- LÔ GÓC - BÊN NGOÀI LÂU ĐÀI - BÊN TRONG LỘNG LẪY,,"Khu Biệt Thự An Sinh, Phường Mỹ Đình 2, Quận Nam Từ Liêm, Hà NộiXem bản đồ",35 tỷ - 135 m2
32 m²,4 phòng,,Đã có sổ,"Nhà ngõ, hẻm",3.5 m,,"105,63 triệu/m²",,4,,Nội thất đầy đủ,,ha-noi,"Tầm 100tr/m có nhà đẹp cách phố Minh Khai, HBT 30m. DT 32m, 4T",,"Minh Khai, Phường Bạch Mai, Quận Hai Bà Trưng, Hà NộiXem bản đồ","3,38 tỷ - 32 m2"
88 m²,2 phòng,2 phòng,Đã có sổ,"Nhà mặt phố, mặt tiền",5.5 m,,"134,09 triệu/m²",,,,,,ha-noi,SỐC QUÁ - BÁN ĐẤT - TẶNG NHÀ MẶT PHỐ - CỰC HIẾM THANH ĐÀM KINH DOA,,"Thanh Đam , Phường Thanh Trì, Quận Hoàng Mai, Hà NộiXem bản đồ","11,8 tỷ - 88 m2"
35 m²,4 phòng,4 phòng,Đã có sổ,"Nhà ngõ, hẻm",,,"72,86 triệu/m²",,5,,Nội thất cao cấp,,ha-noi,Nhà gần cây xăng Xốm lô góc ngõ thông 5T giá 2.55 tỷ,,"Phố Xốm, Phường Phú Lãm, Quận Hà Đông, Hà NộiXem bản đồ","2,55 tỷ - 35 m2"
32 m²,3 phòng,4 phòng,Đã có sổ,"Nhà ngõ, hẻm",,,"79,69 triệu/m²",,5,,Nhà trống,,ha-noi,Nhà gần phố Xốm Hà Đông 33m2 5 tầng xây mới ở ngay nhỉnh 2.x tỷ,,"Quốc lộ 21B, Phường Phú Lãm, Quận Hà Đông, Hà NộiXem bản đồ","2,55 tỷ - 32 m2"
35 m²,4 phòng,,Đã có sổ,"Nhà ngõ, hẻm",,140 m²,"81,43 triệu/m²",,4,,Nhà trống,,ha-noi,Nhà lô góc 2 mặt thoáng trc nhà 4m gần bến xe Yên Nghĩa 35m2 4T,,"Quang Trung, Phường Yên Nghĩa, Quận Hà Đông, Hà NộiXem bản đồ","2,85 tỷ - 35 m2"
42 m²,4 phòng,,,"Nhà ngõ, hẻm",,,"107,14 triệu/m²",,4,,,,ha-noi,"HOT HOT, nhà Nguyễn Xiển Kim Giang 42m, 4PN, 10m ra oto 50m ra KĐT mới",,"Đường Nguyễn Xiển, Phường Đại Kim, Quận Hoàng Mai, Hà NộiXem bản đồ","4,5 tỷ - 42 m2"
44 m²,4 phòng,4 phòng,Đã có sổ,"Nhà ngõ, hẻm",3.2999 m,,"138,64 triệu/m²",,4,,,,ha-noi,Bán nhà Ngõ 66 phố Tân Mai ô tô đỗ tránh cách nhà 3M.Ngõ thông gần pho,,"Phố Tân Mai, Phường Tân Mai, Quận Hoàng Mai, Hà NộiXem bản đồ","6,1 tỷ - 44 m2"
32 m²,3 phòng,3 phòng,Đã có sổ,"Nhà ngõ, hẻm",,,"64,06 triệu/m²",,4,,Nội thất cao cấp,,ha-noi,"ảnh thật Nhà xây mới gần UBNDP Biên Giang, ô tô cạnh nhà, 2.05 tỷ",,"QL6, Phường Biên Giang, Quận Hà Đông, Hà NộiXem bản đồ","2,05 tỷ - 32 m2"
35 m²,4 phòng,3 phòng,Đã có sổ,"Nhà ngõ, hẻm",,,"81,43 triệu/m²",,4,,Nhà trống,,ha-noi,Nhà xây độc lập ngõ thông ô tô lùi cửa 35m2 4T 2.x tỷ,,"Quốc lộ 21B, Phường Phú Lãm, Quận Hà Đông, Hà NộiXem bản đồ","2,85 tỷ - 35 m2"
35 m²,4 phòng,3 phòng,Đã có sổ,"Nhà mặt phố, mặt tiền",,,"65,71 triệu/m²",,4,,Nội thất cao cấp,,ha-noi,Chính Chủ Bán Nhà Liên Mạc 4 Tầng 4 Phòng 35m2,,"Đường Đại Cát, Phường Liên Mạc, Quận Bắc Từ Liêm, Hà NộiXem bản đồ","2,3 tỷ - 35 m2"
36 m²,4 phòng,,,"Nhà ngõ, hẻm",,,"131,94 triệu/m²",,,,,,ha-noi,SIÊU PHẨM HAI BÀ TRƯNG 36 M2 x 5 TẦNG - NHỈNH 4 TỶ,,"Phố Bạch Mai, Phường Bạch Mai, Quận Hai Bà Trưng, Hà NộiXem bản đồ","4,75 tỷ - 36 m2"
80 m²,4 phòng,,Đã có sổ,"Nhà ngõ, hẻm",,,"89,38 triệu/m²",,,,,,ha-noi,"Nhà Đê La Thành, 3 thoáng, ngõ rộng, dân trí cao, 80m,7.15 tỷ",,"Đê La Thành, Phường Ô Chợ Dừa, Quận Đống Đa, Hà NộiXem bản đồ","7,15 tỷ - 80 m2"
45 m²,4 phòng,,Đã có sổ,"Nhà ngõ, hẻm",3.5999 m,,"165,56 triệu/m²",,7,,Nội thất cao cấp,,ha-noi,"HIẾM! NHÀ PHỐ TRỊNH ĐÌNH CỬU, GẦN HỒ, 1 NHÀ RA PHỐ, DT45M2 7 TẦNG TMÁY",,"Phố Trịnh Đình Cửu, Phường Định Công, Quận Hoàng Mai, Hà NộiXem bản đồ","7,45 tỷ - 45 m2"
380 m²,9 phòng,,Đã có sổ,"Nhà mặt phố, mặt tiền",12 m,,"736,84 triệu/m²",,9,,Nội thất đầy đủ,,ha-noi,LÔ GÓC PHỐ QUẢNG KHÁNH 380M2 MT12M MẶT HỒ MẶT PHỐ MẶT NGÕ Ô TÔ 280 TỶ,,"Phố Quảng Khánh, Phường Quảng An, Quận Tây Hồ, Hà NộiXem bản đồ",280 tỷ - 380 m2
39 m²,4 phòng,,,"Nhà ngõ, hẻm",,,"97,44 triệu/m²",,,,,,ha-noi,"BÁN NHÀ THƯỢNG THANH - MẶT NGÕ THÔNG - Ô TÔ ĐỖ CỬA - 39m, 5T, 3,8 TỶ",,"Thượng Thanh, Phường Thượng Thanh, Quận Long Biên, Hà NộiXem bản đồ","3,8 tỷ - 39 m2"
30 m²,3 phòng,,,"Nhà ngõ, hẻm",,,"106,67 triệu/m²",,,,,,ha-noi,"BÁN NHÀ BỒ ĐỀ - XÂY MỚI - MẶT NGÕ THÔNG - 3,2 TỶ, 30M, 4T - GIÁ TỐT",,"Bồ đề, Phường Bồ Đề, Quận Long Biên, Hà NộiXem bản đồ","3,2 tỷ - 30 m2"
44 m²,3 phòng,,,"Nhà ngõ, hẻm",,,"81,82 triệu/m²",,,,,,ha-noi,"NHÀ BỒ ĐỀ, NGUYỄN VĂN CỪ – GẦN HỒ, VÀI BƯỚC CHÂN RA PHỐ - Ô TÔ ĐỖ CỔNG",,"tổ, Phường Bồ Đề, Quận Long Biên, Hà NộiXem bản đồ","3,6 tỷ - 44 m2"
38 m²,3 phòng,,,"Nhà ngõ, hẻm",,,"115,79 triệu/m²",,,,,,ha-noi,HÀNG HIẾM – BỒ ĐỀ – DÂN XÂY – Ô TÔ ĐỖ CỔNG – CHỈ 4.4 TỶ,,"Phố Hồng Tiến, Phường Bồ Đề, Quận Long Biên, Hà NộiXem bản đồ","4,4 tỷ - 38 m2"
40 m²,3 phòng,,Đã có sổ,"Nhà ngõ, hẻm",,,"77,5 triệu/m²",,,,,,ha-noi,"BÁN NHÀ THƯỢNG THANH - 3,1 TỶ, 40m - NHÀ DÂN XÂY - Ô TÔ ĐỖ CỔNG",,"Thượng Thanh, Phường Thượng Thanh, Quận Long Biên, Hà NộiXem bản đồ","3,1 tỷ - 40 m2"
50 m²,4 phòng,,,"Nhà ngõ, hẻm",,,88 triệu/m²,,,,,,ha-noi,"HOT HOT CHỈ 4,4 TỶ - NHÀ NGỌC THỤY - Ô TÔ ĐỖ CỬA - DÂN XÂY - 2 THOÁNG",,"Ngọc Thụy, Phường Ngọc Thụy, Quận Long Biên, Hà NộiXem bản đồ","4,4 tỷ - 50 m2"
32 m²,3 phòng,,,"Nhà ngõ, hẻm",,,"90,63 triệu/m²",,,,,,ha-noi,HÀNG HIẾM – NGỌC THỤY – TRONG ĐÊ – NỞ HẬU – CHỈ 2.9 TỶ,,"ngọc thụy, Phường Ngọc Thụy, Quận Long Biên, Hà NộiXem bản đồ","2,9 tỷ - 32 m2"
32 m²,3 phòng,,,"Nhà ngõ, hẻm",,,"101,56 triệu/m²",,,,,,ha-noi,VỊ TRÍ ĐẮC ĐỊA – Ô TÔ VÀO NHÀ – PHỐ ĐỨC GIANG - KHU PHÂN LÔ,,"Phố Đức Giang, Phường Đức Giang, Quận Long Biên, Hà NộiXem bản đồ","3,25 tỷ - 32 m2"
32 m²,3 phòng,,,"Nhà ngõ, hẻm",,,"114,06 triệu/m²",,,,,,ha-noi,GIÁ *** ĐẤT – NGUYỄN VĂN CỪ - 3.45 TỶ - 5T – FULL ĐỒ - GẦN Ô TÔ,,"nguyễn văn cừ, Phường Gia Thụy, Quận Long Biên, Hà NộiXem bản đồ","3,65 tỷ - 32 m2"
50 m²,4 phòng,,,"Nhà ngõ, hẻm",,,71 triệu/m²,,,,,,ha-noi,"NHÀ THƯỢNG THANH – XÂY MỚI – GIÁ RẺ NHẤT PHỐ - 50M, 5 TẦNG, 3.55 TỶ",,"Thượng thanh, Phường Thượng Thanh, Quận Long Biên, Hà NộiXem bản đồ","3,55 tỷ - 50 m2"
38 m²,4 phòng,,,"Nhà ngõ, hẻm",,,"115,79 triệu/m²",,,,,,ha-noi,"BÁN NHÀ BỒ ĐỀ - DÂN XÂY - Ô TÔ ĐỖ CỔNG - 38M, 4TẦNG, NHỈNH 4 TỶ",,"Bồ Đề , Phường Bồ Đề, Quận Long Biên, Hà NộiXem bản đồ","4,4 tỷ - 38 m2"
32 m²,3 phòng,4 phòng,,"Nhà ngõ, hẻm",,155 m²,65 triệu/m²,,5,,,,ha-noi,"Nhà Biên Giang ô tô lùi cổng, 5 tầng full nội thất, loading 90%",,"Rạng Đông, Phường Biên Giang, Quận Hà Đông, Hà NộiXem bản đồ","2,08 tỷ - 32 m2"
54 m²,2 phòng,1 phòng,Đã có sổ,"Nhà mặt phố, mặt tiền",,,"312,96 triệu/m²",,1,,Nội thất đầy đủ,,ha-noi,MẶT PHỐ QUÁN THÁNH. YÊN NINH. HOÀN KIẾM,,"Yên Ninh, Phường Hàng Mã, Quận Hoàn Kiếm, Hà NộiXem bản đồ","16,9 tỷ - 54 m2"
41 m²,4 phòng,,Đã có sổ,"Nhà ngõ, hẻm",5 m,,"141,46 triệu/m²",,5,,Nội thất cao cấp,,ha-noi,CHỦ CẦN BÁN GẤP NHÀ TÂY HỒ 41m Ô TÔ VÀO NHÀ NHÀ MỚI GẦN PHỐ CỰC HIẾM,,"Đường An Dương Vương, Phường Phú Thượng, Quận Tây Hồ, Hà NộiXem bản đồ","5,8 tỷ - 41 m2"
35 m²,4 phòng,3 phòng,Đã có sổ,"Nhà ngõ, hẻm",,,"53,14 triệu/m²",,4,,Nhà trống,,ha-noi,Nhà 4 tầng 35m2 ô tô gần giá 1.x tỷ gần cầu Mai Lĩnh,,"An Thắng, Phường Biên Giang, Quận Hà Đông, Hà NộiXem bản đồ","1,86 tỷ - 35 m2"
41 m²,4 phòng,4 phòng,Đã có sổ,"Nhà ngõ, hẻm",,,"97,56 triệu/m²",,6,,Nội thất đầy đủ,,ha-noi,BÁN NHÀ CHÍNH CHỦ 6 TẦNG CẠNH GA TÀU ĐIỆN CÁT LINH,,"Phố Cát Linh, Phường Cát Linh, Quận Đống Đa, Hà NộiXem bản đồ",4 tỷ - 41 m2
51 m²,3 phòng,3 phòng,Đã có sổ,"Nhà ngõ, hẻm",5 m,,100 triệu/m²,,,,,10 m,ha-noi,"Bán nhà Minh Khai , cơ hội có 102 , 51m2 , 5,1 tỷ , Nhà dân xây chắc",,"Minh Khai, Phường Minh Khai, Quận Hai Bà Trưng, Hà NộiXem bản đồ","5,1 tỷ - 51 m2"
45 m²,4 phòng,,Đã có sổ,"Nhà ngõ, hẻm",,,100 triệu/m²,,5,,,,ha-noi,"BÁN NHÀ, LÊ THANH NGHỊ 45M × 4 TẦNG × giá 4,5 tỷ, LÔ GÓC, THOÁNG SÁNG",,"Lê Thanh Nghị, Phường Bạch Mai, Quận Hai Bà Trưng, Hà NộiXem bản đồ","4,5 tỷ - 45 m2"
75 m²,5 phòng,5 phòng,Đã có sổ,,,,"293,33 triệu/m²",Tây Nam,5,,,,ha-noi,BÁN NHÀ MẶT PHỐ 75 M2 5 TẦNG VỪA HOÀN THIỆN,,"21,5 Dự Án Vimufuland đại kim, Phường Đại Kim, Quận Hoàng Mai, Hà NộiXem bản đồ",22 tỷ - 75 m2
37 m²,3 phòng,,,"Nhà mặt phố, mặt tiền",,,"121,62 triệu/m²",,4,,,,ha-noi,"⭐️CHỈ4.5TỶ PHÂN LÔ, Ô TÔ ĐỖ CỬA, GẦN PHỐ,ĐỦ CÔNG NĂNG, NHÀ THOÁNG SÁNG",,"Định Công Thượng, Phường Định Công, Quận Hoàng Mai, Hà NộiXem bản đồ","4,5 tỷ - 37 m2"
80 m²,4 phòng,4 phòng,Đã có sổ,"Nhà mặt phố, mặt tiền",,,"348,75 triệu/m²",Tây Nam,3,,,,ha-noi,MẶT PHỐ HÀNG VẢI. VỈA HÈ KINH DOANH,,"Hàng Vải, Phường Cửa Đông, Quận Hoàn Kiếm, Hà NộiXem bản đồ","27,9 tỷ - 80 m2"
45 m²,4 phòng,,Đã có sổ,"Nhà ngõ, hẻm",,,100 triệu/m²,,5,,,,ha-noi,"BÁN NHÀ, LÊ THANH NGHỊ 45M × 4 TẦNG × giá 4,5 tỷ, LÔ GÓC, THOÁNG SÁNG",,"Lê Thanh Nghị, Phường Bạch Mai, Quận Hai Bà Trưng, Hà NộiXem bản đồ","4,5 tỷ - 45 m2"
75 m²,5 phòng,5 phòng,Đã có sổ,,,,"293,33 triệu/m²",Tây Nam,5,,,,ha-noi,BÁN NHÀ MẶT PHỐ 75 M2 5 TẦNG VỪA HOÀN THIỆN,,"21,5 Dự Án Vimufuland đại kim, Phường Đại Kim, Quận Hoàng Mai, Hà NộiXem bản đồ",22 tỷ - 75 m2
37 m²,3 phòng,,,"Nhà mặt phố, mặt tiền",,,"121,62 triệu/m²",,4,,,,ha-noi,"⭐️CHỈ4.5TỶ PHÂN LÔ, Ô TÔ ĐỖ CỬA, GẦN PHỐ,ĐỦ CÔNG NĂNG, NHÀ THOÁNG SÁNG",,"Định Công Thượng, Phường Định Công, Quận Hoàng Mai, Hà NộiXem bản đồ","4,5 tỷ - 37 m2"
80 m²,4 phòng,4 phòng,Đã có sổ,"Nhà mặt phố, mặt tiền",,,"348,75 triệu/m²",Tây Nam,3,,,,ha-noi,MẶT PHỐ HÀNG VẢI. VỈA HÈ KINH DOANH,,"Hàng Vải, Phường Cửa Đông, Quận Hoàn Kiếm, Hà NộiXem bản đồ","27,9 tỷ - 80 m2"
40 m²,6 phòng,,Đã có sổ,"Nhà mặt phố, mặt tiền",,,95 triệu/m²,,,,,,ha-noi,Bán nhà phố  Lê thanh nghị  bách khoa  diện tích 40 m2,,"Phố Lê Thanh Nghị, Phường Bách Khoa, Quận Hai Bà Trưng, Hà NộiXem bản đồ","3,8 tỷ - 40 m2"
55 m²,6 phòng,,,"Nhà ngõ, hẻm",,59 m²,"114,55 triệu/m²",,4,,,,ha-noi,⭐️SIÊU PHẨM!!!Ô TÔ 4 CHỖ ĐỖ CỬA - AN NINH - AN SINH ĐỈNH CAO,,"Phố Vĩnh Hưng, Phường Vĩnh Hưng, Quận Hoàng Mai, Hà NộiXem bản đồ","6,3 tỷ - 55 m2"
43 m²,6 phòng,,,"Nhà ngõ, hẻm",,,"113,95 triệu/m²",,5,,,,ha-noi,"⭐️SIÊU PHẨM GIÁ PHẢI CHĂNG!!! 5.5TỶ 43m2x5Tx6P QUẬN HOÀNG MAI, NGÕ TO",,"Phố Nguyễn Chính, Phường Tân Mai, Quận Hoàng Mai, Hà NộiXem bản đồ","4,9 tỷ - 43 m2"
38 m²,6 phòng,,Đã có sổ,"Nhà mặt phố, mặt tiền",,,"105,26 triệu/m²",,,,,,ha-noi,Bán nhà phố tạ quang bửu  diện tích 38m2  4T giá 4 tỷ,,"Phố Tạ Quang Bửu, Phường Bách Khoa, Quận Hai Bà Trưng, Hà NộiXem bản đồ",4 tỷ - 38 m2
38 m²,4 phòng,4 phòng,Đã có sổ,"Nhà mặt phố, mặt tiền",,250 m²,"342,11 triệu/m²",,,,Nội thất đầy đủ,,ha-noi,MẶT NGÕ NGUYỄN TRÍ THANH- KINH DOANH- PHÂN LÔ- THANG MÁY 38M-13 TỶ,,"Nguyễn Trí Thanh, Phường Láng Thượng, Quận Đống Đa, Hà NộiXem bản đồ",13 tỷ - 38 m2
42 m²,4 phòng,,,"Nhà ngõ, hẻm",,,"92,86 triệu/m²",,,,,,ha-noi,"⭐️CHỈ 3.9 tỷ SỞ HỮU NGAY 42m2x5Tầng QUẬNHOÀNGMAI, GIÁĐẦUTƯ, KINH DOANH",,"Lĩnh Nam, Phường Lĩnh Nam, Quận Hoàng Mai, Hà NộiXem bản đồ","3,9 tỷ - 42 m2"
31 m²,4 phòng,,,"Nhà ngõ, hẻm",,,"106,45 triệu/m²",,5,,,,ha-noi,"⭐️NGÕ HOÀ BÌNH-TRUNG TÂM HBT, GẦN PHỐ, NGÕ TO, GIÁ CHỈ ĐỂ CHÀO!!!",,"Hoà Bình, Phường Minh Khai, Quận Hai Bà Trưng, Hà NộiXem bản đồ","3,3 tỷ - 31 m2"
43 m²,4 phòng,,,"Nhà ngõ, hẻm",,,"76,28 triệu/m²",,3,,,,ha-noi,"⭐️CỰC HIẾM!!! CHỈ 76Tr/m2 PHỐ BẠCH MAI!!!NGÕ NÔNG, 3 BƯỚC RA PHỐ!!!",,"Phố Bạch Mai, Phường Bạch Mai, Quận Hai Bà Trưng, Hà NộiXem bản đồ","3,28 tỷ - 43 m2"
100 m²,6 phòng,,,"Nhà ngõ, hẻm",,110 m²,61 triệu/m²,,4,,,,ha-noi,"⭐️CỰC PHẨM!!!S RỘNG,NHÀTHOÁNG,DÂNXÂY, SAUQUYHOẠCH TƯƠNG LAI CỰC CHÁY🤩",,"Phố Nam Dư, Phường Lĩnh Nam, Quận Hoàng Mai, Hà NộiXem bản đồ","6,1 tỷ - 100 m2"
56 m²,1 phòng,,,"Nhà ngõ, hẻm",,,"71,43 triệu/m²",,5,,,,ha-noi,⭐️QUẬN HOÀNG MAI 56M2x5 TẦNG CHỈ VỚI 4.2 TỶ NHÀ CÒN RẤT MỚI,,"Lĩnh Nam, Phường Lĩnh Nam, Quận Hoàng Mai, Hà NộiXem bản đồ",4 tỷ - 56 m2
40 m²,3 phòng,,,"Nhà ngõ, hẻm",,,"72,5 triệu/m²",,,,,,ha-noi,"⭐️CHỈ 2.9 TỶ SỞ HỮU NGAY 40m2 QUẬN HOÀNGMAI, NHÀ CÒN MỚI, ĐỦ CÔNG NĂNG",,"Phố Nam Dư, Phường Lĩnh Nam, Quận Hoàng Mai, Hà NộiXem bản đồ","2,9 tỷ - 40 m2"
30 m²,3 phòng,3 phòng,Đã có sổ,"Nhà ngõ, hẻm",,,116 triệu/m²,,4,,Nhà trống,,ha-noi,Nhà La Khê ngay ngã tư Văn Phú 30m2 4T nhỉnh 3 tỷ,,"Lê Trọng Tấn, Phường La Khê, Quận Hà Đông, Hà NộiXem bản đồ","3,48 tỷ - 30 m2"
30 m²,2 phòng,2 phòng,Giấy tờ khác,"Nhà ngõ, hẻm",,,"43,33 triệu/m²",,2,,,,ha-noi,"CHỈ 1,3 TỶ SỞ HỮU NHÀ Ở ĐÔNG THIÊN Ô TÔ ĐỖ CỔNG 30m*2TẦNG*2 NGỦ*1,3 TỶ",,"Đông Thiên, Phường Vĩnh Hưng, Quận Hoàng Mai, Hà NộiXem bản đồ","1,3 tỷ - 30 m2"
54 m²,3 phòng,2 phòng,Đã có sổ,"Nhà ngõ, hẻm",4 m,,"98,15 triệu/m²",,,,,14 m,ha-noi,"Bán nhà Kim Ngưu , cơ hội hiếm có , 54m2 , 5,3 tỷ , Ngõ thoáng , gần",,"Kim Ngưu, Phường Thanh Nhàn, Quận Hai Bà Trưng, Hà NộiXem bản đồ","5,3 tỷ - 54 m2"
69 m²,nhiều hơn 10 phòng,,,"Nhà ngõ, hẻm",,,"202,9 triệu/m²",,,,,,ha-noi,Bán ccmn Hai Bà Trưng - 7 tầng - Thang Máy - 17 Phòng - Dòng tiền cao,,"Yên Lạc, Phường Phố Huế, Quận Hai Bà Trưng, Hà NộiXem bản đồ",14 tỷ - 69 m2
98 m²,10 phòng,,,"Nhà mặt phố, mặt tiền",,,"306,12 triệu/m²",,,,,,ha-noi,MẶT PHỐ VÕNG THỊ 98M x8 TẦNG THANG MÁY-VIEW HỒ TÂY-DÒNG TIỀN CAO-30 tỷ,,"Võng Thị, Phường Bưởi, Quận Tây Hồ, Hà NộiXem bản đồ",30 tỷ - 98 m2
38 m²,4 phòng,4 phòng,Đã có sổ,"Nhà mặt phố, mặt tiền",,250 m²,"342,11 triệu/m²",,,,Nội thất đầy đủ,,ha-noi,MẶT NGÕ NGUYỄN TRÍ THANH- KINH DOANH- PHÂN LÔ- THANG MÁY 38M-13 TỶ,,"Nguyễn Trí Thanh, Phường Láng Thượng, Quận Đống Đa, Hà NộiXem bản đồ",13 tỷ - 38 m2
42 m²,4 phòng,,,"Nhà ngõ, hẻm",,,"92,86 triệu/m²",,,,,,ha-noi,"⭐️CHỈ 3.9 tỷ SỞ HỮU NGAY 42m2x5Tầng QUẬNHOÀNGMAI, GIÁĐẦUTƯ, KINH DOANH",,"Lĩnh Nam, Phường Lĩnh Nam, Quận Hoàng Mai, Hà NộiXem bản đồ","3,9 tỷ - 42 m2"
31 m²,4 phòng,,,"Nhà ngõ, hẻm",,,"106,45 triệu/m²",,5,,,,ha-noi,"⭐️NGÕ HOÀ BÌNH-TRUNG TÂM HBT, GẦN PHỐ, NGÕ TO, GIÁ CHỈ ĐỂ CHÀO!!!",,"Hoà Bình, Phường Minh Khai, Quận Hai Bà Trưng, Hà NộiXem bản đồ","3,3 tỷ - 31 m2"
43 m²,4 phòng,,,"Nhà ngõ, hẻm",,,"76,28 triệu/m²",,3,,,,ha-noi,"⭐️CỰC HIẾM!!! CHỈ 76Tr/m2 PHỐ BẠCH MAI!!!NGÕ NÔNG, 3 BƯỚC RA PHỐ!!!",,"Phố Bạch Mai, Phường Bạch Mai, Quận Hai Bà Trưng, Hà NộiXem bản đồ","3,28 tỷ - 43 m2"
100 m²,6 phòng,,,"Nhà ngõ, hẻm",,110 m²,61 triệu/m²,,4,,,,ha-noi,"⭐️CỰC PHẨM!!!S RỘNG,NHÀTHOÁNG,DÂNXÂY, SAUQUYHOẠCH TƯƠNG LAI CỰC CHÁY🤩",,"Phố Nam Dư, Phường Lĩnh Nam, Quận Hoàng Mai, Hà NộiXem bản đồ","6,1 tỷ - 100 m2"
56 m²,1 phòng,,,"Nhà ngõ, hẻm",,,"71,43 triệu/m²",,5,,,,ha-noi,⭐️QUẬN HOÀNG MAI 56M2x5 TẦNG CHỈ VỚI 4.2 TỶ NHÀ CÒN RẤT MỚI,,"Lĩnh Nam, Phường Lĩnh Nam, Quận Hoàng Mai, Hà NộiXem bản đồ",4 tỷ - 56 m2
40 m²,3 phòng,,,"Nhà ngõ, hẻm",,,"72,5 triệu/m²",,,,,,ha-noi,"⭐️CHỈ 2.9 TỶ SỞ HỮU NGAY 40m2 QUẬN HOÀNGMAI, NHÀ CÒN MỚI, ĐỦ CÔNG NĂNG",,"Phố Nam Dư, Phường Lĩnh Nam, Quận Hoàng Mai, Hà NộiXem bản đồ","2,9 tỷ - 40 m2"
30 m²,3 phòng,3 phòng,Đã có sổ,"Nhà ngõ, hẻm",,,116 triệu/m²,,4,,Nhà trống,,ha-noi,Nhà La Khê ngay ngã tư Văn Phú 30m2 4T nhỉnh 3 tỷ,,"Lê Trọng Tấn, Phường La Khê, Quận Hà Đông, Hà NộiXem bản đồ","3,48 tỷ - 30 m2"
30 m²,2 phòng,2 phòng,Giấy tờ khác,"Nhà ngõ, hẻm",,,"43,33 triệu/m²",,2,,,,ha-noi,"CHỈ 1,3 TỶ SỞ HỮU NHÀ Ở ĐÔNG THIÊN Ô TÔ ĐỖ CỔNG 30m*2TẦNG*2 NGỦ*1,3 TỶ",,"Đông Thiên, Phường Vĩnh Hưng, Quận Hoàng Mai, Hà NộiXem bản đồ","1,3 tỷ - 30 m2"
54 m²,3 phòng,2 phòng,Đã có sổ,"Nhà ngõ, hẻm",4 m,,"98,15 triệu/m²",,,,,14 m,ha-noi,"Bán nhà Kim Ngưu , cơ hội hiếm có , 54m2 , 5,3 tỷ , Ngõ thoáng , gần",,"Kim Ngưu, Phường Thanh Nhàn, Quận Hai Bà Trưng, Hà NộiXem bản đồ","5,3 tỷ - 54 m2"
69 m²,nhiều hơn 10 phòng,,,"Nhà ngõ, hẻm",,,"202,9 triệu/m²",,,,,,ha-noi,Bán ccmn Hai Bà Trưng - 7 tầng - Thang Máy - 17 Phòng - Dòng tiền cao,,"Yên Lạc, Phường Phố Huế, Quận Hai Bà Trưng, Hà NộiXem bản đồ",14 tỷ - 69 m2
98 m²,10 phòng,,,"Nhà mặt phố, mặt tiền",,,"306,12 triệu/m²",,,,,,ha-noi,MẶT PHỐ VÕNG THỊ 98M x8 TẦNG THANG MÁY-VIEW HỒ TÂY-DÒNG TIỀN CAO-30 tỷ,,"Võng Thị, Phường Bưởi, Quận Tây Hồ, Hà NộiXem bản đồ",30 tỷ - 98 m2
82 m²,8 phòng,,,"Nhà mặt phố, mặt tiền",,,"302,44 triệu/m²",,,,,,ha-noi,Bán gấp nhà Hoàng Quốc Việt-Văn Phòng-82m2 x 8 tầng-Thang máy-Giá 24tỷ,,"Hoàng Quốc Việt, Phường Nghĩa Đô, Quận Cầu Giấy, Hà NộiXem bản đồ","24,8 tỷ - 82 m2"
99 m²,10 phòng,,,"Nhà mặt phố, mặt tiền",,,"686,87 triệu/m²",,,,,,ha-noi,"BÁN NHÀ MẶT PHỐ TRẦN ĐĂNG NINH-VỈA HÈ-9 TẦNG THANG MÁY-DOANH THU 1,7TỶ",,"Trần Đăng Ninh, Phường Dịch Vọng, Quận Cầu Giấy, Hà NộiXem bản đồ",68 tỷ - 99 m2
50 m²,6 phòng,,,"Nhà mặt phố, mặt tiền",,,400 triệu/m²,,,,,,ha-noi,Siêu Phẩm Phố Linh Quang-Mặt Hồ-Vỉa Hè-Kinh Doanh Đa Dạng-Lô Góc-20 tỷ,,"Linh Quang, Phường Văn Chương, Quận Đống Đa, Hà NộiXem bản đồ",20 tỷ - 50 m2
62 m²,5 phòng,,,"Nhà mặt phố, mặt tiền",,,"306,45 triệu/m²",,,,,,ha-noi,Dòng tiền cao! Bán nhà phố Dương Khuê - 62m x 7 tầng - thang máy- x tỷ,,"Dương Khuê, Phường Mai Dịch, Quận Cầu Giấy, Hà NộiXem bản đồ",19 tỷ - 62 m2
80 m²,8 phòng,,,"Nhà mặt phố, mặt tiền",,,300 triệu/m²,,,,,,ha-noi,Bán nhà Hoàng Quốc Việt-Văn phòng-80m2 x 8 tầng-Thang máy-Vỉa hè-24 tỷ,,"Hoàng Quốc Việt, Phường Nghĩa Đô, Quận Cầu Giấy, Hà NộiXem bản đồ",24 tỷ - 80 m2
75 m²,8 phòng,,,"Nhà mặt phố, mặt tiền",,,320 triệu/m²,,,,,,ha-noi,BÁN NHÀ PHỐ LÊ VĂN LƯƠNG - TÒA VP 75M2 X 8 TẦNG-THANG MÁY. NHỈNH 20 TỶ,,"Lê Văn Lương, Phường Nhân Chính, Quận Thanh Xuân, Hà NộiXem bản đồ",24 tỷ - 75 m2
38 m²,6 phòng,6 phòng,Đã có sổ,"Nhà ngõ, hẻm",,,250 triệu/m²,,7,,Nội thất đầy đủ,,ha-noi,Bán nhà Kim Mã 38m2 vị trí đẹp ngõ oto 10m ra mặt phố thang máy 9.5 tỷ,,"Phố Kim Mã, Phường Kim Mã, Quận Ba Đình, Hà NộiXem bản đồ","9,5 tỷ - 38 m2"
41 m²,4 phòng,3 phòng,Đã có sổ,"Nhà ngõ, hẻm",,,"115,85 triệu/m²",,4,,Nhà trống,,ha-noi,"Hàng hiếm Tây Sơn, Ngõ rộng thoáng - gần công viên, ở luôn 41m*4T",,"Phố Tây Sơn, Phường Quang Trung, Quận Đống Đa, Hà NộiXem bản đồ","4,75 tỷ - 41 m2"
