Diện tích đất:,Số phòng ngủ:,Số phòng vệ sinh:,Giấy tờ pháp lý:,Loại hình nhà ở:,Chiều ngang:,Diện tích sử dụng:,Giá/m2:,Hướng cửa chính:,Tổng số tầng:,Đặc điểm nhà/đất:,Tình trạng nội thất:,Chiều dài:,Location,Name,URL,District,Price
43 m²,6 phòng,4 phòng,Đã có sổ,"Nhà ngõ, hẻm",,,"120,93 triệu/m²",,6,,Nội thất cao cấp,,ha-noi,BÁN GẤP NHÀ ĐẸP FULL NỘI THẤT DIỆN TÍCH 43M2 X 5 TẦNG Ở HOÀNG HOA THÁM,,"Đường Hoàng Hoa Thám, Phường Vĩnh Phúc, Quận Ba Đình, Hà NộiXem bản đồ","5,2 tỷ - 43 m2"
50 m²,4 phòng,4 phòng,Đã có sổ,"Nhà mặt phố, mặt tiền",,,140 triệu/m²,,4,,Nội thất đầy đủ,,ha-noi,BÁN NHÀ NGÕ 147 PHỐ TÂN MAI.HOÀNG MAI. GARA Ô TÔ. 50M. 4 TẦNG.MT 4M.,,"Ngõ 147, Tân Mai, Phường Tân Mai, Quận Hoàng Mai, Hà NộiXem bản đồ",7 tỷ - 50 m2
55 m²,5 phòng,4 phòng,,Nhà phố liền kề,,,"187,27 triệu/m²",,5,,,,ha-noi,"CÓ 102! BÁN NHÀ PHÂN LÔ ĐẠI KIM – KD- 2 THOÁNG – 55m2 ,5 tầng 10.3 tỷ",,"Phố Nguyễn Cảnh Dị, Phường Hoàng Liệt, Quận Hoàng Mai, Hà NộiXem bản đồ","10,3 tỷ - 55 m2"
42 m²,4 phòng,,Đã có sổ,"Nhà ngõ, hẻm",,160 m²,"97,6 triệu/m²",,4,,Nội thất đầy đủ,,ha-noi,"Bán Nhà phố Lê Trọng Tấn, DT:40m2 x4T, gần phố, ở luôn, giá 4.099 tỷ",,"lê trọng tấn, Phường Định Công, Quận Hoàng Mai, Hà NộiXem bản đồ","4,099 tỷ - 42 m2"
32 m²,3 phòng,4 phòng,,"Nhà ngõ, hẻm",,,100 triệu/m²,,6,,,,ha-noi,NHÀ THẠCH BÀN – CỔ LINH- AEON 32M 6 TẦNG OTO ĐỖ CỬA.,,"Đường Cổ Linh, Phường Long Biên, Quận Long Biên, Hà NộiXem bản đồ","3,2 tỷ - 32 m2"
45 m²,4 phòng,4 phòng,Đã có sổ,"Nhà ngõ, hẻm",,,"97,07 triệu/m²",,4,,Nội thất đầy đủ,,ha-noi,"Bán nhà Linh Đàm DT: 45m2 x 4 T, ở luôn, giá 4.368 tỷ",,"Nghiêm xuân Yêm, Phường Đại Kim, Quận Hoàng Mai, Hà NộiXem bản đồ","4,368 tỷ - 45 m2"
33 m²,3 phòng,3 phòng,Đã có sổ,Nhà phố liền kề,,,"53,03 triệu/m²",,3,,Nhà trống,,ha-noi,CHỈ CÒN 9/14 CĂN NHÀ PHỐ LIỀN KỀ KCN QUANG MINH MÊ LINH HÀ NỘI,,"Đường Quang Minh, Thị trấn Quang Minh, Huyện Mê Linh, Hà NộiXem bản đồ","1,75 tỷ - 33 m2"
44 m²,5 phòng,4 phòng,Đã có sổ,"Nhà ngõ, hẻm",,,"115,91 triệu/m²",,4,,Nội thất đầy đủ,,ha-noi,"BÁN NHÀ 79 CẦU GIẤY 44M*4TẦNG, MẶT 4M, TẶNG NỘI THẤT, 5 NGỦ, 2 THOÁNG",,"Cầu Giấy, Phường Quan Hoa, Quận Cầu Giấy, Hà NộiXem bản đồ","5,1 tỷ - 44 m2"
41 m²,5 phòng,,,"Nhà ngõ, hẻm",,41 m²,"106,1 triệu/m²",,,,,,ha-noi,"Ảo thật đấy! Khương Hạ, gần phố, ngõ to, nội thất xịn xò, 41m2*5T,",,"Khương Hạ, Phường Khương Trung, Quận Thanh Xuân, Hà NộiXem bản đồ","4,35 tỷ - 41 m2"
110 m²,6 phòng,Nhiều hơn 6 phòng,Đã có sổ,"Nhà mặt phố, mặt tiền",,,"209,09 triệu/m²",,7,,Nội thất cao cấp,,ha-noi,BÁN PHỐ HOÀNG HOA THÁM 110M2 2 MẶT TIỀN 7M VỈA HÈ Ô TÔ KINH DOANH 23TỶ,,"Đường Hoàng Hoa Thám, Phường Ngọc Hà, Phường Thuỵ Khuê, Quận Ba Đình, Thành phố Hà Nội, 11150, Việt Nam, Phường Ngọc Hà, Quận Ba Đình, Hà NộiXem bản đồ",23 tỷ - 110 m2
32 m²,4 phòng,4 phòng,Đã có sổ,"Nhà ngõ, hẻm",,,"153,13 triệu/m²",,5,,Nội thất đầy đủ,,ha-noi,"Nhà mới phố Ngọc Hà,TT Ba Đình ba gác tránh,gần oto ngõ thông 4.9 tỷ",,"Ngách 158/168 Ngọc Hà, Phường Ngọc Hà, Quận Ba Đình, Hà NộiXem bản đồ","4,9 tỷ - 32 m2"
34 m²,3 phòng,,Đã có sổ,"Nhà ngõ, hẻm",,,"54,41 triệu/m²",,,,Nhà trống,,ha-noi,Nhà xây mới gần Cầu Mai Lĩnh Biên Giang 34m2*3Ngủ Giá 1.85 tỷ bao tên,,"undefined, Phường Biên Giang, Quận Hà Đông, Hà NộiXem bản đồ","1,85 tỷ - 34 m2"
35 m²,3 phòng,4 phòng,Đã có sổ,"Nhà ngõ, hẻm",,,"91,43 triệu/m²",Tây Nam,5,,,,ha-noi,bán nhà Quận Hoàng mai - full nội thất - nhà đẹp đón tết,,"Phố Nam Dư, Phường Lĩnh Nam, Quận Hoàng Mai, Hà NộiXem bản đồ","3,2 tỷ - 35 m2"
45 m²,4 phòng,,,"Nhà ngõ, hẻm",,,"113,33 triệu/m²",,,,,,ha-noi,Láng Hạ_Ngõ Ô tô_Gần Phố_Thông_Nhà Đẹp_Dân Trí Cao_ Ở Sướng,,"Đường Láng, Phường Láng Hạ, Quận Đống Đa, Hà NộiXem bản đồ","5,1 tỷ - 45 m2"
26 m²,2 phòng,2 phòng,Đã có sổ,"Nhà ngõ, hẻm",,,"80,77 triệu/m²",,2,,Nội thất đầy đủ,,ha-noi,"Nhà đẹp ngõ rộng gần ô tô, hoàn kiếm, hà nội",,"Nguyên Khiết, Phường Chương Dương, Quận Hoàn Kiếm, Hà NộiXem bản đồ","2,1 tỷ - 26 m2"
34 m²,3 phòng,3 phòng,Đã có sổ,"Nhà ngõ, hẻm",,,"119,12 triệu/m²",,3,,Nội thất đầy đủ,,ha-noi,"Ngõ Thông 3 gác Khương Hạ, Thanh Xuân. 34m2 3 tầng nhỉnh 4 tỷ",,"Khương Hạ, Phường Khương Trung, Quận Thanh Xuân, Hà NộiXem bản đồ","4,05 tỷ - 34 m2"
15 m²,2 phòng,2 phòng,Giấy tờ khác,"Nhà ngõ, hẻm",,,"56,67 triệu/m²",,3,,Nội thất đầy đủ,,ha-noi,"Bán gấp nhà ngõ 221 Tôn Đức Thắng, 15m2, 3 tầng, 2 ngủ, ô tô đỗ cửa",,"Phố Tôn Đức Thắng, Phường Hàng Bột, Quận Đống Đa, Hà NộiXem bản đồ",850 triệu - 15 m2
32 m²,4 phòng,,Đã có sổ,"Nhà ngõ, hẻm",,,"99,69 triệu/m²",,4,Nở hậu,Nội thất đầy đủ,,ha-noi,"Độc Nhất! Kim giang, oto, 2 thoáng,nông, ngõ thông 32m2,4 tầng,3.19 tỷ",,"KIM GIANG, Phường Kim Giang, Quận Thanh Xuân, Hà NộiXem bản đồ","3,19 tỷ - 32 m2"
70 m²,2 phòng,1 phòng,Đã có sổ,"Nhà ngõ, hẻm",,,"26,71 triệu/m²",,1,,Nội thất cao cấp,,ha-noi,NHÀ BÁN TTKHÓA MINH KHAI 30/70M 2 NGỦFULLNỘI THẤT,,"MINH KHAI, Phường Minh Khai, Quận Hai Bà Trưng, Hà NộiXem bản đồ","1,87 tỷ - 70 m2"
35 m²,3 phòng,,Đã có sổ,"Nhà ngõ, hẻm",4 m,,"82,86 triệu/m²",,5,,Nội thất đầy đủ,,ha-noi,"Bán nhà khu đô thị Việt Hưng, Q Long Biên, 35m2, 5T, MT 4m, giá 2,9 tỷ",,"Phố Việt Hưng, Phường Việt Hưng, Quận Long Biên, Hà NộiXem bản đồ","2,9 tỷ - 35 m2"
35 m²,3 phòng,,Đã có sổ,"Nhà ngõ, hẻm",4 m,,"82,86 triệu/m²",,5,,Nội thất đầy đủ,,ha-noi,"Bán nhà khu đô thị Việt Hưng, Q Long Biên, 35m2, 5T, MT 4m, giá 2,9 tỷ",,"Phố Việt Hưng, Phường Việt Hưng, Quận Long Biên, Hà NộiXem bản đồ","2,9 tỷ - 35 m2"
44 m²,4 phòng,4 phòng,Đã có sổ,"Nhà ngõ, hẻm",,,"193,18 triệu/m²",,4,,Nội thất đầy đủ,,ha-noi,bán ngà mặt ngõ nguyễn thị định 44m-4tầng -8ty5 nhà cách phố 10m,,"Nguyễn Thị Định , Phường Trung Hoà, Quận Cầu Giấy, Hà NộiXem bản đồ","8,5 tỷ - 44 m2"
80 m²,4 phòng,,,"Nhà mặt phố, mặt tiền",,,"418,75 triệu/m²",,10,,,,ha-noi,BÁN TOÀ VĂN PHÒNG MẶT PHỐ CẦU GIẤY 10 TẦNG GIÁP ĐÀO TẤN NHỈNH 33 TỶ,,"Cầu Giấy, Phường Dịch Vọng, Quận Cầu Giấy, Hà NộiXem bản đồ","33,5 tỷ - 80 m2"
45 m²,3 phòng,,Đã có sổ,"Nhà ngõ, hẻm",4 m,,600.000 đ/m²,,3,,Nhà trống,,ha-noi,"Bán nhà riêng tại Vân Nội, Đông Anh, ô tô đỗ cửa. thiết kế hiện đại.",,"đường 23B xã Vân Nội Đông Anh Hà Nội, Xã Vân Nội, Huyện Đông Anh, Hà NộiXem bản đồ",27 triệu - 45 m2
40.0998 m²,3 phòng,2 phòng,Đã có sổ,"Nhà ngõ, hẻm",,,"154,61 triệu/m²",,3,,Nội thất đầy đủ,,ha-noi,"CẦN TIỀN BÁN NHÀ 40M x 3 TẦNG NGÕ 73 NGUYỄN TRÃI, THANH XUÂN, HN",,"Số nhà 6 tổ 5B ngách 23/26b  ngõ 73 nguyễn trãi, Nguyễn Trãi, Phường Khương Trung, Quận Thanh Xuân, Hà NộiXem bản đồ","6,2 tỷ - 40.0.998 m2"
50 m²,7 phòng,Nhiều hơn 6 phòng,Đã có sổ,"Nhà mặt phố, mặt tiền",,,246 triệu/m²,Tây Nam,7,,,,ha-noi,Bán nhà xây 7 tầng full đồ khu dọc bún 1 La Khê Hà Đông,,"Văn Khê, Phường La Khê, Quận Hà Đông, Hà NộiXem bản đồ","12,3 tỷ - 50 m2"
80 m²,6 phòng,4 phòng,Đã có sổ,"Nhà mặt phố, mặt tiền",,,200 triệu/m²,,5,,Nội thất đầy đủ,,ha-noi,"Bán nhà mặt phố Hồng Mai, 80m2, 5 tầng, 16 tỷ, cho thuê 60 triệu/1 T.",,"Hồng Mai, Phường Bạch Mai, Quận Hai Bà Trưng, Hà NộiXem bản đồ",16 tỷ - 80 m2
60 m²,4 phòng,,Đã có sổ,"Nhà mặt phố, mặt tiền",4.5 m,,"291,67 triệu/m²",,5,,,14 m,ha-noi,"Bán nhà mặt phố Bạch Mai, 60m2, MT 4,5m, 17,5 tỷ, cho thuê 60 triệu",,"Phố Bạch Mai, Phường Bạch Mai, Quận Hai Bà Trưng, Hà NộiXem bản đồ","17,5 tỷ - 60 m2"
41 m²,5 phòng,5 phòng,Đã có sổ,"Nhà mặt phố, mặt tiền",,,"360,98 triệu/m²",,7,,Nội thất cao cấp,,ha-noi,"SIÊU PHẨM MẶT PHỐ CẦU GIẤY, KINH DOANH NGÀY ĐÊM 41M2 14.8 TỶ 7 TẦNG",,"Yên hoà, Phường Yên Hoà, Quận Cầu Giấy, Hà NộiXem bản đồ","14,8 tỷ - 41 m2"
30 m²,3 phòng,4 phòng,Đã có sổ,"Nhà ngõ, hẻm",,,110 triệu/m²,,4,,Nội thất cao cấp,,ha-noi,Trương định- Nguyễn An Ninh. 30m2 4 tầng giá nhỉnh 3 tỷ,,"Trương Định, Phường Hoàng Văn Thụ, Quận Hoàng Mai, Hà NộiXem bản đồ","3,3 tỷ - 30 m2"
200 m²,6 phòng,,Đã có sổ,Nhà biệt thự,,,"72,5 triệu/m²",,,,,,ha-noi,Biệt thự Song lập Hoa Viên_Đặng Xá_200m2_Sân rộng làm bể bơi_ Giá rẻ,,"Hoa Viên_Đặng Xá, Thị trấn Trâu Quỳ, Huyện Gia Lâm, Hà NộiXem bản đồ","14,5 tỷ - 200 m2"
45 m²,5 phòng,,,"Nhà ngõ, hẻm",,,120 triệu/m²,,,,,,ha-noi,5 tỷ - nhà 45 m2 LÔ GÓC - NGÕ THÔNG KINH DOANH - 30M Ô TÔ tặng full đồ,,"mễ tri hạ, Phường Dịch Vọng Hậu, Quận Cầu Giấy, Hà NộiXem bản đồ","5,4 tỷ - 45 m2"
43 m²,5 phòng,,Đã có sổ,"Nhà ngõ, hẻm",,,200 triệu/m²,,,"Hẻm xe hơi,Nở hậu",,,ha-noi,8 tỷ Cầu Giấy - Trần Quốc Hoàn - kinh doanh - ô tô tránh - 43m2,,"trần quốc hoàn, Phường Dịch Vọng Hậu, Quận Cầu Giấy, Hà NộiXem bản đồ","8,6 tỷ - 43 m2"
98 m²,nhiều hơn 10 phòng,Nhiều hơn 6 phòng,Đã có sổ,"Nhà mặt phố, mặt tiền",,,"242,86 triệu/m²",Đông Bắc,10,,,,ha-noi,MẶT PHỐ VĨNH HỒ. THÁI THỊNH. VỈ HÈ. KINH DOANH,,"Vĩnh Hồ, Phường Thịnh Quang, Quận Đống Đa, Hà NộiXem bản đồ","23,8 tỷ - 98 m2"
41 m²,4 phòng,,,"Nhà ngõ, hẻm",,,"102,44 triệu/m²",,,,,,ha-noi,"Vị Trí Đẹp Gần Ga Cát Linh, Đống Đa, 41m2 x 6 Tầng, Ô Tô, 4,2 tỷ.",,"Cát Linh, Phường Cát Linh, Quận Đống Đa, Hà NộiXem bản đồ","4,2 tỷ - 41 m2"
56 m²,5 phòng,6 phòng,Đã có sổ,"Nhà ngõ, hẻm",,,"178,57 triệu/m²",,,"Hẻm xe hơi,Nở hậu",Nội thất cao cấp,,ha-noi,"Hơn 10 tỷ có nhà 56 m2 x 7 tầng, mặt tiền 4,6m thang máy, ô tô vào nhà",,"hồ tùng mậu, Phường Xuân Phương, Quận Nam Từ Liêm, Hà NộiXem bản đồ",10 tỷ - 56 m2
104 m²,3 phòng,3 phòng,Đã có sổ,"Nhà ngõ, hẻm",,,"44,71 triệu/m²",,3,,Nội thất đầy đủ,,ha-noi,Bán nhà phố Hồ Đắc Di - Nguyễn Lương Bằng. 50M ra Hồ gần phố trung tâm,,"Phố Hồ Đắc Di, Phường Nam Đồng, Quận Đống Đa, Hà NộiXem bản đồ","4,65 tỷ - 104 m2"
39 m²,3 phòng,4 phòng,Đã có sổ,"Nhà ngõ, hẻm",,,"125,38 triệu/m²",,5,,Nội thất cao cấp,,ha-noi,"Siêu phẩm! Nhà Tôn Đức Thắng, 2thoáng, ngõ nông, nội thất sịn, 39m2*5T",,"TÔN Đức Thắng, Phường Ô Chợ Dừa, Quận Đống Đa, Hà NộiXem bản đồ","4,89 tỷ - 39 m2"
280 m²,6 phòng,Nhiều hơn 6 phòng,Đã có sổ,"Nhà mặt phố, mặt tiền",,,"285,71 triệu/m²",,4,,Nội thất đầy đủ,,ha-noi,"LÔ GÓC 3 MẶT PHỐ ĐƯỜNG 23 TP GIAO LƯU 280M2, MT38M 3 VỈA HÈ NHỈNH 80TỶ",,"Đường Phạm Văn Đồng, Phường Cổ Nhuế 1, Quận Bắc Từ Liêm, Hà NộiXem bản đồ",80 tỷ - 280 m2
34 m²,3 phòng,3 phòng,Đã có sổ,"Nhà ngõ, hẻm",,,"113,24 triệu/m²",Tây,5,,,,ha-noi,"Hữu Hưng,Tây Mỗ diện tích:34m2* 5tầng; Mt: 3.4m; giá: 3.85 tỷ",,"Đường Hữu Hưng, Phường Đại Mỗ, Quận Nam Từ Liêm, Hà NộiXem bản đồ","3,85 tỷ - 34 m2"
280 m²,6 phòng,Nhiều hơn 6 phòng,Đã có sổ,"Nhà mặt phố, mặt tiền",,,"285,71 triệu/m²",,4,,Nội thất đầy đủ,,ha-noi,"LÔ GÓC 3 MẶT PHỐ ĐƯỜNG 23 TP GIAO LƯU 280M2, MT38M 3 VỈA HÈ NHỈNH 80TỶ",,"Đường Phạm Văn Đồng, Phường Cổ Nhuế 1, Quận Bắc Từ Liêm, Hà NộiXem bản đồ",80 tỷ - 280 m2
34 m²,3 phòng,3 phòng,Đã có sổ,"Nhà ngõ, hẻm",,,"113,24 triệu/m²",Tây,5,,,,ha-noi,"Hữu Hưng,Tây Mỗ diện tích:34m2* 5tầng; Mt: 3.4m; giá: 3.85 tỷ",,"Đường Hữu Hưng, Phường Đại Mỗ, Quận Nam Từ Liêm, Hà NộiXem bản đồ","3,85 tỷ - 34 m2"
50 m²,4 phòng,5 phòng,Đã có sổ,"Nhà ngõ, hẻm",,,172 triệu/m²,,6,,Nội thất cao cấp,,ha-noi,"Bán nhà Văn Cao - thang máy, mặt tiền đẹp, 6 tầng x 50m2, chỉ 8.x Tỷ",,"Văn Cao, Phường Liễu Giai, Quận Ba Đình, Hà NộiXem bản đồ","8,6 tỷ - 50 m2"
32 m²,3 phòng,3 phòng,Đã có sổ,"Nhà ngõ, hẻm",,,"89,06 triệu/m²",Đông Nam,4,,,,ha-noi,"HÀNG HIẾM, NHÀ 4 TẦNG MỚI 100%, GIÁ CHÀO BÁN CHỈ 2.X TỶ, ÔTÔ ĐỖ GẦN.",,"Đa Sỹ, Phường Kiến Hưng, Quận Hà Đông, Hà NộiXem bản đồ","2,85 tỷ - 32 m2"
34 m²,3 phòng,4 phòng,Đã có sổ,"Nhà ngõ, hẻm",,,"114,41 triệu/m²",Đông,5,,,,ha-noi,"NHÀ 34M X 5 TẦNG, TRUNG TÂM PHƯỜNG KIẾN HƯNG, CÁCH CHỢ VÀI BƯỚC CHÂN.",,"Đa Sỹ, Phường Kiến Hưng, Quận Hà Đông, Hà NộiXem bản đồ","3,89 tỷ - 34 m2"
42 m²,7 phòng,5 phòng,Đã có sổ,"Nhà ngõ, hẻm",,,"154,76 triệu/m²",,6,,Nội thất đầy đủ,,ha-noi,NHÀ 6 TẦNG LÁNG HẠ-BA ĐÌNH-NGÕ THÔNG-GẦN Ô TÔ- 42M2- 7 PHÒNG NGỦ,,"Láng Hạ, Phường Thành Công, Quận Ba Đình, Hà NộiXem bản đồ","6,5 tỷ - 42 m2"
60 m²,4 phòng,3 phòng,Đã có sổ,"Nhà ngõ, hẻm",5.1999 m,,"51,67 triệu/m²",,3,,,,ha-noi,Bán nhà 3 tầng 60m ngay chợ thạch bích,,"Thạch Bích , Xã Bích Hòa, Huyện Thanh Oai, Hà NộiXem bản đồ","3,1 tỷ - 60 m2"
36 m²,4 phòng,3 phòng,Đã có sổ,"Nhà ngõ, hẻm",,,"102,78 triệu/m²",,4,,Nội thất đầy đủ,,ha-noi,"Nhà ở ngay,đầu tư,phố ĐỊNH CÔNG THƯỢNG,HOÀNG MAI,36/40mT2,4tầng,3,7 tỷ",,"Phố Định Công Thượng, Phường Định Công, Quận Hoàng Mai, Hà NộiXem bản đồ","3,7 tỷ - 36 m2"
47 m²,5 phòng,5 phòng,Đã có sổ,"Nhà ngõ, hẻm",,,"75,53 triệu/m²",,5,,Nội thất đầy đủ,,ha-noi,3.55 tỷ nhà gần Văn Tiến Dũng-47m2-4tầng-oto đỗ cổng-3 thoáng,,"Đường Văn Tiến Dũng, Phường Minh Khai, Quận Bắc Từ Liêm, Hà NộiXem bản đồ","3,55 tỷ - 47 m2"
36 m²,4 phòng,5 phòng,Đã có sổ,"Nhà ngõ, hẻm",,,"88,89 triệu/m²",,5,,Nội thất đầy đủ,,ha-noi,"3,2 tỷ nhà Mỹ Đình-35m2-5T-full nội thất-cách đường oto 30m",,"Lê Quang Đạo, Phường Phú Đô, Quận Nam Từ Liêm, Hà NộiXem bản đồ","3,2 tỷ - 36 m2"
45 m²,6 phòng,,Đã có sổ,Nhà phố liền kề,4 m,45 m²,"197,78 triệu/m²",,6,,,,ha-noi,"PHÂN LÔ VỈA HÈ,KINH DOANH HIMLAM VẠN PHÚC HÀ ĐÔNG,45M2x 6T, 8.9 TỶ",,"Phố Nguyễn Thanh Bình, Phường Vạn Phúc, Quận Hà Đông, Hà NộiXem bản đồ","8,9 tỷ - 45 m2"
35 m²,4 phòng,5 phòng,Đã có sổ,"Nhà ngõ, hẻm",,,128 triệu/m²,,6,,Nội thất đầy đủ,,ha-noi,Nhỉnh 4 Tỷ - Nhà mới 6 tầng thang máy ở ngay - 10m ra Ô tô - Gần chợ,,"Đường Cổ Nhuế, Phường Cổ Nhuế 1, Quận Bắc Từ Liêm, Hà NộiXem bản đồ","4,48 tỷ - 35 m2"
55 m²,5 phòng,4 phòng,Đã có sổ,"Nhà ngõ, hẻm",,,"174,55 triệu/m²",,5,,Nội thất đầy đủ,,ha-noi,BÁN NHÀ KHU 918 PHÚC ĐỒNG LONG BIÊN 55M2 5TẦNG THANG MÁY ÔTÔ 9.6 TỶ,,"Đường Nguyễn Văn Linh, Phường Phúc Đồng, Quận Long Biên, Hà NộiXem bản đồ","9,6 tỷ - 55 m2"
50 m²,6 phòng,6 phòng,Đã có sổ,"Nhà ngõ, hẻm",,,124 triệu/m²,,3,,Nội thất đầy đủ,,ha-noi,"6,2 tỷ nhà phố Nguyễn Hoàng-50m2-5 tầng-lô góc-cách oto 20m",,"nguyễn hoàng, Phường Mỹ Đình 1, Quận Nam Từ Liêm, Hà NộiXem bản đồ","6,2 tỷ - 50 m2"
75 m²,4 phòng,5 phòng,Đã có sổ,"Nhà ngõ, hẻm",,,224 triệu/m²,,6,,Nội thất cao cấp,,ha-noi,Phố Trần Duy Hưng - Lô góc - Nhà mới 6 tầng Thang máy - 20m ra phố,,"Trần Duy Hưng, Phường Trung Hoà, Quận Cầu Giấy, Hà NộiXem bản đồ","16,8 tỷ - 75 m2"
42 m²,6 phòng,4 phòng,Đã có sổ,"Nhà ngõ, hẻm",,,"70,71 triệu/m²",,5,,Nội thất đầy đủ,,ha-noi,Nhỉnh 2 tỷ nhà Đại Tự-Kim Chung-42m2-5 tầng-oto vào-kinh doanh,,"Ngõ 88 Đường Đại Tự, Xã Kim Chung, Huyện Hoài Đức, Hà NộiXem bản đồ","2,97 tỷ - 42 m2"
35 m²,4 phòng,5 phòng,Đã có sổ,"Nhà ngõ, hẻm",,,120 triệu/m²,,5,,Nội thất đầy đủ,,ha-noi,"4,2 tỷ nhà Xuân Đỉnh-35m2-5 tầng-oto đỗ cổng-có thể kd online",,"Ngõ 205 Xuân Đỉnh, Phường Xuân Đỉnh, Quận Bắc Từ Liêm, Hà NộiXem bản đồ","4,2 tỷ - 35 m2"
35 m²,3 phòng,2 phòng,Đã có sổ,"Nhà ngõ, hẻm",,,"88,57 triệu/m²",,4,,Nội thất đầy đủ,,ha-noi,"💥Bán nhà khu phố Nguyễn Chính-Hoàng Mai 35mx4T, MT 5 m.Giá chỉ 3,1 tỷ💕",,"Phố Nguyễn Chính, Phường Tân Mai, Quận Hoàng Mai, Hà NộiXem bản đồ","3,1 tỷ - 35 m2"
54 m²,3 phòng,3 phòng,Đã có sổ,"Nhà ngõ, hẻm",,,"68,33 triệu/m²",,3,,Nội thất đầy đủ,,ha-noi,Gia đình cần bán nhà Tân Mai. 54m2 3 tầng giá hơn 3 tỷ,,"Tân Mai, Phường Tân Mai, Quận Hoàng Mai, Hà NộiXem bản đồ","3,69 tỷ - 54 m2"
48 m²,4 phòng,,Đã có sổ,"Nhà ngõ, hẻm",,,"79,17 triệu/m²",,,Hẻm xe hơi,,,ha-noi,"CC BÁN NHÀ PHÚ DIỄN DIỄN, LÔ GÓC, Ô TÔ GẦN, 4T, DT 48M2, 3,8 TỶ",,"Phú Diễn, Phường Phú Diễn, Quận Bắc Từ Liêm, Hà NộiXem bản đồ","3,8 tỷ - 48 m2"
35 m²,3 phòng,2 phòng,Đã có sổ,"Nhà ngõ, hẻm",,,"88,57 triệu/m²",,4,,Nội thất đầy đủ,,ha-noi,"💥Bán nhà khu phố Nguyễn Chính-Hoàng Mai 35mx4T, MT 5 m.Giá chỉ 3,1 tỷ💕",,"Phố Nguyễn Chính, Phường Tân Mai, Quận Hoàng Mai, Hà NộiXem bản đồ","3,1 tỷ - 35 m2"
54 m²,3 phòng,3 phòng,Đã có sổ,"Nhà ngõ, hẻm",,,"68,33 triệu/m²",,3,,Nội thất đầy đủ,,ha-noi,Gia đình cần bán nhà Tân Mai. 54m2 3 tầng giá hơn 3 tỷ,,"Tân Mai, Phường Tân Mai, Quận Hoàng Mai, Hà NộiXem bản đồ","3,69 tỷ - 54 m2"
48 m²,4 phòng,,Đã có sổ,"Nhà ngõ, hẻm",,,"79,17 triệu/m²",,,Hẻm xe hơi,,,ha-noi,"CC BÁN NHÀ PHÚ DIỄN DIỄN, LÔ GÓC, Ô TÔ GẦN, 4T, DT 48M2, 3,8 TỶ",,"Phú Diễn, Phường Phú Diễn, Quận Bắc Từ Liêm, Hà NộiXem bản đồ","3,8 tỷ - 48 m2"
35 m²,3 phòng,,Đã có sổ,"Nhà ngõ, hẻm",,,"105,71 triệu/m²",,,,,,ha-noi,"Bán nhà phố Khương Hạ, 20m ô tô, 2 thoáng, nhà đẹp, 3ngủ rộng, 3.7 tỷ",,"Khương hạ, Phường Khương Trung, Quận Thanh Xuân, Hà NộiXem bản đồ","3,7 tỷ - 35 m2"
32 m²,3 phòng,4 phòng,Đã có sổ,"Nhà ngõ, hẻm",,,"108,75 triệu/m²",Tây,5,,,,ha-noi,"BÁN NHÀ 32M X 5 TẦNG GẦN TRƯỜNG CẤP 1,2 KIẾN HƯNG, NGÕ NGẮN ÔTÔ ĐỖ GẦN",,"Đa Sỹ, Phường Kiến Hưng, Quận Hà Đông, Hà NộiXem bản đồ","3,48 tỷ - 32 m2"
65 m²,5 phòng,5 phòng,Đã có sổ,Nhà phố liền kề,,,"180,77 triệu/m²",,6,,Nội thất đầy đủ,,ha-noi,Bán nhà phân lô Hồ Đền Lừ 11.75 tỷ,,"Đền lừ, Phường Hoàng Văn Thụ, Quận Hoàng Mai, Hà NộiXem bản đồ","11,75 tỷ - 65 m2"
56 m²,3 phòng,,,"Nhà ngõ, hẻm",,,"76,79 triệu/m²",,,"Hẻm xe hơi,Nở hậu",,,ha-noi,"BÁN NHÀ CẦU DIỄN, LÔ GÓC, Ô TÔ TRÁNH, KD, 56M2, 4T, Giá 4,3 TỶ",,"Cầu Diễn, Phường Minh Khai, Quận Bắc Từ Liêm, Hà NộiXem bản đồ","4,3 tỷ - 56 m2"
32 m²,3 phòng,4 phòng,Đã có sổ,"Nhà ngõ, hẻm",,,"112,5 triệu/m²",Đông Bắc,5,,,,ha-noi,"NHÀ LÔ GÓC 32M, 5 TẦNG, PHÍA SAU TÒA VICTORY VĂN PHÚ",,"Văn Phú, Phường Phú La, Quận Hà Đông, Hà NộiXem bản đồ","3,6 tỷ - 32 m2"
48 m²,3 phòng,,Đã có sổ,"Nhà ngõ, hẻm",,,"68,75 triệu/m²",,,"Hẻm xe hơi,Nở hậu",Nội thất cao cấp,,ha-noi,"BÁN NHÀ LAI XÁ, OTO TRÁNH, LÔ GÓC, KD, DT 48M2, GIÁ 3,3 TỶ",,"Lai Xá, Xã Kim Chung, Huyện Hoài Đức, Hà NộiXem bản đồ","3,3 tỷ - 48 m2"
92 m²,3 phòng,1 phòng,Đã có sổ,"Nhà ngõ, hẻm",6.1999 m,,"108,68 triệu/m²",,1,,,,ha-noi,Bán căn nhà C4 Đầu phố Minh Khai - Đại La. Ngõ 4 chỗ đỗ cửa ngõ nông,,"Phố Minh Khai, Phường Minh Khai, Quận Hai Bà Trưng, Hà NộiXem bản đồ","9,999 tỷ - 92 m2"
37 m²,4 phòng,,Đã có sổ,"Nhà ngõ, hẻm",4 m,,"126,22 triệu/m²",,5,,Nội thất cao cấp,,ha-noi,"Bán gấp nhà ngõ 36 Đào Tấn, 37m2, 4x9m, 3 thoáng, 4.67 tỷ.",,"Phố Đào Tấn, Phường Cống Vị, Quận Ba Đình, Hà NộiXem bản đồ","4,67 tỷ - 37 m2"
38 m²,4 phòng,4 phòng,Đã có sổ,"Nhà ngõ, hẻm",,,"126,32 triệu/m²",,5,,Nội thất cao cấp,,ha-noi,"Bán gấp căn nhà 3 thoáng ngõ 75 Vĩnh Phúc, 38m2, 4x9m, 4.8 tỷ.",,"Phố Vĩnh Phúc, Phường Vĩnh Phúc, Quận Ba Đình, Hà NộiXem bản đồ","4,8 tỷ - 38 m2"
36 m²,4 phòng,,Đã có sổ,"Nhà ngõ, hẻm",4 m,,"129,72 triệu/m²",,5,,Nội thất cao cấp,,ha-noi,"Bán gấp siêu phẩm mặt ngõ 118 Đào Tấn, 36m2, 4x9m, 4.75 tỷ.",,"Phố Đào Tấn, Phường Cống Vị, Quận Ba Đình, Hà NộiXem bản đồ","4,67 tỷ - 36 m2"
38 m²,4 phòng,,Đã có sổ,"Nhà ngõ, hẻm",4 m,,125 triệu/m²,,5,,Nội thất cao cấp,,ha-noi,"Cần bán gấp nhà mới ngõ 279 Đội Cấn, 38m2, 4.75 tỷ.",,"Ngõ 279 Phố Đội Cấn, Phường Ngọc Hà, Quận Ba Đình, Hà NộiXem bản đồ","4,75 tỷ - 38 m2"
59 m²,6 phòng,6 phòng,Đã có sổ,"Nhà mặt phố, mặt tiền",,,"203,39 triệu/m²",,6,,Nội thất cao cấp,,ha-noi,"Bán gấp trong tháng, Siêu Phẩm Phùng Chí Kiên, 7T thang máy, gara ô tô",,"1, phùng chí kiên, Phường Nghĩa Đô, Quận Cầu Giấy, Hà NộiXem bản đồ",12 tỷ - 59 m2
35 m²,4 phòng,4 phòng,Đã có sổ,"Nhà ngõ, hẻm",,,"137,14 triệu/m²",,4,,Nội thất đầy đủ,,ha-noi,"Bán nhà Thanh Bình, Mộ Lao, Hà Đông - ngõ to Ô tô 7 chỗ vào nhà - 35m",,"Đường Thanh Bình, Phường Mộ Lao, Quận Hà Đông, Hà NộiXem bản đồ","4,8 tỷ - 35 m2"
55 m²,6 phòng,6 phòng,Đã có sổ,"Nhà mặt phố, mặt tiền",,,"172,73 triệu/m²",,7,,Nội thất cao cấp,,ha-noi,"Siêu phẩm Hoàng Quốc Việt đầu Bưởi, 7T thang máy, gara ô tô.",,"Phố Nghĩa Đô, Phường Nghĩa Đô, Quận Cầu Giấy, Hà NộiXem bản đồ","9,5 tỷ - 55 m2"
53 m²,3 phòng,2 phòng,Đã có sổ,"Nhà mặt phố, mặt tiền",,,"80,19 triệu/m²",,,"Hẻm xe hơi,Nở hậu",Nội thất đầy đủ,,ha-noi,"Nhà 53m2 đường thông ô tô, hiện tại đang kinh doanh Phú Lương",,"Trinh Lương, Phường Phú Lương, Quận Hà Đông, Hà NộiXem bản đồ","4,25 tỷ - 53 m2"
37 m²,4 phòng,4 phòng,Đã có sổ,"Nhà ngõ, hẻm",,,"126,22 triệu/m²",,5,,Nội thất cao cấp,,ha-noi,"Bán gấp nhà ngõ 36 Đào Tấn, 37m2, 4x9m, 3 thoáng, 4.67 tỷ.",,"Phố Đào Tấn, Phường Cống Vị, Quận Ba Đình, Hà NộiXem bản đồ","4,67 tỷ - 37 m2"
38 m²,4 phòng,,Đã có sổ,"Nhà ngõ, hẻm",4 m,,125 triệu/m²,,5,,Nội thất cao cấp,,ha-noi,"Cần bán gấp nhà mới ngõ 279 Đội Cấn, 38m2, 4.75 tỷ.",,"Ngõ 279 Phố Đội Cấn, Phường Ngọc Hà, Quận Ba Đình, Hà NộiXem bản đồ","4,75 tỷ - 38 m2"
38 m²,4 phòng,,Đã có sổ,"Nhà ngõ, hẻm",4 m,,125 triệu/m²,,5,,Nội thất cao cấp,,ha-noi,"Cần bán gấp nhà mới ngõ 279 Đội Cấn, 38m2, 4.75 tỷ.",,"Ngõ 279 Phố Đội Cấn, Phường Ngọc Hà, Quận Ba Đình, Hà NộiXem bản đồ","4,75 tỷ - 38 m2"
37 m²,4 phòng,4 phòng,Đã có sổ,"Nhà ngõ, hẻm",,,"126,22 triệu/m²",,4,,Nội thất cao cấp,,ha-noi,"Bán nhà mặt ngõ 173 Hoàng Hoa Thám, 37.3m2, 4x9m, 4.67 tỷ.",,"173, Đường Hoàng Hoa Thám, Phường Ngọc Hà, Quận Ba Đình, Hà NộiXem bản đồ","4,67 tỷ - 37 m2"
38 m²,5 phòng,5 phòng,Đã có sổ,"Nhà ngõ, hẻm",,,"131,58 triệu/m²",,5,,Nội thất cao cấp,,ha-noi,"Bán gấp nhà ngõ 97 Văn Cao, ô tô, kinh doanh nhỏ, lô góc, 38m2, 5 tỷ.",,"97 văn cao, Phường Cống Vị, Quận Ba Đình, Hà NộiXem bản đồ",5 tỷ - 38 m2
39 m²,4 phòng,4 phòng,Đã có sổ,"Nhà ngõ, hẻm",,,"128,21 triệu/m²",,4,,Nội thất đầy đủ,,ha-noi,"Bán gấp nhà mới 158 Ngọc Hà, ô tô đỗ cửa, kinh doanh nhỏ, 39m2, 5 tỷ.",,"36, Ngõ 158 Ngọc Hà, Phường Ngọc Hà, Quận Ba Đình, Hà NộiXem bản đồ",5 tỷ - 39 m2
39 m²,4 phòng,4 phòng,,"Nhà ngõ, hẻm",4 m,,"141,03 triệu/m²",,4,,Nội thất cao cấp,,ha-noi,"Bán gấp nhà 279 Đội Cấn, 39m2, ô tô đỗ cửa, kinh doanh, lô góc, 5.5 tỷ",,"undefined, Phường Đội Cấn, Quận Ba Đình, Hà NộiXem bản đồ","5,5 tỷ - 39 m2"
38 m²,5 phòng,5 phòng,Đã có sổ,"Nhà ngõ, hẻm",,,"144,74 triệu/m²",,4,,Nội thất đầy đủ,,ha-noi,"Bán gấp nhà mặt ngõ 12 Đào Tấn, 38m2, ô tô đỗ cửa, lô góc, 5.5 tỷ.",,"12, Phố Đào Tấn, Phường Cống Vị, Quận Ba Đình, Hà NộiXem bản đồ","5,5 tỷ - 38 m2"
40 m²,3 phòng,3 phòng,Đã có sổ,"Nhà ngõ, hẻm",,,90 triệu/m²,,4,,Nội thất đầy đủ,,ha-noi,Bán nhà Ngọc Thuỵ 40m2 vị trí đẹp đường oto lô góc 3 thoáng 3.6 tỷ,,"Ngọc Thụy, Phường Ngọc Thụy, Quận Long Biên, Hà NộiXem bản đồ","3,6 tỷ - 40 m2"
42 m²,5 phòng,5 phòng,Đã có sổ,"Nhà ngõ, hẻm",,,"130,95 triệu/m²",,5,,Nội thất đầy đủ,,ha-noi,"Bán gấp nhà mặt ngõ 173 Hoàng Hoa Thám, 42m2, ô tô đỗ cửa, 5.5 tỷ.",,"Ngõ 173 Đường Hoàng Hoa Thám, Phường Ngọc Hà, Quận Ba Đình, Hà NộiXem bản đồ","5,5 tỷ - 42 m2"
30 m²,5 phòng,5 phòng,Đã có sổ,"Nhà ngõ, hẻm",,,120 triệu/m²,,6,,Nội thất đầy đủ,,ha-noi,Bán nhà Thạch Bàn 30m2 nhà đẹp vị trí đẹp oto đỗ cổng 3.6 tỷ,,"Đường Thạch Bàn, Phường Thạch Bàn, Quận Long Biên, Hà NộiXem bản đồ","3,6 tỷ - 30 m2"
65 m²,nhiều hơn 10 phòng,,Đã có sổ,"Nhà ngõ, hẻm",,,"198,46 triệu/m²",,,,,,ha-noi,NHÀ THẬT 100% SIÊU PHẨM DÒNG TIỀN - 13 PHÒNG KHÉP KÍN - THANG MÁY - HỆ,,"Phố Vọng, Phường Bạch Mai, Quận Hai Bà Trưng, Hà NộiXem bản đồ","12,9 tỷ - 65 m2"
30 m²,3 phòng,,Đã có sổ,"Nhà ngõ, hẻm",,,"163,33 triệu/m²",,5,Hẻm xe hơi,Nội thất đầy đủ,,ha-noi,BÁN NHÀ NGUYỄN VĂN CỪ 30M2 5 TẦNG ÔTÔ ĐỖ CỬA NỘI THẤT CAO CẤP 4.9 TỶ,,"Đường Nguyễn Văn Cừ, Phường Gia Thụy, Quận Long Biên, Hà NộiXem bản đồ","4,9 tỷ - 30 m2"
46 m²,3 phòng,3 phòng,Đã có sổ,"Nhà ngõ, hẻm",,,"145,65 triệu/m²",Bắc,3,,,,ha-noi,Chính chủ bán nhà đất Đội Cấn Ba Đình,,"Ngõ 285 Đội Cấn, Phường Liễu Giai, Quận Ba Đình, Hà NộiXem bản đồ","6,7 tỷ - 46 m2"
60 m²,6 phòng,6 phòng,Đã có sổ,"Nhà mặt phố, mặt tiền",,,350 triệu/m²,,6,,Nội thất cao cấp,,ha-noi,MẶT PHỐ KINH DOANH BẤT CHẤP - 2 THOÁNG - VỈA HÈ SIÊU RỘNG,,"Trường Chinh, Phường Khương Trung, Quận Thanh Xuân, Hà NộiXem bản đồ",21 tỷ - 60 m2
180 m²,8 phòng,6 phòng,Đã có sổ,Nhà biệt thự,,,"238,89 triệu/m²",,5,,Nội thất cao cấp,,ha-noi,BIỆT THỰ ĐẲNG CẤP - NỘI THẤT CAO CẤP - KHU VIP,,"Lương Thế Vinh, Phường Thanh Xuân Bắc, Quận Thanh Xuân, Hà NộiXem bản đồ",43 tỷ - 180 m2
62 m²,4 phòng,5 phòng,Đã có sổ,Nhà phố liền kề,,,"198,39 triệu/m²",,5,,Nội thất đầy đủ,,ha-noi,"🏡BÁN NHÀ CẦU GIẤY-LÔ GÓC-62M2- 5 TẦNG- MẶT TIỀN 7,5M- GIÁ NHỈNH 12 TỶ🏡",,"hoàng quốc việt, Phường Nghĩa Đô, Quận Cầu Giấy, Hà NộiXem bản đồ","12,3 tỷ - 62 m2"
30 m²,4 phòng,,Đã có sổ,"Nhà ngõ, hẻm",,,100 triệu/m²,,5,,Nội thất đầy đủ,,ha-noi,CỰC HIẾM TRUNG TÂM CỔ NHUẾ - LÔ GÓC - 3 BƯỚC RA MẶT PHỐ.,,"Cổ Nhuế, Phường Cổ Nhuế 2, Quận Bắc Từ Liêm, Hà NộiXem bản đồ",3 tỷ - 30 m2
32 m²,4 phòng,3 phòng,Đã có sổ,"Nhà ngõ, hẻm",,,"70,31 triệu/m²",,4,,,,ha-noi,Bán nhà Liên Mạc - Bắc Từ Liêm. Phòng ngủ rộng khép Kín,,"Đường Đại Cát, Phường Liên Mạc, Quận Bắc Từ Liêm, Hà NộiXem bản đồ","2,25 tỷ - 32 m2"
45 m²,4 phòng,,Đã có sổ,"Nhà mặt phố, mặt tiền",,,110 triệu/m²,,5,,,,ha-noi,"Choáng! Lô góc Lê Duẩn, ngõ thông, gần hồ, 3gác, 45m2*5T",,"Lê Duẩn, Phường Văn Miếu, Quận Đống Đa, Hà NộiXem bản đồ","4,95 tỷ - 45 m2"
40 m²,3 phòng,,,"Nhà ngõ, hẻm",,,130 triệu/m²,,,,,,ha-noi,"Bán Nhà Láng Hạ, Đống Đa, 40m2 x 4T, MT: 6,1m, Sát Mặt Phố, Nhỉnh 5 Tỷ",,"Láng Hạ, Phường Láng Hạ, Quận Đống Đa, Hà NộiXem bản đồ","5,2 tỷ - 40 m2"
48 m²,5 phòng,,,"Nhà mặt phố, mặt tiền",,,"108,33 triệu/m²",,,,,,ha-noi,"BÁN NHÀ ĐỊNH CÔNG THƯỢNG, PLÔ ÔTÔ, NỘI THẤT VIP, 48Mx5T, MT4M, 5.2 TỶ",,"Định Công Thượng, Phường Định Công, Quận Hoàng Mai, Hà NộiXem bản đồ","5,2 tỷ - 48 m2"
