Diện tích đất:,Số phòng ngủ:,Số phòng vệ sinh:,Giấy tờ pháp lý:,Loại hình nhà ở:,Chiều ngang:,Diện tích sử dụng:,Giá/m2:,Hướng cửa chính:,Tổng số tầng:,Đặc điểm nhà/đất:,Tình trạng nội thất:,Chiều dài:,Location,Name,URL,District,Price
56 m²,4 phòng,5 phòng,Đã có sổ,"Nhà mặt phố, mặt tiền",,,"101,79 triệu/m²",Đông Bắc,5,,,,ha-noi,BÁN GẤP NHÀ 5 TẦNG KIM ĐỒNG- GiẢI PHÓNG- GIÁP BÁT - Ô TÔ TRÁNH 5.7 TỶ,,"Phố Kim Đồng, Phường Giáp Bát, Quận Hoàng Mai, Hà NộiXem bản đồ","5,7 tỷ - 56 m2"
55 m²,4 phòng,4 phòng,Đã có sổ,"Nhà ngõ, hẻm",,,"190,91 triệu/m²",,5,,Nội thất cao cấp,,ha-noi,TT ĐỐNG ĐA - ẢNH THẬT - NHÀ TK SIÊU ĐẸP - DT 55M - MT 5M - NHỈNH 10 TỶ,,"THÁI HÀ, Phường Láng Hạ, Quận Đống Đa, Hà NộiXem bản đồ","10,5 tỷ - 55 m2"
45 m²,4 phòng,5 phòng,Đã có sổ,"Nhà ngõ, hẻm",,,"221,78 triệu/m²",,6,,Nội thất cao cấp,,ha-noi,THIẾT KẾ ĐẲNG CẤP –ÔTÔ ĐỪNG ĐỖ -THANG MÁY -DT45M – MT4.8M -GIÁ 9.98TỶ,,"VẠN BẢO, Phường Liễu Giai, Quận Ba Đình, Hà NộiXem bản đồ","9,98 tỷ - 45 m2"
90 m²,5 phòng,,Đã có sổ,Nhà phố liền kề,,400 m²,160 triệu/m²,,5,,Nội thất cao cấp,,ha-noi,"Nhà LK Văn phú, PL,Ô tô tránh,vỉa hè,90m2x5T, thang máy NK.Nhỉnh 14 tỷ",,"Phố Văn Khê, Phường Phú La, Quận Hà Đông, Hà NộiXem bản đồ","14,4 tỷ - 90 m2"
50 m²,4 phòng,5 phòng,Đã có sổ,"Nhà ngõ, hẻm",,,174 triệu/m²,,5,,Nội thất cao cấp,,ha-noi,"BÁN NHÀ PHÂN LÔ PHỐ QUAN NHÂN TT QUẬN THANH XUÂN5TẦNG,GARA ÔTÔ VÀO NHÀ",,"Phố Quan Nhân, Phường Nhân Chính, Quận Thanh Xuân, Hà NộiXem bản đồ","8,7 tỷ - 50 m2"
35 m²,4 phòng,5 phòng,Đã có sổ,"Nhà ngõ, hẻm",,,"114,29 triệu/m²",,5,,Nội thất đầy đủ,,ha-noi,TRẦN CUNG 35m2 - 5 TẦNG- 4TỶ NGÕ CỰC NÔNG OTO CÁCH NHÀ ĐÚNG 30M,,"Trần Cung, Phường Nghĩa Tân, Quận Cầu Giấy, Hà NộiXem bản đồ",4 tỷ - 35 m2
45 m²,6 phòng,5 phòng,Đã có sổ,Nhà phố liền kề,,,"111,11 triệu/m²",Đông,6,,,,ha-noi,"HOA BẰNG 45M2-6TẦNG-4M MT-NHỈNH 5 TỶ. NHÀ MỚI NGÕ NÔNG, 15M RA OTO",,"Hoa Bằng, Phường Yên Hoà, Quận Cầu Giấy, Hà NộiXem bản đồ",5 tỷ - 45 m2
35 m²,4 phòng,5 phòng,Đã có sổ,"Nhà ngõ, hẻm",,,"114,29 triệu/m²",,6,,Nội thất đầy đủ,,ha-noi,PHẠM VĂN ĐỒNG- CỔ NHUẾ 35M2-6TẦNG-THANG MÁY-CÁCH OTO 15M.Sổ vuông,,"Cổ Nhuế, Phường Cổ Nhuế 1, Quận Bắc Từ Liêm, Hà NộiXem bản đồ",4 tỷ - 35 m2
52 m²,6 phòng,4 phòng,Đã có sổ,Nhà phố liền kề,,,"82,69 triệu/m²",,5,,Nội thất đầy đủ,,ha-noi,SIÊU PHẨM XUÂN LA 52m2 x 5 tầng chỉ Nhỉnh 4tỷ - NHÀ TO SÂN RỘNG,,"Xuân La, Phường Xuân La, Quận Tây Hồ, Hà NộiXem bản đồ","4,3 tỷ - 52 m2"
55 m²,5 phòng,5 phòng,Đã có sổ,"Nhà mặt phố, mặt tiền",,,200 triệu/m²,,5,,Nội thất cao cấp,,ha-noi,"TRẦN QUỐC HOÀN 55M2-5TẦNG-4,5MMT- NHỈNH 11TỶ.OTO VÀO NHÀ NGÕ THÔNG",,"Trần Quốc Hoàn, Phường Nghĩa Đô, Quận Cầu Giấy, Hà NộiXem bản đồ",11 tỷ - 55 m2
32 m²,4 phòng,4 phòng,Đã có sổ,"Nhà ngõ, hẻm",3.2 m,,"165,63 triệu/m²",,6,,,,ha-noi,"Nhà Mặt Tiền 32m, 4 phòng ngủ, Tân Mai, Hoàng Mai",,"Tân Mai, Phường Tân Mai, Quận Hoàng Mai, Hà NộiXem bản đồ","5,3 tỷ - 32 m2"
30 m²,4 phòng,3 phòng,Đã có sổ,"Nhà ngõ, hẻm",,30 m²,110 triệu/m²,,,,Nhà trống,,ha-noi,"BÁN NHÀ TRẦN KHÁT CHÂN 30M 3,3 TỶ. MẶT NGÕ- Ô TÔ ĐỖ CỬA",,"Đường Trần Khát Chân, Phường Thanh Lương, Quận Hai Bà Trưng, Hà NộiXem bản đồ","3,3 tỷ - 30 m2"
68 m²,4 phòng,,Đã có sổ,"Nhà ngõ, hẻm",4.6999 m,,"68,68 triệu/m²",,5,,Nội thất cao cấp,,ha-noi,"10 ĐIỂM, KHÔNG CÓ NHƯNG. 381 nguyễn khang, 68m x5 tầng. 4,67 tỷ.",,"381, Nguyễn Khang, Phường Yên Hoà, Quận Cầu Giấy, Hà NộiXem bản đồ","4,67 tỷ - 68 m2"
35 m²,3 phòng,,Đã có sổ,"Nhà ngõ, hẻm",,,"114,86 triệu/m²",,5,,,,ha-noi,"Nhà Đẹp Ở Ngay, Siêu Hiếm Xuân La nhỉnh 4 tỷ",,"Xuân La, Phường Xuân La, Quận Tây Hồ, Hà NộiXem bản đồ","4,02 tỷ - 35 m2"
63 m²,6 phòng,,Đã có sổ,"Nhà ngõ, hẻm",4.0998 m,63 m²,"253,97 triệu/m²",,7,,,,ha-noi,"Bán Nhà Mặt Phố Minh Khai, Hai Bà Trưng, 63m2 7tầng",,"Minh Khai, Phường Minh Khai, Quận Hai Bà Trưng, Hà NộiXem bản đồ",16 tỷ - 63 m2
41 m²,6 phòng,,,"Nhà ngõ, hẻm",,,"104,88 triệu/m²",,,Hẻm xe hơi,,,ha-noi,"Siêu Phẩm Tây Hồ 10m Ô Tô, 30m bãi gửi ô tô. Nhỉnh 4 tỷ",,"Xuân La, Phường Xuân La, Quận Tây Hồ, Hà NộiXem bản đồ","4,3 tỷ - 41 m2"
36 m²,4 phòng,4 phòng,Đã có sổ,"Nhà ngõ, hẻm",,,"113,89 triệu/m²",,4,,Nội thất đầy đủ,,ha-noi,Nhà Đẹp Dân Xây .Cầu Cốc .Tây Mỗ . Nam Từ Liêm. 2 Thoáng . 46m2 .4T,,"Phố Cầu Cốc , Phường Tây Mỗ, Quận Nam Từ Liêm, Hà NộiXem bản đồ","4,1 tỷ - 36 m2"
34 m²,3 phòng,3 phòng,Đã có sổ,"Nhà ngõ, hẻm",,,"80,88 triệu/m²",,4,,Nội thất đầy đủ,,ha-noi,Bán Nhà 4 Tầng . Đại Mỗ . Gần Trường Học C3 Đại Mỗ .Nhà Mới Ở Ngay .,,"Phố Quang Tiến , Phường Đại Mỗ, Quận Nam Từ Liêm, Hà NộiXem bản đồ","2,75 tỷ - 34 m2"
58 m²,5 phòng,,,"Nhà ngõ, hẻm",,58 m²,"181,03 triệu/m²",,7,,,,ha-noi,"BÁN NHÀ CẦU GIẤY 58M 7 TẦNG, THANG MÁY, Ở+ KINH DOANH NHỈNH 10 TỶ",,"Đường Hồ Tùng Mậu, Phường Đức Thắng, Quận Bắc Từ Liêm, Hà NộiXem bản đồ","10,5 tỷ - 58 m2"
82 m²,4 phòng,3 phòng,Đã có sổ,"Nhà mặt phố, mặt tiền",,,"140,24 triệu/m²",,3,,Nội thất cao cấp,,ha-noi,"BÁB NHÀ NGÕ 106 HOÀNG QUỐC VIỆT - 82M - 6M MT - ÔTÔ - 2 THOÁNG - 11,5T",,"Hoàng Quốc Việt, Phường Nghĩa Đô, Quận Cầu Giấy, Hà NộiXem bản đồ","11,5 tỷ - 82 m2"
63 m²,6 phòng,,Đã có sổ,"Nhà ngõ, hẻm",4.0998 m,63 m²,"253,97 triệu/m²",,7,,,,ha-noi,"Bán Nhà Mặt Phố Minh Khai, Hai Bà Trưng, 63m2 7tầng",,"Minh Khai, Phường Minh Khai, Quận Hai Bà Trưng, Hà NộiXem bản đồ",16 tỷ - 63 m2
41 m²,6 phòng,,,"Nhà ngõ, hẻm",,,"104,88 triệu/m²",,,Hẻm xe hơi,,,ha-noi,"Siêu Phẩm Tây Hồ 10m Ô Tô, 30m bãi gửi ô tô. Nhỉnh 4 tỷ",,"Xuân La, Phường Xuân La, Quận Tây Hồ, Hà NộiXem bản đồ","4,3 tỷ - 41 m2"
36 m²,4 phòng,4 phòng,Đã có sổ,"Nhà ngõ, hẻm",,,"113,89 triệu/m²",,4,,Nội thất đầy đủ,,ha-noi,Nhà Đẹp Dân Xây .Cầu Cốc .Tây Mỗ . Nam Từ Liêm. 2 Thoáng . 46m2 .4T,,"Phố Cầu Cốc , Phường Tây Mỗ, Quận Nam Từ Liêm, Hà NộiXem bản đồ","4,1 tỷ - 36 m2"
34 m²,3 phòng,3 phòng,Đã có sổ,"Nhà ngõ, hẻm",,,"80,88 triệu/m²",,4,,Nội thất đầy đủ,,ha-noi,Bán Nhà 4 Tầng . Đại Mỗ . Gần Trường Học C3 Đại Mỗ .Nhà Mới Ở Ngay .,,"Phố Quang Tiến , Phường Đại Mỗ, Quận Nam Từ Liêm, Hà NộiXem bản đồ","2,75 tỷ - 34 m2"
58 m²,5 phòng,,,"Nhà ngõ, hẻm",,58 m²,"181,03 triệu/m²",,7,,,,ha-noi,"BÁN NHÀ CẦU GIẤY 58M 7 TẦNG, THANG MÁY, Ở+ KINH DOANH NHỈNH 10 TỶ",,"Đường Hồ Tùng Mậu, Phường Đức Thắng, Quận Bắc Từ Liêm, Hà NộiXem bản đồ","10,5 tỷ - 58 m2"
82 m²,4 phòng,3 phòng,Đã có sổ,"Nhà mặt phố, mặt tiền",,,"140,24 triệu/m²",,3,,Nội thất cao cấp,,ha-noi,"BÁB NHÀ NGÕ 106 HOÀNG QUỐC VIỆT - 82M - 6M MT - ÔTÔ - 2 THOÁNG - 11,5T",,"Hoàng Quốc Việt, Phường Nghĩa Đô, Quận Cầu Giấy, Hà NộiXem bản đồ","11,5 tỷ - 82 m2"
35 m²,3 phòng,4 phòng,Đã có sổ,"Nhà ngõ, hẻm",,,"136,86 triệu/m²",Đông Nam,5,,,,ha-noi,Bán Nhà phố Tứ liên cực Gần Phố nhà mới tinh 5 Tầng giá hơn 4 Tỷ,,"Tứ Liên, Phường Tứ Liên, Quận Tây Hồ, Hà NộiXem bản đồ","4,79 tỷ - 35 m2"
76 m²,4 phòng,4 phòng,Đã có sổ,"Nhà mặt phố, mặt tiền",4.5998 m,,"171,05 triệu/m²",,5,,,,ha-noi,"Nhà Mặt Tiền 76m, 4 Phòng Ngủ, Minh Khai, Q.Hai Bà Trưng",,"Minh Khai, Phường Minh Khai, Quận Hai Bà Trưng, Hà NộiXem bản đồ",13 tỷ - 76 m2
15 m²,2 phòng,2 phòng,Đã có sổ,"Nhà ngõ, hẻm",,,124 triệu/m²,,3,,Nội thất đầy đủ,,ha-noi,SỔ ĐỎ TÊN TÔI bán nhà HÀNG BỘT THỊNH HÀO 2 15m2 3T ngõ thông giá 1.86T,,"Hàng Bột, Phường Hàng Bột, Quận Đống Đa, Hà NộiXem bản đồ","1,86 tỷ - 15 m2"
35 m²,5 phòng,,,"Nhà mặt phố, mặt tiền",,,"262,86 triệu/m²",,,,,,ha-noi,BÁN NHÀ MẶT PHỐ TÔN THẤT TÙNG - ĐỐNG ĐA 6 TẦNG KINH DOANH CHỈ 9.2 TỶ,,"tôn thất tùng, Phường Kim Liên, Quận Đống Đa, Hà NộiXem bản đồ","9,2 tỷ - 35 m2"
152 m²,6 phòng,,,"Nhà ngõ, hẻm",,,"161,18 triệu/m²",,,,,,ha-noi,BÁN CĂN HỘ BA ĐÌNH 120TR/THÁNG Ô TÔ THANG MÁY 152M2 6 TẦNG CHỈ 24.5 TỶ,,"Phố Đội Cấn, Phường Liễu Giai, Quận Ba Đình, Hà NộiXem bản đồ","24,5 tỷ - 152 m2"
48 m²,4 phòng,,,"Nhà ngõ, hẻm",,,"89,58 triệu/m²",,4,,,,ha-noi,Bán nhà đẹp Vũ Tông Phan Thanh Xuân 50m2x4T MT3.9m cách ô tô 20m.,,"Vũ Tông Phan, Phường Khương Trung, Quận Thanh Xuân, Hà NộiXem bản đồ","4,3 tỷ - 48 m2"
34 m²,4 phòng,,,"Nhà ngõ, hẻm",41 m,34 m²,"97,06 triệu/m²",Đông Nam,4,,,,ha-noi,Nhà đẹp,,"Định Công Thượng, Phường Định Công, Quận Hoàng Mai, Hà NộiXem bản đồ","3,3 tỷ - 34 m2"
74 m²,6 phòng,,,"Nhà mặt phố, mặt tiền",,,"283,78 triệu/m²",,,,,,ha-noi,Chính chủ bán nhà mặt phố nguyễn văn lộc quận hà đông kinh doanh,,"Nguyễn Văn Lộc, Phường Mộ Lao, Quận Hà Đông, Hà NộiXem bản đồ",21 tỷ - 74 m2
17 m²,2 phòng,1 phòng,Đã có sổ,"Nhà mặt phố, mặt tiền",,,"205,88 triệu/m²",,3,,Nhà trống,,ha-noi,Chính chủ cần bán nhà phố Quán Thánh Ba Đình Hà Nội,,"Phố Quán Thánh, Phường Quán Thánh, Quận Ba Đình, Hà NộiXem bản đồ","3,5 tỷ - 17 m2"
230 m²,5 phòng,,,Nhà biệt thự,,,"143,48 triệu/m²",,,Hẻm xe hơi,,,ha-noi,BÁN BIỆT THỰ SÂN VƯỜN SIÊU ĐẸP TRUNG TÂM BA ĐÌNH Ô TÔ 230M2 CHỈ 33 TỶ,,"Đường Hoàng Hoa Thám, Phường Liễu Giai, Quận Ba Đình, Hà NộiXem bản đồ",33 tỷ - 230 m2
51 m²,nhiều hơn 10 phòng,,,"Nhà mặt phố, mặt tiền",,,"235,29 triệu/m²",,4,"Hẻm xe hơi,Nở hậu",,,ha-noi,BÁN NHÀ MẶT PHỐ ĐỐNG ĐA Ô TÔ TRÁNH KINH DOANH 51M2 5 TẦNG CHỈ 12 TỶ,,"Ngách 123 Phố Khương Thượng, Phường Khương Thượng, Quận Đống Đa, Hà NộiXem bản đồ",12 tỷ - 51 m2
25 m²,3 phòng,3 phòng,Đã có sổ,"Nhà ngõ, hẻm",,,"119,2 triệu/m²",Tây Bắc,5,,,,ha-noi,XÃ ĐÀN. CÁCH PHỐ 30M. NGÕ BA GÁC ĐUA,,"Xã Đàn, Phường Phương Liên, Quận Đống Đa, Hà NộiXem bản đồ","2,98 tỷ - 25 m2"
34 m²,3 phòng,,Đã có sổ,"Nhà ngõ, hẻm",,,"111,18 triệu/m²",,,,,,ha-noi,nhà minh khai 34 m 3.78 tỷ 3 phòng ngủ,,"Phố Minh Khai, Phường Mai Động, Quận Hoàng Mai, Hà NộiXem bản đồ","3,78 tỷ - 34 m2"
38 m²,4 phòng,4 phòng,Đã có sổ,"Nhà ngõ, hẻm",,,"128,95 triệu/m²",,5,,Nội thất cao cấp,,ha-noi,"Một nhà ra phố. Cực rẻ âu cơ, 38m2, 5 tầng, chỉ 4,9 tỷ có TL",,"Đường Âu Cơ, Phường Tứ Liên, Quận Tây Hồ, Hà NộiXem bản đồ","4,9 tỷ - 38 m2"
230 m²,5 phòng,,,Nhà biệt thự,,,"143,48 triệu/m²",,,Hẻm xe hơi,,,ha-noi,BÁN BIỆT THỰ SÂN VƯỜN SIÊU ĐẸP TRUNG TÂM BA ĐÌNH Ô TÔ 230M2 CHỈ 33 TỶ,,"Đường Hoàng Hoa Thám, Phường Liễu Giai, Quận Ba Đình, Hà NộiXem bản đồ",33 tỷ - 230 m2
51 m²,nhiều hơn 10 phòng,,,"Nhà mặt phố, mặt tiền",,,"235,29 triệu/m²",,4,"Hẻm xe hơi,Nở hậu",,,ha-noi,BÁN NHÀ MẶT PHỐ ĐỐNG ĐA Ô TÔ TRÁNH KINH DOANH 51M2 5 TẦNG CHỈ 12 TỶ,,"Ngách 123 Phố Khương Thượng, Phường Khương Thượng, Quận Đống Đa, Hà NộiXem bản đồ",12 tỷ - 51 m2
25 m²,3 phòng,3 phòng,Đã có sổ,"Nhà ngõ, hẻm",,,"119,2 triệu/m²",Tây Bắc,5,,,,ha-noi,XÃ ĐÀN. CÁCH PHỐ 30M. NGÕ BA GÁC ĐUA,,"Xã Đàn, Phường Phương Liên, Quận Đống Đa, Hà NộiXem bản đồ","2,98 tỷ - 25 m2"
34 m²,3 phòng,,Đã có sổ,"Nhà ngõ, hẻm",,,"111,18 triệu/m²",,,,,,ha-noi,nhà minh khai 34 m 3.78 tỷ 3 phòng ngủ,,"Phố Minh Khai, Phường Mai Động, Quận Hoàng Mai, Hà NộiXem bản đồ","3,78 tỷ - 34 m2"
38 m²,4 phòng,4 phòng,Đã có sổ,"Nhà ngõ, hẻm",,,"128,95 triệu/m²",,5,,Nội thất cao cấp,,ha-noi,"Một nhà ra phố. Cực rẻ âu cơ, 38m2, 5 tầng, chỉ 4,9 tỷ có TL",,"Đường Âu Cơ, Phường Tứ Liên, Quận Tây Hồ, Hà NộiXem bản đồ","4,9 tỷ - 38 m2"
30 m²,3 phòng,4 phòng,Đã có sổ,"Nhà mặt phố, mặt tiền",,,90 triệu/m²,Nam,5,,,,ha-noi,Bán nhà văn hương 30m2 5 tầng gần đường tôn đức thắng dt***,,"2, Văn hương , Phường Văn Chương, Quận Đống Đa, Hà NộiXem bản đồ","2,7 tỷ - 30 m2"
50 m²,4 phòng,,,Nhà phố liền kề,,200 m²,196 triệu/m²,,,,,,ha-noi,"Chính chủ bán nhà phân lô, vỉa hè to hơn phố, thông các ngả kinh doanh",,"Phương Mai, Phường Phương Mai, Quận Đống Đa, Hà NộiXem bản đồ","9,8 tỷ - 50 m2"
50 m²,4 phòng,,,"Nhà ngõ, hẻm",,,81 triệu/m²,,4,,,,ha-noi,"Bán nhà 5 tầng Vũ Tông Phan Thanh Xuân 50m2, MT 3.7m, cách ô tô 20m.",,"Vũ Tông Phan, Phường Khương Trung, Quận Thanh Xuân, Hà NộiXem bản đồ","4,05 tỷ - 50 m2"
51 m²,4 phòng,,,"Nhà ngõ, hẻm",,,"82,35 triệu/m²",,4,,,,ha-noi,"Bán nhà đẹp Khương Hạ Thanh Xuân 51m2x4T Mt 3.8m, cách ô tô đúng 20m",,"Khương Hạ, Phường Khương Đình, Quận Thanh Xuân, Hà NộiXem bản đồ","4,2 tỷ - 51 m2"
43 m²,4 phòng,4 phòng,Đã có sổ,"Nhà ngõ, hẻm",,,"151,16 triệu/m²",,6,,,,ha-noi,"Bán nhà phố Hoàng Văn Thái,sát ÔTÔ, 45 m2, 6 tầng, thang máy, 6.5tỷ",,"Hoàng Văn Thái, Phường Khương Trung, Quận Thanh Xuân, Hà NộiXem bản đồ","6,5 tỷ - 43 m2"
55 m²,4 phòng,,,"Nhà ngõ, hẻm",,,"236,36 triệu/m²",,,,,,ha-noi,"💥TRUNG KÍNH- 55m2,5T- GARA OTO- OTO TRÁNH- NỘI THẤT XỊN- nhỉnh 13 TỶ",,"Trung Kính, Phường Yên Hoà, Quận Cầu Giấy, Hà NộiXem bản đồ",13 tỷ - 55 m2
33 m²,3 phòng,4 phòng,Đã có sổ,"Nhà ngõ, hẻm",,,"145,45 triệu/m²",Đông Nam,5,,,,ha-noi,"ngõ 40 Cự Lộc , Thanh Xuân 33m2 x 5 tầng, nhà mới , trung tâm, giá tốt",,"cự lộc, Phường Thượng Đình, Quận Thanh Xuân, Hà NộiXem bản đồ","4,8 tỷ - 33 m2"
45 m²,3 phòng,,Đã có sổ,"Nhà ngõ, hẻm",,,"177,78 triệu/m²",,5,,Nội thất đầy đủ,,ha-noi,💥💥💥SIÊU PHẨM XUÂN ĐỈNH- OTO VÀO NHÀ- LÔ GÓC- 45m2- Ở NGAY NHỈNH 8 TỶ,,"Xuân Đỉnh, Phường Xuân Đỉnh, Quận Bắc Từ Liêm, Hà NộiXem bản đồ",8 tỷ - 45 m2
40 m²,3 phòng,4 phòng,Đã có sổ,"Nhà ngõ, hẻm",,,"123,75 triệu/m²",,4,Nở hậu,,,ha-noi,BÁN NHÀ PHỐ TRẦN KHÁT CHÂN - NGÕ THÔNG RỘNG - SH QUAY ĐẦU - CÁCH Ô TÔ,,"Phố Võ Thị Sáu, Phường Thanh Nhàn, Quận Hai Bà Trưng, Hà NộiXem bản đồ","4,95 tỷ - 40 m2"
50 m²,3 phòng,3 phòng,Đã có sổ,,,,138 triệu/m²,Đông Bắc,4,,,,ha-noi,"Chính chủ cần bán nhanh nhà liền kề dịch vụ Hàng bè, Mậu lương",,"Hàng bè, Phường Phú La, Quận Hà Đông, Hà NộiXem bản đồ","6,9 tỷ - 50 m2"
32 m²,3 phòng,4 phòng,Đã có sổ,"Nhà ngõ, hẻm",,,"139,06 triệu/m²",,5,,Nội thất đầy đủ,,ha-noi,"HIẾM-KINH DOANH-1 NHÀ RA PHỐ AN DƯƠNG-THANH NIÊN-NGHI TÀM-32M2-4,45TỶ",,"An Dương, Phường Yên Phụ, Quận Tây Hồ, Hà NộiXem bản đồ","4,45 tỷ - 32 m2"
35 m²,4 phòng,4 phòng,Đã có sổ,"Nhà ngõ, hẻm",4 m,,"125,14 triệu/m²",,,,,9 m,ha-noi,"Mới đẹp lung linh, Giáp Nhất - Ngã Tư Sở. Vị trí đắc địa, 35m -4,3",,"Giáp Nhất, Phường Nhân Chính, Quận Thanh Xuân, Hà NộiXem bản đồ","4,38 tỷ - 35 m2"
60 m²,3 phòng,3 phòng,Đã có sổ,"Nhà mặt phố, mặt tiền",,,60 triệu/m²,Đông Nam,3,,,,ha-noi,Chính chủ bà chị nhờ bán căn nhà mới xây 3 năm đang ở,,"Đồng Dương Tổ 11, Phường Đồng Mai, Quận Hà Đông, Hà NộiXem bản đồ","3,6 tỷ - 60 m2"
40 m²,3 phòng,,Đã có sổ,"Nhà ngõ, hẻm",,50 m²,75 triệu/m²,,5,,,,ha-noi,"Thạch Bàn 40M2 X 5 TẦNG MT 4,7M - Ô TÔ - KINH DOANH - NHỈNH 3 TỶ",,"undefined, Phường Thạch Bàn, Quận Long Biên, Hà NộiXem bản đồ",3 tỷ - 40 m2
150 m²,3 phòng,3 phòng,Đã có sổ,"Nhà mặt phố, mặt tiền",,,"36,53 triệu/m²",,27,,Nội thất cao cấp,,ha-noi,VINACONEX 289 KHUẤT DUY TIẾN. CẠNH VICOM TRẦN DUY HƯNG,,"289A Phường Trung Hòa, Cầu Giấy, Hà Nội, Phường Trung Hoà, Quận Cầu Giấy, Hà NộiXem bản đồ","5,48 tỷ - 150 m2"
150 m²,3 phòng,3 phòng,Đã có sổ,"Nhà mặt phố, mặt tiền",,,"36,53 triệu/m²",,27,,Nội thất cao cấp,,ha-noi,VINACONEX 289 KHUẤT DUY TIẾN. CẠNH VICOM TRẦN DUY HƯNG,,"289A Phường Trung Hòa, Cầu Giấy, Hà Nội, Phường Trung Hoà, Quận Cầu Giấy, Hà NộiXem bản đồ","5,48 tỷ - 150 m2"
50 m²,4 phòng,4 phòng,Đã có sổ,"Nhà ngõ, hẻm",,,"118,4 triệu/m²",,5,,Nội thất cao cấp,,ha-noi,"Ba Đình,Nhà Mới 50m2 5T Hơn 5tỷ_70m Phố, Ngõ Thoáng sáng,Mặt Tiền Rộng",,"Phố Đội Cấn, Phường Liễu Giai, Quận Ba Đình, Hà NộiXem bản đồ","5,92 tỷ - 50 m2"
75 m²,3 phòng,3 phòng,Đã có sổ,Nhà phố liền kề,,,"426,67 triệu/m²",,4,"Hẻm xe hơi,Nở hậu",,,ha-noi,Bán nhà mặt phố Vũ Trọng Phụng - Mặt tiền rộng thông tin chuẩn,,"Vũ Trọng Phụng, Phường Thanh Xuân Trung, Quận Thanh Xuân, Hà NộiXem bản đồ",32 tỷ - 75 m2
42 m²,4 phòng,4 phòng,Đã có sổ,"Nhà ngõ, hẻm",4 m,,"115,48 triệu/m²",,5,,,,ha-noi,"Nhanh còn kịp , Tây Sơn ,sát Ngã tư sở, lô góc,ở Sướng ,40 m- 4.85 tỷ",,"Tây Sơn, Phường Quang Trung, Quận Đống Đa, Hà NộiXem bản đồ","4,85 tỷ - 42 m2"
30 m²,3 phòng,,,"Nhà ngõ, hẻm",,,"88,33 triệu/m²",,5,,,,ha-noi,TT HÀ ĐÔNG - PHÂN LÔ LIỀN KỀ - NHÀ MỚI ĐẸP - 30M RA Ô TÔ - GIÁ ĐẦU TƯ,,"Ngõ 1137 Đường Quang Trung, Phường Yên Nghĩa, Quận Hà Đông, Hà NộiXem bản đồ","2,65 tỷ - 30 m2"
114 m²,7 phòng,,Đã có sổ,Nhà biệt thự,,,"280,7 triệu/m²",,7,,,,ha-noi,Biệt thự Vip Lâm Hạ diện tích 114m2 *7 tầng * 6m,,"Lâm Hạ, Phường Bồ Đề, Quận Long Biên, Hà NộiXem bản đồ",32 tỷ - 114 m2
46 m²,4 phòng,4 phòng,Đã có sổ,"Nhà mặt phố, mặt tiền",,,"166,96 triệu/m²",,4,,Nội thất đầy đủ,,ha-noi,"Bán gấp nhà 4T*48m ngay ngã tư Văn Cao giao Thụy Khuê, ô tô lùi cửa.",,"Ngõ 26 Dốc Tam Đa, Phường Thụy Khuê, Quận Tây Hồ, Hà NộiXem bản đồ","7,68 tỷ - 46 m2"
45 m²,4 phòng,,Đã có sổ,"Nhà ngõ, hẻm",,,180 triệu/m²,,5,Hẻm xe hơi,,,ha-noi,"Ngọc Thụy, Long Biên dt 45m2*5 tầng, mặt tiền 5m",,"Ngọc Thụy, Phường Ngọc Thụy, Quận Long Biên, Hà NộiXem bản đồ","8,1 tỷ - 45 m2"
51 m²,4 phòng,3 phòng,Đã có sổ,"Nhà ngõ, hẻm",,,"69,61 triệu/m²",Bắc,4,,,,ha-noi,Bán nhà 4 tầng khu tập thể X130 Ngọc Hồi,,"NGŨ HIỆP, Xã Ngọc Hồi, Huyện Thanh Trì, Hà NộiXem bản đồ","3,55 tỷ - 51 m2"
74 m²,1 phòng,,Đã có sổ,"Nhà ngõ, hẻm",4 m,74 m²,"39,86 triệu/m²",,,,,,ha-noi,Bán Nhà đất Xã Yên Mỹ Thanh Trì 2023,,"Yên Mỹ, Xã Yên Mỹ, Huyện Thanh Trì, Hà NộiXem bản đồ","2,95 tỷ - 74 m2"
53 m²,4 phòng,4 phòng,Đã có sổ,"Nhà ngõ, hẻm",,,"111,7 triệu/m²",,5,,Nội thất cao cấp,,ha-noi,"Ba Đình,Nhà Đẹp 53m2 5T Chỉ 5,92tỷ_70m Oto,Mặt Ngõ Thông Rộng, Lô Góc",,"Hoàng Hoa Thám, Phường Liễu Giai, Quận Ba Đình, Hà NộiXem bản đồ","5,92 tỷ - 53 m2"
64 m²,5 phòng,,,"Nhà mặt phố, mặt tiền",,,"121,88 triệu/m²",,,,,,ha-noi,"MT 4M2! Ở SƯỚNG, DÒNG TIỀN,Trần Thái Tông,Cầu Giấy, 63m2,chỉ có 7.8 tỷ",,"Trần Thái Tông, Phường Dịch Vọng Hậu, Quận Cầu Giấy, Hà NộiXem bản đồ","7,8 tỷ - 64 m2"
40 m²,2 phòng,,Đã có sổ,Nhà phố liền kề,13.5 m,,115 triệu/m²,,,Hẻm xe hơi,,,ha-noi,Ô TÔ VÀO NHÀ - PHỐ QUANG TRUNG - LÔ GÓC - KINH DOANH - GÍA ĐẦU TƯ,,"Ngõ 1137 Đường Quang Trung, Phường Yên Nghĩa, Quận Hà Đông, Hà NộiXem bản đồ","4,6 tỷ - 40 m2"
50 m²,2 phòng,1 phòng,Đã có sổ,"Nhà ngõ, hẻm",,,100 triệu/m²,,1,,Nội thất đầy đủ,,ha-noi,"Bán nhà Phú Thượng Tây Hồ, phân lô, ô tô tránh, 50M2, 5 tỷ.",,"Cầu Nhật Tân, Phường Phú Thượng, Quận Tây Hồ, Hà NộiXem bản đồ",5 tỷ - 50 m2
38 m²,3 phòng,,Đã có sổ,"Nhà ngõ, hẻm",,,"114,47 triệu/m²",,3,Hẻm xe hơi,,,ha-noi,"Hàng HOT nhà Phố Doãn Kế Thiện, ô tô đỗ cửa,tặng nội thất, 35m2*3 tầng",,"Doãn Kế Thiện, Phường Mai Dịch, Quận Cầu Giấy, Hà NộiXem bản đồ","4,35 tỷ - 38 m2"
35 m²,3 phòng,4 phòng,Đã có sổ,"Nhà ngõ, hẻm",,,"147,14 triệu/m²",,5,,Nội thất cao cấp,,ha-noi,ĐỘI CẤN NHÀ ĐẸP Ở NGAY 50M RA OTO 35M2 5 TẦNG NỘI THẤT XỊN 5.15 TỶ,,"Đội Cấn, Phường Đội Cấn, Quận Ba Đình, Hà NộiXem bản đồ","5,15 tỷ - 35 m2"
40 m²,3 phòng,4 phòng,Đã có sổ,"Nhà ngõ, hẻm",,,"174,75 triệu/m²",,5,,Nội thất cao cấp,,ha-noi,SIÊU PHẨM XUÂN LA OTO ĐỖ CỬA NGÕ THÔNG THANG MÁY CAO CẤP 40M2 6.99 TỶ,,"Đường Xuân La, Phường Xuân La, Quận Tây Hồ, Hà NộiXem bản đồ","6,99 tỷ - 40 m2"
40 m²,3 phòng,,Đã có sổ,"Nhà ngõ, hẻm",,,"137,5 triệu/m²",,,,Nội thất đầy đủ,,ha-noi,"NHÀ THÁI HÀ NGÕ RỘNG GẦN PHỐ,40M x 4 TẦNG MT RỘNG 2 THOÁNG Ở SƯỚNG",,"Phố Hoàng Cầu, Phường Trung Liệt, Quận Đống Đa, Hà NộiXem bản đồ","5,5 tỷ - 40 m2"
75 m²,4 phòng,4 phòng,Đã có sổ,"Nhà mặt phố, mặt tiền",,,300 triệu/m²,,4,,Nội thất cao cấp,,ha-noi,BA ĐÌNH CỰC VIP PHÂN LÔ OTO TRÁNH ĐẲNG CẤP THƯỢNG LƯU 75M2 22.5 TỶ,,"Bưởi, Phường Đội Cấn, Quận Ba Đình, Hà NộiXem bản đồ","22,5 tỷ - 75 m2"
33 m²,5 phòng,,Đã có sổ,"Nhà ngõ, hẻm",,,"136,36 triệu/m²",,5,Hẻm xe hơi,,,ha-noi,"Có 1 0 2! Nhà PHỐ DoãnKế Thiện, Cầu Giấy, ô tô đỗ cửa, 33m2*5tầng",,"Doãn Kê Thiện, Phường Mai Dịch, Quận Cầu Giấy, Hà NộiXem bản đồ","4,5 tỷ - 33 m2"
40 m²,3 phòng,4 phòng,Đã có sổ,"Nhà ngõ, hẻm",,,"174,75 triệu/m²",,5,,Nội thất cao cấp,,ha-noi,SIÊU PHẨM XUÂN LA OTO ĐỖ CỬA NGÕ THÔNG THANG MÁY CAO CẤP 40M2 6.99 TỶ,,"Đường Xuân La, Phường Xuân La, Quận Tây Hồ, Hà NộiXem bản đồ","6,99 tỷ - 40 m2"
40 m²,3 phòng,,Đã có sổ,"Nhà ngõ, hẻm",,,"137,5 triệu/m²",,,,Nội thất đầy đủ,,ha-noi,"NHÀ THÁI HÀ NGÕ RỘNG GẦN PHỐ,40M x 4 TẦNG MT RỘNG 2 THOÁNG Ở SƯỚNG",,"Phố Hoàng Cầu, Phường Trung Liệt, Quận Đống Đa, Hà NộiXem bản đồ","5,5 tỷ - 40 m2"
75 m²,4 phòng,4 phòng,Đã có sổ,"Nhà mặt phố, mặt tiền",,,300 triệu/m²,,4,,Nội thất cao cấp,,ha-noi,BA ĐÌNH CỰC VIP PHÂN LÔ OTO TRÁNH ĐẲNG CẤP THƯỢNG LƯU 75M2 22.5 TỶ,,"Bưởi, Phường Đội Cấn, Quận Ba Đình, Hà NộiXem bản đồ","22,5 tỷ - 75 m2"
33 m²,5 phòng,,Đã có sổ,"Nhà ngõ, hẻm",,,"136,36 triệu/m²",,5,Hẻm xe hơi,,,ha-noi,"Có 1 0 2! Nhà PHỐ DoãnKế Thiện, Cầu Giấy, ô tô đỗ cửa, 33m2*5tầng",,"Doãn Kê Thiện, Phường Mai Dịch, Quận Cầu Giấy, Hà NộiXem bản đồ","4,5 tỷ - 33 m2"
60 m²,5 phòng,6 phòng,Đã có sổ,"Nhà ngõ, hẻm",,,"166,67 triệu/m²",,7,,Nội thất cao cấp,,ha-noi,Bán nhà Hồ Tùng Mậu 7T Thang máy chỉ 10 tỷ,,"Hồ Tùng Mậu, Phường Mai Dịch, Quận Cầu Giấy, Hà NộiXem bản đồ","10,00000008 tỷ - 60 m2"
175 m²,5 phòng,5 phòng,Đã có sổ,"Nhà ngõ, hẻm",11 m,,"128,57 triệu/m²",,3,,,,ha-noi,Bán nhà Ngõ 268 phố Lê Trọng Tấn quận Thanh Xuân. Ô tô đỗ cửa 20M ra P,,"Lê trọng Tấn, Phường Khương Mai, Quận Thanh Xuân, Hà NộiXem bản đồ","22,5 tỷ - 175 m2"
41 m²,3 phòng,,Đã có sổ,"Nhà ngõ, hẻm",4.5 m,,"104,63 triệu/m²",,5,,,,ha-noi,"Bán nhà ngõ Thịnh Quang, Đống Đa, ở ngay, 41m2, 5T, mt 4.5m, 4.29 tỷ.",,"Ngõ Thịnh Quang, Phường Thịnh Quang, Quận Đống Đa, Hà NộiXem bản đồ","4,29 tỷ - 41 m2"
42 m²,4 phòng,5 phòng,,"Nhà ngõ, hẻm",5.5 m,,"202,38 triệu/m²",,5,,Nội thất đầy đủ,,ha-noi,HIẾM! NHÀ MỚI CẦU GIẤY- GARA ÔTÔ- NỘI THẤT ĐẸP. 42M*5 TẦNG. GIÁ 8.5 TỶ,,"Cầu Giấy, Phường Yên Hoà, Quận Cầu Giấy, Hà NộiXem bản đồ","8,5 tỷ - 42 m2"
50 m²,2 phòng,,Đã có sổ,"Nhà ngõ, hẻm",,,64 triệu/m²,,,,,,ha-noi,BÁN ĐẤT TẶNG NHÀ - TT HÀ ĐÔNG - 20M RA Ô TÔ - GẦN HỒ YÊN PHÚC,,"Phố Yên Phúc, Phường Văn Quán, Quận Hà Đông, Hà NộiXem bản đồ","3,2 tỷ - 50 m2"
28 m²,3 phòng,3 phòng,Đã có sổ,"Nhà ngõ, hẻm",,,125 triệu/m²,Nam,3,,,,ha-noi,Bánm nhà ĐẠI KiM phân lô ô tô đỗ 28m2 3 tầng 3.4x tỷ,,"kim giang, Phường Đại Kim, Quận Hoàng Mai, Hà NộiXem bản đồ","3,5 tỷ - 28 m2"
362 m²,6 phòng,Nhiều hơn 6 phòng,Đã có sổ,"Nhà mặt phố, mặt tiền",,,"237,57 triệu/m²",,4,,Nội thất đầy đủ,,ha-noi,Bán lô góc 3 mặt tiền Đội Cấn 362m2 MT14M 3 thoáng ô tô tránh đỗ 86 tỷ,,"Đội Cấn, Phường Đội Cấn, Quận Ba Đình, Hà NộiXem bản đồ",86 tỷ - 362 m2
230 m²,8 phòng,Nhiều hơn 6 phòng,Đã có sổ,"Nhà mặt phố, mặt tiền",,,"604,35 triệu/m²",,8,,Nội thất đầy đủ,,ha-noi,"Lô góc 2 mặt phố Lò Đúc Hai Bà Trưng 230m2 mặt tiền 35m, 8 tầng 139 tỷ",,"Lò Đúc, Phường Ngô Thì Nhậm, Quận Hai Bà Trưng, Hà NộiXem bản đồ",139 tỷ - 230 m2
300 m²,8 phòng,Nhiều hơn 6 phòng,Đã có sổ,"Nhà mặt phố, mặt tiền",,,210 triệu/m²,,4,,Nội thất đầy đủ,,ha-noi,"Biệt thự bán đảo Quảng An 300m2, MT17m ô tô, bể bơi, sân vườn 210tr/m2",,"Tô Ngọc Vân, Phường Quảng An, Quận Tây Hồ, Hà NộiXem bản đồ",63 tỷ - 300 m2
325 m²,8 phòng,Nhiều hơn 6 phòng,Đã có sổ,"Nhà mặt phố, mặt tiền",,,520 triệu/m²,,9,,Nội thất đầy đủ,,ha-noi,"PHỐ TRẦN HƯNG ĐẠO, HOÀN KIẾM 325M2, MT14M LÔ GÓC 3 MẶT VỈA HÈ 8M 169TỶ",,"Trần Hưng Đạo, Phường Phan Chu Trinh, Quận Hoàn Kiếm, Hà NộiXem bản đồ",169 tỷ - 325 m2
49 m²,3 phòng,,,"Nhà ngõ, hẻm",,,"77,55 triệu/m²",,,,,,ha-noi,BÁN ĐẤT TẶNG NHÀ - TT HÀ ĐÔNG - NGÕ THÔNG - Ô TÔ ĐỖ GẦN - GÍA ĐẦU TƯ,,"Đường Chiến Thắng, Phường La Khê, Quận Hà Đông, Hà NộiXem bản đồ","3,8 tỷ - 49 m2"
400 m²,8 phòng,Nhiều hơn 6 phòng,Đã có sổ,"Nhà mặt phố, mặt tiền",15 m,,"387,5 triệu/m²",,,,Nhà trống,,ha-noi,"BÁN 2 MẶT PHỐ LẠC LONG QUÂN 400M2, MT15M, VỈA HÈ 9M KINH DOANH 155TỶ",,"Lạc Long Quân, Phường Xuân La, Quận Tây Hồ, Hà NộiXem bản đồ",155 tỷ - 400 m2
180 m²,8 phòng,Nhiều hơn 6 phòng,Đã có sổ,"Nhà mặt phố, mặt tiền",,,"186,11 triệu/m²",,8,,Nội thất đầy đủ,,ha-noi,"Hạ sốc 8 tỷ chỉ 100tr/m2 đất mặt phố 180m2, MT7m 8 tầng hầm chuẩn PCCC",,"Nguyễn Chính, Phường Tân Mai, Quận Hoàng Mai, Hà NộiXem bản đồ","33,5 tỷ - 180 m2"
330 m²,8 phòng,Nhiều hơn 6 phòng,Đã có sổ,"Nhà mặt phố, mặt tiền",,,"421,21 triệu/m²",,6,,Nội thất cao cấp,,ha-noi,LÔ GÓC NGÃ TƯ NGUYỄN VĂN HUYÊN 330M2 3 MẶT PHỐ 3 MẶT TIỀN 55M 139 TỶ,,"Nguyễn Văn Huyên, Phường Nghĩa Đô, Quận Cầu Giấy, Hà NộiXem bản đồ",139 tỷ - 330 m2
45 m²,4 phòng,4 phòng,Đã có sổ,"Nhà ngõ, hẻm",,,"106,22 triệu/m²",,4,,Nội thất đầy đủ,,ha-noi,"Nhà riêng phố Trương Công Giai, ô tô đỗ cửa, ngõ thông, ở ngay, 45m*4T",,"Trương Công Giai, Phường Dịch Vọng, Quận Cầu Giấy, Hà NộiXem bản đồ","4,78 tỷ - 45 m2"
165 m²,7 phòng,5 phòng,Đã có sổ,"Nhà mặt phố, mặt tiền",,,105 triệu/m²,,3,,Nhà trống,,ha-noi,BÁN ĐẤT TẶNG NHÀ 3 TẦNG MẶT QUỐC LỘ 23B ĐANG KINH DOANH DÒNG TIỀN 35TR,,"Quốc Lộ 23B, Xã Nam Hồng, Huyện Đông Anh, Hà NộiXem bản đồ","17,325 tỷ - 165 m2"
