Diện tích đất:,Số phòng ngủ:,Số phòng vệ sinh:,Giấy tờ pháp lý:,Loại hình nhà ở:,Chiều ngang:,Diện tích sử dụng:,Giá/m2:,Hướng cửa chính:,Tổng số tầng:,Đặc điểm nhà/đất:,Tình trạng nội thất:,Chiều dài:,Location,Name,URL,District,Price
43 m²,4 phòng,5 phòng,Đã có sổ,"Nhà ngõ, hẻm",,,"143,02 triệu/m²",,6,,Nội thất đầy đủ,,ha-noi,Trích Sài - Nhà mới 44m2 x 6 tầng thang máy- Trước nhà thoáng- Ở ngay,,"Phố Trích Sài, Phường Bưởi, Quận Tây Hồ, Hà NộiXem bản đồ","6,15 tỷ - 43 m2"
45 m²,4 phòng,,Đã có sổ,"Nhà ngõ, hẻm",,45 m²,"143,56 triệu/m²",,,,,,ha-noi,"Nhà đẹp ở ngay Nhân Chính, Thanh Xuân. DT 45m. 4 tầng. Giá 6.460 tỷ",,"Quan Nhân, Phường Nhân Chính, Quận Thanh Xuân, Hà NộiXem bản đồ","6,46 tỷ - 45 m2"
48 m²,5 phòng,4 phòng,Đã có sổ,"Nhà ngõ, hẻm",,,"110,42 triệu/m²",,5,,Nội thất đầy đủ,,ha-noi,Đội Cấn - TT Ba Đình 48m x 5 Tầng - Ngõ To - Gần Ô Tô - 2 Thoáng,,"Đội Cấn, Phường Ngọc Hà, Quận Ba Đình, Hà NộiXem bản đồ","5,3 tỷ - 48 m2"
45 m²,4 phòng,4 phòng,Đã có sổ,"Nhà ngõ, hẻm",,,"144,44 triệu/m²",,4,,Nội thất đầy đủ,,ha-noi,nhà mặt ngõ phố quan nhân gần phố 45m -4 tầng -6ty5 thương lượng,,"Quan Nhân, Phường Nhân Chính, Quận Thanh Xuân, Hà NộiXem bản đồ","6,5 tỷ - 45 m2"
50 m²,4 phòng,3 phòng,,"Nhà ngõ, hẻm",,200 m²,104 triệu/m²,,4,Nở hậu,,,ha-noi,BÁN NHÀ TRUNG TÂM THANH XUÂN - NGÕ RỘNG - DÂN TRÍ CAO - GẦN NGÃ 4 SỞ,,"Chính Kinh, Phường Nhân Chính, Quận Thanh Xuân, Hà NộiXem bản đồ","5,2 tỷ - 50 m2"
35 m²,3 phòng,4 phòng,Đã có sổ,"Nhà ngõ, hẻm",,,"134,29 triệu/m²",,5,,Nội thất đầy đủ,,ha-noi,Thuỵ Khuê - Nhà mới 5 tầng ở ngay - Giá 4.7 tỷ - 50m ra phố,,"Đường Thụy Khuê, Phường Bưởi, Quận Tây Hồ, Hà NộiXem bản đồ","4,7 tỷ - 35 m2"
33 m²,3 phòng,4 phòng,Đã có sổ,"Nhà ngõ, hẻm",,,"112,12 triệu/m²",Nam,5,,,,ha-noi,"Cần bán Gấp Căn Nhà Đường Hoàng Mai, Nhà Gần Ô Tô cách Đúng 15m",,"Hoàng mai, Phường Hoàng Văn Thụ, Quận Hoàng Mai, Hà NộiXem bản đồ","3,7 tỷ - 33 m2"
37.5 m²,3 phòng,,Đã có sổ,"Nhà ngõ, hẻm",,,136 triệu/m²,,4,,,,ha-noi,"Phố víp Hào Nam , ở kết hợp kd 3 gác đỗ cửa ngõ thông quan thổ 35,5M",,"Hào Nam, Phường Ô Chợ Dừa, Quận Đống Đa, Hà NộiXem bản đồ","5,1 tỷ - 37.5 m2"
45 m²,3 phòng,4 phòng,Đã có sổ,"Nhà ngõ, hẻm",,,"106,67 triệu/m²",,4,,Nội thất đầy đủ,,ha-noi,"BÁN CHẠY NHÀ CẦU GIẤY 45M2*5T LOGOC 2 THOÁNG, NGÕ BAGAC GIÁ NHỈNH 4 TỶ",,"CẦU GIẤY, Phường Dịch Vọng, Quận Cầu Giấy, Hà NộiXem bản đồ","4,8 tỷ - 45 m2"
60 m²,5 phòng,4 phòng,Đã có sổ,"Nhà ngõ, hẻm",,,"116,5 triệu/m²",,5,,Nội thất đầy đủ,,ha-noi,"Hoàng Hoa Thám, Ba Đình - 60m2 x5 Tầng - Mặt tiền rộng - Hơn 6 tỷ",,"Đường Hoàng Hoa Thám, Phường Ngọc Hà, Quận Ba Đình, Hà NộiXem bản đồ","6,99 tỷ - 60 m2"
45 m²,4 phòng,4 phòng,Đã có sổ,"Nhà ngõ, hẻm",,200 m²,"144,44 triệu/m²",,4,,,,ha-noi,"🌹 NGÕ RỘNG THÔNG TỨ TUNG, NHÀ MỚI ĐẸP LONG LANH, CHỦ QUYẾT BÁN.",,"Quan Nhân, Phường Nhân Chính, Quận Thanh Xuân, Hà NộiXem bản đồ","6,5 tỷ - 45 m2"
34 m²,4 phòng,3 phòng,Đã có sổ,"Nhà ngõ, hẻm",,,"54,41 triệu/m²",,3,,Nhà trống,,ha-noi,"""Nên mua"" Cần bán nhà ngõ 76 Vĩnh Hưng-HM-DT34m-3T-Giá1.85tỷ-Có sổ đỏ",,"Ngõ 76 Phố Vĩnh Hưng, Phường Vĩnh Hưng, Quận Hoàng Mai, Hà NộiXem bản đồ","1,85 tỷ - 34 m2"
53 m²,6 phòng,4 phòng,Đã có sổ,"Nhà ngõ, hẻm",,,"119,81 triệu/m²",,5,,Nội thất cao cấp,,ha-noi,Mỹ Đình 53m2 x 5 Tầng - 10m Ra Ô Tô - Trước Nhà 3m - 2 Thoáng - Ở Ngay,,"Đường Mỹ Đình, Phường Mỹ Đình 2, Quận Nam Từ Liêm, Hà NộiXem bản đồ","6,35 tỷ - 53 m2"
40 m²,3 phòng,,Đã có sổ,"Nhà ngõ, hẻm",,,"107,5 triệu/m²",,,,,,ha-noi,Đống Đa 40m2*5T giá chỉ 4.3 tỷ có tin được không? Liên hệ ngay Mr Nam,,"Phố Thái Thịnh, Phường Thịnh Quang, Quận Đống Đa, Hà NộiXem bản đồ","4,3 tỷ - 40 m2"
33 m²,4 phòng,5 phòng,Đã có sổ,"Nhà ngõ, hẻm",,,"115,15 triệu/m²",Tây,6,,,,ha-noi,"Anh Thái Nhờ Bán Căn Nhà Phố Trương Định, 50m ra Mặt Phố Ngõ Nông",,"Đường Trương Định, Phường Giáp Bát, Quận Hoàng Mai, Hà NộiXem bản đồ","3,8 tỷ - 33 m2"
45 m²,4 phòng,4 phòng,Đã có sổ,"Nhà ngõ, hẻm",,,"184,44 triệu/m²",,5,,Nội thất cao cấp,,ha-noi,"Hàng Hiếm của phố cổ, BAĐÌNHQUẬN, ngay TâyHồQuận HỒ TÂY LỘNG GIÓ-TẶ",,"Thanh Niên, Phường Quán Thánh, Quận Ba Đình, Hà NộiXem bản đồ","8,3 tỷ - 45 m2"
36 m²,1 phòng,,,"Nhà mặt phố, mặt tiền",,36 m²,"58,33 triệu/m²",,1,,,,ha-noi,36m2 cầu Tó Tả Thanh Oai ô tô vào nhà gần phố chỉ 2 tỷ tí thôi nhé,,"Tả Thanh oai, Xã Tả Thanh Oai, Huyện Thanh Trì, Hà NộiXem bản đồ","2,1 tỷ - 36 m2"
60 m²,nhiều hơn 10 phòng,Nhiều hơn 6 phòng,Đã có sổ,"Nhà ngõ, hẻm",,,100 triệu/m²,,6,,Nội thất đầy đủ,,ha-noi,CCMN 6T THANG MÁY - CỖ MÁY IN TIỀN - 10P KK - DOANH THU 50TR/THÁNG,,"Đông Ngạc, Phường Đông Ngạc, Quận Bắc Từ Liêm, Hà NộiXem bản đồ",6 tỷ - 60 m2
50 m²,6 phòng,4 phòng,Đã có sổ,"Nhà ngõ, hẻm",,,104 triệu/m²,Đông Nam,5,,,,ha-noi,Chính chủ nhờ bán Căn nhà 5 Tầng Phố giáp Bát- Giải Phóng 50m 5 tầng,,"Trương định, Phường Giáp Bát, Quận Hoàng Mai, Hà NộiXem bản đồ","5,2 tỷ - 50 m2"
50 m²,4 phòng,4 phòng,Đã có sổ,"Nhà ngõ, hẻm",,,170 triệu/m²,,4,,Nội thất đầy đủ,,ha-noi,Bán Nhà 5 Tầng Khu Phân Lô Ngõ Ô Tô Phố Nguyễn Khánh Toàn,,"Nguyễn Khánh Toàn, Phường Quan Hoa, Quận Cầu Giấy, Hà NộiXem bản đồ","8,5 tỷ - 50 m2"
53 m²,6 phòng,4 phòng,Đã có sổ,"Nhà ngõ, hẻm",,,"119,81 triệu/m²",,5,,Nội thất cao cấp,,ha-noi,Mỹ Đình 53m2 x 5 Tầng - 10m Ra Ô Tô - Trước Nhà 3m - 2 Thoáng - Ở Ngay,,"Đường Mỹ Đình, Phường Mỹ Đình 2, Quận Nam Từ Liêm, Hà NộiXem bản đồ","6,35 tỷ - 53 m2"
40 m²,3 phòng,,Đã có sổ,"Nhà ngõ, hẻm",,,"107,5 triệu/m²",,,,,,ha-noi,Đống Đa 40m2*5T giá chỉ 4.3 tỷ có tin được không? Liên hệ ngay Mr Nam,,"Phố Thái Thịnh, Phường Thịnh Quang, Quận Đống Đa, Hà NộiXem bản đồ","4,3 tỷ - 40 m2"
33 m²,4 phòng,5 phòng,Đã có sổ,"Nhà ngõ, hẻm",,,"115,15 triệu/m²",Tây,6,,,,ha-noi,"Anh Thái Nhờ Bán Căn Nhà Phố Trương Định, 50m ra Mặt Phố Ngõ Nông",,"Đường Trương Định, Phường Giáp Bát, Quận Hoàng Mai, Hà NộiXem bản đồ","3,8 tỷ - 33 m2"
45 m²,4 phòng,4 phòng,Đã có sổ,"Nhà ngõ, hẻm",,,"184,44 triệu/m²",,5,,Nội thất cao cấp,,ha-noi,"Hàng Hiếm của phố cổ, BAĐÌNHQUẬN, ngay TâyHồQuận HỒ TÂY LỘNG GIÓ-TẶ",,"Thanh Niên, Phường Quán Thánh, Quận Ba Đình, Hà NộiXem bản đồ","8,3 tỷ - 45 m2"
36 m²,1 phòng,,,"Nhà mặt phố, mặt tiền",,36 m²,"58,33 triệu/m²",,1,,,,ha-noi,36m2 cầu Tó Tả Thanh Oai ô tô vào nhà gần phố chỉ 2 tỷ tí thôi nhé,,"Tả Thanh oai, Xã Tả Thanh Oai, Huyện Thanh Trì, Hà NộiXem bản đồ","2,1 tỷ - 36 m2"
60 m²,nhiều hơn 10 phòng,Nhiều hơn 6 phòng,Đã có sổ,"Nhà ngõ, hẻm",,,100 triệu/m²,,6,,Nội thất đầy đủ,,ha-noi,CCMN 6T THANG MÁY - CỖ MÁY IN TIỀN - 10P KK - DOANH THU 50TR/THÁNG,,"Đông Ngạc, Phường Đông Ngạc, Quận Bắc Từ Liêm, Hà NộiXem bản đồ",6 tỷ - 60 m2
50 m²,6 phòng,4 phòng,Đã có sổ,"Nhà ngõ, hẻm",,,104 triệu/m²,Đông Nam,5,,,,ha-noi,Chính chủ nhờ bán Căn nhà 5 Tầng Phố giáp Bát- Giải Phóng 50m 5 tầng,,"Trương định, Phường Giáp Bát, Quận Hoàng Mai, Hà NộiXem bản đồ","5,2 tỷ - 50 m2"
50 m²,4 phòng,4 phòng,Đã có sổ,"Nhà ngõ, hẻm",,,170 triệu/m²,,4,,Nội thất đầy đủ,,ha-noi,Bán Nhà 5 Tầng Khu Phân Lô Ngõ Ô Tô Phố Nguyễn Khánh Toàn,,"Nguyễn Khánh Toàn, Phường Quan Hoa, Quận Cầu Giấy, Hà NộiXem bản đồ","8,5 tỷ - 50 m2"
54 m²,4 phòng,4 phòng,,"Nhà ngõ, hẻm",,,"175,93 triệu/m²",,4,,,,ha-noi,BÁN NHÀ NGUYỄN KHÁNH TOÀN 54M2-HƠN 9 TỶ- THANG MÁY-40M RA Ô TÔ,,"Nguyễn Khánh Toàn, Phường Quan Hoa, Quận Cầu Giấy, Hà NộiXem bản đồ","9,5 tỷ - 54 m2"
100 m²,4 phòng,4 phòng,Đã có sổ,Nhà biệt thự,,,"79,5 triệu/m²",Tây,5,,,,ha-noi,Biệt thự ngọc thụy 100m 5 tầng 4 phòng ngủ,,"Ngọc Thụy, Phường Ngọc Thụy, Quận Long Biên, Hà NộiXem bản đồ","7,95 tỷ - 100 m2"
23 m²,3 phòng,4 phòng,Đã có sổ,"Nhà ngõ, hẻm",,,"115,22 triệu/m²",,5,,Nội thất đầy đủ,,ha-noi,Nhỉnh 2 tỉ nhà đẹp Kim Mã - Ba Đình 23m 5 tầng ở ngay,,"Phố Kim Mã, Phường Ngọc Khánh, Quận Ba Đình, Hà NộiXem bản đồ","2,65 tỷ - 23 m2"
42 m²,1 phòng,1 phòng,Đang chờ sổ,"Nhà mặt phố, mặt tiền",,,"316,67 triệu/m²",,1,,Bàn giao thô,,ha-noi,"NHÀ C4 MẶT PHỐ ĐẠI LA-HAI BÀ TRƯNG-42M2-MT 3,7M-NỞ HẬU-KD ĐỈNH-GIÁ ĐẸP",,"Phố Đại La, Phường Trương Định, Quận Hai Bà Trưng, Hà NộiXem bản đồ","13,3 tỷ - 42 m2"
21 m²,2 phòng,2 phòng,Đã có sổ,"Nhà ngõ, hẻm",,,"109,52 triệu/m²",,4,Hẻm xe hơi,,,ha-noi,"bán nhà ngõ tôn đức thắng 21m*4 tầng,ngõ thông,5m ra oto,sổ đỏ hoa hậu",,"Linh Quang, Phường Văn Chương, Quận Đống Đa, Hà NộiXem bản đồ","2,3 tỷ - 21 m2"
20 m²,2 phòng,2 phòng,Đã có sổ,"Nhà ngõ, hẻm",,,130 triệu/m²,,3,,,,ha-noi,"chính chủ cần bán nhà kim mã 20m*4 tầng,sổ đẹp,100m ra phố, ngõ ba gác",,"Phố Kim Mã, Phường Kim Mã, Quận Ba Đình, Hà NộiXem bản đồ","2,6 tỷ - 20 m2"
37 m²,3 phòng,3 phòng,Đã có sổ,"Nhà ngõ, hẻm",,,"113,51 triệu/m²",,5,,,,ha-noi,"tôi bán nhà trung tâm ba đình 37m*5 tầng,sổ đẹp,nhà đẹp ở ngay, gần hồ",,"Ngõ Đội Cấn, Phường Cát Linh, Quận Đống Đa, Hà NộiXem bản đồ","4,2 tỷ - 37 m2"
37 m²,2 phòng,2 phòng,,"Nhà ngõ, hẻm",,,"70,27 triệu/m²",,3,,,,ha-noi,"cần bán nhà trung tâm đống đa 37m*3 tầng 3 gác đỗ cửa, giá nhỉnh 2 tỷ",,"Ngõ Chợ Khâm Thiên, Phường Trung Phụng, Quận Đống Đa, Hà NộiXem bản đồ","2,6 tỷ - 37 m2"
34 m²,3 phòng,4 phòng,Đã có sổ,"Nhà ngõ, hẻm",,,"120,59 triệu/m²",,5,,Nội thất cao cấp,,ha-noi,"Chỉ 4 tỷ có nhà Thái Thịnh, ngõ rộng, mới keng, nội thất xịn 34m*5T",,"Phố Thái Thịnh, Phường Thịnh Quang, Quận Đống Đa, Hà NộiXem bản đồ","4,1 tỷ - 34 m2"
60 m²,4 phòng,,,"Nhà mặt phố, mặt tiền",,,120 triệu/m²,,,,,,ha-noi,"Lô Góc chợ Bông Đỏ 60mx4tg Ô tô tránh KD, 7.2 tỷ",,"Ngô thì nhậm, Phường Hà Cầu, Quận Hà Đông, Hà NộiXem bản đồ","7,2 tỷ - 60 m2"
300 m²,6 phòng,,,"Nhà mặt phố, mặt tiền",,,23 triệu/m²,,,,,,ha-noi,Phân lô vỉ hè Kiếm Hưng 50x5tg thanh máy nhỉnh 6 tỷ,,"Kiến hưng, Phường Kiến Hưng, Quận Hà Đông, Hà NộiXem bản đồ","6,9 tỷ - 300 m2"
65 m²,6 phòng,,,"Nhà mặt phố, mặt tiền",,,"121,38 triệu/m²",,,,,,ha-noi,"giảm 1 tỷ LK ngay Ngô Thì Nhậm 65x5tg KD, nhỉnh 7 tỷ",,"Ngô Thì Nhậm, Phường Hà Cầu, Quận Hà Đông, Hà NộiXem bản đồ","7,89 tỷ - 65 m2"
33 m²,4 phòng,,,"Nhà ngõ, hẻm",,,"109,09 triệu/m²",,,,,,ha-noi,"NHÀ ĐẸP CẦU DIỄN - Ô TÔ VÀO NHÀ - KHU DÂN CƯ SẦM UẤT - GIÁ 3,6 Tỷ",,"Đường Phú Diễn, Phường Phú Diễn, Quận Bắc Từ Liêm, Hà NộiXem bản đồ","3,6 tỷ - 33 m2"
36 m²,4 phòng,4 phòng,Đã có sổ,"Nhà ngõ, hẻm",,,100 triệu/m²,,4,,Nhà trống,,ha-noi,Bán nhà Phú Diễn 36m2 ô tô đỗ gần nhỉnh 3 tỷ,,"Đường Phú Diễn, Phường Phú Diễn, Quận Bắc Từ Liêm, Hà NộiXem bản đồ","3,6 tỷ - 36 m2"
57 m²,3 phòng,3 phòng,Đã có sổ,"Nhà mặt phố, mặt tiền",,,"307,02 triệu/m²",,4,,Nội thất đầy đủ,,ha-noi,"Mặt phố Láng Hạ 57m, 4 Tầng, MT 4m. Kinh doanh sầm uất. 17,5 Tỷ.",,"Phố Láng Hạ, Phường Láng Hạ, Quận Đống Đa, Hà NộiXem bản đồ","17,5 tỷ - 57 m2"
38 m²,4 phòng,3 phòng,Đã có sổ,"Nhà ngõ, hẻm",,,"163,16 triệu/m²",,6,,Nội thất cao cấp,,ha-noi,Nhà đẹp ngõ Phân Lô 38m2x6t thang máy cách ôtô 30m phố Hoàng Đạo Thành,,"Hoàng Đạo Thành, Phường Khương Đình, Quận Thanh Xuân, Hà NộiXem bản đồ","6,2 tỷ - 38 m2"
37.5 m²,3 phòng,,Đã có sổ,"Nhà ngõ, hẻm",,,"109,33 triệu/m²",,4,,,,ha-noi,"Thật 100% nhỉ 4tỷ có ngay sổ đỏ thái thịnh, vị trí đẹp , gần ngã 4Sở",,"Thái Thịnh, Phường Ngã Tư Sở, Quận Đống Đa, Hà NộiXem bản đồ","4,1 tỷ - 37.5 m2"
92 m²,3 phòng,5 phòng,Đã có sổ,"Nhà mặt phố, mặt tiền",,,"202,17 triệu/m²",,4,,Nội thất cao cấp,,ha-noi,"Trục chính Văn Phú 92m, 4 Tầng, Mặt tiền4,5m. Kinh doanh tốt. 18,6 Tỷ.",,"Phúc La, Phường Phú La, Quận Hà Đông, Hà NộiXem bản đồ","18,6 tỷ - 92 m2"
34 m²,3 phòng,4 phòng,Đã có sổ,"Nhà ngõ, hẻm",,,"123,53 triệu/m²",,5,,Nhà trống,,ha-noi,"Cần bán nhà phố Võ Thị Sáu quận Hai Bà Trưng 34m2 lô góc,5 tầng,4.2 tỷ",,"Phố Võ Thị Sáu, Phường Thanh Nhàn, Quận Hai Bà Trưng, Hà NộiXem bản đồ","4,2 tỷ - 34 m2"
35 m²,3 phòng,4 phòng,Đã có sổ,"Nhà ngõ, hẻm",,,"138,57 triệu/m²",,5,,Nội thất đầy đủ,,ha-noi,"BÁN NHÀ PHỐ NGUYỄN AN NINH 35M² X 5 TẦNG, MỚI KOONG, GIÁ BÁN 4.85 TỶ",,"Nguyễn An Ninh, Phường Trương Định, Quận Hai Bà Trưng, Hà NộiXem bản đồ","4,85 tỷ - 35 m2"
96 m²,2 phòng,2 phòng,Đã có sổ,"Nhà ngõ, hẻm",,,"23,44 triệu/m²",,,Hẻm xe hơi,Nhà trống,,ha-noi,Bán nhà Tập Thể Nguyễn An Ninh 96m2 -2PN-2VS nhà đẹp ở luôn,,"Phố Nguyễn An Ninh, Phường Tương Mai, Quận Hoàng Mai, Hà NộiXem bản đồ","2,25 tỷ - 96 m2"
61 m²,3 phòng,3 phòng,Đã có sổ,"Nhà mặt phố, mặt tiền",,,"409,84 triệu/m²",,3,,Nội thất đầy đủ,,ha-noi,"Mặt phố Ô Chợ Dừa 61m, 3 Tầng, MT 4,2m. Kinh doanh sầm uất. 25 Tỷ.",,"Ô chợ Dừa, Phường Ô Chợ Dừa, Quận Đống Đa, Hà NộiXem bản đồ",25 tỷ - 61 m2
34 m²,2 phòng,3 phòng,Đã có sổ,"Nhà ngõ, hẻm",,,"117,65 triệu/m²",,3,,Nội thất đầy đủ,,ha-noi,"Chính chủ bán nhà ngõ phố Khương Hạ, nhà đẹp 3tầng, giá chỉ nhỉnh 4 tỷ",,"Khương Hạ, Phường Khương Đình, Quận Thanh Xuân, Hà NộiXem bản đồ",4 tỷ - 34 m2
39 m²,3 phòng,,,"Nhà ngõ, hẻm",,,"110,26 triệu/m²",,,,,,ha-noi,Ở Ngay_Đỗ Đức Dục_Ngõ Ô tô_Thông Thoáng_Ra Phố Tiện_Tặng Pull Đồ,,"Đỗ Đức Dục, Phường Mễ Trì, Quận Nam Từ Liêm, Hà NộiXem bản đồ","4,3 tỷ - 39 m2"
35 m²,4 phòng,3 phòng,Đã có sổ,"Nhà ngõ, hẻm",,,180 triệu/m²,,5,,Nội thất đầy đủ,,ha-noi,"CC Bán nhà ngõ phố Khương Hạ, đẹp 5T, ô tô đỗ cửa, giá chỉ nhỉnh 6 tỷ.",,"Khương Hạ, Phường Khương Đình, Quận Thanh Xuân, Hà NộiXem bản đồ","6,3 tỷ - 35 m2"
32 m²,2 phòng,2 phòng,Đã có sổ,"Nhà ngõ, hẻm",,150 m²,"120,31 triệu/m²",,2,,,,ha-noi,"NHÀ ĐẸP YÊN XÁ -32M-5 TẦNG GIÁ CHỈ 3,85 TỶ -THƯƠNG LƯỢNG",,"Yên Xá, Xã Tân Triều, Huyện Thanh Trì, Hà NộiXem bản đồ","3,85 tỷ - 32 m2"
54 m²,4 phòng,4 phòng,Đã có sổ,,,,"240,37 triệu/m²",Bắc,5,,,,ha-noi,"Nhà đất phân lô Cầu Giấy, Hoàng Quốc Việt, 54m2, 5 tầng, ô tô tránh",,"Ngõ 106, Hoàng Quốc Việt, Phường Nghĩa Đô, Quận Cầu Giấy, Hà NộiXem bản đồ","12,98 tỷ - 54 m2"
39 m²,5 phòng,4 phòng,Đã có sổ,"Nhà ngõ, hẻm",,,"67,95 triệu/m²",,4,,Nhà trống,,ha-noi,"Bán nhà Kim Chung, Hoài Đức xây gác lửng, độc lập 39m2",,"Ngõ 38 Đường Yên Vĩnh, Xã Kim Chung, Huyện Hoài Đức, Hà NộiXem bản đồ","2,65 tỷ - 39 m2"
34 m²,3 phòng,4 phòng,Đã có sổ,"Nhà ngõ, hẻm",,,"66,18 triệu/m²",,5,,Nhà trống,,ha-noi,"Bán nhà Kim Chung, Hoài Đức 5 tầng chỉ 2,25 tỷ có thương lượng",,"Ngõ 88 Đường Đại Tự, Xã Kim Chung, Huyện Hoài Đức, Hà NộiXem bản đồ","2,25 tỷ - 34 m2"
40 m²,4 phòng,4 phòng,Đã có sổ,"Nhà ngõ, hẻm",,,85 triệu/m²,,4,,Nội thất cao cấp,,ha-noi,"Bán nhà Hậu Ái, Vân Canh 40m2 lô góc ô tô đỗ, xây gác lửng hiện đại",,"Ngõ 14 Đường Hậu Ái, Xã Vân Canh, Huyện Hoài Đức, Hà NộiXem bản đồ","3,4 tỷ - 40 m2"
45 m²,4 phòng,4 phòng,Đã có sổ,"Nhà mặt phố, mặt tiền",,150 m²,"144,44 triệu/m²",,,Nở hậu,,,ha-noi,NHÀ ĐẸP LONG LANH HÀ ĐÔNG-CỰC RỘNG - DÂN TRÍ CAO - GẦN BIC HÀ ĐÔNG,,"Đường Thanh Bình, Phường Mộ Lao, Quận Hà Đông, Hà NộiXem bản đồ","6,5 tỷ - 45 m2"
45 m²,6 phòng,4 phòng,Đã có sổ,"Nhà mặt phố, mặt tiền",,,"413,33 triệu/m²",,5,,Nội thất đầy đủ,,ha-noi,"Mặt Phố Nghi Tàm 45M, 5 Tầng, Giá 18.6 tỷ Tỷ Tây Hồ.",,"Nghi Tàm, Phường Quảng An, Quận Tây Hồ, Hà NộiXem bản đồ","18,6 tỷ - 45 m2"
40 m²,4 phòng,4 phòng,Đã có sổ,"Nhà ngõ, hẻm",,,85 triệu/m²,,4,,Nội thất cao cấp,,ha-noi,"Bán nhà Hậu Ái, Vân Canh 40m2 lô góc ô tô đỗ, xây gác lửng hiện đại",,"Ngõ 14 Đường Hậu Ái, Xã Vân Canh, Huyện Hoài Đức, Hà NộiXem bản đồ","3,4 tỷ - 40 m2"
45 m²,4 phòng,4 phòng,Đã có sổ,"Nhà mặt phố, mặt tiền",,150 m²,"144,44 triệu/m²",,,Nở hậu,,,ha-noi,NHÀ ĐẸP LONG LANH HÀ ĐÔNG-CỰC RỘNG - DÂN TRÍ CAO - GẦN BIC HÀ ĐÔNG,,"Đường Thanh Bình, Phường Mộ Lao, Quận Hà Đông, Hà NộiXem bản đồ","6,5 tỷ - 45 m2"
45 m²,6 phòng,4 phòng,Đã có sổ,"Nhà mặt phố, mặt tiền",,,"413,33 triệu/m²",,5,,Nội thất đầy đủ,,ha-noi,"Mặt Phố Nghi Tàm 45M, 5 Tầng, Giá 18.6 tỷ Tỷ Tây Hồ.",,"Nghi Tàm, Phường Quảng An, Quận Tây Hồ, Hà NộiXem bản đồ","18,6 tỷ - 45 m2"
42 m²,4 phòng,3 phòng,Đã có sổ,"Nhà ngõ, hẻm",,,"107,14 triệu/m²",,4,,Nội thất đầy đủ,,ha-noi,"Chính chủ bán nhà ngõ phố Khương Đình, nhà đẹp 4 tầng, giá chỉ 4.X tỷ",,"Khương Đình, Phường Khương Đình, Quận Thanh Xuân, Hà NộiXem bản đồ","4,5 tỷ - 42 m2"
175 m²,5 phòng,3 phòng,Đã có sổ,Nhà biệt thự,,,140 triệu/m²,Đông Nam,4,,,,ha-noi,"Biệt Thự An Khang 175m mt11m 4tầng hoàn thiện, Kinh doanh VP, An sinh",,"Tố hữu, Phường Dương Nội, Quận Hà Đông, Hà NộiXem bản đồ","24,5 tỷ - 175 m2"
48 m²,4 phòng,4 phòng,,"Nhà ngõ, hẻm",4 m,,"204,17 triệu/m²",,3,,Nội thất cao cấp,,ha-noi,"HIẾM ! BÁN NHÀ RIÊNG NGÕ 29 KHƯƠNG HẠ ,THANH XUÂN PHÂN LÔ 48 MÉT",,"khương hạ, Phường Khương Đình, Quận Thanh Xuân, Hà NộiXem bản đồ","9,8 tỷ - 48 m2"
49 m²,2 phòng,2 phòng,Đã có sổ,"Nhà ngõ, hẻm",,100 m²,"88,78 triệu/m²",,,Nở hậu,,,ha-noi,SỰ LỰA CHỌN HOÀN HẢO👉 Gia Đình tài chính trên 4tỷ - Nhà An Hòa,,"An Hoà, Phường Mộ Lao, Quận Hà Đông, Hà NộiXem bản đồ","4,35 tỷ - 49 m2"
70 m²,3 phòng,4 phòng,Đã có sổ,"Nhà ngõ, hẻm",,,"82,86 triệu/m²",,4,,Nội thất cao cấp,,ha-noi,"Nguyễn Khánh Toàn, 70m2 4T Chỉ 5,8tỷ_30m Phố, Mặt Ngõ Thông Rộng 3m",,"Nguyễn Khánh Toàn, Phường Quan Hoa, Quận Cầu Giấy, Hà NộiXem bản đồ","5,8 tỷ - 70 m2"
36 m²,4 phòng,2 phòng,Đã có sổ,"Nhà ngõ, hẻm",,100 m²,"77,78 triệu/m²",,,Nở hậu,,,ha-noi,"🔥🔥🔥 Rẻ nhất Văn quán- chỉ 2,8 tỉ còn TL- sát vách Nguyễn Khuyến,",,"Trần Phú, Phường Văn Quán, Quận Hà Đông, Hà NộiXem bản đồ","2,8 tỷ - 36 m2"
37 m²,3 phòng,4 phòng,Đã có sổ,"Nhà mặt phố, mặt tiền",,,"144,59 triệu/m²",,5,,Nội thất cao cấp,,ha-noi,BÁN NHÀ ĐỘI CẤN- 37M2-5 TẦNG- NHỈNH 5 TỶ- NGÕ NÔNG RỘNG- THOÁNG- NHÀ M,,"Đội Cấn, Phường Đội Cấn, Quận Ba Đình, Hà NộiXem bản đồ","5,35 tỷ - 37 m2"
33 m²,3 phòng,,Đã có sổ,"Nhà ngõ, hẻm",3.8 m,,"80,27 triệu/m²",,4,,Nội thất đầy đủ,,ha-noi,Bán gấp nhà La Dương gần phố ngõ thông full nội thất 32m 4T nhỉnh 2tỷ,,"La Dương, Phường Dương Nội, Quận Hà Đông, Hà NộiXem bản đồ","2,649 tỷ - 33 m2"
40 m²,3 phòng,2 phòng,Đã có sổ,"Nhà ngõ, hẻm",,,"64,5 triệu/m²",,3,,Nội thất đầy đủ,,ha-noi,"Nhà Yên Lộ dân xây, 20m ra oto ngõ thông, 40m 3T giá 2.58tỷ",,"Yên Lộ, Phường Yên Nghĩa, Quận Hà Đông, Hà NộiXem bản đồ","2,58 tỷ - 40 m2"
39 m²,3 phòng,2 phòng,Đã có sổ,"Nhà ngõ, hẻm",,,"66,15 triệu/m²",,3,,Nội thất đầy đủ,,ha-noi,"Nhà Nghĩa Lộ oto đỗ cổng ngõ thông mặt tiền khủng, 39m 3T nhỉnh 2tỷ",,"Nghĩa Lộ, Phường Yên Nghĩa, Quận Hà Đông, Hà NộiXem bản đồ","2,58 tỷ - 39 m2"
55 m²,2 phòng,2 phòng,Đã có sổ,"Nhà mặt phố, mặt tiền",,55 m²,"176,36 triệu/m²",,,"Hẻm xe hơi,Nở hậu",,,ha-noi,HIÊM-ĐẤT -PHÂN LÔ -LÔ GÓC -OTO VÀO NHÀ -KINH DOANH ĐỈNH,,"Chiến Thắng, Phường Văn Quán, Quận Hà Đông, Hà NộiXem bản đồ","9,7 tỷ - 55 m2"
71 m²,3 phòng,,Đã có sổ,"Nhà ngõ, hẻm",5.8 m,,"49,15 triệu/m²",,3,,Nội thất đầy đủ,,ha-noi,"Đường Tỉnh 72 nhà mới đẹp ở luôn mặt tiền rộng sát Oto, 71m 3T 3.49tỷ",,"Đường Tỉnh 72, Xã An Khánh, Huyện Hoài Đức, Hà NộiXem bản đồ","3,49 tỷ - 71 m2"
26 m²,3 phòng,,,"Nhà mặt phố, mặt tiền",,,"126,15 triệu/m²",,,,,,ha-noi,"Nhỏ xinh Thanh Xuân, 25m ra ngõ ô tô, mới full nội thất ở ngay",,"Bùi Xương Trạch, Phường Phương Liệt, Quận Thanh Xuân, Hà NộiXem bản đồ","3,28 tỷ - 26 m2"
35 m²,4 phòng,3 phòng,Đã có sổ,"Nhà mặt phố, mặt tiền",,170 m²,"215,71 triệu/m²",,,"Hẻm xe hơi,Nở hậu",,,ha-noi,🌹PHÂN LÔ-VỈA HÈ-GARA Ô TÔ-KINH DOANH ĐỈNH,,"Chiến Thắng, Phường Văn Quán, Quận Hà Đông, Hà NộiXem bản đồ","7,55 tỷ - 35 m2"
59 m²,2 phòng,,,"Nhà ngõ, hẻm",,,"55,93 triệu/m²",,,,,,ha-noi,HIẾM - VIỆT HƯNG - LÔ GÓC - DÂN XÂY - LONG LANH - Ô TÔ ĐỖ 50M- 59M - 3,,"Phố Việt Hưng, Phường Việt Hưng, Quận Long Biên, Hà NộiXem bản đồ","3,3 tỷ - 59 m2"
37 m²,4 phòng,4 phòng,Đã có sổ,"Nhà mặt phố, mặt tiền",,,"228,56 triệu/m²",Đông Bắc,5,,,,ha-noi,CẦU GIẤY 6 TẦNG MỚI TINH - THANG MÁY - Ô TÔ - NGÕ THÔNG - KINH DOANH,,"Cầu giấy, Phường Yên Hoà, Quận Cầu Giấy, Hà NộiXem bản đồ","8,456789 tỷ - 37 m2"
45 m²,4 phòng,4 phòng,Đã có sổ,"Nhà mặt phố, mặt tiền",,,"131,11 triệu/m²",,,"Hẻm xe hơi,Nở hậu",Nội thất đầy đủ,,ha-noi,SÁT TIMESCITY - 45m2 x 5 Tầng - 4 PN - GẦN HỒ ĐỀN LỪ,,"Mình Khai, Phường Minh Khai, Quận Hai Bà Trưng, Hà NộiXem bản đồ","5,9 tỷ - 45 m2"
22 m²,3 phòng,3 phòng,Đã có sổ,"Nhà ngõ, hẻm",,,"131,82 triệu/m²",,4,,Nhà trống,,ha-noi,DƯỚI 3 TỶ - QUAN NHÂN - NHÀ ĐẸP Ở NGAY - ĐỦ CÔNG NĂNG - SỔ VUÔNG ĐẸP,,"Quan Nhân, Phường Nhân Chính, Quận Thanh Xuân, Hà NộiXem bản đồ","2,9 tỷ - 22 m2"
42 m²,4 phòng,3 phòng,Đã có sổ,"Nhà ngõ, hẻm",,200 m²,100 triệu/m²,,,,Nội thất đầy đủ,,ha-noi,"SỰ LỰA CHỌN HOÀN HẢO👉 Gia Đình tài 4,2tỷ - Nhà Yên xá - TỔNG CỤC 5",,"Yên Xá, Xã Tân Triều, Huyện Thanh Trì, Hà NộiXem bản đồ","4,2 tỷ - 42 m2"
31 m²,3 phòng,3 phòng,Đã có sổ,"Nhà ngõ, hẻm",,,"135,48 triệu/m²",,5,,Nội thất đầy đủ,,ha-noi,MỸ ĐÌNH - 31M2 5 TẦNG - Ô TÔ TRÁNH 10M - NGÕ KINH DOANH SẦM UẤT,,"Mỹ Đình, Phường Mỹ Đình 1, Quận Nam Từ Liêm, Hà NộiXem bản đồ","4,2 tỷ - 31 m2"
42 m²,4 phòng,3 phòng,Đã có sổ,"Nhà ngõ, hẻm",,,"147,62 triệu/m²",,4,,Nội thất đầy đủ,,ha-noi,"NHÀ ĐẸP DÂN XÂY - THOÁNG TRƯỚC SAU, BA GÁC ĐỖ - GẦN Ô TÔ - TT CẦU GIẤY",,"Trần Bình, Phường Mai Dịch, Quận Cầu Giấy, Hà NộiXem bản đồ","6,2 tỷ - 42 m2"
30 m²,4 phòng,,Đã có sổ,"Nhà ngõ, hẻm",,,"151,67 triệu/m²",Đông Nam,5,,Nội thất đầy đủ,,ha-noi,"Bán nhà Mễ Trì Thượng ngay sau Trung Tâm Hội Nghị Quốc Gia giá 4,55 tỷ",,"Phố Miếu Đầm, Phường Mễ Trì, Quận Nam Từ Liêm, Hà NộiXem bản đồ","4,55 tỷ - 30 m2"
33 m²,3 phòng,5 phòng,Đã có sổ,Nhà phố liền kề,,,"151,52 triệu/m²",,6,,,,ha-noi,Nhà phố Lạc Trung,,"Lạc Trung, Phường Vĩnh Tuy, Quận Hai Bà Trưng, Hà NộiXem bản đồ",5 tỷ - 33 m2
60 m²,1 phòng,,,"Nhà ngõ, hẻm",,60 m²,"83,33 triệu/m²",,,,,,ha-noi,Chính chủ cần bán nhà phố Vọng,,"Phố Vọng, Phường Phương Liệt, Quận Thanh Xuân, Hà NộiXem bản đồ",5 tỷ - 60 m2
40 m²,4 phòng,4 phòng,Đã có sổ,"Nhà ngõ, hẻm",,,"127,5 triệu/m²",Tây Nam,4,,,,ha-noi,"Bán gấp Mễ Trì Thượng, nhà đẹp về ở luôn chủ tặng nội thất chỉ 5,1 tỷ",,"Phố Mễ Trì Thượng, Phường Mễ Trì, Quận Nam Từ Liêm, Hà NộiXem bản đồ","5,1 tỷ - 40 m2"
50 m²,5 phòng,4 phòng,Đã có sổ,"Nhà ngõ, hẻm",,,80 triệu/m²,,5,,Nội thất cao cấp,,ha-noi,CHÍNH CHỦ BÁN NHÀ KIM GIANG OTO QUA NHÀ 50m2 4 tỷ cho thuê văn phòng,,"Kim Giang, Phường Kim Giang, Quận Thanh Xuân, Hà NộiXem bản đồ",4 tỷ - 50 m2
40 m²,4 phòng,,Đã có sổ,"Nhà mặt phố, mặt tiền",,,120 triệu/m²,,5,"Hẻm xe hơi,Nở hậu",,,ha-noi,BÁN NHÀ NGUYỄN NGỌC NẠI 40m2 5T 4.8Tỷ PHÂN LÔ GARA OTO TRÁNH NGÕ THÔNG,,"Nguyễn Ngọc Nại, Phường Khương Mai, Quận Thanh Xuân, Hà NộiXem bản đồ","4,8 tỷ - 40 m2"
33 m²,4 phòng,,Đã có sổ,"Nhà ngõ, hẻm",,,"177,27 triệu/m²",Đông Nam,5,,Nội thất cao cấp,,ha-noi,[CẦU GIẤY] Ô TÔ ĐỖ CỔNG - 30M RA Ô TÔ TRÁNH - 5 TẦNG - FULL NỘI THẤT,,"Trần Thái Tông, Phường Dịch Vọng Hậu, Quận Cầu Giấy, Hà NộiXem bản đồ","5,85 tỷ - 33 m2"
35 m²,4 phòng,3 phòng,Đã có sổ,"Nhà ngõ, hẻm",,140 m²,"125,71 triệu/m²",,4,,,,ha-noi,"♡♡♡BÁN NHÀ TRIỀU KHÚC 35M GIÁ CHỈ NHỈNH 4 TỶ..- Nhà đẹp, gần phố,",,"Tân Triều, Xã Tân Triều, Huyện Thanh Trì, Hà NộiXem bản đồ","4,4 tỷ - 35 m2"
43.4 m²,3 phòng,3 phòng,Đã có sổ,"Nhà ngõ, hẻm",,,"110,6 triệu/m²",Tây Nam,3,,,,ha-noi,"Bán nhà đình thôn, ngõ ô tô, mua đầu tư hoặc ở 43,4m giá 4,8 tỷ",,"Đường Đình Thôn, Phường Mỹ Đình 1, Quận Nam Từ Liêm, Hà NộiXem bản đồ","4,8 tỷ - 43.4 m2"
52 m²,3 phòng,,Đã có sổ,"Nhà ngõ, hẻm",4 m,,"71,15 triệu/m²",,,,Nhà trống,13 m,ha-noi,"CHUYỂN CÔNG TÁC : Bán nhà Thanh Nhàn , 52m2 , 3,7tỷ , xây nhà quá VIP",,"Phố Thanh Nhàn, Phường Thanh Nhàn, Quận Hai Bà Trưng, Hà NộiXem bản đồ","3,7 tỷ - 52 m2"
32 m²,2 phòng,2 phòng,Đang chờ sổ,"Nhà ngõ, hẻm",,,"51,56 triệu/m²",Đông Bắc,3,,,,ha-noi,1.65 tỷ Biên Giang- Giang chính Quận Hà Đông,,"Giang Chính, Phường Biên Giang, Quận Hà Đông, Hà NộiXem bản đồ","1,65 tỷ - 32 m2"
35 m²,8 phòng,5 phòng,Đã có sổ,"Nhà ngõ, hẻm",,,"148,57 triệu/m²",Đông Nam,5,,,,ha-noi,TRUNG TÂM CẦU GIẤY - GẦN Ô TÔ - NHÀ ĐẸP - VỪA Ở VỪA CHO THUÊ - 5.2 TỶ.,,"Dương Quảng Hàm, Phường Quan Hoa, Quận Cầu Giấy, Hà NộiXem bản đồ","5,2 tỷ - 35 m2"
33 m²,4 phòng,3 phòng,Đã có sổ,"Nhà ngõ, hẻm",,150 m²,"127,27 triệu/m²",,5,,,,ha-noi,TRUNG TÂM QUẬN - NHÀ MỚI Ở LUÔN - CHỦ TỰ XÂY - GẦN PHỐ - GẦN Ô TÔ,,"Tô Hiệu, Phường Nguyễn Trãi, Quận Hà Đông, Hà NộiXem bản đồ","4,2 tỷ - 33 m2"
35 m²,4 phòng,5 phòng,Đã có sổ,"Nhà ngõ, hẻm",,,"137,14 triệu/m²",,6,,,,ha-noi,"CỰC PHẨM PHÂN LÔ NGỌC HÀ 6 TẦNG THANG MÁY, NGÕ NÔNG GẦN PHỐ NHỈNH 4 TỶ",,"Hoàng Hoa Thám, Phường Ngọc Khánh, Quận Ba Đình, Hà NộiXem bản đồ","4,8 tỷ - 35 m2"
36 m²,2 phòng,2 phòng,Đã có sổ,"Nhà ngõ, hẻm",,72 m²,"111,11 triệu/m²",,,Hẻm xe hơi,,,ha-noi,36M-2T-4 TỶ -CHỦ RẤT THIỆN TRÍ BÁN.💥NHÀ 2 TẦNG CŨ - NGÕ THÔNG -,,"Tô Hiệu, Phường Nguyễn Trãi, Quận Hà Đông, Hà NộiXem bản đồ",4 tỷ - 36 m2
38 m²,3 phòng,,Đã có sổ,"Nhà ngõ, hẻm",4.1999 m,,"155,26 triệu/m²",,5,,Nội thất đầy đủ,,ha-noi,CẦU GIẤY HIẾM THẤY - 10M RA Ô TÔ - LÔ 3 THOÁNG - NHÀ ĐẸP Ở LUÔN.,,"Cầu Giấy, Phường Dịch Vọng, Quận Cầu Giấy, Hà NộiXem bản đồ","5,9 tỷ - 38 m2"
