Diện tích đất:,Số phòng ngủ:,Số phòng vệ sinh:,Giấy tờ pháp lý:,Loại hình nhà ở:,Chiều ngang:,Diện tích sử dụng:,Giá/m2:,Hướng cửa chính:,Tổng số tầng:,Đặc điểm nhà/đất:,Tình trạng nội thất:,Chiều dài:,Location,Name,URL,District,Price
20 m²,2 phòng,2 phòng,Đã có sổ,"Nhà ngõ, hẻm",,,"107,5 triệu/m²",,3,,,,ha-noi,bán đất tặng nhà 3 tầng cũ !!! 20/23m Minh khai - hai bà trưng,,"gần giống minh khai, Phường Thanh Lương, Quận Hai Bà Trưng, Hà NộiXem bản đồ","2,15 tỷ - 20 m2"
171 m²,4 phòng,3 phòng,,Nhà biệt thự,,171 m²,"280,7 triệu/m²",,,,,,ha-noi,SIÊU PHẨM BIỆT THỰ QUẬN BẮC TỪ LIÊM 171m,,"phạm văn đồng, Phường Xuân Đỉnh, Quận Bắc Từ Liêm, Hà NộiXem bản đồ",48 tỷ - 171 m2
41 m²,3 phòng,1 phòng,,"Nhà mặt phố, mặt tiền",4 m,,"9,76 triệu/m²",Tây,1,,,,ha-noi,"Bán nhà xã hòa bình, thôn dưỡng hiền,huyện thường tín, hà nội",,"Xã Hòa Bình, Xã Hòa Bình, Huyện Thường Tín, Hà NộiXem bản đồ",400 triệu - 41 m2
171 m²,4 phòng,,Đã có sổ,Nhà biệt thự,,,"280,7 triệu/m²",,,,Nội thất đầy đủ,,ha-noi,Siêu biệt thự dt 171m 4 tầng 4 phòng ngủ nội thất mới v đẹp,,"Thành phố giao lưu, Phường Cổ Nhuế 1, Quận Bắc Từ Liêm, Hà NộiXem bản đồ",48 tỷ - 171 m2
28 m²,4 phòng,,,"Nhà mặt phố, mặt tiền",,,"103,57 triệu/m²",,,,,,ha-noi,"Lô góc Văn Chương, gần hồ, 2 thoáng, kinh doanh, 38m2*4T",,"Văn Chương, Phường Thổ Quan, Quận Đống Đa, Hà NộiXem bản đồ","2,9 tỷ - 28 m2"
70 m²,4 phòng,,Đã có sổ,"Nhà mặt phố, mặt tiền",5 m,,"71,43 triệu/m²",,,,,,ha-noi,PHỐ NGỌC THUỴ 70M2 OTO VÀO NHÀ OTO TRÁNH KINH DOAN,,"Phố Ngọc Thụy, Phường Ngọc Thụy, Quận Long Biên, Hà NộiXem bản đồ",5 tỷ - 70 m2
35 m²,5 phòng,4 phòng,Đã có sổ,"Nhà ngõ, hẻm",,,"105,71 triệu/m²",Tây Bắc,4,,,,ha-noi,bán nhà tây tứ trạch 35m2,,"lĩnh nam, Phường Lĩnh Nam, Quận Hoàng Mai, Hà NộiXem bản đồ","3,7 tỷ - 35 m2"
38 m²,3 phòng,4 phòng,Đã có sổ,"Nhà ngõ, hẻm",,,"126,32 triệu/m²",,5,,Nội thất cao cấp,,ha-noi,"Lô góc ngõ 1194 đường Láng, gần oto, full nội thất 38m*5T, 4.8 tỷ",,"Đường Láng, Phường Láng Thượng, Quận Đống Đa, Hà NộiXem bản đồ","4,8 tỷ - 38 m2"
47 m²,5 phòng,4 phòng,Đã có sổ,"Nhà ngõ, hẻm",,,"123,19 triệu/m²",,5,,Nội thất cao cấp,,ha-noi,"2 thoáng Nguyễn Chí Thanh, oto gần, full nội thất 47m*5T, 5.79 tỷ",,"Ngõ 91 Nguyễn Chí Thanh, Phường Láng Hạ, Quận Đống Đa, Hà NộiXem bản đồ","5,79 tỷ - 47 m2"
47 m²,4 phòng,3 phòng,Đã có sổ,"Nhà ngõ, hẻm",,,"122,34 triệu/m²",,4,,Nội thất cao cấp,,ha-noi,"Gấp! 2 thoáng Pháo Đài Láng, nội thất đẹp, gần oto 47m*4T, 5.75 tỷ",,"Phố Pháo Đài Láng, Phường Láng Thượng, Quận Đống Đa, Hà NộiXem bản đồ","5,75 tỷ - 47 m2"
37 m²,3 phòng,4 phòng,Đã có sổ,"Nhà ngõ, hẻm",,,"125,68 triệu/m²",,5,,Nội thất cao cấp,,ha-noi,"2 thoáng Chùa Láng, oto gần, 3 gác đỗ, nội thất đẹp 37m*5T, 4.65 tỷ",,"Phố Chùa Láng, Phường Láng Thượng, Quận Đống Đa, Hà NộiXem bản đồ","4,65 tỷ - 37 m2"
37 m²,3 phòng,4 phòng,Đã có sổ,"Nhà ngõ, hẻm",,,"124,32 triệu/m²",,5,,Nội thất cao cấp,,ha-noi,"Bán nhà Pháo Đài Láng_thoáng đẹp, oto gần, nội thất xịn 37m*5T, 4.6 tỷ",,"Phố Pháo Đài Láng, Phường Láng Thượng, Quận Đống Đa, Hà NộiXem bản đồ","4,6 tỷ - 37 m2"
40 m²,2 phòng,2 phòng,,"Nhà ngõ, hẻm",,,125 triệu/m²,,,,,,ha-noi,CẦN BÁN NHÀ TÂY HỒ,,"Phố Hà Trì, Phường Hà Cầu, Quận Hà Đông, Hà NộiXem bản đồ",5 tỷ - 40 m2
34 m²,3 phòng,2 phòng,Đã có sổ,"Nhà mặt phố, mặt tiền",,,"45,59 triệu/m²",,3,,Nhà trống,,ha-noi,"Nhà đất 34m2, 3 phòng ngủ, Phụng Châu, Chương Mỹ, Hà nội",,"Phượng Nghĩa, Xã Phụng Châu, Huyện Chương Mỹ, Hà NộiXem bản đồ","1,55 tỷ - 34 m2"
43 m²,4 phòng,4 phòng,Đã có sổ,,,,"113,95 triệu/m²",Đông Nam,5,,,,ha-noi,"hoa lâm,việt hưng",,"Nguyễn Văn Cừ, Phường Việt Hưng, Quận Long Biên, Hà NộiXem bản đồ","4,9 tỷ - 43 m2"
70 m²,3 phòng,3 phòng,Đã có sổ,"Nhà mặt phố, mặt tiền",,,"217,14 triệu/m²",Đông Nam,3,,,,ha-noi,"Bán nhà phố 2 mặt tiền tiện kinh doanh, khu dân cư cao câp",,"Luong Văn CAN, Phường Nguyễn Trãi, Quận Hà Đông, Hà NộiXem bản đồ","15,2 tỷ - 70 m2"
50 m²,2 phòng,1 phòng,Đã có sổ,"Nhà ngõ, hẻm",4.15 m,,47 triệu/m²,,1,,,,ha-noi,chính chủ cần chuyển nhượng nhà cấp 4 đang ở,,"Bình Minh, Thị trấn Trâu Quỳ, Huyện Gia Lâm, Hà NộiXem bản đồ","2,35 tỷ - 50 m2"
90 m²,6 phòng,,Đã có sổ,,,,"124,44 triệu/m²",Đông Nam,4,,,,ha-noi,"Chính chủ bán gấp liền kề TT1 KĐT Văn Phú, Hà Đông, Hà Nội, đường 24m",,"Phố Văn Phú, Phường Phú La, Quận Hà Đông, Hà NộiXem bản đồ","11,2 tỷ - 90 m2"
30 m²,3 phòng,,,"Nhà ngõ, hẻm",,,"136,67 triệu/m²",,,,,,ha-noi,CẦN BÁN GẤP NHÀ MỚI HOÀN THIỆN 30M2 - 3 TẦNG 1 TUM TẠI XUÂN ĐỈNH,,"XUÂN ĐỈNH, Phường Xuân Đỉnh, Quận Bắc Từ Liêm, Hà NộiXem bản đồ","4,1 tỷ - 30 m2"
33 m²,8 phòng,4 phòng,,"Nhà ngõ, hẻm",4 m,130 m²,"116,67 triệu/m²",,,,,,ha-noi,3.7 X 8.9M. 4 TẦNG. SÁT LOTTE. MỖI TẦNG 2P. QH GẦN PHỐ,,"Đào Tấn, Phường Liễu Giai, Quận Ba Đình, Hà NộiXem bản đồ","3,85 tỷ - 33 m2"
37 m²,3 phòng,4 phòng,Đã có sổ,"Nhà ngõ, hẻm",,,"124,32 triệu/m²",,5,,Nội thất cao cấp,,ha-noi,"Bán nhà Pháo Đài Láng_thoáng đẹp, oto gần, nội thất xịn 37m*5T, 4.6 tỷ",,"Phố Pháo Đài Láng, Phường Láng Thượng, Quận Đống Đa, Hà NộiXem bản đồ","4,6 tỷ - 37 m2"
40 m²,2 phòng,2 phòng,,"Nhà ngõ, hẻm",,,125 triệu/m²,,,,,,ha-noi,CẦN BÁN NHÀ TÂY HỒ,,"Phố Hà Trì, Phường Hà Cầu, Quận Hà Đông, Hà NộiXem bản đồ",5 tỷ - 40 m2
34 m²,3 phòng,2 phòng,Đã có sổ,"Nhà mặt phố, mặt tiền",,,"45,59 triệu/m²",,3,,Nhà trống,,ha-noi,"Nhà đất 34m2, 3 phòng ngủ, Phụng Châu, Chương Mỹ, Hà nội",,"Phượng Nghĩa, Xã Phụng Châu, Huyện Chương Mỹ, Hà NộiXem bản đồ","1,55 tỷ - 34 m2"
43 m²,4 phòng,4 phòng,Đã có sổ,,,,"113,95 triệu/m²",Đông Nam,5,,,,ha-noi,"hoa lâm,việt hưng",,"Nguyễn Văn Cừ, Phường Việt Hưng, Quận Long Biên, Hà NộiXem bản đồ","4,9 tỷ - 43 m2"
70 m²,3 phòng,3 phòng,Đã có sổ,"Nhà mặt phố, mặt tiền",,,"217,14 triệu/m²",Đông Nam,3,,,,ha-noi,"Bán nhà phố 2 mặt tiền tiện kinh doanh, khu dân cư cao câp",,"Luong Văn CAN, Phường Nguyễn Trãi, Quận Hà Đông, Hà NộiXem bản đồ","15,2 tỷ - 70 m2"
50 m²,2 phòng,1 phòng,Đã có sổ,"Nhà ngõ, hẻm",4.15 m,,47 triệu/m²,,1,,,,ha-noi,chính chủ cần chuyển nhượng nhà cấp 4 đang ở,,"Bình Minh, Thị trấn Trâu Quỳ, Huyện Gia Lâm, Hà NộiXem bản đồ","2,35 tỷ - 50 m2"
90 m²,6 phòng,,Đã có sổ,,,,"124,44 triệu/m²",Đông Nam,4,,,,ha-noi,"Chính chủ bán gấp liền kề TT1 KĐT Văn Phú, Hà Đông, Hà Nội, đường 24m",,"Phố Văn Phú, Phường Phú La, Quận Hà Đông, Hà NộiXem bản đồ","11,2 tỷ - 90 m2"
30 m²,3 phòng,,,"Nhà ngõ, hẻm",,,"136,67 triệu/m²",,,,,,ha-noi,CẦN BÁN GẤP NHÀ MỚI HOÀN THIỆN 30M2 - 3 TẦNG 1 TUM TẠI XUÂN ĐỈNH,,"XUÂN ĐỈNH, Phường Xuân Đỉnh, Quận Bắc Từ Liêm, Hà NộiXem bản đồ","4,1 tỷ - 30 m2"
33 m²,8 phòng,4 phòng,,"Nhà ngõ, hẻm",4 m,130 m²,"116,67 triệu/m²",,,,,,ha-noi,3.7 X 8.9M. 4 TẦNG. SÁT LOTTE. MỖI TẦNG 2P. QH GẦN PHỐ,,"Đào Tấn, Phường Liễu Giai, Quận Ba Đình, Hà NộiXem bản đồ","3,85 tỷ - 33 m2"
32 m²,3 phòng,2 phòng,Đã có sổ,"Nhà ngõ, hẻm",,,"134,38 triệu/m²",,5,,Nội thất đầy đủ,,ha-noi,Nhà đẹp giá tốt Trần Khát Chân 4.3 tỷ 36m2,,"Đường Trần Khát Chân, Phường Thanh Nhàn, Quận Hai Bà Trưng, Hà NộiXem bản đồ","4,3 tỷ - 32 m2"
64 m²,2 phòng,,Đã có sổ,Nhà phố liền kề,,,"45,31 triệu/m²",,,,Nội thất đầy đủ,,ha-noi,CHÍNH CHỦ BÁN NHÀ,,"Phường Tây Mỗ, Quận Nam Từ Liêm, Hà Nội, Phường Tây Mỗ, Quận Nam Từ Liêm, Hà NộiXem bản đồ","2,9 tỷ - 64 m2"
38 m²,5 phòng,3 phòng,Đã có sổ,"Nhà ngõ, hẻm",,,"104,74 triệu/m²",Bắc,4,,,,ha-noi,Chính chủ bán nhà 38m 4 tầng văn phú,,"Phố Văn Phú, Phường Phú La, Quận Hà Đông, Hà NộiXem bản đồ","3,98 tỷ - 38 m2"
90 m²,3 phòng,2 phòng,Đã có sổ,"Nhà ngõ, hẻm",,,25 triệu/m²,,1,,Nội thất cao cấp,,ha-noi,"Nhà tập thể tầng 3, 90m ngõ 187 phố mai dịch",,"Mai dịch, Phường Nghĩa Tân, Quận Cầu Giấy, Hà NộiXem bản đồ","2,25 tỷ - 90 m2"
24 m²,3 phòng,2 phòng,Đã có sổ,"Nhà ngõ, hẻm",,,"137,5 triệu/m²",,4,Hẻm xe hơi,,,ha-noi,[BÁN GẤP] Nhà 24m2 lô góc ngõ oto bán trả nợ ngân hàng,,"tổ dân phố số 13, Lê hồng Phong, Phường Nguyễn Trãi, Quận Hà Đông, Hà NộiXem bản đồ","3,3 tỷ - 24 m2"
60.7999 m²,8 phòng,,,Nhà phố liền kề,3.2999 m,,"95,39 triệu/m²",Tây,6,,,,ha-noi,"Bán nhà 5 tầng, số 29 liền kề 9, Xây kiên cố, Full nội thất…",,"Tả Thanh Oai, Xã Tả Thanh Oai, Huyện Thanh Trì, Hà NộiXem bản đồ","5,8 tỷ - 60.7.999 m2"
33 m²,3 phòng,3 phòng,Đã có sổ,"Nhà ngõ, hẻm",,,"96,36 triệu/m²",,4,,Nhà trống,,ha-noi,"BÁN GẤP phố #BẠCH_MAI, gần phố, ngõ thông, 33m2 nhỉnh 3 tỷ",,"Phố Bạch Mai, Phường Bạch Mai, Quận Hai Bà Trưng, Hà NộiXem bản đồ","3,18 tỷ - 33 m2"
67.5998 m²,9 phòng,Nhiều hơn 6 phòng,Đã có sổ,"Nhà ngõ, hẻm",,,"96,15 triệu/m²",Nam,5,,,,ha-noi,bán chung cư mini 9 phòng khép kín hoạt động tốt,,"Đường Tựu Liệt, Thị trấn Văn Điển, Huyện Thanh Trì, Hà NộiXem bản đồ","6,5 tỷ - 67.5.998 m2"
46.5 m²,10 phòng,Nhiều hơn 6 phòng,Đã có sổ,"Nhà ngõ, hẻm",,,"212,9 triệu/m²",,,,Nội thất đầy đủ,,ha-noi,"Nhà trung tâm cầu giấy, Dòng tiền cao, pháp lý đầy đủ, Sđcc",,"Cầu Giấy, Phường Dịch Vọng, Quận Cầu Giấy, Hà NộiXem bản đồ","9,9 tỷ - 46.5 m2"
35 m²,3 phòng,3 phòng,Đã có sổ,"Nhà ngõ, hẻm",,,"97,14 triệu/m²",Đông Bắc,4,,,,ha-noi,Cần bán nhà dương nội,,"200, Phố Ỷ La, Phường Dương Nội, Quận Hà Đông, Hà NộiXem bản đồ","3,4 tỷ - 35 m2"
54 m²,9 phòng,Nhiều hơn 6 phòng,Đã có sổ,"Nhà ngõ, hẻm",,,"125,93 triệu/m²",Tây Bắc,55,,,,ha-noi,"CHÍNH CHỦ BÁN NHÀ TẠI NGÕ 49 LÊ ĐỨC THỌ, NAM TỪ LIÊM",,"Đường Lê Đức Thọ, Phường Mỹ Đình 1, Quận Nam Từ Liêm, Hà NộiXem bản đồ","6,8 tỷ - 54 m2"
20 m²,3 phòng,,,"Nhà ngõ, hẻm",4 m,25 m²,"122,5 triệu/m²",,4,,,6 m,ha-noi,Bán nhà Phố Bạch Mai -DT 25m2 - 4 Tầng.,,"Phố Bạch Mai, Phường Bạch Mai, Quận Hai Bà Trưng, Hà NộiXem bản đồ","2,45 tỷ - 20 m2"
48 m²,3 phòng,3 phòng,Đã có sổ,"Nhà ngõ, hẻm",,,"114,58 triệu/m²",Đông Nam,4,,,,ha-noi,Chính chủ bán nhà,,"Phố Chợ Khâm Thiên, Phường Trung Phụng, Quận Đống Đa, Hà NộiXem bản đồ","5,5 tỷ - 48 m2"
38 m²,5 phòng,,,"Nhà ngõ, hẻm",,,"127,63 triệu/m²",,,,,,ha-noi,"Hiếm!Dương Quảng Hàm ngõ thông gần ô tô,kinh doanh,nhà dân xây 38m2*5T",,"Dương Quảng Hàm, Phường Quan Hoa, Quận Cầu Giấy, Hà NộiXem bản đồ","4,85 tỷ - 38 m2"
40 m²,2 phòng,2 phòng,Đã có sổ,"Nhà mặt phố, mặt tiền",,,325 triệu/m²,Tây Nam,3,,,,ha-noi,"chính chủ!Bán nhà 3 tầng 40m2 mặt tiền 7m, view hồ Văn Chương 13tỷ,HOT",,"linh quang, Phường Khâm Thiên, Quận Đống Đa, Hà NộiXem bản đồ",13 tỷ - 40 m2
40 m²,5 phòng,3 phòng,Đã có sổ,"Nhà ngõ, hẻm",,,"157,5 triệu/m²",Tây Nam,4,,,,ha-noi,"CC bán nhà số 16B ngõ 378 Lê Duẩn, ĐĐ, HN",,"16B ngõ 378 Lê Duẩn, Lê Duẩn, Phường Phương Liên, Quận Đống Đa, Hà NộiXem bản đồ","6,3 tỷ - 40 m2"
19 m²,2 phòng,,,"Nhà ngõ, hẻm",,,"123,68 triệu/m²",,,,,,ha-noi,"Bán Nhà Mặt Ngõ Thịnh Hào 3, Tôn Đức Thắng – DT 19m2, giá 2.35 tỷ",,"Tôn Đức Thắng, Phường Hàng Bột, Quận Đống Đa, Hà NộiXem bản đồ","2,35 tỷ - 19 m2"
31 m²,5 phòng,5 phòng,Đã có sổ,,,,"164,52 triệu/m²",,5,,,,ha-noi,Bán nhà tại quận Đống Đa thành phố Hà Nội 🍇,,"Đê La Thành, Phường Ô Chợ Dừa, Quận Đống Đa, Hà NộiXem bản đồ","5,1 tỷ - 31 m2"
130 m²,5 phòng,,,"Nhà mặt phố, mặt tiền",,,"215,38 triệu/m²",,,,,,ha-noi,Chính chủ mặt phố Vạn Phúc Ba Đình DT 130 m2 mặt tiền 8 m giá 28 tỷ.,,"vạn phúc, Phường Vĩnh Phúc, Quận Ba Đình, Hà NộiXem bản đồ",28 tỷ - 130 m2
39 m²,5 phòng,3 phòng,Đã có sổ,"Nhà ngõ, hẻm",,,"105,13 triệu/m²",Tây,5,,,,ha-noi,"Bán nhà chính chủ khu Cầu Am, Vạn Phúc",,"Cầu Am, Phường Vạn Phúc, Quận Hà Đông, Hà NộiXem bản đồ","4,1 tỷ - 39 m2"
35 m²,3 phòng,5 phòng,Đã có sổ,"Nhà ngõ, hẻm",,,"128,57 triệu/m²",,5,,Bàn giao thô,,ha-noi,"Nhà mới toanh Khu vực Kim ngưu chỉ nhỉnh 4,4 tỷ 40m2",,"Phố Kim Ngưu, Phường Thanh Nhàn, Quận Hai Bà Trưng, Hà NộiXem bản đồ","4,5 tỷ - 35 m2"
34 m²,6 phòng,4 phòng,Đã có sổ,"Nhà ngõ, hẻm",,34 m²,"164,71 triệu/m²",,,,,,ha-noi,"Nhà Thanh Nhàn đẹp lung linh nhỉnh 5,6 tỷ 32m2 6 tầng",,"Phố Thanh Nhàn, Phường Thanh Nhàn, Quận Hai Bà Trưng, Hà NộiXem bản đồ","5,6 tỷ - 34 m2"
46 m²,2 phòng,3 phòng,Đã có sổ,"Nhà ngõ, hẻm",,,"102,17 triệu/m²",,4,,Nội thất cao cấp,,ha-noi,"Nhà mới cực đẹp Kim Ngưu chỉ nhỉnh 4,7tỷ 49m2 chủ bán gấp",,"Phố Kim Ngưu, Phường Thanh Nhàn, Quận Hai Bà Trưng, Hà NộiXem bản đồ","4,7 tỷ - 46 m2"
78 m²,7 phòng,6 phòng,Đã có sổ,"Nhà ngõ, hẻm",,,"176,92 triệu/m²",,7,,Nội thất đầy đủ,,ha-noi,"Giảm sâu nhà Hà Đông lô góc 2 mặt đường to, 6.5 tầng thang máy",,"L4-LK14 Khu Đấu Giá Mậu Lương, Phố Mậu Lương, Phường Kiến Hưng, Quận Hà Đông, Hà NộiXem bản đồ","13,8 tỷ - 78 m2"
154 m²,2 phòng,1 phòng,Đã có sổ,"Nhà ngõ, hẻm",,,"7,14 triệu/m²",Tây Nam,1,,,,ha-noi,Bán nhà chính chủ,,"22, Đường tỉnh 416, Xã Kim Sơn, Thị xã Sơn Tây, Hà NộiXem bản đồ","1,1 tỷ - 154 m2"
32 m²,4 phòng,4 phòng,Đã có sổ,"Nhà ngõ, hẻm",,,"98,44 triệu/m²",Tây Nam,5,,,,ha-noi,Cần bán nhà ngõ 87 Yên Xá Tân Triều,,"Yên Xá, Xã Tân Triều, Huyện Thanh Trì, Hà NộiXem bản đồ","3,15 tỷ - 32 m2"
32 m²,3 phòng,2 phòng,Đã có sổ,"Nhà ngõ, hẻm",,,"118,13 triệu/m²",Đông Nam,3,,,,ha-noi,Bán nhà riêng trong phố Khâm Thiên dt ~32m 3 tầng + 3 phòng ngủ,,"Phố Khâm Thiên, Phường Khâm Thiên, Quận Đống Đa, Hà NộiXem bản đồ","3,78 tỷ - 32 m2"
66.9 m²,4 phòng,2 phòng,Đã có sổ,"Nhà ngõ, hẻm",,,"32,88 triệu/m²",,3,,Nội thất cao cấp,,ha-noi,CẦN BÁN NHÀ 3 TẦNG GẤP + NHÀ MỚI + NỘI THẤT ĐẦY ĐỦ .GIÁ CẢ YÊU THƯƠNG,,"Thôn Yên Mỹ, Số 733, Xã Bình Yên, Huyện Thạch Thất, Hà NộiXem bản đồ","2,2 tỷ - 66.9 m2"
62 m²,5 phòng,,Đã có sổ,"Nhà mặt phố, mặt tiền",,,"241,94 triệu/m²",,,"Hẻm xe hơi,Nở hậu",Nhà trống,,ha-noi,"Nhà VIP Thái Hà, 62m2, 7 tầng, thang máy, ô tô vào nhà đẹp, hiếm",,"Thái Hà, Phường Khương Thượng, Quận Đống Đa, Hà NộiXem bản đồ",15 tỷ - 62 m2
32 m²,3 phòng,,,"Nhà ngõ, hẻm",,,"85,94 triệu/m²",,,,,,ha-noi,Nhà Yên Nghĩa sát Kđt Đô Nghĩa,,"Nghĩa Lộ, Phường Yên Nghĩa, Quận Hà Đông, Hà NộiXem bản đồ","2,75 tỷ - 32 m2"
35 m²,2 phòng,2 phòng,Đã có sổ,"Nhà ngõ, hẻm",,,"73,71 triệu/m²",,2,,Nội thất đầy đủ,,ha-noi,Nhà Đa Sỹ - Kiến Hưng - 35m2 - Gía 2 tỷ xxx,,"Đường Đa Sỹ, Phường Hà Cầu, Quận Hà Đông, Hà NộiXem bản đồ","2,58 tỷ - 35 m2"
32 m²,3 phòng,2 phòng,Đã có sổ,"Nhà ngõ, hẻm",,,"118,13 triệu/m²",Đông Nam,3,,,,ha-noi,Bán nhà riêng trong phố Khâm Thiên dt ~32m 3 tầng + 3 phòng ngủ,,"Phố Khâm Thiên, Phường Khâm Thiên, Quận Đống Đa, Hà NộiXem bản đồ","3,78 tỷ - 32 m2"
66.9 m²,4 phòng,2 phòng,Đã có sổ,"Nhà ngõ, hẻm",,,"32,88 triệu/m²",,3,,Nội thất cao cấp,,ha-noi,CẦN BÁN NHÀ 3 TẦNG GẤP + NHÀ MỚI + NỘI THẤT ĐẦY ĐỦ .GIÁ CẢ YÊU THƯƠNG,,"Thôn Yên Mỹ, Số 733, Xã Bình Yên, Huyện Thạch Thất, Hà NộiXem bản đồ","2,2 tỷ - 66.9 m2"
62 m²,5 phòng,,Đã có sổ,"Nhà mặt phố, mặt tiền",,,"241,94 triệu/m²",,,"Hẻm xe hơi,Nở hậu",Nhà trống,,ha-noi,"Nhà VIP Thái Hà, 62m2, 7 tầng, thang máy, ô tô vào nhà đẹp, hiếm",,"Thái Hà, Phường Khương Thượng, Quận Đống Đa, Hà NộiXem bản đồ",15 tỷ - 62 m2
32 m²,3 phòng,,,"Nhà ngõ, hẻm",,,"85,94 triệu/m²",,,,,,ha-noi,Nhà Yên Nghĩa sát Kđt Đô Nghĩa,,"Nghĩa Lộ, Phường Yên Nghĩa, Quận Hà Đông, Hà NộiXem bản đồ","2,75 tỷ - 32 m2"
35 m²,2 phòng,2 phòng,Đã có sổ,"Nhà ngõ, hẻm",,,"73,71 triệu/m²",,2,,Nội thất đầy đủ,,ha-noi,Nhà Đa Sỹ - Kiến Hưng - 35m2 - Gía 2 tỷ xxx,,"Đường Đa Sỹ, Phường Hà Cầu, Quận Hà Đông, Hà NộiXem bản đồ","2,58 tỷ - 35 m2"
52 m²,4 phòng,3 phòng,Đã có sổ,"Nhà ngõ, hẻm",,,"78,85 triệu/m²",,4,,Nhà trống,,ha-noi,BÁN NHÀ KHƯƠNG TRUNG,,"Khương trung, Phường Khương Mai, Quận Thanh Xuân, Hà NộiXem bản đồ","4,1 tỷ - 52 m2"
48 m²,4 phòng,3 phòng,Đã có sổ,"Nhà mặt phố, mặt tiền",,,"113,54 triệu/m²",,4,,Bàn giao thô,,ha-noi,CHÍNH CHỦ BN MINH KHAI-DT 48m x4 Tầng-MT 4M-Giá 5.45Tỷ,,"Phố Minh Khai, Phường Minh Khai, Quận Hai Bà Trưng, Hà NộiXem bản đồ","5,45 tỷ - 48 m2"
35 m²,3 phòng,3 phòng,Đã có sổ,"Nhà ngõ, hẻm",,,"108,57 triệu/m²",,5,,Nội thất đầy đủ,,ha-noi,Bán nhà 5 tầng Bùi Xương Trạch DT 35m full đồ ở luôn giá 3.8 tỷ,,"Bùi Xương Trạch, Phường Khương Trung, Quận Thanh Xuân, Hà NộiXem bản đồ","3,8 tỷ - 35 m2"
52 m²,8 phòng,Nhiều hơn 6 phòng,,"Nhà mặt phố, mặt tiền",,,"451,92 triệu/m²",,7,,,,ha-noi,Chính chủ bán nhà mặt phố Lạc Long Quân. 52m x 7 tầng thang máy,,"Lạc Long Quân, Phường Bưởi, Quận Tây Hồ, Hà NộiXem bản đồ","23,5 tỷ - 52 m2"
91 m²,6 phòng,6 phòng,Đã có sổ,"Nhà mặt phố, mặt tiền",18 m,,"239,01 triệu/m²",,4,,,,ha-noi,"Mặt Phố Nguyễn Lân,Thanh Xuân, Lô Góc, DT 91M2, MT 18M, Giá 21,75 Tỷ.",,"Nguyễn Lân, Phường Phương Liệt, Quận Thanh Xuân, Hà NộiXem bản đồ","21,75 tỷ - 91 m2"
85 m²,5 phòng,4 phòng,Đã có sổ,Nhà phố liền kề,,,"163,53 triệu/m²",,,,,,ha-noi,bán nhà liền kề văn khê,,"Văn Khê, Phường La Khê, Quận Hà Đông, Hà NộiXem bản đồ","13,9 tỷ - 85 m2"
258 m²,2 phòng,,Đã có sổ,"Nhà ngõ, hẻm",,258 m²,"65,89 triệu/m²",Đông Nam,2,,,,ha-noi,nhà cần bán,,"số 2, Ngõ 4 Thanh Bình, Phường Mộ Lao, Quận Hà Đông, Hà NộiXem bản đồ",17 tỷ - 258 m2
50 m²,3 phòng,3 phòng,,"Nhà mặt phố, mặt tiền",,50 m²,320 triệu/m²,Đông Bắc,5,,,,ha-noi,"Cần bán nhà mặt phố Lê Hồng Phong, Ba Đình 50m2, 5 tầng, 16 tỷ.",,"Phố Minh Khai, Phường Minh Khai, Quận Hai Bà Trưng, Hà NộiXem bản đồ",16 tỷ - 50 m2
65 m²,6 phòng,,Đã có sổ,Nhà phố liền kề,5 m,,"284,62 triệu/m²",,99,,,13 m,ha-noi,Bán tòa nhà phố Nguyễn Cơ Thạch 8 nổi 1 hầm ô tô kinh doanh 18.5 tỷ.,,"nguễn cơ thạch, Phường Cầu Diễn, Quận Nam Từ Liêm, Hà NộiXem bản đồ","18,5 tỷ - 65 m2"
60 m²,5 phòng,5 phòng,,Nhà phố liền kề,,60 m²,"216,67 triệu/m²",Nam,5,,,,ha-noi,"Bán nhà Lô góc Đình Thôn 60m2, 2 ô tô tránh đỗ chỉ 1x tỷ(x nhỏ)",,"Đình Thôn, Phường Mễ Trì, Quận Nam Từ Liêm, Hà NộiXem bản đồ",13 tỷ - 60 m2
254 m²,3 phòng,2 phòng,Đã có sổ,"Nhà mặt phố, mặt tiền",,,"17,72 triệu/m²",Đông Nam,2,,,,ha-noi,"Bán đất phun thổ cư, có nhà 2 tầng tại Phú mãn Quốc Oai",,"đường liên xã Phú mãn đồng vàng, Xã Phú Mãn, Huyện Quốc Oai, Hà NộiXem bản đồ","4,5 tỷ - 254 m2"
56 m²,1 phòng,,,"Nhà mặt phố, mặt tiền",,,"26,79 triệu/m²",,,,,,ha-noi,"Nhà mặt tiền 56m2, 1 phòng ngủ, đường Miêu Nha, Tây Mỗ, Nam Từ Liêm,HN",,"Ngõ 6 Miêu Nha, Phường Tây Mỗ, Quận Nam Từ Liêm, Hà NộiXem bản đồ","1,5 tỷ - 56 m2"
30 m²,3 phòng,3 phòng,Đã có sổ,"Nhà ngõ, hẻm",,,"122,67 triệu/m²",,,Nở hậu,Nội thất đầy đủ,,ha-noi,"Bán nhà Phố Chính Kinh, Thanh Xuân 32m, 5 tầng Mt 3.5m nở hậu",,"Phố Chính Kinh, Phường Nhân Chính, Quận Thanh Xuân, Hà NộiXem bản đồ","3,68 tỷ - 30 m2"
55 m²,3 phòng,,Đã có sổ,"Nhà mặt phố, mặt tiền",,55 m²,"213,64 triệu/m²",,4,,Nội thất cao cấp,,ha-noi,"Chính Chủ bán LK 55m2, ngõ 60 Dương Khuê, 2 thoáng xe tải vào nhà",,"Ngo 60 Dương Khuê, Phường Nghĩa Tân, Quận Cầu Giấy, Hà NộiXem bản đồ","11,75 tỷ - 55 m2"
34.5 m²,2 phòng,,,"Nhà ngõ, hẻm",,37 m²,"94,2 triệu/m²",,4,,Nội thất đầy đủ,,ha-noi,BÁN NHÀ ĐỘI CẤN-NGÕ NÔNG SÁT PHỐ-TÀI CHÍNH MẦM NON CÓ NGAY HK BA ĐÌNH,,"Đội Cấn, Phường Đội Cấn, Quận Ba Đình, Hà NộiXem bản đồ","3,25 tỷ - 34.5 m2"
34 m²,4 phòng,2 phòng,,"Nhà ngõ, hẻm",,,"79,41 triệu/m²",,4,,,,ha-noi,Bán nhà 4 ngủ siêu đẹp tại đất Quang Trung Hà Đông,,"Quang Trung, Phường Yên Nghĩa, Quận Hà Đông, Hà NộiXem bản đồ","2,7 tỷ - 34 m2"
44 m²,4 phòng,,,"Nhà mặt phố, mặt tiền",4 m,,"79,55 triệu/m²",,44,,,,ha-noi,"Nhà mặt phố Bùi Xương Trạch 20m, DT 44m2, 4 , giá 3,5 tỷ",,"Bùi Xương Trạch, Phường Khương Đình, Quận Thanh Xuân, Hà NộiXem bản đồ","3,5 tỷ - 44 m2"
75 m²,8 phòng,1 phòng,Đã có sổ,"Nhà mặt phố, mặt tiền",,,"413,33 triệu/m²",,8,,Nội thất đầy đủ,,ha-noi,nhà 8 tầng đẹp mới xây phói nguyễn hy quang,,"nguyễn hy quang, Phường Ô Chợ Dừa, Quận Đống Đa, Hà NộiXem bản đồ",31 tỷ - 75 m2
53 m²,3 phòng,2 phòng,,Nhà phố liền kề,,150 m²,"52,83 triệu/m²",,,,,,ha-noi,bán nhà chính chủ có cho thuê gần chi cục thuế,,"Ngõ 527 Đường Hồng Hà, Phường Phúc Tân, Quận Hoàn Kiếm, Hà NộiXem bản đồ","2,8 tỷ - 53 m2"
32 m²,4 phòng,4 phòng,Đã có sổ,"Nhà ngõ, hẻm",,,"135,94 triệu/m²",,5,,,,ha-noi,Bán nhà Xuân La 5 tầng ở ngay chỉ 4tỷ35,,"Đường Xuân La, Phường Xuân La, Quận Tây Hồ, Hà NộiXem bản đồ","4,35 tỷ - 32 m2"
35 m²,4 phòng,4 phòng,,"Nhà ngõ, hẻm",4 m,,100 triệu/m²,,5,,,9 m,ha-noi,"Bán nhà Cương Kiên, nam từ liêm, diện tích 35m2, 5 tầng, giá rẻ TL",,"Phố Cương Kiên, Phường Trung Văn, Quận Nam Từ Liêm, Hà NộiXem bản đồ","3,5 tỷ - 35 m2"
52 m²,2 phòng,1 phòng,Đã có sổ,"Nhà mặt phố, mặt tiền",,,"259,62 triệu/m²",,5,,,,ha-noi,nhà trần quang diệu ngõ ô tô 5 tầng nội thất đẹp,,"Trần Quang Diệu, Phường Ô Chợ Dừa, Quận Đống Đa, Hà NộiXem bản đồ","13,5 tỷ - 52 m2"
25 m²,2 phòng,2 phòng,,"Nhà ngõ, hẻm",,,106 triệu/m²,,,,,,ha-noi,BÁN NHÀ 3 MẶT THOÁNG,,"Khâm Thiên, Phường Khâm Thiên, Quận Đống Đa, Hà NộiXem bản đồ","2,65 tỷ - 25 m2"
34 m²,4 phòng,,,"Nhà ngõ, hẻm",,,"61,47 triệu/m²",,,Hẻm xe hơi,,,ha-noi,Bán nhà 4 tầng 3 phòng ngủ hà đông,,"An Thắng, Phường Biên Giang, Quận Hà Đông, Hà NộiXem bản đồ","2,09 tỷ - 34 m2"
62 m²,3 phòng,2 phòng,Đã có sổ,"Nhà ngõ, hẻm",,,130 triệu/m²,Tây Bắc,3,,,,ha-noi,"Nhà ở 62m2 , 3 phòng ngủ , Ngõ 325 Kim Ngưu , Quận Hai Bà Trưng",,"Ngõ 325 Kim Ngưu, Phường Thanh Lương, Quận Hai Bà Trưng, Hà NộiXem bản đồ","8,06 tỷ - 62 m2"
60 m²,5 phòng,3 phòng,,"Nhà ngõ, hẻm",,,"99,83 triệu/m²",Đông,3,,Nội thất đầy đủ,,ha-noi,"Bán nhà ngõ 210 Đội Cấn, 60m2, 5,9 tỷ (chính chủ)",,"Ngõ 210 Đội Cấn, Phường Đội Cấn, Quận Ba Đình, Hà NộiXem bản đồ","5,99 tỷ - 60 m2"
42 m²,6 phòng,4 phòng,Đã có sổ,"Nhà ngõ, hẻm",3.3 m,,"185,71 triệu/m²",,5,,,,ha-noi,Bán nhà mặt ngõ Thịnh Hào 1-Tông Đức Thắng Đống Đa HN,,"Tôn Đức Thắng, Phường Hàng Bột, Quận Đống Đa, Hà NộiXem bản đồ","7,8 tỷ - 42 m2"
45 m²,4 phòng,,Đã có sổ,"Nhà ngõ, hẻm",3.7999 m,,"255,56 triệu/m²",,5,,Nội thất cao cấp,,ha-noi,"Bán nhà Nguyễn Lân, View Hồ, Ô tô tránh, KD 45m x 5T, giá nhỉnh 11 tỷ.",,"68, Nguyễn Lân, Phường Khương Mai, Quận Thanh Xuân, Hà NộiXem bản đồ","11,5 tỷ - 45 m2"
70 m²,2 phòng,1 phòng,Giấy tờ khác,Nhà phố liền kề,,,"12,14 triệu/m²",,1,,Bàn giao thô,,ha-noi,nhà ở diện tích 70m 2 buồng . đường đặng thuỳ trâm . cầu giấy . hà nôi,,"Đặng Thuỳ Trâm, Phường Nghĩa Tân, Quận Cầu Giấy, Hà NộiXem bản đồ",850 triệu - 70 m2
48 m²,4 phòng,4 phòng,,"Nhà mặt phố, mặt tiền",,192 m²,50 triệu/m²,,4,"Hẻm xe hơi,Nở hậu",,,ha-noi,"Nhà Đẹp,Ô tô đỗ cửa Hoài Đức",,"Đại lộ Thăng Long, Xã Vân Côn, Huyện Hoài Đức, Hà NộiXem bản đồ","2,4 tỷ - 48 m2"
50 m²,3 phòng,3 phòng,Đã có sổ,"Nhà ngõ, hẻm",5 m,,112 triệu/m²,,,,,10 m,ha-noi,"Bán nhà phố Quan Nhân, gần ô tô tránh, nhà đẹp, dân xây, 50m, 3Pn,",,"Quan Nhân, Phường Nhân Chính, Quận Thanh Xuân, Hà NộiXem bản đồ","5,6 tỷ - 50 m2"
30 m²,3 phòng,4 phòng,Đã có sổ,"Nhà mặt phố, mặt tiền",,,145 triệu/m²,,,,Nội thất đầy đủ,,ha-noi,NHÂN CHÍNH - THANH XUÂN - DIỆN TÍCH 30M2 – MẶT TIỀN 3.7M – 4 TỶ 3,,"Cự Lộc, Phường Nhân Chính, Quận Thanh Xuân, Hà NộiXem bản đồ","4,35 tỷ - 30 m2"
45 m²,2 phòng,2 phòng,Đang chờ sổ,"Nhà ngõ, hẻm",,,"57,78 triệu/m²",,2,,Nội thất đầy đủ,,ha-noi,Bán nhà Tân Xuân tặng Toàn bộ nội thất,,"Đường Đông Ngạc, Phường Đông Ngạc, Quận Bắc Từ Liêm, Hà NộiXem bản đồ","2,6 tỷ - 45 m2"
90 m²,3 phòng,1 phòng,Giấy tờ khác,"Nhà ngõ, hẻm",,,"26,67 triệu/m²",Đông Bắc,1,,,,ha-noi,Bán nhà ở hoặc làm văn phòng ở Triều khúc Tân Triều,,"ngõ 6, tân triều mới, Xã Tân Triều, Huyện Thanh Trì, Hà NộiXem bản đồ","2,4 tỷ - 90 m2"
30 m²,3 phòng,4 phòng,Đã có sổ,"Nhà ngõ, hẻm",,,"153,33 triệu/m²",Tây Bắc,5,,,,ha-noi,CHÍNH CHỦ BÁN NHÀ XUÂN ĐỈNH -BẮC TỪ LIÊM NGÕ THÔNG TACXI ĐI LUNG TUNG,,"3, Xuân Đinh-Bắc Từ Liêm - Hà Nội, Phường Xuân Đỉnh, Quận Bắc Từ Liêm, Hà NộiXem bản đồ","4,6 tỷ - 30 m2"
