Diện tích đất:,Số phòng ngủ:,Số phòng vệ sinh:,Giấy tờ pháp lý:,Loại hình nhà ở:,Chiều ngang:,Diện tích sử dụng:,Giá/m2:,Hướng cửa chính:,Tổng số tầng:,Đặc điểm nhà/đất:,Tình trạng nội thất:,Chiều dài:,Location,Name,URL,District,Price
40 m²,3 phòng,3 phòng,,"Nhà ngõ, hẻm",,40 m²,135 triệu/m²,,5,,,,ha-noi,"Không có căn thứ 2 Cầu Giấy dân xây, đẹp lung linh, gần ĐH Ngoại Ngữ",,"Phạm Văn Đồng, Phường Mai Dịch, Quận Cầu Giấy, Hà NộiXem bản đồ","5,4 tỷ - 40 m2"
35 m²,3 phòng,4 phòng,Đã có sổ,"Nhà mặt phố, mặt tiền",,,"133,71 triệu/m²",,5,,Nội thất cao cấp,,ha-noi,Nhà đẹp Thuỵ Khuê - Tây Hồ - 35m2 x 5 Tầng - Nhỉnh 4 tỷ( Cách phố 30m),,"Thuỵ Khuê, Phường Thụy Khuê, Quận Tây Hồ, Hà NộiXem bản đồ","4,68 tỷ - 35 m2"
90 m²,4 phòng,,Đã có sổ,Nhà phố liền kề,,,"145,56 triệu/m²",,,,,,ha-noi,Siêu phẩm KDT mới Văn Phú- Hà Đông . Nhà mới. Thiết kế hiện đại,,"Phố Văn Phú, Phường Phú La, Quận Hà Đông, Hà NộiXem bản đồ","13,1 tỷ - 90 m2"
40 m²,3 phòng,,,"Nhà ngõ, hẻm",,,"122,5 triệu/m²",,,,,,ha-noi,TRẦN QUỐC VƯỢNG - 40m2x 5 TẦNG - Ô TÔ ĐẬU CỔNG - NGÕ THÔNG,,"Phố Trần Quốc Vượng, Phường Dịch Vọng Hậu, Quận Cầu Giấy, Hà NộiXem bản đồ","4,9 tỷ - 40 m2"
35 m²,3 phòng,3 phòng,Đã có sổ,"Nhà ngõ, hẻm",,,"81,43 triệu/m²",Tây Nam,4,,,,ha-noi,Bán nhà 4T*35m2.Gác lửng hiện đại.Taxi đậu cửa.Phú lương-HĐ-Nhỉnh 2 tỷ,,"undefined, Phường Phú Lương, Quận Hà Đông, Hà NộiXem bản đồ","2,85 tỷ - 35 m2"
34 m²,3 phòng,4 phòng,,"Nhà ngõ, hẻm",,,"107,35 triệu/m²",,5,,,,ha-noi,AN DƯƠNG VƯƠNG - 34m2x5 TẦNG - NHÀ MỚI CỨNG - NGÕ RỘNG - GẦN PHỐ,,"Đường An Dương Vương, Phường Phú Thượng, Quận Tây Hồ, Hà NộiXem bản đồ","3,65 tỷ - 34 m2"
60 m²,4 phòng,4 phòng,,"Nhà ngõ, hẻm",,,220 triệu/m²,,,Hẻm xe hơi,,,ha-noi,🔥LÊ VĂN LƯƠNG - 60m2x6 tầng - MẶT NGÕ KINH DOANH - NHỈNH 13 TỶ,,"Lê Văn Lương, Phường Trung Hoà, Quận Cầu Giấy, Hà NộiXem bản đồ","13,2 tỷ - 60 m2"
40 m²,3 phòng,4 phòng,,"Nhà ngõ, hẻm",,,170 triệu/m²,,,,,,ha-noi,🔥SIÊU PHẨM LẠC LONG QUÂN - 40m2x54 TẦNG - LÔ GÓC 3 THOÁNG,,"Đường Lạc Long Quân, Phường Xuân La, Quận Tây Hồ, Hà NộiXem bản đồ","6,8 tỷ - 40 m2"
110 m²,nhiều hơn 10 phòng,Nhiều hơn 6 phòng,Đã có sổ,"Nhà ngõ, hẻm",,,"140,91 triệu/m²",,8,,Nội thất đầy đủ,,ha-noi,15.5 TỶ - TOÀ CCMN 8T x 20P Full NỘI THẤT - TẠI NGÕ 79 CẦU GIẤY,,"Cầu Giấy, Phường Yên Hoà, Quận Cầu Giấy, Hà NộiXem bản đồ","15,5 tỷ - 110 m2"
48 m²,4 phòng,4 phòng,,"Nhà ngõ, hẻm",,,"104,17 triệu/m²",,,,,,ha-noi,🔥 HOÀNG HOA THÁM - 48m2x6 tầng - NHỈNH 5 tỷ - NHÀ ĐẸP SIÊU THOÁNG.,,"Đường Hoàng Hoa Thám, Phường Vĩnh Phúc, Quận Ba Đình, Hà NộiXem bản đồ",5 tỷ - 48 m2
105 m²,nhiều hơn 10 phòng,Nhiều hơn 6 phòng,Đã có sổ,"Nhà ngõ, hẻm",,,"195,24 triệu/m²",,7,,Nội thất cao cấp,,ha-noi,20.5 TỶ _ TOÀ CCMN 7 TẦNG _ DT 105M_ 20P FULL NỘI THẤT- Ô TÔ QUA NHÀ,,"Dương Quảng Hàm, Phường Quan Hoa, Quận Cầu Giấy, Hà NộiXem bản đồ","20,5 tỷ - 105 m2"
87 m²,nhiều hơn 10 phòng,Nhiều hơn 6 phòng,Đã có sổ,"Nhà ngõ, hẻm",,,"227,59 triệu/m²",,7,,Nội thất đầy đủ,,ha-noi,bán căn hộ dịch vụ phố vương thừa vũ oto 7c đỗ cửa 87m-7tầng -15pkk,,"Vương Thừa Vũ, Phường Khương Trung, Quận Thanh Xuân, Hà NộiXem bản đồ","19,8 tỷ - 87 m2"
75 m²,8 phòng,6 phòng,Đã có sổ,"Nhà ngõ, hẻm",,,224 triệu/m²,,7,,Nội thất đầy đủ,,ha-noi,16.8 TỶ _ TRẦN DUY HƯNG - LÔ GÓC - KINH DOANH -7T THANG MÁY _ DT 75M,,"Trần Duy Hưng, Phường Trung Hoà, Quận Cầu Giấy, Hà NộiXem bản đồ","16,8 tỷ - 75 m2"
59 m²,nhiều hơn 10 phòng,Nhiều hơn 6 phòng,Đã có sổ,"Nhà ngõ, hẻm",,,"184,75 triệu/m²",,7,,Nội thất đầy đủ,,ha-noi,TOÀ CCMN 15P - NGUYỄN KHANG CẦU GIẤY_ 7T THANG MÁY _ NGÕ RỘNG 3M,,"Nguyễn Khang, Phường Yên Hoà, Quận Cầu Giấy, Hà NộiXem bản đồ","10,9 tỷ - 59 m2"
90 m²,4 phòng,,,Nhà phố liền kề,,,"144,44 triệu/m²",,,,,,ha-noi,NHÀ ĐẸP - Ở NGAY- GẦN TIỂU HỌC PHÚ LA -THIẾT KẾ HIỆN ĐẠI,,"Phố Văn Phú, Phường Phú La, Quận Hà Đông, Hà NộiXem bản đồ",13 tỷ - 90 m2
33 m²,4 phòng,4 phòng,Đã có sổ,"Nhà ngõ, hẻm",,,"85,45 triệu/m²",,5,,Nhà trống,,ha-noi,"Bán nhà ngay KĐT Đô Nghĩa ô tô cách 10m giá 2,8x tỷ 33m2 xây 5 tầng",,"Yên Nghĩa, Hà Đông, Hà Nội, Phường Yên Nghĩa, Quận Hà Đông, Hà NộiXem bản đồ","2,82 tỷ - 33 m2"
65 m²,4 phòng,6 phòng,Đã có sổ,"Nhà mặt phố, mặt tiền",,,"415,38 triệu/m²",,7,,Nội thất đầy đủ,,ha-noi,Ngõ 34 Hoàng Cầu Bán nhà 7 tầng thang máy DT65m2 27 tỷ Ngõ to như phố,,"Hoàng Cầu, Phường Ô Chợ Dừa, Quận Đống Đa, Hà NộiXem bản đồ",27 tỷ - 65 m2
35 m²,6 phòng,,Đã có sổ,"Nhà ngõ, hẻm",,150 m²,"131,43 triệu/m²",,5,,Nội thất đầy đủ,,ha-noi,"Nhà đẹp 4.5 tầng, 5 phòng ngủ ngõ 342 Khương Đình, dọn vào ở ngay",,"khương đình, Phường Khương Đình, Quận Thanh Xuân, Hà NộiXem bản đồ","4,6 tỷ - 35 m2"
75 m²,5 phòng,,,"Nhà mặt phố, mặt tiền",,,"197,33 triệu/m²",,,,,,ha-noi,"Bán liền kề KĐT Bắc Linh Đàm.Kd-vỉa hè-oto 75m x5 tầng,MT4.8m. 14.8 Tỉ",,"Linh Đàm, Phường Đại Kim, Quận Hoàng Mai, Hà NộiXem bản đồ","14,8 tỷ - 75 m2"
40 m²,9 phòng,,,"Nhà ngõ, hẻm",,,"137,5 triệu/m²",,,,,,ha-noi,"Lê Đức Thọ CHDV , lô góc, oto đỗ cổng, doanh thu 40tr, giá 5.5tỷ",,"Đường Lê Đức Thọ, Phường Mỹ Đình 1, Quận Nam Từ Liêm, Hà NộiXem bản đồ","5,5 tỷ - 40 m2"
65 m²,4 phòng,6 phòng,Đã có sổ,"Nhà mặt phố, mặt tiền",,,"415,38 triệu/m²",,7,,Nội thất đầy đủ,,ha-noi,Ngõ 34 Hoàng Cầu Bán nhà 7 tầng thang máy DT65m2 27 tỷ Ngõ to như phố,,"Hoàng Cầu, Phường Ô Chợ Dừa, Quận Đống Đa, Hà NộiXem bản đồ",27 tỷ - 65 m2
35 m²,6 phòng,,Đã có sổ,"Nhà ngõ, hẻm",,150 m²,"131,43 triệu/m²",,5,,Nội thất đầy đủ,,ha-noi,"Nhà đẹp 4.5 tầng, 5 phòng ngủ ngõ 342 Khương Đình, dọn vào ở ngay",,"khương đình, Phường Khương Đình, Quận Thanh Xuân, Hà NộiXem bản đồ","4,6 tỷ - 35 m2"
75 m²,5 phòng,,,"Nhà mặt phố, mặt tiền",,,"197,33 triệu/m²",,,,,,ha-noi,"Bán liền kề KĐT Bắc Linh Đàm.Kd-vỉa hè-oto 75m x5 tầng,MT4.8m. 14.8 Tỉ",,"Linh Đàm, Phường Đại Kim, Quận Hoàng Mai, Hà NộiXem bản đồ","14,8 tỷ - 75 m2"
40 m²,9 phòng,,,"Nhà ngõ, hẻm",,,"137,5 triệu/m²",,,,,,ha-noi,"Lê Đức Thọ CHDV , lô góc, oto đỗ cổng, doanh thu 40tr, giá 5.5tỷ",,"Đường Lê Đức Thọ, Phường Mỹ Đình 1, Quận Nam Từ Liêm, Hà NộiXem bản đồ","5,5 tỷ - 40 m2"
74 m²,4 phòng,3 phòng,Đã có sổ,"Nhà ngõ, hẻm",,,"170,27 triệu/m²",,4,,Nội thất đầy đủ,,ha-noi,Vũ Phạm Hàm biệt thự sân vườn ô tô vào nhà 96m có nhà 4 tầng.,,"Vũ Phạm Hàm, Phường Trung Hoà, Quận Cầu Giấy, Hà NộiXem bản đồ","12,6 tỷ - 74 m2"
70 m²,nhiều hơn 10 phòng,Nhiều hơn 6 phòng,Đã có sổ,"Nhà ngõ, hẻm",,,"159,29 triệu/m²",,7,,Nội thất đầy đủ,,ha-noi,Lê Trọng Tấn 80m x 7tầng. Mt6m. Ô tô vào nhà. 21p cho thuê. Giá 11 tỷ,,"Lê Trọng Tấn, Phường Khương Mai, Quận Thanh Xuân, Hà NộiXem bản đồ","11,15 tỷ - 70 m2"
67 m²,5 phòng,,Đã có sổ,"Nhà ngõ, hẻm",4.8 m,,"176,12 triệu/m²",,5,,Nội thất cao cấp,,ha-noi,Văn Cao - Diện tích 67m x 5 tầng. Mt4.8m. Ngõ 3 ô tô tránh,,"Đường Văn Cao, Phường Liễu Giai, Quận Ba Đình, Hà NộiXem bản đồ","11,8 tỷ - 67 m2"
36 m²,3 phòng,3 phòng,Đã có sổ,"Nhà ngõ, hẻm",,,"152,78 triệu/m²",,5,,Nội thất đầy đủ,,ha-noi,TRÚC KHÊ - NGUYỄN CHÍ THANH 20M RA MẶT PHỐ. DT36M 5 TẦNG. GIÁ 5 TỶ HON,,"Phố Trúc Khê, Phường Láng Hạ, Quận Đống Đa, Hà NộiXem bản đồ","5,5 tỷ - 36 m2"
56 m²,4 phòng,3 phòng,Đã có sổ,"Nhà ngõ, hẻm",,,"135,71 triệu/m²",,4,,Nội thất đầy đủ,,ha-noi,Nhân Hòa 2 mặt ngõ 56m x 4 tầng. Mt7m. Ngõ thông. 10m ra ô tô tránh,,"Nhân Hòa, Phường Nhân Chính, Quận Thanh Xuân, Hà NộiXem bản đồ","7,6 tỷ - 56 m2"
36 m²,4 phòng,3 phòng,Đã có sổ,"Nhà ngõ, hẻm",,,"116,11 triệu/m²",,4,,Nội thất đầy đủ,,ha-noi,QUAN NHÂN 36m x 4 tầng. 15m ra phố. Kinh doanh. Giá tốt.,,"Quan Nhân, Phường Nhân Chính, Quận Thanh Xuân, Hà NộiXem bản đồ","4,18 tỷ - 36 m2"
40 m²,5 phòng,,Đã có sổ,"Nhà ngõ, hẻm",,250 m²,185 triệu/m²,,,,Nội thất cao cấp,,ha-noi,"Nhà 7 tầng thang máy, full nội thất ở ngay ở 12 Hòa Bình 3, Minh Khai",,"Minh khai, Phường Minh Khai, Quận Hai Bà Trưng, Hà NộiXem bản đồ","7,4 tỷ - 40 m2"
75 m²,9 phòng,,,"Nhà mặt phố, mặt tiền",,,"446,67 triệu/m²",,11,,,,ha-noi,BÁN TOÀ VĂN PHÒNG MẶT PHỐ KINH DOANH CẦU GIẤY 75M NHỈNH 33 TỶ,,"Đào Tấn, Phường Đội Cấn, Quận Ba Đình, Hà NộiXem bản đồ","33,5 tỷ - 75 m2"
38 m²,4 phòng,4 phòng,Đã có sổ,"Nhà ngõ, hẻm",,,"128,95 triệu/m²",,5,,Nội thất đầy đủ,,ha-noi,Láng 38m x 5 tầng. chủ tự xây. 15m ra mặt phố. Giá 4 tỷ hơn.,,"Láng, Phường Láng Hạ, Quận Đống Đa, Hà NộiXem bản đồ","4,9 tỷ - 38 m2"
50 m²,4 phòng,4 phòng,Đã có sổ,"Nhà ngõ, hẻm",,,168 triệu/m²,,5,,Nội thất cao cấp,,ha-noi,Quan Nhân 10m ra hồ và ô tô. Diện tích 50m x 5 tầng. Mt5m.,,"Quan Nhân, Phường Nhân Chính, Quận Thanh Xuân, Hà NộiXem bản đồ","8,4 tỷ - 50 m2"
50 m²,6 phòng,5 phòng,Đã có sổ,"Nhà ngõ, hẻm",,,220 triệu/m²,,5,,Nội thất đầy đủ,,ha-noi,"LÁNG Ô TÔ TRÁNH, KINH DOANH. 50M X 5 TẦNG. MT5.3M. NGÕ THÔNG. GIÁ 11T",,"Láng, Phường Láng Thượng, Quận Đống Đa, Hà NộiXem bản đồ",11 tỷ - 50 m2
45 m²,5 phòng,5 phòng,Đã có sổ,"Nhà ngõ, hẻm",,,"131,11 triệu/m²",,4,,Nội thất đầy đủ,,ha-noi,La Thành - Ba Đình 45m x 5 tầng. Hai thoáng. Ngõ 2m. Cách ô tô 40m.,,"La Thành, Phường Ô Chợ Dừa, Quận Đống Đa, Hà NộiXem bản đồ","5,9 tỷ - 45 m2"
50 m²,6 phòng,4 phòng,Đã có sổ,"Nhà ngõ, hẻm",4.9 m,,158 triệu/m²,,6,,,,ha-noi,Hoàng Cầu 50m x 6tầng. Mt4.9m. Cách ô tô 10m. Phân lô dân trí cao.,,"Phố Hoàng Cầu, Phường Trung Liệt, Quận Đống Đa, Hà NộiXem bản đồ","7,9 tỷ - 50 m2"
35 m²,4 phòng,3 phòng,Đã có sổ,"Nhà ngõ, hẻm",,150 m²,"118,57 triệu/m²",,4,,,,ha-noi,- NHÀ KINH DOANH - NGÕ CỰC RỘNG - DÂN TRÍ CAO - GẦN NGÃ 4 SỞ,,"Quan Nhân, Phường Nhân Chính, Quận Thanh Xuân, Hà NộiXem bản đồ","4,15 tỷ - 35 m2"
35.5998 m²,4 phòng,3 phòng,Đã có sổ,"Nhà ngõ, hẻm",,,"88,48 triệu/m²",,3,,Nội thất đầy đủ,,ha-noi,SIÊU PHẨM- NHÀ ĐẸP- MỚI KOONG-FULL NỘI THẤT-GẦN PHỐ BÁN NHÀ HOÀNG MAI,,"Phố Vĩnh Hưng, Phường Vĩnh Hưng, Quận Hoàng Mai, Hà NộiXem bản đồ","3,15 tỷ - 35.5.998 m2"
45 m²,4 phòng,6 phòng,Đã có sổ,"Nhà ngõ, hẻm",,,"188,89 triệu/m²",,7,,Nội thất đầy đủ,,ha-noi,"Bán Nhà 7 Tầng Thang Máy , Phú Thượng , Tây Hồ 45M, Ô Tô 7 Chỗ Vào.",,"Phú Thượng, Phường Phú Thượng, Quận Tây Hồ, Hà NộiXem bản đồ","8,5 tỷ - 45 m2"
45 m²,4 phòng,6 phòng,Đã có sổ,"Nhà ngõ, hẻm",,,"188,89 triệu/m²",,7,,Nội thất đầy đủ,,ha-noi,"Bán Nhà 7 Tầng Thang Máy , Phú Thượng , Tây Hồ 45M, Ô Tô 7 Chỗ Vào.",,"Phú Thượng, Phường Phú Thượng, Quận Tây Hồ, Hà NộiXem bản đồ","8,5 tỷ - 45 m2"
48 m²,4 phòng,3 phòng,Đã có sổ,"Nhà ngõ, hẻm",,,"143,75 triệu/m²",,4,,Nội thất cao cấp,,ha-noi,"""Nên mua"" Cần bán nhà phân lô phố Tương Mai-HBT-DT48m-4T-Giá 6.9tỷ-Đẹp",,"Phố Tương Mai, Phường Đồng Tâm, Quận Hai Bà Trưng, Hà NộiXem bản đồ","6,9 tỷ - 48 m2"
44 m²,5 phòng,4 phòng,Đã có sổ,"Nhà ngõ, hẻm",,,"114,77 triệu/m²",,5,,Nội thất đầy đủ,,ha-noi,"Giá mềm choáng váng! TÔN ĐỨC THẮNG, rộng đẹp từ ngõ tới nhà, 44m*5T",,"Phố Tôn Đức Thắng, Phường Hàng Bột, Quận Đống Đa, Hà NộiXem bản đồ","5,05 tỷ - 44 m2"
35 m²,3 phòng,4 phòng,Đã có sổ,"Nhà ngõ, hẻm",,,"117,71 triệu/m²",,5,,Nội thất đầy đủ,,ha-noi,"Tin nóng hổi! TRUNG PHỤNG,mới long lanh, 3 thoáng, thông. 35m*5T",,"Phố Trung Phụng, Phường Thổ Quan, Quận Đống Đa, Hà NộiXem bản đồ","4,12 tỷ - 35 m2"
40 m²,4 phòng,3 phòng,Đã có sổ,"Nhà ngõ, hẻm",,,137 triệu/m²,,4,,Nội thất đầy đủ,,ha-noi,"Không cưỡng được! QUỐC TỬ GIÁM, rộng đẹp nhà và ngõ,sát ô tô. 40m*4T",,"Phố Quốc Tử Giám, Phường Quốc Tử Giám, Quận Đống Đa, Hà NộiXem bản đồ","5,48 tỷ - 40 m2"
44 m²,3 phòng,3 phòng,Đã có sổ,"Nhà ngõ, hẻm",,44 m²,125 triệu/m²,,4,,,,ha-noi,"Thật 100%! TÔN THẤT TÙNG, lô góc thoáng, lưu thông các ngả. 44m*4T",,"Phố Tôn Thất Tùng, Phường Khương Thượng, Quận Đống Đa, Hà NộiXem bản đồ","5,5 tỷ - 44 m2"
41 m²,3 phòng,4 phòng,Đã có sổ,"Nhà ngõ, hẻm",,41 m²,"134,15 triệu/m²",,5,,,,ha-noi,"Chất quá! HÀO NAM, nhà lung linh ánh hồng,full nội thất,thông. 41m*5T",,"Phố Hào Nam, Phường Ô Chợ Dừa, Quận Đống Đa, Hà NộiXem bản đồ","5,5 tỷ - 41 m2"
30 m²,4 phòng,,Đã có sổ,"Nhà ngõ, hẻm",,150 m²,170 triệu/m²,,,,Nội thất cao cấp,,ha-noi,"Nhà ngõ 64/59 Thông Phong, Tôn Đức Thắng, 5 tầng mới, full nội thất",,"tôn đức thắng, Phường Quốc Tử Giám, Quận Đống Đa, Hà NộiXem bản đồ","5,1 tỷ - 30 m2"
35 m²,5 phòng,4 phòng,Đã có sổ,"Nhà ngõ, hẻm",,,157 triệu/m²,,6,,Nội thất cao cấp,,ha-noi,"Tết đến rồi! TRƯỜNG CHINH,mặt ngõ thông, nhà đẹp full nội thất.35m*6T",,"Đường Trường Chinh, Phường Khương Thượng, Quận Đống Đa, Hà NộiXem bản đồ","5,495 tỷ - 35 m2"
30 m²,3 phòng,2 phòng,Đã có sổ,"Nhà ngõ, hẻm",,,"111,67 triệu/m²",Đông Nam,3,,,,ha-noi,Nhà dân xây kiên cố ngã 4 VănPhú/ôtô tải đỗ cổng/70m ra mặt QuangTrung,,"Đường Quang Trung, Phường La Khê, Quận Hà Đông, Hà NộiXem bản đồ","3,35 tỷ - 30 m2"
39 m²,4 phòng,3 phòng,Đã có sổ,"Nhà ngõ, hẻm",,,"114,1 triệu/m²",,4,,Nội thất đầy đủ,,ha-noi,"Nhà Đẹp đón Tết . Trung Phụng - ngõ thông rộng gần phố, ở luôn 41m*4T",,"Phố Trung Phụng, Phường Trung Phụng, Quận Đống Đa, Hà NộiXem bản đồ","4,45 tỷ - 39 m2"
34 m²,3 phòng,3 phòng,Đã có sổ,"Nhà ngõ, hẻm",,,"123,53 triệu/m²",,5,,Nội thất đầy đủ,,ha-noi,"NHÀ PHỐ HỒNG MAI-HAI BÀ -GẦN Ô TÔ-NỘI THẤT ĐẸP-DT 34M2x5T-GIÁ 4,2 TỶ",,"Phố Hồng Mai, Phường Bạch Mai, Quận Hai Bà Trưng, Hà NộiXem bản đồ","4,2 tỷ - 34 m2"
45 m²,4 phòng,,Đã có sổ,"Nhà mặt phố, mặt tiền",5 m,,"115,56 triệu/m²",,5,,Nội thất cao cấp,,ha-noi,CHỦ ĐI ÚC NÊN CẦN BÁN GẤP NHÀ BA ĐÌNH 45m GẦN PHỐ NHÀ DÂN XÂY GIÁ TỐT,,"Phố Đội Cấn, Phường Liễu Giai, Quận Ba Đình, Hà NộiXem bản đồ","5,2 tỷ - 45 m2"
32 m²,3 phòng,4 phòng,Đã có sổ,"Nhà ngõ, hẻm",,,"78,13 triệu/m²",Tây Nam,5,,,,ha-noi,"nhà đơn lập cực đẹp tại Vân Canh - cạnh UBND - 5 tầng - giá chỉ 2,5x",,"Đường Vân Canh, Xã Vân Canh, Huyện Hoài Đức, Hà NộiXem bản đồ","2,5 tỷ - 32 m2"
100 m²,4 phòng,3 phòng,Đã có sổ,,,,32 triệu/m²,Tây Bắc,4,,,,ha-noi,"Bán Nhà 2 Tầng mặt tiền 100m2,3 phòng ngủ, đường Sáp Mai xã Võng La",,"Đường Võ Văn Kiệt, Xã Kim Chung, Huyện Đông Anh, Hà NộiXem bản đồ","3,2 tỷ - 100 m2"
62 m²,5 phòng,5 phòng,Đã có sổ,"Nhà ngõ, hẻm",,,"201,61 triệu/m²",,6,,Nội thất cao cấp,,ha-noi,"NHÀ VIP HOÀNG QUỐC VIỆT,62M2, LÔ GÓC,6T THANG MÁY, GARA 7 CHỖ,KD ĐỈNH",,"Hoàng Quốc Việt, Phường Nghĩa Tân, Quận Cầu Giấy, Hà NộiXem bản đồ","12,5 tỷ - 62 m2"
40 m²,4 phòng,4 phòng,Đã có sổ,"Nhà ngõ, hẻm",,,"117,5 triệu/m²",,5,,Nội thất cao cấp,,ha-noi,"NHÀ PHỐ PHAN KẾ BÍNH,40M2,5T,4N, CÁCH ÔTÔ TRÁNH 50M, NGÕ THÔNG RỘNG 3M",,"Đường Phan Kế Bính, Phường Cống Vị, Quận Ba Đình, Hà NộiXem bản đồ","4,7 tỷ - 40 m2"
36 m²,3 phòng,4 phòng,Đã có sổ,"Nhà ngõ, hẻm",,,"119,44 triệu/m²",,5,,Nội thất cao cấp,,ha-noi,"NHÀ HOÀNG HOA THÁM 36M2,5T LÔ GÓC,NGÕ THÔNG RỘNG 3M,80M RA PHỐ",,"Đường Hoàng Hoa Thám, Phường Vĩnh Phúc, Quận Ba Đình, Hà NộiXem bản đồ","4,3 tỷ - 36 m2"
49 m²,5 phòng,,Đã có sổ,"Nhà ngõ, hẻm",,200 m²,"89,8 triệu/m²",,,,Nội thất đầy đủ,,ha-noi,"Nhà ngõ 99/158 Định Công Hạ, gần ÔTÔ, ngõ Ba gác, 4 tầng, 5 phòng ngủ",,"định công hạ, Phường Định Công, Quận Hoàng Mai, Hà NộiXem bản đồ","4,4 tỷ - 49 m2"
38 m²,4 phòng,5 phòng,Đã có sổ,"Nhà mặt phố, mặt tiền",,,"286,84 triệu/m²",,6,,Nhà trống,,ha-noi,"Bán nhà mặt phố Nguyễn Ngọc Nại , kinh danh đỉnh",,"Nguyễn Ngọc Nại, Phường Thanh Xuân Bắc, Quận Thanh Xuân, Hà NộiXem bản đồ","10,9 tỷ - 38 m2"
36 m²,3 phòng,,,"Nhà mặt phố, mặt tiền",,,"97,22 triệu/m²",,,,,,ha-noi,"Bán nhà Võng Thị, Tây Hồ 36m2, 3 tầng giá 3.5 tỷ.",,"Võng Thị, Phường Bưởi, Quận Tây Hồ, Hà NộiXem bản đồ","3,5 tỷ - 36 m2"
39 m²,2 phòng,,Đã có sổ,"Nhà ngõ, hẻm",,,"51,28 triệu/m²",,3,,Nội thất đầy đủ,,ha-noi,"Bán gấp nhà đất tặng nhà 3 tầng Thụy Phương, 38,6m². Giá chỉ hơn 2 tỷ.",,"Thụy Phương, Phường Thụy Phương, Quận Bắc Từ Liêm, Hà NộiXem bản đồ",2 tỷ - 39 m2
74 m²,1 phòng,,Đã có sổ,"Nhà mặt phố, mặt tiền",,,"175,68 triệu/m²",Đông Nam,1,,Nội thất đầy đủ,,ha-noi,BÁN ĐẤT TẶNG NHÀ C4-LÔ GÓC-Ô TÔ CHÁNH-TRUNG TÂM KINH DOANH-74M2 MT 5M.,,"Đường Cầu Diễn, Phường Phú Diễn, Quận Bắc Từ Liêm, Hà NộiXem bản đồ",13 tỷ - 74 m2
67 m²,3 phòng,3 phòng,Đã có sổ,"Nhà mặt phố, mặt tiền",,,"319,4 triệu/m²",Tây,3,,,,ha-noi,Cần bán nhà phố Dương khuê,,"Phố Dương Khuê, Phường Mai Dịch, Quận Cầu Giấy, Hà NộiXem bản đồ","21,4 tỷ - 67 m2"
30 m²,4 phòng,4 phòng,Đã có sổ,"Nhà ngõ, hẻm",,150 m²,"191,67 triệu/m²",,,,Nhà trống,,ha-noi,"Nhà 5 tầng ÔTÔ lùi cửa ngõ 105/49 Doãn Kế Thiện, Cầu Giấy, nhà mới xây",,"doãn kế thiện, Phường Mai Dịch, Quận Cầu Giấy, Hà NộiXem bản đồ","5,75 tỷ - 30 m2"
45 m²,6 phòng,,Đã có sổ,"Nhà mặt phố, mặt tiền",,,"193,33 triệu/m²",,,,,,ha-noi,NHÀ CHỦ TỰ XÂY - MẶT PHỐ CỰ LỘC - KINH DOANH ĐỈNH - NỞ HẬU,,"Cự Lộc, Phường Nhân Chính, Quận Thanh Xuân, Hà NộiXem bản đồ","8,7 tỷ - 45 m2"
25 m²,3 phòng,3 phòng,Đã có sổ,"Nhà ngõ, hẻm",,,130 triệu/m²,Đông Nam,5,,,,ha-noi,3.25 TỶ_THANH NHÀN_VÕ THỊ SÁU_4.5 TẦNG_20M RA PHỐ (HÀ NỘI),,"Phố Thanh Nhàn, Phường Thanh Nhàn, Quận Hai Bà Trưng, Hà NộiXem bản đồ","3,25 tỷ - 25 m2"
65 m²,3 phòng,,,"Nhà ngõ, hẻm",,,"115,38 triệu/m²",,4,,,,ha-noi,Kịch độc Xã Đàn ngõ thông dích khủng 65M 3/5tầnh,,"Xã Đàn, Phường Kim Liên, Quận Đống Đa, Hà NộiXem bản đồ","7,5 tỷ - 65 m2"
40 m²,4 phòng,,Đã có sổ,"Nhà ngõ, hẻm",4 m,40 m²,"87,5 triệu/m²",,4,,,,ha-noi,"Bán nhà ngõ Văn Hương - Tôn Đức Thắng 40m, 4 tầng. Giá: 3.5 tỷ",,"Ngõ Văn Hương, Phường Văn Chương, Quận Đống Đa, Hà NộiXem bản đồ","3,5 tỷ - 40 m2"
50 m²,4 phòng,,Đã có sổ,"Nhà ngõ, hẻm",4.3 m,50 m²,87 triệu/m²,,4,,,,ha-noi,"Bán nhà phố Kim Ngưu, Hai Bà Trưng 50m, 4 tầng. Giá: 4.35 tỷ",,"Ngõ 203 Phố Kim Ngưu, Phường Thanh Lương, Quận Hai Bà Trưng, Hà NộiXem bản đồ","4,35 tỷ - 50 m2"
56 m²,4 phòng,,Đã có sổ,"Nhà ngõ, hẻm",6 m,56 m²,"97,32 triệu/m²",,4,,,,ha-noi,"Bán nhà phố Cự Lộc, Thanh Xuân 56m, 4 tầng. Giá: 5.45 tỷ",,"Cự Lộc, Phường Khương Đình, Quận Thanh Xuân, Hà NộiXem bản đồ","5,45 tỷ - 56 m2"
60 m²,8 phòng,Nhiều hơn 6 phòng,Đã có sổ,"Nhà mặt phố, mặt tiền",,,165 triệu/m²,,7,,Nội thất cao cấp,,ha-noi,Nhà mới Tam Trinh - Thang máy - Gara OTO - Ngõ thông kinh doanh,,"Tam Trinh, Phường Yên Sở, Quận Hoàng Mai, Hà NộiXem bản đồ","9,9 tỷ - 60 m2"
50 m²,4 phòng,,Đã có sổ,"Nhà ngõ, hẻm",6 m,,176 triệu/m²,,6,,,8 m,ha-noi,"Bán nhà ĐẸP Ở NGAY phố Văn Cao, Thang Máy, Giá 8.8 Tỷ.",,"Đường Văn Cao, Phường Liễu Giai, Quận Ba Đình, Hà NộiXem bản đồ","8,8 tỷ - 50 m2"
45 m²,9 phòng,Nhiều hơn 6 phòng,Đã có sổ,"Nhà ngõ, hẻm",,,"130,67 triệu/m²",,5,,Nội thất cao cấp,,ha-noi,BÁN NHÀ - DÒNG TIỀN ( 48tr/tháng ) - 9pkk -DT 40m2x Giá chỉ 5.88 tỷ,,"Phú Mỹ, Phường Mỹ Đình 1, Quận Nam Từ Liêm, Hà NộiXem bản đồ","5,88 tỷ - 45 m2"
35 m²,3 phòng,3 phòng,Đã có sổ,"Nhà ngõ, hẻm",,,"118,57 triệu/m²",,4,,Nội thất đầy đủ,,ha-noi,KHƯƠNG ĐÌNH-NHÀ ĐẸP -NGÕ NÔNG-GẦN PHỐ-DT 35M x4 TẦNG GIÁ 4TỶ HƠN,,"Khương Đình, Phường Thượng Đình, Quận Thanh Xuân, Hà NộiXem bản đồ","4,15 tỷ - 35 m2"
61 m²,5 phòng,4 phòng,Đã có sổ,"Nhà mặt phố, mặt tiền",,300 m²,"114,75 triệu/m²",,,,Nội thất cao cấp,,ha-noi,TRẦN KHÁT CHÂN-Ô TÔ ĐỖ CỬA NGÀY ĐÊM - KINH DOANH-61M-4 TẦNG HƠN 7 TỶ,,"Trần Khát Chân, Phường Thanh Lương, Quận Hai Bà Trưng, Hà NộiXem bản đồ",7 tỷ - 61 m2
40 m²,4 phòng,3 phòng,Đã có sổ,"Nhà ngõ, hẻm",,,185 triệu/m²,,6,,Nội thất đầy đủ,,ha-noi,7.4 Tỷ Có Ngay Nhà Đẹp Vương Thừa Vũ – Mặt Tiền 4.8m – Cách Phố 10m.,,"Vương Thừa Vũ, Phường Khương Mai, Quận Thanh Xuân, Hà NộiXem bản đồ","7,4 tỷ - 40 m2"
62 m²,4 phòng,4 phòng,Đã có sổ,"Nhà ngõ, hẻm",,,"258,06 triệu/m²",,6,,Nội thất cao cấp,,ha-noi,16 TỶ - MẶT TIỀN 8M - NHÀ CỰC ĐẸP - NGÕ 2 OTO TRÁNH - HOÀNG VĂN THÁI.,,"Hoàng Văn Thái, Phường Khương Mai, Quận Thanh Xuân, Hà NộiXem bản đồ",16 tỷ - 62 m2
62 m²,3 phòng,3 phòng,Đã có sổ,"Nhà ngõ, hẻm",,,"185,48 triệu/m²",,4,,Nội thất đầy đủ,,ha-noi,11.5 TỶ - PHÂN LÔ NGÕ THÔNG - OTO VÀO NHÀ - LÊ TRỌNG TẤN.,,"Lê Trọng Tấn, Phường Khương Mai, Quận Thanh Xuân, Hà NộiXem bản đồ","11,5 tỷ - 62 m2"
42 m²,8 phòng,5 phòng,Đã có sổ,"Nhà ngõ, hẻm",,,"247,62 triệu/m²",,8,,Nội thất đầy đủ,,ha-noi,10.4 TỶ - NGUYỄN NGỌC NẠI - PHÂN LÔ NGÕ THÔNG OTO TRÁNH - THANG MÁY.,,"Nguyễn Ngọc Nại, Phường Khương Mai, Quận Thanh Xuân, Hà NộiXem bản đồ","10,4 tỷ - 42 m2"
42 m²,8 phòng,5 phòng,Đã có sổ,"Nhà ngõ, hẻm",,,"247,62 triệu/m²",,8,,Nội thất đầy đủ,,ha-noi,10.4 TỶ - NGUYỄN NGỌC NẠI - PHÂN LÔ NGÕ THÔNG OTO TRÁNH - THANG MÁY.,,"Nguyễn Ngọc Nại, Phường Khương Mai, Quận Thanh Xuân, Hà NộiXem bản đồ","10,4 tỷ - 42 m2"
48 m²,4 phòng,,Đã có sổ,"Nhà ngõ, hẻm",4 m,48 m²,"131,25 triệu/m²",,4,,,,ha-noi,"""Bán nhà phố Thịnh Quang, Đống Đa 47m, 4 tầng. Giá: 6.3 tỷ",,"Thịnh Quang, Phường Thịnh Quang, Quận Đống Đa, Hà NộiXem bản đồ","6,3 tỷ - 48 m2"
40 m²,4 phòng,4 phòng,Đã có sổ,"Nhà ngõ, hẻm",,,"262,5 triệu/m²",,8,,Nội thất cao cấp,,ha-noi,10.5 TỶ - NHÀ MỚI ĐẸP - 8 TẦNG THANG MÁY - OTO VÀO NHÀ.,,"Hoàng Văn Thái, Phường Khương Mai, Quận Thanh Xuân, Hà NộiXem bản đồ","10,5 tỷ - 40 m2"
59 m²,6 phòng,5 phòng,Đã có sổ,"Nhà ngõ, hẻm",,,"222,03 triệu/m²",,5,,Nhà trống,,ha-noi,13.1 TỶ - TÔ VĨNH DIỆN - NGÕ RỘNG OTO TRÁNH - VỈA HÈ - KINH DOANH TỐT.,,"Tô Vĩnh Diện, Phường Khương Mai, Quận Thanh Xuân, Hà NộiXem bản đồ","13,1 tỷ - 59 m2"
41 m²,5 phòng,5 phòng,Đang chờ sổ,"Nhà mặt phố, mặt tiền",,,"365,85 triệu/m²",,5,,Nội thất đầy đủ,,ha-noi,15 TỶ - HOÀNG VĂN THÁI - MẶT TIỀN RỘNG - KINH DOANH ĐỈNH.,,"Hoàng Văn Thái, Phường Khương Mai, Quận Thanh Xuân, Hà NộiXem bản đồ",15 tỷ - 41 m2
49 m²,6 phòng,,Đã có sổ,"Nhà mặt phố, mặt tiền",5 m,,"244,9 triệu/m²",,3,,Nhà trống,,ha-noi,12 TỶ - TRỊNH ĐÌNH CỬU - MẶT TIỀN RỘNG - KINH DOANH CỰC TỐT.,,"Phố Trịnh Đình Cửu, Phường Định Công, Quận Hoàng Mai, Hà NộiXem bản đồ",12 tỷ - 49 m2
80 m²,6 phòng,,Đã có sổ,"Nhà ngõ, hẻm",5 m,,210 triệu/m²,,4,,Nhà trống,,ha-noi,16.8 TỶ - NGÕ PHÂN LÔ OTO TRÁNH - Ở SƯỚNG - HOÀNG VĂN THÁI.,,"Hoàng Văn Thái, Phường Khương Mai, Quận Thanh Xuân, Hà NộiXem bản đồ","16,8 tỷ - 80 m2"
104 m²,4 phòng,5 phòng,Đã có sổ,"Nhà mặt phố, mặt tiền",,,"230,77 triệu/m²",,5,,Nội thất đầy đủ,,ha-noi,24 TỶ - MẶT PHỐ TÔ VĨNH DIỆN - MẶT TIỀN RỘNG - KINH DOANH SẦM UẤT.,,"Tô Vĩnh Diện, Phường Khương Mai, Quận Thanh Xuân, Hà NộiXem bản đồ",24 tỷ - 104 m2
55 m²,9 phòng,5 phòng,,"Nhà ngõ, hẻm",,55 m²,"323,64 triệu/m²",,,,Nội thất cao cấp,,ha-noi,"Bán nhà thiết kế hiện đại, 6 tầng thang máy, 17.8 tỷ, Lê Trọng Tấn",,"Lê trọng tấn, Phường Khương Mai, Quận Thanh Xuân, Hà NộiXem bản đồ","17,8 tỷ - 55 m2"
50 m²,4 phòng,4 phòng,Đã có sổ,"Nhà ngõ, hẻm",,,"199,98 triệu/m²",,5,,Nội thất cao cấp,,ha-noi,"CẦU GIẤY- BÁN NHÀ 50M2 5T MẶT NGÕ , Ô TÔ VÀO NHÀ , NỘI THẤT CAO CẤP",,"nguyễn văn huyên , Phường Dịch Vọng Hậu, Quận Cầu Giấy, Hà NộiXem bản đồ","9,999 tỷ - 50 m2"
35 m²,4 phòng,3 phòng,Đã có sổ,"Nhà ngõ, hẻm",,,"52,86 triệu/m²",,3,,Nội thất đầy đủ,,ha-noi,1.85tỷ sở hữu nhà 3T- DT34m-Phố Vĩnh Hưng-Hoàng Mai-Có sổ đỏ-Ngõ ôtô,,"Phố Vĩnh Hưng, Phường Vĩnh Hưng, Quận Hoàng Mai, Hà NộiXem bản đồ","1,85 tỷ - 35 m2"
58 m²,4 phòng,,,"Nhà ngõ, hẻm",4.5998 m,58 m²,"81,03 triệu/m²",,4,Hẻm xe hơi,,,ha-noi,"Bán nhà phố Định Công Thượng - Hoàng Mai 58m, 4 tầng. Giá: 4.7 tỷ",,"Ngõ 18 Định Công Thượng, Phường Định Công, Quận Hoàng Mai, Hà NộiXem bản đồ","4,7 tỷ - 58 m2"
34 m²,3 phòng,,,"Nhà mặt phố, mặt tiền",,,"72,06 triệu/m²",,,,,,ha-noi,🦧Ngõ thông gần cầu Hữu Hoà 🦧34m2 xây cẩn thận chỉ hơn 2 tỷ 4,,"Xóm Cầu, Xã Hữu Hoà, Huyện Thanh Trì, Hà NộiXem bản đồ","2,45 tỷ - 34 m2"
324 m²,5 phòng,,Đã có sổ,Nhà biệt thự,,,"174,69 triệu/m²",Đông Nam,4,,,,ha-noi,Đơn lập góc Hải Âu 324m2 View công viên giá 56.6 tỷ Vin Gia Lâm,,"Hải Âu, Xã Kiêu Kỵ, Huyện Gia Lâm, Hà NộiXem bản đồ","56,6 tỷ - 324 m2"
328 m²,4 phòng,,,Nhà biệt thự,21.5 m,,"193,6 triệu/m²",Đông Bắc,4,,Nội thất cao cấp,,ha-noi,Biệt thự nhà vườn 328m2 hoàn thiện cao cấp giá 63.5 tỷ tại Vin Gia Lâm,,"Sao Biển, Xã Dương Xá, Huyện Gia Lâm, Hà NộiXem bản đồ","63,5 tỷ - 328 m2"
40 m²,3 phòng,5 phòng,Đã có sổ,"Nhà ngõ, hẻm",,,215 triệu/m²,,6,,Nội thất đầy đủ,,ha-noi,Phân lô 7.2Ha Ba Đình - Bán nhà mới 6 tầng thang máy - Hơn 8 tỷ,,"Đường Hoàng Hoa Thám, Phường Vĩnh Phúc, Quận Ba Đình, Hà NộiXem bản đồ","8,6 tỷ - 40 m2"
70.8 m²,5 phòng,,,Nhà phố liền kề,5.9 m,,"251,41 triệu/m²",Đông Nam,5,,Bàn giao thô,,ha-noi,Liền kề khu khép kín Ngọc đảo nhỏ Trai xây lớn 17.8 tỷ Vin Gia Lâm,,"Ngọc Trai 6, Xã Đa Tốn, Huyện Gia Lâm, Hà NộiXem bản đồ","17,8 tỷ - 70.8 m2"
65 m²,5 phòng,,Đã có sổ,Nhà phố liền kề,,,300 triệu/m²,,,,,,ha-noi,"1 căn ***, The Terra An Hưng, Kinh doanh ngày đêm, ô thang máy",,"Tố Hữu, Phường La Khê, Quận Hà Đông, Hà NộiXem bản đồ","19,5 tỷ - 65 m2"
40 m²,5 phòng,4 phòng,Đã có sổ,"Nhà ngõ, hẻm",,,105 triệu/m²,,,,,,ha-noi,NHÀ ĐẸP ĐÒN TẾT - ĐẠI ĐỒNG - VĨNH HƯNG 40M2 - PULL 5 TẦNG - 5 PHÒNG NG,,"Đại Đồng, Phường Vĩnh Hưng, Quận Hoàng Mai, Hà NộiXem bản đồ","4,2 tỷ - 40 m2"
39 m²,4 phòng,3 phòng,Đã có sổ,"Nhà ngõ, hẻm",,,"113,85 triệu/m²",,4,,Nội thất đầy đủ,,ha-noi,"Xuân đến! TRUNG PHỤNG,dân xây nhà đẹp ở luôn,ngõ thông gần phố. 39m*4T",,"Phố Trung Phụng, Phường Trung Phụng, Quận Đống Đa, Hà NộiXem bản đồ","4,44 tỷ - 39 m2"
