Diện tích đất:,Số phòng ngủ:,Số phòng vệ sinh:,Giấy tờ pháp lý:,Loại hình nhà ở:,Chiều ngang:,Diện tích sử dụng:,Giá/m2:,Hướng cửa chính:,Tổng số tầng:,Đặc điểm nhà/đất:,Tình trạng nội thất:,Chiều dài:,Location,Name,URL,District,Price
37 m²,3 phòng,4 phòng,Đã có sổ,"Nhà ngõ, hẻm",,,"99,73 triệu/m²",,5,,Nội thất cao cấp,,ha-noi,BÁN NHÀ NGÃ TƯ BẠCH MAI. PHỐ HUẾ. ĐẠI CỔ VIỆT,,"Bạch Mai, Phường Cầu Dền, Quận Hai Bà Trưng, Hà NộiXem bản đồ","3,69 tỷ - 37 m2"
30 m²,3 phòng,,Đã có sổ,"Nhà ngõ, hẻm",45 m,,"128,33 triệu/m²",,5,,,,ha-noi,"1 căn *** giải phóng cách 10m ô tô tránh ,lô góc ,dân xây c chắn",,"Giải Phóng, Phường Thịnh Liệt, Quận Hoàng Mai, Hà NộiXem bản đồ","3,85 tỷ - 30 m2"
31 m²,3 phòng,,Đã có sổ,"Nhà ngõ, hẻm",3.2 m,,"103,23 triệu/m²",,4,,,8 m,ha-noi,"Chính chủ bán nhà Nam Dư, Lĩnh Nam 3.2 tỷ",,"số nhà 20 ngõ 126 Nam Dư, Lĩnh Nam, Đường Lĩnh Nam, Phường Lĩnh Nam, Quận Hoàng Mai, Hà NộiXem bản đồ","3,2 tỷ - 31 m2"
35 m²,3 phòng,3 phòng,Đã có sổ,"Nhà mặt phố, mặt tiền",,,"114,29 triệu/m²",,5,,Nội thất cao cấp,,ha-noi,"BÁN NHÀ PHỐ TRƯƠNG ĐỊNH, HOÀNG MAI, Ô TÔ QUA NHÀ, GIÁ CHỈ 4 TỶ ( TL )",,"Ngõ 521 Trương Định, Phường Tân Mai, Quận Hoàng Mai, Hà NộiXem bản đồ",4 tỷ - 35 m2
45 m²,4 phòng,3 phòng,,"Nhà ngõ, hẻm",3.5999 m,45 m²,"66,67 triệu/m²",,4,,,,ha-noi,"Bán nhà 298 Ngọc Hồi xây mới 4 tầng 45m2, giá Rẻ nhất khu vực chỉ 3 tỷ",,"NGỌC HỒI, Xã Tam Hiệp, Huyện Thanh Trì, Hà NộiXem bản đồ",3 tỷ - 45 m2
128 m²,4 phòng,4 phòng,Đã có sổ,Nhà phố liền kề,,,"214,84 triệu/m²",,4,,Nội thất đầy đủ,,ha-noi,"Trần Nguyên Đán-KĐT Định Công Bán nhà 128m2 MT6,6 27,5 tỷ sân gara oto",,"Phố Trần Nguyên Đán, Phường Định Công, Quận Hoàng Mai, Hà NộiXem bản đồ","27,5 tỷ - 128 m2"
46 m²,4 phòng,3 phòng,,"Nhà ngõ, hẻm",3.5999 m,46 m²,"65,22 triệu/m²",,4,,,,ha-noi,"Bán nhà 298 Ngọc Hồi 4 Tầng xây mới 46m2, giá Rẻ nhất khu vực chỉ 3 tỷ",,"Ngọc Hồi, Thị trấn Văn Điển, Huyện Thanh Trì, Hà NộiXem bản đồ",3 tỷ - 46 m2
90 m²,3 phòng,,Đã có sổ,"Nhà ngõ, hẻm",,,"23,89 triệu/m²",,,,,,ha-noi,"Tập thể mặt phố nội thất hiện đại Thanh Nhàn 16/90m2, MT3 nhỉnh 2.15 t",,"Phố Thanh Nhàn, Phường Thanh Nhàn, Quận Hai Bà Trưng, Hà NộiXem bản đồ","2,15 tỷ - 90 m2"
64 m²,5 phòng,,Đã có sổ,"Nhà ngõ, hẻm",,64 m²,"79,69 triệu/m²",,4,,,,ha-noi,"Siêu hot! Bán nhà Dịch Vọng, oto 10m, gần phố, gần trung tâm, 4T*64m2.",,"Dịch Vọng, Phường Dịch Vọng, Quận Cầu Giấy, Hà NộiXem bản đồ","5,1 tỷ - 64 m2"
60 m²,3 phòng,3 phòng,,"Nhà ngõ, hẻm",,,"96,67 triệu/m²",,3,,,,ha-noi,"BÁN NHÀ PHÚ DIỄN, OTO QUA NHÀ, NGÕ NÔNG THOÁNG, KINH DOANH NHỈNH 5 TỶ.",,"Đường Phú Diễn, Phường Phú Diễn, Quận Bắc Từ Liêm, Hà NộiXem bản đồ","5,8 tỷ - 60 m2"
101 m²,4 phòng,,,"Nhà ngõ, hẻm",,,"247,52 triệu/m²",,,Hẻm xe hơi,,,ha-noi,Giá Đầu Tư! Nhà phân lô Trung Yên 101m*5.7m Hai Thoáng Kinh Doanh 25ty,,"Trung Kính, Phường Yên Hoà, Quận Cầu Giấy, Hà NộiXem bản đồ",25 tỷ - 101 m2
40 m²,5 phòng,5 phòng,Đã có sổ,"Nhà ngõ, hẻm",,,270 triệu/m²,,7,,Nội thất cao cấp,,ha-noi,"GIẢM 1 TỶ ! Bán nhà Hoàng Văn Thái, ôtô , phân lô QĐ, 40m*7T 10.8 tỷ.",,"Hoàng Văn Thái, Phường Khương Trung, Quận Thanh Xuân, Hà NộiXem bản đồ","10,8 tỷ - 40 m2"
51 m²,3 phòng,3 phòng,Đã có sổ,"Nhà ngõ, hẻm",5 m,,"90,2 triệu/m²",,,,,10 m,ha-noi,"Chú ý kẻo lỡ , bán nhà Thanh Nhàn , 51m2 , chỉ 4,6 tỷ , 60m ra đường",,"Thanh Nhàn, Phường Thanh Nhàn, Quận Hai Bà Trưng, Hà NộiXem bản đồ","4,6 tỷ - 51 m2"
60 m²,4 phòng,,Đã có sổ,"Nhà ngõ, hẻm",,60 m²,200 triệu/m²,,5,,,,ha-noi,HOÀNG HOA THÁM-PHÂN LÔ-Ô TÔ VÀO NHÀ-60M2-NHỈNH 10 TỶ-NGÕ THÔNG,,"Hoàng Hoa Thám, Phường Vĩnh Phúc, Quận Ba Đình, Hà NộiXem bản đồ",12 tỷ - 60 m2
48 m²,4 phòng,,Đã có sổ,"Nhà ngõ, hẻm",,48 m²,"153,13 triệu/m²",,7,,,,ha-noi,CẦU GIẤY-7 TẦNG THANG MÁY-48M2-NHỈNH 7 TỶ-5M Ô TÔ-NHÀ XÂY MỚI,,"Nguyễn Khang, Phường Yên Hoà, Quận Cầu Giấy, Hà NộiXem bản đồ","7,35 tỷ - 48 m2"
48 m²,4 phòng,,Đã có sổ,"Nhà ngõ, hẻm",,48 m²,"154,17 triệu/m²",,7,,,,ha-noi,KIM MÃ-1 NHÀ RA Ô TÔ TRÁNH-7 TẦNG THANG MÁY-48M2-NHỈNH 7 TỶ,,"Phố Kim Mã, Phường Kim Mã, Quận Ba Đình, Hà NộiXem bản đồ","7,4 tỷ - 48 m2"
40 m²,4 phòng,5 phòng,Đã có sổ,"Nhà ngõ, hẻm",,,"121,25 triệu/m²",Tây Bắc,6,,,,ha-noi,"Nhỉnh 4 tỷ nhà 6 tầng đẹp, xây mới trung tâm quận Ba Đình",,"Hoàng Hoa Thám, Phường Ngọc Hà, Quận Ba Đình, Hà NộiXem bản đồ","4,85 tỷ - 40 m2"
36 m²,3 phòng,,,"Nhà ngõ, hẻm",,,"141,67 triệu/m²",,5,,,,ha-noi,BÁN NHÀ ĐÀO TẤN-36M2-NHỈNH 5TỶ-GẦN PHỐ-NGÕ THÔNG,,"Phố Đào Tấn, Phường Cống Vị, Quận Ba Đình, Hà NộiXem bản đồ","5,1 tỷ - 36 m2"
50 m²,4 phòng,,Đã có sổ,"Nhà ngõ, hẻm",,,190 triệu/m²,,7,,,,ha-noi,BÁN NHÀ VÕNG THỊ-GẦN HỒ TÂY-7 TẦNG THANG MÁY-50M2-NHỈNH 9TỶ-NGÕ THÔNG,,"Phố Trích Sài, Phường Bưởi, Quận Tây Hồ, Hà NộiXem bản đồ","9,5 tỷ - 50 m2"
38 m²,3 phòng,,Đã có sổ,"Nhà ngõ, hẻm",,38 m²,"110,53 triệu/m²",,5,,,,ha-noi,BÁN NHÀ TÔN ĐỨC THẮNG-3MẶT THOÁNG-GẦN PHỐ-38M2-4.2TỶ-CÓ THƯƠNG LƯỢNG.,,"Phố Tôn Đức Thắng, Phường Ô Chợ Dừa, Quận Đống Đa, Hà NộiXem bản đồ","4,2 tỷ - 38 m2"
50 m²,3 phòng,,Đã có sổ,"Nhà ngõ, hẻm",,,170 triệu/m²,,,Nở hậu,Nội thất cao cấp,,ha-noi,"Chuyển vào HCM, bán nhà phố Quán Thánh, dt 50m2, 5 tầng, giá 8.5 tỷ",,"Phố Quán Thánh, Phường Quán Thánh, Quận Ba Đình, Hà NộiXem bản đồ","8,5 tỷ - 50 m2"
42 m²,3 phòng,,Đã có sổ,"Nhà ngõ, hẻm",,42 m²,"78,57 triệu/m²",,,,,,ha-noi,"Bán nhà ngõ 37 Dịch Vọng, trung tâm, gần phố, oto gần nhà, 42m2.",,"Dịch Vọng, Phường Dịch Vọng, Quận Cầu Giấy, Hà NộiXem bản đồ","3,3 tỷ - 42 m2"
60 m²,3 phòng,3 phòng,Đã có sổ,"Nhà mặt phố, mặt tiền",,,"82,5 triệu/m²",Đông Bắc,3,,,,ha-noi,"BÁN GẤP NHÀ 3 TẦNG 60M2 TẶNG NỘI THẤT CAO CẤP, ÔTÔ ĐỖ CỬA GIÁ HƠN 4 TỶ",,"Tổ 11, Thị trấn Đông Anh, Huyện Đông Anh, Hà NộiXem bản đồ","4,95 tỷ - 60 m2"
35 m²,4 phòng,,,"Nhà ngõ, hẻm",3.2999 m,35 m²,"75,71 triệu/m²",,5,,Nội thất đầy đủ,,ha-noi,BÁN NHÀ XÂY MỚI TẠI THỊ TRẤN VĂN ĐIỂN 5 TẦNG 33m2 GIÁ CHỈ 2.6 TỶ,,"Đường Ngọc Hồi, Thị trấn Văn Điển, Huyện Thanh Trì, Hà NộiXem bản đồ","2,65 tỷ - 35 m2"
50 m²,3 phòng,3 phòng,Đã có sổ,"Nhà ngõ, hẻm",,,74 triệu/m²,Đông,4,,,,ha-noi,BÁN GẤP NHÀ 4 TẦNG - 50M2-3 NGỦ-Ô TÔ VÒNG QUANH - GIÁ HƠN 3 TỶ,,"Thôn Ba Chữ, Xã Vân Nội, Huyện Đông Anh, Hà NộiXem bản đồ","3,7 tỷ - 50 m2"
128 m²,4 phòng,3 phòng,Đã có sổ,"Nhà mặt phố, mặt tiền",,,"155,47 triệu/m²",Nam,3,,,,ha-noi,Bán nhà 3 tầng mặt phố Nguyên Khê - Kinh doanh đỉnh,,"Lê Hữu Tựu, Xã Nguyên Khê, Huyện Đông Anh, Hà NộiXem bản đồ","19,9 tỷ - 128 m2"
30 m²,3 phòng,3 phòng,Đã có sổ,"Nhà mặt phố, mặt tiền",,,"166,67 triệu/m²",Đông,5,,,,ha-noi,"Cần Bán Nhà Ngõ 1194 đường Láng - Đống Đa: 5 TỶ, Nhà Đẹp Full Nội Thất",,"Đường Láng, Phường Láng Thượng, Quận Đống Đa, Hà NộiXem bản đồ",5 tỷ - 30 m2
50 m²,6 phòng,6 phòng,Đã có sổ,"Nhà mặt phố, mặt tiền",,,218 triệu/m²,Đông Nam,7,,,,ha-noi,"BÁN NHÀ PHỐ HOÀNG VĂN THÁI, GARA OTO VÀO NHÀ 50M, 7T, MT5M, 10,9 TỶ",,"Hoàng Văn thái, Phường Khương Trung, Quận Thanh Xuân, Hà NộiXem bản đồ","10,9 tỷ - 50 m2"
40 m²,4 phòng,,Đã có sổ,"Nhà ngõ, hẻm",,,"134,5 triệu/m²",,,Nở hậu,,,ha-noi,"BÁN NHÀ DÂN XÂY PHỐ XUÂN DIỆU, GẦN HỒ TÂY GIÁ NHỈNH 5 TỶ",,"Xuân Diệu, Phường Tứ Liên, Quận Tây Hồ, Hà NộiXem bản đồ","5,38 tỷ - 40 m2"
15 m²,3 phòng,3 phòng,Đã có sổ,"Nhà ngõ, hẻm",,,140 triệu/m²,Đông Nam,4,,,,ha-noi,chính chủ cần bán để qua năm vào nam,,"Phố Minh Khai, Phường Minh Khai, Quận Hai Bà Trưng, Hà NộiXem bản đồ","2,1 tỷ - 15 m2"
535 m²,nhiều hơn 10 phòng,Nhiều hơn 6 phòng,Đã có sổ,"Nhà mặt phố, mặt tiền",,,"654,21 triệu/m²",Tây Nam,,1,,,ha-noi,"Biệt thự mặt phố Nguyễn Gia Thiều, dt 535m2, mt 20",,"Đường Nguyễn Gia Thiều, Phường Trần Hưng Đạo, Quận Hoàn Kiếm, Hà NộiXem bản đồ",350 tỷ - 535 m2
35 m²,3 phòng,3 phòng,Đã có sổ,"Nhà ngõ, hẻm",,,"85,71 triệu/m²",Nam,4,,,,ha-noi,"🆙️ 35m2 Dân xây Bát Khối, Long Biên - Nông Thoáng, Full nội thất",,"Đường Bát Khối, Phường Thạch Bàn, Quận Long Biên, Hà NộiXem bản đồ",3 tỷ - 35 m2
47 m²,4 phòng,5 phòng,Đã có sổ,"Nhà mặt phố, mặt tiền",,,"98,94 triệu/m²",Đông,6,,,,ha-noi,Chính chủ bán nhà lô góc 47 m2 xây 6 tầng quy hoạch ra đường 13 mét,,"Ngõ 191 Phúc Lợi, Phường Phúc Lợi, Quận Long Biên, Hà NộiXem bản đồ","4,65 tỷ - 47 m2"
183 m²,6 phòng,3 phòng,Đã có sổ,Nhà biệt thự,,78 m²,"40,98 triệu/m²",,,,Bàn giao thô,,ha-noi,CẦN TIỀN BÁN NHANH BIỆT THỰ PHÚ CÁT CITY HOÀ LẠC HÀNG VIP ***,,"Thạch Hòa, Xã Thạch Hoà, Huyện Thạch Thất, Hà NộiXem bản đồ","7,5 tỷ - 183 m2"
34 m²,3 phòng,4 phòng,Đã có sổ,"Nhà ngõ, hẻm",,,"83,82 triệu/m²",,,,,,ha-noi,"BÁN NHÀ PHỐ NGỌC HỒI, GẦN BẾN XE NƯỚC NGẦM 5 TẦNG ĐẸP Ở NGAY",,"Ngọc Hồi, Xã Ngọc Hồi, Huyện Thanh Trì, Hà NộiXem bản đồ","2,85 tỷ - 34 m2"
100 m²,4 phòng,5 phòng,Đã có sổ,"Nhà ngõ, hẻm",,,"98,5 triệu/m²",Đông Bắc,4,,,,ha-noi,Chính chủ bán nhà 100 m2 xây 4 tầng sau chợ thạch bàn,,"Thạch Bàn, Phường Thạch Bàn, Quận Long Biên, Hà NộiXem bản đồ","9,85 tỷ - 100 m2"
34 m²,3 phòng,3 phòng,Đã có sổ,"Nhà mặt phố, mặt tiền",,,"146,47 triệu/m²",,5,,Nội thất cao cấp,,ha-noi,"LÔ GÓC - 5 TẦNG THANG MÁY - 2 THOÁNG - Ô TÔ - NGÕ THÔNG - 4,98 TỶ",,"lĩnh nam, Phường Lĩnh Nam, Quận Hoàng Mai, Hà NộiXem bản đồ","4,98 tỷ - 34 m2"
33 m²,4 phòng,4 phòng,Đã có sổ,"Nhà ngõ, hẻm",,,"116,67 triệu/m²",,4,,Nội thất đầy đủ,,ha-noi,Cục hiếm cầu giấy không có căn thứ 2 - nhà dân xây - nhinh 3 tỷ,,"hoàng quốc việt, Phường Quan Hoa, Quận Cầu Giấy, Hà NộiXem bản đồ","3,85 tỷ - 33 m2"
45 m²,6 phòng,5 phòng,Đã có sổ,"Nhà mặt phố, mặt tiền",,,"273,33 triệu/m²",,6,,Nội thất đầy đủ,,ha-noi,CẦU GIẤY - NGÕ ÔTÔ TRÁNH - VIEW HỒ - CẠNH QUẬN ỦY - 45M2 - NHỈNH 10 TỶ,,"cầu giấy, Phường Quan Hoa, Quận Cầu Giấy, Hà NộiXem bản đồ","12,3 tỷ - 45 m2"
79 m²,5 phòng,3 phòng,Đã có sổ,"Nhà ngõ, hẻm",,,"75,95 triệu/m²",,3,,Nội thất đầy đủ,,ha-noi,SIÊU PHẨM CẦU GIẤY - GIÁ ĐẦU TƯ- THÍCH HỢP XÂY NHÀ DÒNG TIỀN -79m2-6tỷ,,"hoa bằng, Phường Yên Hoà, Quận Cầu Giấy, Hà NộiXem bản đồ",6 tỷ - 79 m2
63 m²,4 phòng,4 phòng,Đã có sổ,"Nhà mặt phố, mặt tiền",,,"277,78 triệu/m²",,6,,Nội thất cao cấp,,ha-noi,MẶT PHỐ NHÂN HÒA - VỪA Ở VỪA KINH DOANH - 63M2 - NHỈNH 17 TỶ,,"nhân hòa, Phường Nhân Chính, Quận Thanh Xuân, Hà NộiXem bản đồ","17,5 tỷ - 63 m2"
50 m²,4 phòng,3 phòng,Đã có sổ,"Nhà ngõ, hẻm",,,69 triệu/m²,Đông Nam,3,,,,ha-noi,"Bán 50m2 nhà Dân Xây Long Biên, Lô góc, Ô tô đỗ - Nhỉnh 3 tỷ.",,"Đường Bát Khối, Phường Thạch Bàn, Quận Long Biên, Hà NộiXem bản đồ","3,45 tỷ - 50 m2"
35 m²,3 phòng,4 phòng,,"Nhà ngõ, hẻm",,,"148,57 triệu/m²",,,,,,ha-noi,BÁN NHÀ TT CẦU GIẤY 35M 5T NHÀ ĐẸP NHỈNH 5 TỶ,,"Trần Quốc Vượng, Phường Dịch Vọng Hậu, Quận Cầu Giấy, Hà NộiXem bản đồ","5,2 tỷ - 35 m2"
81 m²,nhiều hơn 10 phòng,Nhiều hơn 6 phòng,,"Nhà mặt phố, mặt tiền",4 m,,"283,95 triệu/m²",,9,,Nội thất đầy đủ,,ha-noi,"Vip cầu giấy- CHDV, spa- 9 tầng- MT 4m- oto tránh-23 tỷ!",,"Nguyễn thị định, Phường Trung Hoà, Quận Cầu Giấy, Hà NộiXem bản đồ",23 tỷ - 81 m2
30 m²,2 phòng,2 phòng,Đã có sổ,"Nhà mặt phố, mặt tiền",,,"101,67 triệu/m²",,,,,,ha-noi,"Bán gấp nhà 2 tầng cực đẹp rẻ, kinh doanh tốt tại ngõ 254 Minh Khai -",,"Phố Minh Khai, Phường Minh Khai, Quận Hai Bà Trưng, Hà NộiXem bản đồ","3,05 tỷ - 30 m2"
30 m²,4 phòng,4 phòng,Đã có sổ,"Nhà ngõ, hẻm",,30 m²,"96,67 triệu/m²",,5,,,,ha-noi,⚠️⚠️ QUÁ ĐẸP CẦN ĐI NGAY CĂN NHÀ MỚI-OTO ĐỖ CỬA-NHỎ TIỀN❌❌,,"Phố Thanh Am, Phường Thượng Thanh, Quận Long Biên, Hà NộiXem bản đồ","2,9 tỷ - 30 m2"
20 m²,2 phòng,,Đã có sổ,"Nhà ngõ, hẻm",,,"112,5 triệu/m²",,,,,,ha-noi,Nhà nhỏ đẹp giá quá rẻ! Bạch Mai nhanh chân may còn kịp 20m2*4 T,,"Phố Bạch Mai, Phường Bạch Mai, Quận Hai Bà Trưng, Hà NộiXem bản đồ","2,25 tỷ - 20 m2"
45 m²,4 phòng,3 phòng,Đã có sổ,"Nhà ngõ, hẻm",,45 m²,"86,67 triệu/m²",,,,Nội thất đầy đủ,,ha-noi,"Bán nhàTrần Phú Hà Đông 50 mét ra phố 45 mét, nhỉnh 3 tỷ, 4 ngủ -",,"Đường Trần Phú, Phường Văn Quán, Quận Hà Đông, Hà NộiXem bản đồ","3,9 tỷ - 45 m2"
70 m²,8 phòng,Nhiều hơn 6 phòng,Đã có sổ,"Nhà mặt phố, mặt tiền",,,"231,43 triệu/m²",,6,,Nội thất cao cấp,,ha-noi,"Mặt phố to Hồ Tùng Mậu kd đỉnh, 2 mặt tiền, 2 làn đường, 70m2,16 tỷ,",,"Hồ Tùng Mậu, Phường Mai Dịch, Quận Cầu Giấy, Hà NộiXem bản đồ","16,2 tỷ - 70 m2"
48 m²,6 phòng,6 phòng,Đã có sổ,"Nhà ngõ, hẻm",4.2 m,,"189,58 triệu/m²",,,,,11.5 m,ha-noi,MẶT PHỐ NGÕ 155 CẦU GIẤY - Ô TÔ TRÁNH - KINH DOANH - 48M2 GIÁ 9.1 TỶ.,,"Cầu Giấy, Phường Mai Dịch, Quận Cầu Giấy, Hà NộiXem bản đồ","9,1 tỷ - 48 m2"
132 m²,3 phòng,2 phòng,Đã có sổ,"Nhà mặt phố, mặt tiền",,,"174,24 triệu/m²",,2,,Nội thất cao cấp,,ha-noi,"Chủ sang Đức bán nhà Mp Nguyễn Khánh Toàn KD.oto,132m2, MT 6m, 23 tỷ.",,"Nguyễn Khánh Toàn, Phường Nghĩa Đô, Quận Cầu Giấy, Hà NộiXem bản đồ",23 tỷ - 132 m2
58 m²,nhiều hơn 10 phòng,Nhiều hơn 6 phòng,Đã có sổ,"Nhà mặt phố, mặt tiền",,,"272,41 triệu/m²",,7,,Nội thất cao cấp,,ha-noi,NHÀ NGUYỄN KHANG CG -THANG MÁY - KD DÒNG TIỀN Ô TÔ - 53M 15.8 TỶ.,,"Nguyễn Khang, Phường Trung Hoà, Quận Cầu Giấy, Hà NộiXem bản đồ","15,8 tỷ - 58 m2"
80 m²,6 phòng,,Đang chờ sổ,"Nhà ngõ, hẻm",,80 m²,"98,75 triệu/m²",,4,Hẻm xe hơi,,,ha-noi,"Liền kề Thanh Đàm, 80m x 4T, Mt 4m, 2 thoáng, 3 ô tô tránh, 7.9 tỷ",,"Phố Thanh Đàm, Phường Thanh Trì, Quận Hoàng Mai, Hà NộiXem bản đồ","7,9 tỷ - 80 m2"
32 m²,4 phòng,4 phòng,Đã có sổ,"Nhà ngõ, hẻm",,,"95,31 triệu/m²",Đông Nam,5,,,,ha-noi,Chính chủ bán nhà 1 căn *** độc lập ô tô đỗ cửa xây 5 tầng,,"Thạch Bàn, Phường Thạch Bàn, Quận Long Biên, Hà NộiXem bản đồ","3,05 tỷ - 32 m2"
46 m²,3 phòng,5 phòng,Đã có sổ,"Nhà ngõ, hẻm",,46 m²,"147,83 triệu/m²",,6,,,,ha-noi,"Bán nhà Ao Vực, 46m x 6T thang máy, MT 4.2m, nhà dân xây, giá 6.8 tỷ",,"Ao vực, Phường Trần Phú, Quận Hoàng Mai, Hà NộiXem bản đồ","6,8 tỷ - 46 m2"
40 m²,3 phòng,4 phòng,Đã có sổ,"Nhà ngõ, hẻm",,,"148,75 triệu/m²",,5,,Nội thất đầy đủ,,ha-noi,"Nhà Đẹp Cầu Giấy 40M, 5 Tầng, MT 4.1M, Giá 5.95 tỷ Cầu Giấy",,"Cầu Giấy, Phường Dịch Vọng, Quận Cầu Giấy, Hà NộiXem bản đồ","5,95 tỷ - 40 m2"
50 m²,4 phòng,4 phòng,Đã có sổ,Nhà phố liền kề,,,174 triệu/m²,Đông Nam,5,,,,ha-noi,CHÍNH CHỦ GỬI BÁN LIỀN KỀ DT 50m-4 PHÒNG NGỦ KĐT VĂN KHÊ-HÀ ĐÔNG,,"Phường La Khê, Hà Đông, Hà Nội, Phường La Khê, Quận Hà Đông, Hà NộiXem bản đồ","8,7 tỷ - 50 m2"
142 m²,4 phòng,,,Nhà biệt thự,,,"146,48 triệu/m²",Đông Nam,4,,Bàn giao thô,,ha-noi,Giá bán Biệt Thự tại Vinhomes Ocean Park Gia Lâm 12/12/2023,,"Sao Biển, Xã Đa Tốn, Huyện Gia Lâm, Hà NộiXem bản đồ","20,8 tỷ - 142 m2"
33 m²,3 phòng,3 phòng,Đã có sổ,"Nhà ngõ, hẻm",,,"65,15 triệu/m²",Đông Nam,4,,,,ha-noi,Nhà xây hiện đại có sân trước nhà để ôtô gần bến xe Yên Nghĩa~33m2x4T,," Đường Nhân Huệ, Phường Đồng Mai, Quận Hà Đông, Hà NộiXem bản đồ","2,15 tỷ - 33 m2"
55 m²,6 phòng,,,"Nhà mặt phố, mặt tiền",,,"263,64 triệu/m²",,,,,,ha-noi,"Nhà phố Trung Kính đôi-Cầu Giấy-Vỉa hè-kd-oto tránh.MT 5mx 55m, 6 tầng",,"Trung Kính, Phường Yên Hoà, Quận Cầu Giấy, Hà NộiXem bản đồ","14,5 tỷ - 55 m2"
55 m²,6 phòng,,,"Nhà mặt phố, mặt tiền",,,"263,64 triệu/m²",,,,,,ha-noi,"Nhà phố Trung Kính đôi-Cầu Giấy-Vỉa hè-kd-oto tránh.MT 5mx 55m, 6 tầng",,"Trung Kính, Phường Yên Hoà, Quận Cầu Giấy, Hà NộiXem bản đồ","14,5 tỷ - 55 m2"
28 m²,3 phòng,,Đã có sổ,"Nhà mặt phố, mặt tiền",,,"206,79 triệu/m²",,,,,,ha-noi,"Bán nhà mặt phố Kim Hoa, Đống Đa, ô tô 2 chiều KD, 28m2 x4T chỉ 5.8 tỷ",,"Phố Kim Hoa, Phường Phương Liên, Quận Đống Đa, Hà NộiXem bản đồ","5,79 tỷ - 28 m2"
32 m²,3 phòng,4 phòng,Đã có sổ,"Nhà ngõ, hẻm",,,"76,56 triệu/m²",Tây Bắc,5,,,,ha-noi,"Nhà xây độclập 2 mặt thoáng tại ThanhLãm,Phú Lãm~32m2x5T/gần đường ôtô",,"Thanh Lãm, Phường Phú Lãm, Quận Hà Đông, Hà NộiXem bản đồ","2,45 tỷ - 32 m2"
37 m²,5 phòng,4 phòng,Đã có sổ,"Nhà ngõ, hẻm",,,100 triệu/m²,,4,,Nội thất đầy đủ,,ha-noi,"Bán nhà Hoè Thị, Phương Canh 37m2 lô góc xây độc lập",,"Phố Hòe Thị, Phường Phương Canh, Quận Nam Từ Liêm, Hà NộiXem bản đồ","3,7 tỷ - 37 m2"
53 m²,5 phòng,,Đã có sổ,"Nhà ngõ, hẻm",,,"103,77 triệu/m²",,,,,,ha-noi,"Bán nhà phố Phương Liệt, nhà dân xây, gần ô tô, 53m, 4T, chỉ 5.5 tỷ",,"Phố Phương Liệt, Phường Phương Liệt, Quận Thanh Xuân, Hà NộiXem bản đồ","5,5 tỷ - 53 m2"
55 m²,4 phòng,4 phòng,,"Nhà ngõ, hẻm",,,"126,36 triệu/m²",,,,,,ha-noi,"Bán nhà phố Nam Đồng, ngõ rộng, nhà như cung điện, 55m, 4PN, 6.95 tỷ",,"Nam Đồng, Phường Nam Đồng, Quận Đống Đa, Hà NộiXem bản đồ","6,95 tỷ - 55 m2"
42.6 m²,4 phòng,3 phòng,Đã có sổ,"Nhà ngõ, hẻm",,,"60,56 triệu/m²",,4,,Nhà trống,,ha-noi,"đông la ngõ ô tô con 4 tầng 42.6m2 2,58 tỷ",,"undefined, Xã Đông La, Huyện Hoài Đức, Hà NộiXem bản đồ","2,58 tỷ - 42.6 m2"
36 m²,4 phòng,,Đã có sổ,"Nhà ngõ, hẻm",,,"107,78 triệu/m²",,4,,Nội thất đầy đủ,,ha-noi,Nhà riêng Phương Canh 2 mặt thoáng 36m2 4 tầng 3 tỷ 880 triệu,,"Đường Xuân Phương, Phường Phương Canh, Quận Nam Từ Liêm, Hà NộiXem bản đồ","3,88 tỷ - 36 m2"
32 m²,3 phòng,2 phòng,Đã có sổ,"Nhà ngõ, hẻm",,32 m²,"58,75 triệu/m²",,,,Nhà trống,,ha-noi,"Bán nhà Dân Xây La Tinh Đông La oto con đến cửa 3 tầng 32m2 1,88 tỷ",,"la tinh, Xã Đông La, Huyện Hoài Đức, Hà NộiXem bản đồ","1,88 tỷ - 32 m2"
30 m²,4 phòng,,Đã có sổ,"Nhà ngõ, hẻm",,30 m²,"71,67 triệu/m²",,4,,Nhà trống,,ha-noi,Bán nhà Đông La cạnh trạm y tế 3 mặt thoáng 30m2 2.15 tỷ,,"ĐÊ YÊN NGHĨA, Xã Đông La, Huyện Hoài Đức, Hà NộiXem bản đồ","2,15 tỷ - 30 m2"
20 m²,3 phòng,3 phòng,Đã có sổ,"Nhà ngõ, hẻm",,,"132,5 triệu/m²",,5,,,,ha-noi,LINH QUANG NGÕ KD THÔNG THOÁNG,,"Tôn Đức Thắng, Phường Hàng Bột, Quận Đống Đa, Hà NộiXem bản đồ","2,65 tỷ - 20 m2"
45 m²,4 phòng,4 phòng,Đã có sổ,"Nhà ngõ, hẻm",,,"118,89 triệu/m²",,5,,Nội thất đầy đủ,,ha-noi,"Bán nhà cạnh khu 7.2Ha Vĩnh Phúc, Ba Đình- 45m2 x 5 tầng, 4 ngủ - 5 tỷ",,"Đường Hoàng Hoa Thám, Phường Vĩnh Phúc, Quận Ba Đình, Hà NộiXem bản đồ","5,35 tỷ - 45 m2"
55 m²,4 phòng,4 phòng,Đã có sổ,"Nhà mặt phố, mặt tiền",,,"132,73 triệu/m²",,5,,Nội thất cao cấp,,ha-noi,"Chính Chủ Cần Bán Nhà Võ Chí Công 55m2 Thoáng, Trung Tâm",,"Võ Chí Công, Phường Nghĩa Đô, Quận Cầu Giấy, Hà NộiXem bản đồ","7,3 tỷ - 55 m2"
26 m²,2 phòng,2 phòng,Giấy tờ khác,"Nhà ngõ, hẻm",36 m,,"61,54 triệu/m²",,3,,,,ha-noi,Bán nhà ko sổ ngõ phố Khâm Thiế,,"Khâm Thien, Phường Hàng Bột, Quận Đống Đa, Hà NộiXem bản đồ","1,6 tỷ - 26 m2"
40 m²,3 phòng,4 phòng,Đã có sổ,"Nhà ngõ, hẻm",,,115 triệu/m²,,5,,Nội thất đầy đủ,,ha-noi,"CHÍNH CHỦ BÁN RẤT GẤP NHÀ TỪ LIÊM 40M2,LOGOC, CÁCH OTO 20M GIÁ CHỈ 4TỶ",,"TỪ LIÊM, Phường Cổ Nhuế 1, Quận Bắc Từ Liêm, Hà NộiXem bản đồ","4,6 tỷ - 40 m2"
41 m²,4 phòng,3 phòng,Đã có sổ,"Nhà ngõ, hẻm",,,"129,02 triệu/m²",,4,,Nội thất đầy đủ,,ha-noi,CÓ NGAY HỘ KHẨU TÂY HỒ CHỈ HƠN 5 TỶ NHÀ ĐẸP ĐÓN TẾT,,"Đường Âu Cơ, Phường Tứ Liên, Quận Tây Hồ, Hà NộiXem bản đồ","5,29 tỷ - 41 m2"
45 m²,5 phòng,6 phòng,Đã có sổ,"Nhà mặt phố, mặt tiền",,,210 triệu/m²,,7,,Nội thất cao cấp,,ha-noi,Hoàng Quốc Việt - Bán nhà 7 tầng thang máy - Full nội thất - Ô tô qua,,"Đường Hoàng Quốc Việt, Phường Nghĩa Đô, Quận Cầu Giấy, Hà NộiXem bản đồ","9,45 tỷ - 45 m2"
22 m²,2 phòng,,Đã có sổ,"Nhà ngõ, hẻm",3.2 m,,"115,91 triệu/m²",,4,,Nội thất đầy đủ,,ha-noi,"BÁN NHÀ TRUNG TÂM ĐỐNG ĐA – LÔ GÓC, 22M, 4 TẦNG, 2,55 TỶ",,"Linh Quang, Phường Văn Chương, Quận Đống Đa, Hà NộiXem bản đồ","2,55 tỷ - 22 m2"
40 m²,4 phòng,5 phòng,Đã có sổ,"Nhà ngõ, hẻm",,,140 triệu/m²,,5,,Nội thất cao cấp,,ha-noi,Đội Cấn 40m2 5T Thang máy- Nhà mới đón tết- Ngõ Thoáng Hơn 5 tỷ,,"Đội Cấn, Phường Đội Cấn, Quận Ba Đình, Hà NộiXem bản đồ","5,6 tỷ - 40 m2"
24 m²,3 phòng,4 phòng,Đã có sổ,"Nhà ngõ, hẻm",,,"216,67 triệu/m²",,5,,Nội thất cao cấp,,ha-noi,Văn Cao 34m2 5T Thang máy- Ngõ thông kinh doanh- Gần Hồ- Giá 5 tỷ,,"Đường Văn Cao, Phường Liễu Giai, Quận Ba Đình, Hà NộiXem bản đồ","5,2 tỷ - 24 m2"
40 m²,4 phòng,5 phòng,Đã có sổ,"Nhà ngõ, hẻm",,,140 triệu/m²,,5,,Nội thất cao cấp,,ha-noi,Đội Cấn 40m2 5T Thang máy- Nhà mới đón tết- Ngõ Thoáng Hơn 5 tỷ,,"Đội Cấn, Phường Đội Cấn, Quận Ba Đình, Hà NộiXem bản đồ","5,6 tỷ - 40 m2"
24 m²,3 phòng,4 phòng,Đã có sổ,"Nhà ngõ, hẻm",,,"216,67 triệu/m²",,5,,Nội thất cao cấp,,ha-noi,Văn Cao 34m2 5T Thang máy- Ngõ thông kinh doanh- Gần Hồ- Giá 5 tỷ,,"Đường Văn Cao, Phường Liễu Giai, Quận Ba Đình, Hà NộiXem bản đồ","5,2 tỷ - 24 m2"
55 m²,4 phòng,,Đã có sổ,"Nhà ngõ, hẻm",5 m,,"161,82 triệu/m²",,5,,Nội thất đầy đủ,,ha-noi,Phố Nguyễn Công Hoan 52m2 - 5T Kinh Doanh- 2 mặt ngõ ô tô tránh- 8 tỷ,,"Nguyễn Công Hoan, Phường Ngọc Khánh, Quận Ba Đình, Hà NộiXem bản đồ","8,9 tỷ - 55 m2"
38 m²,3 phòng,4 phòng,Đã có sổ,"Nhà ngõ, hẻm",,,"128,95 triệu/m²",,5,,Nội thất đầy đủ,,ha-noi,"Ngọc Hà, Ba Đình - Nhà mới 5 tầng - Ở ngay - Hiếm trong phân khúc 4 tỷ",,"Phố Ngọc Hà, Phường Ngọc Hà, Quận Ba Đình, Hà NộiXem bản đồ","4,9 tỷ - 38 m2"
50 m²,10 phòng,,Đã có sổ,"Nhà ngõ, hẻm",,,172 triệu/m²,,6,Nở hậu,Nội thất cao cấp,,ha-noi,"CHDV KIM MÃ, 50M X 6T TM, 2THOÁNG, PCCC XỊN, 10 P KK ĐỦ ĐỒ, DT 800TR",,"Phố Kim Mã, Phường Kim Mã, Quận Ba Đình, Hà NộiXem bản đồ","8,6 tỷ - 50 m2"
30 m²,4 phòng,3 phòng,Đã có sổ,Nhà phố liền kề,,,"61,67 triệu/m²",,4,Hẻm xe hơi,,,ha-noi,Bán Nhà Biên giang Hà Đông giá rẻ,,"Đại Thành, Phường Yên Nghĩa, Quận Hà Đông, Hà NộiXem bản đồ","1,85 tỷ - 30 m2"
52 m²,2 phòng,1 phòng,Đã có sổ,"Nhà ngõ, hẻm",,100 m²,"86,54 triệu/m²",,,Nở hậu,,,ha-noi,BÁN ĐẤT TẶNG NHÀ 2 TẦNG TRUNG TÂM THANH XUÂN -NGÕ THÔNG -KINH DOANH,,"Quan Nhân, Phường Nhân Chính, Quận Thanh Xuân, Hà NộiXem bản đồ","4,5 tỷ - 52 m2"
61 m²,7 phòng,,Đã có sổ,"Nhà ngõ, hẻm",,,"108,2 triệu/m²",,,Nở hậu,Nội thất đầy đủ,,ha-noi,"BÁN CHDV BẠCH MAI 61M X 6T, MT5.5M, 2 THOÁNG, SỔ VUÔNG, GẦN PHỐ,6 TỶ 6",,"Phố Bạch Mai, Phường Cầu Dền, Quận Hai Bà Trưng, Hà NộiXem bản đồ","6,6 tỷ - 61 m2"
45 m²,6 phòng,,Đã có sổ,"Nhà ngõ, hẻm",,,"171,11 triệu/m²",,,"Hẻm xe hơi,Nở hậu",Nội thất cao cấp,,ha-noi,"PL GARA VŨ TÔNG PHAN, 45M X 6T, NGÕ Ô TÔ TRÁNH, VÀO NHÀ, NỘI THẤT VIP",,"Vũ Tông Phan, Phường Khương Đình, Quận Thanh Xuân, Hà NộiXem bản đồ","7,7 tỷ - 45 m2"
30 m²,3 phòng,4 phòng,Đã có sổ,"Nhà ngõ, hẻm",,,"163,33 triệu/m²",,5,,Nội thất đầy đủ,,ha-noi,"Mọi người nhanh! NGỌC HÀ, ngõ thông các ngả, nhà lung linh. 30m*5T",,"Phố Ngọc Hà, Phường Ngọc Hà, Quận Ba Đình, Hà NộiXem bản đồ","4,9 tỷ - 30 m2"
100 m²,8 phòng,Nhiều hơn 6 phòng,Đã có sổ,"Nhà mặt phố, mặt tiền",,,429 triệu/m²,,9,,Nội thất cao cấp,,ha-noi,Mặt phố Khuất Duy Tiến-Thanh Xuân-100m2 x 9 Tầng-Vỉa hè rộng-42.9 tỷ,,"Khuất Duy Tiến, Phường Thanh Xuân Bắc, Quận Thanh Xuân, Hà NộiXem bản đồ","42,9 tỷ - 100 m2"
41 m²,7 phòng,4 phòng,Đã có sổ,"Nhà ngõ, hẻm",,,"207,32 triệu/m²",,5,,Nội thất đầy đủ,,ha-noi,"Nhà Đẹp Lạc Long Quân, Tây Hồ 45M, 5 Tầng, Giá 8.5 Tỷ, 2 Nhà ra Phố.",,"Lạc Long Quân, Phường Nhật Tân, Quận Tây Hồ, Hà NộiXem bản đồ","8,5 tỷ - 41 m2"
43 m²,4 phòng,5 phòng,Đã có sổ,"Nhà ngõ, hẻm",,,"143,02 triệu/m²",,6,,Nội thất đầy đủ,,ha-noi,Trích Sài - Nhà mới 44m2 x 6 tầng thang máy- Trước nhà thoáng- Ở ngay,,"Phố Trích Sài, Phường Bưởi, Quận Tây Hồ, Hà NộiXem bản đồ","6,15 tỷ - 43 m2"
45 m²,4 phòng,,Đã có sổ,"Nhà ngõ, hẻm",,45 m²,"143,56 triệu/m²",,,,,,ha-noi,"Nhà đẹp ở ngay Nhân Chính, Thanh Xuân. DT 45m. 4 tầng. Giá 6.460 tỷ",,"Quan Nhân, Phường Nhân Chính, Quận Thanh Xuân, Hà NộiXem bản đồ","6,46 tỷ - 45 m2"
48 m²,5 phòng,4 phòng,Đã có sổ,"Nhà ngõ, hẻm",,,"110,42 triệu/m²",,5,,Nội thất đầy đủ,,ha-noi,Đội Cấn - TT Ba Đình 48m x 5 Tầng - Ngõ To - Gần Ô Tô - 2 Thoáng,,"Đội Cấn, Phường Ngọc Hà, Quận Ba Đình, Hà NộiXem bản đồ","5,3 tỷ - 48 m2"
45 m²,4 phòng,4 phòng,Đã có sổ,"Nhà ngõ, hẻm",,,"144,44 triệu/m²",,4,,Nội thất đầy đủ,,ha-noi,nhà mặt ngõ phố quan nhân gần phố 45m -4 tầng -6ty5 thương lượng,,"Quan Nhân, Phường Nhân Chính, Quận Thanh Xuân, Hà NộiXem bản đồ","6,5 tỷ - 45 m2"
50 m²,4 phòng,3 phòng,,"Nhà ngõ, hẻm",,200 m²,104 triệu/m²,,4,Nở hậu,,,ha-noi,BÁN NHÀ TRUNG TÂM THANH XUÂN - NGÕ RỘNG - DÂN TRÍ CAO - GẦN NGÃ 4 SỞ,,"Chính Kinh, Phường Nhân Chính, Quận Thanh Xuân, Hà NộiXem bản đồ","5,2 tỷ - 50 m2"
35 m²,3 phòng,4 phòng,Đã có sổ,"Nhà ngõ, hẻm",,,"134,29 triệu/m²",,5,,Nội thất đầy đủ,,ha-noi,Thuỵ Khuê - Nhà mới 5 tầng ở ngay - Giá 4.7 tỷ - 50m ra phố,,"Đường Thụy Khuê, Phường Bưởi, Quận Tây Hồ, Hà NộiXem bản đồ","4,7 tỷ - 35 m2"
33 m²,3 phòng,4 phòng,Đã có sổ,"Nhà ngõ, hẻm",,,"112,12 triệu/m²",Nam,5,,,,ha-noi,"Cần bán Gấp Căn Nhà Đường Hoàng Mai, Nhà Gần Ô Tô cách Đúng 15m",,"Hoàng mai, Phường Hoàng Văn Thụ, Quận Hoàng Mai, Hà NộiXem bản đồ","3,7 tỷ - 33 m2"
37.5 m²,3 phòng,,Đã có sổ,"Nhà ngõ, hẻm",,,136 triệu/m²,,4,,,,ha-noi,"Phố víp Hào Nam , ở kết hợp kd 3 gác đỗ cửa ngõ thông quan thổ 35,5M",,"Hào Nam, Phường Ô Chợ Dừa, Quận Đống Đa, Hà NộiXem bản đồ","5,1 tỷ - 37.5 m2"
