Diện tích đất:,Số phòng ngủ:,Số phòng vệ sinh:,Giấy tờ pháp lý:,Loại hình nhà ở:,Chiều ngang:,Diện tích sử dụng:,Giá/m2:,Hướng cửa chính:,Tổng số tầng:,Đặc điểm nhà/đất:,Tình trạng nội thất:,Chiều dài:,Location,Name,URL,District,Price
48 m²,9 phòng,Nhiều hơn 6 phòng,,"Nhà ngõ, hẻm",,,"129,17 triệu/m²",,,,,,ha-noi,"Bán nhà ccmn Nguyễn Cơ Thạch, 48m2x6 tầng. 9p đẹp khép kín, 6.2 tỷ",,"Phố Nguyễn Cơ Thạch, Phường Cầu Diễn, Quận Nam Từ Liêm, Hà NộiXem bản đồ","6,2 tỷ - 48 m2"
35 m²,3 phòng,3 phòng,Đã có sổ,"Nhà ngõ, hẻm",,,"74,29 triệu/m²",,4,,Nội thất đầy đủ,,ha-noi,"BÁN NHÀ QUẬN HÀ ĐÔNG , CÁCH BẾN XE YÊN NGHĨA 2km, GIÁ CHỈ TỪ 2 tỷ",,"Đường Hòa Bình, Phường Yên Nghĩa, Quận Hà Đông, Hà NộiXem bản đồ","2,6 tỷ - 35 m2"
98 m²,6 phòng,5 phòng,Đã có sổ,,,,"39,8 triệu/m²",Đông,8,,,,ha-noi,Bán Gấp CC CT5 Trần Hữu Dực,,"Phố Trần Hữu Dực, Phường Mỹ Đình 2, Quận Nam Từ Liêm, Hà NộiXem bản đồ","3,9 tỷ - 98 m2"
74 m²,6 phòng,,Đã có sổ,"Nhà mặt phố, mặt tiền",6 m,,"209,46 triệu/m²",,,,Nhà trống,12.3 m,ha-noi,"bán nhà : hiện đại 6 tầng , cầu thang máy , k doanh , vp , thoáng",,"Phố Hòe Thị, Phường Xuân Phương, Quận Nam Từ Liêm, Hà NộiXem bản đồ","15,5 tỷ - 74 m2"
101 m²,nhiều hơn 10 phòng,Nhiều hơn 6 phòng,Đã có sổ,"Nhà ngõ, hẻm",,,"166,34 triệu/m²",,77,,Nội thất cao cấp,,ha-noi,CHDV - CCMN Cầu Giấy - 101m2 - 16.8 tỷ - 18p - doanh thu 1.4 tỷ/năm,,"Cầu Giấy, Phường Yên Hoà, Quận Cầu Giấy, Hà NộiXem bản đồ","16,8 tỷ - 101 m2"
32 m²,3 phòng,4 phòng,Đã có sổ,"Nhà ngõ, hẻm",,,"132,81 triệu/m²",,5,,Nhà trống,,ha-noi,Nhà mặt ngõ Phú Thượng-còn 1 căn -32m-5 tầng-ngõ 3m-3 ngủ-nhỉnh 4 tỷ,,"An Dương Vương, Phường Phú Thượng, Quận Tây Hồ, Hà NộiXem bản đồ","4,25 tỷ - 32 m2"
32 m²,3 phòng,3 phòng,Đã có sổ,"Nhà ngõ, hẻm",,,"92,19 triệu/m²",,4,,Nội thất đầy đủ,,ha-noi,Bán nhà ngõ 66 phố Tân Mai quận Hoàng Mai.Ngõ kinh doanh ô tô tránh,,"Phố Tân Mai, Phường Tân Mai, Quận Hoàng Mai, Hà NộiXem bản đồ","2,95 tỷ - 32 m2"
34 m²,3 phòng,4 phòng,Đã có sổ,"Nhà ngõ, hẻm",,,"141,18 triệu/m²",,5,,,,ha-noi,TRẦN KHÁT CHÂN-NHÀ ĐẸP-LÔ GÓC-GẦN PHỐ- DT34 -5 TẦNG-HƠN 4TỶ,,"Đường Trần Khát Chân, Phường Đống Mác, Quận Hai Bà Trưng, Hà NộiXem bản đồ","4,8 tỷ - 34 m2"
44 m²,4 phòng,5 phòng,Đã có sổ,"Nhà mặt phố, mặt tiền",,,"136,36 triệu/m²",,5,,Nội thất cao cấp,,ha-noi,CC BÁN NHÀ P/L KIM NGƯU-LÔ GÓC 3 THOÁNG-GẦN OTO-DT44m-5 TẦNG-HƠN 6TỶ,,"Phố Kim Ngưu, Phường Thanh Lương, Quận Hai Bà Trưng, Hà NộiXem bản đồ",6 tỷ - 44 m2
42 m²,3 phòng,4 phòng,Đã có sổ,"Nhà mặt phố, mặt tiền",,,"119,05 triệu/m²",,5,,Nội thất cao cấp,,ha-noi,CC BÁN NHÀ TRẦN KHÁT CHÂN-NGÕ NÔNG-GẦN OTO-DT42m-5 Tầng-HƠN 5TỶ,,"Đường Trần Khát Chân, Phường Thanh Nhàn, Quận Hai Bà Trưng, Hà NộiXem bản đồ",5 tỷ - 42 m2
35 m²,4 phòng,6 phòng,Đã có sổ,"Nhà mặt phố, mặt tiền",,185 m²,"428,57 triệu/m²",,5,,,,ha-noi,CC BÁN NHÀ XÃ ĐÀN-OTO-THANG MÁY-KINH DOANH-70m2-6 TẦNG-HƠN 15TỶ.,,"Phố Kim Ngưu, Phường Thanh Lương, Quận Hai Bà Trưng, Hà NộiXem bản đồ",15 tỷ - 35 m2
33 m²,3 phòng,4 phòng,Đã có sổ,"Nhà mặt phố, mặt tiền",,,"151,52 triệu/m²",,4,,Nội thất đầy đủ,,ha-noi,CC BÁN NHÀ ĐẠI LA-OTO-NGÕ NÔNG-DT33m2-4 TẦNG-HƠN 5TỶ,,"Phố Đại La, Phường Đồng Tâm, Quận Hai Bà Trưng, Hà NộiXem bản đồ",5 tỷ - 33 m2
60 m²,4 phòng,5 phòng,Đã có sổ,"Nhà mặt phố, mặt tiền",,,165 triệu/m²,,4,,Nội thất cao cấp,,ha-noi,CC BÁN NHÀ BẠCH MAI-NGÕ OTO TRÁNH-DT60m2-4 TẦNG FULL NT-GIÁ9tỷ9,,"Phố Hồng Mai, Phường Quỳnh Lôi, Quận Hai Bà Trưng, Hà NộiXem bản đồ","9,9 tỷ - 60 m2"
31 m²,5 phòng,5 phòng,Đã có sổ,"Nhà ngõ, hẻm",,,"158,06 triệu/m²",,5,,Nội thất cao cấp,,ha-noi,"BN: ÂU CƠ TÂY HỒ; 31M(40)T2×5T..MT3,5M.NHỈNH 4,5 TỶ",,"Đường Âu Cơ, Phường Tứ Liên, Quận Tây Hồ, Hà NộiXem bản đồ","4,9 tỷ - 31 m2"
54 m²,7 phòng,Nhiều hơn 6 phòng,Đã có sổ,"Nhà ngõ, hẻm",,216 m²,"127,78 triệu/m²",,4,,,,ha-noi,Tôi chính chủ cần bán nhag dạng chung cư mini có thang máy,,"Đường Giải Phóng, Phường Giáp Bát, Quận Hoàng Mai, Hà NộiXem bản đồ","6,9 tỷ - 54 m2"
40 m²,4 phòng,4 phòng,Đã có sổ,"Nhà ngõ, hẻm",,,97 triệu/m²,,4,,Nội thất đầy đủ,,ha-noi,"Bán Nhà Linh Đàm DT: 40m2 x 4 tầng, nhà mới đẹp, ở luôn giá 3.88 tỷ",,"bằng Liệt, Phường Hoàng Liệt, Quận Hoàng Mai, Hà NộiXem bản đồ","3,88 tỷ - 40 m2"
45 m²,4 phòng,4 phòng,Đã có sổ,"Nhà ngõ, hẻm",,,"96,22 triệu/m²",,4,,Nội thất đầy đủ,,ha-noi,"Nhà Kim Giang, DT45m2 x 4T, đẹp ở luôn, giá chỉ 4,33 tỷ LH: ***",,"Kim Giang, Phường Đại Kim, Quận Hoàng Mai, Hà NộiXem bản đồ","4,33 tỷ - 45 m2"
45 m²,4 phòng,,Đã có sổ,"Nhà ngõ, hẻm",,180 m²,"82,2 triệu/m²",,,,Nội thất đầy đủ,,ha-noi,"Nhà Bằng Liệt DT 45m2 x 4 tầng, ngõ ô tô, ở luôn, giá chỉ 3.7 tỷ .",,"Bùi quốc khái, Phường Hoàng Liệt, Quận Hoàng Mai, Hà NộiXem bản đồ","3,699 tỷ - 45 m2"
47 m²,4 phòng,,Đã có sổ,"Nhà ngõ, hẻm",3.5 m,50 m²,"120,21 triệu/m²",,4,,,,ha-noi,BÁN NHÀ THỊNH QUANG ĐỐNG ĐA - MỚI XÂY - Ô TÔ ĐỖ NGÕ,,"Ngõ Thịnh Quang, Phường Thịnh Quang, Quận Đống Đa, Hà NộiXem bản đồ","5,65 tỷ - 47 m2"
37 m²,4 phòng,4 phòng,Đã có sổ,"Nhà ngõ, hẻm",,,"93,24 triệu/m²",Đông Nam,4,,,,ha-noi,Chính chủ cần bán nhà tại Tây Mỗ Nam Từ Liêm Hà Nội,,"Ngõ 135, Phường Tây Mỗ, Quận Nam Từ Liêm, Hà NộiXem bản đồ","3,45 tỷ - 37 m2"
45 m²,4 phòng,4 phòng,Đã có sổ,"Nhà ngõ, hẻm",,,"96,22 triệu/m²",,4,,Nội thất đầy đủ,,ha-noi,"Nhà Kim Giang, DT45m2 x 4T, đẹp ở luôn, giá chỉ 4,33 tỷ LH: ***",,"Kim Giang, Phường Đại Kim, Quận Hoàng Mai, Hà NộiXem bản đồ","4,33 tỷ - 45 m2"
45 m²,4 phòng,,Đã có sổ,"Nhà ngõ, hẻm",,180 m²,"82,2 triệu/m²",,,,Nội thất đầy đủ,,ha-noi,"Nhà Bằng Liệt DT 45m2 x 4 tầng, ngõ ô tô, ở luôn, giá chỉ 3.7 tỷ .",,"Bùi quốc khái, Phường Hoàng Liệt, Quận Hoàng Mai, Hà NộiXem bản đồ","3,699 tỷ - 45 m2"
47 m²,4 phòng,,Đã có sổ,"Nhà ngõ, hẻm",3.5 m,50 m²,"120,21 triệu/m²",,4,,,,ha-noi,BÁN NHÀ THỊNH QUANG ĐỐNG ĐA - MỚI XÂY - Ô TÔ ĐỖ NGÕ,,"Ngõ Thịnh Quang, Phường Thịnh Quang, Quận Đống Đa, Hà NộiXem bản đồ","5,65 tỷ - 47 m2"
37 m²,4 phòng,4 phòng,Đã có sổ,"Nhà ngõ, hẻm",,,"93,24 triệu/m²",Đông Nam,4,,,,ha-noi,Chính chủ cần bán nhà tại Tây Mỗ Nam Từ Liêm Hà Nội,,"Ngõ 135, Phường Tây Mỗ, Quận Nam Từ Liêm, Hà NộiXem bản đồ","3,45 tỷ - 37 m2"
38 m²,4 phòng,4 phòng,Đã có sổ,"Nhà mặt phố, mặt tiền",,,"156,58 triệu/m²",,5,,,,ha-noi,NHÀ CHÍNH CHỦ MẶT PHỐ KINH DOANH CẦN BÁN,,"Phố Đại Đồng, Phường Thanh Trì, Quận Hoàng Mai, Hà NộiXem bản đồ","5,95 tỷ - 38 m2"
38 m²,4 phòng,4 phòng,Đã có sổ,"Nhà ngõ, hẻm",,,"130,26 triệu/m²",,5,,Nội thất đầy đủ,,ha-noi,"Dưới 5 tỷ nhà 5 tầng rộng đẹp,ngõ rộng,tiện ích đầy đủ khu dân trí cao",,"Phố Kim Ngưu, Phường Thanh Lương, Quận Hai Bà Trưng, Hà NộiXem bản đồ","4,95 tỷ - 38 m2"
31 m²,3 phòng,4 phòng,Đã có sổ,"Nhà ngõ, hẻm",,,"104,84 triệu/m²",,5,,Nội thất đầy đủ,,ha-noi,"Bán nhà Phương Canh hàng hiếm,10m tới ÔTÔ tránh.32m2.Giá 3.25 tỷ.",,"Đường Phương Canh, Phường Phương Canh, Quận Nam Từ Liêm, Hà NộiXem bản đồ","3,25 tỷ - 31 m2"
50 m²,2 phòng,,,"Nhà ngõ, hẻm",,,60 triệu/m²,,,,,,ha-noi,"NHÀ ĐẸP CỔ DƯƠNG,TIÊNDƯƠNG,NGÕ THÔNG,50m2_ GIÁ 3 TỶ",,"Cổ Dương, Xã Tiên Dương, Huyện Đông Anh, Hà NộiXem bản đồ",3 tỷ - 50 m2
48 m²,2 phòng,2 phòng,Đã có sổ,"Nhà ngõ, hẻm",,,"74,58 triệu/m²",,3,,Nội thất đầy đủ,,ha-noi,Bán nhà âu cơ tứ liên 48m 3 tầng ngõ nông ở ngay 3.58 tỷ,,"âu cơ, Phường Tứ Liên, Quận Tây Hồ, Hà NộiXem bản đồ","3,58 tỷ - 48 m2"
34 m²,3 phòng,3 phòng,Đã có sổ,"Nhà ngõ, hẻm",,,"97,06 triệu/m²",,4,,Nội thất cao cấp,,ha-noi,"Bán gấp nhà Trịnh Văn Bô - Xuân Phương 34m x 4T ô tô đỗ cửa, mới đẹp",,"Trịnh Văn Bô, Phường Xuân Phương, Quận Nam Từ Liêm, Hà NộiXem bản đồ","3,3 tỷ - 34 m2"
30 m²,3 phòng,3 phòng,Đã có sổ,"Nhà ngõ, hẻm",,,"86,67 triệu/m²",,4,,Nội thất đầy đủ,,ha-noi,"Bán nhà phố Mai Động, 40m ra phố DT30x4TxMT3,5 giá 2,6 tỷ",,"Mai Động, Phường Mai Động, Quận Hoàng Mai, Hà NộiXem bản đồ","2,6 tỷ - 30 m2"
35 m²,3 phòng,3 phòng,Đã có sổ,"Nhà ngõ, hẻm",,,"117,14 triệu/m²",,4,"Nở hậu,Hẻm xe hơi",,,ha-noi,BÁN NHÀ NGÕ HOÀ BÌNH 7 - MINH KHAI - LÔ GÓC 2 THOÁNG - SỔ ĐỎ HOA HẬU,,"Ngõ Hòa Bình 7, Phường Minh Khai, Quận Hai Bà Trưng, Hà NộiXem bản đồ","4,1 tỷ - 35 m2"
35 m²,4 phòng,5 phòng,Đã có sổ,"Nhà ngõ, hẻm",,,"94,29 triệu/m²",,5,,Nội thất đầy đủ,,ha-noi,"3,3 tỷ nhà Gần HV Tài Chính-35m2-5 tầng-oto đỗ gần-full đồ cb",,"Phố Văn Hội, Phường Đức Thắng, Quận Bắc Từ Liêm, Hà NộiXem bản đồ","3,3 tỷ - 35 m2"
42 m²,6 phòng,5 phòng,Đã có sổ,"Nhà mặt phố, mặt tiền",,,"130,95 triệu/m²",,5,,Nội thất đầy đủ,,ha-noi,NHÀ MỚI KINGKOONG - NGÕ THÔNG - Ô TÔ - KINH DOANH - TIỆN ÍCH - SĐCC,,"Đê Trần Khát Chân, Phường Thanh Lương, Quận Hai Bà Trưng, Hà NộiXem bản đồ","5,5 tỷ - 42 m2"
61 m²,3 phòng,,,"Nhà ngõ, hẻm",,,"78,69 triệu/m²",,,,,,ha-noi,HIẾM NHÀ 61M2 _ 3 TẦNG NGỌCCHI_ VĨNH NGỌC,,"Ngọc Chi, Xã Vĩnh Ngọc, Huyện Đông Anh, Hà NộiXem bản đồ","4,8 tỷ - 61 m2"
54 m²,4 phòng,,Đã có sổ,"Nhà mặt phố, mặt tiền",5 m,,"270,33 triệu/m²",,6,,Nội thất cao cấp,,ha-noi,"Bán nhà Ngã Tư Vọng, quận Hai Bà - Mới, K.doanh,Vỉa hè,3 thoáng,Ở ngay",,"Phố Đại La, Phường Đồng Tâm, Quận Hai Bà Trưng, Hà NộiXem bản đồ","14,598 tỷ - 54 m2"
25 m²,6 phòng,,,"Nhà mặt phố, mặt tiền",,,480 triệu/m²,,,,,,ha-noi,"BÁN NHÀ MẶT PHỐ VŨ TRỌNG PHỤNG, ĐƯỜNG 22M, MẶT TIỀN 5.4M, 8.6 TỶ.",,"vũ trọng phụng, Phường Thanh Xuân Bắc, Quận Thanh Xuân, Hà NộiXem bản đồ",12 tỷ - 25 m2
32 m²,3 phòng,,,"Nhà mặt phố, mặt tiền",,32 m²,100 triệu/m²,,5,,,,ha-noi,Kim Giang Thanh Trì 32m2 5 tầng nhỉnh 3 tỷ Thanh Liệt gần ô tô,,"Kim Giang, Xã Thanh Liệt, Huyện Thanh Trì, Hà NộiXem bản đồ","3,2 tỷ - 32 m2"
35 m²,3 phòng,,,"Nhà mặt phố, mặt tiền",,35 m²,"67,14 triệu/m²",,4,,,,ha-noi,5m ô tô dừng đỗ gần hồ 35m2 4 tầng chỉ nhỉnh 2 tỷ cầu Tó Tả Thanh Oai,,"Cầu Tó, Xã Tả Thanh Oai, Huyện Thanh Trì, Hà NộiXem bản đồ","2,35 tỷ - 35 m2"
50 m²,4 phòng,4 phòng,Đã có sổ,"Nhà ngõ, hẻm",,,"129,8 triệu/m²",,5,,Nội thất cao cấp,,ha-noi,"Phân Lô Hoàng Cầu, Nhà Đẹp 50m2 5T Chỉ 6,5tỷ _5m Oto Tránh, Lô Góc",,"Phố Hoàng Cầu, Phường Ô Chợ Dừa, Quận Đống Đa, Hà NộiXem bản đồ","6,49 tỷ - 50 m2"
35 m²,3 phòng,,,"Nhà mặt phố, mặt tiền",,35 m²,"67,14 triệu/m²",,4,,,,ha-noi,5m ô tô dừng đỗ gần hồ 35m2 4 tầng chỉ nhỉnh 2 tỷ cầu Tó Tả Thanh Oai,,"Cầu Tó, Xã Tả Thanh Oai, Huyện Thanh Trì, Hà NộiXem bản đồ","2,35 tỷ - 35 m2"
50 m²,4 phòng,4 phòng,Đã có sổ,"Nhà ngõ, hẻm",,,"129,8 triệu/m²",,5,,Nội thất cao cấp,,ha-noi,"Phân Lô Hoàng Cầu, Nhà Đẹp 50m2 5T Chỉ 6,5tỷ _5m Oto Tránh, Lô Góc",,"Phố Hoàng Cầu, Phường Ô Chợ Dừa, Quận Đống Đa, Hà NộiXem bản đồ","6,49 tỷ - 50 m2"
25 m²,1 phòng,1 phòng,,"Nhà ngõ, hẻm",,,78 triệu/m²,,,,,,ha-noi,LĨNH NAM - HƠN 1 TỶ - SỔ ĐỎ RIÊNG CẤT KÉT - NGÕ RỘNG BA GÁC TRÁNH,,"Lĩnh Nam, Phường Lĩnh Nam, Quận Hoàng Mai, Hà NộiXem bản đồ","1,95 tỷ - 25 m2"
175 m²,2 phòng,2 phòng,Đã có sổ,"Nhà ngõ, hẻm",,,"128,57 triệu/m²",,3,,Nhà trống,,ha-noi,"VỊ TRÍ ĐẮC ĐỊA CÒN SÓT LẠI PHỐ LÊ TRỌNG TẤN , giá giật mình",,"Lê Trọng Tấn, Phường Khương Trung, Quận Thanh Xuân, Hà NộiXem bản đồ","22,5 tỷ - 175 m2"
36 m²,3 phòng,,,"Nhà mặt phố, mặt tiền",,,"86,11 triệu/m²",,,,,,ha-noi,🌳🌳Văn Phú gần ô tô chỉ nhỉnh 3 tỷ 3 ngủ 36m2 dân xây chủ cần bán gấp,,"Phố Văn Khê, Phường Phú La, Quận Hà Đông, Hà NộiXem bản đồ","3,1 tỷ - 36 m2"
32 m²,3 phòng,4 phòng,Đã có sổ,"Nhà ngõ, hẻm",,,65 triệu/m²,Đông Nam,5,,,,ha-noi,"NHÀ XÂY MỚI QUẬN HÀ ĐÔNG GẦN BẾN XE YÊN NGHĨA 5 TẦNG 33M2 Giá 2,08 tỷ",,"Quốc lộ 6, Phường Yên Nghĩa, Quận Hà Đông, Hà NộiXem bản đồ","2,08 tỷ - 32 m2"
38 m²,3 phòng,3 phòng,Đã có sổ,"Nhà mặt phố, mặt tiền",,,"144,74 triệu/m²",,4,,Nội thất cao cấp,,ha-noi,Bán Nhà Phố Tây Sơn,,"Phố Tây Sơn, Phường Trung Liệt, Quận Đống Đa, Hà NộiXem bản đồ","5,5 tỷ - 38 m2"
31 m²,3 phòng,4 phòng,,"Nhà ngõ, hẻm",4 m,,"188,71 triệu/m²",Tây Bắc,5,,,,ha-noi,Giang Văn Minh - 35m2 x 5T - 2 mặt ngõ - Gần Ô Tô - LH ***,,"Giang Văn Minh, Phường Kim Mã, Quận Ba Đình, Hà NộiXem bản đồ","5,85 tỷ - 31 m2"
31 m²,4 phòng,4 phòng,Đã có sổ,"Nhà ngõ, hẻm",,,"154,84 triệu/m²",,4,,Nội thất đầy đủ,,ha-noi,Hào Nam - TT. Đống Đa - Dân Xây KCBT 35m2 x 4T - Nhà Mới Ở Ngay,,"Hào nam, Phường Ô Chợ Dừa, Quận Đống Đa, Hà NộiXem bản đồ","4,8 tỷ - 31 m2"
39 m²,3 phòng,4 phòng,Đã có sổ,"Nhà ngõ, hẻm",,,"152,56 triệu/m²",Đông Nam,5,,,,ha-noi,Bán Nhà Cầu Giấy - 42m2 x 5T - Lô Góc - 3 Thoáng -10m ra ô tô -Ở Ngay,,"Cầu Giấy, Phường Quan Hoa, Quận Cầu Giấy, Hà NộiXem bản đồ","5,95 tỷ - 39 m2"
38 m²,3 phòng,4 phòng,Đã có sổ,"Nhà ngõ, hẻm",,,"147,37 triệu/m²",,5,,Nội thất đầy đủ,,ha-noi,"Xã Đàn, Lõi Đống Đa, Lô góc 2 mặt ngõ, 40m2 x 5T, Trc nhà cực rộng",,"Xã Đàn, Phường Ô Chợ Dừa, Quận Đống Đa, Hà NộiXem bản đồ","5,6 tỷ - 38 m2"
44 m²,4 phòng,3 phòng,Đã có sổ,"Nhà ngõ, hẻm",,,"97,5 triệu/m²",,4,,Nội thất đầy đủ,,ha-noi,"Bán Nhà Khương Trung DT: 44m2 x 4T, gần phố, đẹp, ở luôn, giá 4,29 tỷ",,"Khương trung, Phường Khương Trung, Quận Thanh Xuân, Hà NộiXem bản đồ","4,29 tỷ - 44 m2"
40 m²,4 phòng,4 phòng,Đã có sổ,"Nhà ngõ, hẻm",,,97 triệu/m²,,4,,Nội thất đầy đủ,,ha-noi,"Bán nhà Kim Giang DT: 40m2 x 4 T, gần phố, đẹp, ở luôn, giá 3.88 tỷ",,"Kim Giang, Xã Thanh Liệt, Huyện Thanh Trì, Hà NộiXem bản đồ","3,88 tỷ - 40 m2"
42 m²,4 phòng,4 phòng,Đã có sổ,"Nhà ngõ, hẻm",,,"87,81 triệu/m²",,4,,Nhà trống,,ha-noi,"Chỉ 3,688 tỷ mua được nhà DT42m2 x 4T ở Đại Từ, Linh đàm, ở luôn.",,"đại từ, Phường Đại Kim, Quận Hoàng Mai, Hà NộiXem bản đồ","3,688 tỷ - 42 m2"
54 m²,4 phòng,4 phòng,Giấy tờ khác,"Nhà ngõ, hẻm",,,"101,85 triệu/m²",,5,,Nội thất đầy đủ,,ha-noi,"Nhà Đại Từ DT:54m2 x 5T, MT4m ô tô tránh, dừng đỗ ngày đêm, giá 5.5 tỷ",,"ĐẠI TỪ, Phường Đại Kim, Quận Hoàng Mai, Hà NộiXem bản đồ","5,5 tỷ - 54 m2"
35 m²,4 phòng,,Đã có sổ,"Nhà ngõ, hẻm",3.5 m,,"135,71 triệu/m²",,5,,Nội thất đầy đủ,,ha-noi,"Bán nhà Dân xây Ngõ 100 phố Tây Son quận Đống Đa, gần ô tô 2P ra phố",,"Ngõ 100 Tây Sơn, Phường Quang Trung, Quận Đống Đa, Hà NộiXem bản đồ","4,75 tỷ - 35 m2"
42 m²,4 phòng,4 phòng,Đã có sổ,"Nhà ngõ, hẻm",,,"136,9 triệu/m²",,4,,Nội thất đầy đủ,,ha-noi,"Bán nhà Ngõ 521 phôa Tân Mai, ngõ ô tô đỗ cửa nhà đẹp15M ra ô tô tranh",,"Ngõ 521 Đường Trương Định, Phường Tân Mai, Quận Hoàng Mai, Hà NộiXem bản đồ","5,75 tỷ - 42 m2"
47 m²,2 phòng,2 phòng,Đã có sổ,"Nhà mặt phố, mặt tiền",3.2 m,,"180,85 triệu/m²",,2,,,,ha-noi,Bán Nhà TT 2 Tầng Mặt Phố Phạm Ngọc Thạch Kinh doanh vip doanh thu cao,,"Phạm Ngọc Thạch, Phường Kim Liên, Quận Đống Đa, Hà NộiXem bản đồ","8,5 tỷ - 47 m2"
22 m²,3 phòng,4 phòng,Đã có sổ,"Nhà ngõ, hẻm",,,"81,36 triệu/m²",,4,,Nội thất đầy đủ,,ha-noi,Bán nhà chính chủ Ngõ 143 phố Nguyễn Chính nhà gần phố ngõ nông thoang,,"Phố Tân Mai, Phường Tân Mai, Quận Hoàng Mai, Hà NộiXem bản đồ","1,79 tỷ - 22 m2"
40 m²,4 phòng,5 phòng,Đã có sổ,"Nhà ngõ, hẻm",4 m,,"149,98 triệu/m²",,5,,,,ha-noi,Bán nhà Xây Mới 15M ra Đường Bờ Sông Ô tô tránh nhau.Nhà đẹp ngõ đẹp,,"Đường Bờ Sông Sét, Phường Tân Mai, Quận Hoàng Mai, Hà NộiXem bản đồ","5,999 tỷ - 40 m2"
35 m²,4 phòng,,Đã có sổ,"Nhà ngõ, hẻm",3.5 m,,"135,71 triệu/m²",,5,,Nội thất đầy đủ,,ha-noi,"Bán nhà Dân xây Ngõ 100 phố Tây Son quận Đống Đa, gần ô tô 2P ra phố",,"Ngõ 100 Tây Sơn, Phường Quang Trung, Quận Đống Đa, Hà NộiXem bản đồ","4,75 tỷ - 35 m2"
42 m²,4 phòng,4 phòng,Đã có sổ,"Nhà ngõ, hẻm",,,"136,9 triệu/m²",,4,,Nội thất đầy đủ,,ha-noi,"Bán nhà Ngõ 521 phôa Tân Mai, ngõ ô tô đỗ cửa nhà đẹp15M ra ô tô tranh",,"Ngõ 521 Đường Trương Định, Phường Tân Mai, Quận Hoàng Mai, Hà NộiXem bản đồ","5,75 tỷ - 42 m2"
47 m²,2 phòng,2 phòng,Đã có sổ,"Nhà mặt phố, mặt tiền",3.2 m,,"180,85 triệu/m²",,2,,,,ha-noi,Bán Nhà TT 2 Tầng Mặt Phố Phạm Ngọc Thạch Kinh doanh vip doanh thu cao,,"Phạm Ngọc Thạch, Phường Kim Liên, Quận Đống Đa, Hà NộiXem bản đồ","8,5 tỷ - 47 m2"
22 m²,3 phòng,4 phòng,Đã có sổ,"Nhà ngõ, hẻm",,,"81,36 triệu/m²",,4,,Nội thất đầy đủ,,ha-noi,Bán nhà chính chủ Ngõ 143 phố Nguyễn Chính nhà gần phố ngõ nông thoang,,"Phố Tân Mai, Phường Tân Mai, Quận Hoàng Mai, Hà NộiXem bản đồ","1,79 tỷ - 22 m2"
40 m²,4 phòng,5 phòng,Đã có sổ,"Nhà ngõ, hẻm",4 m,,"149,98 triệu/m²",,5,,,,ha-noi,Bán nhà Xây Mới 15M ra Đường Bờ Sông Ô tô tránh nhau.Nhà đẹp ngõ đẹp,,"Đường Bờ Sông Sét, Phường Tân Mai, Quận Hoàng Mai, Hà NộiXem bản đồ","5,999 tỷ - 40 m2"
91 m²,4 phòng,4 phòng,Đã có sổ,"Nhà mặt phố, mặt tiền",5 m,,"189,01 triệu/m²",,4,,,,ha-noi,Bán nhà Mặt Phố Lương Khánh Thiện kinh doanh sầm uất ô tô tránh nhau,,"Phố Lương Khánh Thiện, Phường Tương Mai, Quận Hoàng Mai, Hà NộiXem bản đồ","17,2 tỷ - 91 m2"
45 m²,4 phòng,5 phòng,Đã có sổ,"Nhà mặt phố, mặt tiền",,,"114,44 triệu/m²",Tây,5,,,,ha-noi,"BÁN NHÀ TÂN MAI- HOÀNG MAI 5 TẦNG MỚI - Ô TÔ VÀO NHÀ- 45M - 5,15 TỶ",,"Phố Tân Mai, Phường Tương Mai, Quận Hoàng Mai, Hà NộiXem bản đồ","5,15 tỷ - 45 m2"
32 m²,2 phòng,2 phòng,Đã có sổ,"Nhà ngõ, hẻm",3.7 m,,"91,56 triệu/m²",,2,,,,ha-noi,Bán nhà 2T Ngõ 663 phố Trương Định gần Toà Nhà Nam Đô. Sổ đỏ 32M giá,,"Đường Trương Định, Phường Giáp Bát, Quận Hoàng Mai, Hà NộiXem bản đồ","2,93 tỷ - 32 m2"
70 m²,4 phòng,4 phòng,Đã có sổ,Nhà phố liền kề,5 m,,"227,14 triệu/m²",,4,,,,ha-noi,"Bán nhà khu đô thị Ao Sào quận Hoàng Mai,vị trí đẹp trục chính Ao Sào",,"Phố Tân Mai, Phường Tân Mai, Quận Hoàng Mai, Hà NộiXem bản đồ","15,9 tỷ - 70 m2"
115 m²,4 phòng,3 phòng,Đã có sổ,"Nhà mặt phố, mặt tiền",5 m,,"573,91 triệu/m²",,3,,,,ha-noi,Bán nhà mặt phố Huế quận Hai Bà Trưng. Kinh doanh vip vỉa hè rộng cho,,"Phố Huế, Phường Phố Huế, Quận Hai Bà Trưng, Hà NộiXem bản đồ",66 tỷ - 115 m2
40 m²,4 phòng,,Đã có sổ,"Nhà ngõ, hẻm",3.5 m,,120 triệu/m²,,5,,Nội thất cao cấp,,ha-noi,Bán nhà phố Dương Văn bé quận Hai Bà Trưng lô góc gần phố ngõ thông,,"Phố Dương Văn Bé, Phường Vĩnh Tuy, Quận Hai Bà Trưng, Hà NộiXem bản đồ","4,8 tỷ - 40 m2"
50 m²,6 phòng,4 phòng,Đã có sổ,"Nhà ngõ, hẻm",,,153 triệu/m²,,4,,Nội thất đầy đủ,,ha-noi,Bán nhà phố Khương Thượng - Trường Chinh.Nhà Dân xây 10M ra phố ngõ 3m,,"Đường Trường Chinh, Phường Khương Thượng, Quận Đống Đa, Hà NộiXem bản đồ","7,65 tỷ - 50 m2"
35 m²,4 phòng,4 phòng,Đã có sổ,"Nhà ngõ, hẻm",,,90 triệu/m²,,5,,Nội thất đầy đủ,,ha-noi,Chính Chủ Bán Nhà Phố Ngũ Nhạc Hoàng Mai Hà Nội,,"Ngũ Nhạc, Phường Thanh Trì, Quận Hoàng Mai, Hà NộiXem bản đồ","3,15 tỷ - 35 m2"
54 m²,5 phòng,,Đã có sổ,"Nhà ngõ, hẻm",,,"96,3 triệu/m²",,4,,Nội thất đầy đủ,,ha-noi,"BÁN GẤP 54M HOÀNG HOA THÁM-VĨNH PHÚC-CHỈ 5,2 TỶ-QUY HOẠCH RA CỰC ĐẸP",,"Vĩnh Phúc, Phường Vĩnh Phúc, Quận Ba Đình, Hà NộiXem bản đồ","5,2 tỷ - 54 m2"
50 m²,3 phòng,3 phòng,Đã có sổ,"Nhà ngõ, hẻm",,,150 triệu/m²,,4,,Nội thất cao cấp,,ha-noi,Phân lô 2 Mặt Ngõ - ÔTÔ tránh - Kinh Doanh - Phố Tân Mai,,"Phố Tân Mai, Phường Tân Mai, Quận Hoàng Mai, Hà NộiXem bản đồ","7,5 tỷ - 50 m2"
65 m²,3 phòng,3 phòng,Đã có sổ,"Nhà ngõ, hẻm",,,"184,62 triệu/m²",,4,,Nội thất cao cấp,,ha-noi,Bán gấp nhà phố Nhật Chiêu Tây Hồ 65m mt 7m gara oto lô góc giá rẻ,,"Phố Nhật Chiêu, Phường Nhật Tân, Quận Tây Hồ, Hà NộiXem bản đồ",12 tỷ - 65 m2
46 m²,9 phòng,Nhiều hơn 6 phòng,Đã có sổ,"Nhà ngõ, hẻm",,,"138,04 triệu/m²",,6,,Nội thất đầy đủ,,ha-noi,"9 Phòng KK, CCMN Cầu Giấy, kín phòng. Ngõ thông, 2 thoáng, 15m ô tô",,"Cầu Giấy, Phường Dịch Vọng, Quận Cầu Giấy, Hà NộiXem bản đồ","6,35 tỷ - 46 m2"
30 m²,4 phòng,5 phòng,Đã có sổ,"Nhà ngõ, hẻm",,,"182,67 triệu/m²",,5,,Nội thất đầy đủ,,ha-noi,Phân lô ô góc kđt Định Công.Oto- kinh doanh 30m2 5 tầng nhỉnh 5 tỷ,,"Trịnh Đình Cửu, Phường Định Công, Quận Hoàng Mai, Hà NộiXem bản đồ","5,48 tỷ - 30 m2"
22 m²,3 phòng,3 phòng,Đã có sổ,"Nhà ngõ, hẻm",,,"119,55 triệu/m²",,4,,Nội thất đầy đủ,,ha-noi,"HIẾM! HƠN 2 TỶ Nhà 4 tầng,lô góc,kinh doanh khung betong Lĩnh Nam 22m",,"Lĩnh Nam, Phường Mai Động, Quận Hoàng Mai, Hà NộiXem bản đồ","2,63 tỷ - 22 m2"
42 m²,4 phòng,4 phòng,Đã có sổ,"Nhà ngõ, hẻm",,,"233,33 triệu/m²",,5,,Nội thất đầy đủ,,ha-noi,"Bán Gấp Phân lô Ô TÔ tránh Hoàng Quốc Việt, Kinh Doanh, 42m*5T*MT 6m",,"Hoàng Quốc Việt, Phường Nghĩa Tân, Quận Cầu Giấy, Hà NộiXem bản đồ","9,8 tỷ - 42 m2"
46 m²,9 phòng,Nhiều hơn 6 phòng,Đã có sổ,"Nhà ngõ, hẻm",,,"138,04 triệu/m²",,6,,Nội thất đầy đủ,,ha-noi,"9 Phòng KK, CCMN Cầu Giấy, kín phòng. Ngõ thông, 2 thoáng, 15m ô tô",,"Cầu Giấy, Phường Dịch Vọng, Quận Cầu Giấy, Hà NộiXem bản đồ","6,35 tỷ - 46 m2"
30 m²,4 phòng,5 phòng,Đã có sổ,"Nhà ngõ, hẻm",,,"182,67 triệu/m²",,5,,Nội thất đầy đủ,,ha-noi,Phân lô ô góc kđt Định Công.Oto- kinh doanh 30m2 5 tầng nhỉnh 5 tỷ,,"Trịnh Đình Cửu, Phường Định Công, Quận Hoàng Mai, Hà NộiXem bản đồ","5,48 tỷ - 30 m2"
22 m²,3 phòng,3 phòng,Đã có sổ,"Nhà ngõ, hẻm",,,"119,55 triệu/m²",,4,,Nội thất đầy đủ,,ha-noi,"HIẾM! HƠN 2 TỶ Nhà 4 tầng,lô góc,kinh doanh khung betong Lĩnh Nam 22m",,"Lĩnh Nam, Phường Mai Động, Quận Hoàng Mai, Hà NộiXem bản đồ","2,63 tỷ - 22 m2"
42 m²,4 phòng,4 phòng,Đã có sổ,"Nhà ngõ, hẻm",,,"233,33 triệu/m²",,5,,Nội thất đầy đủ,,ha-noi,"Bán Gấp Phân lô Ô TÔ tránh Hoàng Quốc Việt, Kinh Doanh, 42m*5T*MT 6m",,"Hoàng Quốc Việt, Phường Nghĩa Tân, Quận Cầu Giấy, Hà NộiXem bản đồ","9,8 tỷ - 42 m2"
54 m²,nhiều hơn 10 phòng,Nhiều hơn 6 phòng,,"Nhà ngõ, hẻm",,,"172,22 triệu/m²",,6,,Nội thất đầy đủ,,ha-noi,"DÒNG TIỀN 9% CÓ PCCC 14 PHÒNG, 800TR/NĂM, 54M, KHÔNG CÓ CĂN THỨ 2",,"Võ Thị Sáu, Phường Thanh Nhàn, Quận Hai Bà Trưng, Hà NộiXem bản đồ","9,3 tỷ - 54 m2"
38 m²,5 phòng,6 phòng,Đã có sổ,"Nhà mặt phố, mặt tiền",,,"171,05 triệu/m²",Đông Bắc,5,,,,ha-noi,"BÁN NHÀ 5TẦNG- LÔ GÓC- TÂN MAI- ĐỀN LỪ- HOÀNG MAI- Ô TÔ TRÁNH- 6,5 TỶ",,"Phố Tân Mai, Phường Tân Mai, Quận Hoàng Mai, Hà NộiXem bản đồ","6,5 tỷ - 38 m2"
42 m²,4 phòng,4 phòng,Đã có sổ,"Nhà ngõ, hẻm",,,"190,48 triệu/m²",Đông Bắc,5,,,,ha-noi,BÁN NHÀ NGUYỄN VĂN CỪ - 5 tầng 47m vuông MT 5m VỊ TRÍ ĐẮC ĐỊA - Ô TÔ,,"Nguyễn Văn Cừ, Phường Long Biên, Quận Long Biên, Hà NộiXem bản đồ",8 tỷ - 42 m2
36 m²,3 phòng,4 phòng,Đã có sổ,"Nhà mặt phố, mặt tiền",,,"111,11 triệu/m²",Tây Nam,5,,,,ha-noi,--- SIÊU TIỆN ÍCH--- TIỀN NÀO CỦA ẤY BÁN NHÀ NGUYỄN VĂN LINH LONG BIÊN,,"Đường Nguyễn Văn Linh, Phường Thạch Bàn, Quận Long Biên, Hà NộiXem bản đồ","3,999999 tỷ - 36 m2"
45 m²,4 phòng,,Đã có sổ,"Nhà mặt phố, mặt tiền",,,"191,11 triệu/m²",,,,,,ha-noi,"Bán nhà Tam Trinh Yên Sở, Q. Hoàng Mai, ngõ ô tô tránh, 45m2, 8,6 tỷ",,"Đường Tam Trinh, Phường Yên Sở, Quận Hoàng Mai, Hà NộiXem bản đồ","8,6 tỷ - 45 m2"
35 m²,3 phòng,,Đã có sổ,"Nhà ngõ, hẻm",,,140 triệu/m²,,,,,,ha-noi,"BÁN NHÀ VĂN CAO, BA ĐÌNH 35m2x5 tầng THANG MÁY NHỈNH 4 TỶ",,"Đường Văn Cao, Phường Liễu Giai, Quận Ba Đình, Hà NộiXem bản đồ","4,9 tỷ - 35 m2"
34 m²,3 phòng,4 phòng,Đã có sổ,"Nhà ngõ, hẻm",,,"108,24 triệu/m²",Đông Bắc,4,,,,ha-noi,BÁN NHÀ TRƯƠNG ĐỊNH- HOÀNG MAI- GẦN HỒ ĐỀN LỪ- LÔ GÓC- 5 TẦNG- 3.68 TY,,"15, Đường Trương Định, Phường Thịnh Liệt, Quận Hoàng Mai, Hà NộiXem bản đồ","3,68 tỷ - 34 m2"
33 m²,3 phòng,4 phòng,,"Nhà mặt phố, mặt tiền",4 m,,"118,18 triệu/m²",,5,,,9 m,ha-noi,"BÁN NHÀ TÂN MAI- HOÀNG MAI- 5 TẦNG - Ô TÔ TẢI QUA - 33M- 3,9 TỶ",,"Lương Khánh Thiện, Phường Hoàng Văn Thụ, Quận Hoàng Mai, Hà NộiXem bản đồ","3,9 tỷ - 33 m2"
70 m²,5 phòng,5 phòng,Đã có sổ,Nhà phố liền kề,,,"157,14 triệu/m²",Đông Bắc,4,,,,ha-noi,BÁN BIỆT THỰ LIỀN KỀ AO SÀO- TÂN MAi- GIẢI PHÓNG- HOÀNG MAI- 70M- 11TY,,"Thịnh Liệt, Phường Thịnh Liệt, Quận Hoàng Mai, Hà NộiXem bản đồ",11 tỷ - 70 m2
60 m²,4 phòng,5 phòng,Đã có sổ,"Nhà mặt phố, mặt tiền",,,"166,5 triệu/m²",,6,,Nội thất cao cấp,,ha-noi,MẶT PHỐ VĂN CHƯƠNG. LÔ GÓC. KINH DOANH,,"Văn Chương, Phường Quốc Tử Giám, Quận Đống Đa, Hà NộiXem bản đồ","9,99 tỷ - 60 m2"
90 m²,5 phòng,,Đã có sổ,"Nhà mặt phố, mặt tiền",,400 m²,"161,11 triệu/m²",,4,,,,ha-noi,"Lô góc Lacasta Văn phú, 3 mặt đường, vỉa hè rộng, 90m2x4T, Nhỉnh 14 tỷ",,"Phố Phú La, Phường Phú La, Quận Hà Đông, Hà NộiXem bản đồ","14,5 tỷ - 90 m2"
56 m²,4 phòng,5 phòng,Đã có sổ,"Nhà mặt phố, mặt tiền",,,"101,79 triệu/m²",Đông Bắc,5,,,,ha-noi,BÁN GẤP NHÀ 5 TẦNG KIM ĐỒNG- GiẢI PHÓNG- GIÁP BÁT - Ô TÔ TRÁNH 5.7 TỶ,,"Phố Kim Đồng, Phường Giáp Bát, Quận Hoàng Mai, Hà NộiXem bản đồ","5,7 tỷ - 56 m2"
55 m²,4 phòng,4 phòng,Đã có sổ,"Nhà ngõ, hẻm",,,"190,91 triệu/m²",,5,,Nội thất cao cấp,,ha-noi,TT ĐỐNG ĐA - ẢNH THẬT - NHÀ TK SIÊU ĐẸP - DT 55M - MT 5M - NHỈNH 10 TỶ,,"THÁI HÀ, Phường Láng Hạ, Quận Đống Đa, Hà NộiXem bản đồ","10,5 tỷ - 55 m2"
45 m²,4 phòng,5 phòng,Đã có sổ,"Nhà ngõ, hẻm",,,"221,78 triệu/m²",,6,,Nội thất cao cấp,,ha-noi,THIẾT KẾ ĐẲNG CẤP –ÔTÔ ĐỪNG ĐỖ -THANG MÁY -DT45M – MT4.8M -GIÁ 9.98TỶ,,"VẠN BẢO, Phường Liễu Giai, Quận Ba Đình, Hà NộiXem bản đồ","9,98 tỷ - 45 m2"
90 m²,5 phòng,,Đã có sổ,Nhà phố liền kề,,400 m²,160 triệu/m²,,5,,Nội thất cao cấp,,ha-noi,"Nhà LK Văn phú, PL,Ô tô tránh,vỉa hè,90m2x5T, thang máy NK.Nhỉnh 14 tỷ",,"Phố Văn Khê, Phường Phú La, Quận Hà Đông, Hà NộiXem bản đồ","14,4 tỷ - 90 m2"
50 m²,4 phòng,5 phòng,Đã có sổ,"Nhà ngõ, hẻm",,,174 triệu/m²,,5,,Nội thất cao cấp,,ha-noi,"BÁN NHÀ PHÂN LÔ PHỐ QUAN NHÂN TT QUẬN THANH XUÂN5TẦNG,GARA ÔTÔ VÀO NHÀ",,"Phố Quan Nhân, Phường Nhân Chính, Quận Thanh Xuân, Hà NộiXem bản đồ","8,7 tỷ - 50 m2"
