Diện tích đất:,Số phòng ngủ:,Số phòng vệ sinh:,Giấy tờ pháp lý:,Loại hình nhà ở:,Chiều ngang:,Diện tích sử dụng:,Giá/m2:,Hướng cửa chính:,Tổng số tầng:,Đặc điểm nhà/đất:,Tình trạng nội thất:,Chiều dài:,Location,Name,URL,District,Price
50 m²,3 phòng,,,"Nhà ngõ, hẻm",,,112 triệu/m²,,,,,,ha-noi,"BÁN NHÀ THÁI THỊNH, MỚI TINH Ở NGAY 50M 5.6 TỶ",,"Phố Thái Thịnh, Phường Thịnh Quang, Quận Đống Đa, Hà NộiXem bản đồ","5,6 tỷ - 50 m2"
55 m²,4 phòng,,Đã có sổ,"Nhà ngõ, hẻm",,,"108,18 triệu/m²",,,,,,ha-noi,"RẺ NHẤT KV- NGÕ 95 CHÙA BỘC, ĐỐI DIỆN HỌC VIỆN NGÂN HÀNG, 55M 5.95TỶ",,"Chùa Bộc, Phường Quang Trung, Quận Đống Đa, Hà NộiXem bản đồ","5,95 tỷ - 55 m2"
38 m²,6 phòng,,Đã có sổ,"Nhà ngõ, hẻm",,42 m²,"105,26 triệu/m²",,6,,Nội thất đầy đủ,,ha-noi,"Nhà phố Khương Đình, 38m, 6T, giá 4 tỷ hơn vị trí siêu đẹp, 20m RA PHỐ",,"Khương Đình, Phường Hạ Đình, Quận Thanh Xuân, Hà NộiXem bản đồ",4 tỷ - 38 m2
33 m²,4 phòng,,,"Nhà ngõ, hẻm",,,"177,27 triệu/m²",,,,,,ha-noi,"Bán nhà phố Gian Văn Minh, DT 33m x 6 tầng, giá 5.85 tỷ, ở ngay",,"Giang Văn Minh, Phường Giảng Võ, Quận Ba Đình, Hà NộiXem bản đồ","5,85 tỷ - 33 m2"
27 m²,3 phòng,,,"Nhà ngõ, hẻm",,,"142,96 triệu/m²",,,,,,ha-noi,"Bán nhà 5 tầng cực đẹp rẻ, gần ô tô đỗ tại ngõ 459 Bạch Mai",,"Phố Bạch Mai, Phường Bạch Mai, Quận Hai Bà Trưng, Hà NộiXem bản đồ","3,86 tỷ - 27 m2"
50 m²,5 phòng,5 phòng,Đã có sổ,"Nhà ngõ, hẻm",3.3 m,,300 triệu/m²,,,,,15.15 m,ha-noi,"ĐỈNH CỦA ĐỈNH! Nhà Thái Hà 50m*8T thang máy chỉ 15 tỷ, KD đỉnh, gara,",,"Thái Hà, Phường Trung Liệt, Quận Đống Đa, Hà NộiXem bản đồ",15 tỷ - 50 m2
65 m²,3 phòng,,Đã có sổ,"Nhà ngõ, hẻm",,,"238,46 triệu/m²",,,"Nở hậu,Hẻm xe hơi",Nội thất cao cấp,,ha-noi,"Bán nhà gara oto phố Thái Hà, dt 65m2, 7 tầng, đủ nội thất,giá 15.5 tỷ",,"Phố Thái Hà, Phường Trung Liệt, Quận Đống Đa, Hà NộiXem bản đồ","15,5 tỷ - 65 m2"
55 m²,4 phòng,4 phòng,Đã có sổ,"Nhà ngõ, hẻm",,,"132,36 triệu/m²",,4,,Nội thất cao cấp,,ha-noi,"Bán nhà 4 tầng Võ Chí Công 55m, 7.28 tỷ",,"Võ Chí Công , Phường Quan Hoa, Quận Cầu Giấy, Hà NộiXem bản đồ","7,28 tỷ - 55 m2"
80 m²,2 phòng,,Đã có sổ,"Nhà mặt phố, mặt tiền",,,"562,5 triệu/m²",,,Nở hậu,Nội thất cao cấp,,ha-noi,"Bán tòa nhà phố Trần Duy Hưng – 80m2, 7 tầng, mặt tiền 6m. Giá 45 tỷ",,"Trần Duy Hưng, Phường Trung Hoà, Quận Cầu Giấy, Hà NộiXem bản đồ",45 tỷ - 80 m2
42 m²,1 phòng,1 phòng,Đã có sổ,"Nhà ngõ, hẻm",,,"57,14 triệu/m²",,,,,,ha-noi,"Nhà C4 42m2 tại Trâu Quỳ,Gia Lâm đường 2.5m giá 2.4 tỷ",,"Ngõ 14 Khu A Phố Ngô Xuân Quảng, Thị trấn Trâu Quỳ, Huyện Gia Lâm, Hà NộiXem bản đồ","2,4 tỷ - 42 m2"
120 m²,6 phòng,5 phòng,Đã có sổ,"Nhà mặt phố, mặt tiền",,,"208,33 triệu/m²",,4,,Nội thất đầy đủ,,ha-noi,"Nhà Phố kinh doanh KĐT xala hà đông 120M Mặt tiền 7,5M đường đôi 30m",,"kđt xala, đường phúc la, đường phùng hưng, Phường Phúc La, Quận Hà Đông, Hà NộiXem bản đồ",25 tỷ - 120 m2
39 m²,5 phòng,,Đã có sổ,"Nhà mặt phố, mặt tiền",,,"83,33 triệu/m²",,,,,,ha-noi,BÁN NHÀ MẶT PHỐ TƯƠNG MAI - HOÀNG MAI 39M- 3.25TỶ- NGÕ RỘNG- THÔNG,,"Phố Tương Mai, Phường Giáp Bát, Quận Hoàng Mai, Hà NộiXem bản đồ","3,25 tỷ - 39 m2"
35 m²,4 phòng,4 phòng,Đã có sổ,"Nhà ngõ, hẻm",,,"105,71 triệu/m²",Đông Bắc,,,Nội thất cao cấp,,ha-noi,"Nhà mặt tiền 150m2, SĐCC 4 phòng ngủ, đường Lĩnh Nam Hoàng Mai Hà Nội",,"số nhà 5 ngõ 649/77/43 đường lĩnh nam Hoàng Mai Hà Nội, Đường Lĩnh Nam, Phường Lĩnh Nam, Quận Hoàng Mai, Hà NộiXem bản đồ","3,7 tỷ - 35 m2"
35 m²,4 phòng,,Đã có sổ,"Nhà mặt phố, mặt tiền",,,100 triệu/m²,,,,,,ha-noi,"💜💜KIM ĐỒNG - HOÀNG MAI 35M- 3,5 TỶ- NGÕ TO RỘNG- THÔNG CÁC NGẢ",,"Phố Kim Đồng, Phường Giáp Bát, Quận Hoàng Mai, Hà NộiXem bản đồ","3,5 tỷ - 35 m2"
55 m²,4 phòng,,Đã có sổ,"Nhà mặt phố, mặt tiền",4.0998 m,55 m²,400 triệu/m²,,3,,,,ha-noi,Bán nhà mặt phố Nguyễn Văn Tuyết vị trí đẹp 2 mặt 55m² x 4 tầng MT4.1m,,"Phố Nguyễn Văn Tuyết, Phường Trung Liệt, Quận Đống Đa, Hà NộiXem bản đồ",22 tỷ - 55 m2
45 m²,6 phòng,,Đã có sổ,"Nhà mặt phố, mặt tiền",,225 m²,"84,44 triệu/m²",,5,,,,ha-noi,"Bán Nhà Tân Mai, Trung Tâm Quận Hoàng Mai, 45m2 × 5 Tầng",,"Phố Tân Mai, Phường Tân Mai, Quận Hoàng Mai, Hà NộiXem bản đồ","3,8 tỷ - 45 m2"
68 m²,nhiều hơn 10 phòng,Nhiều hơn 6 phòng,Đã có sổ,"Nhà ngõ, hẻm",,,"166,18 triệu/m²",,8,,Nội thất đầy đủ,,ha-noi,CẦN BÁN NHÀ 8 TẦNG THANG MÁY-19 PHÒNG KHÉP KÍN ĐANG CHO THUÊ DÒNG TIỀN,,"Đường Lê Đức Thọ, Phường Mỹ Đình 2, Quận Nam Từ Liêm, Hà NộiXem bản đồ","11,3 tỷ - 68 m2"
47 m²,4 phòng,,Đã có sổ,"Nhà ngõ, hẻm",,47 m²,"91,49 triệu/m²",,,,Nội thất đầy đủ,,ha-noi,💥💥 NHÀ HIẾM KIM GIANG - MẶT TIỀN 7M - NHÀ 4.5 TẦNG - NHỈNH 4 TỶ 💥💥,,"KIM GIANG, Xã Thanh Liệt, Huyện Thanh Trì, Hà NộiXem bản đồ","4,3 tỷ - 47 m2"
30 m²,4 phòng,2 phòng,Đã có sổ,"Nhà ngõ, hẻm",,,"111,67 triệu/m²",Tây Bắc,4,,,,ha-noi,Cần bán nhà Trương định mới xây,,"Đường Trương Định, Phường Tương Mai, Quận Hoàng Mai, Hà NộiXem bản đồ","3,35 tỷ - 30 m2"
90 m²,6 phòng,,Đã có sổ,,,,"194,44 triệu/m²",Đông Nam,5,,,,ha-noi,"Nhà mặt tiền 6,5m2 6 ngủ 8 vệ sinh phù hợp cho thuê, ở lâu dài, giá TL",,"TDC Ngọc Thuỵ, Phố Gia Thượng, Phường Ngọc Thụy, Quận Long Biên, Hà NộiXem bản đồ","17,5 tỷ - 90 m2"
27 m²,1 phòng,1 phòng,Đang chờ sổ,"Nhà ngõ, hẻm",,,"40,74 triệu/m²",Đông,1,,,,ha-noi,"Cần bán nhà 27m,có gác xép,sạch sẽ,an ninh tốt,đang chờ làm sổ",,"Định Công Thượng Ngõ 217, Phường Định Công, Quận Hoàng Mai, Hà NộiXem bản đồ","1,1 tỷ - 27 m2"
70 m²,3 phòng,,Đã có sổ,"Nhà mặt phố, mặt tiền",4 m,,"178,57 triệu/m²",,4,,Nội thất cao cấp,,ha-noi,"CẦN BÁN GẤP NHÀ NGUYỄN VĂN CỪ- SIÊU PHẨM NGÕ Ô TÔ TRÁNH - GIÁ 12,5 Tỷ.",,"Đường Nguyễn Văn Cừ, Phường Gia Thụy, Quận Long Biên, Hà NộiXem bản đồ","12,5 tỷ - 70 m2"
38 m²,4 phòng,4 phòng,Đã có sổ,"Nhà mặt phố, mặt tiền",,,"447,37 triệu/m²",Đông Nam,5,,,,ha-noi,Bán nhà mặt đường mới xây,,"193, Phố Minh Khai, Phường Minh Khai, Quận Hai Bà Trưng, Hà NộiXem bản đồ",17 tỷ - 38 m2
75 m²,4 phòng,,Đã có sổ,"Nhà mặt phố, mặt tiền",3.8 m,,380 triệu/m²,,5,,,20 m,ha-noi,"Nhà ở, mặt phố Phương Mai, chính chủ bán",,"Phương Mai, Phường Phương Mai, Quận Đống Đa, Hà NộiXem bản đồ","28,5 tỷ - 75 m2"
36 m²,4 phòng,3 phòng,Đã có sổ,"Nhà ngõ, hẻm",,,"166,67 triệu/m²",Nam,5,,,,ha-noi,"Bán nhà chính chủ ngõ 71, đường Hoàng Văn Thái, Hà Nội",,"Ngõ 71, đường Hoàng Văn Thái, Phường Khương Trung, Quận Thanh Xuân, Hà NộiXem bản đồ",6 tỷ - 36 m2
35 m²,4 phòng,5 phòng,Đã có sổ,"Nhà ngõ, hẻm",,,"134,29 triệu/m²",Tây,5,,,,ha-noi,NHÀ ĐẸP 5 TẦNG PHỐ KHƯƠNG HẠ,,"Khương Hạ, Phường Khương Đình, Quận Thanh Xuân, Hà NộiXem bản đồ","4,7 tỷ - 35 m2"
25 m²,2 phòng,2 phòng,Đã có sổ,"Nhà ngõ, hẻm",,,132 triệu/m²,Tây Bắc,4,,,,ha-noi,Bán nhà ngõ Nguyễn Lương Bằng,,"Nguyễn Lương Bằng, Phường Nam Đồng, Quận Đống Đa, Hà NộiXem bản đồ","3,3 tỷ - 25 m2"
35 m²,3 phòng,3 phòng,Đã có sổ,"Nhà ngõ, hẻm",5 m,,"157,14 triệu/m²",,55,,,,ha-noi,Bán gấp nhà Trần Duy Hưng - Cầu Giấy. 5 tỷ5,,"Trần Duy Hưng, Phường Trung Hoà, Quận Cầu Giấy, Hà NộiXem bản đồ","5,5 tỷ - 35 m2"
38 m²,2 phòng,1 phòng,Đã có sổ,"Nhà ngõ, hẻm",,,75 triệu/m²,Đông Nam,1,,,,ha-noi,"Bán đất tặng nhà C4 đang cho thuê, 38m2, sđcc",,"Ngõ 22 Đường Khuyến Lương, Phường Trần Phú, Quận Hoàng Mai, Hà NộiXem bản đồ","2,85 tỷ - 38 m2"
66 m²,3 phòng,,,"Nhà ngõ, hẻm",5.8 m,66 m²,"69,7 triệu/m²",,2,Hẻm xe hơi,,,ha-noi,"BÁN ĐẤT TẶNG NHÀ 2 TẦNG CẦU DIỄN, GIÁ 4.6 TỶ",,"Cầu DIễn, Phường Phú Diễn, Quận Bắc Từ Liêm, Hà NộiXem bản đồ","4,6 tỷ - 66 m2"
33 m²,3 phòng,3 phòng,Đã có sổ,"Nhà ngõ, hẻm",,,"89,94 triệu/m²",Tây Nam,3,,,,ha-noi,"Bán gấp căn nhà 3 tầng, 33m sđcc tại 649 lĩnh nam",,"Lĩnh Nam, Phường Lĩnh Nam, Quận Hoàng Mai, Hà NộiXem bản đồ","2,968 tỷ - 33 m2"
55 m²,3 phòng,,,"Nhà mặt phố, mặt tiền",,52 m²,150 triệu/m²,,,,,,ha-noi,Muốn bán,,"Thanh Bình, Phường Mộ Lao, Quận Hà Đông, Hà NộiXem bản đồ","8,25 tỷ - 55 m2"
114 m²,1 phòng,,,"Nhà ngõ, hẻm",,,"144,74 triệu/m²",,,,,,ha-noi,"Chính chủ bán nhà đất ngõ 12 đường Phạm Văn Đồng, phường Xuân Đỉnh",,"đường Phạm Văn Đồng, Phường Xuân Đỉnh, Quận Bắc Từ Liêm, Hà NộiXem bản đồ","16,5 tỷ - 114 m2"
50 m²,4 phòng,,,"Nhà ngõ, hẻm",4 m,50 m²,152 triệu/m²,,,,,12 m,ha-noi,"CHÍNH CHỦ bán nhà 4T, 50m2, Trần Duy Hưng, Cầu Giấy, MT 4m, 7.6 tỷ",,"Trung Kính, Phường Trung Hoà, Quận Cầu Giấy, Hà NộiXem bản đồ","7,6 tỷ - 50 m2"
50 m²,4 phòng,,,Nhà biệt thự,,,200 triệu/m²,,,,,,ha-noi,nhà siêu đẹp,,"Đường Đại Mỗ, Phường Đại Mỗ, Quận Nam Từ Liêm, Hà NộiXem bản đồ",10 tỷ - 50 m2
24 m²,2 phòng,3 phòng,Đã có sổ,"Nhà ngõ, hẻm",,110 m²,"120,83 triệu/m²",,,,Nhà trống,,ha-noi,HIẾM-NHÀ PHỐ LÊ HỒNG PHONG-Ô TÔ ĐỖ CỬA-LÔ GÓC 2 THOÁNG-GIÁ ***,,"Lê Hồng Phong, Phường Hà Cầu, Quận Hà Đông, Hà NộiXem bản đồ","2,9 tỷ - 24 m2"
24 m²,2 phòng,3 phòng,Đã có sổ,"Nhà ngõ, hẻm",,110 m²,"120,83 triệu/m²",,,,Nhà trống,,ha-noi,HIẾM-NHÀ PHỐ LÊ HỒNG PHONG-Ô TÔ ĐỖ CỬA-LÔ GÓC 2 THOÁNG-GIÁ ***,,"Lê Hồng Phong, Phường Hà Cầu, Quận Hà Đông, Hà NộiXem bản đồ","2,9 tỷ - 24 m2"
33 m²,4 phòng,3 phòng,Đã có sổ,"Nhà ngõ, hẻm",,,"103,03 triệu/m²",Tây Bắc,4,,,,ha-noi,CHÍNH CHỦ BÁN NHÀ -4 phòng ngủ-Cổ Nhuế-33m2-4 Tầng-Nhỉnh 3 TỶ-Ngõ nông,,"Cầu Noi, Phường Cổ Nhuế 2, Quận Bắc Từ Liêm, Hà NộiXem bản đồ","3,4 tỷ - 33 m2"
32 m²,4 phòng,3 phòng,Đã có sổ,"Nhà ngõ, hẻm",,,"185,94 triệu/m²",Nam,5,,,,ha-noi,Bán Nhà Lô Góc 3 Mặt Tiền,,"Đào Tấn, Phường Đội Cấn, Quận Ba Đình, Hà NộiXem bản đồ","5,95 tỷ - 32 m2"
95 m²,3 phòng,3 phòng,Đã có sổ,,,,"126,32 triệu/m²",Đông Nam,3,,,,ha-noi,Bán nhà mặt phố nội bộ,,"Doãn Kế Thiện, Phường Mai Dịch, Quận Cầu Giấy, Hà NộiXem bản đồ",12 tỷ - 95 m2
80 m²,nhiều hơn 10 phòng,Nhiều hơn 6 phòng,Đã có sổ,"Nhà ngõ, hẻm",4 m,,"98,75 triệu/m²",,,,Nội thất đầy đủ,,ha-noi,Nhà 80m2 4t có 12 phòng cho sinh viên thuê,,"Văn hội, Phường Minh Khai, Quận Bắc Từ Liêm, Hà NộiXem bản đồ","7,9 tỷ - 80 m2"
45 m²,8 phòng,,,Nhà phố liền kề,,,"166,67 triệu/m²",,,,,,ha-noi,"Chính chủ , ô tô đỗ cửa . Dòng tiền 8 phòng cho thuê",,"Nguyễn CHÍNH, Phường Thịnh Liệt, Quận Hoàng Mai, Hà NộiXem bản đồ","7,5 tỷ - 45 m2"
30 m²,2 phòng,3 phòng,Đã có sổ,"Nhà ngõ, hẻm",,,110 triệu/m²,Đông,,,Nội thất đầy đủ,,ha-noi,"Bán nhà riêng 4 tầng tại 3/176 Ngọc Lâm, Long Biên",,"undefined, Phường Ngọc Lâm, Quận Long Biên, Hà NộiXem bản đồ","3,3 tỷ - 30 m2"
42 m²,7 phòng,,Đã có sổ,"Nhà mặt phố, mặt tiền",3.5 m,,"297,62 triệu/m²",,7,,Bàn giao thô,,ha-noi,"Rẻ NHƯ CHO 40%, Nhỉnh 10 tỷ, Đống Đa, 40m2, Mặt Hồ Ba Mẫu. Kinh Doanh",,"Phố Ô Đồng Lầm, Phường Phương Liên, Quận Đống Đa, Hà NộiXem bản đồ","12,5 tỷ - 42 m2"
32 m²,3 phòng,,,"Nhà ngõ, hẻm",,,"118,75 triệu/m²",,,,,,ha-noi,"VÔ CÙNG HIẾM!!! SIÊU PHẨM BA ĐÌNH 32M x 4T, BA GÁC ĐỖ CỬA, 15M RA PHỐ",,"Phố Láng Hạ, Phường Thành Công, Quận Ba Đình, Hà NộiXem bản đồ","3,8 tỷ - 32 m2"
33 m²,2 phòng,2 phòng,Đã có sổ,"Nhà ngõ, hẻm",,,"74,24 triệu/m²",Đông Bắc,2,,,,ha-noi,Nhà Đa sĩ Hà Đông Hà Nội,,"Đường Đa Sỹ, Phường Kiến Hưng, Quận Hà Đông, Hà NộiXem bản đồ","2,45 tỷ - 33 m2"
46 m²,5 phòng,4 phòng,Đã có sổ,"Nhà mặt phố, mặt tiền",,,"110,87 triệu/m²",Đông Nam,5,,,,ha-noi,"Nhà đường Cao Lỗ, Uy Nỗ, 5T, xe hơi tránh, 5.1 tỷ",,"Cao Lỗ, Thị trấn Đông Anh, Huyện Đông Anh, Hà NộiXem bản đồ","5,1 tỷ - 46 m2"
15 m²,2 phòng,2 phòng,Đã có sổ,,,,"143,33 triệu/m²",Tây Bắc,4,,,,ha-noi,Bán Nhà Riêng phố Minh Khai 15m2,,"Phố Minh Khai, Phường Minh Khai, Quận Hai Bà Trưng, Hà NộiXem bản đồ","2,15 tỷ - 15 m2"
69 m²,nhiều hơn 10 phòng,Nhiều hơn 6 phòng,,"Nhà ngõ, hẻm",,,"159,42 triệu/m²",,,,,,ha-noi,TOÀ CĂN HỘ DỊCH VỤ - 19P KHÉP KÍN - LÔ GÓC - THANG MÁY - FULL NỘI THẤT,,"Thiên Hiền, Phường Mỹ Đình 2, Quận Nam Từ Liêm, Hà NộiXem bản đồ",11 tỷ - 69 m2
33 m²,1 phòng,4 phòng,,"Nhà ngõ, hẻm",,,"177,27 triệu/m²",Tây,5,,Nội thất đầy đủ,,ha-noi,"Bán nhà ngõ nông Đoàn Thị Điểm. 35m 5tầng 5,85tỷ, mặt tiền 3.8m",,"Đoàn thị điểm, Phường Hàng Bột, Quận Đống Đa, Hà NộiXem bản đồ","5,85 tỷ - 33 m2"
40 m²,4 phòng,,Đã có sổ,"Nhà mặt phố, mặt tiền",,,"112,5 triệu/m²",,,,,,ha-noi,✍️Nhà Cần Bán Chỉ Cần Sách Vali Ở Giáp Bát .@DT 40m 5 Tầng 4 tỷ,,"Phố Giáp Bát, Phường Giáp Bát, Quận Hoàng Mai, Hà NộiXem bản đồ","4,5 tỷ - 40 m2"
47 m²,6 phòng,,Đã có sổ,"Nhà mặt phố, mặt tiền",,,100 triệu/m²,,,,,,ha-noi,"BÁN NHÀ TAM TRINH 47M, 5 TẦNG CHỈ 4,7 TỶ, CHỦ CẦN BÁN GẤP - NHÀ MỚI",,"Phố Tam Trinh, Phường Mai Động, Quận Hoàng Mai, Hà NộiXem bản đồ","4,7 tỷ - 47 m2"
50 m²,4 phòng,3 phòng,Đã có sổ,Nhà phố liền kề,,,143 triệu/m²,Đông Nam,4,,,,ha-noi,NHÀ ĐẸP DÂN XÂY,,"khu đất dv đào đất ,hàng bè ,phường kiến hưng, Phường Kiến Hưng, Quận Hà Đông, Hà NộiXem bản đồ","7,15 tỷ - 50 m2"
30 m²,3 phòng,4 phòng,,"Nhà ngõ, hẻm",4.5998 m,,60 triệu/m²,Tây Nam,5,,,,ha-noi,Bán nhà đẹp 5 tầng Tổ 14 Yên Nghĩa,,"Đường Hòa Bình, Phường Yên Nghĩa, Quận Hà Đông, Hà NộiXem bản đồ","1,8 tỷ - 30 m2"
48 m²,3 phòng,2 phòng,,"Nhà mặt phố, mặt tiền",4.6999 m,,"54,17 triệu/m²",,,,,,ha-noi,"Bán nhà Sài Đồng, Nội thất lung linh, 48m2, 2.6 tỷ",,"Phố Sài Đồng, Phường Sài Đồng, Quận Long Biên, Hà NộiXem bản đồ","2,6 tỷ - 48 m2"
105 m²,7 phòng,3 phòng,Đã có sổ,"Nhà ngõ, hẻm",,,"95,24 triệu/m²",Đông Nam,3,,,,ha-noi,BÁN ĐẤT TẶNG NHÀ NAM DƯ,,"Nam Dư, Phường Lĩnh Nam, Quận Hoàng Mai, Hà NộiXem bản đồ",10 tỷ - 105 m2
32 m²,3 phòng,,,"Nhà mặt phố, mặt tiền",,,100 triệu/m²,,,,,,ha-noi,"Nhà sát đường 19/5 32m2 5 tầng 3, 2 tỷ",,"Đường 19/5, Phường Văn Quán, Quận Hà Đông, Hà NộiXem bản đồ","3,2 tỷ - 32 m2"
25 m²,3 phòng,1 phòng,Đã có sổ,"Nhà ngõ, hẻm",,30 m²,116 triệu/m²,,,,,,ha-noi,"Bán Nhà Hồ Văn Chương, Đống Đa, Hà Nội",,"Ngõ Văn Chương, Phường Khâm Thiên, Quận Đống Đa, Hà NộiXem bản đồ","2,9 tỷ - 25 m2"
18 m²,2 phòng,,,"Nhà ngõ, hẻm",,,"105,56 triệu/m²",,,,,,ha-noi,"Bán nhà gần trung tâm phố cổ, mạn chương dương độ",,"đường vọng hà, Phường Chương Dương, Quận Hoàn Kiếm, Hà NộiXem bản đồ","1,9 tỷ - 18 m2"
71 m²,1 phòng,1 phòng,Đã có sổ,"Nhà mặt phố, mặt tiền",,,"173,24 triệu/m²",Tây Bắc,1,,,,ha-noi,"Bán nhà mặt phố Ngô gia tự, Quận Long Biên, Hà Nội",,"Đường Ngô Gia Tự, Phường Đức Giang, Quận Long Biên, Hà NộiXem bản đồ","12,3 tỷ - 71 m2"
45 m²,4 phòng,3 phòng,Đã có sổ,"Nhà ngõ, hẻm",3.5 m,135 m²,300 triệu/m²,,,,,,ha-noi,"Nhà phố Võ Thị Sáu diện tích 45m2 x 3 tầng mặt tiền 3,5m bán 13,5 tỷ.",,"Võ Thị Sáu, Phường Thanh Nhàn, Quận Hai Bà Trưng, Hà NộiXem bản đồ","13,5 tỷ - 45 m2"
34 m²,3 phòng,4 phòng,Đã có sổ,"Nhà ngõ, hẻm",,,"119,12 triệu/m²",,5,,Nội thất đầy đủ,,ha-noi,HOT ... HOT!!!Nhà đẹp Trần Khát Chân,,"Đường Trần Khát Chân, Phường Thanh Lương, Quận Hai Bà Trưng, Hà NộiXem bản đồ","4,05 tỷ - 34 m2"
45 m²,4 phòng,3 phòng,,"Nhà ngõ, hẻm",,45 m²,"91,11 triệu/m²",,,,,,ha-noi,"BÁN NHÀ PHỐ PHÚ ĐÔ 45M2 x 4 TẦNG, Ô TÔ ĐỖ, KINH DOANH, HƠN 4 TỶ",,"Đường Lê Quang Đạo, Phường Phú Đô, Quận Nam Từ Liêm, Hà NộiXem bản đồ","4,1 tỷ - 45 m2"
70 m²,4 phòng,3 phòng,Đã có sổ,"Nhà ngõ, hẻm",,,"97,86 triệu/m²",Đông Nam,4,,,,ha-noi,"Chính chủ cần bán nhà 4 tầng 70m2 , sổ đỏ chính chủ khu giảng võ",,"Đê La Thành, Phường Giảng Võ, Quận Ba Đình, Hà NộiXem bản đồ","6,85 tỷ - 70 m2"
50 m²,5 phòng,6 phòng,Đã có sổ,Nhà phố liền kề,,,"273,56 triệu/m²",,7,,Nội thất cao cấp,,ha-noi,"Văn Phú 50m 7 tầng thang máy mt5m vị trí đẹp,vừa ở vừa kinh doanh đỉnh",,"Phố Cửa Quán, Phường Phú La, Quận Hà Đông, Hà NộiXem bản đồ","13,678 tỷ - 50 m2"
30.6 m²,3 phòng,4 phòng,Đã có sổ,"Nhà ngõ, hẻm",,,"107,84 triệu/m²",Tây Bắc,5,,,,ha-noi,"tôi chủ nhà cần bán gấp Thạch Bàn, Long biên miễn trung gian",,"Đường Nguyễn Văn Linh, Phường Thạch Bàn, Quận Long Biên, Hà NộiXem bản đồ","3,3 tỷ - 30.6 m2"
80 m²,nhiều hơn 10 phòng,,,Nhà phố liền kề,,80 m²,"98,75 triệu/m²",,4,Hẻm xe hơi,,,ha-noi,Cần bán nhà,,"Số 1 ngõ 31/7 , Phố Văn Hội, Phường Đức Thắng, Quận Bắc Từ Liêm, Hà NộiXem bản đồ","7,9 tỷ - 80 m2"
16 m²,2 phòng,,,"Nhà ngõ, hẻm",,,"112,5 triệu/m²",,,,,,ha-noi,"Bán Nhà 2,5 Phố Tân Ấp-Nhỏ Xinh SĐCC Chỉ 1.8 Tỷ",,"Phố Tân Ấp, Phường Phúc Xá, Quận Ba Đình, Hà NộiXem bản đồ","1,8 tỷ - 16 m2"
45 m²,7 phòng,6 phòng,,"Nhà mặt phố, mặt tiền",4 m,45 m²,"217,78 triệu/m²",,,,,11 m,ha-noi,"Chính chủ bán tòa nhà xây mới 7 tầng, có thang máy tại phố Võng Thị",,"Phố Võng Thị, Phường Bưởi, Quận Tây Hồ, Hà NộiXem bản đồ","9,8 tỷ - 45 m2"
42 m²,4 phòng,,Đã có sổ,"Nhà mặt phố, mặt tiền",,,"94,76 triệu/m²",,,,,,ha-noi,💥💥BÁN NHÀ CHỈ 3.98TỶ SỞ HỮU CĂN NHÀ ĐẸP LONG LANH- PHỐ KIM ĐỒNG,,"Phố Kim Đồng, Phường Giáp Bát, Quận Hoàng Mai, Hà NộiXem bản đồ","3,98 tỷ - 42 m2"
44 m²,5 phòng,5 phòng,Đã có sổ,"Nhà ngõ, hẻm",,,"87,5 triệu/m²",Đông Bắc,4,,,,ha-noi,Chính chủ bán nhà xuân Phương 44m,,"Ngõ 148 Xuân Phương, Phường Xuân Phương, Quận Nam Từ Liêm, Hà NộiXem bản đồ","3,85 tỷ - 44 m2"
52 m²,4 phòng,,Đã có sổ,"Nhà ngõ, hẻm",3.5 m,,"106,92 triệu/m²",,5,,Nội thất cao cấp,,ha-noi,"Bán nhà Kim Giang-Thanh Trì.Nhà 5 tầng mới,đẹp.ngõ 3 gác.",,"kim giang, Xã Thanh Liệt, Huyện Thanh Trì, Hà NộiXem bản đồ","5,56 tỷ - 52 m2"
25 m²,3 phòng,3 phòng,Đã có sổ,"Nhà ngõ, hẻm",,,106 triệu/m²,,4,,Nội thất đầy đủ,,ha-noi,"Bán nhà phố Ngô Sĩ Liên - 25m2 - 3PN - Cách 20m ra ô tô. Giá: 2,65 tỷ.",,"Ngô sĩ liên, Phường Quốc Tử Giám, Quận Đống Đa, Hà NộiXem bản đồ","2,65 tỷ - 25 m2"
50 m²,4 phòng,,Đã có sổ,"Nhà ngõ, hẻm",,,100 triệu/m²,,,,,,ha-noi,"BÁN NHÀ TAM TRINH 50M, 5 TẦNG CHỈ 5 TỶ, CHỦ CẦN BÁN GẤP",,"Ngõ 139 Đường Tam Trinh, Phường Mai Động, Quận Hoàng Mai, Hà NộiXem bản đồ",5 tỷ - 50 m2
24 m²,2 phòng,,,"Nhà ngõ, hẻm",,,"187,5 triệu/m²",,,,,,ha-noi,"Cần bán nhà riêng chính chủ, miễn trung gian, phố Đặng Tiến Đông",,"Phố Đặng Tiến Đông, Phường Trung Liệt, Quận Đống Đa, Hà NộiXem bản đồ","4,5 tỷ - 24 m2"
60 m²,4 phòng,4 phòng,Đã có sổ,"Nhà ngõ, hẻm",5.8 m,60 m²,165 triệu/m²,,,,,,ha-noi,"Bán Nhà Ngõ 84 Linh Lang, Lô Góc, Ôtô, 60m2 x 4Tầng, MT 5.8M. Hơn 9 tỷ",,"Ngõ 84 Linh Lang, Phường Cống Vị, Quận Ba Đình, Hà NộiXem bản đồ","9,9 tỷ - 60 m2"
44 m²,5 phòng,5 phòng,Đã có sổ,"Nhà ngõ, hẻm",,,"87,5 triệu/m²",Đông Bắc,4,,,,ha-noi,Chính chủ bán nhà xuân Phương 44m,,"Ngõ 148 Xuân Phương, Phường Xuân Phương, Quận Nam Từ Liêm, Hà NộiXem bản đồ","3,85 tỷ - 44 m2"
52 m²,4 phòng,,Đã có sổ,"Nhà ngõ, hẻm",3.5 m,,"106,92 triệu/m²",,5,,Nội thất cao cấp,,ha-noi,"Bán nhà Kim Giang-Thanh Trì.Nhà 5 tầng mới,đẹp.ngõ 3 gác.",,"kim giang, Xã Thanh Liệt, Huyện Thanh Trì, Hà NộiXem bản đồ","5,56 tỷ - 52 m2"
25 m²,3 phòng,3 phòng,Đã có sổ,"Nhà ngõ, hẻm",,,106 triệu/m²,,4,,Nội thất đầy đủ,,ha-noi,"Bán nhà phố Ngô Sĩ Liên - 25m2 - 3PN - Cách 20m ra ô tô. Giá: 2,65 tỷ.",,"Ngô sĩ liên, Phường Quốc Tử Giám, Quận Đống Đa, Hà NộiXem bản đồ","2,65 tỷ - 25 m2"
50 m²,4 phòng,,Đã có sổ,"Nhà ngõ, hẻm",,,100 triệu/m²,,,,,,ha-noi,"BÁN NHÀ TAM TRINH 50M, 5 TẦNG CHỈ 5 TỶ, CHỦ CẦN BÁN GẤP",,"Ngõ 139 Đường Tam Trinh, Phường Mai Động, Quận Hoàng Mai, Hà NộiXem bản đồ",5 tỷ - 50 m2
24 m²,2 phòng,,,"Nhà ngõ, hẻm",,,"187,5 triệu/m²",,,,,,ha-noi,"Cần bán nhà riêng chính chủ, miễn trung gian, phố Đặng Tiến Đông",,"Phố Đặng Tiến Đông, Phường Trung Liệt, Quận Đống Đa, Hà NộiXem bản đồ","4,5 tỷ - 24 m2"
60 m²,4 phòng,4 phòng,Đã có sổ,"Nhà ngõ, hẻm",5.8 m,60 m²,165 triệu/m²,,,,,,ha-noi,"Bán Nhà Ngõ 84 Linh Lang, Lô Góc, Ôtô, 60m2 x 4Tầng, MT 5.8M. Hơn 9 tỷ",,"Ngõ 84 Linh Lang, Phường Cống Vị, Quận Ba Đình, Hà NộiXem bản đồ","9,9 tỷ - 60 m2"
38 m²,4 phòng,,Đã có sổ,"Nhà mặt phố, mặt tiền",,,"84,21 triệu/m²",,,,,,ha-noi,BÁN NHÀ MẶT PHỐ TÂN MAI - HOÀNG MAI 38M- 3.2 TỶ,,"Phố Tân Mai, Phường Tân Mai, Quận Hoàng Mai, Hà NộiXem bản đồ","3,2 tỷ - 38 m2"
90 m²,4 phòng,3 phòng,Đã có sổ,,,,150 triệu/m²,Đông Nam,44,,,,ha-noi,"Cần bán gấp liền kề 10 khu đô thị Văn Phú, Phú La, Hà Đông -13,5 tỷ",,"Phố Văn Phú, Phường Phú La, Quận Hà Đông, Hà NộiXem bản đồ","13,5 tỷ - 90 m2"
135 m²,2 phòng,,Đã có sổ,"Nhà mặt phố, mặt tiền",7.5 m,,"11,11 triệu/m²",,,,Nội thất cao cấp,18 m,ha-noi,BÁN 135 M2 ĐẤT RESORT THUNG MÂY BA VÌ GIÁ SẬP SÀN TRẢ NỢ NGÂN HÀNG,,"Đường quốc lộ 32, Xã Vân Hòa, Huyện Ba Vì, Hà NộiXem bản đồ","1,5 tỷ - 135 m2"
50 m²,4 phòng,4 phòng,Đã có sổ,"Nhà mặt phố, mặt tiền",,,400 triệu/m²,Tây,5,,,,ha-noi,"Chính chủ bán nhà mặt phố Nguyên Hồng, tiện kinh doanh. Mặt tiền 5,7m",,"Phố Nguyên Hồng, Phường Láng Hạ, Quận Đống Đa, Hà NộiXem bản đồ",20 tỷ - 50 m2
51 m²,2 phòng,1 phòng,Đã có sổ,"Nhà ngõ, hẻm",,,"68,24 triệu/m²",,1,,Nội thất đầy đủ,,ha-noi,"Nhà mặt ngõ 51m2, 1 tầng, 2 phòng ngủ ở Thượng Thanh",,"Đặng Vũ Hỷ, Phường Thượng Thanh, Quận Long Biên, Hà NộiXem bản đồ","3,48 tỷ - 51 m2"
44 m²,6 phòng,,,"Nhà ngõ, hẻm",,200 m²,"159,09 triệu/m²",,5,Hẻm xe hơi,,,ha-noi,Bán nhà nguyễn khang 44m²x5 tầng giá có 7 tỷ oto đỗ cửa,,"Nguyễn khang, Phường Yên Hoà, Quận Cầu Giấy, Hà NộiXem bản đồ",7 tỷ - 44 m2
40 m²,3 phòng,4 phòng,,"Nhà ngõ, hẻm",,,"148,75 triệu/m²",,5,,,,ha-noi,"BÁN NHÀ QUAN HOA CẦU GIẤY 40M2, 6 TẦNG GIÁ 5.95 TỶ",,"P. Chùa hà, Phường Quan Hoa, Quận Cầu Giấy, Hà NộiXem bản đồ","5,95 tỷ - 40 m2"
35 m²,2 phòng,2 phòng,Đã có sổ,"Nhà ngõ, hẻm",,,"71,43 triệu/m²",Tây Nam,3,,,,ha-noi,Bán nhà riêng,,"Thuý Lĩnh Lĩnh Nam, Phường Lĩnh Nam, Quận Hoàng Mai, Hà NộiXem bản đồ","2,5 tỷ - 35 m2"
16 m²,3 phòng,,,"Nhà ngõ, hẻm",,,"115,63 triệu/m²",,,,,,ha-noi,"Bán nhà 2 Tầng Tân Mai, Ô tô đỗ cửa, 1.85 tỷ",,"Phố Tân Mai, Phường Tân Mai, Quận Hoàng Mai, Hà NộiXem bản đồ","1,85 tỷ - 16 m2"
32 m²,3 phòng,,Đã có sổ,"Nhà ngõ, hẻm",,,"93,75 triệu/m²",,,,,,ha-noi,bán nhà Nguyễn Trãi 32m 3 tỷ,,"Nguyễn Trãi , Phường Khương Đình, Quận Thanh Xuân, Hà NộiXem bản đồ",3 tỷ - 32 m2
30 m²,3 phòng,3 phòng,Đã có sổ,"Nhà ngõ, hẻm",,,"143,33 triệu/m²",Tây Bắc,5,,,,ha-noi,"Siêu phẩm nhà Mỹ Đình 5 tầng full đồ mới tinh giá 4,3 tỷ",,"đường mỹ đình, Phường Mỹ Đình 1, Quận Nam Từ Liêm, Hà NộiXem bản đồ","4,3 tỷ - 30 m2"
35 m²,2 phòng,2 phòng,Đã có sổ,"Nhà ngõ, hẻm",,,"71,43 triệu/m²",Tây Bắc,3,,,,ha-noi,cần bán nhà,,"Phố Thúy Lĩnh, Phường Lĩnh Nam, Quận Hoàng Mai, Hà NộiXem bản đồ","2,5 tỷ - 35 m2"
62 m²,5 phòng,4 phòng,Đã có sổ,"Nhà ngõ, hẻm",,,"208,06 triệu/m²",,5,Hẻm xe hơi,,,ha-noi,HOÀNG CẦU - PHÂN LÔ - OTO TRÁNH - 03 BƯỚC RA ĐẾN HỒ,,"Phố Hoàng Cầu, Phường Ô Chợ Dừa, Quận Đống Đa, Hà NộiXem bản đồ","12,9 tỷ - 62 m2"
53 m²,4 phòng,3 phòng,Đã có sổ,"Nhà mặt phố, mặt tiền",,,"415,09 triệu/m²",,3,,Nhà trống,,ha-noi,Bán nhà mặt phố Nguyễn Văn Tuyết vị trí đẹp 2 mặt 55m² x 4 tầng MT4.1m,,"Phố Nguyễn Văn Tuyết, Phường Trung Liệt, Quận Đống Đa, Hà NộiXem bản đồ",22 tỷ - 53 m2
