Diện tích đất:,Số phòng ngủ:,Số phòng vệ sinh:,Giấy tờ pháp lý:,Loại hình nhà ở:,Chiều ngang:,Diện tích sử dụng:,Giá/m2:,Hướng cửa chính:,Tổng số tầng:,Đặc điểm nhà/đất:,Tình trạng nội thất:,Chiều dài:,Location,Name,URL,District,Price
35 m²,5 phòng,4 phòng,,"Nhà ngõ, hẻm",,,"128,57 triệu/m²",,5,,,,ha-noi,💥THANH XUÂN - KHƯƠNG ĐÌNH-NGÕ THÔNG RỘNG - GẦN PHỐ - XÁCH VALI VỀ Ở💥,,"Khương Đình, Phường Khương Đình, Quận Thanh Xuân, Hà NộiXem bản đồ","4,5 tỷ - 35 m2"
30 m²,3 phòng,4 phòng,Đã có sổ,"Nhà ngõ, hẻm",,,140 triệu/m²,,5,,Nội thất cao cấp,,ha-noi,Nhà Cự Lộc,,"Cự Lộc, Phường Thượng Đình, Quận Thanh Xuân, Hà NộiXem bản đồ","4,2 tỷ - 30 m2"
31 m²,3 phòng,4 phòng,Đã có sổ,"Nhà ngõ, hẻm",,,"135,48 triệu/m²",,6,,Nội thất đầy đủ,,ha-noi,"Bán nhà 6 tầng, view hồ, phố Đại Từ. Ô tô đỗ gần, sổ đẹp.",,"142, Đại Từ, Phường Đại Kim, Quận Hoàng Mai, Hà NộiXem bản đồ","4,2 tỷ - 31 m2"
48 m²,nhiều hơn 10 phòng,Nhiều hơn 6 phòng,Đã có sổ,"Nhà ngõ, hẻm",,,"120,83 triệu/m²",,7,,Nội thất đầy đủ,,ha-noi,"Bán nhà Trường Chinh - CHDV 7 tầng - 11PN - Ngõ 3 gác. Giá: 5,8 tỷ",,"Đường Trường Chinh, Phường Khương Thượng, Quận Đống Đa, Hà NộiXem bản đồ","5,8 tỷ - 48 m2"
35 m²,3 phòng,3 phòng,Đã có sổ,"Nhà ngõ, hẻm",,,"105,71 triệu/m²",Đông Nam,4,,,,ha-noi,ĐỪNG BỎ LỠ - BÁN NHÀ NGUYỄN VĂN CỪ 35M 4 TẦNG 3 NGỦ GIÁ CHỈ NHỈNH 3 TỶ,,"Nguyễn Văn Cừ, Phường Long Biên, Quận Long Biên, Hà NộiXem bản đồ","3,7 tỷ - 35 m2"
90 m²,8 phòng,Nhiều hơn 6 phòng,Đã có sổ,"Nhà ngõ, hẻm",,,"272,22 triệu/m²",,7,,Nội thất cao cấp,,ha-noi,Bán Toà nhà 7 tầng phố Bùi Huy Bích- Hoàng Mai.Kinh Doanh ô tô tránh,,"Phố Bùi Huy Bích, Phường Hoàng Liệt, Quận Hoàng Mai, Hà NộiXem bản đồ","24,5 tỷ - 90 m2"
14 m²,1 phòng,2 phòng,,"Nhà ngõ, hẻm",3 m,,"103,57 triệu/m²",,2,,,4 m,ha-noi,Bán nhà nhỏ xinh trung tâm quận Ba Đình.Giá chỉ 1.45 tỷ,,"Phố Giang Văn Minh, Phường Kim Mã, Quận Ba Đình, Hà NộiXem bản đồ","1,45 tỷ - 14 m2"
43 m²,4 phòng,3 phòng,Đã có sổ,"Nhà ngõ, hẻm",,,"117,44 triệu/m²",,4,,Nội thất đầy đủ,,ha-noi,"Bán nhà, dân xây, ngõ 158 Trương Định. Ngõ thoáng. Sổ đỏ đẹp.",,"158, Đường Trương Định, Phường Trương Định, Quận Hai Bà Trưng, Hà NộiXem bản đồ","5,05 tỷ - 43 m2"
45 m²,5 phòng,,,"Nhà mặt phố, mặt tiền",,,"115,56 triệu/m²",,,,,,ha-noi,Bán nhà Tam Trinh hồ Đền Lừ 45 m2 x 4 tầng x mặt tiền 4m,,"Đường Tam Trinh, Phường Mai Động, Quận Hoàng Mai, Hà NộiXem bản đồ","5,2 tỷ - 45 m2"
45 m²,4 phòng,4 phòng,Đã có sổ,"Nhà ngõ, hẻm",,,"107,78 triệu/m²",,5,,Nội thất cao cấp,,ha-noi,Bán nhà Hoàng Quốc Việt 45m2 Chỉ 4.85 tỷ Cầu Giấy,,"Hoàng Quốc Việt, Phường Nghĩa Đô, Quận Cầu Giấy, Hà NộiXem bản đồ","4,85 tỷ - 45 m2"
36 m²,5 phòng,,Đã có sổ,"Nhà ngõ, hẻm",,,"112,5 triệu/m²",,4,,,,ha-noi,NGÕ PHỐ KHƯƠNG ĐÌNH-RẺ NHẤT KHU VỰC-CHỦ CẦN TIỀN -BÁN GẤP,,"Khương Đình, Phường Khương Đình, Quận Thanh Xuân, Hà NộiXem bản đồ","4,05 tỷ - 36 m2"
55 m²,4 phòng,4 phòng,Đã có sổ,"Nhà ngõ, hẻm",,,"127,27 triệu/m²",,4,,Nội thất cao cấp,,ha-noi,"Bán nhà Thuỵ Khuê 55m2 Chỉ 7 tỷ Ô Tô lùi cửa, quận Tây Hồ",,"Thuỵ Khuê, Phường Thụy Khuê, Quận Tây Hồ, Hà NộiXem bản đồ",7 tỷ - 55 m2
48 m²,6 phòng,Nhiều hơn 6 phòng,Đã có sổ,"Nhà mặt phố, mặt tiền",,,"177,08 triệu/m²",,5,,Nội thất đầy đủ,,ha-noi,"CẦN BÁN NHÀ 5 TẦNG Ở ĐƯỜNG LỚN TẢ THANH OAI, KINH DOANH ĐA NGÀNH NGHỀ",,"Tả Thanh Oai, Xã Tả Thanh Oai, Huyện Thanh Trì, Hà NộiXem bản đồ","8,5 tỷ - 48 m2"
60 m²,4 phòng,3 phòng,Đã có sổ,"Nhà ngõ, hẻm",,,"86,65 triệu/m²",Đông Nam,4,,,,ha-noi,"Bán nhà Linh Đàm, 60m2 5.2 tỷ, gần ô tô,dân trí cao,nhà đẹp về ở luôn",,"Bằng Liệt, Phường Hoàng Liệt, Quận Hoàng Mai, Hà NộiXem bản đồ","5,199 tỷ - 60 m2"
22 m²,3 phòng,3 phòng,Đã có sổ,"Nhà ngõ, hẻm",,,"147,73 triệu/m²",,4,,Nội thất đầy đủ,,ha-noi,Bán nhà Khâm Thiên ngõ thông kinh doanh - ô tô tránh cách 30m.,,"Ngõ Chợ Khâm Thiên, Phường Khâm Thiên, Quận Đống Đa, Hà NộiXem bản đồ","3,25 tỷ - 22 m2"
46 m²,4 phòng,4 phòng,Đã có sổ,"Nhà mặt phố, mặt tiền",,,"208,7 triệu/m²",Tây,5,,,,ha-noi,"NHÀ ĐẸP XUÂN ĐỈNH, Ô TÔ 7 CHỖ VÀO TẬN NƠI, GIÁP CV HÒA BÌNH.",,"Đường Xuân Đỉnh, Phường Xuân Đỉnh, Quận Bắc Từ Liêm, Hà NộiXem bản đồ","9,6 tỷ - 46 m2"
40 m²,4 phòng,,Đã có sổ,"Nhà ngõ, hẻm",3.7999 m,,"199,5 triệu/m²",,4,,Nội thất đầy đủ,,ha-noi,"💥Bán nhà Lương Đình Của - Đống Đa 40m x4T, MT 3.8m,ÔTÔ.Giá chỉ 7,98tỷ💕",,"lương đình của, Phường Phương Mai, Quận Đống Đa, Hà NộiXem bản đồ","7,98 tỷ - 40 m2"
36 m²,4 phòng,,Đã có sổ,"Nhà ngõ, hẻm",,,"127,78 triệu/m²",,5,,,,ha-noi,"Hoàng Hoa Thám 36m2, 5T, mt4,5m, 4,6 tỷ",,"Hoàng Hoa Thám, Phường Đội Cấn, Quận Ba Đình, Hà NộiXem bản đồ","4,6 tỷ - 36 m2"
40 m²,4 phòng,5 phòng,Đã có sổ,"Nhà ngõ, hẻm",4 m,,"149,5 triệu/m²",,6,,,,ha-noi,Bán nhà 6T Thang máy Ngõ 84 Phố Hồ Đền Lừ quận Hoàng Mai. Nhà đẹp gần,,"Hồ Đền Lừ, Phường Hoàng Văn Thụ, Quận Hoàng Mai, Hà NộiXem bản đồ","5,98 tỷ - 40 m2"
13 m²,2 phòng,2 phòng,Đang chờ sổ,"Nhà ngõ, hẻm",,,"96,15 triệu/m²",,3,,Nhà trống,,ha-noi,"Bán nhà Đông Tác, ngõ thông kd online, 13m 3 tầng, ở luôn, 1.25 tỷ",,"Ngõ 41 Đông Tác, Phường Kim Liên, Quận Đống Đa, Hà NộiXem bản đồ","1,25 tỷ - 13 m2"
29 m²,2 phòng,2 phòng,Giấy tờ khác,"Nhà ngõ, hẻm",,,"51,72 triệu/m²",Đông,3,,,,ha-noi,Cần bán nhà ở ngõ 639 Bạch Đằng,," Bạch đằng, Phường Chương Dương, Quận Hoàn Kiếm, Hà NộiXem bản đồ","1,5 tỷ - 29 m2"
48 m²,4 phòng,5 phòng,Đã có sổ,"Nhà mặt phố, mặt tiền",4.3 m,,"224,9 triệu/m²",,5,,,,ha-noi,"Nhà Siêu Phẩm Ngõ 31 Xuân Diệu 5T*48m ô tô vào nhà, đi bộ 80m Hồ Tây",,"Đường Xuân Diệu, Phường Quảng An, Quận Tây Hồ, Hà NộiXem bản đồ","10,795 tỷ - 48 m2"
20 m²,3 phòng,3 phòng,Đã có sổ,"Nhà ngõ, hẻm",,,"157,5 triệu/m²",,4,,Nội thất đầy đủ,,ha-noi,"NGUYỄN CHÍ THANH, ÔTÔ ĐỖ CỬA DT 20M * 4 TẦNG * MT 3M * GIÁ NHỈNH 3Tỷ",,"nguyễn chí thanh, Phường Kim Mã, Quận Ba Đình, Hà NộiXem bản đồ","3,15 tỷ - 20 m2"
48 m²,8 phòng,,,"Nhà ngõ, hẻm",,,"266,67 triệu/m²",,,,,,ha-noi,BÁN NHÀNGÕ Ô TÔ TRÁNH ĐỐNG ĐA KINH DOANH SẦMUẤT 48M2 6TẦNG CHỈ 12.8 TỶ,,"Ngõ Văn Chương, Phường Văn Chương, Quận Đống Đa, Hà NộiXem bản đồ","12,8 tỷ - 48 m2"
70 m²,4 phòng,3 phòng,Đã có sổ,"Nhà ngõ, hẻm",,,"67,14 triệu/m²",,4,,Nội thất đầy đủ,,ha-noi,"Chỉ 67tr/m sở hữu ngay nhà 4 tầng, đường Minh Khai, Q. Hai Bà Trưng.",,"Minh Khai, Phường Minh Khai, Quận Hai Bà Trưng, Hà NộiXem bản đồ","4,7 tỷ - 70 m2"
30 m²,4 phòng,,,"Nhà ngõ, hẻm",,,"183,33 triệu/m²",,,,,,ha-noi,"Nhà Mới Ở Luôn, Trường Chinh, Thang Máy 5 Tầng, Mặt Tiền Lớn, Ô Tô Gần",,"Trường Chinh, Phường Khương Thượng, Quận Đống Đa, Hà NộiXem bản đồ","5,5 tỷ - 30 m2"
19 m²,2 phòng,2 phòng,Đã có sổ,"Nhà ngõ, hẻm",,,"142,11 triệu/m²",,4,,Nội thất đầy đủ,,ha-noi,"Bán nhà phố Hương Viên - Lò Đúc - phố Vip - Ngõ nông. Giá: 2,7 tỷ",,"Hương viên, Phường Phạm Đình Hổ, Quận Hai Bà Trưng, Hà NộiXem bản đồ","2,7 tỷ - 19 m2"
52 m²,4 phòng,4 phòng,,"Nhà ngõ, hẻm",5 m,,"114,42 triệu/m²",,5,,,10 m,ha-noi,"Pháo Đài Láng, Đống Đa,Chỉ 120tr/m, 15m ra ô tô 52 m - 5,9 tỷ",,"Ngõ 14 Phố Pháo Đài Láng, Phường Láng Thượng, Quận Đống Đa, Hà NộiXem bản đồ","5,95 tỷ - 52 m2"
33 m²,3 phòng,,Đã có sổ,"Nhà mặt phố, mặt tiền",4 m,,"154,55 triệu/m²",,5,,Nhà trống,,ha-noi,"BÁN NHÀ CẦU GIẤY,MỚI XÂY HIỆN ĐẠI, TRƯỚC NHÀ RỘNG, DIỆN TÍCH 33M",,"TRUNG KINH, Phường Trung Hoà, Quận Cầu Giấy, Hà NộiXem bản đồ","5,1 tỷ - 33 m2"
42 m²,5 phòng,5 phòng,Đã có sổ,"Nhà mặt phố, mặt tiền",,,"366,67 triệu/m²",,5,,Nội thất đầy đủ,,ha-noi,"Bán Nhà Mặt Phố Nguyễn Lương Bằng Đống Đa 15,4Tỷ 45/60m2 thu 900tr/năm",,"Phố Nguyễn Lương Bằng, Phường Nam Đồng, Quận Đống Đa, Hà NộiXem bản đồ","15,4 tỷ - 42 m2"
35 m²,4 phòng,4 phòng,Đã có sổ,"Nhà mặt phố, mặt tiền",4 m,,"142,86 triệu/m²",,,,,9 m,ha-noi,"Thật 100% Tôn Thất Tùng 35 m - nhỉnh 5 tỷ , 5 tầng , thang máy",,"Trường Chinh, Phường Ngã Tư Sở, Quận Đống Đa, Hà NộiXem bản đồ",5 tỷ - 35 m2
820 m²,nhiều hơn 10 phòng,Nhiều hơn 6 phòng,Đã có sổ,"Nhà mặt phố, mặt tiền",,,"556,1 triệu/m²",,5,,Nội thất đầy đủ,,ha-noi,Siêu Phẩm Mặt Phố Ngô Quyền Hoàn Kiếm 456Tỷ 820m2 Mặt tiền 22m,,"Phố Ngô Quyền, Phường Tràng Tiền, Quận Hoàn Kiếm, Hà NộiXem bản đồ",456 tỷ - 820 m2
77 m²,6 phòng,,,"Nhà mặt phố, mặt tiền",,,"285,71 triệu/m²",,,Hẻm xe hơi,,,ha-noi,HIẾM! BÁN NHÀ MẶT PHỐ QUẬN BA ĐÌNH KINH DOANH ĐỈNH 77M2 22 TỶ,,"kim mã thượng, Phường Kim Mã, Quận Ba Đình, Hà NộiXem bản đồ",22 tỷ - 77 m2
45 m²,4 phòng,,Đã có sổ,"Nhà ngõ, hẻm",,45 m²,"126,67 triệu/m²",,5,,,,ha-noi,BÁN NHÀ PHỐ TRUNG KÍNH-45M2-NHỈNH 5 TỶ-NGÕ THÔNG-KINH DOANH,,"Trung Kính, Phường Trung Hoà, Quận Cầu Giấy, Hà NộiXem bản đồ","5,7 tỷ - 45 m2"
63 m²,6 phòng,,Đã có sổ,"Nhà mặt phố, mặt tiền",,,"253,97 triệu/m²",,,,,,ha-noi,"Bán nhà mặt phố Giáp Nhất vỉa hè 2 bên, KD đỉnh, DT 63m2 x6T chỉ 16 tỷ",,"Giáp Nhất, Phường Thượng Đình, Quận Thanh Xuân, Hà NộiXem bản đồ",16 tỷ - 63 m2
42 m²,4 phòng,,Đã có sổ,"Nhà ngõ, hẻm",,,"154,76 triệu/m²",,,,,,ha-noi,SIÊU PHẨM KHƯƠNG ĐÌNH - 6 TẦNG THANG MÁY MỚI – NGÕ RỘNG - GẦN PHỐ,,"Khương Đình, Phường Khương Đình, Quận Thanh Xuân, Hà NộiXem bản đồ","6,5 tỷ - 42 m2"
30 m²,3 phòng,4 phòng,Đã có sổ,"Nhà ngõ, hẻm",5.3 m,,"88,33 triệu/m²",,,,Nhà trống,,ha-noi,Bán Nhà 4 Tầng Phúc Lợi Long Biên sát Vinhomes riverside gần Vinh Tuy,,"Phúc Lợi, Phường Phúc Lợi, Quận Long Biên, Hà NộiXem bản đồ","2,65 tỷ - 30 m2"
30 m²,4 phòng,3 phòng,Đã có sổ,"Nhà ngõ, hẻm",,,"116,67 triệu/m²",,4,,Nội thất đầy đủ,,ha-noi,NHÀ BÙI XƯƠNG TRẠCH LÔ GÓC - 3 MẶT THOÁNG - NGÕ BA GÁC CHỈ 3.5 TỶ,,"Bùi Xương Trạch, Phường Khương Đình, Quận Thanh Xuân, Hà NộiXem bản đồ","3,5 tỷ - 30 m2"
35 m²,3 phòng,4 phòng,Đã có sổ,"Nhà ngõ, hẻm",4 m,,"138,57 triệu/m²",,5,,,,ha-noi,Bán nhà xây mới Ngõ 51 phố Tương Mai. Nhà đẹp ngõ nông gần phố gần oto,,"Phố Tương Mai, Phường Tương Mai, Quận Hoàng Mai, Hà NộiXem bản đồ","4,85 tỷ - 35 m2"
38 m²,3 phòng,,,"Nhà ngõ, hẻm",,,"113,16 triệu/m²",,,,,,ha-noi,"Bán nhà Thịnh Quang, nhà đẹp ở luôn, sân cổng riêng 38m, 5T chỉ 4.3 tỷ",,"Ngõ Thịnh Quang, Phường Thịnh Quang, Quận Đống Đa, Hà NộiXem bản đồ","4,3 tỷ - 38 m2"
46 m²,5 phòng,,Đã có sổ,Nhà biệt thự,,,"236,96 triệu/m²",,,"Nở hậu,Hẻm xe hơi",,,ha-noi,🌋CHUẨN BỊ ĐỊNH CƯ Ở NƯỚC NGOÀI_NÊN GỬI BÁN SIÊU PHẨM PHỐ LONG BIÊN,,"undefined, Phường Thạch Bàn, Quận Long Biên, Hà NộiXem bản đồ","10,9 tỷ - 46 m2"
38 m²,1 phòng,,Đã có sổ,"Nhà ngõ, hẻm",,,"77,63 triệu/m²",,2,,,,ha-noi,"Thịnh Quang 38m2, 2T, mt7m, 2,95 tỷ",,"Thịnh Quang, Phường Thịnh Quang, Quận Đống Đa, Hà NộiXem bản đồ","2,95 tỷ - 38 m2"
33 m²,3 phòng,3 phòng,Đã có sổ,"Nhà ngõ, hẻm",,,"92,42 triệu/m²",,4,,Nội thất đầy đủ,,ha-noi,"💥 SIÊU HIẾM, 3 TỶ, GẦN PHỐ, MT RỘNG, QUẬN BA ĐÌNH 33m KIM MÃ MT: 4,6m",,"Phố Kim Mã, Phường Kim Mã, Quận Ba Đình, Hà NộiXem bản đồ","3,05 tỷ - 33 m2"
46 m²,4 phòng,,,"Nhà ngõ, hẻm",,,"206,52 triệu/m²",,,,,,ha-noi,"NHÀ ĐẸP 5 TẦNG Ở NGÀY , XUÂN ĐỈNH , TỪ LIÊM, 46m2 _ Ô TÔ 7 CHỖ VÀO NHÀ",,"Xuân Đỉnh, Phường Xuân Đỉnh, Quận Bắc Từ Liêm, Hà NộiXem bản đồ","9,5 tỷ - 46 m2"
51 m²,3 phòng,3 phòng,Đã có sổ,"Nhà ngõ, hẻm",,,"90,2 triệu/m²",,3,,Nội thất đầy đủ,,ha-noi,"90tr/m2 giá cực tốt,nhà rộng về ở luôn,tiện ích bạt ngàn,GT thuận tiện",,"Phố Minh Khai, Phường Minh Khai, Quận Hai Bà Trưng, Hà NộiXem bản đồ","4,6 tỷ - 51 m2"
18 m²,2 phòng,3 phòng,Đã có sổ,"Nhà ngõ, hẻm",,,"116,67 triệu/m²",,4,,Nhà trống,,ha-noi,"Bán nhà Tôn Đức Thắng - Cách ô tô 20m - Lô góc - 18m2. Giá: 2,1 tỷ",,"Tôn Đức Thắng, Phường Văn Chương, Quận Đống Đa, Hà NộiXem bản đồ","2,1 tỷ - 18 m2"
33 m²,3 phòng,4 phòng,Đã có sổ,"Nhà mặt phố, mặt tiền",4 m,,"154,55 triệu/m²",,5,,,,ha-noi,"BÁN NHÀ TRUNG KÍNH,MỚI XÂY HIỆN ĐẠI, DIỆN TÍCH 33M,32,30, GIÁ 5TỶ1",,"TRUNG KINH, Phường Trung Hoà, Quận Cầu Giấy, Hà NộiXem bản đồ","5,1 tỷ - 33 m2"
55 m²,4 phòng,4 phòng,Đã có sổ,"Nhà mặt phố, mặt tiền",,,"145,45 triệu/m²",,4,,Nội thất đầy đủ,,ha-noi,"BN Trần Đăng Ninh 55m2, 4 tầng , kinh doanh, garaoto, giá từ 8,2 tỷ",,"TRẦN ĐĂNG NINH , Phường Hà Cầu, Quận Hà Đông, Hà NộiXem bản đồ",8 tỷ - 55 m2
90 m²,6 phòng,5 phòng,Đã có sổ,"Nhà mặt phố, mặt tiền",4 m,,"311,11 triệu/m²",,5,,,,ha-noi,Bán nhà mặt phố Đường Đôi Tân Mai quận Hoàng Mai đoạn đẹp nhất phố,,"Phố Tân Mai, Phường Tân Mai, Quận Hoàng Mai, Hà NộiXem bản đồ",28 tỷ - 90 m2
38 m²,4 phòng,,Đã có sổ,"Nhà ngõ, hẻm",,,"81,58 triệu/m²",,,,,,ha-noi,BÁN NHÀ PHỐ LONG BIÊN NGÕ NÔNG Ô TÔ ĐỖ CỔNG XUNG QUANH VÔ VÀN TIỆN ÍCH,,"Ngọc Lâm, Phường Ngọc Lâm, Quận Long Biên, Hà NộiXem bản đồ","3,1 tỷ - 38 m2"
38 m²,4 phòng,,Đã có sổ,"Nhà ngõ, hẻm",,,"138,16 triệu/m²",,5,Hẻm xe hơi,,,ha-noi,BÁN NHÀ PHỐ LONG BIÊN _ TRƯỚC NHÀ Ô TÔ TRÁNH _ LÔ GÓC _DÂN XÂY,,"Thạch bàn , Phường Thạch Bàn, Quận Long Biên, Hà NộiXem bản đồ","5,25 tỷ - 38 m2"
50 m²,5 phòng,,Đã có sổ,Nhà biệt thự,,,140 triệu/m²,,5,Hẻm xe hơi,,,ha-noi,BÁN NHÀ PHỐ LONG BIÊN_LÔ GÓC ĐƯỜNG NHỰA -VỈA HÈ -ÔTÔ TRÁNH- KINH DOANH,,"Nam Đuống , Phường Thượng Thanh, Quận Long Biên, Hà NộiXem bản đồ",7 tỷ - 50 m2
40 m²,3 phòng,4 phòng,Đã có sổ,"Nhà ngõ, hẻm",,,100 triệu/m²,,5,,Nội thất cao cấp,,ha-noi,"PHỐ DƯƠNG VĂN BÉ - HXOM TIMES CITY, OTO ĐỖ CỬA, 50M RA MẶT PHỐ",,"Phố Dương Văn Bé, Phường Vĩnh Tuy, Quận Hai Bà Trưng, Hà NộiXem bản đồ",4 tỷ - 40 m2
35 m²,5 phòng,5 phòng,Đã có sổ,"Nhà ngõ, hẻm",,,"114,29 triệu/m²",,6,,Nội thất đầy đủ,,ha-noi,Bán nhà Cát Linh 35m2 ngõ thông thoáng 8 phòng ngủ cho thuê dễ 4 tỷ,,"Phố Cát Linh, Phường Cát Linh, Quận Đống Đa, Hà NộiXem bản đồ",4 tỷ - 35 m2
33 m²,3 phòng,,Đã có sổ,"Nhà mặt phố, mặt tiền",,33 m²,"257,58 triệu/m²",,4,Hẻm xe hơi,,,ha-noi,"Bán nhà Trần Phú – Hà Đông, Kinh doanh siêu lợi nhuận, 33m2, 8.5 tỷ",,"Đường Trần Phú, Phường Văn Quán, Quận Hà Đông, Hà NộiXem bản đồ","8,5 tỷ - 33 m2"
20 m²,2 phòng,2 phòng,Giấy tờ khác,"Nhà ngõ, hẻm",3 m,,"62,5 triệu/m²",,3,,,,ha-noi,Bán nhà Lĩnh Nam - 20m x 3 tầng - 2 phòng ngủ - đất thổ cư,,"Đường Lĩnh Nam, Phường Vĩnh Hưng, Quận Hoàng Mai, Hà NộiXem bản đồ","1,25 tỷ - 20 m2"
16 m²,2 phòng,,Đã có sổ,"Nhà ngõ, hẻm",,16 m²,"140,63 triệu/m²",,,,Nội thất đầy đủ,,ha-noi,"Bán nhà Minh Khai - Full đồ - Ngõ thoáng - Cách ô tô 70m.Giá: 2,25 tỷ",,"Phố Minh Khai, Phường Vĩnh Tuy, Quận Hai Bà Trưng, Hà NộiXem bản đồ","2,25 tỷ - 16 m2"
35 m²,4 phòng,,Đã có sổ,"Nhà ngõ, hẻm",,,"91,43 triệu/m²",,,,Nội thất đầy đủ,,ha-noi,PHỐ XALA - NHÀ ĐẸP - 2 THOÁNG TRƯỚC SAU - GIÁ HẠT DẺ,,"Phố Xa La, Phường Phúc La, Quận Hà Đông, Hà NộiXem bản đồ","3,2 tỷ - 35 m2"
42 m²,4 phòng,5 phòng,Đã có sổ,"Nhà ngõ, hẻm",,,"142,83 triệu/m²",,5,,Nội thất đầy đủ,,ha-noi,Bán nhà Mới phố Bờ Sông Sét quận Hoàng Mai. Nhà đẹp gần phố gần ô tô,,"Bờ Sông Sét, Phường Thịnh Liệt, Quận Hoàng Mai, Hà NộiXem bản đồ","5,999 tỷ - 42 m2"
30 m²,3 phòng,4 phòng,Đã có sổ,"Nhà ngõ, hẻm",,,"99,33 triệu/m²",,,Hẻm xe hơi,Nội thất cao cấp,,ha-noi,☀☀CỰC HIẾM!! 4 tầng Phố Cổ Hà Đông🌳Ô TÔ TRÁNH - LÔ GÓC🏯,,"Lê Lợi, Phường Nguyễn Trãi, Quận Hà Đông, Hà NộiXem bản đồ","2,98 tỷ - 30 m2"
50 m²,1 phòng,1 phòng,Đã có sổ,"Nhà mặt phố, mặt tiền",,,110 triệu/m²,Đông Nam,,,Nội thất cao cấp,,ha-noi,⭐️HIẾM !🌳 VỈA HÈ CÂY XANH - Ô TÔ TRÁNH- KINH DOANH. Bán nhà Mipec 50m2,,"Phố Phúc La, Phường Phúc La, Quận Hà Đông, Hà NộiXem bản đồ","5,5 tỷ - 50 m2"
38 m²,3 phòng,4 phòng,Đã có sổ,"Nhà mặt phố, mặt tiền",,,"135,53 triệu/m²",,5,,Nội thất cao cấp,,ha-noi,"Kim Mã Thượng - Ba Đình - 38m2 x 5 Tầng - Nhà mới, ở ngay - 5.15 tỷ",,"Phố Kim Mã Thượng, Phường Liễu Giai, Quận Ba Đình, Hà NộiXem bản đồ","5,15 tỷ - 38 m2"
48 m²,4 phòng,4 phòng,Đã có sổ,"Nhà mặt phố, mặt tiền",,,"120,83 triệu/m²",,4,,Nội thất cao cấp,,ha-noi,⚡️⚡️CƠ HỘI🔥KINH DOANH🎡- Ô TÔ TRÁNH - 130 TRIỆU/M🌴Bán nhà Triều Khúc,,"Triều Khúc, Phường Thanh Xuân Nam, Quận Thanh Xuân, Hà NộiXem bản đồ","5,8 tỷ - 48 m2"
40 m²,2 phòng,1 phòng,Đã có sổ,"Nhà mặt phố, mặt tiền",,,"92,5 triệu/m²",Đông Nam,1,,,,ha-noi,🏡Bán nhà Phố Lụa Hà Đông 40m2 🌳MẶT PHỐ - KINH DOANH - Ô TÔ TRÁNH🍃,,"Phố Lụa, Phường Vạn Phúc, Quận Hà Đông, Hà NộiXem bản đồ","3,7 tỷ - 40 m2"
50 m²,1 phòng,,Đã có sổ,"Nhà mặt phố, mặt tiền",5 m,50 m²,62 triệu/m²,,,,,10 m,ha-noi,🏡Bán nhà KĐT Dương Nội 50m2.🍀Ô TÔ TRÁNH - CÁN BỘ👨🏻‍⚖️,,"Phố Ỷ La, Phường Dương Nội, Quận Hà Đông, Hà NộiXem bản đồ","3,1 tỷ - 50 m2"
60 m²,3 phòng,1 phòng,Đã có sổ,"Nhà mặt phố, mặt tiền",,,"43,33 triệu/m²",,2,,Nội thất cao cấp,,ha-noi,🔥SIÊU GIẢM GIÁ !! 🌳Bán nhà⚡️ KĐT GELEXIMCO 60m2🌱KINH DOANH - Ô TÔ ĐỖ🏖,,"Đường Dương Nội, Phường Dương Nội, Quận Hà Đông, Hà NộiXem bản đồ","2,6 tỷ - 60 m2"
41 m²,2 phòng,3 phòng,Đã có sổ,"Nhà ngõ, hẻm",,,"129,27 triệu/m²",,4,,Nội thất đầy đủ,,ha-noi,NHÀ ĐẸP ĐÓN XUÂN TẠI NGÕ 230 MỄ TRÌ THƯỢNG NAM TỪ LIÊM,,"Phố Mễ Trì Thượng, Phường Mễ Trì, Quận Nam Từ Liêm, Hà NộiXem bản đồ","5,3 tỷ - 41 m2"
53 m²,2 phòng,2 phòng,Đã có sổ,"Nhà ngõ, hẻm",,,"126,42 triệu/m²",,3,,Nội thất đầy đủ,,ha-noi,Bán nhà Hoàng Cầu 53m2 phân lô kinh doanh tốt dòng tiền ở sướng 6.7 tỷ,,"Phố Hoàng Cầu, Phường Ô Chợ Dừa, Quận Đống Đa, Hà NộiXem bản đồ","6,7 tỷ - 53 m2"
28 m²,4 phòng,,,"Nhà ngõ, hẻm",,,150 triệu/m²,,,,,,ha-noi,"Nhà Lô Góc, 6 Tầng, Một Mặt Phố 4,5m, Nguyễn Lương Bằng, 4,2 tỷ.",,"Nguyễn Lương Bằng, Phường Quang Trung, Quận Đống Đa, Hà NộiXem bản đồ","4,2 tỷ - 28 m2"
52 m²,4 phòng,,Đã có sổ,"Nhà ngõ, hẻm",,,"88,46 triệu/m²",,4,,Nội thất đầy đủ,,ha-noi,"Bán nhà Nguyễn Đức Cảnh Ngõ Thông, Nông, Gần Phố, Oto 52m2 chào 4.6 tỷ",,"Nguyễn Đức Cảnh, Phường Tương Mai, Quận Hoàng Mai, Hà NộiXem bản đồ","4,6 tỷ - 52 m2"
55 m²,5 phòng,4 phòng,Đã có sổ,"Nhà ngõ, hẻm",,,"145,44 triệu/m²",,4,,Nội thất cao cấp,,ha-noi,Bán nhà Ô tô vào nhà Ngõ 82 phố Đền Lừ - Hoàng Mai.Nhà Dân xây kiên cố,,"Đường Hoàng Mai, Phường Hoàng Văn Thụ, Quận Hoàng Mai, Hà NộiXem bản đồ","7,999 tỷ - 55 m2"
33 m²,3 phòng,4 phòng,Đã có sổ,"Nhà ngõ, hẻm",,,"128,79 triệu/m²",,5,,Nội thất cao cấp,,ha-noi,PHẢI THẬT NHANH KIM MÃ NHÀ MỚI Ở LUÔN GẦN PHỐ 33M2 CHỈ 4.25 TỶ,,"Phố Kim Mã, Phường Kim Mã, Quận Ba Đình, Hà NộiXem bản đồ","4,25 tỷ - 33 m2"
80 m²,6 phòng,4 phòng,Đã có sổ,"Nhà ngõ, hẻm",,,"286,25 triệu/m²",,5,,Nội thất cao cấp,,ha-noi,"NGUYỄN THỊ ĐỊNH, OTO KINH DOANH NGÀY ĐÊM 80M2 THANG MÁY CHỈ 22.9 TỶ",,"Nguyễn Thị Định, Phường Trung Hoà, Quận Cầu Giấy, Hà NộiXem bản đồ","22,9 tỷ - 80 m2"
56 m²,4 phòng,,,"Nhà ngõ, hẻm",,,"107,14 triệu/m²",,,,,,ha-noi,"Diện Tích Rộng, Nguyễn Lương Bằng, Ô Tô Gần, 56m2, MT: 4,8m, 6 Tỷ.",,"Nguyễn Lương Bằng, Phường Quang Trung, Quận Đống Đa, Hà NộiXem bản đồ",6 tỷ - 56 m2
60 m²,nhiều hơn 10 phòng,Nhiều hơn 6 phòng,Đã có sổ,"Nhà ngõ, hẻm",,,245 triệu/m²,,7,,Nội thất đầy đủ,,ha-noi,"NÓNG QUÁ ! TÂY HỒ, 7 TẦNG, THANG MÁY, 60M2, FULL NỘI THẤT, NHỈNH 14 TỶ",,"Lạc Long Quân, Phường Xuân La, Quận Tây Hồ, Hà NộiXem bản đồ","14,7 tỷ - 60 m2"
108 m²,4 phòng,4 phòng,Đã có sổ,Nhà phố liền kề,5 m,,"194,44 triệu/m²",,5,,,,ha-noi,Bán nhà Liền Kề Louis Hoàng Mai.Vị trí đẹp vỉa hè rộng ô tô tránh .!,,"Phố Tân Mai, Phường Hoàng Văn Thụ, Quận Hoàng Mai, Hà NộiXem bản đồ",21 tỷ - 108 m2
45 m²,4 phòng,4 phòng,,"Nhà mặt phố, mặt tiền",,270 m²,"522,22 triệu/m²",,,,,,ha-noi,Cần bán gấp nhà mặt phố Kim Mã 45m2 6 tầng thang máy kinh doanh,,"Kim Mã, Phường Kim Mã, Quận Ba Đình, Hà NộiXem bản đồ","23,5 tỷ - 45 m2"
52 m²,nhiều hơn 10 phòng,Nhiều hơn 6 phòng,Đã có sổ,Nhà phố liền kề,,,"163,46 triệu/m²",Đông,6,,,,ha-noi,"Toà chung cư mini,đường 12m,vỉa hè oto tránh, Ngay trường ĐH Phenika",,"Phố Yên Lộ, Phường Yên Nghĩa, Quận Hà Đông, Hà NộiXem bản đồ","8,5 tỷ - 52 m2"
22 m²,3 phòng,3 phòng,Đã có sổ,"Nhà ngõ, hẻm",,,"138,64 triệu/m²",,4,,Nội thất cao cấp,,ha-noi,CỰC HIẾM NGUYỄN CHÍ THANH 20M RA OTO NHÀ MỚI Ở LUÔN GIÁ CHỈ 3.05 TỶ,,"Đường Nguyễn Chí Thanh, Phường Ngọc Khánh, Quận Ba Đình, Hà NộiXem bản đồ","3,05 tỷ - 22 m2"
60 m²,4 phòng,3 phòng,Đã có sổ,"Nhà ngõ, hẻm",,,"31,67 triệu/m²",Đông Nam,4,,,,ha-noi,Khu nhà Liền Kề Đại Thành 60m2 4 tầng oto đỗ cửa,,"liên xã, Xã Đại Thành, Huyện Quốc Oai, Hà NộiXem bản đồ","1,9 tỷ - 60 m2"
80 m²,3 phòng,3 phòng,Đã có sổ,"Nhà ngõ, hẻm",,,"29,38 triệu/m²",,3,,Nhà trống,,ha-noi,"Chỉ 2.35 tỷ, Biệt Thự sân vườn mini,80m2 xây 3T, cách KĐT Đô Nghĩa 3km",,"Phố Yên Lộ, Phường Yên Nghĩa, Quận Hà Đông, Hà NộiXem bản đồ","2,35 tỷ - 80 m2"
195 m²,3 phòng,,Đã có sổ,"Nhà mặt phố, mặt tiền",,,"82,05 triệu/m²",,3,,Nội thất đầy đủ,,ha-noi,MẶT PHỐ - KINH DOANH ĐỈNH - NGAY CHỢ DÂN SINH - VỈA HÈ RỘNG.,,"Phố Kẻ Vẽ, Phường Đông Ngạc, Quận Bắc Từ Liêm, Hà NộiXem bản đồ",16 tỷ - 195 m2
50 m²,5 phòng,4 phòng,Đã có sổ,"Nhà ngõ, hẻm",,,76 triệu/m²,,5,,Nội thất đầy đủ,,ha-noi,"BÁN NHÀ MỸ ĐÌNH 5 TẦNG, 52M2, 3.8TỶ - Cô Minh Trung tá Quân đội nhờ",,"Đường Mỹ Đình, Phường Mỹ Đình 2, Quận Nam Từ Liêm, Hà NộiXem bản đồ","3,8 tỷ - 50 m2"
65 m²,5 phòng,5 phòng,Đã có sổ,"Nhà ngõ, hẻm",,,"196,92 triệu/m²",,6,,Nội thất cao cấp,,ha-noi,Bán nhà 6T thang máy Khu Đô Thị Tây Nam Linh Đàm.Phân lô ô tô tránh,,"Khu Tây Nam Linh Đàm, Phường Hoàng Văn Thụ, Quận Hoàng Mai, Hà NộiXem bản đồ","12,8 tỷ - 65 m2"
42 m²,5 phòng,,,"Nhà ngõ, hẻm",,,100 triệu/m²,,,,,,ha-noi,"Vị Trí Hiếm, An Dương Vương, Ô Tô Đỗ Cửa, 42m2x4T, MT:4,3m, 4,1 Tỷ.",,"An Dương Vương, Phường Phú Thượng, Quận Tây Hồ, Hà NộiXem bản đồ","4,2 tỷ - 42 m2"
86 m²,4 phòng,4 phòng,Đã có sổ,"Nhà mặt phố, mặt tiền",,,"123,26 triệu/m²",,4,,Nhà trống,,ha-noi,"CÓ 1 KHÔNG 2 ! Nhỉnh 10 TỶ, 4 Tầng, 86m2, Ô TÔ Vào, LÔ GÓC, P Xuân La.",,"Lạc Long Quân, Phường Xuân La, Quận Tây Hồ, Hà NộiXem bản đồ","10,6 tỷ - 86 m2"
45 m²,4 phòng,4 phòng,Đã có sổ,"Nhà ngõ, hẻm",,,"148,89 triệu/m²",,4,,Nội thất đầy đủ,,ha-noi,Chính chủ bán nhà ngõ 78 Giải Phóng ngay bệnh viện Tai Mũi Họng TW,,"Đường Giải Phóng, Phường Phương Mai, Quận Đống Đa, Hà NộiXem bản đồ","6,7 tỷ - 45 m2"
135 m²,6 phòng,Nhiều hơn 6 phòng,Đã có sổ,"Nhà mặt phố, mặt tiền",,,"281,48 triệu/m²",,5,,Nhà trống,,ha-noi,"Bán nhà mặt phố Kim Mã 135m2, 5T, thuê 80tr/tháng, Mt 8m, chỉ 38 tỷ",,"Phố Kim Mã, Phường Kim Mã, Quận Ba Đình, Hà NộiXem bản đồ",38 tỷ - 135 m2
46 m²,4 phòng,4 phòng,Đã có sổ,"Nhà ngõ, hẻm",,,"138,04 triệu/m²",,6,,Nhà trống,,ha-noi,"THẬT 300%! P Xuân La, 6 Tầng THANG MÁY, 45m2, Ô TÔ Gần, Chỉ NHỈNH 6 TỶ",,"Lạc Long Quân, Phường Xuân La, Quận Tây Hồ, Hà NộiXem bản đồ","6,35 tỷ - 46 m2"
33 m²,4 phòng,,,"Nhà ngõ, hẻm",,,"57,58 triệu/m²",,5,,,,ha-noi,🏡vợ chồng e có căn nhà 5 tầng cần bán tại yên nghĩa-HĐ ôtô đỗ 5m,,"Đường Hòa Bình, Phường Yên Nghĩa, Quận Hà Đông, Hà NộiXem bản đồ","1,9 tỷ - 33 m2"
62 m²,6 phòng,,Đã có sổ,"Nhà ngõ, hẻm",4 m,,"153,23 triệu/m²",,6,,Nội thất cao cấp,,ha-noi,"⭐BÁN NHÀ LÊ ĐỨC THỌ, GARA OTO, THANG MÁY DÂN XÂY 6 TẦNG, 62m2, hơn 9ty",,"Đường Lê Đức Thọ, Phường Mỹ Đình 2, Quận Nam Từ Liêm, Hà NộiXem bản đồ","9,5 tỷ - 62 m2"
38 m²,3 phòng,4 phòng,Đã có sổ,"Nhà mặt phố, mặt tiền",,,"140,79 triệu/m²",,5,,Nội thất cao cấp,,ha-noi,Bán nhà ngõ 279 Đội Cấn-Ba Đình-38m2 X 5 Tầng-gần ÔTÔ-Nhỉnh tỷ,,"Đội Cấn, Phường Đội Cấn, Quận Ba Đình, Hà NộiXem bản đồ","5,35 tỷ - 38 m2"
35 m²,3 phòng,,Đã có sổ,"Nhà ngõ, hẻm",4 m,,160 triệu/m²,Đông Nam,5,,,,ha-noi,"BÁN NHÀ PHỐ LÊ TRỌNG TẤN HÀ ĐÔNG_NHÀ ĐẸP Ở NGAY_NGÕ OTO_DT:35M_5,6 TỶ",,"Đường Lê Trọng Tấn, Phường La Khê, Quận Hà Đông, Hà NộiXem bản đồ","5,6 tỷ - 35 m2"
38 m²,4 phòng,5 phòng,Đã có sổ,"Nhà mặt phố, mặt tiền",,,"139,47 triệu/m²",,6,,Nội thất cao cấp,,ha-noi,"Bán nhà 279 Đội Cấn,Ba Đình,38m2 x 6 Tầng nhà mới,Cách ÔTÔ 20m, 5.3 tỷ",,"Đội Cấn, Phường Đội Cấn, Quận Ba Đình, Hà NộiXem bản đồ","5,3 tỷ - 38 m2"
40 m²,3 phòng,4 phòng,Đã có sổ,"Nhà ngõ, hẻm",,,"117,5 triệu/m²",,5,,Nội thất đầy đủ,,ha-noi,Bán nhà Ngõ 663 Phố Trương Định quận Hoàng Mai.Nhà đẹp gần phố gấn oto,,"Đường Trương Định, Phường Giáp Bát, Quận Hoàng Mai, Hà NộiXem bản đồ","4,7 tỷ - 40 m2"
52 m²,7 phòng,5 phòng,Đã có sổ,"Nhà mặt phố, mặt tiền",,,"161,54 triệu/m²",,6,,Nội thất đầy đủ,,ha-noi,"NGON QUÁ ! TÂY HỒ, 6 TẦNG, 52M2, THANG MÁY, Ô TÔ VÀO, CHỈ NHỈNH 8 TỶ",,"Đường An Dương Vương, Phường Nhật Tân, Quận Tây Hồ, Hà NộiXem bản đồ","8,4 tỷ - 52 m2"
33 m²,3 phòng,4 phòng,Đã có sổ,"Nhà ngõ, hẻm",,33 m²,"96,97 triệu/m²",,5,,,,ha-noi,"Bán nhà gần chợ Phú Diễn - Bắc Từ Liêm 5 tầng 33m2, giá 3.2 tỷ",,"Phú Diễn, Phường Phú Diễn, Quận Bắc Từ Liêm, Hà NộiXem bản đồ","3,2 tỷ - 33 m2"
61 m²,2 phòng,2 phòng,Đã có sổ,"Nhà mặt phố, mặt tiền",,,"54,92 triệu/m²",,3,,Nhà trống,,ha-noi,"CHÍNH CHỦ GỬI ! 3 Tầng, 63m2, Ô TÔ qua, Ngõ Thông, Gần Cầu Thăng Long",,"Võng La, Xã Đại Mạch, Huyện Đông Anh, Hà NộiXem bản đồ","3,35 tỷ - 61 m2"
16 m²,3 phòng,3 phòng,Đã có sổ,"Nhà ngõ, hẻm",,,"196,88 triệu/m²",Tây Nam,4,,,,ha-noi,"ngõ 79 Nguyễn Chí Thanh, Đống Đa, 3 bước ra ô tô, nhà đẹp, sổ vuông",,"Đường Nguyễn Chí Thanh, Phường Láng Hạ, Quận Đống Đa, Hà NộiXem bản đồ","3,15 tỷ - 16 m2"
