Diện tích đất:,Số phòng ngủ:,Số phòng vệ sinh:,Giấy tờ pháp lý:,Loại hình nhà ở:,Chiều ngang:,Diện tích sử dụng:,Giá/m2:,Hướng cửa chính:,Tổng số tầng:,Đặc điểm nhà/đất:,Tình trạng nội thất:,Chiều dài:,Location,Name,URL,District,Price
16 m²,2 phòng,2 phòng,Đã có sổ,"Nhà ngõ, hẻm",,,"140,63 triệu/m²",,3,,Nội thất cao cấp,,ha-noi,NHÀ ĐẸP ĐÓN TẾT,,"Mình Khai, Phường Minh Khai, Quận Hai Bà Trưng, Hà NộiXem bản đồ","2,25 tỷ - 16 m2"
38 m²,3 phòng,,Đã có sổ,"Nhà ngõ, hẻm",,,"136,84 triệu/m²",,,Nở hậu,,,ha-noi,"Bán nhà lô góc 38m2 5 tầng full nội thất Quan Nhân,TX,10m ra oto,5,2ty",,"Quan nhân, Phường Nhân Chính, Quận Thanh Xuân, Hà NộiXem bản đồ","5,2 tỷ - 38 m2"
14 m²,3 phòng,3 phòng,Đã có sổ,"Nhà ngõ, hẻm",,,"113,57 triệu/m²",,4,,Nội thất đầy đủ,,ha-noi,TRUNG TÂM ĐỐNG ĐA - SỔ ĐẸP,,"Đê La Thành, Phường Khâm Thiên, Quận Đống Đa, Hà NộiXem bản đồ","1,59 tỷ - 14 m2"
63 m²,3 phòng,Nhiều hơn 6 phòng,Đã có sổ,"Nhà ngõ, hẻm",4.5998 m,,"71,43 triệu/m²",,3,,,,ha-noi,"Nhà Xuân Phương 60m2 3 tầng MT 5m , Xây Kiên Cố, Giá 5 tỷ. LH E Tuấn",,"253, Đường Xuân Phương, Phường Phương Canh, Quận Nam Từ Liêm, Hà NộiXem bản đồ","4,5 tỷ - 63 m2"
17 m²,2 phòng,3 phòng,Đã có sổ,"Nhà ngõ, hẻm",,,"142,35 triệu/m²",,4,,Nội thất cao cấp,,ha-noi,💥💥💥💥💥.NHÀ MỚI ĐÓN TẾT - TRUNG TÂM HAI BÀ TRƯNG 🇻🇳🇻🇳🇻🇳🇻🇳,,"Đỗ Thuận, Phường Bạch Mai, Quận Hai Bà Trưng, Hà NộiXem bản đồ","2,42 tỷ - 17 m2"
30 m²,3 phòng,3 phòng,Đã có sổ,"Nhà ngõ, hẻm",,,"126,67 triệu/m²",,4,,Nội thất đầy đủ,,ha-noi,3.8 TỶ_MINH KHAI_LÔ GÓC ĐỘC LẬP_MẶT NGÕ THÔNG_30M2 TỶ,,"Phố Minh Khai, Phường Minh Khai, Quận Hai Bà Trưng, Hà NộiXem bản đồ","3,8 tỷ - 30 m2"
45 m²,5 phòng,5 phòng,Đã có sổ,"Nhà mặt phố, mặt tiền",,,"122,22 triệu/m²",,5,,Nội thất cao cấp,,ha-noi,✅ Chính chủ muốn thanh khoản nhanh nhà này trước tết 2024.,,"Hào Nam, Phường Cát Linh, Quận Đống Đa, Hà NộiXem bản đồ","5,5 tỷ - 45 m2"
50 m²,6 phòng,6 phòng,Đã có sổ,"Nhà ngõ, hẻm",,,188 triệu/m²,Đông Nam,5,,,,ha-noi,HOA BẰNG CẦU GIẤY. PHÂN LÔ. Ô TÔ TRÁNH. KINH DOANH,,"Hoa Bằng, Phường Yên Hoà, Quận Cầu Giấy, Hà NộiXem bản đồ","9,4 tỷ - 50 m2"
30.5 m²,3 phòng,3 phòng,Đã có sổ,"Nhà ngõ, hẻm",,,"93,44 triệu/m²",,4,,Nội thất đầy đủ,,ha-noi,Bán nhà 4t đủ nội thất nóng lạnh điều hoà tivi tủ lạnh giường tử,,"Phố Ngũ Nhạc, Phường Thanh Trì, Quận Hoàng Mai, Hà NộiXem bản đồ","2,85 tỷ - 30.5 m2"
42 m²,2 phòng,2 phòng,Đã có sổ,"Nhà ngõ, hẻm",,,"161,9 triệu/m²",,4,,Nội thất đầy đủ,,ha-noi,"Bán nhà riêng Phương Mai,4 Tầng mặt tiền rộng,Ngõ thoáng sạch đẹp.",,"Phương Mai, Phường Trung Liệt, Quận Đống Đa, Hà NộiXem bản đồ","6,8 tỷ - 42 m2"
40 m²,2 phòng,1 phòng,Đã có sổ,"Nhà mặt phố, mặt tiền",,,105 triệu/m²,,,"Hẻm xe hơi,Nở hậu",,,ha-noi,🔥KHẨN!🌳MẶT PHỐ KINH DOANH - Ô TÔ TRÁNH - LÔ GÓC🌴🏛Bán nhà La Khê 40m,,"Phố Phan Đình Giót, Phường La Khê, Quận Hà Đông, Hà NộiXem bản đồ","4,2 tỷ - 40 m2"
54 m²,2 phòng,1 phòng,Đã có sổ,"Nhà mặt phố, mặt tiền",,,"58,33 triệu/m²",,1,,Nội thất cao cấp,,ha-noi,🏡Bán nhà gần KĐT An Hưng.🍀Ô TÔ TRÁNH - CÁN BỘ,,"Lê Trọng Tấn, Phường La Khê, Quận Hà Đông, Hà NộiXem bản đồ","3,15 tỷ - 54 m2"
40 m²,1 phòng,1 phòng,Đã có sổ,"Nhà mặt phố, mặt tiền",,,"92,5 triệu/m²",,1,,Nội thất cao cấp,,ha-noi,🔥🔥GẤP!! 🌳MẶT PHỐ - KINH DOANH - Ô TÔ TRÁNH🍃40m2 Phố Lụa Hà Đông,,"Phố Lụa, Phường Vạn Phúc, Quận Hà Đông, Hà NộiXem bản đồ","3,7 tỷ - 40 m2"
60 m²,3 phòng,1 phòng,Đã có sổ,"Nhà ngõ, hẻm",,,"43,33 triệu/m²",,2,,Nội thất cao cấp,,ha-noi,🔥KHẨN CẤP !! 🌳Bán nhà⚡️ KĐT An Hưng 60m2🌱KINH DOANH - Ô TÔ ĐỖ CỬA🏖,,"Lê Trọng Tấn, Phường Dương Nội, Quận Hà Đông, Hà NộiXem bản đồ","2,6 tỷ - 60 m2"
31 m²,6 phòng,6 phòng,Đã có sổ,"Nhà ngõ, hẻm",,,"127,42 triệu/m²",,4,,,,ha-noi,Căn hộ dịch vụ,,"454, Minh Khai, Phường Minh Khai, Quận Hai Bà Trưng, Hà NộiXem bản đồ","3,95 tỷ - 31 m2"
55 m²,4 phòng,,,"Nhà mặt phố, mặt tiền",4.5998 m,,"345,45 triệu/m²",Đông Nam,66,,,12 m,ha-noi,"Cần bán nhà mặt Hồ Hoàng Cầu, thang máy, ở kinh doanh ngay 19 tỷ.",,"Phố Mai Anh Tuấn, Phường Ô Chợ Dừa, Quận Đống Đa, Hà NộiXem bản đồ",19 tỷ - 55 m2
36 m²,1 phòng,,Đã có sổ,"Nhà mặt phố, mặt tiền",,59 m²,"255,56 triệu/m²",,2,,Nhà trống,,ha-noi,BÁN NHÀ MẶT PHỐ NGÕ GẠCH. HOÀN KIẾM. HÀ NỘI,,"Phố Ngõ Gạch, Phường Hàng Buồm, Quận Hoàn Kiếm, Hà NộiXem bản đồ","9,2 tỷ - 36 m2"
30 m²,3 phòng,,,"Nhà ngõ, hẻm",,,90 triệu/m²,,,,,,ha-noi,Bán nhà Phúc Lợi _Long Biên,,"undefined, Phường Phúc Lợi, Quận Long Biên, Hà NộiXem bản đồ","2,7 tỷ - 30 m2"
30 m²,4 phòng,5 phòng,Đã có sổ,"Nhà ngõ, hẻm",,,100 triệu/m²,,5,,Nội thất đầy đủ,,ha-noi,"Nhà 5 tầng cách Cổ Linh 35m, oto đỗ cửa,gần Aeon & cầu Vĩnh Tuy,3.2 tỷ",,"Đường Cổ Linh, Phường Long Biên, Quận Long Biên, Hà NộiXem bản đồ",3 tỷ - 30 m2
35 m²,4 phòng,,,"Nhà ngõ, hẻm",,,154 triệu/m²,,5,,,,ha-noi,"Quá đẹp, nhà mới Quan Nhân, Hoàng Ngân, 35n, 5T, full đồ, kinh doanh.",,"Quan Nhân, Phường Nhân Chính, Quận Thanh Xuân, Hà NộiXem bản đồ","5,39 tỷ - 35 m2"
55 m²,4 phòng,,,"Nhà mặt phố, mặt tiền",4.5998 m,,"345,45 triệu/m²",Đông Nam,66,,,12 m,ha-noi,"Cần bán nhà mặt Hồ Hoàng Cầu, thang máy, ở kinh doanh ngay 19 tỷ.",,"Phố Mai Anh Tuấn, Phường Ô Chợ Dừa, Quận Đống Đa, Hà NộiXem bản đồ",19 tỷ - 55 m2
36 m²,1 phòng,,Đã có sổ,"Nhà mặt phố, mặt tiền",,59 m²,"255,56 triệu/m²",,2,,Nhà trống,,ha-noi,BÁN NHÀ MẶT PHỐ NGÕ GẠCH. HOÀN KIẾM. HÀ NỘI,,"Phố Ngõ Gạch, Phường Hàng Buồm, Quận Hoàn Kiếm, Hà NộiXem bản đồ","9,2 tỷ - 36 m2"
30 m²,3 phòng,,,"Nhà ngõ, hẻm",,,90 triệu/m²,,,,,,ha-noi,Bán nhà Phúc Lợi _Long Biên,,"undefined, Phường Phúc Lợi, Quận Long Biên, Hà NộiXem bản đồ","2,7 tỷ - 30 m2"
30 m²,4 phòng,5 phòng,Đã có sổ,"Nhà ngõ, hẻm",,,100 triệu/m²,,5,,Nội thất đầy đủ,,ha-noi,"Nhà 5 tầng cách Cổ Linh 35m, oto đỗ cửa,gần Aeon & cầu Vĩnh Tuy,3.2 tỷ",,"Đường Cổ Linh, Phường Long Biên, Quận Long Biên, Hà NộiXem bản đồ",3 tỷ - 30 m2
35 m²,4 phòng,,,"Nhà ngõ, hẻm",,,154 triệu/m²,,5,,,,ha-noi,"Quá đẹp, nhà mới Quan Nhân, Hoàng Ngân, 35n, 5T, full đồ, kinh doanh.",,"Quan Nhân, Phường Nhân Chính, Quận Thanh Xuân, Hà NộiXem bản đồ","5,39 tỷ - 35 m2"
42 m²,6 phòng,4 phòng,Đã có sổ,"Nhà ngõ, hẻm",,,"109,52 triệu/m²",,5,,Nội thất cao cấp,,ha-noi,"Bán nhà Trần Cung, 2 thoáng, đẹp, rẻ 42m2 sổ, 5 tầng, mt 4m_chỉ 4.6 tỷ",,"Đường Trần Cung, Phường Cổ Nhuế 1, Quận Bắc Từ Liêm, Hà NộiXem bản đồ","4,6 tỷ - 42 m2"
40 m²,2 phòng,1 phòng,Đã có sổ,"Nhà ngõ, hẻm",,,"38,75 triệu/m²",,2,,Nhà trống,,ha-noi,Bán căn hộ tập thể Mai Động 2 phòng ngủ ở luôn 1.55 tỷ,,"Mai Động, Phường Minh Khai, Quận Hai Bà Trưng, Hà NộiXem bản đồ","1,55 tỷ - 40 m2"
42 m²,4 phòng,5 phòng,,"Nhà ngõ, hẻm",,,"192,62 triệu/m²",,6,,Nội thất đầy đủ,,ha-noi,Lô Góc Nhà Mới 6 Tầng Thang Máy Mặt Tiền Bề Thế Tt Thanh Xuân,,"Vương Thừa Vũ, Phường Khương Trung, Quận Thanh Xuân, Hà NộiXem bản đồ","8,09 tỷ - 42 m2"
27 m²,3 phòng,4 phòng,Đã có sổ,"Nhà ngõ, hẻm",,,"128,89 triệu/m²",,5,,Nội thất đầy đủ,,ha-noi,Nhà Mới Tinh 5 Tầng Lô Góc Ngõ Thông Quận Thanh Xuân Nhanh Tay Nào Ace,,"Khương Trung, Phường Khương Trung, Quận Thanh Xuân, Hà NộiXem bản đồ","3,48 tỷ - 27 m2"
70 m²,4 phòng,4 phòng,Đã có sổ,"Nhà ngõ, hẻm",,,"182,86 triệu/m²",,5,,Nội thất đầy đủ,,ha-noi,Bán nhà Quốc Tử Giám 70m2 ngõ oto mặt tiền rộng kinh doanh tốt 12.8 tỷ,,"Phố Quốc Tử Giám, Phường Văn Chương, Quận Đống Đa, Hà NộiXem bản đồ","12,8 tỷ - 70 m2"
75 m²,4 phòng,4 phòng,Đã có sổ,"Nhà ngõ, hẻm",,,"117,33 triệu/m²",Tây Nam,4,,,,ha-noi,"Mặt ngõ đường Kim Mã DT:75m2 ,xây 4 Tầng có sân rộng gần phố",,"Kim Mã, Phường Kim Mã, Quận Ba Đình, Hà NộiXem bản đồ","8,8 tỷ - 75 m2"
40 m²,5 phòng,5 phòng,,"Nhà mặt phố, mặt tiền",5 m,,"187,5 triệu/m²",,6,,Nội thất đầy đủ,,ha-noi,BÁN NHÀ CÓ GARA Ô TÔ- VĂN QUÁN- CHIẾN THẮNG KINH DOANH ĐỈNH- Ở NGAY,,"Đường Chiến Thắng, Phường Văn Quán, Quận Hà Đông, Hà NộiXem bản đồ","7,5 tỷ - 40 m2"
30 m²,4 phòng,4 phòng,Đã có sổ,"Nhà mặt phố, mặt tiền",,,300 triệu/m²,,5,,Nội thất đầy đủ,,ha-noi,Bán nhà mặt phố Nguyễn Trãi 30m2 vỉa hè to oto kinh doanh sầm uất 9 tỷ,,"Phố Nguyễn Trãi, Phường Nguyễn Trãi, Quận Hà Đông, Hà NộiXem bản đồ",9 tỷ - 30 m2
40 m²,2 phòng,,Đã có sổ,"Nhà ngõ, hẻm",,,55 triệu/m²,,,,,,ha-noi,"Cần Bán Gấp Nhà Khuyến Lương, 2 Tầng, 40m2, Mặt Tiền 8.6m, Giá 2.2 Tỷ",,"Ngõ 50 Đường Khuyến Lương, Phường Trần Phú, Quận Hoàng Mai, Hà NộiXem bản đồ","2,2 tỷ - 40 m2"
33 m²,3 phòng,4 phòng,Đã có sổ,"Nhà ngõ, hẻm",,,"131,82 triệu/m²",Đông,5,,,,ha-noi,Nhà xây độc lập Đức Diễn - Bắc Từ Liêm,,"Đường Đức Diễn, Phường Phúc Diễn, Quận Bắc Từ Liêm, Hà NộiXem bản đồ","4,35 tỷ - 33 m2"
44.7999 m²,3 phòng,,,"Nhà ngõ, hẻm",,,"116,07 triệu/m²",,,,,,ha-noi,"Mới Đét, Trần Duy Hưng, Ở Ngay, Đón Tết, Thoáng Rộng, Gần Phố",,"Trần Duy Hưng, Phường Trung Hoà, Quận Cầu Giấy, Hà NộiXem bản đồ","5,2 tỷ - 44.7.999 m2"
50 m²,3 phòng,4 phòng,Đã có sổ,"Nhà ngõ, hẻm",,,"137,8 triệu/m²",,6,,Nội thất đầy đủ,,ha-noi,"Bán nhà vip, mặt đường Kim Giang, 6 tầng, thang máy. Ô tô đỗ.",,"Kim Giang, Xã Thanh Liệt, Huyện Thanh Trì, Hà NộiXem bản đồ","6,89 tỷ - 50 m2"
42 m²,2 phòng,2 phòng,Đã có sổ,"Nhà ngõ, hẻm",,,"38,1 triệu/m²",,2,,Nhà trống,,ha-noi,"Nhà 2 tầng phường Ngọc Thụy, lô góc ,42m2, mặt tiền = hậu = 4m",,"Phố Yên Bình, Phường Ngọc Thụy, Quận Long Biên, Hà NộiXem bản đồ","1,6 tỷ - 42 m2"
24 m²,3 phòng,3 phòng,Đã có sổ,"Nhà ngõ, hẻm",,,"120,83 triệu/m²",,6,,Nội thất đầy đủ,,ha-noi,BÁN NHÀ CHƯƠNG DƯƠNG ĐỘ -HOÀN KIẾM,,"CHƯƠNG DƯƠNG ĐỘ -HOÀN KIẾM, Phường Chương Dương, Quận Hoàn Kiếm, Hà NộiXem bản đồ","2,9 tỷ - 24 m2"
30 m²,3 phòng,4 phòng,Đã có sổ,"Nhà ngõ, hẻm",4.5 m,,"161,67 triệu/m²",,5,,,,ha-noi,NHÀ MỚI ĐÓN XUÂN NHÀ TẠI NGÕ 20 MỸ ĐÌNH QUẬN NAM TỪ LIÊM,,"mỹ đình, Phường Mỹ Đình 1, Quận Nam Từ Liêm, Hà NộiXem bản đồ","4,85 tỷ - 30 m2"
42 m²,2 phòng,2 phòng,Đã có sổ,"Nhà ngõ, hẻm",,,"38,1 triệu/m²",,2,,Nhà trống,,ha-noi,"Nhà 2 tầng phường Ngọc Thụy, lô góc ,42m2, mặt tiền = hậu = 4m",,"Phố Yên Bình, Phường Ngọc Thụy, Quận Long Biên, Hà NộiXem bản đồ","1,6 tỷ - 42 m2"
24 m²,3 phòng,3 phòng,Đã có sổ,"Nhà ngõ, hẻm",,,"120,83 triệu/m²",,6,,Nội thất đầy đủ,,ha-noi,BÁN NHÀ CHƯƠNG DƯƠNG ĐỘ -HOÀN KIẾM,,"CHƯƠNG DƯƠNG ĐỘ -HOÀN KIẾM, Phường Chương Dương, Quận Hoàn Kiếm, Hà NộiXem bản đồ","2,9 tỷ - 24 m2"
30 m²,3 phòng,4 phòng,Đã có sổ,"Nhà ngõ, hẻm",4.5 m,,"161,67 triệu/m²",,5,,,,ha-noi,NHÀ MỚI ĐÓN XUÂN NHÀ TẠI NGÕ 20 MỸ ĐÌNH QUẬN NAM TỪ LIÊM,,"mỹ đình, Phường Mỹ Đình 1, Quận Nam Từ Liêm, Hà NộiXem bản đồ","4,85 tỷ - 30 m2"
36 m²,4 phòng,,,"Nhà ngõ, hẻm",,,"69,44 triệu/m²",,,,,,ha-noi,"Nhà Nguyễn Khoái, Hoàng Mai, 2.5 tỷ, 36m2, 4 tầng ô tô đỗ cửa - lô góc",,"Nguyễn Khoái, Phường Thanh Trì, Quận Hoàng Mai, Hà NộiXem bản đồ","2,5 tỷ - 36 m2"
35 m²,3 phòng,,,"Nhà ngõ, hẻm",,,"202,86 triệu/m²",,,,,,ha-noi,"NHÀ ĐẸP XUÂN LA, TÂY HỒ 35m2 _ 6 TẦNG,NGÕ THÔNG, Ô TÔ ĐỖ CỬA",,"Xuân La, Phường Xuân La, Quận Tây Hồ, Hà NộiXem bản đồ","7,1 tỷ - 35 m2"
646.5 m²,2 phòng,,Đã có sổ,"Nhà mặt phố, mặt tiền",9 m,646.5 m²,"5,41 triệu/m²",Đông Nam,,,,,ha-noi,Bán nhà mặt đường chính vào các khu du lịch,,"Đường Tản Lĩnh Yên Bài, Xã Tản Lĩnh, Huyện Ba Vì, Hà NộiXem bản đồ","3,5 tỷ - 646.5 m2"
350 m²,6 phòng,6 phòng,Đã có sổ,"Nhà mặt phố, mặt tiền",15 m,,"428,57 triệu/m²",,6,,,,ha-noi,"Bán tòa nhà mặt phố Nguyễn Văn Huyên lô góc 3 mặt, 350m2, 150 tỷ.",,"nguyen van huyen, Phường Nghĩa Đô, Quận Cầu Giấy, Hà NộiXem bản đồ",150 tỷ - 350 m2
33 m²,3 phòng,,Đã có sổ,"Nhà ngõ, hẻm",,,"151,52 triệu/m²",,5,"Nở hậu,Hẻm xe hơi",Nội thất cao cấp,,ha-noi,🏡 BÁN NHÀ THANH XUÂN QUAN NHÂN - 5T-OTO-30M RA PHỐ-GIÁ NHỈNH 5 TỶ ❤️,,"Quan nhân, Phường Phương Liệt, Quận Thanh Xuân, Hà NộiXem bản đồ",5 tỷ - 33 m2
27 m²,2 phòng,3 phòng,Đã có sổ,"Nhà ngõ, hẻm",3.4 m,,"85,19 triệu/m²",,4,,,,ha-noi,Bán gấp nhà đường Thanh Lân,,"Ngõ 68 Phố Thanh Lân, Phường Thanh Trì, Quận Hoàng Mai, Hà NộiXem bản đồ","2,3 tỷ - 27 m2"
80 m²,6 phòng,4 phòng,Đã có sổ,"Nhà mặt phố, mặt tiền",,,"112,5 triệu/m²",,4,,Nhà trống,,ha-noi,"9tỷ=NHÀ 4.5 TẦNG MỚI,80M2,GARA,THANG MÁY,2 OTO TRÁNH ĐỖ,NỞ HẬU,4THOÁNG",,"Đường Nguyễn Văn Linh, Phường Phúc Đồng, Quận Long Biên, Hà NộiXem bản đồ",9 tỷ - 80 m2
64 m²,2 phòng,,,"Nhà ngõ, hẻm",,,"43,75 triệu/m²",,,,,,ha-noi,"Bán Nhà Nam Dư 64m2, Mặt Tiền 7.5m, Giá 2.8 Tỷ, Ô tô 7 Chỗ Đỗ Cửa",,"Nam Dư, Phường Yên Sở, Quận Hoàng Mai, Hà NộiXem bản đồ","2,8 tỷ - 64 m2"
89 m²,5 phòng,,Đã có sổ,Nhà biệt thự,,89 m²,"179,78 triệu/m²",,,,,,ha-noi,Liền kề Sao Biển 89m Ocean Park_Hoàn thiện Full NT_Cho thuê 30tr/tháng,,"Yên Viên, Thị trấn Trâu Quỳ, Huyện Gia Lâm, Hà NộiXem bản đồ",16 tỷ - 89 m2
30 m²,4 phòng,3 phòng,Đã có sổ,"Nhà ngõ, hẻm",,,"76,67 triệu/m²",Nam,4,,,,ha-noi,"Bán nhà chính chủ tại tân lập, hoài đức, hà nội",,"Tân Lập, Xã Đông La, Huyện Hoài Đức, Hà NộiXem bản đồ","2,3 tỷ - 30 m2"
40 m²,6 phòng,4 phòng,Đã có sổ,"Nhà mặt phố, mặt tiền",,,205 triệu/m²,,5,,Nội thất cao cấp,,ha-noi,"Bán nhà ngõ 560 Nguyễn Văn Cừ 40m 5 tầng MT4m, ô tô tránh hơn 8,2 tỷ",,"Phố Gia Thụy, Phường Gia Thụy, Quận Long Biên, Hà NộiXem bản đồ","8,2 tỷ - 40 m2"
65 m²,4 phòng,4 phòng,Đã có sổ,"Nhà mặt phố, mặt tiền",,,"104,62 triệu/m²",,5,,Nội thất đầy đủ,,ha-noi,"Bán gấp nhà Sài Đồng lô góc, ô tô tránh, vỉa hè kdoanh 65m 6,8 tỷ",,"Phố Sài Đồng, Phường Sài Đồng, Quận Long Biên, Hà NộiXem bản đồ","6,8 tỷ - 65 m2"
65 m²,7 phòng,,,"Nhà ngõ, hẻm",,65 m²,"106,92 triệu/m²",,,,,,ha-noi,HÀO NAM ĐỐNG ĐA NHÀ MỚI Ở NGAY 65M X5T GIÁ 6.95 TỶ LH,,"Phố Hào Nam, Phường Ô Chợ Dừa, Quận Đống Đa, Hà NộiXem bản đồ","6,95 tỷ - 65 m2"
32 m²,3 phòng,4 phòng,Đã có sổ,"Nhà mặt phố, mặt tiền",,,150 triệu/m²,,6,,Nội thất đầy đủ,,ha-noi,"Cần bán nhà đẹp Nguyễn Văn Cừ 38m 6 tầng, thang máy chỉ 4,8 tỷ",,"Đường Nguyễn Văn Cừ, Phường Bồ Đề, Quận Long Biên, Hà NộiXem bản đồ","4,8 tỷ - 32 m2"
50 m²,4 phòng,4 phòng,Đã có sổ,"Nhà mặt phố, mặt tiền",,,200 triệu/m²,,6,,Nội thất cao cấp,,ha-noi,"Bán nhà Hồng Tiến thang máy, gara 50m 6 tầng MT4,5m hơn 10 tỷ",,"Phố Hồng Tiến, Phường Bồ Đề, Quận Long Biên, Hà NộiXem bản đồ",10 tỷ - 50 m2
61 m²,4 phòng,4 phòng,Đã có sổ,"Nhà mặt phố, mặt tiền",,,"106,56 triệu/m²",,4,,Nội thất đầy đủ,,ha-noi,"Bán nhà Bồ Đề 61m 4 tầng, MT4,1m, ô tô, 2 thoáng hơn 6 tỷ",,"Ngõ 193 Phố Bồ Đề, Phường Bồ Đề, Quận Long Biên, Hà NộiXem bản đồ","6,5 tỷ - 61 m2"
50 m²,4 phòng,6 phòng,Đã có sổ,"Nhà mặt phố, mặt tiền",,,260 triệu/m²,,7,,Nội thất cao cấp,,ha-noi,"Bán nhà Nguyễn Văn Cừ 50m 7 tầng thang máy, gara, vỉa hè, kinh doanh",,"Đường Nguyễn Văn Cừ, Phường Gia Thụy, Quận Long Biên, Hà NộiXem bản đồ",13 tỷ - 50 m2
61 m²,4 phòng,4 phòng,Đã có sổ,"Nhà mặt phố, mặt tiền",,,"106,56 triệu/m²",,4,,Nội thất đầy đủ,,ha-noi,"Bán nhà Bồ Đề 61m 4 tầng, MT4,1m, ô tô, 2 thoáng hơn 6 tỷ",,"Ngõ 193 Phố Bồ Đề, Phường Bồ Đề, Quận Long Biên, Hà NộiXem bản đồ","6,5 tỷ - 61 m2"
50 m²,4 phòng,6 phòng,Đã có sổ,"Nhà mặt phố, mặt tiền",,,260 triệu/m²,,7,,Nội thất cao cấp,,ha-noi,"Bán nhà Nguyễn Văn Cừ 50m 7 tầng thang máy, gara, vỉa hè, kinh doanh",,"Đường Nguyễn Văn Cừ, Phường Gia Thụy, Quận Long Biên, Hà NộiXem bản đồ",13 tỷ - 50 m2
45 m²,4 phòng,5 phòng,Đã có sổ,"Nhà mặt phố, mặt tiền",,,"177,78 triệu/m²",,6,,Nội thất cao cấp,,ha-noi,"Bán nhà Gia Thuỵ, Long Biên 45m 6 tầng thang máy, gara ô tô hơn 8 tỷ",,"Phố Gia Thụy, Phường Gia Thụy, Quận Long Biên, Hà NộiXem bản đồ",8 tỷ - 45 m2
43 m²,4 phòng,4 phòng,Đã có sổ,"Nhà mặt phố, mặt tiền",,,"162,79 triệu/m²",,5,,Nội thất cao cấp,,ha-noi,"Bán gấp nhà Gia Thuỵ 43m 5 tầng MT4,2m gara, kinh doanh hơn 7 tỷ",,"Phố Gia Thụy, Phường Gia Thụy, Quận Long Biên, Hà NộiXem bản đồ",7 tỷ - 43 m2
43 m²,4 phòng,5 phòng,Đã có sổ,"Nhà mặt phố, mặt tiền",,,"186,05 triệu/m²",,6,,Nội thất đầy đủ,,ha-noi,"cần bán nhà Nguyễn Sơn 43m 6 tầng MT4,5m thang máy, gara hơn 8 tỷ",,"Đường Nguyễn Sơn, Phường Gia Thụy, Quận Long Biên, Hà NộiXem bản đồ",8 tỷ - 43 m2
75 m²,4 phòng,5 phòng,Đã có sổ,"Nhà mặt phố, mặt tiền",,,200 triệu/m²,,6,,Nội thất cao cấp,,ha-noi,"Bán nhà Gia Thuỵ, Long Biên 75m MT6,5m ô tô tránh, thang máy hơn 15 ty",,"Phố Gia Thụy, Phường Gia Thụy, Quận Long Biên, Hà NộiXem bản đồ",15 tỷ - 75 m2
19 m²,2 phòng,2 phòng,Đã có sổ,"Nhà ngõ, hẻm",,,"55,26 triệu/m²",,3,,Nội thất đầy đủ,,ha-noi,"BÁN NHÀ GIÁP BÁT. DT 19M2 x 2PN, SỔ RIÊNG, MẶT NGÕ, GIÁ 1.05TỶ.",,"Đường Giải Phóng, Phường Giáp Bát, Quận Hoàng Mai, Hà NộiXem bản đồ","1,05 tỷ - 19 m2"
50 m²,nhiều hơn 10 phòng,Nhiều hơn 6 phòng,Đã có sổ,"Nhà ngõ, hẻm",,,216 triệu/m²,,7,,Nội thất cao cấp,,ha-noi,TÀI CHÍNH 10 T.Ỷ QUẬN THANH XUÂN OTO TRÁNH LÔ GÓC KINH DOANH CCMN,,"Bùi Xương Trạch, Phường Khương Trung, Quận Thanh Xuân, Hà NộiXem bản đồ","10,8 tỷ - 50 m2"
36 m²,3 phòng,4 phòng,Đã có sổ,"Nhà ngõ, hẻm",,,"197,22 triệu/m²",,6,,Nội thất đầy đủ,,ha-noi,Phân lô Nguyên Hồng cách 1 nhà ra ô tô tránh. Ngõ thông.,,"Phố Nguyên Hồng, Phường Láng Hạ, Quận Đống Đa, Hà NộiXem bản đồ","7,1 tỷ - 36 m2"
75 m²,4 phòng,5 phòng,Đã có sổ,"Nhà ngõ, hẻm",,,132 triệu/m²,,5,,Nội thất cao cấp,,ha-noi,BOM TẤN NAM DƯ HOÀNG MAI - Ô TÔ VÀO NHÀ - THANG MÁY - 3 MẶT THOÁNG,,"Phố Nam Dư, Phường Lĩnh Nam, Quận Hoàng Mai, Hà NộiXem bản đồ","9,9 tỷ - 75 m2"
46 m²,4 phòng,,,"Nhà ngõ, hẻm",,,"91,3 triệu/m²",,,,,,ha-noi,Bán Nhà Ỷ La Dương Nội.46 m2. 5 tầng.Giá xinh 4.2 Tỷ.,,"Phố Ỷ La, Phường Dương Nội, Quận Hà Đông, Hà NộiXem bản đồ","4,2 tỷ - 46 m2"
32 m²,3 phòng,4 phòng,Đã có sổ,"Nhà ngõ, hẻm",,,"117,19 triệu/m²",,5,,Nội thất đầy đủ,,ha-noi,"BN Hà Trì 1, 32m2 5 tầng , 3 ngủ đủ công năng, oto đỗ cổng 3,75 tỷ",,"Hà Trì, Phường Hà Cầu, Quận Hà Đông, Hà NộiXem bản đồ","3,75 tỷ - 32 m2"
35 m²,3 phòng,,Đã có sổ,"Nhà ngõ, hẻm",3.2999 m,,"168,57 triệu/m²",,5,,Nội thất đầy đủ,,ha-noi,"💥 HIẾM ! Chủ xoắn bán nhà Hồ Tùng Mậu,NGÕ Ô TÔ,KINH DOANH ngày đêm",,"Hồ Tùng Mậu, Phường Mai Dịch, Quận Cầu Giấy, Hà NộiXem bản đồ","5,9 tỷ - 35 m2"
44 m²,5 phòng,5 phòng,Đã có sổ,"Nhà ngõ, hẻm",,,"159,09 triệu/m²",,5,,Nội thất đầy đủ,,ha-noi,"BN Ba La 44m2, 5 tầng , ngõ oto vào nhà , thang máy , 2 thoáng 7 tỷ",,"Ba la , Phường Quang Trung, Quận Hà Đông, Hà NộiXem bản đồ",7 tỷ - 44 m2
34 m²,1 phòng,1 phòng,Đã có sổ,"Nhà mặt phố, mặt tiền",5 m,,"123,53 triệu/m²",,,,,,ha-noi,"Bán Nhà Cấp 4 Mộ Lao Trần phú Hà Đông DT: 34m2, MT: 5m",,"Đường Thanh Bình, Phường Mộ Lao, Quận Hà Đông, Hà NộiXem bản đồ","4,2 tỷ - 34 m2"
30 m²,3 phòng,3 phòng,Đã có sổ,"Nhà ngõ, hẻm",,,"98,33 triệu/m²",Nam,4,,,,ha-noi,HIẾM OTO 4 tầng hg Nam 20m ra oto tránh là mặt phố Thanh Đàm 3 ngủ,,"Thanh Đàm, Phường Thanh Trì, Quận Hoàng Mai, Hà NộiXem bản đồ","2,95 tỷ - 30 m2"
65 m²,2 phòng,1 phòng,Đã có sổ,"Nhà ngõ, hẻm",,,"28,46 triệu/m²",,1,,Nội thất đầy đủ,,ha-noi,MINH KHAI - VỊ TRÍ SIÊU ĐỈNH - MẶT NGÕ - Ô TÔ TRÁNH - CHỈ NHỈNH 1 TỶ,,"Minh khai, Phường Minh Khai, Quận Hai Bà Trưng, Hà NộiXem bản đồ","1,85 tỷ - 65 m2"
23 m²,2 phòng,3 phòng,Đã có sổ,"Nhà ngõ, hẻm",,,"117,39 triệu/m²",,4,,Nội thất đầy đủ,,ha-noi,"Bán nhà Tôn Đức Thắng - Ngõ rộng 3m - 4 tầng. Giá: 2,7 tỷ",,"Tôn Đức Thắng, Phường Hàng Bột, Quận Đống Đa, Hà NộiXem bản đồ","2,7 tỷ - 23 m2"
51 m²,1 phòng,1 phòng,Đã có sổ,"Nhà mặt phố, mặt tiền",,,"72,55 triệu/m²",,1,,Bàn giao thô,,ha-noi,SIÊU HIẾM - SIÊU RẺ - Ô TÔ ĐỖ CỬA - LINH QUANG CHỈ HƠN 70tr/m2,,"Linh Quang, Phường Văn Chương, Quận Đống Đa, Hà NộiXem bản đồ","3,7 tỷ - 51 m2"
30 m²,3 phòng,,,"Nhà ngõ, hẻm",,,180 triệu/m²,,,,,,ha-noi,"Bán Nhà Quan Nhân mới,lô góc,gần phố.nhỉnh 5x tỷ",,"Phố Quan Nhân, Phường Nhân Chính, Quận Thanh Xuân, Hà NộiXem bản đồ","5,4 tỷ - 30 m2"
51 m²,1 phòng,1 phòng,Đã có sổ,"Nhà mặt phố, mặt tiền",,,"72,55 triệu/m²",,1,,Bàn giao thô,,ha-noi,SIÊU HIẾM - SIÊU RẺ - Ô TÔ ĐỖ CỬA - LINH QUANG CHỈ HƠN 70tr/m2,,"Linh Quang, Phường Văn Chương, Quận Đống Đa, Hà NộiXem bản đồ","3,7 tỷ - 51 m2"
30 m²,3 phòng,,,"Nhà ngõ, hẻm",,,180 triệu/m²,,,,,,ha-noi,"Bán Nhà Quan Nhân mới,lô góc,gần phố.nhỉnh 5x tỷ",,"Phố Quan Nhân, Phường Nhân Chính, Quận Thanh Xuân, Hà NộiXem bản đồ","5,4 tỷ - 30 m2"
60 m²,4 phòng,4 phòng,Đã có sổ,"Nhà ngõ, hẻm",,,"81,67 triệu/m²",,4,,Nội thất cao cấp,,ha-noi,"NHÀ ĐẸP 2 MẶT THOÁNG-PHỐ MINH KHAI-FULL NỘI THẤT-DT60M2x4T-GIÁ 4,9TỶ",,"Ngõ 169 Minh Khai, Phường Hoàng Văn Thụ, Quận Hoàng Mai, Hà NộiXem bản đồ","4,9 tỷ - 60 m2"
47 m²,3 phòng,2 phòng,Đã có sổ,"Nhà ngõ, hẻm",,,"25,96 triệu/m²",Đông Bắc,2,,,,ha-noi,BÁN NHÀ 1 TẦNG 1 TUM HẺM XE HƠI 7 CHỖ ĐẬU,,"27, XUÂN BÁCH, QUANG TIẾN CÁCH KCN NỘI BÀI 600m, Thị trấn Quang Minh, Huyện Mê Linh, Hà NộiXem bản đồ","1,22 tỷ - 47 m2"
56 m²,5 phòng,4 phòng,Đã có sổ,"Nhà ngõ, hẻm",4 m,,"98,21 triệu/m²",,4,,,,ha-noi,Bán nhà Dân xây Ngõ 203 phố Kim Ngưu Ngõ nông gần phố sổ đỏ 56M,,"Phố Kim Ngưu, Phường Thanh Lương, Quận Hai Bà Trưng, Hà NộiXem bản đồ","5,5 tỷ - 56 m2"
35 m²,3 phòng,,,"Nhà ngõ, hẻm",,,90 triệu/m²,,,,,,ha-noi,Bán nhà Vĩnh Hưng 35 m2 x oto đỗ gần sổ vuông vắn trước sau như một,,"Đường Trương Định, Phường Tương Mai, Quận Hoàng Mai, Hà NộiXem bản đồ","3,15 tỷ - 35 m2"
100 m²,nhiều hơn 10 phòng,Nhiều hơn 6 phòng,Đã có sổ,"Nhà ngõ, hẻm",,,128 triệu/m²,Tây Nam,7,,,,ha-noi,"Bán nhà,Định Công Thượng, Hoàng Mai. MT 6,8m,7 tầng.Kinh doanh",,"8, Ngõ 18 Định Công Thượng, Phường Định Công, Quận Hoàng Mai, Hà NộiXem bản đồ","12,8 tỷ - 100 m2"
35 m²,4 phòng,4 phòng,Đã có sổ,"Nhà mặt phố, mặt tiền",,,"185,71 triệu/m²",,6,,Nội thất cao cấp,,ha-noi,BÁN NHÀ VŨ TÔNG PHAN 6 TẦNG PHÂN LÔ ÔTÔ VÀO NHÀ - KINH DOANH SẦM UẤT,,"Bùi Xương Trạch, Phường Khương Đình, Quận Thanh Xuân, Hà NộiXem bản đồ","6,5 tỷ - 35 m2"
36.5998 m²,2 phòng,,Đã có sổ,"Nhà mặt phố, mặt tiền",,,"109,29 triệu/m²",Đông Bắc,2,,Bàn giao thô,,ha-noi,"Nhà mặt phố 36,6m2, 2 phòng ngủ, đường Chiến Thắng, La Khê, Q.Hà Đông",,"Đường Chiến Thắng, Phường La Khê, Quận Hà Đông, Hà NộiXem bản đồ",4 tỷ - 36.5.998 m2
90 m²,4 phòng,3 phòng,Đã có sổ,"Nhà mặt phố, mặt tiền",,,"94,44 triệu/m²",,4,,Nội thất đầy đủ,,ha-noi,"BÁN NHÀ MẶT PHỐ LÒ ĐÚC,TRẦN KHÁT CHÂN Ô TÔ TRÁNH - TRUNG TÂM QUẬN",,"Đường Trần Khát Chân, Phường Thanh Lương, Quận Hai Bà Trưng, Hà NộiXem bản đồ","8,5 tỷ - 90 m2"
33 m²,1 phòng,1 phòng,Đã có sổ,"Nhà ngõ, hẻm",,,"63,64 triệu/m²",Tây Bắc,1,,,,ha-noi,Nhà Cấp 4 Trong ngõ 299 Đại Mỗ,,"Đường Đại Mỗ, Phường Đại Mỗ, Quận Nam Từ Liêm, Hà NộiXem bản đồ","2,1 tỷ - 33 m2"
30 m²,3 phòng,4 phòng,Đã có sổ,Nhà phố liền kề,,,"76,67 triệu/m²",Đông Bắc,5,,,,ha-noi,"Bán nhà ngay Yên Nghĩa, oto đỗ cửa giá chỉ hơn 2 tỉ đồng",,"Đông La, Phường Yên Nghĩa, Quận Hà Đông, Hà NộiXem bản đồ","2,3 tỷ - 30 m2"
46 m²,3 phòng,3 phòng,Đã có sổ,"Nhà mặt phố, mặt tiền",,,"36,52 triệu/m²",Đông Bắc,3,,,,ha-noi,"Bán Nhà giáp i-Hà Đông , 46m2xây 3 tầng giá chỉ 1,68 tỉ đồng",,"Cao Viên, Phường Đồng Mai, Quận Hà Đông, Hà NộiXem bản đồ","1,68 tỷ - 46 m2"
30 m²,3 phòng,3 phòng,Đã có sổ,Nhà phố liền kề,,,"58,33 triệu/m²",Tây Nam,4,,,,ha-noi,"Nhà hộ khẩu hà đông, chỉ. 1 ,75 tỉ đồng",,"undefined, Phường Biên Giang, Quận Hà Đông, Hà NộiXem bản đồ","1,75 tỷ - 30 m2"
71 m²,4 phòng,4 phòng,Đã có sổ,"Nhà ngõ, hẻm",,,"72,54 triệu/m²",Tây Bắc,1,,,,ha-noi,"CẦU CỐC, TÂY MỖ -NHÀ Ở SƯỚNG - LÔ GÓC-71M -NGÕ THÔNG - BÃI XE OTO 10M",,"Ngõ 193 Cầu Cốc, Phường Tây Mỗ, Quận Nam Từ Liêm, Hà NộiXem bản đồ","5,15 tỷ - 71 m2"
32 m²,4 phòng,6 phòng,Đã có sổ,"Nhà ngõ, hẻm",,,"109,38 triệu/m²",Đông Nam,5,,,,ha-noi,Nhà 32m2 x 5 tầng phố Trần Khát Chân 3 tỷ 500tr,,"Đê Trần Khát Chân, Phường Thanh Lương, Quận Hai Bà Trưng, Hà NộiXem bản đồ","3,5 tỷ - 32 m2"
45 m²,4 phòng,4 phòng,Đã có sổ,"Nhà ngõ, hẻm",,,"146,67 triệu/m²",,5,,Nội thất đầy đủ,,ha-noi,"🔥BÁN GẤP NHÀ KINH DOANH #MỸ_ĐÌNH, DT 45M2, 5TẦNG, MT:5M, Ô TÔ ĐỖ CỬA",,"Đường Mỹ Đình, Phường Mỹ Đình 2, Quận Nam Từ Liêm, Hà NộiXem bản đồ","6,6 tỷ - 45 m2"
80 m²,nhiều hơn 10 phòng,Nhiều hơn 6 phòng,,"Nhà ngõ, hẻm",,,130 triệu/m²,,,,,,ha-noi,"Bán nhà ccmn Goldmark HTM,21 phòng kk,2 thoáng,thang máy. Giá 10.4 tỷ.",,"Đường Hồ Tùng Mậu, Phường Phú Diễn, Quận Bắc Từ Liêm, Hà NộiXem bản đồ","10,4 tỷ - 80 m2"
40 m²,3 phòng,,Đã có sổ,"Nhà ngõ, hẻm",,120 m²,"72,5 triệu/m²",,,,,,ha-noi,"Bán nhà ngõ 197 Phúc Lợi,Long Biên, Hà Nội",,"Ngõ 197 Phúc Lợi, Phường Phúc Lợi, Quận Long Biên, Hà NộiXem bản đồ","2,9 tỷ - 40 m2"
36 m²,5 phòng,4 phòng,Đã có sổ,"Nhà mặt phố, mặt tiền",,,"236,11 triệu/m²",,5,,Nội thất đầy đủ,,ha-noi,"Mặt Phố,kinh doanh,ô tô,phốPHAN ĐÌNH GIÓT,THANH XUÂN,36M,5 tầng,8,5 tỷ",,"Phố Phan Đình Giót, Phường Phương Liệt, Quận Thanh Xuân, Hà NộiXem bản đồ","8,5 tỷ - 36 m2"
