Diện tích đất:,Số phòng ngủ:,Số phòng vệ sinh:,Giấy tờ pháp lý:,Loại hình nhà ở:,Chiều ngang:,Diện tích sử dụng:,Giá/m2:,Hướng cửa chính:,Tổng số tầng:,Đặc điểm nhà/đất:,Tình trạng nội thất:,Chiều dài:,Location,Name,URL,District,Price
40 m²,4 phòng,4 phòng,Đã có sổ,"Nhà ngõ, hẻm",,,"187,5 triệu/m²",,5,,Nội thất đầy đủ,,ha-noi,bán nhà Phương Mai - Đống Đa .DT 40 m x 5 tầng.MT 6.3 m,,"Phố Phương Mai, Phường Phương Mai, Quận Đống Đa, Hà NộiXem bản đồ","7,5 tỷ - 40 m2"
28 m²,2 phòng,1 phòng,Đã có sổ,"Nhà ngõ, hẻm",,,"89,29 triệu/m²",,2,,Nội thất đầy đủ,,ha-noi,Nhà ở,,"Định Công Hạ, Phường Định Công, Quận Hoàng Mai, Hà NộiXem bản đồ","2,5 tỷ - 28 m2"
40 m²,4 phòng,,Đã có sổ,"Nhà ngõ, hẻm",,,"77,5 triệu/m²",,,Hẻm xe hơi,,,ha-noi,"💥 AN CƯ ĐÓN TẾT 💥.HOÀNG MAI _ 5 TẦNG x 40M , GIÁ CHỈ 3,1TỶ",,"Phố Hoàng Mai, Phường Tân Mai, Quận Hoàng Mai, Hà NộiXem bản đồ","3,1 tỷ - 40 m2"
40 m²,4 phòng,2 phòng,Đã có sổ,,,,"184,75 triệu/m²",Tây Nam,5,,,,ha-noi,"Nhà phân lô mặt ngõ 40m2 xây kiên cố 4 tầng 1 tum, ngõ 2 xe tải đi",,"Đường Chiến Thắng, Phường Văn Quán, Quận Hà Đông, Hà NộiXem bản đồ","7,39 tỷ - 40 m2"
30 m²,3 phòng,,,"Nhà mặt phố, mặt tiền",,25 m²,"99,33 triệu/m²",,,"Hẻm xe hơi,Nở hậu",,,ha-noi,Chính chủ bán nhà Minh Khai -Lô góc - Ô Tô đỗ cửa - không có căn thứ 2,,"Minh Khai, Phường Minh Khai, Quận Hai Bà Trưng, Hà NộiXem bản đồ","2,98 tỷ - 30 m2"
31 m²,4 phòng,4 phòng,Đã có sổ,"Nhà ngõ, hẻm",,,"83,87 triệu/m²",Đông Nam,5,,,,ha-noi,Bán nhà ngõ 20 Tả Thanh Oai - Cầu Tó 31m2*5 tầng nhà đẹp ở luôn 2.6 tỷ,,"Ngõ 20 Tả Thanh Oai, Tả Thanh Oai, Xã Tả Thanh Oai, Huyện Thanh Trì, Hà NộiXem bản đồ","2,6 tỷ - 31 m2"
30 m²,3 phòng,4 phòng,,"Nhà ngõ, hẻm",,,"113,33 triệu/m²",,,,,,ha-noi,Bán gấp nhà mới xây cực đẹp tại ngõ 20 Đàm Quang Trung - Long Biên,,"Phố Đàm Quang Trung, Phường Long Biên, Quận Long Biên, Hà NộiXem bản đồ","3,4 tỷ - 30 m2"
38 m²,3 phòng,4 phòng,Đã có sổ,"Nhà ngõ, hẻm",,,"189,47 triệu/m²",,6,,Nội thất cao cấp,,ha-noi,"BÁN NHÀ PHỐ THUỴ KHUÊ - 6 TẦNG - DT 38M2 - T.MÁY - GẦN HT - GIÁ 7,2 TỶ",,"Đường Thụy Khuê, Phường Bưởi, Quận Tây Hồ, Hà NộiXem bản đồ","7,2 tỷ - 38 m2"
62 m²,5 phòng,4 phòng,Đã có sổ,"Nhà ngõ, hẻm",,,"128,87 triệu/m²",,5,,Nội thất đầy đủ,,ha-noi,"Bán nhà Đống Đa, 62m2 5 phòng ngủ, Ngõ ô tô qua, Trước nhà ba gác đỗ",,"Đường Láng, Phường Láng Thượng, Quận Đống Đa, Hà NộiXem bản đồ","7,99 tỷ - 62 m2"
105 m²,5 phòng,4 phòng,Đã có sổ,"Nhà mặt phố, mặt tiền",,,"542,86 triệu/m²",Nam,3,,,,ha-noi,nhà mặt tiền 105m ba tầng phố hàng buồm,,"Phố Hàng Buồm, Phường Hàng Buồm, Quận Hoàn Kiếm, Hà NộiXem bản đồ",57 tỷ - 105 m2
31 m²,4 phòng,,,"Nhà ngõ, hẻm",,,"75,81 triệu/m²",,,,,,ha-noi,Cần bán gấp nhà ở tổ 7 phú lãm,,"Đường Nguyễn Trực, Phường Phú Lãm, Quận Hà Đông, Hà NộiXem bản đồ","2,35 tỷ - 31 m2"
35 m²,3 phòng,3 phòng,Đã có sổ,"Nhà ngõ, hẻm",,,"205,71 triệu/m²",,,Hẻm xe hơi,Nhà trống,,ha-noi,Gia đình đi nước ngoài cần bán gấp nhà ngõ Dương Quảng Hàm- cầu giấy,,"Dương quảng Hàm, Phường Quan Hoa, Quận Cầu Giấy, Hà NộiXem bản đồ","7,2 tỷ - 35 m2"
50 m²,4 phòng,3 phòng,Đã có sổ,"Nhà ngõ, hẻm",,,44 triệu/m²,,4,,Nội thất đầy đủ,,ha-noi,"Bán Nhà Tả Thanh Oai 50m2 giá 2,2tỷ",,"Tả Thanh Oai, Xã Tả Thanh Oai, Huyện Thanh Trì, Hà NộiXem bản đồ","2,2 tỷ - 50 m2"
32.2 m²,3 phòng,2 phòng,Đã có sổ,"Nhà ngõ, hẻm",,,"52,8 triệu/m²",Tây Nam,3,,,,ha-noi,"Căn góc nhà dân bán, ô tô thông, chỉ 1,x tỉ",,"Phượng Đồng, Xã Phụng Châu, Huyện Chương Mỹ, Hà NộiXem bản đồ","1,7 tỷ - 32.2 m2"
39 m²,4 phòng,5 phòng,Đã có sổ,"Nhà ngõ, hẻm",,,"166,67 triệu/m²",,7,,,,ha-noi,"Bán nhà Tô Vĩnh Diện, ngõ nông, gần ô tô, 7t thang máy mới chỉ hơn 6ty",,"Tô Vĩnh Diện, Phường Khương Trung, Quận Thanh Xuân, Hà NộiXem bản đồ","6,5 tỷ - 39 m2"
174 m²,2 phòng,,Đã có sổ,"Nhà mặt phố, mặt tiền",4 m,174 m²,"10,34 triệu/m²",,,,,42 m,ha-noi,Bán đất tặng nhà 2 tầng,,"Xóm đồi chè, Xã Tân Tiến, Huyện Chương Mỹ, Hà NộiXem bản đồ","1,8 tỷ - 174 m2"
39 m²,3 phòng,4 phòng,Đã có sổ,"Nhà ngõ, hẻm",,,"87,18 triệu/m²",,5,,Nhà trống,,ha-noi,Bán nhà chính chủ Thanh Nhàn,,"Số 7 ngách 101/39 Thanh Nhàn, Ngõ 101 Phố Thanh Nhàn, Phường Quỳnh Lôi, Quận Hai Bà Trưng, Hà NộiXem bản đồ","3,4 tỷ - 39 m2"
50 m²,5 phòng,5 phòng,Đã có sổ,"Nhà ngõ, hẻm",,,110 triệu/m²,,4,,Nội thất cao cấp,,ha-noi,CHỈ NHỈNH 5 TỶ SỞ HỮU NGAY NHÀ 50m - 10M RA OTO TRÁNH.,,"Khương Trung, Phường Khương Trung, Quận Thanh Xuân, Hà NộiXem bản đồ","5,5 tỷ - 50 m2"
48.2999 m²,3 phòng,2 phòng,Đã có sổ,"Nhà ngõ, hẻm",,,"113,87 triệu/m²",,2,,Nhà trống,,ha-noi,Nhà ngõ Thổ Quan 3 phòng ngủ,,"Phố Khâm Thiên, Phường Thổ Quan, Quận Đống Đa, Hà NộiXem bản đồ","5,5 tỷ - 48.2.999 m2"
104 m²,3 phòng,3 phòng,Đang chờ sổ,,,,"66,35 triệu/m²",Đông Nam,35,,,,ha-noi,"Chính chủ cần bán liền kề dự án HUD Mê Linh NV07A,NV07B hướng Đông Nam",,"23, Xã Đại Thịnh, Huyện Mê Linh, Hà NộiXem bản đồ","6,9 tỷ - 104 m2"
30 m²,7 phòng,,Đã có sổ,"Nhà ngõ, hẻm",,,"99,97 triệu/m²",,5,,,,ha-noi,"BÁN NHÀ TRƯỜNG CHINH - ĐỐNG ĐA 30M2 x 5T - GIÁ 2.99 TỶ, 20M RA Ô TÔ.",,"Trường Chinh, Phường Ngã Tư Sở, Quận Đống Đa, Hà NộiXem bản đồ","2,999 tỷ - 30 m2"
35 m²,3 phòng,4 phòng,Đã có sổ,"Nhà ngõ, hẻm",,,"192,86 triệu/m²",Tây Nam,6,,,,ha-noi,"bán nhà số 45 ngõ 108/1 NGUYỄN LÂN DT 35X6T MT 3;8m SĐCC GIÁ 6,75 tỷ",,"NGUYỄN LÂN, Phường Phương Liệt, Quận Thanh Xuân, Hà NộiXem bản đồ","6,75 tỷ - 35 m2"
44 m²,3 phòng,2 phòng,,"Nhà ngõ, hẻm",,44 m²,"65,91 triệu/m²",,3,,,,ha-noi,Nhà đẹp giá rẻ ở liền,,"Khương Đình, Phường Hạ Đình, Quận Thanh Xuân, Hà NộiXem bản đồ","2,9 tỷ - 44 m2"
60 m²,4 phòng,3 phòng,Đã có sổ,"Nhà ngõ, hẻm",6 m,,95 triệu/m²,,,,Nội thất cao cấp,,ha-noi,"Bắc Từ Liêm, Lô Góc, 60M2, 4 Ngủ, Full Nội Thất, Giá Đầu Tư.",,"Cổ Nhuế, Phường Cổ Nhuế 2, Quận Bắc Từ Liêm, Hà NộiXem bản đồ","5,7 tỷ - 60 m2"
35.5 m²,3 phòng,,,"Nhà mặt phố, mặt tiền",,175 m²,"422,54 triệu/m²",,,,,,ha-noi,Ngộp bank Cần đi GẤP.mặt phố CÁT LINH .LÔ GÓC 5 TẦNG TUM.CHỈ 15 TỶ,,"Cát Linh, Phường Cát Linh, Quận Đống Đa, Hà NộiXem bản đồ",15 tỷ - 35.5 m2
37 m²,3 phòng,2 phòng,Đã có sổ,"Nhà ngõ, hẻm",,,100 triệu/m²,,5,,Bàn giao thô,,ha-noi,Cần bán gấp nhà 10a ngõ 76 Yên phụ quận Tây hồ,,"10a ngõ 76, Phố Yên Phụ, Phường Yên Phụ, Quận Tây Hồ, Hà NộiXem bản đồ","3,7 tỷ - 37 m2"
36 m²,3 phòng,3 phòng,Đã có sổ,"Nhà ngõ, hẻm",,,"138,89 triệu/m²",,5,,Nội thất cao cấp,,ha-noi,🔥 QUAN NHÂN - 36m2x5tầng - GIÁ 5 TỶ- BA BƯỚC RA PHỐ - NGÕ SIÊU RỘNG.,,"Quan Nhân, Phường Nhân Chính, Quận Thanh Xuân, Hà NộiXem bản đồ",5 tỷ - 36 m2
12 m²,5 phòng,2 phòng,Đã có sổ,"Nhà mặt phố, mặt tiền",,,"416,67 triệu/m²",Tây,5,,,,ha-noi,Bán nhà mặt tiền kinh doanh mặt đường Long Quân,,"Đường Lạc Long Quân, Phường Bưởi, Quận Tây Hồ, Hà NộiXem bản đồ",5 tỷ - 12 m2
36 m²,4 phòng,,Đã có sổ,"Nhà ngõ, hẻm",,,"70,83 triệu/m²",,,,,,ha-noi,BÁN NHÀ tại Tây Tựu,,"Đường Tây Tựu, Phường Tây Tựu, Quận Bắc Từ Liêm, Hà NộiXem bản đồ","2,55 tỷ - 36 m2"
65 m²,3 phòng,3 phòng,,"Nhà ngõ, hẻm",,65 m²,"80,77 triệu/m²",,,,,,ha-noi,nhà cấp4 2 mặt ngõ Thượng Thanh,,"Thượng Thanh, Phường Thượng Thanh, Quận Long Biên, Hà NộiXem bản đồ","5,25 tỷ - 65 m2"
218.5 m²,1 phòng,1 phòng,,"Nhà mặt phố, mặt tiền",6.5 m,235 m²,"54,92 triệu/m²",Đông Nam,,,,,ha-noi,"Chính chủ cần bán nhà riêng địa chỉ 206 đường k2, cầu diễn",,"206, Phố Nguyễn Văn Giáp, Phường Cầu Diễn, Quận Nam Từ Liêm, Hà NộiXem bản đồ",12 tỷ - 218.5 m2
35.1 m²,2 phòng,2 phòng,Giấy tờ khác,"Nhà ngõ, hẻm",,35.1 m²,"71,23 triệu/m²",,2,,,,ha-noi,Nhà đẹp giá rẻ dọn vào ở ngay (Bán để đi nước ngoài),,"Khương Đình, Phường Hạ Đình, Quận Thanh Xuân, Hà NộiXem bản đồ","2,5 tỷ - 35.1 m2"
48 m²,4 phòng,3 phòng,,"Nhà ngõ, hẻm",,,"95,83 triệu/m²",,5,,,,ha-noi,"Cc MUỐN CHUYỂN RA MUA NHÀ MẶT PHỐ, NÊN BÁN NHÀ ĐẸP TẠI KHU QUÂN ĐỘI",,"Đường Nguyễn Lân, Phường Phương Liệt, Quận Thanh Xuân, Hà NộiXem bản đồ","4,6 tỷ - 48 m2"
206 m²,5 phòng,6 phòng,Đã có sổ,,,,"315,53 triệu/m²",Đông Nam,44,,,,ha-noi,Cần bán BTSL 206m2 ĐN trục đường 25m thông Vin giá 65 tỷ tại Geleximco,,"Lê Trọng Tấn, Phường Dương Nội, Quận Hà Đông, Hà NộiXem bản đồ",65 tỷ - 206 m2
30 m²,4 phòng,2 phòng,Đã có sổ,"Nhà ngõ, hẻm",,120 m²,130 triệu/m²,,,,Nội thất đầy đủ,,ha-noi,NHÀ ĐẸP - GIÁ RẺ - KHƯƠNG ĐÌNH - THANH XUÂN 30M2 - 4TẦNG,,"Nguyễn Trãi, Phường Thanh Xuân Trung, Quận Thanh Xuân, Hà NộiXem bản đồ","3,9 tỷ - 30 m2"
330 m²,3 phòng,2 phòng,Đã có sổ,"Nhà ngõ, hẻm",,,"20,3 triệu/m²",Đông Bắc,3,,,,ha-noi,"Nhà Đông Anh chỉ với 21/m2, ngõ ô tô tránh, MT 11m, dọn về ở ngay.",,"Hà Lâm 1, Xã Thuỵ Lâm, Huyện Đông Anh, Hà NộiXem bản đồ","6,7 tỷ - 330 m2"
30 m²,6 phòng,6 phòng,Đã có sổ,"Nhà ngõ, hẻm",,,"196,67 triệu/m²",,6,,,,ha-noi,Cần bán nhà,,"Phố Bùi Huy Bích, Phường Hoàng Liệt, Quận Hoàng Mai, Hà NộiXem bản đồ","5,9 tỷ - 30 m2"
45 m²,5 phòng,3 phòng,Giấy tờ khác,"Nhà ngõ, hẻm",,,"75,56 triệu/m²",Tây Nam,4,,,,ha-noi,"Nhà 4 tầng 45m2 ,5 phòng ngủ Bùi Xương Trạch Thanh Xuân",,"Bùi Xương Trạch, Phường Khương Đình, Quận Thanh Xuân, Hà NộiXem bản đồ","3,4 tỷ - 45 m2"
30 m²,4 phòng,3 phòng,Đã có sổ,"Nhà ngõ, hẻm",,,120 triệu/m²,Đông Nam,4,,,,ha-noi,CC BÁN NHÀ XINH TIỆN K.DOANH,,"4 ngõ 24 Thổ quan, Khâm Thiên, Phường Thổ Quan, Quận Đống Đa, Hà NộiXem bản đồ","3,6 tỷ - 30 m2"
62 m²,4 phòng,5 phòng,Đã có sổ,"Nhà ngõ, hẻm",,,"128,71 triệu/m²",Đông Nam,6,,,,ha-noi,BÁN NHÀ ÂU CƠ GẦN SÁT MẶT ĐƯỜNG,,"Âu Cơ, Phường Yên Phụ, Quận Tây Hồ, Hà NộiXem bản đồ","7,98 tỷ - 62 m2"
62 m²,4 phòng,5 phòng,Đã có sổ,"Nhà ngõ, hẻm",,,"128,71 triệu/m²",Đông Nam,6,,,,ha-noi,BÁN NHÀ ÂU CƠ GẦN SÁT MẶT ĐƯỜNG,,"Âu Cơ, Phường Yên Phụ, Quận Tây Hồ, Hà NộiXem bản đồ","7,98 tỷ - 62 m2"
30 m²,2 phòng,3 phòng,Đã có sổ,"Nhà ngõ, hẻm",,,"216,67 triệu/m²",Đông Bắc,5,,,,ha-noi,Cần bán nhà gấp,,"Số nhà 5/70 ngõ 35, Đặng Thai Mai, Phường Quảng An, Quận Tây Hồ, Hà NộiXem bản đồ","6,5 tỷ - 30 m2"
54 m²,7 phòng,Nhiều hơn 6 phòng,Đã có sổ,"Nhà ngõ, hẻm",,,"127,78 triệu/m²",,4,,Nội thất đầy đủ,,ha-noi,"Tôi chính chủ bán nhà 7 phòng cho thuê, có thang máy",,"Đường Giải Phóng, Phường Giáp Bát, Quận Hoàng Mai, Hà NộiXem bản đồ","6,9 tỷ - 54 m2"
45 m²,1 phòng,1 phòng,Đã có sổ,"Nhà mặt phố, mặt tiền",,,"555,56 triệu/m²",,1,,,,ha-noi,Nhà mặt tiền phố Xã Đàn - 45m2,,"332, Phố Xã Đàn, Phường Phương Liên, Quận Đống Đa, Hà NộiXem bản đồ",25 tỷ - 45 m2
54 m²,4 phòng,,,"Nhà mặt phố, mặt tiền",,,"79,63 triệu/m²",,,,,,ha-noi,Nhà 3 tầng mặt tiền lớn ngay ngã 3,,"Đường Ga Đông Anh, Thị trấn Đông Anh, Huyện Đông Anh, Hà NộiXem bản đồ","4,3 tỷ - 54 m2"
30 m²,3 phòng,3 phòng,Đã có sổ,"Nhà ngõ, hẻm",,,"116,67 triệu/m²",Tây,5,,,,ha-noi,"Nhà mặt ngõ ô tô tránh, 170m, 3 ngủ+ 3VS, 218 Hoàng Mai",,"7 ngõ 218, Hoàng Mai, Phường Hoàng Văn Thụ, Quận Hoàng Mai, Hà NộiXem bản đồ","3,5 tỷ - 30 m2"
103 m²,3 phòng,4 phòng,Đã có sổ,Nhà phố liền kề,,,"121,36 triệu/m²",Đông Bắc,4,,,,ha-noi,Bán Liền kề Geleximco,,"Lê Trọng Tấn, Phường Dương Nội, Quận Hà Đông, Hà NộiXem bản đồ","12,5 tỷ - 103 m2"
33.2999 m²,3 phòng,3 phòng,Đã có sổ,"Nhà ngõ, hẻm",,,"58,56 triệu/m²",Đông,4,,,,ha-noi,"Tôi chính chủ,cần bán tổ 5 Phường Đồng Mai.",,"Đường Xóm Bến, Phường Đồng Mai, Quận Hà Đông, Hà NộiXem bản đồ","1,95 tỷ - 33.2.999 m2"
255 m²,2 phòng,,Đã có sổ,"Nhà ngõ, hẻm",,255 m²,"165,1 triệu/m²",,,Hẻm xe hơi,,,ha-noi,"Chính chủ bán đất tặng nhà DT 255m2, MT 9,5m ngõ 466 Ngô Gia Tự",,"Ngõ 466 Ngô Gia Tự, Phường Đức Giang, Quận Long Biên, Hà NộiXem bản đồ","42,1 tỷ - 255 m2"
68 m²,1 phòng,,Đã có sổ,"Nhà ngõ, hẻm",,,"58,82 triệu/m²",,,,,,ha-noi,"Bán đất thổ cư, chính chủ, 68m2 phường tứ liên, Tây Hồ",,"Đường Âu Cơ, Phường Tứ Liên, Quận Tây Hồ, Hà NộiXem bản đồ",4 tỷ - 68 m2
152 m²,6 phòng,,Đã có sổ,"Nhà mặt phố, mặt tiền",,,"45,92 triệu/m²",,,,Nội thất đầy đủ,,ha-noi,"Bán nhà Song Phương 152m2 kinh doanh tốt ô tô vào nhà chỉ 6,98 tỷ",,"Đại lộ Thăng Long, Xã Song Phương, Huyện Hoài Đức, Hà NộiXem bản đồ","6,98 tỷ - 152 m2"
60 m²,2 phòng,,,"Nhà ngõ, hẻm",,,100 triệu/m²,,,,,,ha-noi,BÁN NHÀ LÔ GÓC 2 THOÁNG THANH XUÂN – S 60M2 – 4T – MT 6M GIÁ NHỈNH 6,,"thanh x, Phường Hạ Đình, Quận Thanh Xuân, Hà NộiXem bản đồ",6 tỷ - 60 m2
31 m²,3 phòng,4 phòng,Đã có sổ,"Nhà ngõ, hẻm",,,"120,97 triệu/m²",Tây,4,,,,ha-noi,"Nhà Trần phú, Văn quán 31m*5 tầng/ 3.75ti",,"trần phú, Phường Văn Quán, Quận Hà Đông, Hà NộiXem bản đồ","3,75 tỷ - 31 m2"
50 m²,nhiều hơn 10 phòng,Nhiều hơn 6 phòng,Đã có sổ,"Nhà ngõ, hẻm",,,"159,8 triệu/m²",,6,,Nội thất cao cấp,,ha-noi,"Siêu Phẩm Dòng Tiền-Phố Lê Đức Thọ,Tổng 12 Phòng Full Nội Thất",,"Đường Lê Đức Thọ, Phường Mỹ Đình 1, Quận Nam Từ Liêm, Hà NộiXem bản đồ","7,99 tỷ - 50 m2"
47 m²,5 phòng,4 phòng,Đã có sổ,"Nhà ngõ, hẻm",,,"94,68 triệu/m²",Đông Nam,5,,,,ha-noi,"Lô góc mặt tiền 12m, Gara oto. Có thể kinh doanh + làm VP",,"Ngõ 196 Đường Lai Xá, Xã Kim Chung, Huyện Hoài Đức, Hà NộiXem bản đồ","4,45 tỷ - 47 m2"
240 m²,5 phòng,,Đã có sổ,"Nhà ngõ, hẻm",,,"28,96 triệu/m²",Đông Nam,6,,Nội thất đầy đủ,,ha-noi,"Bán nhà Kim Giang 6 tầng, mặt tiền 5.2m, có thang máy, nhà mới, sổ đỏ",,"Đường Kim Giang, Phường Đại Kim, Quận Hoàng Mai, Hà NộiXem bản đồ","6,95 tỷ - 240 m2"
38 m²,4 phòng,,Đã có sổ,"Nhà ngõ, hẻm",3.5 m,,105 triệu/m²,,5,,,,ha-noi,"BÁN NHÀ PHỐ VĂN PHÚ HÀ ĐÔNG, 38M, 5T, MT3,5M, GIÁ 3,99TỶ",,"LÀNG VĂN PHÚ, Phường Phú La, Quận Hà Đông, Hà NộiXem bản đồ","3,99 tỷ - 38 m2"
40 m²,3 phòng,3 phòng,Đã có sổ,"Nhà ngõ, hẻm",,,"192,5 triệu/m²",,5,,Nội thất đầy đủ,,ha-noi,"Bán nhà đẹp Phương Mai, ô tô, kinh doanh, 40m2x5T nhỉnh 7 tỷ",,"Phố Phương Mai, Phường Phương Mai, Quận Đống Đa, Hà NộiXem bản đồ","7,7 tỷ - 40 m2"
41.6 m²,1 phòng,,,"Nhà ngõ, hẻm",5.2 m,41.6 m²,"96,15 triệu/m²",,,Hẻm xe hơi,,8 m,ha-noi,Bán đất gần đại học Đại Nam và cao đẳng đại học Thương Mại,,"Khu TT giống vật nuôi, Phố Xốm, Phường Phú Lãm, Quận Hà Đông, Hà NộiXem bản đồ",4 tỷ - 41.6 m2
30 m²,3 phòng,,,"Nhà ngõ, hẻm",,30 m²,"108,33 triệu/m²",,,,,,ha-noi,BÁN NHÀ NGÕ NGUYỄN CHÍNH - DT 30M2- GIÁ 3.25 TỶ - NHIỀU TIỆN ÍCH,,"Nguyễn Chính, Phường Thịnh Liệt, Quận Hoàng Mai, Hà NộiXem bản đồ","3,25 tỷ - 30 m2"
43 m²,5 phòng,4 phòng,Đã có sổ,Nhà phố liền kề,,,"173,26 triệu/m²",,4,,,,ha-noi,Cần bán LK Ngô Thì Nhậm Hà Đông HN 2mặt ngõ,,"Ngô Thì Nhậm, Phường Hà Cầu, Quận Hà Đông, Hà NộiXem bản đồ","7,45 tỷ - 43 m2"
40 m²,1 phòng,,,"Nhà mặt phố, mặt tiền",,,115 triệu/m²,,,,,,ha-noi,"TDC, Mặt vườn hoa",,"Phạm Khắc Quảng, Phường Giang Biên, Quận Long Biên, Hà NộiXem bản đồ","4,6 tỷ - 40 m2"
40 m²,5 phòng,4 phòng,,"Nhà mặt phố, mặt tiền",,,"337,5 triệu/m²",Tây,,,,,ha-noi,BÁN NHÀ MẶT PHỐ TRUNG TÂM MỚI COONG,,"Phố Vọng, Phường Đồng Tâm, Quận Hai Bà Trưng, Hà NộiXem bản đồ","13,5 tỷ - 40 m2"
20 m²,1 phòng,1 phòng,Đang chờ sổ,"Nhà mặt phố, mặt tiền",,,"57,5 triệu/m²",Tây Nam,2,,,,ha-noi,"Nhà mặt đường to, kinh doanh tốt tại phố An Dương, Tây Hồ, Hà Nội",,"An Dương, Phường Yên Phụ, Quận Tây Hồ, Hà NộiXem bản đồ","1,15 tỷ - 20 m2"
35 m²,6 phòng,4 phòng,Đã có sổ,"Nhà ngõ, hẻm",,,"144,29 triệu/m²",Tây Nam,5,,,,ha-noi,Nhà phố Nam Dư,,"Nam Dư, Phường Lĩnh Nam, Quận Hoàng Mai, Hà NộiXem bản đồ","5,05 tỷ - 35 m2"
30 m²,3 phòng,,,"Nhà ngõ, hẻm",,,"103,33 triệu/m²",,,,,,ha-noi,"NHÀ MỚI TINH PHỐ ĐẠI ĐỒNG: 30M/ 5 TẦNG/ MT 3.4M/ GIÁ CHỈ 3,1 TỶ.",,"Phố Đại Đồng, Phường Thanh Trì, Quận Hoàng Mai, Hà NộiXem bản đồ","3,1 tỷ - 30 m2"
40 m²,3 phòng,3 phòng,Đã có sổ,"Nhà ngõ, hẻm",,240 m²,"49,75 triệu/m²",,3,,,,ha-noi,"Cần bán nhà 3 tầng, ô tô đỗ cửa Yên Nghĩa, Hà Đông, 40m2, 2 tỷ, bao sổ",,"Nghĩa Lộ, Phường Yên Nghĩa, Quận Hà Đông, Hà NộiXem bản đồ","1,99 tỷ - 40 m2"
50 m²,10 phòng,,Đã có sổ,"Nhà mặt phố, mặt tiền",,,212 triệu/m²,,7,,Nội thất đầy đủ,,ha-noi,"Bán nhà chính chủ,50m2,số 1 Bùi Xương Trạch, Quận Thanh Xuân, Hà Nội",,"Bùi xương trạch, Phường Khương Đình, Quận Thanh Xuân, Hà NộiXem bản đồ","10,6 tỷ - 50 m2"
30 m²,3 phòng,4 phòng,Đã có sổ,"Nhà ngõ, hẻm",,,"123,33 triệu/m²",Nam,4,,,,ha-noi,"CẦN BÁN NHÀ 2 MẶT TIỀN 30m2 PHƯƠNG CANH, NAM TỪ LIÊM",,"Ngõ 328 Phương canh, Phường Phương Canh, Quận Nam Từ Liêm, Hà NộiXem bản đồ","3,7 tỷ - 30 m2"
300 m²,5 phòng,,Đã có sổ,Nhà biệt thự,,,120 triệu/m²,,,,,,ha-noi,Cần bán gấp Biệt Thự An Hưng,,"Tố Hữu, Phường La Khê, Quận Hà Đông, Hà NộiXem bản đồ",36 tỷ - 300 m2
106 m²,5 phòng,,,"Nhà ngõ, hẻm",,,"126,42 triệu/m²",,,"Hẻm xe hơi,Nở hậu",,,ha-noi,"PHẢI THẬT NHANH, MẶT NGÕ VỪA Ở VỪA KINH DOANH ĐỈNH, Ô TÔ QUA NHÀ",,"Đường Trần Cung, Phường Cổ Nhuế 1, Quận Bắc Từ Liêm, Hà NộiXem bản đồ","13,4 tỷ - 106 m2"
45 m²,2 phòng,2 phòng,Đã có sổ,"Nhà ngõ, hẻm",,,"97,78 triệu/m²",,2,,,,ha-noi,Bán nhà Quang Trung Hà Đông 42m2 KD Ô tô đỗ cửa chỉ 4.X tỷ LHCC 0366**,,"Đường Quang Trung, Phường Quang Trung, Quận Hà Đông, Hà NộiXem bản đồ","4,4 tỷ - 45 m2"
31 m²,4 phòng,3 phòng,Đã có sổ,"Nhà ngõ, hẻm",,,"104,84 triệu/m²",Tây,4,,,,ha-noi,"Bán nhà Tây Mỗ sát Vin, 4 tâng, 4p ngủ, bếp, khách, phơi đồ. Giá rẻ",,"cầu cốc, Phường Đại Mỗ, Quận Nam Từ Liêm, Hà NộiXem bản đồ","3,25 tỷ - 31 m2"
31 m²,3 phòng,3 phòng,Đã có sổ,"Nhà ngõ, hẻm",,,"103,23 triệu/m²",Bắc,4,,,,ha-noi,Bán nhà 4 tầng Phúc Đồng Long Biên Hà Nội ngõ ô tô,,"Đường Nguyễn Văn Linh, Phường Phúc Đồng, Quận Long Biên, Hà NộiXem bản đồ","3,2 tỷ - 31 m2"
59 m²,5 phòng,4 phòng,Đã có sổ,"Nhà ngõ, hẻm",,,"94,92 triệu/m²",Đông Nam,4,,,,ha-noi,"Nhà ở , cách xe tải 5m, diện tích 59m2, 5PN. Giấy tờ chính chủ",,"Ngõ 2 nam dư, Phường Thanh Trì, Quận Hoàng Mai, Hà NộiXem bản đồ","5,6 tỷ - 59 m2"
29 m²,2 phòng,2 phòng,Đã có sổ,"Nhà ngõ, hẻm",,,"110,34 triệu/m²",Tây Nam,3,,,,ha-noi,siêu phẩm,,"Phố Ngọc Hà, Phường Ngọc Hà, Quận Ba Đình, Hà NộiXem bản đồ","3,2 tỷ - 29 m2"
15 m²,2 phòng,2 phòng,Đã có sổ,"Nhà mặt phố, mặt tiền",,,420 triệu/m²,Đông Nam,5,,,,ha-noi,"Nhà 190 Lê Duẩn, phường Nguyễn Du, quận Hai Bà Trưng",,"Đường Lê Duẩn, Phường Nguyễn Du, Quận Hai Bà Trưng, Hà NộiXem bản đồ","6,3 tỷ - 15 m2"
20 m²,2 phòng,1 phòng,Giấy tờ khác,"Nhà ngõ, hẻm",,,36 triệu/m²,Đông Nam,2,,,,ha-noi,Bán nhà ngõ 358 Bùi Xương Trạch,,"Bùi Xương Trạch, Phường Khương Trung, Quận Thanh Xuân, Hà NộiXem bản đồ",720 triệu - 20 m2
35 m²,2 phòng,2 phòng,Giấy tờ khác,"Nhà ngõ, hẻm",,,"41,43 triệu/m²",,2,,Nhà trống,,ha-noi,nhà đất ngõ 13 lĩnh nam 35m2,,"Hẻm 52 Ngách 90 Ngõ 13 Đường Lĩnh Nam, Phường Vĩnh Hưng, Quận Hoàng Mai, Hà NộiXem bản đồ","1,45 tỷ - 35 m2"
50 m²,2 phòng,2 phòng,Đã có sổ,"Nhà ngõ, hẻm",,,79 triệu/m²,,,,Nội thất đầy đủ,,ha-noi,"💥 LÔ GÓC. BÁN NHÀ KHU THANH XUÂN 50 m2 . GIÁ SIÊU RẺ chỉ 3,95 tỷ 🌹💥",,"nguyễn trãi, Phường Thượng Đình, Quận Thanh Xuân, Hà NộiXem bản đồ","3,95 tỷ - 50 m2"
50 m²,10 phòng,Nhiều hơn 6 phòng,Đã có sổ,"Nhà mặt phố, mặt tiền",,,212 triệu/m²,Đông Bắc,7,,,,ha-noi,"chính chủ bán nhà ngõ 1 Bùi Xương Trạch, 7 tầng, 10p KK oto vào nhà",,"số 1, Bùi Xương Trạch, Phường Khương Đình, Quận Thanh Xuân, Hà NộiXem bản đồ","10,6 tỷ - 50 m2"
599 m²,3 phòng,1 phòng,Đã có sổ,"Nhà ngõ, hẻm",,599 m²,"4,51 triệu/m²",,,"Hẻm xe hơi,Nở hậu",,,ha-noi,👉👉👉 CHÍNH THỨC CHO SIÊU PHẨM NHÀ VƯỜN LÊN SÓNG 💥💥💥💥💥 🌺🌷🌹 Hàng F0 chính,,"Đông Hạ, Xã Đông Yên, Huyện Quốc Oai, Hà NộiXem bản đồ","2,7 tỷ - 599 m2"
35 m²,4 phòng,4 phòng,Đã có sổ,"Nhà ngõ, hẻm",3.5 m,,"82,86 triệu/m²",,4,,,,ha-noi,Bán Nhà 4 Tầng Văn Quán Vị Trí Trung Tâm 30m2 Chỉ 2tỷ 9,,"Đường 19/5, Phường Văn Quán, Quận Hà Đông, Hà NộiXem bản đồ","2,9 tỷ - 35 m2"
44 m²,3 phòng,1 phòng,,Nhà phố liền kề,4 m,,"45,45 triệu/m²",Đông Bắc,,,,12 m,ha-noi,Bán nhà Định công Hạ Quận Hoàng Hà nội ôtô vào,,"Nhà số 10, Đường Định công Hạ Quận Hoàng Hà Nội, Phường Định Công, Quận Hoàng Mai, Hà NộiXem bản đồ",2 tỷ - 44 m2
38 m²,2 phòng,2 phòng,Giấy tờ khác,"Nhà ngõ, hẻm",,,"36,84 triệu/m²",Nam,2,,,,ha-noi,"Bán nhà,",,"36, Ngõ 99 Định Công Hạ, Phường Định Công, Quận Hoàng Mai, Hà NộiXem bản đồ","1,4 tỷ - 38 m2"
140 m²,1 phòng,1 phòng,Đã có sổ,"Nhà mặt phố, mặt tiền",,,"63,57 triệu/m²",Tây,1,,,,ha-noi,Nhà mặt phố đường quốc lộ 21B,,"đường 21b, Xã Bích Hòa, Huyện Thanh Oai, Hà NộiXem bản đồ","8,9 tỷ - 140 m2"
61 m²,8 phòng,Nhiều hơn 6 phòng,Đã có sổ,"Nhà ngõ, hẻm",,,"177,05 triệu/m²",,5,,Nội thất đầy đủ,,ha-noi,Bán Nhà Ngõ 79 Cầu Giấy 61m 5T giá 10.8 tỷ Ô Tô VIEW Hồ,,"Hoa Bằng, Phường Yên Hoà, Quận Cầu Giấy, Hà NộiXem bản đồ","10,8 tỷ - 61 m2"
41 m²,1 phòng,,,"Nhà ngõ, hẻm",,41 m²,"38,54 triệu/m²",,,,,,ha-noi,Bán đất hải bối,,"Đê tả Sông Hồng, Xã Hải Bối, Huyện Đông Anh, Hà NộiXem bản đồ","1,58 tỷ - 41 m2"
60 m²,3 phòng,2 phòng,Đã có sổ,"Nhà ngõ, hẻm",,,"63,33 triệu/m²",,4,,Nội thất đầy đủ,,ha-noi,"Nhà phố 60m2 ngõ tô hoàng bạch mai, hà nội",,"Bạch mai, Phường Bạch Mai, Quận Hai Bà Trưng, Hà NộiXem bản đồ","3,8 tỷ - 60 m2"
72 m²,6 phòng,Nhiều hơn 6 phòng,Đã có sổ,"Nhà ngõ, hẻm",,,"152,78 triệu/m²",,4,,Nội thất cao cấp,,ha-noi,BÁN NHÀ PHỐ HOÀNG VĂN THÁI,,"Hoàng Văn Thái, Phường Khương Mai, Quận Thanh Xuân, Hà NộiXem bản đồ",11 tỷ - 72 m2
66 m²,4 phòng,6 phòng,Đã có sổ,"Nhà ngõ, hẻm",,,"178,79 triệu/m²",,4,,Nội thất cao cấp,,ha-noi,BÁN NHÀ PHỐ HOÀNG VĂN THÁI,,"Hoàng Văn Thái, Phường Khương Mai, Quận Thanh Xuân, Hà NộiXem bản đồ","11,8 tỷ - 66 m2"
58 m²,6 phòng,Nhiều hơn 6 phòng,Đã có sổ,"Nhà ngõ, hẻm",,,"163,79 triệu/m²",,4,,Nội thất cao cấp,,ha-noi,BÁN NHÀ PHỐ VƯƠNG THỪA VŨ- THANH XUÂN,,"Vương Thừa Vũ, Phường Khương Mai, Quận Thanh Xuân, Hà NộiXem bản đồ","9,5 tỷ - 58 m2"
48 m²,3 phòng,4 phòng,Đã có sổ,"Nhà ngõ, hẻm",,,"114,58 triệu/m²",,3,,Nội thất đầy đủ,,ha-noi,BÁN NHÀ PHỐ LÊ TRỌNG TẤN-THANH XUÂN,,"Lê Trọng Tấn, Phường Khương Mai, Quận Thanh Xuân, Hà NộiXem bản đồ","5,5 tỷ - 48 m2"
37 m²,4 phòng,3 phòng,Đã có sổ,"Nhà ngõ, hẻm",3.8 m,,"101,35 triệu/m²",,4,,,,ha-noi,Bán nhà Minh Khai - gốc đề 37m2/4 tầng/mt 3.8/3.75tỷ,,"Minh khai, Phường Minh Khai, Quận Hai Bà Trưng, Hà NộiXem bản đồ","3,75 tỷ - 37 m2"
37 m²,4 phòng,,Đã có sổ,"Nhà mặt phố, mặt tiền",4 m,,"162,16 triệu/m²",,6,,,12 m,ha-noi,THANG MÁY 🚣 GẦN HỒ ĐỀN LỪ🔥 Hoàng Mai 6 tầng mt 4m g.iá 6 tỷ,,"Phố Tân Mai, Phường Hoàng Văn Thụ, Quận Hoàng Mai, Hà NộiXem bản đồ",6 tỷ - 37 m2
69 m²,1 phòng,1 phòng,,"Nhà ngõ, hẻm",4700 m,,"23,19 triệu/m²",Đông Bắc,1,,,,ha-noi,"cần bán đất ngõ quảng an đằng sau chợ hoa, 1 phòng 69 mét",,"6, Ngõ 238 Đường Âu Cơ, Phường Quảng An, Quận Tây Hồ, Hà NộiXem bản đồ","1,6 tỷ - 69 m2"
70 m²,6 phòng,,Đã có sổ,Nhà phố liền kề,,,"142,86 triệu/m²",,,,,,ha-noi,"Liền Kề KĐT Kiến Hưng LUXURY 70m2 nhỉnh 10 tỷ Lê Trọng Tấn, Hà Đông.",,"Phố Văn Khê, Phường Kiến Hưng, Quận Hà Đông, Hà NộiXem bản đồ",10 tỷ - 70 m2
400 m²,5 phòng,5 phòng,Đã có sổ,"Nhà mặt phố, mặt tiền",,,"157,5 triệu/m²",Đông Bắc,5,,,,ha-noi,"Bán nhà khu vực phường Bưởi - Mặt phố siêu ngon, mặt tiền rực rỡ!",,"Phố Đồng Cổ, Phường Bưởi, Quận Tây Hồ, Hà NộiXem bản đồ",63 tỷ - 400 m2
41 m²,3 phòng,4 phòng,Đã có sổ,,,,"208,54 triệu/m²",Đông Nam,5,,,,ha-noi,"nhà mặt ngõ, ô tô 7 chỗ vào nhà, 3 ngủ vs rộng khép kín, có gác lưng",,"Đường Tân Xuân, Phường Xuân Đỉnh, Quận Bắc Từ Liêm, Hà NộiXem bản đồ","8,55 tỷ - 41 m2"
33 m²,4 phòng,3 phòng,Đã có sổ,"Nhà ngõ, hẻm",,,"106,06 triệu/m²",,6,,Nội thất đầy đủ,,ha-noi,TRUNG TÂM TỪ LIÊM - BÁN NHÀ LÊ ĐỨC THỌ - VỊ TRÍ NGẬP TRÀN -MẶT TIÊN TO,,"Đường Lê Đức Thọ, Phường Mỹ Đình 1, Quận Nam Từ Liêm, Hà NộiXem bản đồ","3,5 tỷ - 33 m2"
