Diện tích đất:,Số phòng ngủ:,Số phòng vệ sinh:,Giấy tờ pháp lý:,Loại hình nhà ở:,Chiều ngang:,Diện tích sử dụng:,Giá/m2:,Hướng cửa chính:,Tổng số tầng:,Đặc điểm nhà/đất:,Tình trạng nội thất:,Chiều dài:,Location,Name,URL,District,Price
35 m²,3 phòng,,Đã có sổ,"Nhà ngõ, hẻm",,35 m²,"137,14 triệu/m²",,5,,Nội thất đầy đủ,,ha-noi,"Ô TÔ ĐỖ CỬA, CÁCH MP ĐÌNH THÔN 10M, 35M X 5 TẦNG, MT4.2M, GIÁ 4.8 tỷ.",,"Đình Thôn, Phường Mỹ Đình 1, Quận Nam Từ Liêm, Hà NộiXem bản đồ","4,8 tỷ - 35 m2"
45 m²,6 phòng,,Đã có sổ,"Nhà ngõ, hẻm",,45 m²,"197,78 triệu/m²",,5,,Nội thất đầy đủ,,ha-noi,"BÁN NHÀ RIÊNG LÔ GÓC TẠI HÀM NGHI, DT 45M, 5 TẦNG , MT 4.3, GIÁ 8.9 TỶ",,"Phố Hàm Nghi, Phường Mỹ Đình 2, Quận Nam Từ Liêm, Hà NộiXem bản đồ","8,9 tỷ - 45 m2"
54 m²,4 phòng,,Đã có sổ,"Nhà ngõ, hẻm",,,"127,78 triệu/m²",,5,Hẻm xe hơi,,,ha-noi,"Phố Lạc Long QuânNgõ thông muôn nơi, Range Rover qua nhà, KD , 6.9 tỷ",,"Lạc long Quân , Phường Nghĩa Đô, Quận Cầu Giấy, Hà NộiXem bản đồ","6,9 tỷ - 54 m2"
33 m²,4 phòng,,Đã có sổ,"Nhà ngõ, hẻm",,33 m²,"125,76 triệu/m²",,5,Nở hậu,,,ha-noi,"SIÊU PHẨM NHÀ ĐẸP MỸ ĐÌNH, DIỆN TÍCH 33M x 5TẦNG, MT 4.3M, GIÁ 4.15 TỶ",,"Đường Mỹ Đình, Phường Mỹ Đình 1, Quận Nam Từ Liêm, Hà NộiXem bản đồ","4,15 tỷ - 33 m2"
40 m²,4 phòng,4 phòng,,"Nhà ngõ, hẻm",,,125 triệu/m²,,5,"Hẻm xe hơi,Nở hậu",,,ha-noi,"BN NGUYỄN KHOÁI,HAI BÀ DIỆN TÍCH 38/40_5TẦNG_MT 4,5M GIÁ CHỈ CÒN 5 TỶ",,"Phố Nguyễn Khoái, Phường Chương Dương, Quận Hoàn Kiếm, Hà NộiXem bản đồ",5 tỷ - 40 m2
32 m²,3 phòng,4 phòng,Đã có sổ,"Nhà ngõ, hẻm",2.0999 m,,150 triệu/m²,,5,,,,ha-noi,"NHÀ ĐỘI CẤN, BA ĐÌNH ĐẸP - CÁCH MẶT PHỐ 15M - KINH DOANH CHỈ 4,8 TỶ",,"Đội Cấn, Phường Đội Cấn, Quận Ba Đình, Hà NộiXem bản đồ","4,8 tỷ - 32 m2"
45 m²,5 phòng,,Đã có sổ,"Nhà ngõ, hẻm",5 m,,120 triệu/m²,,5,,Nội thất đầy đủ,,ha-noi,"NHÀ ĐẸP 2 THOÁNG LÊ ĐỨC THỌ - DIỆN TÍCH 45M X 5TẦNG, MT 5M, GIÁ 5.4 TỶ",,"Đường Lê Đức Thọ, Phường Mỹ Đình 1, Quận Nam Từ Liêm, Hà NộiXem bản đồ","5,4 tỷ - 45 m2"
35 m²,3 phòng,3 phòng,Đã có sổ,"Nhà ngõ, hẻm",,,"105,71 triệu/m²",Đông Nam,,,Nội thất cao cấp,,ha-noi,"Bán nhà nguyễn văn cừ,5 tầng,35m nội thất cao cấp,sổ đẹp sẵn sàng",,"Nguyễn Văn Cừ, Phường Bồ Đề, Quận Long Biên, Hà NộiXem bản đồ","3,7 tỷ - 35 m2"
40 m²,6 phòng,,Đã có sổ,"Nhà ngõ, hẻm",,40 m²,135 triệu/m²,,5,,,,ha-noi,"NHÀ MỚI ĐẸP HỒ TÙNG MẬU: DIỆN TÍCH 40M2 X 6 TẦNG, MT 4.2M, GIÁ 5.4 TỶ.",,"Hồ Tùng Mậu, Phường Mai Dịch, Quận Cầu Giấy, Hà NộiXem bản đồ","5,4 tỷ - 40 m2"
47.9 m²,4 phòng,,,"Nhà ngõ, hẻm",,,"93,95 triệu/m²",,3,,Bàn giao thô,,ha-noi,Chính chủ thật bán nhà cũ đường La Thành,,"Phố Hoàng Cầu, Phường Ô Chợ Dừa, Quận Đống Đa, Hà NộiXem bản đồ","4,5 tỷ - 47.9 m2"
65 m²,5 phòng,,Đã có sổ,"Nhà mặt phố, mặt tiền",,65 m²,"161,54 triệu/m²",,6,,Nội thất cao cấp,,ha-noi,"PHÂN LÔ, GARA Ô TÔ TẠI THIÊN HIỀN, DIỆN TÍCH 65 x 6 TẦNG, GIÁ 10.5 TỶ.",,"Thiên Hiền, Phường Mỹ Đình 1, Quận Nam Từ Liêm, Hà NộiXem bản đồ","10,5 tỷ - 65 m2"
66 m²,8 phòng,,Đã có sổ,"Nhà mặt phố, mặt tiền",,66 m²,"139,39 triệu/m²",,5,,Nội thất đầy đủ,,ha-noi,"Ô TÔ TRÁNH - 8 PHÒNG KHÉP KÍN - ĐÌNH THÔN, DT 66M , MT 5M, GIÁ 9.2 TỶ.",,"Đình Thôn, Phường Mỹ Đình 1, Quận Nam Từ Liêm, Hà NộiXem bản đồ","9,2 tỷ - 66 m2"
32 m²,4 phòng,,Đã có sổ,"Nhà ngõ, hẻm",,32 m²,"168,44 triệu/m²",,5,,Nhà trống,,ha-noi,"Bán nhà 5 tầng Đê La Thành 32m lô góc 5,39 tỷ",,"Đường La Thành, Phường Ngọc Khánh, Quận Ba Đình, Hà NộiXem bản đồ","5,39 tỷ - 32 m2"
35 m²,3 phòng,,,Nhà phố liền kề,,,"117,14 triệu/m²",,,Hẻm xe hơi,,,ha-noi,TT HÀ ĐÔNG - NHÀ ĐẸP Ở NGAY - Ô TÔ - NGÕ THÔNG - KINH DOANH - HẠT DẺ,,"Phố Mậu Lương, Phường Kiến Hưng, Quận Hà Đông, Hà NộiXem bản đồ","4,1 tỷ - 35 m2"
52 m²,9 phòng,,Đã có sổ,"Nhà ngõ, hẻm",,52 m²,"126,92 triệu/m²",,5,,Nội thất đầy đủ,,ha-noi,"CĂN HỘ CHO THUÊ TẠI ĐÌNH THÔN, 52M X 5 TẦNG, MT 4.2M, GIÁ 6.6 TỶ.",,"Đình Thôn, Phường Mỹ Đình 1, Quận Nam Từ Liêm, Hà NộiXem bản đồ","6,6 tỷ - 52 m2"
36 m²,3 phòng,4 phòng,Đã có sổ,"Nhà ngõ, hẻm",,,125 triệu/m²,Đông Nam,5,,,,ha-noi,NGUYỄN TRÃI- ROYAL CITY-THANH XUÂN-LÔ GÓC-36M2-4 TẦNG- 4 TỶ-NGÃ TƯ SỞ,,"Đường Nguyễn Trãi, Phường Thanh Xuân Trung, Quận Thanh Xuân, Hà NộiXem bản đồ","4,5 tỷ - 36 m2"
50 m²,2 phòng,2 phòng,Đã có sổ,"Nhà ngõ, hẻm",,,"89,4 triệu/m²",Đông,2,,,,ha-noi,"DƯỚI 100TR/M2-NGUYỄN LƯƠNG BĂNG-ĐỐNG ĐA-50M2-4,5 TỶ-1 NGOẶT RA PHỐ",,"Đường Nguyễn Trãi, Phường Thanh Xuân Trung, Quận Thanh Xuân, Hà NộiXem bản đồ","4,47 tỷ - 50 m2"
40 m²,6 phòng,,Đã có sổ,"Nhà ngõ, hẻm",,40 m²,215 triệu/m²,,5,,Nội thất đầy đủ,,ha-noi,"Nhà Hoàng Hoa Thám , Phân lô , 6 tầng, thang máy,40m,mới 100%",,"Đường Hoàng Hoa Thám, Phường Vĩnh Phúc, Quận Ba Đình, Hà NộiXem bản đồ","8,6 tỷ - 40 m2"
45 m²,3 phòng,,,"Nhà ngõ, hẻm",,,"117,78 triệu/m²",,5,,,,ha-noi,"Bán gấp nhà Trần Khát Chân 45m ,5 tầng, nhà như hình, chỉ nhỉnh 5 tỷ",,"Trần Khát Chân, Phường Bạch Mai, Quận Hai Bà Trưng, Hà NộiXem bản đồ","5,3 tỷ - 45 m2"
38 m²,4 phòng,,Đã có sổ,"Nhà ngõ, hẻm",,38 m²,"157,89 triệu/m²",,5,,Nội thất đầy đủ,,ha-noi,"BÁN NHÀ RIÊNG TẠI MỸ ĐÌNH : DIỆN TÍCH 38M, 5 TẦNG, MT 4.8M, GIÁ 6 TỶ.",,"Mỹ Đình, Phường Mỹ Đình 1, Quận Nam Từ Liêm, Hà NộiXem bản đồ",6 tỷ - 38 m2
45 m²,3 phòng,,,"Nhà ngõ, hẻm",,,"117,78 triệu/m²",,5,,,,ha-noi,"Bán gấp nhà Trần Khát Chân 45m ,5 tầng, nhà như hình, chỉ nhỉnh 5 tỷ",,"Trần Khát Chân, Phường Bạch Mai, Quận Hai Bà Trưng, Hà NộiXem bản đồ","5,3 tỷ - 45 m2"
38 m²,4 phòng,,Đã có sổ,"Nhà ngõ, hẻm",,38 m²,"157,89 triệu/m²",,5,,Nội thất đầy đủ,,ha-noi,"BÁN NHÀ RIÊNG TẠI MỸ ĐÌNH : DIỆN TÍCH 38M, 5 TẦNG, MT 4.8M, GIÁ 6 TỶ.",,"Mỹ Đình, Phường Mỹ Đình 1, Quận Nam Từ Liêm, Hà NộiXem bản đồ",6 tỷ - 38 m2
30 m²,4 phòng,4 phòng,,"Nhà ngõ, hẻm",4 m,31 m²,"121,67 triệu/m²",,,,,8 m,ha-noi,BÁN NHÀ NGÕ 168 KIM GIANG 31M 4 TẦNG HƠN 3 TỶ,,"Kim Giang, Phường Định Công, Quận Hoàng Mai, Hà NộiXem bản đồ","3,65 tỷ - 30 m2"
45 m²,5 phòng,,,"Nhà ngõ, hẻm",5 m,45 m²,140 triệu/m²,,5,,,,ha-noi,"LÔ GÓC - 2 THOÁNG - SÁT PHỐ : DIỆN TÍCH 45M, 5 TẦNG, MT 5M, GIÁ 6.3 TỶ",,"Nguyễn Hoàng, Phường Mỹ Đình 1, Quận Nam Từ Liêm, Hà NộiXem bản đồ","6,3 tỷ - 45 m2"
37 m²,3 phòng,,,Nhà phố liền kề,,,100 triệu/m²,,,"Nở hậu,Hẻm xe hơi",,,ha-noi,BÁN ĐẤT TẶNG NHÀ - THOÁNG VĨNH VIỆN - OTO ĐỖ CỬA - GIÁ HẠT DẺ,,"Phố Mậu Lương, Phường Kiến Hưng, Quận Hà Đông, Hà NộiXem bản đồ","3,7 tỷ - 37 m2"
48 m²,4 phòng,4 phòng,Đã có sổ,"Nhà ngõ, hẻm",,,"107,92 triệu/m²",,3,,Nội thất đầy đủ,,ha-noi,"ẢNH THẬT 100%- BÁN NHÀ VĨNH PHÚC - DIỆN TÍCH 4M, 6 TẦNG -GIÁ CHỈ 5 TỶ",,"Vĩnh Phúc, Phường Vĩnh Phúc, Quận Ba Đình, Hà NộiXem bản đồ","5,18 tỷ - 48 m2"
34 m²,3 phòng,3 phòng,Đã có sổ,"Nhà ngõ, hẻm",,,"114,71 triệu/m²",,,,,,ha-noi,"Nhà sát Trần Khát Chân Kim Ngưu mới 34m2 x 5T, MT4 nhỉnh 3.9 tỷ",,"Ngõ 203 Kim Ngưu, Phường Thanh Lương, Quận Hai Bà Trưng, Hà NộiXem bản đồ","3,9 tỷ - 34 m2"
40 m²,4 phòng,,Đã có sổ,"Nhà ngõ, hẻm",,,"112,5 triệu/m²",,,,,,ha-noi,"Hạ chào 500 triệu, Hoàng Ngọc Phách, 30m ÔTô, 3gac đỗ, 40m2*4T",,"Phố Hoàng Ngọc Phách, Phường Láng Hạ, Quận Đống Đa, Hà NộiXem bản đồ","4,5 tỷ - 40 m2"
47 m²,3 phòng,,Đã có sổ,"Nhà ngõ, hẻm",3.7999 m,,"70,21 triệu/m²",,4,,Nội thất đầy đủ,,ha-noi,Cầu Cốc-Tây Mỗ diện tích: 47m2* 4tầng; mặt tiền: 3.8m; Giá: 3.3 tỷ,,"Cầu cốc, Phường Tây Mỗ, Quận Nam Từ Liêm, Hà NộiXem bản đồ","3,3 tỷ - 47 m2"
33 m²,1 phòng,4 phòng,Đã có sổ,"Nhà ngõ, hẻm",,,"251,52 triệu/m²",,4,,Nội thất đầy đủ,,ha-noi,"Lô Góc cách 1 nhà ra phố Trần Phú 4 tầng 33m2, ô tô đỗ cửa, KD tốt",,"Đường Trần Phú, Phường Mộ Lao, Quận Hà Đông, Hà NộiXem bản đồ","8,3 tỷ - 33 m2"
38 m²,4 phòng,,,"Nhà ngõ, hẻm",,,"126,32 triệu/m²",,,,,,ha-noi,chính chủ cần bán nhà TRẦN KHÁT CHÂN dt 38m x 4 tầng nhỉnh 4 tỷ,,"trần khát chân, Phường Lê Đại Hành, Quận Hai Bà Trưng, Hà NộiXem bản đồ","4,8 tỷ - 38 m2"
70 m²,nhiều hơn 10 phòng,,,"Nhà ngõ, hẻm",,70 m²,"177,14 triệu/m²",,,Hẻm xe hơi,,,ha-noi,"Bán nhà ccmn Lê Đức Thọ, ngõ oto nhỏ, 13 phòng thang máy, 12.4 tỷ",,"Đường Lê Đức Thọ, Phường Mỹ Đình 2, Quận Nam Từ Liêm, Hà NộiXem bản đồ","12,4 tỷ - 70 m2"
39 m²,2 phòng,2 phòng,,"Nhà ngõ, hẻm",,,"40,51 triệu/m²",,,,,,ha-noi,Bán nhà Trương Định - 39m2 - 2 Tầng - 2ngủ + 2vs - chỉ 1.58 Tỷ,,"Trương Định, Phường Tương Mai, Quận Hoàng Mai, Hà NộiXem bản đồ","1,58 tỷ - 39 m2"
55 m²,5 phòng,5 phòng,Đã có sổ,"Nhà ngõ, hẻm",,,"111,82 triệu/m²",,5,,Nội thất cao cấp,,ha-noi,"Rẻ Thái Hà, ngõ thông, oto vào, 20m ra phố, nở hậu, ở ngay 55m2*5T.",,"Phố Thái Hà, Phường Trung Liệt, Quận Đống Đa, Hà NộiXem bản đồ","6,15 tỷ - 55 m2"
150 m²,6 phòng,,Đã có sổ,Nhà phố liền kề,,150 m²,"133,33 triệu/m²",,,,,,ha-noi,Mẫu căn Ngon - Bổ - rẻ VHOP_Shophouse Hải Âu 3_Vinhomes Ocean Par,,"Yên Viên, Thị trấn Trâu Quỳ, Huyện Gia Lâm, Hà NộiXem bản đồ",20 tỷ - 150 m2
45 m²,5 phòng,5 phòng,Đã có sổ,"Nhà mặt phố, mặt tiền",5 m,,100 triệu/m²,,6,,,,ha-noi,"Chủ Nhà Tự Xây, Đường Pham Đình Giót, Hà Đông, Dt 45m2",,"Phố Phan Đình Giót, Phường La Khê, Quận Hà Đông, Hà NộiXem bản đồ","4,5 tỷ - 45 m2"
31 m²,4 phòng,5 phòng,Đã có sổ,"Nhà ngõ, hẻm",,,"141,94 triệu/m²",,6,,Nội thất đầy đủ,,ha-noi,"GIẢM CHÀO NHÀ PHẠM VĂN ĐỒNG - TỪ LIÊM 31M2, 6 TẦNG THANG MÁY CHỈ 4 TỶ.",,"Phạm Văn Đồng, Phường Dịch Vọng, Quận Cầu Giấy, Hà NộiXem bản đồ","4,4 tỷ - 31 m2"
50 m²,3 phòng,2 phòng,Đã có sổ,"Nhà ngõ, hẻm",,,54 triệu/m²,,3,,Nội thất đầy đủ,,ha-noi,Bán gấp nhà Cầu Tó Tả Thanh Oai 50m 3 tầng MT 5m ô tô đỗ cổng - 2.7 tỷ,,"Tả Thanh Oai, Xã Tả Thanh Oai, Huyện Thanh Trì, Hà NộiXem bản đồ","2,7 tỷ - 50 m2"
16 m²,3 phòng,2 phòng,Đã có sổ,"Nhà mặt phố, mặt tiền",,,"687,5 triệu/m²",Tây,4,,,,ha-noi,"Bán nhà mặt tiền, vị trí đắc địa",,"Ngõ Trung Yên, Phường Hàng Bạc, Quận Hoàn Kiếm, Hà NộiXem bản đồ",11 tỷ - 16 m2
83 m²,4 phòng,,Đã có sổ,"Nhà mặt phố, mặt tiền",,,"151,81 triệu/m²",,,,,,ha-noi,BÁN NHANH NHÀ THỤY KHUÊ - TÂY HỒ - LÔ GÓC - NGÕ TRC NHÀ 3M CHIA 2 LÔ,,"Thụy Khuê, Phường Thụy Khuê, Quận Tây Hồ, Hà NộiXem bản đồ","12,6 tỷ - 83 m2"
31 m²,4 phòng,5 phòng,Đã có sổ,"Nhà ngõ, hẻm",,,"141,94 triệu/m²",,6,,Nội thất đầy đủ,,ha-noi,"GIẢM CHÀO NHÀ PHẠM VĂN ĐỒNG - TỪ LIÊM 31M2, 6 TẦNG THANG MÁY CHỈ 4 TỶ.",,"Phạm Văn Đồng, Phường Dịch Vọng, Quận Cầu Giấy, Hà NộiXem bản đồ","4,4 tỷ - 31 m2"
50 m²,3 phòng,2 phòng,Đã có sổ,"Nhà ngõ, hẻm",,,54 triệu/m²,,3,,Nội thất đầy đủ,,ha-noi,Bán gấp nhà Cầu Tó Tả Thanh Oai 50m 3 tầng MT 5m ô tô đỗ cổng - 2.7 tỷ,,"Tả Thanh Oai, Xã Tả Thanh Oai, Huyện Thanh Trì, Hà NộiXem bản đồ","2,7 tỷ - 50 m2"
16 m²,3 phòng,2 phòng,Đã có sổ,"Nhà mặt phố, mặt tiền",,,"687,5 triệu/m²",Tây,4,,,,ha-noi,"Bán nhà mặt tiền, vị trí đắc địa",,"Ngõ Trung Yên, Phường Hàng Bạc, Quận Hoàn Kiếm, Hà NộiXem bản đồ",11 tỷ - 16 m2
83 m²,4 phòng,,Đã có sổ,"Nhà mặt phố, mặt tiền",,,"151,81 triệu/m²",,,,,,ha-noi,BÁN NHANH NHÀ THỤY KHUÊ - TÂY HỒ - LÔ GÓC - NGÕ TRC NHÀ 3M CHIA 2 LÔ,,"Thụy Khuê, Phường Thụy Khuê, Quận Tây Hồ, Hà NộiXem bản đồ","12,6 tỷ - 83 m2"
65 m²,6 phòng,,Đã có sổ,Nhà phố liền kề,,,"246,15 triệu/m²",,,,,,ha-noi,BÁN NHÀ VÕNG THỊ - TRÍCH SÀI - TÂY HỒ - PHÂN LÔ -GARA Ô TÔ -Ô TÔ TRÁNH,,"Võng Thị, Phường Bưởi, Quận Tây Hồ, Hà NộiXem bản đồ",16 tỷ - 65 m2
45 m²,4 phòng,4 phòng,Đã có sổ,"Nhà ngõ, hẻm",4.5 m,,"148,89 triệu/m²",,5,,,,ha-noi,"Nhà TT Hai Bà, 45m2-5T-4N, nhà đẹp, lô góc, kinh doanh, giá chỉ 6.7 tỷ",,"Phố Quỳnh Mai, Phường Quỳnh Mai, Quận Hai Bà Trưng, Hà NộiXem bản đồ","6,7 tỷ - 45 m2"
30 m²,2 phòng,2 phòng,Đã có sổ,"Nhà ngõ, hẻm",,60 m²,"62,67 triệu/m²",,,,Nội thất đầy đủ,,ha-noi,BÁN nhà minh khai,,"Phố Minh Khai, Phường Minh Khai, Quận Hai Bà Trưng, Hà NộiXem bản đồ","1,88 tỷ - 30 m2"
91 m²,4 phòng,4 phòng,Đã có sổ,"Nhà ngõ, hẻm",,,"83,52 triệu/m²",,4,,Nội thất đầy đủ,,ha-noi,bán nhà XÃ ĐÀN 90m2 2mặt ngõ thoáng trước sau 4 tầng có sân rộng 7 tỷ6,,"Xã Đàn, Phường Kim Liên, Quận Đống Đa, Hà NộiXem bản đồ","7,6 tỷ - 91 m2"
35 m²,4 phòng,5 phòng,Đã có sổ,"Nhà ngõ, hẻm",,,"114,29 triệu/m²",,6,,Nội thất đầy đủ,,ha-noi,"NHỈNH 4 TỶ BÁN GẤP NHÀ CỔ NHUẾ 35M2, 6T THANG MÁY, NGÕ KINH DOANH .",,"Cổ Nhuế, Phường Dịch Vọng, Quận Cầu Giấy, Hà NộiXem bản đồ",4 tỷ - 35 m2
40 m²,4 phòng,,Đã có sổ,"Nhà ngõ, hẻm",4.5 m,,"92,5 triệu/m²",,4,,,,ha-noi,BÁN NHÀ BÙI XƯƠNG TRẠCH THANH XUÂN HÀ NỘI,,"BÙI XƯƠNG TRẠCH, Phường Khương Trung, Quận Thanh Xuân, Hà NộiXem bản đồ","3,7 tỷ - 40 m2"
29 m²,4 phòng,3 phòng,Đã có sổ,"Nhà ngõ, hẻm",,,"162,07 triệu/m²",,4,,Nội thất đầy đủ,,ha-noi,"Nhà mặt tiền 29m2, 4 phòng ngủ, đường Kim Ngưu, Q.Hai Bà Trưng",,"Kim Ngưu, Phường Thanh Lương, Quận Hai Bà Trưng, Hà NộiXem bản đồ","4,7 tỷ - 29 m2"
45 m²,7 phòng,,Đã có sổ,"Nhà ngõ, hẻm",,,"132,89 triệu/m²",,,Nở hậu,,,ha-noi,"THU NHẬP 28 TR/ THÁNG , PHỐ BẠCH MAI , 45 M x 5 TẦNG 7 PHÒNG CỰC CHẤT",,"Phố Bạch Mai, Phường Cầu Dền, Quận Hai Bà Trưng, Hà NộiXem bản đồ","5,98 tỷ - 45 m2"
42 m²,6 phòng,4 phòng,Đã có sổ,"Nhà ngõ, hẻm",,,"86,9 triệu/m²",,5,,Nội thất đầy đủ,,ha-noi,Hữu Hưng Tây mỗ - diện tích:42m2* 5tầng; mặt tiền:3.3m; giá: 3.65 tỷ,,"Hữu hưng, Phường Tây Mỗ, Quận Nam Từ Liêm, Hà NộiXem bản đồ","3,65 tỷ - 42 m2"
32 m²,3 phòng,,Đã có sổ,"Nhà ngõ, hẻm",,32 m²,"109,38 triệu/m²",,,,,,ha-noi,"Nhà Định Công Thượng, Lô góc, ngõ thông rộng, ô tô tránh 30m",,"Định Công Thượng, Phường Định Công, Quận Hoàng Mai, Hà NộiXem bản đồ","3,5 tỷ - 32 m2"
40 m²,4 phòng,3 phòng,Đã có sổ,"Nhà ngõ, hẻm",,,"136,25 triệu/m²",,4,,Nội thất đầy đủ,,ha-noi,Bán nhà phố Nguyễn Lương Bằng Đống Đa gần ô tô 40m2 x 4 tầng x 5.45 tỷ,,"Nguyễn Lương Bằng, Phường Hàng Bột, Quận Đống Đa, Hà NộiXem bản đồ","5,45 tỷ - 40 m2"
58 m²,3 phòng,,,"Nhà ngõ, hẻm",7 m,,"48,28 triệu/m²",,,,,,ha-noi,Bán Nhà Đất Vân Nội Siêu Phẩm Đẹp Nhất Khu Vực 2.8 Tỷ.,,"vân trì, Xã Vân Nội, Huyện Đông Anh, Hà NộiXem bản đồ","2,8 tỷ - 58 m2"
50 m²,nhiều hơn 10 phòng,,Đã có sổ,"Nhà ngõ, hẻm",,60 m²,178 triệu/m²,,6,,,,ha-noi,"Bán Chung Cư Mini, Lô Góc 2 Thoáng,Ngõ Thông,Sổ Nở.Dòng Tiền Gần 60tr.",,"Phố Minh Khai, Phường Minh Khai, Quận Hai Bà Trưng, Hà NộiXem bản đồ","8,9 tỷ - 50 m2"
116 m²,nhiều hơn 10 phòng,Nhiều hơn 6 phòng,Đã có sổ,"Nhà ngõ, hẻm",,,"159,48 triệu/m²",,7,,Nội thất cao cấp,,ha-noi,Bán toà nhà CCMN 24 phòng cho thuê. Doanh thu 120tr/tháng,,"Số 61 Lạc trung, Phường Vĩnh Tuy, Quận Hai Bà Trưng, Hà NộiXem bản đồ","18,5 tỷ - 116 m2"
38 m²,4 phòng,,,"Nhà ngõ, hẻm",,,"110,26 triệu/m²",,,,,,ha-noi,"Đỉnh! Xuân Đỉnh, sổ phân lô, gần ô tô, view thoáng, full NT, 38m2*5T",,"Xuân Đỉnh, Phường Xuân Đỉnh, Quận Bắc Từ Liêm, Hà NộiXem bản đồ","4,19 tỷ - 38 m2"
50 m²,6 phòng,6 phòng,Đã có sổ,Nhà phố liền kề,,,270 triệu/m²,Đông Nam,7,,,,ha-noi,Liền kề Văn phú Ngay sau Tòa Victoria 50m2*7 T. Full Nội thất cao cấp,,"Phố Văn Phú, Phường Phú La, Quận Hà Đông, Hà NộiXem bản đồ","13,5 tỷ - 50 m2"
38 m²,4 phòng,,,"Nhà ngõ, hẻm",,,"110,26 triệu/m²",,,,,,ha-noi,"Đỉnh! Xuân Đỉnh, sổ phân lô, gần ô tô, view thoáng, full NT, 38m2*5T",,"Xuân Đỉnh, Phường Xuân Đỉnh, Quận Bắc Từ Liêm, Hà NộiXem bản đồ","4,19 tỷ - 38 m2"
50 m²,6 phòng,6 phòng,Đã có sổ,Nhà phố liền kề,,,270 triệu/m²,Đông Nam,7,,,,ha-noi,Liền kề Văn phú Ngay sau Tòa Victoria 50m2*7 T. Full Nội thất cao cấp,,"Phố Văn Phú, Phường Phú La, Quận Hà Đông, Hà NộiXem bản đồ","13,5 tỷ - 50 m2"
48 m²,6 phòng,6 phòng,Đã có sổ,"Nhà ngõ, hẻm",,,"116,67 triệu/m²",,7,,Nội thất cao cấp,,ha-noi,"Lô góc Hoàng Văn Thái, 2 thoáng, SUV vào nhà,thang máy, ở ngay 48m2*7T",,"hoàng văn thái, Phường Khương Trung, Quận Thanh Xuân, Hà NộiXem bản đồ","5,6 tỷ - 48 m2"
35 m²,5 phòng,,Đã có sổ,"Nhà ngõ, hẻm",,35 m²,110 triệu/m²,,5,,,,ha-noi,"Chủ bán gấp nhà Đào Tấn Ba Đình 5 tầng 35m2, ngõ thẳng tắp,giá 3.85 tỷ",,"Phố Đào Tấn, Phường Ngọc Khánh, Quận Ba Đình, Hà NộiXem bản đồ","3,85 tỷ - 35 m2"
19 m²,2 phòng,3 phòng,Đã có sổ,"Nhà ngõ, hẻm",,,"141,05 triệu/m²",,4,,Nội thất cao cấp,,ha-noi,"CHỈ NHỈNH 2 TỶ DT 21M x 4 TẦNG, 2 NGỦ - PHỐ HƯƠNG VIÊN - HỒ HAI BÀ.",,"Hương Viên, Phường Đồng Nhân, Quận Hai Bà Trưng, Hà NộiXem bản đồ","2,68 tỷ - 19 m2"
36.2 m²,3 phòng,3 phòng,Đã có sổ,"Nhà ngõ, hẻm",,,"132,6 triệu/m²",,3,,Nội thất đầy đủ,,ha-noi,"Hàng Hiếm! Thái Hà, bacgac đỗ, trước nhà 5m, 2 thoáng, mới, 36.2m2*3T.",,"Phố Thái Hà, Phường Trung Liệt, Quận Đống Đa, Hà NộiXem bản đồ","4,8 tỷ - 36.2 m2"
41 m²,6 phòng,6 phòng,Đã có sổ,"Nhà mặt phố, mặt tiền",,,"363,41 triệu/m²",,6,,Nội thất cao cấp,,ha-noi,"Nhà 41m2*6T mặt hồ vườn Hoa Đền Lừ, MT4,8m. vỉa hè, đường 20m",,"87, Phố Tân Mai, Phường Hoàng Văn Thụ, Quận Hoàng Mai, Hà NộiXem bản đồ","14,9 tỷ - 41 m2"
115 m²,nhiều hơn 10 phòng,,,"Nhà mặt phố, mặt tiền",,,"365,22 triệu/m²",,9,,,,ha-noi,HOA KHÔI-TOÀ NHÀ 9 TẦNG-MẶT PHỐ YÊN PHỤ -TÂY HỒ-KD-DÒNG TIỀN 180TR/TH,,"Phố Yên Phụ, Phường Yên Phụ, Quận Tây Hồ, Hà NộiXem bản đồ",42 tỷ - 115 m2
41 m²,4 phòng,,,"Nhà ngõ, hẻm",,,"104,88 triệu/m²",,,,,,ha-noi,"Trần Thái Tông, gần ô tô, ngõ thông, ở luôn, an ninh tốt, 41m*5T",,"Trần Thái Tông, Phường Dịch Vọng Hậu, Quận Cầu Giấy, Hà NộiXem bản đồ","4,3 tỷ - 41 m2"
52 m²,4 phòng,3 phòng,Đã có sổ,"Nhà mặt phố, mặt tiền",,,"209,62 triệu/m²",Đông Nam,4,,,,ha-noi,"SĐCC BÁN NHÀ MẶT CHỢ 108 ĐƯỜNG NGHI TÀM, ĐƯỜNG OTO, DT 52M2X4T",,"Đường Nghi Tàm, Phường Yên Phụ, Quận Tây Hồ, Hà NộiXem bản đồ","10,9 tỷ - 52 m2"
94 m²,4 phòng,,Đã có sổ,"Nhà ngõ, hẻm",,,"122,34 triệu/m²",,3,Hẻm xe hơi,Nội thất đầy đủ,,ha-noi,BÁN NHÀ PHỐ HOÀNG NHƯ TIẾP LONG BIÊN ÔTÔ KINH DOANH 94M2 5 TẦNG 11.5TỶ,,"Phố Hoàng Như Tiếp, Phường Bồ Đề, Quận Long Biên, Hà NộiXem bản đồ","11,5 tỷ - 94 m2"
35 m²,3 phòng,3 phòng,Đã có sổ,"Nhà ngõ, hẻm",,,100 triệu/m²,,4,,Nội thất đầy đủ,,ha-noi,"Bán nhà Tây mỗ, view bể cá Koi, sáng thoáng, 35m2 x 4 tầng, chỉ 3,5 tỉ",,"Ngõ 43 Phố Cầu Cốc, Phường Tây Mỗ, Quận Nam Từ Liêm, Hà NộiXem bản đồ","3,5 tỷ - 35 m2"
27 m²,3 phòng,4 phòng,Đã có sổ,"Nhà ngõ, hẻm",,,"194,44 triệu/m²",,5,,Nội thất cao cấp,,ha-noi,"Nhà mặt tiền 27m2, 3 phòng ngủ, đường Nguyễn Cao, Q.Hai Bà Trưng",,"Nguyễn Cao, Phường Đồng Nhân, Quận Hai Bà Trưng, Hà NộiXem bản đồ","5,25 tỷ - 27 m2"
40 m²,4 phòng,,Đã có sổ,"Nhà ngõ, hẻm",,,92 triệu/m²,,4,Hẻm xe hơi,Nội thất đầy đủ,,ha-noi,BÁN NHÀ PHỐ NGỌC THỤY LONG BIÊN 40M2 4 TẦNG LÔ GÓC ÔTÔ GẦN PHỐ 3.68 TỶ,,"Ngọc Thụy, Phường Ngọc Thụy, Quận Long Biên, Hà NộiXem bản đồ","3,68 tỷ - 40 m2"
28 m²,3 phòng,,Đã có sổ,"Nhà ngõ, hẻm",,28 m²,"117,86 triệu/m²",,4,,,,ha-noi,"Chủ bán gấp nhà đường Láng Đống Đa 4 tầng, cách ô tô 30m, giá 3.3 tỷ",,"Đường Láng, Phường Láng Thượng, Quận Đống Đa, Hà NộiXem bản đồ","3,3 tỷ - 28 m2"
40 m²,3 phòng,5 phòng,Đã có sổ,"Nhà ngõ, hẻm",,,"187,5 triệu/m²",,6,,Nội thất cao cấp,,ha-noi,"BÁN NHÀ PHỐ ĐẠI LA, 6 TẦNG MỚI TINH, THANG MÁY XỊN, NHIỀU TIỆN ÍCH.",,"Phố Đại La, Phường Đồng Tâm, Quận Hai Bà Trưng, Hà NộiXem bản đồ","7,5 tỷ - 40 m2"
35 m²,4 phòng,5 phòng,Đã có sổ,"Nhà ngõ, hẻm",,,"151,43 triệu/m²",,6,,Nội thất đầy đủ,,ha-noi,"Nhà đa sỹ 35m mt4.5m 6 tầng vị trí trung tâm, ô tô qua nhà, kinh doanh",,"Đường Đa Sỹ, Phường Kiến Hưng, Quận Hà Đông, Hà NộiXem bản đồ","5,3 tỷ - 35 m2"
53 m²,5 phòng,5 phòng,Đã có sổ,"Nhà mặt phố, mặt tiền",48 m,,"309,43 triệu/m²",,6,,,,ha-noi,Bán nhà mặt phố Trạm- gần ngay TTTM Aeon Long Biên,,"Phố Trạm, Phường Long Biên, Quận Long Biên, Hà NộiXem bản đồ","16,4 tỷ - 53 m2"
42 m²,3 phòng,4 phòng,Đã có sổ,"Nhà ngõ, hẻm",,,"119,05 triệu/m²",Tây,5,,,,ha-noi,"NHÀ DÂN XÂY CỔ LINH LONG BIÊN 42M 5TẦNG LÔ GÓC, ÔTO VÀO ĐI THÔNG ~ 5TỶ",,"CỔ LINH LONG BIÊN , Phường Thạch Bàn, Quận Long Biên, Hà NộiXem bản đồ",5 tỷ - 42 m2
41 m²,3 phòng,4 phòng,Đã có sổ,"Nhà ngõ, hẻm",,,"73,17 triệu/m²",Tây Bắc,55,,,,ha-noi,"BÁN GẤP NHÀ DÂN XÂY 41M 5TẦNG LÔ GÓC-1 NHÀ RA NGÕ 206 CỔ LINH-3,15 TỶ",,"Đường Cổ Linh, Phường Long Biên, Quận Long Biên, Hà NộiXem bản đồ",3 tỷ - 41 m2
42 m²,3 phòng,4 phòng,Đã có sổ,"Nhà ngõ, hẻm",,,"119,05 triệu/m²",Tây,5,,,,ha-noi,"NHÀ DÂN XÂY CỔ LINH LONG BIÊN 42M 5TẦNG LÔ GÓC, ÔTO VÀO ĐI THÔNG ~ 5TỶ",,"CỔ LINH LONG BIÊN , Phường Thạch Bàn, Quận Long Biên, Hà NộiXem bản đồ",5 tỷ - 42 m2
41 m²,3 phòng,4 phòng,Đã có sổ,"Nhà ngõ, hẻm",,,"73,17 triệu/m²",Tây Bắc,55,,,,ha-noi,"BÁN GẤP NHÀ DÂN XÂY 41M 5TẦNG LÔ GÓC-1 NHÀ RA NGÕ 206 CỔ LINH-3,15 TỶ",,"Đường Cổ Linh, Phường Long Biên, Quận Long Biên, Hà NộiXem bản đồ",3 tỷ - 41 m2
34 m²,4 phòng,,Đã có sổ,"Nhà ngõ, hẻm",,,"112,65 triệu/m²",,,,,,ha-noi,"Hàng tuyển Tôn Đức Thắng ở ngay, 34m2x4T, gần phố ngõ thoáng, full đồ",,"Ngõ Văn Hương, Phường Hàng Bột, Quận Đống Đa, Hà NộiXem bản đồ","3,83 tỷ - 34 m2"
40 m²,4 phòng,,,"Nhà ngõ, hẻm",,,"103,75 triệu/m²",,,,,,ha-noi,"10 điểm! Cổ Nhuế nhà mới, gần ô tô ngõ thông, an sinh tốt 40m2*5T",,"Cổ Nhuế, Phường Cổ Nhuế 1, Quận Bắc Từ Liêm, Hà NộiXem bản đồ","4,15 tỷ - 40 m2"
50 m²,3 phòng,5 phòng,Đã có sổ,"Nhà mặt phố, mặt tiền",,,370 triệu/m²,,6,,Nội thất cao cấp,,ha-noi,Nguyễn Văn Huyên - Cầu Giấy - 50m2 x 6 Tầng - Ô TÔ tránh - 18.5 tỷ,,"Nguyễn Văn Huyên, Phường Dịch Vọng, Quận Cầu Giấy, Hà NộiXem bản đồ","18,5 tỷ - 50 m2"
34 m²,3 phòng,,,"Nhà mặt phố, mặt tiền",,34 m²,"87,65 triệu/m²",,5,,,,ha-noi,Mặt ngõ ô tô qua kinh doanh 34m2 5 tầng 2.98 tỷ cầu Hữu Hòa Thanh Trì,,"Cộng Hòa, Xã Hữu Hoà, Huyện Thanh Trì, Hà NộiXem bản đồ","2,98 tỷ - 34 m2"
45 m²,4 phòng,3 phòng,Đã có sổ,"Nhà ngõ, hẻm",,,100 triệu/m²,,4,,Nhà trống,,ha-noi,"Bán nhà 4 tầng Quan Nhân Thanh Xuân DT 45m2, giá 4.5 tỷ.",,"Quan nhân, Phường Nhân Chính, Quận Thanh Xuân, Hà NộiXem bản đồ","4,5 tỷ - 45 m2"
40 m²,5 phòng,5 phòng,Đã có sổ,"Nhà mặt phố, mặt tiền",,,"222,5 triệu/m²",,6,,Nội thất đầy đủ,,ha-noi,"MP Phú Đô trục CHÍNH KINH DOANH ĐỈNH - THANG MÁY: 40m, 6 tầng, 8,9 tỷ",,"Ngõ 8 Lê Quang Đạo, Phường Phú Đô, Quận Nam Từ Liêm, Hà NộiXem bản đồ","8,9 tỷ - 40 m2"
75 m²,5 phòng,5 phòng,Đã có sổ,"Nhà ngõ, hẻm",,75 m²,"114,67 triệu/m²",,,,Nội thất đầy đủ,,ha-noi,"Bán nhà Phú Đô - LÔ GÓC, ô tô cách 10M: DT 75m, MT 6,3m, giá 8,6 tỷ",,"Lê Quang Đạo , Phường Phú Đô, Quận Nam Từ Liêm, Hà NộiXem bản đồ","8,6 tỷ - 75 m2"
45 m²,4 phòng,,,"Nhà ngõ, hẻm",,45 m²,"108,89 triệu/m²",,,Hẻm xe hơi,,,ha-noi,"Bán nhà 4 tầng 45m Phú Đô cách mặt ngõ ô tô 80m, giá 4,9 tỷ",,"Lê Quang Đạo , Phường Phú Đô, Quận Nam Từ Liêm, Hà NộiXem bản đồ","4,9 tỷ - 45 m2"
32.2 m²,3 phòng,4 phòng,Đã có sổ,"Nhà ngõ, hẻm",,,"107,14 triệu/m²",Đông Nam,5,,,,ha-noi,Cầu Cốc diện tích: 32.2m2* 5tầng; mặt tiền: 3.7m; Giá: 3.45 tỷ,,"Ngõ 135 Cầu Cốc, Phường Tây Mỗ, Quận Nam Từ Liêm, Hà NộiXem bản đồ","3,45 tỷ - 32.2 m2"
50 m²,6 phòng,6 phòng,Đã có sổ,Nhà phố liền kề,,,270 triệu/m²,Tây Bắc,7,,,,ha-noi,Liền kề KĐT Văn khê 50m2*7T Full nội thất cao cấp. Về ở ngay,,"Phố Phan Đình Giót, Phường La Khê, Quận Hà Đông, Hà NộiXem bản đồ","13,5 tỷ - 50 m2"
46 m²,4 phòng,,Đã có sổ,"Nhà mặt phố, mặt tiền",,46 m²,"89,13 triệu/m²",,,,,,ha-noi,"HIẾM. Nhà dân xây Thạch Bàn Chỉ 30m ra ô tô tránh, đi bộ ra chợ, 46m",,"Nguyễn Văn Linh, Phường Thạch Bàn, Quận Long Biên, Hà NộiXem bản đồ","4,1 tỷ - 46 m2"
48 m²,3 phòng,,Đã có sổ,"Nhà ngõ, hẻm",,,"118,75 triệu/m²",,4,"Hẻm xe hơi,Nở hậu",,,ha-noi,"HÀNG NGON 🔥 BỒ ĐỀ-Ô Tô 🚘- Dân Trí-Trung Tâm-Tiện Ích- 48m2- 5,7 Tỷ",,"Bồ Đề, Phường Đức Giang, Quận Long Biên, Hà NộiXem bản đồ","5,7 tỷ - 48 m2"
32 m²,2 phòng,3 phòng,Đã có sổ,"Nhà ngõ, hẻm",,,"87,5 triệu/m²",,4,,Nội thất đầy đủ,,ha-noi,"BÁN NHÀ TÂN MAI ,HM, PHÂN LÔ Ô TÔ ĐỖ 2 ĐẦU, 32M, 4 TẦNG ,GIÁ 2,8 TỶ",,"Phố Tân Mai, Phường Tân Mai, Quận Hoàng Mai, Hà NộiXem bản đồ","2,8 tỷ - 32 m2"
34 m²,4 phòng,,,"Nhà ngõ, hẻm",,,"95,59 triệu/m²",,,,,,ha-noi,"Bán nhà Hoàng Quốc Việt, ngõ thông, gần ô tô, kinh doanh dòng tiền",,"Hoàng Quốc Việt, Phường Nghĩa Đô, Quận Cầu Giấy, Hà NộiXem bản đồ","3,25 tỷ - 34 m2"
55 m²,1 phòng,,,"Nhà ngõ, hẻm",7 m,55 m²,"39,09 triệu/m²",,1,,,8.5 m,ha-noi,"Bán Gấp ! Nhà Cấp 4, Ô tô đỗ cửa ở Đồng Mai. DT 55m2. Giá 2.15 Tỷ.",,"Nhân Huệ, Phường Đồng Mai, Quận Hà Đông, Hà NộiXem bản đồ","2,15 tỷ - 55 m2"
52 m²,4 phòng,5 phòng,Đã có sổ,"Nhà ngõ, hẻm",,,"130,77 triệu/m²",,6,,Nội thất cao cấp,,ha-noi,"Ba Đình,52m2 6T THANG MÁY nhỉnh 6tỷ_Ngõ Thông Rộng, 1 Ngoặt, Gần Phố",,"Vĩnh Phúc, Phường Vĩnh Phúc, Quận Ba Đình, Hà NộiXem bản đồ","6,8 tỷ - 52 m2"
80 m²,4 phòng,5 phòng,Đã có sổ,"Nhà mặt phố, mặt tiền",,78 m²,"193,75 triệu/m²",,,,Nội thất đầy đủ,,ha-noi,"Vỡ nợ BÁN GẤP nhà ở Hà Đông vị trí ĐẮC ĐỊA - FULL NỘI THẤT giá 15,5 tỷ",,"Phường Mỗ Lao, Hà Đông, Hà Nội, Phường Mộ Lao, Quận Hà Đông, Hà NộiXem bản đồ","15,5 tỷ - 80 m2"
32 m²,4 phòng,3 phòng,Đã có sổ,"Nhà ngõ, hẻm",,,"104,69 triệu/m²",,4,,Nhà trống,,ha-noi,"Nhà mới Văn Trì ở ngay đón Tết, gần ô tô, 32mx4t chỉ 3.35 tỷ",,"Phố Văn Trì, Phường Minh Khai, Quận Bắc Từ Liêm, Hà NộiXem bản đồ","3,35 tỷ - 32 m2"
