Diện tích đất:,Số phòng ngủ:,Số phòng vệ sinh:,Giấy tờ pháp lý:,Loại hình nhà ở:,Chiều ngang:,Diện tích sử dụng:,Giá/m2:,Hướng cửa chính:,Tổng số tầng:,Đặc điểm nhà/đất:,Tình trạng nội thất:,Chiều dài:,Location,Name,URL,District,Price
30 m²,3 phòng,4 phòng,Đã có sổ,"Nhà ngõ, hẻm",,,"146,67 triệu/m²",,5,,Nội thất đầy đủ,,ha-noi,✅ CẦN TIỀN ĐẦU TƯ BÁN GẤP NHÀ - CỔ NHUẾ- NGÕ NÔNG- TẶNG NỘI THẤT.,,"Cổ Nhuế, Phường Cổ Nhuế 2, Quận Bắc Từ Liêm, Hà NộiXem bản đồ","4,4 tỷ - 30 m2"
35 m²,6 phòng,,,"Nhà mặt phố, mặt tiền",,,"294,29 triệu/m²",,,,,,ha-noi,"Bán nhà MP Tôn Thất Tùng, vỉa hè rộg, KD đỉh, 5TxMT 5.2m chỉ nhỉh 10tỷ",,"Tam Khương, Phường Khương Thượng, Quận Đống Đa, Hà NộiXem bản đồ","10,3 tỷ - 35 m2"
50 m²,4 phòng,,,"Nhà ngõ, hẻm",,,226 triệu/m²,,7,,,,ha-noi,"BÁN NHÀ MỄ TRÌ, 55M2, 7 TẦNG, THANG MÁY, OTO , KINH DOANH, Ở 11.3 TỶ",,"mễ trì, Phường Mễ Trì, Quận Nam Từ Liêm, Hà NộiXem bản đồ","11,3 tỷ - 50 m2"
24 m²,3 phòng,2 phòng,Đã có sổ,"Nhà mặt phố, mặt tiền",,,"122,92 triệu/m²",,3,,Nội thất đầy đủ,,ha-noi,✅ HIẾM!!! CHƯA ĐẾN 3 TỶ CÓ NHÀ 3 TẦNG - OTO ĐỖ CỬA- NGÕ THÔNG- KD .,,"cổ nhuế, Phường Cổ Nhuế 2, Quận Bắc Từ Liêm, Hà NộiXem bản đồ","2,95 tỷ - 24 m2"
31 m²,3 phòng,4 phòng,Đã có sổ,"Nhà ngõ, hẻm",,,"96,77 triệu/m²",Đông Nam,5,,,,ha-noi,CHỦ GẤP LẮM BÁNNHÀ GIẢI PHÓNG 30M2 5T NHỈNH 3 TỶ 10M RA PHỐ Ô TÔ TRÁNH,,"Đường Giải Phóng, Phường Giáp Bát, Quận Hoàng Mai, Hà NộiXem bản đồ",3 tỷ - 31 m2
33 m²,4 phòng,4 phòng,Đã có sổ,"Nhà ngõ, hẻm",,,"78,18 triệu/m²",Bắc,4,,,,ha-noi,"PHÚ LƯƠNG HÀ ĐÔNG - CẠNH CHỢ BẮC LÃM 👉 Nhà 36m² x 5 tầng, mỗi tầng 2 p",,"Quốc Lộ 2- B , Phường Phú Lãm, Quận Hà Đông, Hà NộiXem bản đồ","2,58 tỷ - 33 m2"
68 m²,4 phòng,4 phòng,Đã có sổ,"Nhà ngõ, hẻm",,,"154,41 triệu/m²",,4,,Nội thất đầy đủ,,ha-noi,"Bán Nhà 4 Tầng Ngõ Ô TÔ 7 Chỗ Đỗ Cửa 68m2 Giá 10,5 tỷ Tại Phố Đội Cấn",,"Ngõ 279 Phố Đội Cấn, Phường Ngọc Hà, Quận Ba Đình, Hà NộiXem bản đồ","10,5 tỷ - 68 m2"
35 m²,3 phòng,3 phòng,,"Nhà ngõ, hẻm",,35 m²,"151,43 triệu/m²",,5,,Nội thất đầy đủ,,ha-noi,"Bán nhà Giáp Bát, 35m2 x 5T x 5.3 tỷ, Ô TÔ CÁCH 5M - NGÕ THÔNG",,"Đường Giáp Bát, Phường Giáp Bát, Quận Hoàng Mai, Hà NộiXem bản đồ","5,3 tỷ - 35 m2"
33 m²,3 phòng,3 phòng,Đã có sổ,"Nhà ngõ, hẻm",,,"68,48 triệu/m²",Đông Nam,3,,,,ha-noi,Oto đỗ ngày Đêm nhà 33m xây mới Trạm Bơm Yên Nghĩa,,"Đông La Hoài Đức, Phường Yên Nghĩa, Quận Hà Đông, Hà NộiXem bản đồ","2,26 tỷ - 33 m2"
88 m²,2 phòng,2 phòng,Đang chờ sổ,,,,"41,35 triệu/m²",Tây Nam,2,,,,ha-noi,Nhà ở nhật tân,,"Âu Cơ, Phường Nhật Tân, Quận Tây Hồ, Hà NộiXem bản đồ","3,639 tỷ - 88 m2"
28 m²,2 phòng,4 phòng,Đã có sổ,"Nhà ngõ, hẻm",,,"137,86 triệu/m²",,4,,Nội thất cao cấp,,ha-noi,"BÁN NHÀ TRUNG TÂM HAI BÀ TRƯNG, NHÀ MỚI ĐẸP, GẦN Ô TÔ, CHỦ CẦN BÁN GẤP",,"Phố Bạch Mai, Phường Bạch Mai, Quận Hai Bà Trưng, Hà NộiXem bản đồ","3,86 tỷ - 28 m2"
36 m²,6 phòng,,,"Nhà ngõ, hẻm",,,"191,67 triệu/m²",,,,,,ha-noi,"Bán nhà Lê Trọng Tấn, phân lô, ôtô tráh, VH, KD, 36m2xMT4.5m chỉ 6.9tỷ",,"Trịnh Đình Cửu, Phường Định Công, Quận Hoàng Mai, Hà NộiXem bản đồ","6,9 tỷ - 36 m2"
53 m²,3 phòng,3 phòng,Đã có sổ,"Nhà ngõ, hẻm",,,"122,64 triệu/m²",,5,,Nội thất đầy đủ,,ha-noi,"Bán nhà Kim Giang, siêu rộng 53m2, đẹp, ở sướng, 1 nhà ra ô",,"Kim Giang, Xã Thanh Liệt, Huyện Thanh Trì, Hà NộiXem bản đồ","6,5 tỷ - 53 m2"
55 m²,5 phòng,,Đã có sổ,"Nhà ngõ, hẻm",,275 m²,"90,91 triệu/m²",,,,,,ha-noi,"Hiếm nhà bán! CHÙA BỘC,ở ngay,3 thoáng,55m2,xung quanh tiện ích, KD",,"Phố Chùa Bộc, Phường Trung Liệt, Quận Đống Đa, Hà NộiXem bản đồ",5 tỷ - 55 m2
34 m²,4 phòng,3 phòng,Đã có sổ,"Nhà ngõ, hẻm",,,"85,29 triệu/m²",Tây Nam,4,,,,ha-noi,Nhà phố Xốm ngay cạnh Nhà văn hoá Phú Lãm/ ôtô đỗ cách 7m~34m2x4Tx4PN,,"Phố Xốm, Phường Phú Lãm, Quận Hà Đông, Hà NộiXem bản đồ","2,9 tỷ - 34 m2"
40 m²,3 phòng,,,"Nhà ngõ, hẻm",,40 m²,"112,5 triệu/m²",,,,,,ha-noi,"Sốt nhà! Bán nhà Láng Hạ, 20m ra phố, ngõ thông tứ tung, dân xây chắc",,"Phố Láng Hạ, Phường Láng Hạ, Quận Đống Đa, Hà NộiXem bản đồ","4,5 tỷ - 40 m2"
35 m²,3 phòng,,Đã có sổ,"Nhà ngõ, hẻm",3.5 m,35 m²,"113,71 triệu/m²",,,,Nhà trống,,ha-noi,"Siêu phẩm nhà mới Thái Hà, 35m2*4T, 20m ra phố, ngõ ba gác, sổ sẵn",,"Phố Hoàng Cầu, Phường Trung Liệt, Quận Đống Đa, Hà NộiXem bản đồ","3,98 tỷ - 35 m2"
24 m²,3 phòng,3 phòng,,"Nhà ngõ, hẻm",3 m,,125 triệu/m²,,3,,,8 m,ha-noi,Bán gấp nhà kim mã-ô tô-ngõ thông-kinh doanh-chỉ 3 tỷ,,"Phố Kim Mã, Phường Ngọc Khánh, Quận Ba Đình, Hà NộiXem bản đồ",3 tỷ - 24 m2
46 m²,3 phòng,,Đã có sổ,"Nhà ngõ, hẻm",4 m,46 m²,"108,7 triệu/m²",,,,,,ha-noi,"Cực sốc! Nhà Thái Hà, ô tô, KD đỉnh, full đồ ở ngay, 40m2*5T",,"Phố Trung Liệt, Phường Thịnh Quang, Quận Đống Đa, Hà NộiXem bản đồ",5 tỷ - 46 m2
32 m²,3 phòng,3 phòng,,"Nhà ngõ, hẻm",,,"52,5 triệu/m²",,3,,,,ha-noi,"Nhà 3Tx32m2 gần Vành Đai 4, 200m QL 21B, giáp Phú Lãm chỉ 1,68 tỷ",,"quốc lộ 21b, Phường Phú Lãm, Quận Hà Đông, Hà NộiXem bản đồ","1,68 tỷ - 32 m2"
46 m²,3 phòng,,Đã có sổ,"Nhà ngõ, hẻm",4 m,46 m²,"108,7 triệu/m²",,,,,,ha-noi,"Cực sốc! Nhà Thái Hà, ô tô, KD đỉnh, full đồ ở ngay, 40m2*5T",,"Phố Trung Liệt, Phường Thịnh Quang, Quận Đống Đa, Hà NộiXem bản đồ",5 tỷ - 46 m2
32 m²,3 phòng,3 phòng,,"Nhà ngõ, hẻm",,,"52,5 triệu/m²",,3,,,,ha-noi,"Nhà 3Tx32m2 gần Vành Đai 4, 200m QL 21B, giáp Phú Lãm chỉ 1,68 tỷ",,"quốc lộ 21b, Phường Phú Lãm, Quận Hà Đông, Hà NộiXem bản đồ","1,68 tỷ - 32 m2"
35 m²,3 phòng,4 phòng,Đã có sổ,"Nhà ngõ, hẻm",,,"117,71 triệu/m²",,5,,Nội thất cao cấp,,ha-noi,CHÍNH CHỦ BÁN CỰ LỘC 35m*5T 4 tỷ12 KO CÓ CĂN THỨ 2 NHÀ CÒN MỚI Ở LUON,,"Cự Lộc, Phường Nhân Chính, Quận Thanh Xuân, Hà NộiXem bản đồ","4,12 tỷ - 35 m2"
94 m²,nhiều hơn 10 phòng,,,"Nhà mặt phố, mặt tiền",6.5 m,94 m²,"202,13 triệu/m²",,7,,,14.5 m,ha-noi,ngõ ô tô-CCMN ĐẸP NHẤT Triều Khúc,,"12, triều khúc, Xã Tân Triều, Huyện Thanh Trì, Hà NộiXem bản đồ",19 tỷ - 94 m2
54 m²,4 phòng,4 phòng,,"Nhà ngõ, hẻm",5 m,,"92,59 triệu/m²",,5,,Nội thất đầy đủ,,ha-noi,"Bán nhà phố Vĩnh Phúc 54m x 5 tầng, mặt tiền 5m, giá siêu đầu tư",,"Phố Vĩnh Phúc, Phường Vĩnh Phúc, Quận Ba Đình, Hà NộiXem bản đồ",5 tỷ - 54 m2
45 m²,4 phòng,4 phòng,Đã có sổ,"Nhà ngõ, hẻm",,,"132,22 triệu/m²",,5,"Nở hậu,Hẻm xe hơi",,,ha-noi,"BÁN NHÀ PHỐ CẦU GIẤY CỰC HIẾM 45M SIÊU ĐẸP Ô TÔ ĐỖ CỬA CHỈ 5,95 TỶ.",,"cầu giấy, Phường Dịch Vọng, Quận Cầu Giấy, Hà NộiXem bản đồ","5,95 tỷ - 45 m2"
53 m²,4 phòng,4 phòng,Đã có sổ,"Nhà ngõ, hẻm",,,"130,19 triệu/m²",,5,,Nội thất cao cấp,,ha-noi,"Nhà Đẹp Phố Đội Cấn 6.9 tỷ, Mt khủng, 20m ra ô tô",,"Đội cấn, Phường Đội Cấn, Quận Ba Đình, Hà NộiXem bản đồ","6,9 tỷ - 53 m2"
54 m²,5 phòng,6 phòng,Đã có sổ,"Nhà ngõ, hẻm",,54 m²,"129,63 triệu/m²",,7,,,,ha-noi,Bán gấp nhà ô chợ dừa-7 tầng chắc chắn-ô tô-gần phố- 54m2-mt 4.3m,,"Ô Chợ Dừa, Phường Ô Chợ Dừa, Quận Đống Đa, Hà NộiXem bản đồ",7 tỷ - 54 m2
41 m²,4 phòng,4 phòng,Đã có sổ,"Nhà ngõ, hẻm",,,"92,68 triệu/m²",,4,,Nội thất đầy đủ,,ha-noi,GIÁP BÁT - NHÀ LÔ GÓC - 2 MẶT THOÁNG - GẦN OTO - MẶT TIỀN RỘNG - SỔ VU,,"Đường Giáp Bát, Phường Giáp Bát, Quận Hoàng Mai, Hà NộiXem bản đồ","3,8 tỷ - 41 m2"
40 m²,4 phòng,,Đã có sổ,"Nhà ngõ, hẻm",,,"112,5 triệu/m²",,,Nở hậu,,,ha-noi,"Hiếm - Vũ Tông Phan, Thanh Xuân, 20m ra phố, full NT, 40m2, 4,5 tỷ",,"Vũ Tông Phan, Phường Khương Trung, Quận Thanh Xuân, Hà NộiXem bản đồ","4,5 tỷ - 40 m2"
50 m²,6 phòng,4 phòng,Đã có sổ,"Nhà ngõ, hẻm",,,104 triệu/m²,,5,,Nội thất đầy đủ,,ha-noi,"Bán nhà Lê Văn Lương, Thanh Xuân - Sát phố ô tô tránh - lô góc - tiện",,"Lê Văn Lương, Phường Nhân Chính, Quận Thanh Xuân, Hà NộiXem bản đồ","5,2 tỷ - 50 m2"
52 m²,6 phòng,6 phòng,Đã có sổ,"Nhà mặt phố, mặt tiền",,,"240,38 triệu/m²",Tây Nam,7,,,,ha-noi,Bán Nhà Mặt Phố ĐÀM QUANG TRUNG AEON LONG BIÊN - CẦU VĨNH TUY,,"Phố Đàm Quang Trung, Phường Long Biên, Quận Long Biên, Hà NộiXem bản đồ","12,5 tỷ - 52 m2"
30 m²,3 phòng,3 phòng,Đã có sổ,"Nhà ngõ, hẻm",,,90 triệu/m²,Nam,4,,,,ha-noi,"Bán Nhà 4 Tầng Xóm 3 Đông Dư, Đường Ô tô, Kinh Doanh - Chỉ 2.7 Tỷ",,"Đường Bát Khối, Xã Đông Dư, Huyện Gia Lâm, Hà NộiXem bản đồ","2,7 tỷ - 30 m2"
42 m²,5 phòng,,Đã có sổ,"Nhà ngõ, hẻm",,,"104,29 triệu/m²",Tây Bắc,4,,Nội thất đầy đủ,,ha-noi,"Bán Nhà 4T x 42m Ngã Tư Cổ Linh Thạch Bàn, 1 Căn Độc Lập, 3 Mặt Thoáng",,"Thạch Bàn, Phường Thạch Bàn, Quận Long Biên, Hà NộiXem bản đồ","4,38 tỷ - 42 m2"
30 m²,3 phòng,3 phòng,Đã có sổ,"Nhà ngõ, hẻm",,,105 triệu/m²,Tây Nam,4,,,,ha-noi,"Bán Nhà 4 Tầng Thạch Bàn, Dân Xây, Đường 5m, Ô tô Vào Nhà. Giá 3.15 Tỷ",,"Đường Thạch Bàn, Phường Thạch Bàn, Quận Long Biên, Hà NộiXem bản đồ","3,15 tỷ - 30 m2"
54 m²,4 phòng,4 phòng,Đã có sổ,"Nhà ngõ, hẻm",,,"96,3 triệu/m²",,5,,Nội thất đầy đủ,,ha-noi,"Bán nhà Vĩnh Phúc, Ba Đình, 54m2 5 tầng, giá 5.2ty",,"Đường Hoàng Hoa Thám, Phường Vĩnh Phúc, Quận Ba Đình, Hà NộiXem bản đồ","5,2 tỷ - 54 m2"
45 m²,4 phòng,3 phòng,Đã có sổ,"Nhà ngõ, hẻm",,,"144,44 triệu/m²",,6,,Nội thất đầy đủ,,ha-noi,"Bán nhà Lê Trọng Tấn, 45M2 x 6T x 6,5TỶ, LÔ GÓC - 10M OTO TRÁNH",,"Lê Trọng Tấn, Phường Khương Mai, Quận Thanh Xuân, Hà NộiXem bản đồ","6,5 tỷ - 45 m2"
39 m²,4 phòng,3 phòng,Đã có sổ,"Nhà ngõ, hẻm",,,"69,23 triệu/m²",Đông Bắc,4,,,,ha-noi,Nhà gần Tiểuhọc PhúCường-PhúLương/ lô góc~39m2x4Tx4PN/50m ra ôtô tránh,,"Phú Lương, Phường Phú Lương, Quận Hà Đông, Hà NộiXem bản đồ","2,7 tỷ - 39 m2"
43 m²,3 phòng,3 phòng,Đang chờ sổ,"Nhà ngõ, hẻm",,,"74,42 triệu/m²",,4,,Nội thất đầy đủ,,ha-noi,HOÀNG ĐẠO THÀNH - Ô TÔ TRÁNH - VÌA HÈ - LÔ GÓC - 3 PHÒNG NGỦ - AN NINH,,"Hoàng Đạo Thành , Phường Kim Giang, Quận Thanh Xuân, Hà NộiXem bản đồ","3,2 tỷ - 43 m2"
62 m²,8 phòng,,Đã có sổ,"Nhà ngõ, hẻm",,62 m²,"83,87 triệu/m²",,5,,,,ha-noi,NHÀ ĐẸP HOÀNG MAI ! 8 phòng ngủ ( CCMN ) DÒNG TIỀN CHO THUÊ KINH DOAN,,"Đường Hoàng Mai, Phường Hoàng Văn Thụ, Quận Hoàng Mai, Hà NộiXem bản đồ","5,2 tỷ - 62 m2"
35 m²,4 phòng,,Đã có sổ,"Nhà ngõ, hẻm",,,120 triệu/m²,,,,Nội thất đầy đủ,,ha-noi,"BÁN NHÀ RIÊNG HỒ TÙNG MẬU ,GẦN PHỐ, DT 35M2, DÂN XÂY CHẮC CHẮN,",,"hồ tùng mậu, Phường Phúc Diễn, Quận Bắc Từ Liêm, Hà NộiXem bản đồ","4,2 tỷ - 35 m2"
35 m²,4 phòng,,,"Nhà ngõ, hẻm",,,"117,14 triệu/m²",,,,,,ha-noi,"Chỉ 4,1tỷ Có Ngay Nhà Trần Cung DT 35M -5Tầng Gần Bệnh Viện E",,"Đường Trần Cung, Phường Cổ Nhuế 1, Quận Bắc Từ Liêm, Hà NộiXem bản đồ","4,1 tỷ - 35 m2"
39 m²,3 phòng,,,"Nhà ngõ, hẻm",4 m,115 m²,"66,67 triệu/m²",,4,,,10 m,ha-noi,"Bán nhà Bằng Liệt, Hoàng Mai DT 39m/ 4T. Giá 2,6 tỷ/ Lh ***",,"Bằng Liệt, Phường Hoàng Liệt, Quận Hoàng Mai, Hà NộiXem bản đồ","2,6 tỷ - 39 m2"
60 m²,3 phòng,4 phòng,Đã có sổ,"Nhà ngõ, hẻm",,,"116,67 triệu/m²",,,Nở hậu,,,ha-noi,"Cần bán gấp BIỆT THỰ NGUYỄN VĂN CỪ 60m2 x 6 tầng , giá nhỉnh 7 tỷ",,"Đường Nguyễn Văn Cừ, Phường Ngọc Lâm, Quận Long Biên, Hà NộiXem bản đồ",7 tỷ - 60 m2
110 m²,nhiều hơn 10 phòng,Nhiều hơn 6 phòng,Đã có sổ,"Nhà ngõ, hẻm",,,"181,64 triệu/m²",,8,,Nội thất cao cấp,,ha-noi,VŨ TRỌNG PHỤNG. QUAN NHÁN. 8 TẦNG 21 PHÒNG ĐÔI,,"Quan Nhân, Phường Nhân Chính, Quận Thanh Xuân, Hà NộiXem bản đồ","19,98 tỷ - 110 m2"
57 m²,4 phòng,5 phòng,Đã có sổ,"Nhà ngõ, hẻm",,,"171,93 triệu/m²",Tây Nam,5,,,,ha-noi,"nhà ở diện tích 57 m2 tổng 5 phòng nhà mt 4,3m",,"Ngõ 38 Phố Tư Đình, Phường Long Biên, Quận Long Biên, Hà NộiXem bản đồ","9,8 tỷ - 57 m2"
50 m²,4 phòng,,,"Nhà mặt phố, mặt tiền",,50 m²,130 triệu/m²,,4,,,,ha-noi,"Nhỉnh 6 tỷ có ngay nhà Nguyễn An Ninh,50m2,ô tô đõ cửa, nhà đẹp,ở ngay",,"Phố Nguyễn An Ninh, Phường Đồng Tâm, Quận Hai Bà Trưng, Hà NộiXem bản đồ","6,5 tỷ - 50 m2"
32 m²,3 phòng,,,"Nhà ngõ, hẻm",,,"73,44 triệu/m²",,3,,,,ha-noi,Nhà 5 tầng Ngãi Cầu - An Khánh chỉ 2.35 tỷ. Cách đường 72 chỉ 10m,,"Đường Chùa Tổng, Xã An Khánh, Huyện Hoài Đức, Hà NộiXem bản đồ","2,35 tỷ - 32 m2"
48 m²,5 phòng,,Đã có sổ,"Nhà ngõ, hẻm",,48 m²,125 triệu/m²,,4,,,,ha-noi,Chủ nợ ngân hàng bán gấp - Nhà Cầu Giấy - Ô tô đỗ cửa,,"Đường Cầu Giấy, Phường Quan Hoa, Quận Cầu Giấy, Hà NộiXem bản đồ","5,999999999 tỷ - 48 m2"
75 m²,5 phòng,3 phòng,Đã có sổ,"Nhà mặt phố, mặt tiền",,,"133,33 triệu/m²",,5,,Nội thất cao cấp,,ha-noi,NHÀ ĐẸP NGUYỄN SƠN-75m x 5TẦNG THANG MÁY- GARA ÔTÔ- 10.8 tỷ,,"Đường Nguyễn Sơn, Phường Gia Thụy, Quận Long Biên, Hà NộiXem bản đồ",10 tỷ - 75 m2
50 m²,5 phòng,3 phòng,Đã có sổ,"Nhà mặt phố, mặt tiền",,,114 triệu/m²,,5,,Nội thất cao cấp,,ha-noi,"Nhà Thạch Bàn, Cổ Linh Aeon Long Biên 50m2-5T, gara ô tô, 5.7 tỷ",,"Thạch Bàn, Phường Thạch Bàn, Quận Long Biên, Hà NộiXem bản đồ","5,7 tỷ - 50 m2"
48 m²,5 phòng,4 phòng,Đã có sổ,"Nhà ngõ, hẻm",,48 m²,"112,5 triệu/m²",,5,,,,ha-noi,Bán Nhà 48m x 5 Tầng - ĐỘI CẤN - NGÕ NÔNG - 20M Ra Ô Tô Tránh,,"Đội Cấn, Phường Ngọc Hà, Quận Ba Đình, Hà NộiXem bản đồ","5,4 tỷ - 48 m2"
100 m²,4 phòng,,,"Nhà mặt phố, mặt tiền",,,90 triệu/m²,,,,,,ha-noi,"BÁN NHÀ Phố Bồ Đề, Long Biên 100M2,ĐƯỜNG 25M, KINH DOANH, 9 TỶ.",,"Đê Xuân Quan - Long Biên, Phường Long Biên, Quận Long Biên, Hà NộiXem bản đồ",9 tỷ - 100 m2
40 m²,4 phòng,,Đã có sổ,"Nhà ngõ, hẻm",,,"137,5 triệu/m²",,,,,,ha-noi,"Nhà mặt ngõ Hào Nam, ngõ thông kinh doanh 44m2 5.5 tỷ",,"Phố Hào Nam, Phường Ô Chợ Dừa, Quận Đống Đa, Hà NộiXem bản đồ","5,5 tỷ - 40 m2"
55 m²,4 phòng,,,"Nhà ngõ, hẻm",,,"136,36 triệu/m²",,4,,,,ha-noi,"Bán nhà nguyên căn ngõ 35 Cát Linh, ô tô đỗ, cách phố 20m 58m2 7.5 tỷ",,"Phố Cát Linh, Phường Cát Linh, Quận Đống Đa, Hà NộiXem bản đồ","7,5 tỷ - 55 m2"
35 m²,3 phòng,4 phòng,Đã có sổ,"Nhà ngõ, hẻm",,,"121,43 triệu/m²",,5,,Nội thất cao cấp,,ha-noi,4.25 TỶ_ NHÀ MỚI KIM MÃ_ GẦN PHỐ_ NGÕ RỘNG_ DÂN TRÍ CAO_ THOÁNG SÁNG,,"Phố Kim Mã, Phường Kim Mã, Quận Ba Đình, Hà NộiXem bản đồ","4,25 tỷ - 35 m2"
22 m²,3 phòng,,,"Nhà ngõ, hẻm",,,"134,09 triệu/m²",,,,,,ha-noi,Bán nhà lô góc gần phố Đê La Thành Hào Nam.,,"Đê La Thành, Phường Ô Chợ Dừa, Quận Đống Đa, Hà NộiXem bản đồ","2,95 tỷ - 22 m2"
