Diện tích đất:,Số phòng ngủ:,Số phòng vệ sinh:,Giấy tờ pháp lý:,Loại hình nhà ở:,Chiều ngang:,Diện tích sử dụng:,Giá/m2:,Hướng cửa chính:,Tổng số tầng:,Đặc điểm nhà/đất:,Tình trạng nội thất:,Chiều dài:,Location,Name,URL,District,Price
67 m²,4 phòng,,Đang chờ sổ,Nhà phố liền kề,5 m,,"156,72 triệu/m²",,5,,Nội thất cao cấp,,ha-noi,"PHÂN LÔ VỈA HÈ 2 MẶT ĐƯỜNG,THANG MÁY KINH DOANH VẠN PHÚC 67M2,10.5TỶ",,"Phố Nguyễn Thanh Bình, Phường Vạn Phúc, Quận Hà Đông, Hà NộiXem bản đồ","10,5 tỷ - 67 m2"
38 m²,4 phòng,4 phòng,Đã có sổ,"Nhà mặt phố, mặt tiền",,,"167,11 triệu/m²",,5,,Nội thất đầy đủ,,ha-noi,"💥Bán nhà phân lô KD Tân Mai-Hoàng Mai 38m x5T, MT 4.3m .Nhỉnh 6.35tỷ.💕",,"Phố Tân Mai, Phường Tân Mai, Quận Hoàng Mai, Hà NộiXem bản đồ","6,35 tỷ - 38 m2"
200 m²,4 phòng,,Đã có sổ,Nhà biệt thự,8 m,,40 triệu/m²,,,,,25 m,ha-noi,HOT! Biệt thự The Phoenix garden 200m2 hướng Đông Nam,,"Thị Trấn Phùng, Thị trấn Phùng, Huyện Đan Phượng, Hà NộiXem bản đồ",8 tỷ - 200 m2
60 m²,2 phòng,,,Nhà phố liền kề,,,85 triệu/m²,,,,,,ha-noi,BÁN ĐẤT TẶNG NHÀ C4 - Ô TÔ THÔNG - KINH DOANH - 10M RA PHỐ - SỔ VUÔNG,,"Phố Mậu Lương, Phường Kiến Hưng, Quận Hà Đông, Hà NộiXem bản đồ","5,1 tỷ - 60 m2"
80 m²,5 phòng,,Đã có sổ,"Nhà mặt phố, mặt tiền",,,225 triệu/m²,,,,,,ha-noi,BÁN NHÀ CÙ CHÍNH LAN. 80M2. 5 TẦNG. Ô TÔ TRÁNH. Ô CHỜ THANG MÁY,,"Cù chính Lan, Phường Khương Mai, Quận Thanh Xuân, Hà NộiXem bản đồ",18 tỷ - 80 m2
20 m²,3 phòng,,,"Nhà ngõ, hẻm",,,"132,5 triệu/m²",,,,,,ha-noi,TT HÀ ĐÔNG - 10M RA Ô TÔ TRÁNH - NHỎ XINH TẦM TÀI CHÍNH - ĐỦ CÔNG NĂNG,,"An hòa, Phường Mộ Lao, Quận Hà Đông, Hà NộiXem bản đồ","2,65 tỷ - 20 m2"
35 m²,3 phòng,4 phòng,Đã có sổ,"Nhà ngõ, hẻm",,,80 triệu/m²,,5,,Nội thất đầy đủ,,ha-noi,"Bán nhà Thạch Bàn 36m 5T ngõ thông 3gác,trước nhà 3,7m.500m Aeon2,8 tỷ",,"Thạch Bàn, Phường Thạch Bàn, Quận Long Biên, Hà NộiXem bản đồ","2,8 tỷ - 35 m2"
36 m²,3 phòng,4 phòng,Đã có sổ,"Nhà ngõ, hẻm",,,"73,61 triệu/m²",,5,,Nội thất đầy đủ,,ha-noi,"NHỈNH 2 Tỷ CHO CĂN NHÀ,HÀ NỘI.36m 5 tầng GẦN CẦU VĨNH TUY,AEON MALL",,"Ngõ 565 Đường Bát Khối, Phường Cự Khối, Quận Long Biên, Hà NộiXem bản đồ","2,65 tỷ - 36 m2"
41 m²,4 phòng,4 phòng,Đã có sổ,"Nhà ngõ, hẻm",,,"110,98 triệu/m²",,4,,Nội thất đầy đủ,,ha-noi,"🏠 **Bán Nhà Bát Khối 41m dân xây 4 tầng,1 nhà ra oto - Giá 4,55 Tỷ**",,"bát khối, Phường Long Biên, Quận Long Biên, Hà NộiXem bản đồ","4,55 tỷ - 41 m2"
56 m²,4 phòng,4 phòng,,Nhà phố liền kề,,56 m²,"153,57 triệu/m²",,,,,,ha-noi,CẦN BÁN GẤP NHÀ PHÂN LÔ OTO TRÁNH - KĐT NAM LA KHÊ - HÀ ĐÔNG,,"Đường Quang Trung, Phường La Khê, Quận Hà Đông, Hà NộiXem bản đồ","8,6 tỷ - 56 m2"
68 m²,5 phòng,4 phòng,Đã có sổ,Nhà phố liền kề,,,"168,38 triệu/m²",,5,,Nội thất đầy đủ,,ha-noi,"Căn Lk 68m 5 tầng mt4,5m nằm tại vị trí đẹp , an sinh",,"Phố Văn Khê, Phường Phú La, Quận Hà Đông, Hà NộiXem bản đồ","11,45 tỷ - 68 m2"
560 m²,4 phòng,Nhiều hơn 6 phòng,Đã có sổ,"Nhà mặt phố, mặt tiền",,,"535,71 triệu/m²",,11,,Nội thất cao cấp,,ha-noi,BÁN NHÀ MP DỊCH VỌNG HẬU TÒA VP VIP VỈ HÈ ÔTÔ TRÁNH >370 TỶ 560M 11T,,"dịch vọng hậu, Phường Dịch Vọng Hậu, Quận Cầu Giấy, Hà NộiXem bản đồ",300 tỷ - 560 m2
216 m²,6 phòng,Nhiều hơn 6 phòng,Đã có sổ,"Nhà mặt phố, mặt tiền",,,"416,67 triệu/m²",,7,,Nội thất đầy đủ,,ha-noi,MẶT PHỐ BẠCH MAI HAI BÀ TRƯNG VỈ HÈ ÔTÔ KINH DOANG NHỈNH 90TY 216M 7T,,"BẠCH MAI, Phường Bạch Mai, Quận Hai Bà Trưng, Hà NộiXem bản đồ",90 tỷ - 216 m2
112.5 m²,8 phòng,Nhiều hơn 6 phòng,Đã có sổ,"Nhà mặt phố, mặt tiền",,,"533,33 triệu/m²",,8,,Nội thất đầy đủ,,ha-noi,MP DƯƠNG ĐÌNH NGHỆ YÊN HÒA CẦU GIẤY VỈ HÈ ÔTÔ TRÁNH NHỈNH 61TỶ 112M 8T,,"DƯƠNG ĐÌNH NGHỆ, Phường Yên Hoà, Quận Cầu Giấy, Hà NộiXem bản đồ",60 tỷ - 112.5 m2
58 m²,4 phòng,,,"Nhà ngõ, hẻm",,,"93,1 triệu/m²",,,,,,ha-noi,- DÂN XÂY 4 TẦNG - THẠCH BÀN -2 THOÁNG- FULL NỘI THẤT- Ô TÔ CÁCH 15M-,,"Đường Thạch Bàn, Phường Thạch Bàn, Quận Long Biên, Hà NộiXem bản đồ","5,4 tỷ - 58 m2"
35 m²,3 phòng,,,"Nhà ngõ, hẻm",,,"105,71 triệu/m²",,,,,,ha-noi,"HIẾM - KHƯƠNG HẠ - VŨ TÔNG PHAN - 35M2X 5 TẦNG - MT 4,5M - 20M RA Ô TÔ",,"Khương hạ, Phường Khương Đình, Quận Thanh Xuân, Hà NộiXem bản đồ","3,7 tỷ - 35 m2"
44 m²,3 phòng,4 phòng,Đã có sổ,"Nhà ngõ, hẻm",,,"79,55 triệu/m²",,4,,Nội thất đầy đủ,,ha-noi,BÁN NHÀ CẦU DIỄN TỪ LIÊM- 44M- 4 TẦNG- Ô TÔ ĐỖ CỔNG- 3 TỶ NHỈNH,,"Đường Cầu Diễn, Phường Minh Khai, Quận Bắc Từ Liêm, Hà NộiXem bản đồ","3,5 tỷ - 44 m2"
64 m²,4 phòng,,Đã có sổ,"Nhà mặt phố, mặt tiền",,,"129,69 triệu/m²",,,Hẻm xe hơi,Nội thất đầy đủ,,ha-noi,Nhà 5 tầng Khu Đấu Giá - Tái Định Cư Kiếm Hưng Giảm 500 triệu,,"Phố Hoàng Công, Phường Kiến Hưng, Quận Hà Đông, Hà NộiXem bản đồ","8,3 tỷ - 64 m2"
34 m²,3 phòng,3 phòng,Đã có sổ,"Nhà ngõ, hẻm",,,"69,12 triệu/m²",,5,,,,ha-noi,"Bán nhà Hữu Hòa, Thanh Trì. Ô tô chạy cách nhà 35m. Nhà đẹp",,"Hữu Hòa, Xã Hữu Hoà, Huyện Thanh Trì, Hà NộiXem bản đồ","2,35 tỷ - 34 m2"
40 m²,2 phòng,,Đã có sổ,"Nhà ngõ, hẻm",,,"46,25 triệu/m²",,3,,Nhà trống,,ha-noi,"Bán nhà tả Thanh Oai, Thanh Trì. DT 40m2, 3 tầng, ô tô chạy gần nhà",,"Tả thanh Oai, Xã Tả Thanh Oai, Huyện Thanh Trì, Hà NộiXem bản đồ","1,85 tỷ - 40 m2"
250 m²,9 phòng,5 phòng,Đã có sổ,Nhà biệt thự,,,46 triệu/m²,Nam,4,,,,ha-noi,"CHÍNH CHỦ BÁN BIỆT THỰ PHỐ VÕNG LA, ĐÔNG ANH. GIÁ RẺ",,"Liên Xã, Xã Võng La, Huyện Đông Anh, Hà NộiXem bản đồ","11,5 tỷ - 250 m2"
38 m²,4 phòng,,Đã có sổ,"Nhà ngõ, hẻm",,,"69,74 triệu/m²",,,,,,ha-noi,Bán nhà ở Yên Ngưu Huỳnh Cung Tam Hiệp Thanh Trì,,"Yên Ngưu, Xã Tam Hiệp, Huyện Thanh Trì, Hà NộiXem bản đồ","2,65 tỷ - 38 m2"
45 m²,3 phòng,4 phòng,Đã có sổ,"Nhà ngõ, hẻm",,,"91,11 triệu/m²",,5,,Nội thất đầy đủ,,ha-noi,🏡 **Bán Nhà 5 Tầng Tại Thạch Bàn - 45m - Oto Qua Nhà - Aeon-Giá 4.1 Tỷ,,"Đường Cổ Linh, Phường Thạch Bàn, Quận Long Biên, Hà NộiXem bản đồ","4,1 tỷ - 45 m2"
36 m²,3 phòng,3 phòng,Đã có sổ,"Nhà ngõ, hẻm",,,"63,61 triệu/m²",,5,,,,ha-noi,"Bán nhà giá Cực rẻ luôn ở sát cầu Hữu Hòa, Thanh Trì. 5 tầng. Ở luôn",,"Đường Hữu Hòa, Xã Hữu Hoà, Huyện Thanh Trì, Hà NộiXem bản đồ","2,29 tỷ - 36 m2"
45 m²,4 phòng,,Đã có sổ,"Nhà mặt phố, mặt tiền",80 m,,140 triệu/m²,,4,,Nội thất cao cấp,,ha-noi,"Bán nhà Hoàng Như Tiếp- Long Biên 45mx4, giá 6,3 tỷ. Ô tô, kd, dân xây",,"Hoàng Như Tiếp, Phường Bồ Đề, Quận Long Biên, Hà NộiXem bản đồ","6,3 tỷ - 45 m2"
30 m²,3 phòng,4 phòng,,"Nhà ngõ, hẻm",,150 m²,"101,67 triệu/m²",,,Hẻm xe hơi,,,ha-noi,"Bán nhà 5 tầng thiết kế đẹp, Phúc Đồng Long Biên",,"Phúc Đồng, Phường Phúc Đồng, Quận Long Biên, Hà NộiXem bản đồ","3,05 tỷ - 30 m2"
55 m²,5 phòng,3 phòng,Đã có sổ,"Nhà ngõ, hẻm",,,"92,36 triệu/m²",,4,,Nội thất cao cấp,,ha-noi,Chính chủ tôi bán nhà VŨ TRỌNG PHỤNG - NGUYỄN TRÃI 55m2 4T ngõ 3 gác,,"Vũ Trọng Phụng, Phường Nhân Chính, Quận Thanh Xuân, Hà NộiXem bản đồ","5,08 tỷ - 55 m2"
62 m²,6 phòng,5 phòng,Đã có sổ,"Nhà mặt phố, mặt tiền",,,"154,84 triệu/m²",,6,,Nội thất cao cấp,,ha-noi,Tôi cần bán LK phố MINH KHAI 62m2 THANG MÁY ôTô tránh vỉa hè căn góc,,"Minh Khai, Phường Minh Khai, Quận Hai Bà Trưng, Hà NộiXem bản đồ","9,6 tỷ - 62 m2"
15 m²,4 phòng,4 phòng,Đã có sổ,"Nhà ngõ, hẻm",,,126 triệu/m²,,6,,Nội thất cao cấp,,ha-noi,Tôi cần bán nhà phố Phân Lô Phố CÁT LINH 6 tầng cách 12m ra phố SĐCC,,"undefined, Phường Cát Linh, Quận Đống Đa, Hà NộiXem bản đồ","1,89 tỷ - 15 m2"
64 m²,5 phòng,5 phòng,Đã có sổ,"Nhà mặt phố, mặt tiền",,,"148,44 triệu/m²",,6,,Nội thất cao cấp,,ha-noi,Tôi cần bán LK phố DƯƠNG VĂN BÉ THANG MÁY ôTô tránh vỉa hè lô góc 6T,,"Dương Văn Bé, Phường Vĩnh Tuy, Quận Hai Bà Trưng, Hà NộiXem bản đồ","9,5 tỷ - 64 m2"
56 m²,4 phòng,6 phòng,Đã có sổ,"Nhà mặt phố, mặt tiền",,,"282,14 triệu/m²",Tây Nam,7,,,,ha-noi,Kim Giang 56m2- 7T thang máy- Lô góc 2 thoáng- ô tô tránh- KD đỉnh,,"Kim Giang, Xã Thanh Liệt, Huyện Thanh Trì, Hà NộiXem bản đồ","15,8 tỷ - 56 m2"
16 m²,3 phòng,2 phòng,Đã có sổ,"Nhà ngõ, hẻm",,,"98,69 triệu/m²",,4,,Nội thất đầy đủ,,ha-noi,Gia Đình cần bán nhà LA THÀNH 4T 60m ra phố 100m ra hồ 16m2 sổ riêng,,"La Thành, Phường Ô Chợ Dừa, Quận Đống Đa, Hà NộiXem bản đồ","1,579 tỷ - 16 m2"
39 m²,2 phòng,,,"Nhà ngõ, hẻm",,39 m²,"110,26 triệu/m²",,,,,,ha-noi,Bán nhà gần Trung Phụng - Công năng đầy đủ - trung tâm quận,,"Lệnh Cư, Phường Quốc Tử Giám, Quận Đống Đa, Hà NộiXem bản đồ","4,3 tỷ - 39 m2"
50 m²,1 phòng,,Đã có sổ,"Nhà ngõ, hẻm",,,80 triệu/m²,,1,,Nội thất đầy đủ,,ha-noi,"Cần bán nhà Cổ Nhuế ngõ thông kd ô tô qua DT 50m², MT 5.5m. Nhỉnh 4 tỷ",,"Cổ Nhuế, Phường Cổ Nhuế 2, Quận Bắc Từ Liêm, Hà NộiXem bản đồ",4 tỷ - 50 m2
35 m²,4 phòng,5 phòng,Đã có sổ,"Nhà mặt phố, mặt tiền",,,"208,29 triệu/m²",,6,,Nội thất cao cấp,,ha-noi,THÁI THỊNH. LÁNG HẠ. CẠNH RẠP CHIẾU PHIM QUỐC GIA,,"Thái Thịnh, Phường Láng Hạ, Quận Đống Đa, Hà NộiXem bản đồ","7,29 tỷ - 35 m2"
38 m²,4 phòng,,,"Nhà ngõ, hẻm",,38 m²,"107,89 triệu/m²",,,,,,ha-noi,"Đại Hạ Giá! Khương Đình, sát phố, kd, ô tô 50m, 38m2*5T, nhỉnh 4 tỷ",,"Khương Đình, Phường Khương Đình, Quận Thanh Xuân, Hà NộiXem bản đồ","4,1 tỷ - 38 m2"
41 m²,4 phòng,,,"Nhà ngõ, hẻm",,41 m²,"114,88 triệu/m²",,,,,,ha-noi,"Nhanh chân còn kịp! Nhà Xã Đàn, 38m2, 5T, Thông, Thoáng, 20m ra phố",,"Xã Đàn, Phường Ô Chợ Dừa, Quận Đống Đa, Hà NộiXem bản đồ","4,71 tỷ - 41 m2"
42 m²,4 phòng,,,"Nhà ngõ, hẻm",,42 m²,"103,57 triệu/m²",,,,,,ha-noi,Bắt đáy_Bùi Xương Trạch_Lô Góc_KD_42m2*5T_Giá sốc nhỉnh 4 tỷ,,"Bùi Xương Trạch, Phường Khương Trung, Quận Thanh Xuân, Hà NộiXem bản đồ","4,35 tỷ - 42 m2"
40 m²,3 phòng,,,"Nhà ngõ, hẻm",,40 m²,"108,75 triệu/m²",,,,,,ha-noi,"Đại Hạ Giá! Khương Đình, sát phố, 30m ra phố, trung tâm , 40m2*5T",,"Khương Đình, Phường Khương Đình, Quận Thanh Xuân, Hà NộiXem bản đồ","4,35 tỷ - 40 m2"
33 m²,3 phòng,2 phòng,Đã có sổ,"Nhà ngõ, hẻm",,,"66,67 triệu/m²",Đông Nam,3,,,,ha-noi,CHÍNH CHỦ BÁN NHÀ,,"Ngõ 19, Vườn Gai, Xã Di Trạch, Huyện Hoài Đức, Hà NộiXem bản đồ","2,2 tỷ - 33 m2"
40 m²,3 phòng,,,"Nhà ngõ, hẻm",,40 m²,"108,75 triệu/m²",,,,,,ha-noi,"Đại Hạ Giá! Khương Đình, sát phố, 30m ra phố, trung tâm , 40m2*5T",,"Khương Đình, Phường Khương Đình, Quận Thanh Xuân, Hà NộiXem bản đồ","4,35 tỷ - 40 m2"
33 m²,3 phòng,2 phòng,Đã có sổ,"Nhà ngõ, hẻm",,,"66,67 triệu/m²",Đông Nam,3,,,,ha-noi,CHÍNH CHỦ BÁN NHÀ,,"Ngõ 19, Vườn Gai, Xã Di Trạch, Huyện Hoài Đức, Hà NộiXem bản đồ","2,2 tỷ - 33 m2"
34 m²,3 phòng,3 phòng,Đã có sổ,"Nhà ngõ, hẻm",,,"114,71 triệu/m²",,5,,Nhà trống,,ha-noi,BÁN NHÀ ĐẠI LA 34M /5 TẦNG / 30M RA PHỐ / 3.9 TỶ,,"ĐẠI LA, Phường Minh Khai, Quận Hai Bà Trưng, Hà NộiXem bản đồ","3,9 tỷ - 34 m2"
35 m²,4 phòng,5 phòng,Đã có sổ,"Nhà ngõ, hẻm",,,"94,29 triệu/m²",,5,,Nội thất đầy đủ,,ha-noi,Chỉ Nhỉnh 3Tỷ Có Ngay Nhà Lai Xá DT35m -5Tầng ful Nội Thất Cơ bản,,"lai xá, Xã Kim Chung, Huyện Hoài Đức, Hà NộiXem bản đồ","3,3 tỷ - 35 m2"
35 m²,3 phòng,4 phòng,Đã có sổ,"Nhà ngõ, hẻm",,,"67,14 triệu/m²",,5,,Nội thất đầy đủ,,ha-noi,2.35 tỷ nhà Liên Mạc-35m2-5 tầng-oto đỗ cổng-ngõ thông-nội thất,,"Liên Mạc, Phường Liên Mạc, Quận Bắc Từ Liêm, Hà NộiXem bản đồ","2,35 tỷ - 35 m2"
55 m²,2 phòng,,Đã có sổ,"Nhà mặt phố, mặt tiền",,,100 triệu/m²,,,"Hẻm xe hơi,Nở hậu",Nhà trống,,ha-noi,Ngô Quyền-Ngô Thì Nhậm ô tô vào- 50m- giá nhỉnh 5 tỷ.,,"Ngõ 8 Ngô Quyền, Phường La Khê, Quận Hà Đông, Hà NộiXem bản đồ","5,5 tỷ - 55 m2"
40 m²,4 phòng,3 phòng,,"Nhà ngõ, hẻm",3.7999 m,,"108,75 triệu/m²",,4,,,15.7897 m,ha-noi,BÁN NHÀ RIÊNG TẠI NGÕ 147 PHỐ PHÚ ĐÔ QUẬN NAM TỪ LIÊM,,"phú đô, Phường Phú Đô, Quận Nam Từ Liêm, Hà NộiXem bản đồ","4,35 tỷ - 40 m2"
135 m²,5 phòng,,Đã có sổ,Nhà biệt thự,,,"116,3 triệu/m²",,4,"Hẻm xe hơi,Nở hậu",Nội thất đầy đủ,,ha-noi,KĐT Văn Quán- lô góc 135m- 4 tầng- nhà đẹp- nhỉnh 15 tỷ.,,"undefined, Phường Văn Quán, Quận Hà Đông, Hà NộiXem bản đồ","15,7 tỷ - 135 m2"
45 m²,3 phòng,3 phòng,,"Nhà mặt phố, mặt tiền",5 m,,"177,78 triệu/m²",,,"Hẻm xe hơi,Nở hậu",Nhà trống,,ha-noi,Mặt phố kinh doanh Triều Khúc- 45m- mt 5m- Giá 8 tỷ có lùi.,,"Triều Khúc., Phường Thanh Xuân Nam, Quận Thanh Xuân, Hà NộiXem bản đồ","7,999999999 tỷ - 45 m2"
60 m²,5 phòng,5 phòng,Đã có sổ,"Nhà mặt phố, mặt tiền",4 m,,"213,33 triệu/m²",,,,Nội thất đầy đủ,,ha-noi,Phố Chiến Thắng- Văn Quán- 60m- 2 đường- kinh doanh. Giá nhỉnh 12 tỷ.,,"undefined, Phường Văn Quán, Quận Hà Đông, Hà NộiXem bản đồ","12,8 tỷ - 60 m2"
95 m²,5 phòng,5 phòng,Đã có sổ,Nhà phố liền kề,7 m,,"153,68 triệu/m²",,,,Nội thất cao cấp,,ha-noi,Nguyễn Văn Lộc- Làng VKCA 90m-Mt 5m- 4T- ở và kinh doanh- nhỉnh 15 tỷ.,,"Phố Nguyễn Văn Lộc, Phường Mộ Lao, Quận Hà Đông, Hà NộiXem bản đồ","14,6 tỷ - 95 m2"
60 m²,5 phòng,,Đã có sổ,Nhà phố liền kề,5 m,,"133,33 triệu/m²",,5,,Nội thất cao cấp,,ha-noi,"Giảm 1Tỷ Bán gấp LK Nhà Vườn Hải Âu KĐT Mới Cầu Bươu 60 m2, 5 Tầng..",,"KĐT Cầu Bươu, Xã Tân Triều, Huyện Thanh Trì, Hà NộiXem bản đồ",8 tỷ - 60 m2
48 m²,6 phòng,5 phòng,,Nhà phố liền kề,4 m,,"170,83 triệu/m²",,,"Hẻm xe hơi,Nở hậu",Nội thất cao cấp,,ha-noi,"Phân lô Nguyễn Quý Đức- 46m- 5 tầng- ở sướng, VP - giá nhỉnh 8 tỷ.",,"Nguyễn Quý Đức, Phường Thanh Xuân Bắc, Quận Thanh Xuân, Hà NộiXem bản đồ","8,2 tỷ - 48 m2"
52 m²,5 phòng,5 phòng,Đã có sổ,"Nhà mặt phố, mặt tiền",,,"140,38 triệu/m²",,4,,Nội thất đầy đủ,,ha-noi,"Bán nhà riêng kinh doanh Mỗ Lao, 2 thoáng, ô tô đỗ cửa, 50m, 7tỷ hơn.",,"Vũ Trọng Khánh, Phường Mộ Lao, Quận Hà Đông, Hà NộiXem bản đồ","7,3 tỷ - 52 m2"
48 m²,2 phòng,,Đã có sổ,"Nhà mặt phố, mặt tiền",,50 m²,"148,96 triệu/m²",,,"Hẻm xe hơi,Nở hậu",Nhà trống,,ha-noi,Mặt chợ kinh doanh Mỗ Lao- gần 50m- kinh doanh bất chấp- giá hơn 7 tỷ.,,"Đường 18M, Phường Mộ Lao, Quận Hà Đông, Hà NộiXem bản đồ","7,15 tỷ - 48 m2"
66 m²,6 phòng,6 phòng,Đã có sổ,"Nhà mặt phố, mặt tiền",3.6 m,,"98,48 triệu/m²",,6,,,,ha-noi,"Phùng Khoang, 6 tầng- 55m- mt 3.6m, 2 mặt ngõ thông- Giá 6 tỷ 5.",,"Phùng Khoang, Phường Trung Văn, Quận Nam Từ Liêm, Hà NộiXem bản đồ","6,5 tỷ - 66 m2"
55 m²,6 phòng,,Đã có sổ,"Nhà mặt phố, mặt tiền",,77 m²,"472,73 triệu/m²",,6,,Nội thất cao cấp,,ha-noi,Em hoa hậu mặt phố- Chân em dài miên man- Gọi em Nguyễn Văn Lộc.,,"Phố Nguyễn Văn Lộc, Phường Mộ Lao, Quận Hà Đông, Hà NộiXem bản đồ",26 tỷ - 55 m2
50 m²,5 phòng,,,"Nhà mặt phố, mặt tiền",,,"177,76 triệu/m²",,5,"Hẻm xe hơi,Nở hậu",Nội thất cao cấp,,ha-noi,Bán nhà phân lô  La Khê tên gọi. Sát chân tàu điện.Diện tích 50.,,"Đường Quang Trung, Phường Quang Trung, Quận Hà Đông, Hà NộiXem bản đồ","8,888 tỷ - 50 m2"
46 m²,5 phòng,,Đã có sổ,"Nhà mặt phố, mặt tiền",3.6 m,,"178,26 triệu/m²",,,,Nội thất đầy đủ,14 m,ha-noi,"Nhà 5 tầng mặt phố Đại An, 2 mặt thoáng, DT tầng 2 là 46m2. Giá 8 tỷ",,"Phố Đại An, Phường Văn Quán, Quận Hà Đông, Hà NộiXem bản đồ","8,2 tỷ - 46 m2"
32 m²,3 phòng,3 phòng,Đã có sổ,"Nhà ngõ, hẻm",,,"95,31 triệu/m²",,4,,Nội thất cao cấp,,ha-noi,Bán nhà vĩnh hưng - đại đồng 32m/ 4 tầng / mt : 4 2m / 3.05 tỷ,,"vĩnh hưng - đại đồng, Phường Vĩnh Hưng, Quận Hoàng Mai, Hà NộiXem bản đồ","3,05 tỷ - 32 m2"
46 m²,5 phòng,,Đã có sổ,"Nhà mặt phố, mặt tiền",3.6 m,,"178,26 triệu/m²",,,,Nội thất đầy đủ,14 m,ha-noi,"Nhà 5 tầng mặt phố Đại An, 2 mặt thoáng, DT tầng 2 là 46m2. Giá 8 tỷ",,"Phố Đại An, Phường Văn Quán, Quận Hà Đông, Hà NộiXem bản đồ","8,2 tỷ - 46 m2"
32 m²,3 phòng,3 phòng,Đã có sổ,"Nhà ngõ, hẻm",,,"95,31 triệu/m²",,4,,Nội thất cao cấp,,ha-noi,Bán nhà vĩnh hưng - đại đồng 32m/ 4 tầng / mt : 4 2m / 3.05 tỷ,,"vĩnh hưng - đại đồng, Phường Vĩnh Hưng, Quận Hoàng Mai, Hà NộiXem bản đồ","3,05 tỷ - 32 m2"
37 m²,6 phòng,6 phòng,Đã có sổ,"Nhà ngõ, hẻm",,,"210,81 triệu/m²",,7,,Nội thất đầy đủ,,ha-noi,Bán nhà Vương Thừa Vũ 37m2 nhà mới đường oto lô góc thang máy 7.8 tỷ,,"Vương Thừa Vũ, Phường Khương Trung, Quận Thanh Xuân, Hà NộiXem bản đồ","7,8 tỷ - 37 m2"
50 m²,4 phòng,4 phòng,Đã có sổ,"Nhà ngõ, hẻm",,,118 triệu/m²,,5,,Nội thất đầy đủ,,ha-noi,Bán nhà Kim Mã 50m2 nhà đẹp ở ngay ngõ to mặt tiền rộng 5.9 tỷ,,"Phố Kim Mã, Phường Kim Mã, Quận Ba Đình, Hà NộiXem bản đồ","5,9 tỷ - 50 m2"
80 m²,3 phòng,3 phòng,Đã có sổ,"Nhà ngõ, hẻm",,,"112,5 triệu/m²",,5,,Nội thất cao cấp,,ha-noi,"Tây Hồ Lô Góc Oto Vào Nhà Thang Máy Xịn Nội Thất VIP 80mx 5 MT5,4m 9Tỷ",,"An Dương Vương, Phường Phú Thượng, Quận Tây Hồ, Hà NộiXem bản đồ",9 tỷ - 80 m2
50 m²,6 phòng,Nhiều hơn 6 phòng,Đã có sổ,"Nhà ngõ, hẻm",,,107 triệu/m²,,5,,Nhà trống,,ha-noi,Bán gấp nhà đẹp mới cách 1 nhà ra mặt phố Minh Khai - Gần Time City,,"Phố Minh Khai, Phường Thanh Lương, Quận Hai Bà Trưng, Hà NộiXem bản đồ","5,35 tỷ - 50 m2"
41 m²,5 phòng,5 phòng,Đã có sổ,"Nhà ngõ, hẻm",,,"113,41 triệu/m²",,6,,Nhà trống,,ha-noi,"Độc hiếm! Lô góc Thái Thịnh, 5m ra oto, ngõ thông, mới toanh 41m2*6T",,"Ngõ Thịnh Quang, Phường Thịnh Quang, Quận Đống Đa, Hà NộiXem bản đồ","4,65 tỷ - 41 m2"
65 m²,10 phòng,,Đã có sổ,"Nhà ngõ, hẻm",,,"146,15 triệu/m²",,,Nở hậu,,,ha-noi,"CHDV đường Láng, DĐ, 65m 6T thang máy, MT5m, 9,5 tỷ,full NT, dòng tiền",,"Phố láng, Phường Láng Hạ, Quận Đống Đa, Hà NộiXem bản đồ","9,5 tỷ - 65 m2"
92 m²,3 phòng,2 phòng,Đã có sổ,"Nhà ngõ, hẻm",,,"83,7 triệu/m²",,2,,Nhà trống,,ha-noi,🔥Cần bán nhà mặt ngõ (ngõ to hơn phố) Thanh Am 92m²,,"190/5 Thanh Am, Phố Thanh Am, Phường Thượng Thanh, Quận Long Biên, Hà NộiXem bản đồ","7,7 tỷ - 92 m2"
32 m²,3 phòng,3 phòng,Đã có sổ,"Nhà ngõ, hẻm",,,"120,63 triệu/m²",,4,,Nội thất đầy đủ,,ha-noi,SIÊU PHẨM - Mặt Ngõ Thông - KINH DOANH - Gần Phố #HỒNG_MAi,,"Hồng Mai, Phường Tân Mai, Quận Hoàng Mai, Hà NộiXem bản đồ","3,86 tỷ - 32 m2"
31 m²,3 phòng,3 phòng,Đã có sổ,"Nhà ngõ, hẻm",,,"160,97 triệu/m²",,5,,Nội thất đầy đủ,,ha-noi,"Nhà mới đón Tết ! Phương mai - vài bước ra hồ , ngõ thông 31m*5T . Ful",,"Phố Phương Mai, Phường Kim Liên, Quận Đống Đa, Hà NộiXem bản đồ","4,99 tỷ - 31 m2"
44 m²,5 phòng,4 phòng,Đã có sổ,"Nhà ngõ, hẻm",,,125 triệu/m²,,4,,Nội thất đầy đủ,,ha-noi,"Hàng Đẹp đón Tết ! Thái Hà - Trung liệt . Ô tô gần, ở luôn 44m*5T",,"Phố Trung Liệt, Phường Trung Liệt, Quận Đống Đa, Hà NộiXem bản đồ","5,5 tỷ - 44 m2"
47 m²,4 phòng,4 phòng,Đã có sổ,Nhà phố liền kề,,,"120,21 triệu/m²",,4,,Nhà trống,,ha-noi,Nhanh chân còn kịp ! Thái Thịnh Nhà mới 47m*4T giá sốc nhỉnh 5,,"Phố Thái Thịnh, Phường Trung Liệt, Quận Đống Đa, Hà NộiXem bản đồ","5,65 tỷ - 47 m2"
38 m²,6 phòng,4 phòng,Đã có sổ,"Nhà ngõ, hẻm",,,"121,05 triệu/m²",,5,,Nhà trống,,ha-noi,"Hàng hiếm-rẻ ! Chùa Láng ngõ rộng thoáng , gần oto, ở và kinh doanh 38",,"Phố Chùa Láng, Phường Láng Thượng, Quận Đống Đa, Hà NộiXem bản đồ","4,6 tỷ - 38 m2"
38 m²,4 phòng,3 phòng,Đã có sổ,"Nhà ngõ, hẻm",,,105 triệu/m²,,4,,Nội thất đầy đủ,,ha-noi,Tin được không ? Khương Thượng - Trường Chinh . Ngõ rộng 3gac đua 41m*,,"Phố Khương Thượng, Phường Khương Thượng, Quận Đống Đa, Hà NộiXem bản đồ","3,99 tỷ - 38 m2"
32 m²,4 phòng,3 phòng,Đã có sổ,Nhà phố liền kề,,,"171,88 triệu/m²",,6,,Nội thất đầy đủ,,ha-noi,"Hàng Hiếm ! Phương Mai , phân lô hiếm- ở ngay , sát oto 32m*6T",,"Phố Phương Mai, Phường Phương Mai, Quận Đống Đa, Hà NộiXem bản đồ","5,5 tỷ - 32 m2"
39 m²,4 phòng,,,"Nhà ngõ, hẻm",,,"74,36 triệu/m²",,,,,,ha-noi,BÁN NHÀ CỔ NHUẾ 39M,,"Cổ nhuế, Phường Cổ Nhuế 1, Quận Bắc Từ Liêm, Hà NộiXem bản đồ","2,9 tỷ - 39 m2"
50 m²,3 phòng,3 phòng,Đã có sổ,"Nhà ngõ, hẻm",,,138 triệu/m²,,4,,Nội thất cao cấp,,ha-noi,Phố Cực hiếm nhà bán -Nhà Phân lô - Một bước ra Phố TƯƠNG MAI HBT,,"tương mai, Phường Đồng Tâm, Quận Hai Bà Trưng, Hà NộiXem bản đồ","6,9 tỷ - 50 m2"
55 m²,3 phòng,5 phòng,Đã có sổ,"Nhà mặt phố, mặt tiền",,,"281,82 triệu/m²",,6,,Nội thất cao cấp,,ha-noi,Hoàng Sâm - Cầu Giấy - 55m2 x 6 Tầng Thang máy - vỉa hè KD - 15.5 tỷ,,"Hoàng Sâm, Phường Nghĩa Đô, Quận Cầu Giấy, Hà NộiXem bản đồ","15,5 tỷ - 55 m2"
30 m²,3 phòng,3 phòng,Đã có sổ,"Nhà ngõ, hẻm",,,"93,33 triệu/m²",,4,,,,ha-noi,- VĨNH HƯNG - HÀNG XÓM TIME CITY 30M - 4TẤNG - 3 PHÒNG NGỦ CHỈ 2.8TỶ,,"Vĩnh Hưng, Phường Vĩnh Hưng, Quận Hoàng Mai, Hà NộiXem bản đồ","2,8 tỷ - 30 m2"
30 m²,3 phòng,3 phòng,Đã có sổ,"Nhà ngõ, hẻm",,,"93,33 triệu/m²",,4,,,,ha-noi,- VĨNH HƯNG - HÀNG XÓM TIME CITY 30M - 4TẤNG - 3 PHÒNG NGỦ CHỈ 2.8TỶ,,"Vĩnh Hưng, Phường Vĩnh Hưng, Quận Hoàng Mai, Hà NộiXem bản đồ","2,8 tỷ - 30 m2"
30 m²,3 phòng,,,"Nhà ngõ, hẻm",,,"106,67 triệu/m²",,,,,,ha-noi,🔥CẦN BÁN GẤP NHÀ THƯỢNG THANH - LONG BIÊN - TẶNG NỘI THẤT XỊN,,"Thượng thanh, Phường Thượng Thanh, Quận Long Biên, Hà NộiXem bản đồ","3,2 tỷ - 30 m2"
33 m²,4 phòng,3 phòng,Đã có sổ,"Nhà ngõ, hẻm",,150 m²,"139,39 triệu/m²",,5,,,,ha-noi,VƯƠNG THỪA VŨ THANH XUÂN 🔥._ÔTÔ 5 TẠ QUA NHÀ 10M RA ĐỖ NGÀY ĐÊM,,"VƯƠNG THỪA VŨ, Phường Khương Trung, Quận Thanh Xuân, Hà NộiXem bản đồ","4,6 tỷ - 33 m2"
61 m²,nhiều hơn 10 phòng,Nhiều hơn 6 phòng,,"Nhà ngõ, hẻm",,,"190,16 triệu/m²",,,,,,ha-noi,"Tòa 7 tầng chung cư dòng tiền 90tr tháng Ngõ Gốc Đề, đủ gpxd pccc",,"Ngõ Gốc Đề, Phường Minh Khai, Quận Hai Bà Trưng, Hà NộiXem bản đồ","11,6 tỷ - 61 m2"
60 m²,6 phòng,5 phòng,Đã có sổ,Nhà phố liền kề,,,"224,17 triệu/m²",,6,,Nội thất đầy đủ,,ha-noi,"Đấu Giá Mậu Lương 60m mt5m 6tầng thang máy sát sân bóng,ở sướng kd tốt",,"Phố Mậu Lương, Phường Kiến Hưng, Quận Hà Đông, Hà NộiXem bản đồ","13,45 tỷ - 60 m2"
44 m²,3 phòng,,Đã có sổ,"Nhà ngõ, hẻm",6 m,,"84,09 triệu/m²",,,,Nhà trống,8 m,ha-noi,"Nhà Đại La , giảm chào 200tr , 44m2 , mt 6,1m , 3,7 tỷ , khu VIP",,"Phố Đại La, Phường Đồng Tâm, Quận Hai Bà Trưng, Hà NộiXem bản đồ","3,7 tỷ - 44 m2"
50 m²,4 phòng,5 phòng,Đã có sổ,"Nhà ngõ, hẻm",,,110 triệu/m²,,5,,Nội thất cao cấp,,ha-noi,Bán nhà Hoàng Hoa Thám 50m2 Chỉ 5.5 tỷ Ba Đình,,"Hoàng Hoa Thám, Phường Đội Cấn, Quận Ba Đình, Hà NộiXem bản đồ","5,5 tỷ - 50 m2"
30.1 m²,4 phòng,4 phòng,,"Nhà mặt phố, mặt tiền",,36 m²,"292,36 triệu/m²",,4,,,,ha-noi,Nhà mặt phố kinh doanh 31m2 4 tầng Trần Phú măt tiền rộng,,"Đường Trần Phú, Phường Văn Quán, Quận Hà Đông, Hà NộiXem bản đồ","8,8 tỷ - 30.1 m2"
70 m²,4 phòng,,Đã có sổ,Nhà phố liền kề,,330 m²,"157,14 triệu/m²",,5,,,,ha-noi,"Nhà LK khu ĐT Văn Quán, Phân lô, Ô tô, vỉa hè rộng 70m2x5T, giá 11tỷ",,"Nguyễn Khuyến, Phường Văn Quán, Quận Hà Đông, Hà NộiXem bản đồ",11 tỷ - 70 m2
60 m²,nhiều hơn 10 phòng,Nhiều hơn 6 phòng,Đã có sổ,"Nhà ngõ, hẻm",7.6999 m,,"196,67 triệu/m²",,,,,7.8 m,ha-noi,"GIẢM 1 TỶ! Phố Vũ Tông Phan, CCMN, dòng tiền đỉnh, ô tô, 60m*7T giá",,"Vũ Tông Phan, Phường Khương Đình, Quận Thanh Xuân, Hà NộiXem bản đồ","11,8 tỷ - 60 m2"
90 m²,5 phòng,Nhiều hơn 6 phòng,Đã có sổ,"Nhà ngõ, hẻm",,,"327,78 triệu/m²",,9,,Nội thất cao cấp,,ha-noi,"Bán nhà đẹp mặt ngõ phố Giải Phóng – Hà Kế Tấn, DT 90 m2 x 9 tầng",,"Ngõ 192 Đường Giải Phóng, Phường Phương Liệt, Quận Thanh Xuân, Hà NộiXem bản đồ","29,5 tỷ - 90 m2"
33 m²,3 phòng,4 phòng,Đã có sổ,"Nhà ngõ, hẻm",,,"116,67 triệu/m²",,5,,Nội thất cao cấp,,ha-noi,"Bán nhà phô Bà Triệu, 33m*5 tầng, sát Ô Tô, Full NT có hơn 3 tỷ",,"Bà Triệu, Phường Hà Cầu, Quận Hà Đông, Hà NộiXem bản đồ","3,85 tỷ - 33 m2"
62 m²,2 phòng,,Đã có sổ,"Nhà ngõ, hẻm",4 m,,"153,23 triệu/m²",,1,,,,ha-noi,"MẶT NGÕ Ô TÔ TRÁNH, VỈA HÈ, KINH DOANH, PHÚ DIỄN 62M2, MT 4M, 9.5 TỶ.",,"Đường Phú Diễn, Phường Phú Diễn, Quận Bắc Từ Liêm, Hà NộiXem bản đồ","9,5 tỷ - 62 m2"
33 m²,3 phòng,,,"Nhà ngõ, hẻm",,,"140,91 triệu/m²",,,,,,ha-noi,🍀💥NHÀ ĐẸP NHẤT PHỐ NGUYỄN VĂN CỪ - NGÕ NÔNG RỘNG - GẦN Ô TÔ,,"Nguyễn văn cừ, Phường Ngọc Lâm, Quận Long Biên, Hà NộiXem bản đồ","4,65 tỷ - 33 m2"
49 m²,4 phòng,4 phòng,Đã có sổ,"Nhà ngõ, hẻm",,,"80,61 triệu/m²",,4,,Nội thất cao cấp,,ha-noi,"BÁN NHÀ PHỐ MINH KHAI, NGÕ GỐC ĐỀ 49M X 4 TẦNG 4 NGỦ RỘNG, NHÀ MỚI",,"Ngõ Gốc Đề, Phường Minh Khai, Quận Hai Bà Trưng, Hà NộiXem bản đồ","3,95 tỷ - 49 m2"
33 m²,4 phòng,4 phòng,Đã có sổ,"Nhà ngõ, hẻm",,,"71,21 triệu/m²",Tây Bắc,5,,,,ha-noi,"Nhà 2.35 tỷ đường Thanh Lãm- Phú Lãm, 5 tầng (33m2) gần BX yên Nghĩa",,"Đường cao tốc vành đai 4, Phường Phú Lãm, Quận Hà Đông, Hà NộiXem bản đồ","2,35 tỷ - 33 m2"
33 m²,4 phòng,5 phòng,Đã có sổ,"Nhà ngõ, hẻm",,,"221,21 triệu/m²",,6,,Nội thất đầy đủ,,ha-noi,"Thái Hà ô tô tránh, lô góc. Vỉ hè. 6tầng Thông số đẹp. Giá 7 tỷ hơn.",,"Thái Hà, Phường Trung Liệt, Quận Đống Đa, Hà NộiXem bản đồ","7,3 tỷ - 33 m2"
50 m²,2 phòng,,Đã có sổ,"Nhà ngõ, hẻm",,,93 triệu/m²,,,,,,ha-noi,"Trung tâm đống đa, Nguyễn Lương Bằng 50m2, sổ đỏ chính chủ",,"Nguyễn lương bằng, Phường Ngã Tư Sở, Quận Đống Đa, Hà NộiXem bản đồ","4,65 tỷ - 50 m2"
37 m²,4 phòng,4 phòng,Đã có sổ,"Nhà ngõ, hẻm",,,"124,32 triệu/m²",,,,Nội thất đầy đủ,,ha-noi,Mua Nhà Tại Trung Tâm Cầu Giấy - Nơi Đắc Địa Gần 5 trường ĐH 37m2,,"Xuân Thủy, Phường Dịch Vọng Hậu, Quận Cầu Giấy, Hà NộiXem bản đồ","4,6 tỷ - 37 m2"
25 m²,3 phòng,,Đã có sổ,"Nhà ngõ, hẻm",,33 m²,294 triệu/m²,,5,Hẻm xe hơi,,,ha-noi,"Bán nhà Ngõ Thái Hà, khu vực VIP, ở hay kinh doanh vô địch, cực hiếm",,"Ngõ Thái Hà, Phường Láng Hạ, Quận Đống Đa, Thành phố Hà Nội, 11513, Việt Nam, Phường Láng Hạ, Quận Đống Đa, Hà NộiXem bản đồ","7,35 tỷ - 25 m2"
