Diện tích đất:,Số phòng ngủ:,Số phòng vệ sinh:,Giấy tờ pháp lý:,Loại hình nhà ở:,Chiều ngang:,Diện tích sử dụng:,Giá/m2:,Hướng cửa chính:,Tổng số tầng:,Đặc điểm nhà/đất:,Tình trạng nội thất:,Chiều dài:,Location,Name,URL,District,Price
37 m²,3 phòng,,Đã có sổ,"Nhà ngõ, hẻm",,,"105,41 triệu/m²",,,,,,ha-noi,"Nhà mới quá đẹp sát Trần Khát Chân, Nguyễn Khoái 37m2 * 5 tầng, MT4.3",,"Đường Nguyễn Khoái, Phường Thanh Lương, Quận Hai Bà Trưng, Hà NộiXem bản đồ","3,9 tỷ - 37 m2"
55 m²,6 phòng,6 phòng,Đã có sổ,"Nhà ngõ, hẻm",,,200 triệu/m²,,7,,Nội thất đầy đủ,,ha-noi,Bán nhà Phạm Ngọc Thạch 55m2 gara oto thang máy mặt tiền rộng 11 tỷ,,"Phạm Ngọc Thạch, Phường Nam Đồng, Quận Đống Đa, Hà NộiXem bản đồ",11 tỷ - 55 m2
30 m²,4 phòng,,,"Nhà ngõ, hẻm",3.1 m,,"153,33 triệu/m²",,6,,,,ha-noi,"Bán nhà đẹp 10 bước chân ra phố Chính Kinh, 30m2 6 tầng ở ngay, 4.6 tỷ",,"Chính Kinh, Phường Nhân Chính, Quận Thanh Xuân, Hà NộiXem bản đồ","4,6 tỷ - 30 m2"
30 m²,4 phòng,,Đã có sổ,"Nhà ngõ, hẻm",4.1 m,,"141,67 triệu/m²",,5,,Nội thất đầy đủ,,ha-noi,"Cần bán nhà đẹp gần phố Cự Lộc, 5 tầng, 30m2 mặt tiền 4.1m giá 4.25 tỷ",,"Cự Lộc, Phường Nhân Chính, Quận Thanh Xuân, Hà NộiXem bản đồ","4,25 tỷ - 30 m2"
52 m²,4 phòng,,Đã có sổ,"Nhà ngõ, hẻm",5 m,,"127,88 triệu/m²",,4,,Nội thất cao cấp,,ha-noi,"Bán nhà lô góc, phố Bùi Xương Trạch, gara ô tô, 52 m2, mặt 5m, 6.65 tỷ",,"Bùi Xương Trạch, Phường Khương Đình, Quận Thanh Xuân, Hà NộiXem bản đồ","6,65 tỷ - 52 m2"
45 m²,4 phòng,,Đã có sổ,"Nhà ngõ, hẻm",5.2 m,,"146,67 triệu/m²",,5,,Nội thất đầy đủ,,ha-noi,"Bán nhà Bùi Xương Trạch, ô tô, 45m2, 5 tầng, mặt tiền 5.2m giá 6.6 tỷ",,"Bùi Xương Trạch, Phường Khương Đình, Quận Thanh Xuân, Hà NộiXem bản đồ","6,6 tỷ - 45 m2"
41 m²,4 phòng,,Đã có sổ,"Nhà ngõ, hẻm",5.7 m,,"158,54 triệu/m²",,5,,Nội thất đầy đủ,,ha-noi,"Bán nhà ngõ 107 Nguyễn Chí Thanh, 41m2 5 tầng, căn góc, ô tô, 6.5 tỷ",,"Ngõ 107 Nguyễn Chí Thanh, Phường Láng Hạ, Quận Đống Đa, Hà NộiXem bản đồ","6,5 tỷ - 41 m2"
50 m²,4 phòng,,Đã có sổ,"Nhà ngõ, hẻm",4 m,,190 triệu/m²,,5,,Nội thất đầy đủ,,ha-noi,"Bán nhà phố Khương Trung, ngõ ô tô, view hồ, 50m2, 5 tầng giá 9.5 tỷ",,"Khương Trung, Phường Khương Trung, Quận Thanh Xuân, Hà NộiXem bản đồ","9,5 tỷ - 50 m2"
43 m²,3 phòng,,,"Nhà ngõ, hẻm",,,"123,26 triệu/m²",,5,,,,ha-noi,"🏡 NHÀ MỚI Ở LUÔN TRƯỚC THÁNG 11 ÂM- BA ĐÌNH-43M-5 TẦNG-GIÁ CHỈ 5,3 TỶ",,"Đường Hoàng Hoa Thám, Phường Liễu Giai, Quận Ba Đình, Hà NộiXem bản đồ","5,3 tỷ - 43 m2"
70 m²,nhiều hơn 10 phòng,,Đã có sổ,"Nhà mặt phố, mặt tiền",,,"157,14 triệu/m²",,7,"Hẻm xe hơi,Nở hậu",Nội thất đầy đủ,,ha-noi,🏠 BÁN CCMN SIÊU PHẨM TẠI 322 MỸ ĐÌNH - 70M -7 TẦNG- GIÁ 11 TỶ,,"Ngõ 322 Đường Mỹ Đình, Phường Mỹ Đình 1, Quận Nam Từ Liêm, Hà NộiXem bản đồ",11 tỷ - 70 m2
40 m²,4 phòng,,Đã có sổ,"Nhà ngõ, hẻm",3.5 m,,"152,5 triệu/m²",,4,,Nội thất đầy đủ,,ha-noi,"Cần bán nhà đẹp, ngay gần ngã ba Quan Nhân, Vũ Trọng Phụng giá 6.1 tỷ",,"Vũ Trọng Phụng, Phường Nhân Chính, Quận Thanh Xuân, Hà NộiXem bản đồ","6,1 tỷ - 40 m2"
40 m²,4 phòng,,,"Nhà ngõ, hẻm",3 m,,130 triệu/m²,,4,,Nội thất đầy đủ,,ha-noi,"Cần bán nhà ngõ 116 phố Nhân Hòa, 40m2, 4 tầng giá 5.2 tỷ",,"Phố Nhân Hòa, Phường Nhân Chính, Quận Thanh Xuân, Hà NộiXem bản đồ","5,2 tỷ - 40 m2"
37 m²,3 phòng,4 phòng,Đã có sổ,"Nhà mặt phố, mặt tiền",,,"112,16 triệu/m²",,4,,Nội thất đầy đủ,,ha-noi,🏡 BÁN NHÀ 4 TẦNG KHÂM ĐỨC - DIỆN TÍCH 37M2 -MẶT TIỀN 3.5M- GIÁ 4.15 TỶ,,"Đường Thụy Khuê, Phường Bưởi, Quận Tây Hồ, Hà NộiXem bản đồ","4,15 tỷ - 37 m2"
50 m²,5 phòng,,Đã có sổ,"Nhà mặt phố, mặt tiền",,50 m²,"115,6 triệu/m²",,5,,Nội thất đầy đủ,,ha-noi,"TIN ĐƯỢC KHÔNG- HẠ YÊN QUYẾT, CẦU GIẤY_50M2_5 TẦNG_5,78 TỶ",,"Hạ Yên Quyết, Phường Yên Hoà, Quận Cầu Giấy, Hà NộiXem bản đồ","5,78 tỷ - 50 m2"
53 m²,4 phòng,,Đã có sổ,"Nhà mặt phố, mặt tiền",7.5 m,,"216,98 triệu/m²",,5,,Nội thất cao cấp,,ha-noi,HOÀNG QUỐC VIỆT - LÔ GÓC - MẶT TIỀN 7.5M - GARA ÔTÔ - 5 TẦNG - 11.5 TỶ,,"hoàng quốc việt, Phường Nghĩa Đô, Quận Cầu Giấy, Hà NộiXem bản đồ","11,5 tỷ - 53 m2"
65 m²,5 phòng,6 phòng,Đã có sổ,"Nhà mặt phố, mặt tiền",,,"223,08 triệu/m²",,6,,Nội thất cao cấp,,ha-noi,🏡✨NHÀ ĐẸP Ở SƯỚNG BA ĐÌNH - Diện tích 65m2 - 6 Tầng - Giá 14.5 Tỷ!🏡✨,,"đội cấn, Phường Đội Cấn, Quận Ba Đình, Hà NộiXem bản đồ","14,5 tỷ - 65 m2"
44 m²,3 phòng,,Đã có sổ,Nhà phố liền kề,,,"102,27 triệu/m²",,5,"Hẻm xe hơi,Nở hậu",,,ha-noi,🏡 NHÀ MỚI ĐÓN TẾT BẮC TỪ LIÊM - 44M2 - 5 TẦNG - GIÁ 4.5 TỶ 🏡🏡HOT,,"cổ nhuế, Phường Cổ Nhuế 1, Quận Bắc Từ Liêm, Hà NộiXem bản đồ","4,5 tỷ - 44 m2"
50 m²,3 phòng,,Đã có sổ,Nhà phố liền kề,,50 m²,150 triệu/m²,,4,,Nội thất cao cấp,,ha-noi,"NHÀ MỚI Ở LUÔN TRƯỚC THÁNG 11 ÂM "" BA ĐÌNH - 50M2,4 TẦNG - 7,5 TỶ""",,"Ngõ 444 Đội Cấn, Phường Đội Cấn, Quận Ba Đình, Hà NộiXem bản đồ","7,5 tỷ - 50 m2"
60 m²,nhiều hơn 10 phòng,,Đã có sổ,"Nhà mặt phố, mặt tiền",,60 m²,"102,5 triệu/m²",,5,,Nội thất đầy đủ,,ha-noi,"🏡 BÁN NHÀ CỔ NHUẾ - SIÊU PHẨM 5 TẦNG - 60M - 6,15 TỶ ❤️",,"đường cổ nhuế, Phường Cổ Nhuế 1, Quận Bắc Từ Liêm, Hà NộiXem bản đồ","6,15 tỷ - 60 m2"
32 m²,4 phòng,4 phòng,Đã có sổ,"Nhà ngõ, hẻm",,32 m²,"112,5 triệu/m²",,5,,,,ha-noi,"Nhà Mới 100% Đền Lừ 32m, 5 Tầng, Chỉ Nhỉnh 3.5T",,"hoàng mai, Phường Hoàng Văn Thụ, Quận Hoàng Mai, Hà NộiXem bản đồ","3,6 tỷ - 32 m2"
65 m²,4 phòng,,,"Nhà mặt phố, mặt tiền",,,"292,31 triệu/m²",,5,,,,ha-noi,SIÊU KD-DÒNG TIỀN-ĐƯỜNG 4 LÀN XE-VỈA HÈ RỘNG 4M-PHỐ NGUYỄN VĂN HUYÊN,,"Nguyễn Văn Huyên, Phường Nghĩa Đô, Quận Cầu Giấy, Hà NộiXem bản đồ",19 tỷ - 65 m2
33 m²,2 phòng,1 phòng,,"Nhà ngõ, hẻm",3.7999 m,,"75,76 triệu/m²",,,,,10.8 m,ha-noi,Bán nhà Hoàn Kiếm,,"Phố Trần Hưng Đạo, Phường Cửa Nam, Quận Hoàn Kiếm, Hà NộiXem bản đồ","2,5 tỷ - 33 m2"
33 m²,4 phòng,,,"Nhà ngõ, hẻm",,,"157,58 triệu/m²",,,,,,ha-noi,"NHÀ MỚI MẶT NGÕ PHÚ ĐÔ - KINH DOANH BUÔN BÁN SẦM UẤT - GIÁ 5,2 TỶ",,"Phú đô, Phường Mễ Trì, Quận Nam Từ Liêm, Hà NộiXem bản đồ","5,2 tỷ - 33 m2"
26 m²,3 phòng,3 phòng,Đang chờ sổ,"Nhà ngõ, hẻm",,,"65,38 triệu/m²",,3,,Nội thất đầy đủ,,ha-noi,Bán nhà Đông Thiên 26m2 nhà đẹp cần bán nhanh trả nợ trước tết 1.7 tỷ,,"Phố Đông Thiên, Phường Vĩnh Hưng, Quận Hoàng Mai, Hà NộiXem bản đồ","1,7 tỷ - 26 m2"
50 m²,4 phòng,,Đã có sổ,"Nhà ngõ, hẻm",,62 m²,238 triệu/m²,,6,,Nội thất đầy đủ,,ha-noi,"BÁN NHÀ HOÀNG QUỐC VIỆT 6T 65M GARA OTO,THANG MÁY THIẾT KẾ ĐẸP 11.9 TỶ",,"Trần Cung, Phường Nghĩa Tân, Quận Cầu Giấy, Hà NộiXem bản đồ","11,9 tỷ - 50 m2"
42 m²,4 phòng,4 phòng,Đã có sổ,"Nhà ngõ, hẻm",,,"226,19 triệu/m²",,5,,Nội thất đầy đủ,,ha-noi,Bán nhà Hồ Ba Mẫu 42m2 vỉa hè mặt tiền rộng đường oto tránh 9.8 tỷ,,"Hồ Ba Mẫu, Phường Phương Liên, Quận Đống Đa, Hà NộiXem bản đồ","9,5 tỷ - 42 m2"
48 m²,4 phòng,,,"Nhà ngõ, hẻm",,,"110,42 triệu/m²",,,,,,ha-noi,Bán Nhà Kim Mã-48M2-MT 4M-Giá 5.3 Tỷ-Ngõ Nông-Gần Phố- Dân Xây,,"Kim Mã, Phường Ngọc Khánh, Quận Ba Đình, Hà NộiXem bản đồ","5,3 tỷ - 48 m2"
50 m²,4 phòng,3 phòng,Đã có sổ,Nhà biệt thự,,,126 triệu/m²,,4,,Nội thất đầy đủ,,ha-noi,Ba Đình 50m x 4 tầng. Mt4.2m. 2 thoáng. 50m ra mặt phố,,"La Thành, Phường Kim Mã, Quận Ba Đình, Hà NộiXem bản đồ","6,3 tỷ - 50 m2"
66 m²,3 phòng,3 phòng,Đã có sổ,"Nhà ngõ, hẻm",,,"165,15 triệu/m²",,3,,Nội thất đầy đủ,,ha-noi,Bân nhà Đại Cồ Việt 66m2 phân lô oto đỗ cửa 10m ra oto tránh 10.9 tỷ,,"Đường Đại Cồ Việt, Phường Bách Khoa, Quận Hai Bà Trưng, Hà NộiXem bản đồ","10,9 tỷ - 66 m2"
30 m²,3 phòng,,Đã có sổ,"Nhà ngõ, hẻm",,30 m²,"99,33 triệu/m²",,4,,,,ha-noi,NHÀ ĐẸP HOÀNG MAI ! GIÁ TỐT CHỈ VIỆC XÁCH VALI VỀ Ở,,"Phố Nam Dư, Phường Lĩnh Nam, Quận Hoàng Mai, Hà NộiXem bản đồ","2,98 tỷ - 30 m2"
35 m²,5 phòng,4 phòng,Đã có sổ,"Nhà ngõ, hẻm",,,100 triệu/m²,,5,,,,ha-noi,GIA CHỦ CẦN BÁN GẤP CĂN NHÀ TẠI 479 LĨNH NAM,,"Đường Lĩnh Nam, Phường Lĩnh Nam, Quận Hoàng Mai, Hà NộiXem bản đồ","3,5 tỷ - 35 m2"
27 m²,3 phòng,3 phòng,Đã có sổ,"Nhà mặt phố, mặt tiền",,33 m²,"137,04 triệu/m²",,4,,,,ha-noi,Bán Nhà Ô Chợ Dừa,,"Phố Tôn Đức Thắng, Phường Ô Chợ Dừa, Quận Đống Đa, Hà NộiXem bản đồ","3,7 tỷ - 27 m2"
35 m²,2 phòng,,Đang chờ sổ,"Nhà ngõ, hẻm",,,"52,86 triệu/m²",Đông,3,,Nội thất đầy đủ,,ha-noi,Bán nhà ngõ 364 Thái Hà,,"157B, Phố Hoàng Cầu, Phường Trung Liệt, Quận Đống Đa, Hà NộiXem bản đồ","1,85 tỷ - 35 m2"
48 m²,5 phòng,5 phòng,Đã có sổ,"Nhà ngõ, hẻm",,,"155,42 triệu/m²",,6,,Nội thất đầy đủ,,ha-noi,HOÀNG QUỐC VIỆT -NHÀ ĐẸP -NGÕ Ô TÔ -DT48M - 6TẦNG – MT4.2M -GIÁ 7.46TỶ,,"HOÀNG QUỐC VIỆT, Phường Bưởi, Quận Tây Hồ, Hà NộiXem bản đồ","7,46 tỷ - 48 m2"
38 m²,5 phòng,,Đã có sổ,"Nhà ngõ, hẻm",4.5 m,,"357,89 triệu/m²",,7,,Nội thất đầy đủ,,ha-noi,NHÀ Ở NGAY -VIEW HỒ TÂY- NGÕ ÔTÔ -DT 38M -7 TẦNG THANG MÁY -GIÁ 13.6TỶ,,"LẠC LONG QUÂN, Phường Xuân La, Quận Tây Hồ, Hà NộiXem bản đồ","13,6 tỷ - 38 m2"
36 m²,4 phòng,4 phòng,Đã có sổ,"Nhà ngõ, hẻm",,,"190,28 triệu/m²",,5,,Nội thất cao cấp,,ha-noi,VÕ CHÍ CÔNG -SIÊU PHẨM THIẾT KẾ ĐẸP -THANG MÁY -DT 36M - 5T-GIÁ 6.85Tỷ,,"VÕ CHÍ CÔNG, Phường Xuân La, Quận Tây Hồ, Hà NộiXem bản đồ","6,85 tỷ - 36 m2"
54 m²,5 phòng,5 phòng,Đã có sổ,"Nhà ngõ, hẻm",,,"174,07 triệu/m²",,6,,Nội thất đầy đủ,,ha-noi,NHÀ ĐẸP -GIÁ ĐẸP -VÕ CHÍ CÔNG -DT 54M - 6TẦNG -MT4.8M -GIÁ 9.4Tỷ -GARA,,"VÕ CHÍ CÔNG, Phường Xuân La, Quận Tây Hồ, Hà NộiXem bản đồ","9,4 tỷ - 54 m2"
50 m²,4 phòng,4 phòng,Đã có sổ,"Nhà ngõ, hẻm",,,212 triệu/m²,,5,,Nội thất đầy đủ,,ha-noi,ĐI BỘ RA 2 CON RỒNG HỒ TÂY-ÔTÔ ĐỖ-NHÀ ĐẸP CHẮC CHẮN -DT50M -GIÁ 10.6TỶ,,"NHẬT CHIÊU, Phường Xuân La, Quận Tây Hồ, Hà NộiXem bản đồ","10,6 tỷ - 50 m2"
50 m²,3 phòng,3 phòng,Đã có sổ,"Nhà ngõ, hẻm",,,153 triệu/m²,,4,,Nội thất đầy đủ,,ha-noi,THUỴ KHUÊ-KINH DOANH- CÁCH PHỐ 5M- DT 50M -MT5.5M - 4TẦNG –GIÁ 7.65 TỶ,,"Đường Thụy Khuê, Phường Thụy Khuê, Quận Tây Hồ, Hà NộiXem bản đồ","7,65 tỷ - 50 m2"
56 m²,6 phòng,6 phòng,Đã có sổ,"Nhà ngõ, hẻm",,,"234,82 triệu/m²",,6,,Nội thất đầy đủ,,ha-noi,NGÕ 106 HOÀNG QUỐC VIỆT -GARA ÔTÔ –DT 56M–6TẦNG THANG MÁY -GIÁ 13.15TỶ,,"BƯỞI, Phường Bưởi, Quận Tây Hồ, Hà NộiXem bản đồ","13,15 tỷ - 56 m2"
60 m²,5 phòng,4 phòng,Đã có sổ,"Nhà ngõ, hẻm",,,"209,83 triệu/m²",,5,,Nội thất cao cấp,,ha-noi,HOÀNG QUỐC VIỆT - GARA ÔTÔ 7 CHỖ - DT 60M - 6TẦNG - MT5M - GIÁ 12.59TỶ,,"HOÀNG QUỐC VIỆT, Phường Nghĩa Đô, Quận Cầu Giấy, Hà NộiXem bản đồ","12,59 tỷ - 60 m2"
45 m²,5 phòng,,Đã có sổ,"Nhà mặt phố, mặt tiền",5 m,,"255,56 triệu/m²",,7,,Nội thất cao cấp,,ha-noi,BÁN NHÀ TÂY HỒ 45m LÔ GÓC ÔTÔ ĐỖ CỬA 7 TẦNG THANG MÁY NHÀ ĐẸP HIẾM,,"Thụy Khuê, Phường Thụy Khuê, Quận Tây Hồ, Hà NộiXem bản đồ","11,5 tỷ - 45 m2"
27 m²,3 phòng,4 phòng,Đã có sổ,"Nhà ngõ, hẻm",,,"99,63 triệu/m²",,5,,Nội thất cao cấp,,ha-noi,TÔN ĐỨC THẮNG. VĂN MIẾU. NGÕ THÔNG. NỘI THẤT VÍP,,"Tôn Đức Thăng, Phường Quốc Tử Giám, Quận Đống Đa, Hà NộiXem bản đồ","2,69 tỷ - 27 m2"
33 m²,3 phòng,4 phòng,Đã có sổ,"Nhà ngõ, hẻm",,,"112,12 triệu/m²",,5,,Nội thất đầy đủ,,ha-noi,"Nhà 5 tầng đẹp về ở luôn,giá tốt, tiện ích đầyđủ giao thông thuận tiện",,"Phố Minh Khai, Phường Minh Khai, Quận Hai Bà Trưng, Hà NộiXem bản đồ","3,7 tỷ - 33 m2"
53 m²,4 phòng,,Đã có sổ,"Nhà ngõ, hẻm",,,"75,47 triệu/m²",,4,,Nội thất đầy đủ,,ha-noi,ĐÔNG NGẠC - KHU PHÂN LÔ - HÀNG XÓM TOÀN CÁN BỘ CAO CẤP - OTO VÀO NHÀ,,"Tân Xuân, Phường Đông Ngạc, Quận Bắc Từ Liêm, Hà NộiXem bản đồ",4 tỷ - 53 m2
40 m²,4 phòng,4 phòng,Đã có sổ,"Nhà mặt phố, mặt tiền",,,"107,5 triệu/m²",,5,,Nội thất cao cấp,,ha-noi,"Bán nhà Sài Đồng - Long Biên, Để lại toàn bộ nội thất, Cho thuê KD",,"Vũ Xuân Thiều, Phường Sài Đồng, Quận Long Biên, Hà NộiXem bản đồ","4,3 tỷ - 40 m2"
25 m²,4 phòng,3 phòng,Đã có sổ,"Nhà ngõ, hẻm",3.5 m,,88 triệu/m²,,4,,,,ha-noi,"Bán nhà Hồng Hà, 25m2 x 3 tầng đẹp, 2 mặt thoáng, SĐCC, 2.2 tỷ",,"Đường Hồng Hà, Phường Chương Dương, Quận Hoàn Kiếm, Hà NộiXem bản đồ","2,2 tỷ - 25 m2"
35 m²,3 phòng,,Đã có sổ,"Nhà mặt phố, mặt tiền",,,"105,71 triệu/m²",,,,,,ha-noi,"Sốc! Siêu phẩm ngõ quan thổ gần phố, ở ngay, nhỉnh 3 tỷ",,"Ngõ Quan Thổ 3, Phường Hàng Bột, Quận Đống Đa, Hà NộiXem bản đồ","3,7 tỷ - 35 m2"
38 m²,4 phòng,3 phòng,Đã có sổ,"Nhà ngõ, hẻm",,,"92,11 triệu/m²",,4,,Nội thất cao cấp,,ha-noi,"Bán nhà Phúc Xá, DT: 38m2 x 4 tầng đẹp long lanh, cách phố 20m, 3.5 tỷ",,"Phố Phúc Xá, Phường Phúc Xá, Quận Ba Đình, Hà NộiXem bản đồ","3,5 tỷ - 38 m2"
40 m²,4 phòng,3 phòng,Đã có sổ,"Nhà ngõ, hẻm",,,"99,75 triệu/m²",,4,,Nội thất đầy đủ,,ha-noi,"Gấp Gấp-Cần bán nhà Cầu Am gần chợ gần oto ngõ nông-40m 4T chỉ 3,99tỷ",,"Cầu Am, Phường Vạn Phúc, Quận Hà Đông, Hà NộiXem bản đồ","3,99 tỷ - 40 m2"
35 m²,3 phòng,3 phòng,Đã có sổ,"Nhà ngõ, hẻm",,,"77,71 triệu/m²",,3,,Nội thất đầy đủ,,ha-noi,"Có 1 0 2! Nhà Quang Tiến 3 thoáng, gần oto, 35m² 3 tầng giá 2.72 tỷ",,"Đường Quang Tiến, Phường Đại Mỗ, Quận Nam Từ Liêm, Hà NộiXem bản đồ","2,72 tỷ - 35 m2"
38 m²,3 phòng,,Đã có sổ,"Nhà ngõ, hẻm",3.6 m,,"52,11 triệu/m²",,3,,Nội thất đầy đủ,,ha-noi,"GẤP GẤP GẤP! Nhà Nghĩa Bình 5m Oto khu dân trí cao, 38m 3T chỉ 1.98tỷ",,"Đường Nghĩa Bình, Phường Yên Nghĩa, Quận Hà Đông, Hà NộiXem bản đồ","1,98 tỷ - 38 m2"
72 m²,3 phòng,,Đã có sổ,"Nhà ngõ, hẻm",6 m,,"48,47 triệu/m²",,3,,,,ha-noi,Nhà Ngãi Cầu mới đẹp ở luôn mặt tiền lớn gần chợ 20m Oto 72m 3T 3.49tỷ,,"Đường Ngãi Cầu, Xã An Khánh, Huyện Hoài Đức, Hà NộiXem bản đồ","3,49 tỷ - 72 m2"
34 m²,3 phòng,,Đã có sổ,"Nhà ngõ, hẻm",3.5 m,,"76,18 triệu/m²",,3,,Nội thất đầy đủ,,ha-noi,"*** nhà Yên Lộ, 10m ra oto-ngõ thông-34m 3 tầng giá 2.59tỷ",,"Phố Yên Lộ, Phường Yên Nghĩa, Quận Hà Đông, Hà NộiXem bản đồ","2,59 tỷ - 34 m2"
40 m²,4 phòng,4 phòng,Đã có sổ,"Nhà ngõ, hẻm",,,110 triệu/m²,,5,,Nội thất cao cấp,,ha-noi,"DÂN XÂY , PHỐ MINH KHAI 40M, 5TẦNG, 4 PHÒNG NGỦ, DÂN XÂY CHẮC CHẮN ĐẸP",,"Ngõ Gốc Đề, Phường Minh Khai, Quận Hai Bà Trưng, Hà NộiXem bản đồ","4,4 tỷ - 40 m2"
40 m²,3 phòng,3 phòng,,"Nhà ngõ, hẻm",6.5998 m,,90 triệu/m²,,4,,,6.1999 m,ha-noi,"Bán nhà Bạch Đằng, 40m2 x 3.5 tầng, SĐCC, 3.6 tỷ, Ô tô cách 15m",,"Đường Bạch Đằng, Phường Chương Dương, Quận Hoàn Kiếm, Hà NộiXem bản đồ","3,6 tỷ - 40 m2"
23 m²,3 phòng,3 phòng,Đã có sổ,"Nhà ngõ, hẻm",,,"117,39 triệu/m²",,5,,Nội thất đầy đủ,,ha-noi,"HÀNG HIẾM ĐỐNG ĐA - NHÀ ĐẸP - SỔ HOA KHÔI - 5 TẦNG, 3 NGỦ, 2,7 TỶ",,"Phố Tôn Đức Thắng, Phường Hàng Bột, Quận Đống Đa, Hà NộiXem bản đồ","2,7 tỷ - 23 m2"
70 m²,4 phòng,3 phòng,Đã có sổ,"Nhà mặt phố, mặt tiền",,350 m²,240 triệu/m²,,,"Hẻm xe hơi,Nở hậu",,,ha-noi,"MẶT PHỐ- GIÁ MẶT NGÕ- NHÀ Ở VỊ TRÍ ĐẸP NHẤT.PHỐ, KINH DOANH ĐỈNH",,"Nguyễn Khuyến, Phường Văn Quán, Quận Hà Đông, Hà NộiXem bản đồ","16,8 tỷ - 70 m2"
36.7999 m²,4 phòng,,,"Nhà mặt phố, mặt tiền",,,"122,28 triệu/m²",,,,,,ha-noi,"Bán nhà Xã Đàn, ngõ nông, 3 ngoặt, gần ngõ ô tô, ba gác tránh, ở ngay.",,"Phố Xã Đàn, Phường Phương Liên, Quận Đống Đa, Hà NộiXem bản đồ","4,5 tỷ - 36.7.999 m2"
56 m²,4 phòng,,Đã có sổ,"Nhà ngõ, hẻm",,,"192,86 triệu/m²",,,,,,ha-noi,"HIẾM LẮM! NHÀ LÊ TRỌNG TẤN - THANH XUÂN THANG MÁY KHU VIP QĐ, Ô TÔ",,"Lê Trọng Tấn, Phường Khương Mai, Quận Thanh Xuân, Hà NộiXem bản đồ","10,8 tỷ - 56 m2"
48 m²,6 phòng,,Đã có sổ,"Nhà ngõ, hẻm",5 m,48 m²,"187,5 triệu/m²",,5,,,,ha-noi,"Nhà Thái Hà, Đống Đa - Ô tô vào nhà - 48m2, 5mMT, Chỉ 9 Tỷ",,"Phố Thái Hà, Phường Láng Hạ, Quận Đống Đa, Hà NộiXem bản đồ",9 tỷ - 48 m2
25 m²,3 phòng,3 phòng,Đã có sổ,"Nhà ngõ, hẻm",,,108 triệu/m²,,5,,,,ha-noi,ĐỐNG ĐA NGÕ NÔNG XE BA GÁC 3PN VS KHEP KÍN,,"Tôn Dưc Thắng, Phường Hàng Bột, Quận Đống Đa, Hà NộiXem bản đồ","2,7 tỷ - 25 m2"
54 m²,5 phòng,,Đã có sổ,"Nhà mặt phố, mặt tiền",,,"305,56 triệu/m²",,5,Hẻm xe hơi,,,ha-noi,TRUNG TÂM BA ĐÌNH - MẶT NGÕ Ô TÔ TRÁNH - KINH DOANH SẦM UẤT,,"Phố Ngọc Khánh, Phường Ngọc Khánh, Quận Ba Đình, Hà NộiXem bản đồ","16,5 tỷ - 54 m2"
35 m²,2 phòng,2 phòng,Đã có sổ,"Nhà mặt phố, mặt tiền",,,"194,29 triệu/m²",,3,,Nội thất đầy đủ,,ha-noi,Bán nhà mặt ngõ 24 Kim Đồng 35m2 3 tầng kinh doanh đỉnh Giá 6.8 tỷ,,"Phố Kim Đồng, Phường Giáp Bát, Quận Hoàng Mai, Hà NộiXem bản đồ","6,8 tỷ - 35 m2"
120 m²,2 phòng,1 phòng,Đã có sổ,"Nhà mặt phố, mặt tiền",8 m,,14 triệu/m²,,1,,,,ha-noi,Cần bán nhà đất thổ cư,,"Tân Tiến, Xã Nam Phương Tiến, Huyện Chương Mỹ, Hà NộiXem bản đồ","1,68 tỷ - 120 m2"
48 m²,nhiều hơn 10 phòng,,Đã có sổ,"Nhà ngõ, hẻm",,,"197,92 triệu/m²",,,,,,ha-noi,CCMN TRUNG TÂM THANH XUÂN- 7 TẦNG THANG MÁY 12 PHÒNG FULL ĐỒ 3 GÁC ĐỖ,,"Khương Trung, Phường Khương Trung, Quận Thanh Xuân, Hà NộiXem bản đồ","9,5 tỷ - 48 m2"
96 m²,4 phòng,,Đã có sổ,"Nhà mặt phố, mặt tiền",4.8 m,,"234,38 triệu/m²",,5,,,,ha-noi,"Bán Nhà Phố Cầu Giấy, Q.Cầu Giấy - 96m2, 4.8m MT, Gara ÔTô, Chỉ 22.5Tỷ",,"Cầu Giấy, Phường Quan Hoa, Quận Cầu Giấy, Hà NộiXem bản đồ","22,5 tỷ - 96 m2"
40 m²,3 phòng,4 phòng,Đã có sổ,"Nhà ngõ, hẻm",,,"101,25 triệu/m²",,5,,Nội thất cao cấp,,ha-noi,Bán nhà lô góc Phố Khương Trung 40m2 5 tầng Giá 4.05 tỷ,,"Khương Trung, Phường Khương Trung, Quận Thanh Xuân, Hà NộiXem bản đồ","4,05 tỷ - 40 m2"
45 m²,3 phòng,4 phòng,Đã có sổ,"Nhà ngõ, hẻm",,,"166,67 triệu/m²",,6,,Nội thất đầy đủ,,ha-noi,MẶT NGÕ QUAN NHÂN-KINH DOANH-OTO ĐỖ CỬA-45M-6 TẦNG-7.5 TỶ,,"Quan Nhân, Phường Nhân Chính, Quận Thanh Xuân, Hà NộiXem bản đồ","7,5 tỷ - 45 m2"
30 m²,3 phòng,3 phòng,Đã có sổ,"Nhà ngõ, hẻm",,,110 triệu/m²,,4,,Nhà trống,,ha-noi,"Bán nhà Vũ Ngọc Phan 30m2*4T lô góc ngõ oto, gần phố nhỉnh 3 tỷ",,"Phố Vũ Ngọc Phan, Phường Láng Hạ, Quận Đống Đa, Hà NộiXem bản đồ","3,3 tỷ - 30 m2"
35 m²,4 phòng,4 phòng,Đã có sổ,"Nhà ngõ, hẻm",,,"72,86 triệu/m²",,5,Hẻm xe hơi,,,ha-noi,NHÀ YÊN NGHĨA Ô TÔ ĐỖ CỬA 35M 5T 2.55TỶ,,"Đường Hòa Bình, Phường Yên Nghĩa, Quận Hà Đông, Hà NộiXem bản đồ","2,55 tỷ - 35 m2"
45 m²,4 phòng,,Đã có sổ,"Nhà ngõ, hẻm",,,"96,67 triệu/m²",,,,,,ha-noi,NHÀ ĐẸP HƠN KHÁCH SẠN 5 SAO - TẶNG KHÁCH FULL NỘI THẤTDT 45m* X 4 TẦNG,,"Khương Đình, Phường Khương Đình, Quận Thanh Xuân, Hà NộiXem bản đồ","4,35 tỷ - 45 m2"
46 m²,4 phòng,,Đã có sổ,"Nhà ngõ, hẻm",,,"119,57 triệu/m²",,,,,,ha-noi,CẦN BÁN NHÀ KHƯƠNG ĐÌNH - TX Ô TÔ 10M - VÀI BƯỚC RA PHỐ - MẶT TIỀN RỘN,,"Khương Đình, Phường Khương Đình, Quận Thanh Xuân, Hà NộiXem bản đồ","5,5 tỷ - 46 m2"
32 m²,3 phòng,,,"Nhà ngõ, hẻm",,32 m²,"56,25 triệu/m²",,4,,,,ha-noi,NHÀ YÊN NGHĨA ÔTÔ ĐỖ GẦN 32M 4T 1.8TỶ,,"Yên Bình, Phường Yên Nghĩa, Quận Hà Đông, Hà NộiXem bản đồ","1,8 tỷ - 32 m2"
16 m²,4 phòng,3 phòng,,"Nhà mặt phố, mặt tiền",,,"121,88 triệu/m²",Tây Nam,4,,Nội thất đầy đủ,,ha-noi,"Bán nhà 4 tầng mặt ngõ số 12 ngõ 522 trường chinh, đống đa, hà nội",,"12 ngõ 522, Trường chinh, Phường Khương Thượng, Quận Đống Đa, Hà NộiXem bản đồ","1,95 tỷ - 16 m2"
50 m²,5 phòng,,Đã có sổ,Nhà phố liền kề,4 m,,134 triệu/m²,,5,,Nội thất cao cấp,,ha-noi,Bán gấp nhà dịch vụ kiến hưng hà đông dân xây 50m 4.5 tầng nhỉnh 6 tỷ,,"Phố Hoàng Công, Phường Kiến Hưng, Quận Hà Đông, Hà NộiXem bản đồ","6,7 tỷ - 50 m2"
43 m²,4 phòng,3 phòng,Đã có sổ,"Nhà ngõ, hẻm",,,"138,37 triệu/m²",,5,,Nội thất cao cấp,,ha-noi,Bán nhà ngõ phố Võng Thị- Tây Hồ- 56m- 4ngủ- Nhà mới nội thất cao cấp,,"Phố Võng Thị, Phường Bưởi, Quận Tây Hồ, Hà NộiXem bản đồ","5,95 tỷ - 43 m2"
47 m²,4 phòng,3 phòng,Đã có sổ,"Nhà ngõ, hẻm",,,"155,32 triệu/m²",Đông Nam,4,,,,ha-noi,Bán nhà ngõ Thịnh Quang- Đống Đa- 50m- 4ngủ- Nhà mới đẹp- Gần ô tô,,"Ngõ Thịnh Quang, Phường Thịnh Quang, Quận Đống Đa, Hà NộiXem bản đồ","7,3 tỷ - 47 m2"
35 m²,3 phòng,3 phòng,Đã có sổ,"Nhà mặt phố, mặt tiền",,,"81,43 triệu/m²",,4,,Nội thất cao cấp,,ha-noi,"Bán nhà ở Yên vĩnh - Kim Chung-Hoài Đức,nhà mới xây,ngõ thoáng",,"Đường Yên Vĩnh, Xã Kim Chung, Huyện Hoài Đức, Hà NộiXem bản đồ","2,85 tỷ - 35 m2"
31 m²,4 phòng,3 phòng,Đã có sổ,"Nhà mặt phố, mặt tiền",,,"91,94 triệu/m²",,5,,Nội thất cao cấp,,ha-noi,"Lô góc Lai Xá - Kim Chung 5 tầng 4 Phòng Ngủ, Cạnh khu đô thị",,"Đường Lai Xá, Xã Kim Chung, Huyện Hoài Đức, Hà NộiXem bản đồ","2,85 tỷ - 31 m2"
60 m²,4 phòng,,Đã có sổ,"Nhà ngõ, hẻm",4 m,,"91,67 triệu/m²",,4,,,15 m,ha-noi,"Bán nhà Lâm Hạ, DT: 60m2 x 3.5 tầng đẹp, Ô tô 7 chỗ vào nhà, 5.5 tỷ",,"Lâm Hạ, Phường Bồ Đề, Quận Long Biên, Hà NộiXem bản đồ","5,5 tỷ - 60 m2"
50 m²,2 phòng,2 phòng,Đã có sổ,"Nhà ngõ, hẻm",,,89 triệu/m²,Đông Bắc,2,,,,ha-noi,"DƯỚI 90TR/M2-50M2-4,5 TỶ-4m MT-NGUYỄN LƯƠNG BĂNG-1 NGOẶT RA PHỐ-ĐỐNG",,"nguyễn lương bằng, Phường Thịnh Quang, Quận Đống Đa, Hà NộiXem bản đồ","4,45 tỷ - 50 m2"
36 m²,3 phòng,4 phòng,Đã có sổ,"Nhà ngõ, hẻm",,,"124,17 triệu/m²",Đông,3,,,,ha-noi,THANH XUÂN-NHÀ MỚI Ở NGAY-LÔ GÓC-36M2-4 TẦNG ĐỦ CÔNG NĂNG CHỈ HƠN 4 TỶ,,"Đường Nguyễn Trãi, Phường Thanh Xuân Trung, Quận Thanh Xuân, Hà NộiXem bản đồ","4,47 tỷ - 36 m2"
51 m²,3 phòng,3 phòng,Đã có sổ,"Nhà ngõ, hẻm",,,"107,84 triệu/m²",,4,,Nội thất cao cấp,,ha-noi,"Giá cực tốt, trung tâm Ba Đình, gần phố,gần ô tô 51m,Mt 4.5m,nhỉnh 5tỷ",,"Bưởi, Phường Vĩnh Phúc, Quận Ba Đình, Hà NộiXem bản đồ","5,5 tỷ - 51 m2"
22 m²,3 phòng,3 phòng,Đã có sổ,"Nhà ngõ, hẻm",,,"113,64 triệu/m²",Nam,5,,,,ha-noi,"CHÍNH CHỦ - BÁN NHÀ 5 TẦNG HOÀNG MAI sổ đỏ đầy đủ, không qua môi giới",,"Ngõ 160 Đường Hoàng Mai, Phường Hoàng Văn Thụ, Quận Hoàng Mai, Hà NộiXem bản đồ","2,5 tỷ - 22 m2"
46 m²,4 phòng,4 phòng,Đã có sổ,"Nhà ngõ, hẻm",3.9 m,,"121,74 triệu/m²",,5,,,,ha-noi,5.6 TỶ_ BÁN NHÀ ĐỘI CẤN BA ĐÌNH _ 5T X 46M_ 40M RA MẶT PHỐ,,"Đội Cấn, Phường Đội Cấn, Quận Ba Đình, Hà NộiXem bản đồ","5,6 tỷ - 46 m2"
120 m²,1 phòng,1 phòng,Đã có sổ,"Nhà mặt phố, mặt tiền",,,"133,33 triệu/m²",Tây Nam,1,,,,ha-noi,"bán nhà phố Bùi Huy Bích. phân lô, vỉa hè, ô tô tránh, dân trí cao",,"Bùi Huy Bích, Phường Thịnh Liệt, Quận Hoàng Mai, Hà NộiXem bản đồ",16 tỷ - 120 m2
39 m²,4 phòng,4 phòng,Đã có sổ,"Nhà ngõ, hẻm",,,"152,56 triệu/m²",,6,,Nội thất đầy đủ,,ha-noi,5.95 TỶ _ 6T THANG MÁY - 2 MẶT NGÕ - ĐỘI CẤN BA ĐÌNH - NHÀ MỚI 2024,,"Phố Đội Cấn, Phường Liễu Giai, Quận Ba Đình, Hà NộiXem bản đồ","5,95 tỷ - 39 m2"
73 m²,nhiều hơn 10 phòng,Nhiều hơn 6 phòng,Đã có sổ,"Nhà ngõ, hẻm",,,"209,59 triệu/m²",,7,,Nội thất cao cấp,,ha-noi,TOÀ CCMN CAO CẤP - 8T THANG MÁY - CẦU GIẤY - 18 PHÒNG - DT 90 TRIỆU/1T,,"79 Cầu Giấy, Phường Yên Hoà, Quận Cầu Giấy, Hà NộiXem bản đồ","15,3 tỷ - 73 m2"
62 m²,4 phòng,5 phòng,Đã có sổ,"Nhà mặt phố, mặt tiền",,,"122,58 triệu/m²",Tây Bắc,4,,,,ha-noi,phố Trần Khát Chân. mặt ngõ thông. ô tô tránh. siêu phẩm nhà đẹp,,"Đường Trần Khát Chân, Phường Thanh Lương, Quận Hai Bà Trưng, Hà NộiXem bản đồ","7,6 tỷ - 62 m2"
38 m²,4 phòng,,,"Nhà ngõ, hẻm",,38 m²,"131,58 triệu/m²",,6,,,,ha-noi,E THỰC NHỜ BÁN NHÀ ĐỘI CẤN 39M 6T NHỈNH 5 TỶ NHÀ MỚI ĐÓN TẾT,,"ĐỘI CẤN, Phường Đội Cấn, Quận Ba Đình, Hà NộiXem bản đồ",5 tỷ - 38 m2
90.2 m²,3 phòng,4 phòng,Đã có sổ,"Nhà mặt phố, mặt tiền",,90.2 m²,"319,29 triệu/m²",,5,,,,ha-noi,"Chính chủ bán nhà mặt phố Hoàng Hoa Thám, mặt tiền 5.5m2, 5 tầng + hầm",,"Đường Hoàng Hoa Thám, Phường Liễu Giai, Quận Ba Đình, Hà NộiXem bản đồ","28,8 tỷ - 90.2 m2"
40.0998 m²,4 phòng,3 phòng,Đã có sổ,,,,"215,71 triệu/m²",Đông Nam,5,,,,ha-noi,Siêu Phẩm cực hiếm,,"Ngọc Hồi, Xã Tứ Hiệp, Huyện Thanh Trì, Hà NộiXem bản đồ","8,65 tỷ - 40.0.998 m2"
85 m²,7 phòng,,Đã có sổ,"Nhà mặt phố, mặt tiền",,85 m²,"294,12 triệu/m²",,7,,,,ha-noi,"Bán mặt phố Minh Khai 85m2 x 7T, Mt 12m, vỉa hè rộng, KD đỉnh, 25 tỷ",,"Phố Minh Khai, Phường Vĩnh Tuy, Quận Hai Bà Trưng, Hà NộiXem bản đồ",25 tỷ - 85 m2
45 m²,4 phòng,4 phòng,Đã có sổ,"Nhà ngõ, hẻm",,45 m²,"164,44 triệu/m²",,5,,,,ha-noi,"Bán nhà Tân Mai, 45m2 x 5T, ô tô tránh, ở ngay, văn phòng, giá 7.4 tỷ",,"Phố Tân Mai, Phường Tân Mai, Quận Hoàng Mai, Hà NộiXem bản đồ","7,4 tỷ - 45 m2"
800 m²,nhiều hơn 10 phòng,,Đã có sổ,"Nhà mặt phố, mặt tiền",25 m,,"31,25 triệu/m²",,3,Hẻm xe hơi,,,ha-noi,"Bán nhà xưởng 800m 3 tầng mặt tiền 12m tại KCN Từ Liêm, Trịnh Văn Bô",,"Phố Trịnh Văn Bô, Phường Phương Canh, Quận Nam Từ Liêm, Hà NộiXem bản đồ",25 tỷ - 800 m2
280 m²,4 phòng,4 phòng,Đã có sổ,"Nhà mặt phố, mặt tiền",,,"196,43 triệu/m²",,4,,Nội thất đầy đủ,,ha-noi,"Bán nhà mặt phố Bạch Mai 280m2, giá 55 tỷ",,"Bạch mai, Phường Bạch Mai, Quận Hai Bà Trưng, Hà NộiXem bản đồ",55 tỷ - 280 m2
32 m²,3 phòng,3 phòng,Đã có sổ,"Nhà mặt phố, mặt tiền",,,"112,19 triệu/m²",Đông Nam,5,,,,ha-noi,Nhà Phố Văn,,"Phố Văn Trì, Phường Minh Khai, Quận Bắc Từ Liêm, Hà NộiXem bản đồ","3,59 tỷ - 32 m2"
45 m²,5 phòng,4 phòng,Đã có sổ,"Nhà ngõ, hẻm",,,"138,89 triệu/m²",,5,,Nội thất đầy đủ,,ha-noi,"NHÀ PHƯƠNG CANH - PHÚC DIỄN - PHÂN LÔ - Ô TÔ TRÁNH 45M X 5T. 6,x tỉ",,"Phương Canh, Phường Phương Canh, Quận Nam Từ Liêm, Hà NộiXem bản đồ","6,25 tỷ - 45 m2"
220 m²,8 phòng,Nhiều hơn 6 phòng,Đã có sổ,"Nhà mặt phố, mặt tiền",,,"409,09 triệu/m²",,9,,Nội thất đầy đủ,,ha-noi,"Bán nhà mặt phố Bạch Mai 220m2, mt 8m, giá 90 tỷ",,"Bạch mai, Phường Bạch Mai, Quận Hai Bà Trưng, Hà NộiXem bản đồ",90 tỷ - 220 m2
