Diện tích đất:,Số phòng ngủ:,Số phòng vệ sinh:,Giấy tờ pháp lý:,Loại hình nhà ở:,Chiều ngang:,Diện tích sử dụng:,Giá/m2:,Hướng cửa chính:,Tổng số tầng:,Đặc điểm nhà/đất:,Tình trạng nội thất:,Chiều dài:,Location,Name,URL,District,Price
33 m²,2 phòng,,Đã có sổ,"Nhà ngõ, hẻm",,,"83,33 triệu/m²",,,,Nội thất đầy đủ,,ha-noi,"Bà Triệu Hà Đông, 33m2 lô góc, ô tô, chỉ 2.75 tỷ",,"Bà Triệu, Phường Hà Cầu, Quận Hà Đông, Hà NộiXem bản đồ","2,75 tỷ - 33 m2"
17 m²,2 phòng,3 phòng,Giấy tờ khác,"Nhà ngõ, hẻm",,,"73,53 triệu/m²",,4,,Nhà trống,,ha-noi,"1,25 TỶ NHÀ VĨNH HƯNG XÂY CHẮC CHẮN 17M/4T 3 NGỦ",,"VĨNH HƯNG, Phường Vĩnh Hưng, Quận Hoàng Mai, Hà NộiXem bản đồ","1,25 tỷ - 17 m2"
51 m²,4 phòng,4 phòng,Đã có sổ,"Nhà ngõ, hẻm",,,"113,73 triệu/m²",,4,,Nội thất đầy đủ,,ha-noi,"Cầu Giấy - 51m2 x 4 tầng - Gần phố, gần ô tô - Chỉ 5,8 tỷ (Thiện chí)",,"Cầu Giấy, Phường Dịch Vọng, Quận Cầu Giấy, Hà NộiXem bản đồ","5,8 tỷ - 51 m2"
32 m²,3 phòng,,,"Nhà ngõ, hẻm",,,"112,5 triệu/m²",,,,,,ha-noi,"HẠ SỐC 300tr, CHỈ 3,6 TỶ NHÀ BỒ ĐỀ - 2 THOÁNG - NHÀ ĐẸP",,"Bồ Đề , Phường Bồ Đề, Quận Long Biên, Hà NộiXem bản đồ","3,6 tỷ - 32 m2"
40 m²,5 phòng,,Đã có sổ,"Nhà ngõ, hẻm",,,110 triệu/m²,,,,,,ha-noi,Minh Khai ngõ nông rộng 40m 4tầng nhỉnh 4tỷ,,"Phố Minh Khai, Phường Minh Khai, Quận Hai Bà Trưng, Hà NộiXem bản đồ","4,4 tỷ - 40 m2"
50 m²,6 phòng,,,"Nhà mặt phố, mặt tiền",,,80 triệu/m²,,,Nở hậu,,,ha-noi,"Nhà to đẹp, 50m ra phố, giá 4ti.",,"Phố Minh Khai, Phường Minh Khai, Quận Hai Bà Trưng, Hà NộiXem bản đồ",4 tỷ - 50 m2
38 m²,4 phòng,3 phòng,Đã có sổ,"Nhà mặt phố, mặt tiền",,150 m²,"178,95 triệu/m²",,,"Hẻm xe hơi,Nở hậu",,,ha-noi,NHÀ ĐẸP VĂN QUÁN - MẶT NGÕ Ô TÔ THÔNG -.40M RA PHỐ - KINH DOANH -,,"Trần Phú, Phường Văn Quán, Quận Hà Đông, Hà NộiXem bản đồ","6,8 tỷ - 38 m2"
30 m²,3 phòng,5 phòng,Đã có sổ,"Nhà mặt phố, mặt tiền",,,"308,33 triệu/m²",,6,,Nội thất đầy đủ,,ha-noi,"NHÀ MẶT PHỐ TAM KHƯƠNG-ĐỐNG ĐA-6 TẦNG-MT 8,5M-Ô TÔ-KINH DOANH- 9,25 TỶ",,"Phố Tam Khương, Phường Khương Thượng, Quận Đống Đa, Hà NộiXem bản đồ","9,25 tỷ - 30 m2"
32 m²,3 phòng,4 phòng,Đã có sổ,"Nhà ngõ, hẻm",,,"117,19 triệu/m²",,5,,Nội thất đầy đủ,,ha-noi,3.75 TỶ DÂN XÂY_ 30m RA PHỐ_ THUỴ KHUÊ_ LÔ GÓC _ 5 TẦNG_ THOÁNG SÁNG,,"Đường Thụy Khuê, Phường Thụy Khuê, Quận Tây Hồ, Hà NộiXem bản đồ","3,75 tỷ - 32 m2"
30 m²,3 phòng,3 phòng,Đã có sổ,"Nhà ngõ, hẻm",,,"96,67 triệu/m²",Đông,5,,,,ha-noi,"BÁN NHÀ 5 TẦNG MỚI NGÕ 180 TÂY MỖ Ô TÔ ĐỖ NGAY CỔNG, GẦN VINSMART",,"Tây Mỗ, Phường Tây Mỗ, Quận Nam Từ Liêm, Hà NộiXem bản đồ","2,9 tỷ - 30 m2"
43 m²,7 phòng,5 phòng,Đã có sổ,,,,100 triệu/m²,Đông Nam,4,,,,ha-noi,gia đình cần bán nhà mặt ngõ 243 tam trinh,,"Tam Trinh, Phường Hoàng Liệt, Quận Hoàng Mai, Hà NộiXem bản đồ","4,3 tỷ - 43 m2"
34 m²,2 phòng,3 phòng,Đã có sổ,"Nhà ngõ, hẻm",,,"97,06 triệu/m²",Bắc,4,,,,ha-noi,Bán nhà Ngọc Trục Đại Mỗ ngã tư Vạn phúc Hà Đông Dân xây ô tô gần,,"Ngọc Trục, Phường Đại Mỗ, Quận Nam Từ Liêm, Hà NộiXem bản đồ","3,3 tỷ - 34 m2"
31 m²,3 phòng,,Đã có sổ,"Nhà ngõ, hẻm",4.0998 m,,"135,48 triệu/m²",,5,,Nội thất đầy đủ,,ha-noi,"Nhỉnh 4 tỷ có nhà Quan Nhân, ngõ rộng, sát phố, lô góc 2 thoáng 31m*5T",,"Quan Nhân, Phường Nhân Chính, Quận Thanh Xuân, Hà NộiXem bản đồ","4,2 tỷ - 31 m2"
32 m²,3 phòng,,Đã có sổ,"Nhà ngõ, hẻm",3.5 m,,"126,56 triệu/m²",,4,,Nhà trống,,ha-noi,"Có 102! Chỉ 4 tỷ, nhà Thái Thịnh, ngõ rộng, gần phố, full đồ, 32m*4T",,"Phố Thái Thịnh, Phường Trung Liệt, Quận Đống Đa, Hà NộiXem bản đồ","4,05 tỷ - 32 m2"
38 m²,3 phòng,4 phòng,Đã có sổ,"Nhà ngõ, hẻm",,,"130,26 triệu/m²",,5,,Nội thất đầy đủ,,ha-noi,"Bắt đáy! Lô góc Tây Sơn, ngõ ô tô, gần phố, 2 thoáng, ở ngay 38m*5T",,"Phố Tây Sơn, Phường Quang Trung, Quận Đống Đa, Hà NộiXem bản đồ","4,95 tỷ - 38 m2"
43 m²,3 phòng,,Đã có sổ,"Nhà ngõ, hẻm",4.4 m,,"98,84 triệu/m²",,4,,Nội thất đầy đủ,,ha-noi,"Sập sàn! Nhà khu Xã Đàn, ngõ rộng, gần phố, kinh doanh, ở sướng 43M*4T",,"Phố Xã Đàn, Phường Nam Đồng, Quận Đống Đa, Hà NộiXem bản đồ","4,25 tỷ - 43 m2"
35 m²,3 phòng,,Đã có sổ,"Nhà ngõ, hẻm",3.9 m,,"159,71 triệu/m²",,4,,Nội thất đầy đủ,,ha-noi,"Lô góc Xã Đàn, ngõ thông, sát phố, 3 thoáng, mới đẹp ở ngay 35m*5T.",,"Phố Xã Đàn, Phường Phương Liên, Quận Đống Đa, Hà NộiXem bản đồ","5,59 tỷ - 35 m2"
42 m²,3 phòng,2 phòng,Đã có sổ,"Nhà ngõ, hẻm",4.1 m,,"97,62 triệu/m²",,4,,,,ha-noi,"BÁN NHÀ NGÕ 55 THANH LIỆT, 42M2 GIÁ CHỈ 4.1 TỶ",,"Thanh Liệt, Xã Thanh Liệt, Huyện Thanh Trì, Hà NộiXem bản đồ","4,1 tỷ - 42 m2"
77 m²,5 phòng,5 phòng,Đã có sổ,Nhà biệt thự,4.5 m,,"123,38 triệu/m²",,,,,17 m,ha-noi,"Bán liền kề KĐT Văn Phú 77m2, 5 tầng giá 9.5 tỷ, ô tô",,"Văn Phú, Phường Phú La, Quận Hà Đông, Hà NộiXem bản đồ","9,5 tỷ - 77 m2"
50 m²,6 phòng,6 phòng,Đã có sổ,Nhà biệt thự,4.2 m,,204 triệu/m²,,,,,12 m,ha-noi,"Bán nhà kiền kề KĐT Xa La 50m2, 6 tầng giá 10.2 Tỷ, ô tô, thang máy",,"Xa La, Phường Phúc La, Quận Hà Đông, Hà NộiXem bản đồ","10,2 tỷ - 50 m2"
35 m²,3 phòng,,Đã có sổ,"Nhà ngõ, hẻm",3.9 m,,"159,71 triệu/m²",,4,,Nội thất đầy đủ,,ha-noi,"Lô góc Xã Đàn, ngõ thông, sát phố, 3 thoáng, mới đẹp ở ngay 35m*5T.",,"Phố Xã Đàn, Phường Phương Liên, Quận Đống Đa, Hà NộiXem bản đồ","5,59 tỷ - 35 m2"
42 m²,3 phòng,2 phòng,Đã có sổ,"Nhà ngõ, hẻm",4.1 m,,"97,62 triệu/m²",,4,,,,ha-noi,"BÁN NHÀ NGÕ 55 THANH LIỆT, 42M2 GIÁ CHỈ 4.1 TỶ",,"Thanh Liệt, Xã Thanh Liệt, Huyện Thanh Trì, Hà NộiXem bản đồ","4,1 tỷ - 42 m2"
77 m²,5 phòng,5 phòng,Đã có sổ,Nhà biệt thự,4.5 m,,"123,38 triệu/m²",,,,,17 m,ha-noi,"Bán liền kề KĐT Văn Phú 77m2, 5 tầng giá 9.5 tỷ, ô tô",,"Văn Phú, Phường Phú La, Quận Hà Đông, Hà NộiXem bản đồ","9,5 tỷ - 77 m2"
50 m²,6 phòng,6 phòng,Đã có sổ,Nhà biệt thự,4.2 m,,204 triệu/m²,,,,,12 m,ha-noi,"Bán nhà kiền kề KĐT Xa La 50m2, 6 tầng giá 10.2 Tỷ, ô tô, thang máy",,"Xa La, Phường Phúc La, Quận Hà Đông, Hà NộiXem bản đồ","10,2 tỷ - 50 m2"
35 m²,4 phòng,,,"Nhà ngõ, hẻm",,,"117,14 triệu/m²",,,,,,ha-noi,Bán nhà Cổ Nhuế- 35m x 5 tầng- Ô tô- Kinh Doanh- Nhà mới- Lô góc- 4 Tỷ,,"Cổ Nhuế, Phường Cổ Nhuế 1, Quận Bắc Từ Liêm, Hà NộiXem bản đồ","4,1 tỷ - 35 m2"
38 m²,2 phòng,,Đã có sổ,"Nhà ngõ, hẻm",,,"78,95 triệu/m²",,2,,Nội thất đầy đủ,,ha-noi,MẢNH ĐẤT ĐẸP NHẤT - RẺ NHẤT CÒN SÓT LẠI Ở CỔ NHUÊ - BẮC TỪ LIÊM,,"Cổ Nhuế, Phường Cổ Nhuế 2, Quận Bắc Từ Liêm, Hà NộiXem bản đồ",3 tỷ - 38 m2
180 m²,5 phòng,5 phòng,Đã có sổ,"Nhà mặt phố, mặt tiền",,,"222,22 triệu/m²",,3,,Nội thất cao cấp,,ha-noi,"Bán mảnh đất vàng mặt phố Trúc Bạch- Ba Đình,180m2, Mặt tiền 11m,40 Tỷ",,"Phố Trúc Bạch, Phường Trúc Bạch, Quận Ba Đình, Hà NộiXem bản đồ",40 tỷ - 180 m2
59 m²,3 phòng,3 phòng,Đã có sổ,"Nhà mặt phố, mặt tiền",,,"276,27 triệu/m²",,1,,Nội thất đầy đủ,,ha-noi,"Bán nhà mặt phố NÚI TRÚC, 59m2, thuê 30tr/1 tháng, Mặt tiền 4m,16.3 tỷ",,"Phố Núi Trúc, Phường Giảng Võ, Quận Ba Đình, Hà NộiXem bản đồ","16,3 tỷ - 59 m2"
35 m²,3 phòng,3 phòng,Đã có sổ,"Nhà ngõ, hẻm",,,"150,29 triệu/m²",,4,,Nội thất đầy đủ,,ha-noi,Bán nhà trong ngõ phố Đuòng Láng,,"Đường Láng, Phường Láng Hạ, Quận Đống Đa, Hà NộiXem bản đồ","5,26 tỷ - 35 m2"
100 m²,5 phòng,4 phòng,Đã có sổ,"Nhà ngõ, hẻm",,,260 triệu/m²,,4,,Nội thất đầy đủ,,ha-noi,"Nhà Lạc Trung,100m-MT8m, phân lô ôtô, đa dạng sử dụng VP ở, giá 26 tỷ",,"Phố Lạc Trung, Phường Vĩnh Tuy, Quận Hai Bà Trưng, Hà NộiXem bản đồ",26 tỷ - 100 m2
139 m²,5 phòng,5 phòng,Đã có sổ,"Nhà mặt phố, mặt tiền",,,"226,62 triệu/m²",,2,,Nội thất cao cấp,,ha-noi,"Bán căn nhà vàng mặt phố Trần Phú, 139m2, Mặt tiền 8m, 31.5 tỷ",,"Phố Trần Phú, Phường Điện Biên, Quận Ba Đình, Hà NộiXem bản đồ","31,5 tỷ - 139 m2"
90 m²,2 phòng,2 phòng,Đã có sổ,"Nhà ngõ, hẻm",,90 m²,30 triệu/m²,,,,,,ha-noi,"Bán căn hộ tầng 2 Láng Hạ, vị trí đẹp",,"Đường Láng Hạ, Phường Láng Hạ, Quận Đống Đa, Hà NộiXem bản đồ","2,7 tỷ - 90 m2"
37 m²,3 phòng,,,"Nhà ngõ, hẻm",,,"97,3 triệu/m²",,,,,,ha-noi,"ANH VIÊN NHỜ BÁN NHÀ NGỌC THUỴ - TRONG ĐÊ - DÂN XÂY, 3,6 TỶ, 37M",,"Ngọc Thụy, Phường Ngọc Thụy, Quận Long Biên, Hà NộiXem bản đồ","3,6 tỷ - 37 m2"
32 m²,3 phòng,4 phòng,Đã có sổ,"Nhà ngõ, hẻm",,,"140,63 triệu/m²",,5,,Nội thất đầy đủ,,ha-noi,"Bán nhà ngõ phố Kjm Mã, nhà đẹp ở luôn",,"Kim Mã, Phường Kim Mã, Quận Ba Đình, Hà NộiXem bản đồ","4,5 tỷ - 32 m2"
42 m²,5 phòng,5 phòng,Đã có sổ,"Nhà ngõ, hẻm",,,"123,81 triệu/m²",,5,,Nội thất cao cấp,,ha-noi,"Bán gấp nhà ngõ 462 Bưởi, 42m2, nhỉnh 5 tỷ.",,"Đường Bưởi, Phường Vĩnh Phúc, Quận Ba Đình, Hà NộiXem bản đồ","5,2 tỷ - 42 m2"
90 m²,4 phòng,,Đã có sổ,"Nhà ngõ, hẻm",5 m,,"205,56 triệu/m²",,4,,Nội thất cao cấp,,ha-noi,"Bán nhà phố Nguyễn Ngọc Vũ, 90m2 nhà đẹp 4 tầng, thang máy giá 18.5 tỷ",,"Nguyễn Ngọc Vũ, Phường Trung Hoà, Quận Cầu Giấy, Hà NộiXem bản đồ","18,5 tỷ - 90 m2"
162 m²,3 phòng,3 phòng,Đã có sổ,"Nhà mặt phố, mặt tiền",4.0998 m,,"364,2 triệu/m²",,2,,,,ha-noi,"Bán nhà Mặt Phố khu vực Đào Duy Từ, DT 160m x 2 tầng, 59 tỷ đồng",,"Đào Duy Từ, Phường Hàng Buồm, Quận Hoàn Kiếm, Hà NộiXem bản đồ",59 tỷ - 162 m2
40 m²,5 phòng,5 phòng,Đã có sổ,"Nhà ngõ, hẻm",,,130 triệu/m²,,5,,Nội thất cao cấp,,ha-noi,"bán gấp, 1194 láng, 40m2, 5.2 tỷ, LÔ GÓC, Ô TÔ ĐỖ GẦN.",,"Đường Láng, Phường Láng Thượng, Quận Đống Đa, Hà NộiXem bản đồ","5,2 tỷ - 40 m2"
94 m²,5 phòng,5 phòng,Đã có sổ,"Nhà mặt phố, mặt tiền",,,"212,77 triệu/m²",,3,,Nội thất đầy đủ,,ha-noi,"Bán nhà mặt ngõ Láng Hạ, 94m2, 2 tầng, MT 6m, ô tô tránh dừng đỗ,20 tỷ",,"Phố Láng Hạ, Phường Láng Hạ, Quận Đống Đa, Hà NộiXem bản đồ",20 tỷ - 94 m2
28 m²,3 phòng,3 phòng,Đã có sổ,"Nhà ngõ, hẻm",,,"114,29 triệu/m²",,4,,Nội thất đầy đủ,,ha-noi,"BÁN NHÀ CHÍNH KINH – THANH XUÂN, 28M, 5 TẦNG, 3,2 TỶ",,"Phố Chính Kinh, Phường Nhân Chính, Quận Thanh Xuân, Hà NộiXem bản đồ","3,2 tỷ - 28 m2"
32 m²,3 phòng,4 phòng,Đã có sổ,"Nhà ngõ, hẻm",,,"140,63 triệu/m²",,5,,Nội thất đầy đủ,,ha-noi,"Bán nhà ngõ phố Kjm Mã, nhà đẹp ở luôn",,"Kim Mã, Phường Kim Mã, Quận Ba Đình, Hà NộiXem bản đồ","4,5 tỷ - 32 m2"
42 m²,5 phòng,5 phòng,Đã có sổ,"Nhà ngõ, hẻm",,,"123,81 triệu/m²",,5,,Nội thất cao cấp,,ha-noi,"Bán gấp nhà ngõ 462 Bưởi, 42m2, nhỉnh 5 tỷ.",,"Đường Bưởi, Phường Vĩnh Phúc, Quận Ba Đình, Hà NộiXem bản đồ","5,2 tỷ - 42 m2"
90 m²,4 phòng,,Đã có sổ,"Nhà ngõ, hẻm",5 m,,"205,56 triệu/m²",,4,,Nội thất cao cấp,,ha-noi,"Bán nhà phố Nguyễn Ngọc Vũ, 90m2 nhà đẹp 4 tầng, thang máy giá 18.5 tỷ",,"Nguyễn Ngọc Vũ, Phường Trung Hoà, Quận Cầu Giấy, Hà NộiXem bản đồ","18,5 tỷ - 90 m2"
162 m²,3 phòng,3 phòng,Đã có sổ,"Nhà mặt phố, mặt tiền",4.0998 m,,"364,2 triệu/m²",,2,,,,ha-noi,"Bán nhà Mặt Phố khu vực Đào Duy Từ, DT 160m x 2 tầng, 59 tỷ đồng",,"Đào Duy Từ, Phường Hàng Buồm, Quận Hoàn Kiếm, Hà NộiXem bản đồ",59 tỷ - 162 m2
40 m²,5 phòng,5 phòng,Đã có sổ,"Nhà ngõ, hẻm",,,130 triệu/m²,,5,,Nội thất cao cấp,,ha-noi,"bán gấp, 1194 láng, 40m2, 5.2 tỷ, LÔ GÓC, Ô TÔ ĐỖ GẦN.",,"Đường Láng, Phường Láng Thượng, Quận Đống Đa, Hà NộiXem bản đồ","5,2 tỷ - 40 m2"
94 m²,5 phòng,5 phòng,Đã có sổ,"Nhà mặt phố, mặt tiền",,,"212,77 triệu/m²",,3,,Nội thất đầy đủ,,ha-noi,"Bán nhà mặt ngõ Láng Hạ, 94m2, 2 tầng, MT 6m, ô tô tránh dừng đỗ,20 tỷ",,"Phố Láng Hạ, Phường Láng Hạ, Quận Đống Đa, Hà NộiXem bản đồ",20 tỷ - 94 m2
28 m²,3 phòng,3 phòng,Đã có sổ,"Nhà ngõ, hẻm",,,"114,29 triệu/m²",,4,,Nội thất đầy đủ,,ha-noi,"BÁN NHÀ CHÍNH KINH – THANH XUÂN, 28M, 5 TẦNG, 3,2 TỶ",,"Phố Chính Kinh, Phường Nhân Chính, Quận Thanh Xuân, Hà NộiXem bản đồ","3,2 tỷ - 28 m2"
45 m²,5 phòng,5 phòng,Đã có sổ,"Nhà ngõ, hẻm",,,"115,56 triệu/m²",,5,,Nội thất cao cấp,,ha-noi,"Bán gấp nhà, Nguyễn Khánh Toàn, lô góc 2 thoáng, ô tô đỗ gần.",,"Nguyễn Khánh Toàn, Phường Quan Hoa, Quận Cầu Giấy, Hà NộiXem bản đồ","5,2 tỷ - 45 m2"
45 m²,5 phòng,5 phòng,Đã có sổ,"Nhà ngõ, hẻm",,,"115,56 triệu/m²",,5,,Nội thất cao cấp,,ha-noi,"Anh chị cần mua nhà Đào Tấn, 45m2, 5.2 tỷ, lô góc, ô tô đỗ gần.",,"Phố Đào Tấn, Phường Cống Vị, Quận Ba Đình, Hà NộiXem bản đồ","5,2 tỷ - 45 m2"
45 m²,5 phòng,5 phòng,Đã có sổ,"Nhà ngõ, hẻm",,,"111,11 triệu/m²",,5,,Nội thất cao cấp,,ha-noi,"Bán gấp nhà Nguyễn Đình Hoàn, lô góc 2 thoáng, 45m2, nhỉnh 5 tỷ.",,"Nguyễn Đình Hoàn, Phường Quan Hoa, Quận Cầu Giấy, Hà NộiXem bản đồ",5 tỷ - 45 m2
45 m²,5 phòng,5 phòng,Đã có sổ,"Nhà ngõ, hẻm",,,"122,22 triệu/m²",,4,,Nội thất cao cấp,,ha-noi,"bán gấp nhà riêng Nguyễn Khánh Toàn, lô góc, 45m2, 5.5 tỷ.",,"Nguyễn Khánh toàn, Phường Quan Hoa, Quận Cầu Giấy, Hà NộiXem bản đồ","5,5 tỷ - 45 m2"
60 m²,5 phòng,,Đã có sổ,"Nhà mặt phố, mặt tiền",5 m,,250 triệu/m²,,5,,Nội thất đầy đủ,,ha-noi,"Bán nhà mặt phố Trịnh Hoài Đức, Ba Đình, 60m2, Mặt tiền 5m,15 tỷ",,"trịnh hoài đức, Phường Cát Linh, Quận Đống Đa, Hà NộiXem bản đồ",15 tỷ - 60 m2
35 m²,3 phòng,,Đã có sổ,"Nhà ngõ, hẻm",,,"108,57 triệu/m²",,,,,,ha-noi,"THANH LÂN- HOÀNG MAI: 35M * 5 TẦNG * MT 4M * GIÁ 3,8 TỶ. OTO ĐỖ CỬA.",,"Phố Thanh Lân, Phường Thanh Trì, Quận Hoàng Mai, Hà NộiXem bản đồ","3,8 tỷ - 35 m2"
45 m²,5 phòng,5 phòng,Đã có sổ,"Nhà ngõ, hẻm",,,"106,67 triệu/m²",,5,,Nội thất đầy đủ,,ha-noi,"Bán nhà Xuân Thủy, 45m2, 4.8 tỷ.",,"Xuân Thủy, Phường Yên Hoà, Quận Cầu Giấy, Hà NộiXem bản đồ","4,8 tỷ - 45 m2"
35 m²,4 phòng,4 phòng,Đã có sổ,"Nhà ngõ, hẻm",,,"85,71 triệu/m²",,5,,Nội thất đầy đủ,,ha-noi,"Nhà mới Định Công Thượng, gần phố, nhiều tiện ích, ở sướng 35m2*5T",,"Định Công Thượng, Phường Định Công, Quận Hoàng Mai, Hà NộiXem bản đồ",3 tỷ - 35 m2
45 m²,5 phòng,5 phòng,Đã có sổ,"Nhà ngõ, hẻm",,,"122,22 triệu/m²",,5,,Nội thất cao cấp,,ha-noi,"Bán nhà Cầu Giấy, KIA morning vào nhà, 45m2, 5.5 tỷ.",,"Cầu Giấy, Phường Yên Hoà, Quận Cầu Giấy, Hà NộiXem bản đồ","5,5 tỷ - 45 m2"
27 m²,3 phòng,,Đã có sổ,"Nhà ngõ, hẻm",,,"194,44 triệu/m²",,,,,,ha-noi,"MẶT NGÕ PHỐ LÃNG YÊN: 27M/ 4 TẦNG/ MT 3,6M/ GIÁ 5,25 TỶ.",,"Lãng Yên, Phường Đống Mác, Quận Hai Bà Trưng, Hà NộiXem bản đồ","5,25 tỷ - 27 m2"
42.5 m²,4 phòng,,Đã có sổ,"Nhà ngõ, hẻm",,,"112,94 triệu/m²",Bắc,4,,Nội thất đầy đủ,,ha-noi,cần bán gấp nhà 4 tầng.4 ngủ.Dt 44m2.Giá 4.8 tỷ.nguyễn văn cừ longbiên,,"Đường Nguyễn Văn Cừ, Phường Ngọc Lâm, Quận Long Biên, Hà NộiXem bản đồ","4,8 tỷ - 42.5 m2"
42 m²,4 phòng,4 phòng,Đã có sổ,"Nhà ngõ, hẻm",,,"116,67 triệu/m²",,5,,Nội thất cao cấp,,ha-noi,"Bán nhà riêng Hoàng Quốc Việt, 42m2, 4.9 tỷ.",,"Phố Nghĩa Đô, Phường Nghĩa Đô, Quận Cầu Giấy, Hà NộiXem bản đồ","4,9 tỷ - 42 m2"
195 m²,6 phòng,6 phòng,Đã có sổ,"Nhà mặt phố, mặt tiền",,,"246,15 triệu/m²",,3,,Nội thất cao cấp,,ha-noi,"Bán nhà mặt phố Giảng Võ, MT 7m, 195m2,cho thuê 150tr/1 tháng, 48 tỷ",,"giảng võ, Phường Giảng Võ, Quận Ba Đình, Hà NộiXem bản đồ",48 tỷ - 195 m2
35 m²,3 phòng,,Đã có sổ,"Nhà ngõ, hẻm",,,"108,57 triệu/m²",,,,,,ha-noi,"THANH LÂN- HOÀNG MAI: 35M * 5 TẦNG * MT 4M * GIÁ 3,8 TỶ. OTO ĐỖ CỬA.",,"Phố Thanh Lân, Phường Thanh Trì, Quận Hoàng Mai, Hà NộiXem bản đồ","3,8 tỷ - 35 m2"
45 m²,5 phòng,5 phòng,Đã có sổ,"Nhà ngõ, hẻm",,,"106,67 triệu/m²",,5,,Nội thất đầy đủ,,ha-noi,"Bán nhà Xuân Thủy, 45m2, 4.8 tỷ.",,"Xuân Thủy, Phường Yên Hoà, Quận Cầu Giấy, Hà NộiXem bản đồ","4,8 tỷ - 45 m2"
35 m²,4 phòng,4 phòng,Đã có sổ,"Nhà ngõ, hẻm",,,"85,71 triệu/m²",,5,,Nội thất đầy đủ,,ha-noi,"Nhà mới Định Công Thượng, gần phố, nhiều tiện ích, ở sướng 35m2*5T",,"Định Công Thượng, Phường Định Công, Quận Hoàng Mai, Hà NộiXem bản đồ",3 tỷ - 35 m2
45 m²,5 phòng,5 phòng,Đã có sổ,"Nhà ngõ, hẻm",,,"122,22 triệu/m²",,5,,Nội thất cao cấp,,ha-noi,"Bán nhà Cầu Giấy, KIA morning vào nhà, 45m2, 5.5 tỷ.",,"Cầu Giấy, Phường Yên Hoà, Quận Cầu Giấy, Hà NộiXem bản đồ","5,5 tỷ - 45 m2"
27 m²,3 phòng,,Đã có sổ,"Nhà ngõ, hẻm",,,"194,44 triệu/m²",,,,,,ha-noi,"MẶT NGÕ PHỐ LÃNG YÊN: 27M/ 4 TẦNG/ MT 3,6M/ GIÁ 5,25 TỶ.",,"Lãng Yên, Phường Đống Mác, Quận Hai Bà Trưng, Hà NộiXem bản đồ","5,25 tỷ - 27 m2"
42.5 m²,4 phòng,,Đã có sổ,"Nhà ngõ, hẻm",,,"112,94 triệu/m²",Bắc,4,,Nội thất đầy đủ,,ha-noi,cần bán gấp nhà 4 tầng.4 ngủ.Dt 44m2.Giá 4.8 tỷ.nguyễn văn cừ longbiên,,"Đường Nguyễn Văn Cừ, Phường Ngọc Lâm, Quận Long Biên, Hà NộiXem bản đồ","4,8 tỷ - 42.5 m2"
42 m²,4 phòng,4 phòng,Đã có sổ,"Nhà ngõ, hẻm",,,"116,67 triệu/m²",,5,,Nội thất cao cấp,,ha-noi,"Bán nhà riêng Hoàng Quốc Việt, 42m2, 4.9 tỷ.",,"Phố Nghĩa Đô, Phường Nghĩa Đô, Quận Cầu Giấy, Hà NộiXem bản đồ","4,9 tỷ - 42 m2"
195 m²,6 phòng,6 phòng,Đã có sổ,"Nhà mặt phố, mặt tiền",,,"246,15 triệu/m²",,3,,Nội thất cao cấp,,ha-noi,"Bán nhà mặt phố Giảng Võ, MT 7m, 195m2,cho thuê 150tr/1 tháng, 48 tỷ",,"giảng võ, Phường Giảng Võ, Quận Ba Đình, Hà NộiXem bản đồ",48 tỷ - 195 m2
45 m²,4 phòng,4 phòng,Đã có sổ,"Nhà ngõ, hẻm",,,"111,11 triệu/m²",,3,,Nội thất đầy đủ,,ha-noi,"Bán nhà mặt ngõ kinh doanh, Hồ Tùng Mậu, 45m2, 5 tỷ.",,"Hồ Tùng Mậu, Phường Mai Dịch, Quận Cầu Giấy, Hà NộiXem bản đồ",5 tỷ - 45 m2
42 m²,4 phòng,4 phòng,Đã có sổ,"Nhà ngõ, hẻm",,,"130,95 triệu/m²",,5,,Nội thất đầy đủ,,ha-noi,"bán nhà Cầu Giấy, 42m2, 5.5 tỷ, lô góc, gần phố.",,"cầu giấy, Phường Yên Hoà, Quận Cầu Giấy, Hà NộiXem bản đồ","5,5 tỷ - 42 m2"
43 m²,4 phòng,,Đã có sổ,"Nhà ngõ, hẻm",4 m,,"111,63 triệu/m²",,5,,Nội thất cao cấp,,ha-noi,"Bán mặt ngõ ôtô, Xuân La, lô góc, 43m2, 4.8 tỷ.",,"Đường Xuân La, Phường Xuân La, Quận Tây Hồ, Hà NộiXem bản đồ","4,8 tỷ - 43 m2"
140 m²,5 phòng,5 phòng,Đã có sổ,"Nhà mặt phố, mặt tiền",,,"271,43 triệu/m²",,3,,Nội thất cao cấp,,ha-noi,"Bán căn nhà vàng mặt phố CAO BÁ QUÁT, 140m2, mặt tiền 10m, 38 tỷ",,"Phố Cao Bá Quát, Phường Điện Biên, Quận Ba Đình, Hà NộiXem bản đồ",38 tỷ - 140 m2
48 m²,5 phòng,4 phòng,Đã có sổ,"Nhà mặt phố, mặt tiền",,,"119,79 triệu/m²",,5,,Nội thất đầy đủ,,ha-noi,"Nhà mặt đường gần Vincom, 48M x 5 Tầng, kinh doanh,đường 13M",,"đại lộ thăng long, Phường Tây Mỗ, Quận Nam Từ Liêm, Hà NộiXem bản đồ","5,75 tỷ - 48 m2"
34 m²,4 phòng,3 phòng,Đã có sổ,"Nhà ngõ, hẻm",,,75 triệu/m²,,4,,Nội thất đầy đủ,,ha-noi,"Nhà gần Xuân Phương,Trịnh Văn Bô xây 4 Tầng,ô tô đỗ cửa giá 2.55 tỷ",,"Đường Xuân Phương, Phường Xuân Phương, Quận Nam Từ Liêm, Hà NộiXem bản đồ","2,55 tỷ - 34 m2"
35 m²,4 phòng,3 phòng,Đã có sổ,"Nhà ngõ, hẻm",,,"81,43 triệu/m²",,5,,Nội thất đầy đủ,,ha-noi,"Bán nhà riêng Xuân Phương, Mỹ Đình xây 5 Tầng, 4P Ngủ, full đồ",,"xuân Phương, Phường Xuân Phương, Quận Nam Từ Liêm, Hà NộiXem bản đồ","2,85 tỷ - 35 m2"
35 m²,4 phòng,3 phòng,Đã có sổ,"Nhà ngõ, hẻm",,,"68,57 triệu/m²",,5,,Nội thất đầy đủ,,ha-noi,"Bán nhà Vân Canh xây 5 Tầng,4P Ngủ, view thoáng, giá 2.4 tỷ",,"422, Xã Vân Canh, Huyện Hoài Đức, Hà NộiXem bản đồ","2,4 tỷ - 35 m2"
33 m²,4 phòng,3 phòng,Đã có sổ,"Nhà ngõ, hẻm",,,"83,33 triệu/m²",,5,,Nội thất đầy đủ,,ha-noi,"Bán nhà Tây Mỗ, xây mới 5 Tầng, 4P Ngủ,có nội thất,ngõ rộng",,"Tây Mỗ, Phường Tây Mỗ, Quận Nam Từ Liêm, Hà NộiXem bản đồ","2,75 tỷ - 33 m2"
60 m²,5 phòng,3 phòng,Đã có sổ,"Nhà ngõ, hẻm",,,75 triệu/m²,,4,,Nội thất đầy đủ,,ha-noi,"Bán nhà Đại Mô 58M2-4 Tầng, nội thất đẹp, ngõ rộng thoáng",,"Đường Quang Tiến, Phường Đại Mỗ, Quận Nam Từ Liêm, Hà NộiXem bản đồ","4,5 tỷ - 60 m2"
50 m²,5 phòng,,Đã có sổ,"Nhà mặt phố, mặt tiền",4 m,,110 triệu/m²,,6,,Nội thất đầy đủ,,ha-noi,"Bán nhà mặt phố Đại Lộ Thăng Long, Vỉa Hè đường 11M xây 5 Tầng 50M2",,"Đại lộ Thăng Long, Phường Tây Mỗ, Quận Nam Từ Liêm, Hà NộiXem bản đồ","5,5 tỷ - 50 m2"
170 m²,4 phòng,3 phòng,Đã có sổ,"Nhà ngõ, hẻm",,,"15,88 triệu/m²",,5,,Nội thất đầy đủ,,ha-noi,"Bán nhà riêng Phương Canh, Ngã Tư Canh xây 5 Tầng, nội thất đẹp",,"đường phương canh, Phường Phương Canh, Quận Nam Từ Liêm, Hà NộiXem bản đồ","2,7 tỷ - 170 m2"
60 m²,5 phòng,3 phòng,Đã có sổ,"Nhà ngõ, hẻm",,,75 triệu/m²,,4,,Nội thất đầy đủ,,ha-noi,"Bán nhà Đại Mô 58M2-4 Tầng, nội thất đẹp, ngõ rộng thoáng",,"Đường Quang Tiến, Phường Đại Mỗ, Quận Nam Từ Liêm, Hà NộiXem bản đồ","4,5 tỷ - 60 m2"
50 m²,5 phòng,,Đã có sổ,"Nhà mặt phố, mặt tiền",4 m,,110 triệu/m²,,6,,Nội thất đầy đủ,,ha-noi,"Bán nhà mặt phố Đại Lộ Thăng Long, Vỉa Hè đường 11M xây 5 Tầng 50M2",,"Đại lộ Thăng Long, Phường Tây Mỗ, Quận Nam Từ Liêm, Hà NộiXem bản đồ","5,5 tỷ - 50 m2"
170 m²,4 phòng,3 phòng,Đã có sổ,"Nhà ngõ, hẻm",,,"15,88 triệu/m²",,5,,Nội thất đầy đủ,,ha-noi,"Bán nhà riêng Phương Canh, Ngã Tư Canh xây 5 Tầng, nội thất đẹp",,"đường phương canh, Phường Phương Canh, Quận Nam Từ Liêm, Hà NộiXem bản đồ","2,7 tỷ - 170 m2"
77 m²,5 phòng,5 phòng,Đã có sổ,"Nhà mặt phố, mặt tiền",,,"175,32 triệu/m²",,5,,Nội thất đầy đủ,,ha-noi,"Bán nhà mặt ngõ phố Kim Mã,ô tô tránh, 77m2, 5 tầng, MT 6.75m, 13.5 tỷ",,"Phố Kim Mã, Phường Kim Mã, Quận Ba Đình, Hà NộiXem bản đồ","13,5 tỷ - 77 m2"
90 m²,5 phòng,5 phòng,Đã có sổ,"Nhà mặt phố, mặt tiền",6 m,,"222,22 triệu/m²",,2,,,,ha-noi,"Bán Biệt thự vàng Phố Vạn Phúc, ô tô tránh, 90m2, 2 tầng, MT 6m, 20 tỷ",,"Phố Vạn Phúc, Phường Kim Mã, Quận Ba Đình, Hà NộiXem bản đồ",20 tỷ - 90 m2
30 m²,3 phòng,4 phòng,Đã có sổ,"Nhà ngõ, hẻm",,,"143,33 triệu/m²",,5,,Nội thất cao cấp,,ha-noi,"Bán Nhà Mỹ Đình 30m2x5Tầng, MT4.3m - Nhà Mới Dân Xây - Tặng Nội Thất",,"Đường Mỹ Đình, Phường Mỹ Đình 1, Quận Nam Từ Liêm, Hà NộiXem bản đồ","4,3 tỷ - 30 m2"
30 m²,3 phòng,4 phòng,Đã có sổ,"Nhà ngõ, hẻm",,,"98,33 triệu/m²",,5,,,,ha-noi,Chỉ 2.95Tỷ Có Nhà 30m2x5 Tầng Nhà Mới Đét Nam Từ Liêm,,"Đường Mỹ Đình, Phường Mỹ Đình 1, Quận Nam Từ Liêm, Hà NộiXem bản đồ","2,95 tỷ - 30 m2"
17 m²,2 phòng,2 phòng,Đã có sổ,"Nhà ngõ, hẻm",,,"70,59 triệu/m²",,4,,Nhà trống,,ha-noi,1.2tỷ có nhà 4T - DT17m- Lĩnh Nam-Hoàng Mai-Qui hoạch ổn định-Có sổ đỏ,,"Lĩnh Nam, Phường Lĩnh Nam, Quận Hoàng Mai, Hà NộiXem bản đồ","1,2 tỷ - 17 m2"
51 m²,4 phòng,,,"Nhà ngõ, hẻm",,,"109,8 triệu/m²",,5,,,,ha-noi,"Bán nhà Vũ Trọng Phụng 51m*MT5m, 3 bước ra phố, ngõ 3 gác, ở ngay",,"vũ trọng phung, Phường Thanh Xuân Trung, Quận Thanh Xuân, Hà NộiXem bản đồ","5,6 tỷ - 51 m2"
52 m²,6 phòng,6 phòng,Đã có sổ,"Nhà mặt phố, mặt tiền",8.6 m,,250 triệu/m²,,6,,,,ha-noi,"Bán nhà Mặt Phố Đốc Ngữ, Quận Ba Đình, 52m2, 6 tầng, MT 8.6m, 13 tỷ",,"Phố Đốc Ngữ, Phường Vĩnh Phúc, Quận Ba Đình, Hà NộiXem bản đồ",13 tỷ - 52 m2
38 m²,4 phòng,,,"Nhà ngõ, hẻm",,,"107,89 triệu/m²",,5,,,,ha-noi,"Cần bán nhà phố Bùi Xương Trạch 38M*4T, 3 gác tránh, gần ô tô,ở luôn",,"Bùi Xương Trạch, Phường Khương Đình, Quận Thanh Xuân, Hà NộiXem bản đồ","4,1 tỷ - 38 m2"
35 m²,3 phòng,4 phòng,Đã có sổ,"Nhà ngõ, hẻm",,,"114,29 triệu/m²",,5,,Nội thất cao cấp,,ha-noi,BÁN NHANH NHÀ XUÂN PHƯƠNG - HOÈ THỊ MỚI ĐẸP 35M X 5T. Ô TÔ CÁCH 5M.,,"Phố Hòe Thị, Phường Xuân Phương, Quận Nam Từ Liêm, Hà NộiXem bản đồ",4 tỷ - 35 m2
56 m²,5 phòng,,Đã có sổ,"Nhà mặt phố, mặt tiền",10 m,,"446,43 triệu/m²",,5,,Nội thất đầy đủ,,ha-noi,"Mảnh đất vàng mặt phố Thợ Nhuộm, 56m2, MT 10M, cho thuê 50tr, 25 tỷ",,"Phố Thợ Nhuộm, Phường Trần Hưng Đạo, Quận Hoàn Kiếm, Hà NộiXem bản đồ",25 tỷ - 56 m2
60 m²,6 phòng,,,"Nhà mặt phố, mặt tiền",,,350 triệu/m²,,,,,,ha-noi,Chính chủ bán nhà mặt phố Dương Khuê-kd-7 tầng-Thang máy-60m-Mt 5m.,,"Dương Khuê, Phường Mai Dịch, Quận Cầu Giấy, Hà NộiXem bản đồ",21 tỷ - 60 m2
48 m²,5 phòng,5 phòng,Đã có sổ,"Nhà ngõ, hẻm",,,"82,92 triệu/m²",,3,,Nội thất cao cấp,,ha-noi,Chính chủ bán nhà phố LÁNG HẠ ngõ ôTô đỗ cửa 3.98 tỷ 4T 48m2,,"Láng Hạ, Phường Láng Hạ, Quận Đống Đa, Hà NộiXem bản đồ","3,98 tỷ - 48 m2"
15 m²,3 phòng,3 phòng,Đã có sổ,"Nhà ngõ, hẻm",,,"105,33 triệu/m²",,4,,Nội thất đầy đủ,,ha-noi,Sổ tên tôi K qua trung gian 15m2 Tôn Đức Thắng Đê La Thành 4T 60m ô tô,,"Phố Tôn Đức Thắng, Phường Hàng Bột, Quận Đống Đa, Hà NộiXem bản đồ","1,58 tỷ - 15 m2"
78 m²,5 phòng,5 phòng,Đã có sổ,"Nhà mặt phố, mặt tiền",,,"182,05 triệu/m²",,4,,Nội thất cao cấp,,ha-noi,Tôi cần bán nhà Phân Lô Phố TÔN ĐỨC THẮNG 78m2 ôtô tránh Lô Góc 3 tầng,,"Tôn Đức Thắng, Phường Hàng Bột, Quận Đống Đa, Hà NộiXem bản đồ","14,2 tỷ - 78 m2"
48 m²,4 phòng,5 phòng,Đã có sổ,"Nhà ngõ, hẻm",,,"159,38 triệu/m²",,5,,Nội thất cao cấp,,ha-noi,7.65 TỶ PHÂN LÔ Ô TÔ TRÁNH_ BẮC TỪ LIÊM_ KINH DOANH DIỆN TÍCH RỘNG,,"Đường Phạm Văn Đồng, Phường Xuân Đỉnh, Quận Bắc Từ Liêm, Hà NộiXem bản đồ","7,65 tỷ - 48 m2"
100 m²,5 phòng,5 phòng,Đã có sổ,"Nhà mặt phố, mặt tiền",,,220 triệu/m²,,3,,Nhà trống,,ha-noi,"Bán nhà mặt phố Ngọc Hà, quận ba đình, 100m2, Mặt tiền 6.4m, 22 tỷ",,"Phố Ngọc Hà, Phường Ngọc Hà, Quận Ba Đình, Hà NộiXem bản đồ",22 tỷ - 100 m2
57 m²,5 phòng,5 phòng,Đã có sổ,"Nhà mặt phố, mặt tiền",9 m,,"394,74 triệu/m²",,5,,,,ha-noi,"Bán nhà mặt phố Nguyễn Chí Thanh, 57m2, 5 Tầng, Mặt tiền 9m,22.5 tỷ",,"Đường Nguyễn Chí Thanh, Phường Ngọc Khánh, Quận Ba Đình, Hà NộiXem bản đồ","22,5 tỷ - 57 m2"
