Diện tích đất:,Số phòng ngủ:,Số phòng vệ sinh:,Giấy tờ pháp lý:,Loại hình nhà ở:,Chiều ngang:,Diện tích sử dụng:,Giá/m2:,Hướng cửa chính:,Tổng số tầng:,Đặc điểm nhà/đất:,Tình trạng nội thất:,Chiều dài:,Location,Name,URL,District,Price
35 m²,4 phòng,3 phòng,Đã có sổ,"Nhà ngõ, hẻm",,,70 triệu/m²,Đông Bắc,4,,,,ha-noi,Nhà mặt ngõ thông tại Phú Lương~35m2x4T+ tầng lửng /ô tô cách 50m,,"Phú Lương, Phường Phú Lương, Quận Hà Đông, Hà NộiXem bản đồ","2,45 tỷ - 35 m2"
55 m²,4 phòng,3 phòng,Đã có sổ,"Nhà mặt phố, mặt tiền",,,"190,91 triệu/m²",,5,,Nội thất đầy đủ,,ha-noi,"Bán Nhà 5 Tầng Mặt Ngõ Ô Tô Tránh Kinh Doanh, Phố Lạc Long Quân",,"Lạc Long Quân, Phường Nghĩa Đô, Quận Cầu Giấy, Hà NộiXem bản đồ","10,5 tỷ - 55 m2"
63 m²,4 phòng,,Đã có sổ,"Nhà mặt phố, mặt tiền",,,"365,08 triệu/m²",,2,,Nội thất đầy đủ,,ha-noi,CHỦ VỠ NỢ BÁN GẤP MẶT PHỐ VẠN PHÚC - LÔ GÓC 3 THOÁNG,,"Vạn Phúc, Phường Kiến Hưng, Quận Hà Đông, Hà NộiXem bản đồ",23 tỷ - 63 m2
44.5 m²,2 phòng,1 phòng,Giấy tờ khác,"Nhà ngõ, hẻm",,,"49,44 triệu/m²",,2,,,,ha-noi,cần tiền kimh doanh lên bán,,"Số Nhà 4 Ngõ 99/110/64 Phô Định Công Hạ, Phường Định Công, Quận Hoàng Mai, Hà NộiXem bản đồ","2,2 tỷ - 44.5 m2"
90 m²,4 phòng,4 phòng,Đã có sổ,"Nhà ngõ, hẻm",,,"84,44 triệu/m²",,4,,Nội thất đầy đủ,,ha-noi,"Bán Biệt Thự sân vườn mini KIM HOA, giá đầu tư, 90m2x4T, nhỉnh 7 tỷ",,"Kim Hoa, Phường Kim Liên, Quận Đống Đa, Hà NộiXem bản đồ","7,6 tỷ - 90 m2"
55 m²,5 phòng,5 phòng,Đã có sổ,"Nhà mặt phố, mặt tiền",,,"221,82 triệu/m²",,6,,Nội thất cao cấp,,ha-noi,𝐍𝐇À 𝐂𝐇Í𝐍𝐇 𝐂𝐇Ủ 𝐂Ự𝐂 ĐẸ𝐏 - THANG MÁY - Ô TÔ - ĐÀO TẤN - BA ĐÌNH,,"Đào Tấn, Phường Liễu Giai, Quận Ba Đình, Hà NộiXem bản đồ","12,2 tỷ - 55 m2"
30 m²,3 phòng,4 phòng,Đã có sổ,"Nhà ngõ, hẻm",,,"166,67 triệu/m²",,5,,Nội thất đầy đủ,,ha-noi,"NHÀ MỚI QUAN NHÂN-30M RA PHÔ-NGÕ NÔNG,THOÁNG 30M 5 TẦNG 5 TỶ HƠN",,"Quan Nhân, Phường Nhân Chính, Quận Thanh Xuân, Hà NộiXem bản đồ",5 tỷ - 30 m2
45 m²,3 phòng,,Đã có sổ,"Nhà mặt phố, mặt tiền",,,"157,78 triệu/m²",,6,Hẻm xe hơi,,,ha-noi,"Phố Xuân La,Nhà đẹp 6T thông sàn, Oto qua nhà, Kinh doanh 7.1 tỷ",,"Xuân La, Phường Nhật Tân, Quận Tây Hồ, Hà NộiXem bản đồ","7,1 tỷ - 45 m2"
35 m²,5 phòng,4 phòng,Đã có sổ,"Nhà ngõ, hẻm",3 m,,"115,71 triệu/m²",,5,,,,ha-noi,Nóng !!! Lô 3 căn Giáp Nhị xây mới chỉ còn lại 1 căn cuối giá ưu đãi,,"Phố Giáp Nhị, Phường Thịnh Liệt, Quận Hoàng Mai, Hà NộiXem bản đồ","4,05 tỷ - 35 m2"
51 m²,8 phòng,,Đã có sổ,"Nhà mặt phố, mặt tiền",,,"196,08 triệu/m²",,5,"Hẻm xe hơi,Nở hậu",,,ha-noi,"CHÍNH CHỦ BÁN NHÀ MẶT PHỐ LÊ TRỌNG TẤN KINH DOANH 51m2, 5TẦNG, 10 TỶ",,"Lê Trọng Tấn, Phường Khương Mai, Quận Thanh Xuân, Hà NộiXem bản đồ",10 tỷ - 51 m2
40 m²,3 phòng,2 phòng,Đã có sổ,"Nhà ngõ, hẻm",,,65 triệu/m²,,2,,Nội thất cao cấp,,ha-noi,⚡️⚡️GẤP!! Bán nhà chợ Hà Đông🏡40m2 🏛LÔ GÓC - NGÕ 3M - PHÂN LÔ VUÔNG,,"Hà Trì, Phường Hà Cầu, Quận Hà Đông, Hà NộiXem bản đồ","2,6 tỷ - 40 m2"
42 m²,3 phòng,3 phòng,Đã có sổ,"Nhà ngõ, hẻm",,42 m²,"96,67 triệu/m²",,5,,,,ha-noi,"Ngõ ba gác, Xuân Đỉnh, lô góc, thoáng trước sau, gần phố, oto gần,42m2",,"Đường Xuân Đỉnh, Phường Xuân Đỉnh, Quận Bắc Từ Liêm, Hà NộiXem bản đồ","4,06 tỷ - 42 m2"
38 m²,5 phòng,5 phòng,Đã có sổ,"Nhà ngõ, hẻm",3.2 m,,"131,58 triệu/m²",,5,,,,ha-noi,THỊNH QUANG- NGÕ THÔNG-KINH DOANH-15M OTO-DT 38M2 HƠN 5 TỶ,,"Thịnh Quang, Phường Thịnh Quang, Quận Đống Đa, Hà NộiXem bản đồ",5 tỷ - 38 m2
70 m²,4 phòng,3 phòng,,Nhà phố liền kề,,70 m²,"157,14 triệu/m²",,,,,,ha-noi,"Bán nhà Ao Sào, 70m x 4T MT 4.5m, phân lô bàn cờ, ô tô tải tránh, 11tỷ",,"ao sào, Phường Thịnh Liệt, Quận Hoàng Mai, Hà NộiXem bản đồ",11 tỷ - 70 m2
60 m²,6 phòng,6 phòng,Đã có sổ,Nhà phố liền kề,,,"163,33 triệu/m²",,6,,Nhà trống,,ha-noi,"Bán nhà Vĩnh Tuy, 60m x 6T thang máy,lô góc 3 thoáng,ôtô tránh, 9.8 tỷ",,"Phố Vĩnh Tuy, Phường Vĩnh Tuy, Quận Hai Bà Trưng, Hà NộiXem bản đồ","9,8 tỷ - 60 m2"
55 m²,4 phòng,4 phòng,Đã có sổ,"Nhà mặt phố, mặt tiền",,250 m²,"218,18 triệu/m²",,,,Nội thất cao cấp,,ha-noi,MẶT PHỐ KHƯƠNG THƯỢNG-GARA OTO-KINH DOANH ĐỈNH 55M 4 TẦNG 12 TỶ,,"Khương Thượng, Phường Khương Thượng, Quận Đống Đa, Hà NộiXem bản đồ",12 tỷ - 55 m2
60 m²,7 phòng,6 phòng,Đã có sổ,"Nhà ngõ, hẻm",4 m,,"266,67 triệu/m²",,7,,,,ha-noi,"Bán nhà Thái Hà xây mới, ngõ oto vào",,"Phố Thái Hà, Phường Trung Liệt, Quận Đống Đa, Hà NộiXem bản đồ",16 tỷ - 60 m2
45 m²,4 phòng,4 phòng,Đã có sổ,"Nhà ngõ, hẻm",,,"85,56 triệu/m²",,4,,Nội thất đầy đủ,,ha-noi,"🏡 Bán Nhà 4 Tầng 45m²,Ngõ 3 Gác,Chợ Thạch Bàn+Bát Khối,giá chỉ 3,85tỷ",,"Đường Bát Khối, Phường Long Biên, Quận Long Biên, Hà NộiXem bản đồ","3,85 tỷ - 45 m2"
31 m²,1 phòng,1 phòng,Đã có sổ,"Nhà mặt phố, mặt tiền",,31 m²,"303,23 triệu/m²",,,,,,ha-noi,"Bán mặt phố Minh Khai, 31m2 -MT 4,4m, sổ đỏ đẹp, vỉa hè to,Giá 9.4 tỷ",,"Phố Minh Khai, Phường Minh Khai, Quận Hai Bà Trưng, Hà NộiXem bản đồ","9,4 tỷ - 31 m2"
100 m²,1 phòng,1 phòng,Đã có sổ,"Nhà mặt phố, mặt tiền",,104 m²,220 triệu/m²,,,,,,ha-noi,"Mặt phố Bùi Huy Bích, 105m - MT 6.5m, vỉa hè siêu rộng, đường 4 làn xe",,"Phố Bùi Huy Bích, Phường Hoàng Liệt, Quận Hoàng Mai, Hà NộiXem bản đồ",22 tỷ - 100 m2
31 m²,1 phòng,1 phòng,Đã có sổ,"Nhà mặt phố, mặt tiền",,31 m²,"303,23 triệu/m²",,,,,,ha-noi,"Bán mặt phố Minh Khai, 31m2 -MT 4,4m, sổ đỏ đẹp, vỉa hè to,Giá 9.4 tỷ",,"Phố Minh Khai, Phường Minh Khai, Quận Hai Bà Trưng, Hà NộiXem bản đồ","9,4 tỷ - 31 m2"
100 m²,1 phòng,1 phòng,Đã có sổ,"Nhà mặt phố, mặt tiền",,104 m²,220 triệu/m²,,,,,,ha-noi,"Mặt phố Bùi Huy Bích, 105m - MT 6.5m, vỉa hè siêu rộng, đường 4 làn xe",,"Phố Bùi Huy Bích, Phường Hoàng Liệt, Quận Hoàng Mai, Hà NộiXem bản đồ",22 tỷ - 100 m2
86 m²,4 phòng,4 phòng,,"Nhà mặt phố, mặt tiền",7 m,,"204,65 triệu/m²",,4,,,,ha-noi,"Mặt phố Chùa Quỳnh, 86m x 4T, MT 7m, thang máy, kinh doanh,giá 17.6 tỷ",,"Phố Chùa Quỳnh, Phường Quỳnh Lôi, Quận Hai Bà Trưng, Hà NộiXem bản đồ","17,6 tỷ - 86 m2"
65 m²,6 phòng,5 phòng,Đã có sổ,"Nhà ngõ, hẻm",,,"184,62 triệu/m²",,5,,,,ha-noi,"Bán nhà Đền Lừ,65m - 5T - MT4m-sát công viên-ô tô tải tránh-kinh doanh",," lô 12 đền lừ 1, Phường Hoàng Văn Thụ, Quận Hoàng Mai, Hà NộiXem bản đồ",12 tỷ - 65 m2
76 m²,6 phòng,5 phòng,,"Nhà ngõ, hẻm",,76 m²,"138,16 triệu/m²",,5,,,,ha-noi,"Bán nhà Sống Hoàng plô bàn cờ, 76m x 5T, MT8m, ô tô tải tránh, 10.5 tỷ",,"Đường Lĩnh Nam, Phường Mai Động, Quận Hoàng Mai, Hà NộiXem bản đồ","10,5 tỷ - 76 m2"
38 m²,4 phòng,5 phòng,Đã có sổ,"Nhà mặt phố, mặt tiền",,,"255,26 triệu/m²",,7,,Nội thất cao cấp,,ha-noi,𝐍𝐇À 𝐂𝐇Í𝐍𝐇 𝐂𝐇Ủ 𝐂Ự𝐂 ĐẸ𝐏 - GIANG VĂN MINH - BA ĐÌNH,,"Phố Giang Văn Minh, Phường Kim Mã, Quận Ba Đình, Hà NộiXem bản đồ","9,7 tỷ - 38 m2"
35.1 m²,3 phòng,3 phòng,Đã có sổ,"Nhà mặt phố, mặt tiền",,,"59,54 triệu/m²",Đông Nam,4,,,,ha-noi,"Nhà 4 tầng Biên Giang Hà Đông, trước cửa ô tô tránh,Nội thất đầy đủ",,"Đường An Thắng, Phường Biên Giang, Quận Hà Đông, Hà NộiXem bản đồ","2,09 tỷ - 35.1 m2"
90 m²,5 phòng,5 phòng,,"Nhà ngõ, hẻm",,,"66,67 triệu/m²",,,Hẻm xe hơi,,,ha-noi,"Gia đình cần bán gấp nhà Thanh Nhàn, quận Hai Bà Trưng, Hà Nội",,"311/12a, Phố Thanh Nhàn, Phường Thanh Nhàn, Quận Hai Bà Trưng, Hà NộiXem bản đồ",6 tỷ - 90 m2
35 m²,3 phòng,,,"Nhà mặt phố, mặt tiền",,,"74,29 triệu/m²",,,,,,ha-noi,🍁 Ô TÔ QUA NHÀ 35M2 🍁 4 TẦNG 2.6 TỶ HỮU HOÀ THANH TRÌ 🍁,,"Cộng Hoà, Xã Hữu Hoà, Huyện Thanh Trì, Hà NộiXem bản đồ","2,6 tỷ - 35 m2"
31 m²,3 phòng,,Đã có sổ,"Nhà mặt phố, mặt tiền",4 m,,"174,19 triệu/m²",,5,,Nội thất cao cấp,,ha-noi,LÔ GÓC-QUAN NHÂN-MẶT TIỀN 4M-NỘI THẤT VIP-SỔ ĐỎ XỊN-5 TẦNG 3 NGỦ,,"Phố Quan Nhân, Phường Nhân Chính, Quận Thanh Xuân, Hà NộiXem bản đồ","5,4 tỷ - 31 m2"
43 m²,4 phòng,3 phòng,Đã có sổ,"Nhà ngõ, hẻm",,43 m²,"93,02 triệu/m²",,5,,,,ha-noi,"Giảm mạnh, Phạm Văn Đồng, gần oto, ngõ nông, thoáng, trung tâm,43m2*5T",,"Phạm Văn Đồng, Phường Mai Dịch, Quận Cầu Giấy, Hà NộiXem bản đồ",4 tỷ - 43 m2
33 m²,3 phòng,4 phòng,Đã có sổ,"Nhà ngõ, hẻm",,,"102,73 triệu/m²",Đông Nam,5,,,,ha-noi,"Bán nhà 5tầng 33m xây mới ngõ 206 Cổ Linh,Aeon,ôtô đỗ 10m,giá 3,39 tỷ.",,"Đường Cổ Linh, Phường Long Biên, Quận Long Biên, Hà NộiXem bản đồ","3,39 tỷ - 33 m2"
70 m²,4 phòng,5 phòng,Đã có sổ,"Nhà ngõ, hẻm",,,"182,86 triệu/m²",,7,,Nội thất cao cấp,,ha-noi,"🏠BÁN NHÀ NGUYỄN VĂN CỪ - 70M² - 6 TẦNG -2ÔTÔ-NGÕ THÔNG,giá 12,8 tỷ",,"Đường Nguyễn Văn Cừ, Phường Ngọc Lâm, Quận Long Biên, Hà NộiXem bản đồ","12,8 tỷ - 70 m2"
45 m²,4 phòng,4 phòng,Đã có sổ,"Nhà mặt phố, mặt tiền",,,"108,89 triệu/m²",Đông Nam,5,,,,ha-noi,"🏠 BÁN NHÀ THẠCH BÀN - 45M² - 5 TẦNG - ÔTÔ VÀO NHÀ,ngõ nông,giá 4,9 tỷ",,"Thạch Bàn, Phường Thạch Bàn, Quận Long Biên, Hà NộiXem bản đồ","4,9 tỷ - 45 m2"
65 m²,4 phòng,4 phòng,,"Nhà mặt phố, mặt tiền",6.8 m,,320 triệu/m²,Tây Nam,3,,,,ha-noi,Bán nhà mặt,,"Đường Thụy Khuê, Phường Bưởi, Quận Tây Hồ, Hà NộiXem bản đồ","20,8 tỷ - 65 m2"
78 m²,3 phòng,3 phòng,,"Nhà ngõ, hẻm",7.8 m,,"30,13 triệu/m²",Tây Nam,3,,,,ha-noi,2.35 tỷ nhà Biệt thự Vườn ô tô nhỏ sát nhà- ở ngay,,"Ngõ 42 Đường Đồng Nhân, Xã Đông La, Huyện Hoài Đức, Hà NộiXem bản đồ","2,35 tỷ - 78 m2"
45 m²,4 phòng,4 phòng,,"Nhà ngõ, hẻm",4 m,,"131,11 triệu/m²",,4,,,11 m,ha-noi,Cần bán gấp nhà đất Mỹ Đình ngõ thông đẹp 45m2 4 tầng nhỉnh 5 tỷ,,"Đường Lê Đức Thọ, Phường Mỹ Đình 2, Quận Nam Từ Liêm, Hà NộiXem bản đồ","5,9 tỷ - 45 m2"
35 m²,3 phòng,4 phòng,Đã có sổ,"Nhà ngõ, hẻm",,,154 triệu/m²,,5,,Nội thất cao cấp,,ha-noi,Bán nhà Quan Nhân Ngõ nông Đi Bộ ra Phố Nhỉnh 5 tỷ,,"Quan Nhân, Phường Nhân Chính, Quận Thanh Xuân, Hà NộiXem bản đồ","5,39 tỷ - 35 m2"
30 m²,3 phòng,,Đã có sổ,"Nhà ngõ, hẻm",3.5 m,,170 triệu/m²,,5,,Nội thất đầy đủ,,ha-noi,"Nóng, nhà Thịnh Liệt xây mới, oto đỗ cửa giá chỉ 5 Tỷ, oto đỗ cửa",,"Ngô 42 Thįnh Liệt, Phường Thịnh Liệt, Quận Hoàng Mai, Hà NộiXem bản đồ","5,1 tỷ - 30 m2"
45 m²,3 phòng,4 phòng,Đã có sổ,"Nhà ngõ, hẻm",,,"122,22 triệu/m²",,5,,,,ha-noi,"CHỦ CẦN BÁN CĂN VÕ CHÍ CÔNG, DT 45M2*5 TẦNG, NGÕ NÔNG RỘNG, CẠNH PHỐ",,"Võ Chí Công, Phường Nghĩa Đô, Quận Cầu Giấy, Hà NộiXem bản đồ","5,5 tỷ - 45 m2"
30 m²,3 phòng,,Đã có sổ,"Nhà ngõ, hẻm",3.5 m,,170 triệu/m²,,5,,Nội thất đầy đủ,,ha-noi,"Nóng, nhà Thịnh Liệt xây mới, oto đỗ cửa giá chỉ 5 Tỷ, oto đỗ cửa",,"Ngô 42 Thįnh Liệt, Phường Thịnh Liệt, Quận Hoàng Mai, Hà NộiXem bản đồ","5,1 tỷ - 30 m2"
45 m²,3 phòng,4 phòng,Đã có sổ,"Nhà ngõ, hẻm",,,"122,22 triệu/m²",,5,,,,ha-noi,"CHỦ CẦN BÁN CĂN VÕ CHÍ CÔNG, DT 45M2*5 TẦNG, NGÕ NÔNG RỘNG, CẠNH PHỐ",,"Võ Chí Công, Phường Nghĩa Đô, Quận Cầu Giấy, Hà NộiXem bản đồ","5,5 tỷ - 45 m2"
50 m²,4 phòng,3 phòng,Đã có sổ,"Nhà ngõ, hẻm",,,46 triệu/m²,Tây Bắc,4,,,,ha-noi,"50m2x4T, oto đỗ cửa, thiết kế hiện đại.Cách KĐT Đô Nghĩa-Yên Nghĩa 3km",,"Phố Yên Lộ, Phường Yên Nghĩa, Quận Hà Đông, Hà NộiXem bản đồ","2,3 tỷ - 50 m2"
35 m²,3 phòng,,,"Nhà ngõ, hẻm",,,"61,43 triệu/m²",,,"Hẻm xe hơi,Nở hậu",,,ha-noi,"Bán căn nhà 35m² ô tô đỗ gần, Giá chỉ 2tỷ14. LH Tiến Greehome Land.",,"Yên Nghĩa, Hà Đông, Hà Nội, Phường Yên Nghĩa, Quận Hà Đông, Hà NộiXem bản đồ","2,15 tỷ - 35 m2"
44 m²,3 phòng,4 phòng,Đã có sổ,"Nhà ngõ, hẻm",,,"170,45 triệu/m²",,5,,Nhà trống,,ha-noi,Nhỉnh 7t có nhà Thanh Xuân Bắc Khuất Duy Tiến 44m 5 tầng Ô tô đỗ cửa.,,"Khuất Duy Tiến, Phường Thanh Xuân Bắc, Quận Thanh Xuân, Hà NộiXem bản đồ","7,5 tỷ - 44 m2"
38 m²,5 phòng,4 phòng,Đã có sổ,"Nhà ngõ, hẻm",,,"140,79 triệu/m²",,5,,Nội thất cao cấp,,ha-noi,Siêu phẩm cuối năm - Quan Nhân - Lô góc -Nhà mới 35m2 x5T Chỉ hơn 5ty,,"Quan Nhan, Phường Nhân Chính, Quận Thanh Xuân, Hà NộiXem bản đồ","5,35 tỷ - 38 m2"
33 m²,3 phòng,,Đã có sổ,"Nhà ngõ, hẻm",,,"163,33 triệu/m²",,5,,Nội thất cao cấp,,ha-noi,"Bán nhà phố Quan Nhân,Thanh Xuân. 33M_5 Tầng_5,39 Tỷ_ nhà mới_ô tô 10M",,"Quan nhân, Phường Nhân Chính, Quận Thanh Xuân, Hà NộiXem bản đồ","5,39 tỷ - 33 m2"
48 m²,6 phòng,Nhiều hơn 6 phòng,Đã có sổ,"Nhà ngõ, hẻm",,60 m²,"322,92 triệu/m²",,7,,,,ha-noi,"Bán nhà Doãn Kế Thiện kinh doanh,vỉa hè, ô tô, 7T thang máy DT 50m2 .",,"Doãn Kế Thiện, Phường Mai Dịch, Quận Cầu Giấy, Hà NộiXem bản đồ","15,5 tỷ - 48 m2"
38 m²,3 phòng,4 phòng,Đã có sổ,"Nhà ngõ, hẻm",,,"126,32 triệu/m²",Đông Nam,5,,,,ha-noi,"Căn nhà sang trọng 38m2 giá rẻ 4.8 tỷ, tại Tây Hồ - Đón Tết ngay!",,"Ngõ 310 Nghi Tàm, Phường Tứ Liên, Quận Tây Hồ, Hà NộiXem bản đồ","4,8 tỷ - 38 m2"
42 m²,5 phòng,,Đã có sổ,"Nhà mặt phố, mặt tiền",,,"157,14 triệu/m²",,5,"Hẻm xe hơi,Nở hậu",Nhà trống,,ha-noi,"Phân lô phố Hà Cầu, ô tô đỗ cửa, kinh doanh, 42m, 4 tầng, nhỉnh 6 tỷ.",,"undefined, Phường Hà Cầu, Quận Hà Đông, Hà NộiXem bản đồ","6,6 tỷ - 42 m2"
40 m²,3 phòng,,Đã có sổ,"Nhà ngõ, hẻm",,,"103,75 triệu/m²",,,Hẻm xe hơi,,,ha-noi,"Bán nhà mới An Trai 5 tầng, oto 7 chỗ đổ cửa",,"An Trai, Xã Vân Canh, Huyện Hoài Đức, Hà NộiXem bản đồ","4,15 tỷ - 40 m2"
90 m²,nhiều hơn 10 phòng,Nhiều hơn 6 phòng,Đã có sổ,"Nhà mặt phố, mặt tiền",,,"199,89 triệu/m²",,6,,Nội thất cao cấp,,ha-noi,CHÙA HÀ 90M2x6TẦNG THANG MÁY-Ô TÔ-20 PHÒNG KHÉP KÍN-ĐỀU 110TR/THÁNG,,"Phố Chùa Hà, Phường Dịch Vọng, Quận Cầu Giấy, Hà NộiXem bản đồ","17,99 tỷ - 90 m2"
40 m²,4 phòng,3 phòng,Đã có sổ,"Nhà mặt phố, mặt tiền",,,75 triệu/m²,Bắc,4,,,,ha-noi,bán nhà đẹp,,"25, mai châu, Xã Đại Mạch, Huyện Đông Anh, Hà NộiXem bản đồ",3 tỷ - 40 m2
40 m²,4 phòng,3 phòng,,"Nhà ngõ, hẻm",,35 m²,125 triệu/m²,,4,,,,ha-noi,SIÊU PHẨM CÁCH 1 NHÀ RA MẶT PHỐ - OTO 5 TẠ RA VÀO THOẢI MÁI - Ở NGAY,,"Hai Bà Trưng, Phường Bạch Mai, Quận Hai Bà Trưng, Hà NộiXem bản đồ",5 tỷ - 40 m2
30 m²,3 phòng,3 phòng,Đã có sổ,"Nhà ngõ, hẻm",,,"133,33 triệu/m²",,5,,Nội thất đầy đủ,,ha-noi,Gần 4 tỷ có nhà ở ngay gần Ngã Tư Sở Thanh Xuân cách đường ô tô 10m.,,"Khương Trung, Phường Khương Trung, Quận Thanh Xuân, Hà NộiXem bản đồ",4 tỷ - 30 m2
55 m²,4 phòng,,Đã có sổ,"Nhà ngõ, hẻm",,,"105,45 triệu/m²",,5,,Nội thất đầy đủ,,ha-noi,"THẬT 100%! BÁN NHÀ THUỴ KHUÊ 55M, MT 4.5, LÔ GÓC, NHÀ DÂN XÂY, GẦN PHỐ",,"Thuỵ Khuê, Phường Thụy Khuê, Quận Tây Hồ, Hà NộiXem bản đồ","5,8 tỷ - 55 m2"
30 m²,3 phòng,4 phòng,Đã có sổ,"Nhà ngõ, hẻm",,,"98,33 triệu/m²",,5,,Nhà trống,,ha-noi,Bán Nhà Xuân Phương 30m2 Oto Sát Nhà Ngõ Thông,,"Đường Xuân Phương, Phường Xuân Phương, Quận Nam Từ Liêm, Hà NộiXem bản đồ","2,95 tỷ - 30 m2"
42 m²,6 phòng,5 phòng,Đã có sổ,"Nhà ngõ, hẻm",,,"110,71 triệu/m²",,5,,Nội thất cao cấp,,ha-noi,"Bán gấp nhà Trần Cung, Cầu Giấy.42M_MT4M_5 Tầng_4,65 Tỷ_Chính chủ_2mặt",,"Trần cung, Phường Nghĩa Đô, Quận Cầu Giấy, Hà NộiXem bản đồ","4,65 tỷ - 42 m2"
36 m²,3 phòng,4 phòng,Đã có sổ,"Nhà ngõ, hẻm",,,"144,44 triệu/m²",,5,,Nội thất đầy đủ,,ha-noi,"NHÀ MỚI BA ĐÌNH DT38m2x5.3 NGỦ.4 VS.NGÕ RỘNG,AN NINH TỐT. GIÁ 5,2 tỷ.",,"Hoàng Hoa Thám, Phường Liễu Giai, Quận Ba Đình, Hà NộiXem bản đồ","5,2 tỷ - 36 m2"
60 m²,4 phòng,3 phòng,Đã có sổ,"Nhà ngõ, hẻm",4 m,,"119,17 triệu/m²",,,,,15 m,ha-noi,Chính chủ bán nhà Ngõ 1194 Đường Láng - Đống Đa - 65m x MT 4m 4 Tầng,,"Láng, Phường Láng Thượng, Quận Đống Đa, Hà NộiXem bản đồ","7,15 tỷ - 60 m2"
60 m²,4 phòng,3 phòng,Đã có sổ,"Nhà ngõ, hẻm",4 m,,"119,17 triệu/m²",,,,,15 m,ha-noi,Chính chủ bán nhà Ngõ 1194 Đường Láng - Đống Đa - 65m x MT 4m 4 Tầng,,"Láng, Phường Láng Thượng, Quận Đống Đa, Hà NộiXem bản đồ","7,15 tỷ - 60 m2"
45 m²,4 phòng,5 phòng,,"Nhà mặt phố, mặt tiền",4 m,,"142,22 triệu/m²",,,,Nội thất cao cấp,12 m,ha-noi,"Lô góc, kinh doanh Mỗ Lao, vỉa hè, sử dụng 45m, 4 tầng, giá 6 tỷ 4.",,"Sát Vũ Trọng Khánh, Phường Mộ Lao, Quận Hà Đông, Hà NộiXem bản đồ","6,4 tỷ - 45 m2"
55 m²,5 phòng,4 phòng,Đã có sổ,Nhà phố liền kề,,,"149,09 triệu/m²",,5,,Nội thất cao cấp,,ha-noi,Nhà sát đường sắt- phân lô vỉa hè- ở sướng- 50m- 5 tầng- nhỉnh 8 tỷ.,,"Đường Quang Trung, Phường Quang Trung, Quận Hà Đông, Hà NộiXem bản đồ","8,2 tỷ - 55 m2"
33 m²,3 phòng,4 phòng,Đã có sổ,"Nhà mặt phố, mặt tiền",,,"136,36 triệu/m²",,5,,Nhà trống,,ha-noi,💥Lô 6 căn xây mới ở Minh Khai -HBT -Hà Nội,,"minh khai, Phường Minh Khai, Quận Hai Bà Trưng, Hà NộiXem bản đồ","4,5 tỷ - 33 m2"
49 m²,4 phòng,3 phòng,Đã có sổ,"Nhà ngõ, hẻm",,,"84,69 triệu/m²",,4,,Nhà trống,,ha-noi,"Bán nhà Kim Giang Cầu Lủ 48m 4 tầng chỉ 4,15 tỷ còn thương lượng.",,"Kim Giang, Phường Đại Kim, Quận Hoàng Mai, Hà NộiXem bản đồ","4,15 tỷ - 49 m2"
43 m²,3 phòng,3 phòng,Đã có sổ,"Nhà ngõ, hẻm",,,"51,16 triệu/m²",,,,,,ha-noi,NHÀ ĐẸP Ở SƯỚNG - LÔ GÓC 3 MẶT THOÁNG - NGÕ OTO - THIẾT KẾ CỰC KỲ ĐẸP.,,"Phù Liễn, Xã Bắc Hồng, Huyện Đông Anh, Hà NộiXem bản đồ","2,2 tỷ - 43 m2"
38 m²,4 phòng,4 phòng,Đã có sổ,"Nhà ngõ, hẻm",,,"121,05 triệu/m²",,5,,Nội thất đầy đủ,,ha-noi,"Bán nhà Đội Cấn, Ba Đình 38m 5 tầng mt 4.5m giá 4.6t lô góc",,"Ngõ 279 Phố Đội Cấn, Phường Ngọc Hà, Quận Ba Đình, Hà NộiXem bản đồ","4,6 tỷ - 38 m2"
42 m²,3 phòng,3 phòng,Đã có sổ,"Nhà ngõ, hẻm",,,"95,24 triệu/m²",,5,,Nội thất đầy đủ,,ha-noi,Nhà phố Lê Thanh Nghị siêu hiếm chỉ nhỉnh 4 tỷ 42m2,,"Phố Lê Thanh Nghị, Phường Bách Khoa, Quận Hai Bà Trưng, Hà NộiXem bản đồ",4 tỷ - 42 m2
36 m²,2 phòng,3 phòng,Đã có sổ,"Nhà ngõ, hẻm",,,"102,78 triệu/m²",,5,,Bàn giao thô,,ha-noi,Nhà Trần Khát Chân Mặt ngõ thông Kinh doanh Oto đỗ,,"Đường Trần Khát Chân, Phường Thanh Nhàn, Quận Hai Bà Trưng, Hà NộiXem bản đồ","3,7 tỷ - 36 m2"
90 m²,6 phòng,,,Nhà phố liền kề,,155 m²,"172,22 triệu/m²",,,,,,ha-noi,SIÊU PHẨM PHÂN LÔ ĐẲNG CẤP MINH KHAI NGÕ Ô TÔ 90M,,"Mình Khai, Phường Minh Khai, Quận Hai Bà Trưng, Hà NộiXem bản đồ","15,5 tỷ - 90 m2"
90 m²,8 phòng,,,Nhà phố liền kề,,,"166,67 triệu/m²",,,,,,ha-noi,CỰC HIẾM KHU PHÂN LÔ VIP MINH KHAI 90M 7TẦNG THANG MÁY XỊN,,"Minh Khai, Phường Minh Khai, Quận Hai Bà Trưng, Hà NộiXem bản đồ",15 tỷ - 90 m2
42 m²,6 phòng,6 phòng,Đã có sổ,"Nhà ngõ, hẻm",,,"110,71 triệu/m²",Đông Nam,6,,,,ha-noi,Trần Cung 42 m 5 tầng 6 ngủ đủ công năng vs giữa 4.65 tỷ lại còn thươ,,"Đường Trần Cung, Phường Cổ Nhuế 1, Quận Bắc Từ Liêm, Hà NộiXem bản đồ","4,65 tỷ - 42 m2"
70 m²,8 phòng,,,Nhà phố liền kề,,,"221,43 triệu/m²",,,,,,ha-noi,SIÊU PHẨM ĐẲNG CẤP 5 SAO PHỐ MINH KHAI 70M 15.5TỶ,,"Mình Khai, Phường Minh Khai, Quận Hai Bà Trưng, Hà NộiXem bản đồ","15,5 tỷ - 70 m2"
40 m²,5 phòng,4 phòng,Đã có sổ,"Nhà ngõ, hẻm",,,"137,5 triệu/m²",Tây Bắc,6,,,,ha-noi,"BÁN GẤP NHÀ 40M, THANG MÁY, Ô TÔ ĐỖ CỬA, SÁT TRỊNH VĂN BÔ, THANG MÁY",,"422b, Xã Vân Canh, Huyện Hoài Đức, Hà NộiXem bản đồ","5,5 tỷ - 40 m2"
90 m²,6 phòng,,,Nhà phố liền kề,,,"176,67 triệu/m²",,,,,,ha-noi,BÁN KHU PHÂN LÔ VIP LẠC TRUNG 90M. Ở CỰC SƯỚNG,,"Lạc Trung, Phường Thanh Lương, Quận Hai Bà Trưng, Hà NộiXem bản đồ","15,9 tỷ - 90 m2"
41 m²,4 phòng,,,"Nhà ngõ, hẻm",,41 m²,"120,73 triệu/m²",,,,,,ha-noi,"Cực Phẩm lô góc Phạm Ngọc Thạch! Ô tô, KD, ngõ nông, gần phố, 41m2*5T",,"Phạm Ngọc Thạch, Phường Phương Liên, Quận Đống Đa, Hà NộiXem bản đồ","4,95 tỷ - 41 m2"
75 m²,4 phòng,,,Nhà phố liền kề,,,"146,67 triệu/m²",,,,,,ha-noi,BÁN NHÀ KHU PHÂN LÔ PHỐ 8/3. NHÀ 2 MẶT THOÁNG 11TỶ,,"Phố 8/3, Phường Thanh Lương, Quận Hai Bà Trưng, Hà NộiXem bản đồ",11 tỷ - 75 m2
45 m²,4 phòng,,,"Nhà ngõ, hẻm",,45 m²,100 triệu/m²,,,,,,ha-noi,"Có 102! Láng Hạ, Lô góc, Kinh doanh, Thông, Thoáng, 51m2*5T,",,"Láng Hạ, Phường Láng Hạ, Quận Đống Đa, Hà NộiXem bản đồ","4,5 tỷ - 45 m2"
45 m²,4 phòng,,,"Nhà ngõ, hẻm",,45 m²,"95,56 triệu/m²",,,,,,ha-noi,"Bắt Đáy! Khương Trung, Lô Góc, Oto, KD, ngõ thông, 42m2*5T, nhỉnh 4tỷ",,"Khương Hạ, Phường Khương Đình, Quận Thanh Xuân, Hà NộiXem bản đồ","4,3 tỷ - 45 m2"
48 m²,6 phòng,,Đã có sổ,"Nhà mặt phố, mặt tiền",,48 m²,"177,08 triệu/m²",,5,,Nội thất đầy đủ,,ha-noi,"CẦN BÁN NHÀ 5 TẦNG, ĐƯỜNG LỚN TẢ THANH OAI, KINH DOANH ĐA NGÀNH NGHỀ",,"Tả Thanh Oai, Xã Tả Thanh Oai, Huyện Thanh Trì, Hà NộiXem bản đồ","8,5 tỷ - 48 m2"
48 m²,6 phòng,,Đã có sổ,"Nhà mặt phố, mặt tiền",,48 m²,"177,08 triệu/m²",,5,,Nội thất đầy đủ,,ha-noi,"CẦN BÁN NHÀ 5 TẦNG, ĐƯỜNG LỚN TẢ THANH OAI, KINH DOANH ĐA NGÀNH NGHỀ",,"Tả Thanh Oai, Xã Tả Thanh Oai, Huyện Thanh Trì, Hà NộiXem bản đồ","8,5 tỷ - 48 m2"
105 m²,nhiều hơn 10 phòng,Nhiều hơn 6 phòng,,"Nhà mặt phố, mặt tiền",5 m,,"380,95 triệu/m²",Đông Nam,10,,,,ha-noi,"BÁN GẤP TOÀ NHÀ MẶT PHỐ QUẬN THANH XUÂN 105M, 10 TẦNG, CÓ HẦM, 40 TỶ",,"Khương Đình, Phường Khương Đình, Quận Thanh Xuân, Hà NộiXem bản đồ",40 tỷ - 105 m2
30 m²,3 phòng,4 phòng,,"Nhà ngõ, hẻm",,,"143,33 triệu/m²",,,,,,ha-noi,Bán gấp nhà 5 tầng đẹp tại ngõ 272 Ngọc Thuỵ - Long Biên,,"Ngọc Thụy, Phường Ngọc Thụy, Quận Long Biên, Hà NộiXem bản đồ","4,3 tỷ - 30 m2"
20 m²,2 phòng,,,"Nhà ngõ, hẻm",,,144 triệu/m²,,,,,,ha-noi,Bán gấp nhà đẹp 4 tầng rẻ nhất thị trường hiện tại tại Đại La - Hai Bà,,"Phố Đại La, Phường Trương Định, Quận Hai Bà Trưng, Hà NộiXem bản đồ","2,88 tỷ - 20 m2"
35 m²,1 phòng,1 phòng,Đã có sổ,"Nhà mặt phố, mặt tiền",,,"111,43 triệu/m²",Bắc,1,,,,ha-noi,CẦN BÁN ĐẤT TẶNG NHÀ C4-MẶT PHỐ-VỈA HÈ RỘNG - SỔ NỞ HẬU-DT 35M2.,,"Đường Đông Ngạc, Phường Đông Ngạc, Quận Bắc Từ Liêm, Hà NộiXem bản đồ","3,9 tỷ - 35 m2"
48 m²,6 phòng,4 phòng,Đã có sổ,"Nhà ngõ, hẻm",,,225 triệu/m²,,5,,Nội thất cao cấp,,ha-noi,"Thái Hà 48m, 5 Tầng, MT 3,6m. Ngõ oto, Kinh Doanh. 10,8 Tỷ.",,"Phố Thái Hà, Phường Trung Liệt, Quận Đống Đa, Hà NộiXem bản đồ","10,8 tỷ - 48 m2"
80 m²,6 phòng,5 phòng,Đã có sổ,"Nhà mặt phố, mặt tiền",,,260 triệu/m²,,5,,Nội thất đầy đủ,,ha-noi,"Mặt phố Trần Vỹ 80m, 5 Tầng, MT 8m. Vỉa hè rộng, Kinh doanh . 20,8TỶ",,"Trần Vỹ, Phường Mai Dịch, Quận Cầu Giấy, Hà NộiXem bản đồ","20,8 tỷ - 80 m2"
60 m²,4 phòng,,Đã có sổ,"Nhà mặt phố, mặt tiền",,,"233,33 triệu/m²",,5,,Nội thất cao cấp,,ha-noi,HOA HẬU ĐẸP XINH LUNG LINH - KHU ĐÔ THỊ MỚI - VỈA HÈ KINH DOANH - OTO,,"Phố Nguyễn Cảnh Dị, Phường Đại Kim, Quận Hoàng Mai, Hà NộiXem bản đồ",14 tỷ - 60 m2
77 m²,2 phòng,3 phòng,Đã có sổ,"Nhà mặt phố, mặt tiền",,,"389,61 triệu/m²",,3,,Nội thất đầy đủ,,ha-noi,"Mặt phố Nghĩa Tân 77m, 3 Tầng, MT 4,7m. Vỉa hè, Kinh doanh tốt. 30 Tỷ.",,"Nghĩa tân, Phường Nghĩa Tân, Quận Cầu Giấy, Hà NộiXem bản đồ",30 tỷ - 77 m2
55 m²,4 phòng,4 phòng,Đã có sổ,"Nhà ngõ, hẻm",,,"227,27 triệu/m²",,5,,Nội thất cao cấp,,ha-noi,"Phạm Tuấn Tài 55m, 5 tầng, MT 5m, vỉa hè, Oto , Kinh doanh. 12,5 Tỷ.",,"Phạm Tuân Tài, Phường Dịch Vọng Hậu, Quận Cầu Giấy, Hà NộiXem bản đồ","12,5 tỷ - 55 m2"
59 m²,1 phòng,1 phòng,Đã có sổ,"Nhà mặt phố, mặt tiền",,,"276,27 triệu/m²",,1,,Nội thất đầy đủ,,ha-noi,"Mặt phố Núi Trúc 59m, 1T, MT 4m. Vị trí đẹp, vỉa hè, KD tốt. 16,3 Tỷ.",,"Phố Núi Trúc, Phường Giảng Võ, Quận Ba Đình, Hà NộiXem bản đồ","16,3 tỷ - 59 m2"
55 m²,6 phòng,6 phòng,Đã có sổ,"Nhà ngõ, hẻm",,,"250,91 triệu/m²",,6,,Nội thất cao cấp,,ha-noi,"Lương Thế Vinh 55m, 6T Thang máy, MT 5,5m. Oto , Kinh doanh. 13,8 Tỷ.",,"Đường Lương Thế Vinh, Phường Trung Văn, Quận Nam Từ Liêm, Hà NộiXem bản đồ","13,8 tỷ - 55 m2"
266 m²,4 phòng,Nhiều hơn 6 phòng,Đã có sổ,"Nhà mặt phố, mặt tiền",,,"349,62 triệu/m²",,8,,Nội thất cao cấp,,ha-noi,"Mặt phố Nguyễn Hoàng 266m, 8 Tầng, MT 11m. Kinh doanh tốt. 93 Tỷ.",,"Phố Nguyễn Hoàng, Phường Mỹ Đình 2, Quận Nam Từ Liêm, Hà NộiXem bản đồ",93 tỷ - 266 m2
92 m²,4 phòng,4 phòng,Đã có sổ,Nhà phố liền kề,,,"271,74 triệu/m²",,5,,Nội thất cao cấp,,ha-noi,"Nguyễn Trãi 92m, 5 Tầng, MT 5,5m. Thang máy, vỉa hè, KD tốt. 25 Tỷ.",,"Nguyễn Trãi, Phường Khương Trung, Quận Thanh Xuân, Hà NộiXem bản đồ",25 tỷ - 92 m2
50 m²,4 phòng,Nhiều hơn 6 phòng,Đã có sổ,"Nhà mặt phố, mặt tiền",,,420 triệu/m²,,7,,Nội thất cao cấp,,ha-noi,"Mặt phố Thiên Hiền 50m, 7 Tầng, MT 5m. Vỉa hè, Kinh doanh tốt. 21 Tỷ.",,"Thiên Hiền, Phường Mỹ Đình 1, Quận Nam Từ Liêm, Hà NộiXem bản đồ",21 tỷ - 50 m2
131 m²,4 phòng,Nhiều hơn 6 phòng,Đã có sổ,"Nhà ngõ, hẻm",,,"351,15 triệu/m²",,8,,Nội thất cao cấp,,ha-noi,"Thái Hà 131m, 8 Tầng, MT 6m. Oto tránh, Kinh doanh tốt. 46 Tỷ.",,"Phố Thái Hà, Phường Trung Liệt, Quận Đống Đa, Hà NộiXem bản đồ",46 tỷ - 131 m2
140 m²,4 phòng,4 phòng,Đã có sổ,Nhà biệt thự,,,"276,43 triệu/m²",,4,,Nhà trống,,ha-noi,"Biệt thự Ciputra 140m, 4 Tầng, MT 10m. Vị trí đẹp, Cao cấp. 38,7 Tỷ.",,"Nguyên hoàng tôn, Phường Phú Thượng, Quận Tây Hồ, Hà NộiXem bản đồ","38,7 tỷ - 140 m2"
80 m²,4 phòng,Nhiều hơn 6 phòng,Đã có sổ,"Nhà mặt phố, mặt tiền",,,"437,5 triệu/m²",,8,,Nội thất cao cấp,,ha-noi,"Mặt phố Trần Bình 80m, 8 Tầng, MT 5m. Vỉa hè, Kinh doanh tốt. 35 Tỷ.",,"Trần Bình, Phường Mai Dịch, Quận Cầu Giấy, Hà NộiXem bản đồ",35 tỷ - 80 m2
74 m²,4 phòng,Nhiều hơn 6 phòng,Đang chờ sổ,"Nhà ngõ, hẻm",,,"331,08 triệu/m²",,8,,Nội thất cao cấp,,ha-noi,"Lạc Long Quân 74m, 8 Tầng, MT 7m. Oto, Vỉa hè, thang máy, KD. 24,5 Tỷ.",,"Ngõ 603 Đường Lạc Long Quân, Phường Xuân La, Quận Tây Hồ, Hà NộiXem bản đồ","24,5 tỷ - 74 m2"
62 m²,4 phòng,Nhiều hơn 6 phòng,Đã có sổ,"Nhà ngõ, hẻm",,,"330,65 triệu/m²",,8,,Nội thất cao cấp,,ha-noi,"Trần Vỹ 62m, 8 Tầng, MT 5,2m. Lô góc, vỉa hè, Oto tránh, KD . 20,5 Tỷ.",,"Trần Vỹ, Phường Mai Dịch, Quận Cầu Giấy, Hà NộiXem bản đồ","20,5 tỷ - 62 m2"
