Diện tích đất:,Số phòng ngủ:,Số phòng vệ sinh:,Giấy tờ pháp lý:,Loại hình nhà ở:,Chiều ngang:,Diện tích sử dụng:,Giá/m2:,Hướng cửa chính:,Tổng số tầng:,Đặc điểm nhà/đất:,Tình trạng nội thất:,Chiều dài:,Location,Name,URL,District,Price
50 m²,5 phòng,4 phòng,Đã có sổ,Nhà phố liền kề,,,209 triệu/m²,,5,,Nội thất đầy đủ,,ha-noi,"văn Phú 50m mt5m 5t,vỉa hè rộng,kd VP,an sinh đỉnh, 3 ô tô tránh",,"Đường Văn Phú, Phường Hà Cầu, Quận Hà Đông, Hà NộiXem bản đồ","10,45 tỷ - 50 m2"
225 m²,5 phòng,4 phòng,Đã có sổ,Nhà biệt thự,,,"146,22 triệu/m²",,5,,Nội thất đầy đủ,,ha-noi,"Biệt thự An Khang Dương Nội 225m mt9m 5tầng,Thang Máy 3thoáng an sinh",,"Tố Hữu, Phường Dương Nội, Quận Hà Đông, Hà NộiXem bản đồ","32,9 tỷ - 225 m2"
35 m²,4 phòng,4 phòng,Đã có sổ,"Nhà ngõ, hẻm",,,"105,71 triệu/m²",,5,,Nội thất đầy đủ,,ha-noi,"Cầu Bươu 35m 5tầng mt3.5m,2 thoáng,5bước ôtô tránh",,"Cầu Bươu, Xã Tân Triều, Huyện Thanh Trì, Hà NộiXem bản đồ","3,7 tỷ - 35 m2"
101 m²,4 phòng,,Đã có sổ,Nhà phố liền kề,5 m,,"158,42 triệu/m²",,5,,Nội thất đầy đủ,,ha-noi,"Nhà Vườn Tổng Cục 5 101m 5 tầng đẳng cấp an sinh, KV tăng giá mạnh mẽ",,"Yên Xá, Xã Tân Triều, Huyện Thanh Trì, Hà NộiXem bản đồ",16 tỷ - 101 m2
254 m²,5 phòng,,Đã có sổ,Nhà biệt thự,12.5 m,,"169,29 triệu/m²",,5,,Nội thất đầy đủ,,ha-noi,"Biệt Thự trong Bán đảo Linh Đàm 254m mt12,5m 5tầng đẳng cấp,an sinh,KD",,"Phố Linh Đường, Phường Hoàng Liệt, Quận Hoàng Mai, Hà NộiXem bản đồ",43 tỷ - 254 m2
42 m²,7 phòng,,Đã có sổ,"Nhà mặt phố, mặt tiền",3.5999 m,,"154,76 triệu/m²",,6,,Nội thất đầy đủ,,ha-noi,"Hàng hiếm!Chỉ 6,5Tỷ nhà phố Láng Hạ,Ba Đình,42m*6T*3,6m,kinh doanh tốt",,"Phố Láng Hạ, Phường Giảng Võ, Quận Ba Đình, Hà NộiXem bản đồ","6,5 tỷ - 42 m2"
31 m²,2 phòng,3 phòng,Đã có sổ,"Nhà ngõ, hẻm",,,"153,23 triệu/m²",,4,,Nội thất cao cấp,,ha-noi,"BN: NGHĨA DŨNG ; BA ĐÌNH : 30M×4T.4,7TỶ CÓ THƯƠNG LƯỢNG.",,"Nghĩa Dũng, Phường Phúc Xá, Quận Ba Đình, Hà NộiXem bản đồ","4,75 tỷ - 31 m2"
63 m²,5 phòng,,Đã có sổ,"Nhà mặt phố, mặt tiền",,,"204,76 triệu/m²",,5,"Nở hậu,Hẻm xe hơi",Nội thất cao cấp,,ha-noi,"Cần bán nhà mặt Trường Chinh vỉa hè rộng rãi, 5T 63m2 12,9 Tỷ",,"trường chinh, Phường Khương Mai, Quận Thanh Xuân, Hà NộiXem bản đồ","12,9 tỷ - 63 m2"
40 m²,4 phòng,4 phòng,Đã có sổ,"Nhà ngõ, hẻm",,,95 triệu/m²,,5,,Nhà trống,,ha-noi,"Nhà đẹp Trương Định, 40m2 xây 5 Tầng ô tô vào tận ngõ vài bước ra Phố",,"Đường Trương Định, Phường Trương Định, Quận Hai Bà Trưng, Hà NộiXem bản đồ","3,8 tỷ - 40 m2"
28 m²,3 phòng,,Đã có sổ,"Nhà ngõ, hẻm",,,"107,14 triệu/m²",,5,Nở hậu,,,ha-noi,"Chỉ 3 tỷ có nhà 5 tầng 28m2,3 phòng ngủ trung tâm quận Đống Đa",,"Phố Hồ Văn Chương, Phường Văn Chương, Quận Đống Đa, Hà NộiXem bản đồ",3 tỷ - 28 m2
50 m²,5 phòng,5 phòng,Đã có sổ,Nhà phố liền kề,,,235 triệu/m²,,7,,Nội thất đầy đủ,,ha-noi,"KĐT Văn Khê 50m 7 tầng thang máy, vỉa hè ô tô tránh,Ở sướng kết hợp KD",,"tố hữu, Phường La Khê, Quận Hà Đông, Hà NộiXem bản đồ","11,75 tỷ - 50 m2"
50 m²,4 phòng,4 phòng,Đã có sổ,Nhà phố liền kề,,,176 triệu/m²,,5,,Nội thất đầy đủ,,ha-noi,"Bán nhà Văn Khê 50m mt4m 6 tầng vỉa hè,Kinh doanh ô tô an sinh đỉnh",,"Phố Tố Hữu, Phường Vạn Phúc, Quận Hà Đông, Hà NộiXem bản đồ","8,8 tỷ - 50 m2"
669 m²,8 phòng,Nhiều hơn 6 phòng,,"Nhà mặt phố, mặt tiền",75 m,,"298,95 triệu/m²",,5,,Nội thất đầy đủ,,ha-noi,LÔ GÓC PHỐ TÔ HIỆU 669M2 MT75M 1 MẶT HỒ 3 MẶT TIỀN 3 VỈA HÈ 200 TỶ,,"Tô Hiệu, Phường Nghĩa Tân, Quận Cầu Giấy, Hà NộiXem bản đồ",200 tỷ - 669 m2
50 m²,5 phòng,3 phòng,Đã có sổ,"Nhà ngõ, hẻm",,200 m²,124 triệu/m²,,4,,,,ha-noi,"Nhà 50m2, 4 tầng, 5 ngủ ngõ 766 Đê La Thành, ba gác, full đồ ở ngay",,"đê la thành, Phường Giảng Võ, Quận Ba Đình, Hà NộiXem bản đồ","6,2 tỷ - 50 m2"
330 m²,6 phòng,Nhiều hơn 6 phòng,Đã có sổ,Nhà biệt thự,,,"181,82 triệu/m²",,3,,Nội thất cao cấp,,ha-noi,"BIỆT THỰ LÔ GÓC KHU ĐÔ THỊ GAMUDA 330M2, MT35M, 4 VỈA HÈ NHỈNH 60 TỶ",,"Quốc lộ 1, Phường Yên Sở, Quận Hoàng Mai, Hà NộiXem bản đồ",60 tỷ - 330 m2
400 m²,6 phòng,Nhiều hơn 6 phòng,Đã có sổ,Nhà biệt thự,,,240 triệu/m²,,5,,Nội thất đầy đủ,,ha-noi,"BIỆT THỰ HOÀNG QUỐC VIỆT 400M2 MT 60M, LÔ GÓC 3 MẶT TIỀN 5 VỈA HÈ 96TỶ",,"Hoàng Quốc Việt, Phường Nghĩa Đô, Quận Cầu Giấy, Hà NộiXem bản đồ",96 tỷ - 400 m2
50 m²,5 phòng,5 phòng,Đã có sổ,Nhà phố liền kề,,,200 triệu/m²,,6,,Nội thất đầy đủ,,ha-noi,"Liền kề Vạn Phúc,Văn Khê 50m mt5m 5 tầng,Kinh Doanh, An sinh tuyệt vời",,"Tố Hữu, Phường Vạn Phúc, Quận Hà Đông, Hà NộiXem bản đồ",10 tỷ - 50 m2
60 m²,4 phòng,4 phòng,Đã có sổ,Nhà phố liền kề,,,"140,83 triệu/m²",,5,,Nội thất đầy đủ,,ha-noi,"Đấu Giá Mậu Lương 60m mt5m 4 tầng +tum gần sân bóng, ở sướng kd tốt",,"Phố Mậu Lương, Phường Kiến Hưng, Quận Hà Đông, Hà NộiXem bản đồ","8,45 tỷ - 60 m2"
72 m²,5 phòng,4 phòng,Đã có sổ,Nhà phố liền kề,,,190 triệu/m²,,5,,Nội thất đầy đủ,,ha-noi,"Liền kề Văn Quán 72m mt4,7m 5 tầng vị trí KD VP, an sinh, an ninh đỉnh",,"undefined, Phường Văn Quán, Quận Hà Đông, Hà NộiXem bản đồ","13,68 tỷ - 72 m2"
25 m²,3 phòng,4 phòng,Đã có sổ,"Nhà ngõ, hẻm",,25 m²,108 triệu/m²,,,,Nội thất đầy đủ,,ha-noi,"Bán nhà Văn Hương, Đống Đa 5 tầng, ngõ cực nông 2,7 tỷ đẹp khó chê!!",,"Ngõ Văn Hương, Phường Hàng Bột, Quận Đống Đa, Hà NộiXem bản đồ","2,7 tỷ - 25 m2"
40 m²,3 phòng,,,"Nhà ngõ, hẻm",,,"112,5 triệu/m²",,,,,,ha-noi,"Bán nhà đường Khương Đình nhà dân xây thoáng trước sau gần phố, 40m,4T",,"Khương Đình, Phường Khương Đình, Quận Thanh Xuân, Hà NộiXem bản đồ","4,5 tỷ - 40 m2"
35 m²,3 phòng,,Đã có sổ,"Nhà ngõ, hẻm",,,"111,14 triệu/m²",,5,,Nội thất đầy đủ,,ha-noi,"Nhà Đẹp Đón Tết, Ngõ Nông Gần Chợ Trường, Hoàng Mai 35m2 giá 3.89 tỷ.",,"Hoàng Mai, Phường Hoàng Văn Thụ, Quận Hoàng Mai, Hà NộiXem bản đồ","3,89 tỷ - 35 m2"
32 m²,3 phòng,4 phòng,Đã có sổ,"Nhà ngõ, hẻm",,,"123,44 triệu/m²",,5,,Nội thất đầy đủ,,ha-noi,"Đa sỹ 35m 5tầng mới tinh,ô tô qua lại cách 10m,ngõ to,an sinh đỉnh cao",,"Đường Đa Sỹ, Phường Kiến Hưng, Quận Hà Đông, Hà NộiXem bản đồ","3,95 tỷ - 32 m2"
55 m²,4 phòng,4 phòng,Đã có sổ,"Nhà ngõ, hẻm",,,100 triệu/m²,Đông Nam,4,,,,ha-noi,"CẦN BÁN GẤP NHÀ 4TẦNG QUẬN TÂY HỒ ĐƯỜNG AN DƯƠNG VƯƠNG-55M2 CHỈ 5,5TỶ",,"Đường An Dương Vương, Phường Phú Thượng, Quận Tây Hồ, Hà NộiXem bản đồ","5,5 tỷ - 55 m2"
33 m²,3 phòng,,Đã có sổ,"Nhà ngõ, hẻm",,,"90,91 triệu/m²",,5,,Nội thất đầy đủ,,ha-noi,"Gần Phố , Ô to, Ngõ Thông, Thuận Tiện Chợ Giáp Nhị 33m2 x5T giá 3 tỷ.",,"Chợ Giáp Nhị, Phường Thịnh Liệt, Quận Hoàng Mai, Hà NộiXem bản đồ",3 tỷ - 33 m2
35 m²,4 phòng,,Đã có sổ,"Nhà ngõ, hẻm",,35 m²,"104,29 triệu/m²",,,,,,ha-noi,"Kim giang phố siêu hot, nhà đẹp đủ công năng, 50m ra mặt phố",,"Kim Giang, Phường Đại Kim, Quận Hoàng Mai, Hà NộiXem bản đồ","3,65 tỷ - 35 m2"
90 m²,4 phòng,4 phòng,Đã có sổ,"Nhà mặt phố, mặt tiền",6 m,,"511,11 triệu/m²",,4,,,,ha-noi,"BÁN GẤP NHÀ MẶT PHỐ HÀNG ĐẬU, 90M2, MT 5.3M, 46 TỶ",,"Phố Hàng Đậu, Phường Đồng Xuân, Quận Hoàn Kiếm, Thành phố Hà Nội, 11415, Việt Nam, Phường Đồng Xuân, Quận Hoàn Kiếm, Hà NộiXem bản đồ",46 tỷ - 90 m2
30 m²,2 phòng,,,"Nhà ngõ, hẻm",,,"116,67 triệu/m²",,,,,,ha-noi,Nhà mặt đất lạc long quân 4 tâng,,"Lạc Long Quân, Phường Bưởi, Quận Tây Hồ, Hà NộiXem bản đồ","3,5 tỷ - 30 m2"
40 m²,4 phòng,4 phòng,Đã có sổ,"Nhà ngõ, hẻm",,,"132,5 triệu/m²",,5,,Nội thất cao cấp,,ha-noi,"NHÀ ĐẸP XUÂN LA 40m2, LÔ GÓC, Ô Tô ĐỖ CỬA, 50m ra Phố, 400m ra Hồ Tây",,"Đường Xuân La, Phường Xuân La, Quận Tây Hồ, Hà NộiXem bản đồ","5,3 tỷ - 40 m2"
45 m²,4 phòng,4 phòng,Đã có sổ,"Nhà ngõ, hẻm",,,"121,11 triệu/m²",,4,,Nội thất cao cấp,,ha-noi,"NHÀ CẦU GIẤY 45m2,4 Ngủ, Ngõ Rộng 3m, Ngõ Thông 70m ra Phố",,"79 Cầu Giấy, Phường Yên Hoà, Quận Cầu Giấy, Hà NộiXem bản đồ","5,45 tỷ - 45 m2"
63 m²,5 phòng,5 phòng,Đã có sổ,"Nhà mặt phố, mặt tiền",,,"150,48 triệu/m²",,6,,Nội thất cao cấp,,ha-noi,Tôi cần bán liền kề VĨNH TUY thang máy MT 10m lô góc ôtô tránh vỉa hè.,,"Vĩnh Tuy, Phường Vĩnh Tuy, Quận Hai Bà Trưng, Hà NộiXem bản đồ","9,48 tỷ - 63 m2"
55 m²,5 phòng,5 phòng,Đã có sổ,"Nhà ngõ, hẻm",,,"142,73 triệu/m²",,5,,Nội thất cao cấp,,ha-noi,"NHÀ MẶT NGÕ KINH DOANH 55M2, GARA Ô TÔ,50M RA PHỐ,NGÕ THÔNG RỘNG",,"Đường Phạm Văn Đồng, Phường Xuân Đỉnh, Quận Bắc Từ Liêm, Hà NộiXem bản đồ","7,85 tỷ - 55 m2"
50 m²,4 phòng,5 phòng,Đã có sổ,"Nhà ngõ, hẻm",,,154 triệu/m²,,6,,Nội thất cao cấp,,ha-noi,"NHÀ DÂN HOÀNG QUỐC VIỆT, 50M2,6 TẦNG THANG MÁY, 50M RA MẶT PHỐ",,"Đường Hoàng Quốc Việt, Phường Nghĩa Đô, Quận Cầu Giấy, Hà NộiXem bản đồ","7,7 tỷ - 50 m2"
51 m²,4 phòng,,,"Nhà ngõ, hẻm",,,"109,8 triệu/m²",,5,,,,ha-noi,"Bán nhà Vũ Trọng Phụng 51m*MT5m,3 bước ra phố, ngõ 3 gác tránh, ở ngay",,"Vũ Trọng Phụng, Phường Nhân Chính, Quận Thanh Xuân, Hà NộiXem bản đồ","5,6 tỷ - 51 m2"
55 m²,4 phòng,4 phòng,Đã có sổ,"Nhà ngõ, hẻm",,250 m²,"109,09 triệu/m²",,,,Nhà trống,,ha-noi,Cả phố mới có một nhà bán phân lô cạnh HVQuân Y 55m2 nội thất sang xịn,,"Phố Lê Hữu Trác, Phường Phúc La, Quận Hà Đông, Hà NộiXem bản đồ",6 tỷ - 55 m2
41 m²,4 phòng,4 phòng,Đã có sổ,"Nhà ngõ, hẻm",,,"128,05 triệu/m²",,5,,Nội thất đầy đủ,,ha-noi,"Gấp! Bán nhà Láng Hạ, ngõ thông, gần phố, 2 thoáng, ở ngay 41m*5T.",,"Phố Láng Hạ, Phường Láng Hạ, Quận Đống Đa, Hà NộiXem bản đồ","5,25 tỷ - 41 m2"
39 m²,6 phòng,4 phòng,Đã có sổ,"Nhà ngõ, hẻm",,,100 triệu/m²,,5,,Nội thất cao cấp,,ha-noi,"BÁN NHÀ 5 TẦNG 39m2 phố QUANG TIẾN, chỉ đúng 100m ra ĐẠI LỘ THĂNG LONG",,"Đường Quang Tiến, Phường Đại Mỗ, Quận Nam Từ Liêm, Hà NộiXem bản đồ","3,9 tỷ - 39 m2"
36 m²,4 phòng,,Đã có sổ,"Nhà ngõ, hẻm",,,"101,39 triệu/m²",,,,,,ha-noi,"Nhà phố Kim Giang, ngõ nông, rộng, 36m, 4PN, 3.65 tỷ",,"Kim Giang, Phường Đại Kim, Quận Hoàng Mai, Hà NộiXem bản đồ","3,65 tỷ - 36 m2"
35 m²,3 phòng,,,"Nhà ngõ, hẻm",,,"65,71 triệu/m²",,4,,,,ha-noi,"CHÍNH CHỦ BÁN NHÀ CỰ KHÊ GIÁP THANH HÀ CIENCO, XA LA, KIẾN HƯNG",,"Đường trục phía Nam, Phường Kiến Hưng, Quận Hà Đông, Hà NộiXem bản đồ","2,3 tỷ - 35 m2"
29 m²,3 phòng,,Đã có sổ,"Nhà ngõ, hẻm",,,"120,69 triệu/m²",,5,,Nội thất đầy đủ,,ha-noi,"Ở, Kinh Doanh, Oto, Ngõ Thông, Chợ Tân Mai 29m2 giá 3. 5 tỷ.",,"Tân Mai, Phường Tân Mai, Quận Hoàng Mai, Hà NộiXem bản đồ","3,5 tỷ - 29 m2"
40 m²,3 phòng,4 phòng,Đã có sổ,"Nhà ngõ, hẻm",,,"88,75 triệu/m²",,5,,Nội thất cao cấp,,ha-noi,Bán nhà 5 Tầng ngay Mỹ Đình Nam Từ Liêm sát Vinhomesmartcity,,"Ngõ 67 Phố Cầu Cốc, Phường Tây Mỗ, Quận Nam Từ Liêm, Hà NộiXem bản đồ","3,55 tỷ - 40 m2"
150 m²,4 phòng,,Đã có sổ,"Nhà ngõ, hẻm",,,33 triệu/m²,,1,,,,ha-noi,"Hàng kịch độc ,tập thể phương mai:150M 4ngủ",,"Phương Mai, Phường Phương Mai, Quận Đống Đa, Hà NộiXem bản đồ","4,95 tỷ - 150 m2"
80 m²,2 phòng,,Đã có sổ,"Nhà ngõ, hẻm",,,"37,5 triệu/m²",,1,,,,ha-noi,"Thật 100%: tập thể Văn Chương,2mặt tiền 80M:3T",,"Văn Chương, Phường Văn Chương, Quận Đống Đa, Hà NộiXem bản đồ",3 tỷ - 80 m2
35 m²,3 phòng,,Đã có sổ,"Nhà ngõ, hẻm",,,110 triệu/m²,,3,,,,ha-noi,Thật 100% nhỉ 3tỷ có ngay sổ đỏ phố khâm thiên 35M 3ngủ,,"Khâm Thiên, Phường Khâm Thiên, Quận Đống Đa, Hà NộiXem bản đồ","3,85 tỷ - 35 m2"
53 m²,4 phòng,,Đã có sổ,"Nhà ngõ, hẻm",,,"122,64 triệu/m²",,4,,,,ha-noi,"Hành độ xã đàn ngõ thông rộng thông Hồ Ba Mẫu 53M 6,5tỷ",,"Xã Đàn, Phường Kim Liên, Quận Đống Đa, Hà NộiXem bản đồ","6,5 tỷ - 53 m2"
76 m²,4 phòng,4 phòng,Đã có sổ,"Nhà mặt phố, mặt tiền",5 m,,"276,32 triệu/m²",,1,,,,ha-noi,Bán nhà Mặt Phố CHIẾN THẮNG- Kinh Doanh- 2 Thoáng Vĩnh Viễn-,,"Đường Chiến Thắng, Phường Văn Quán, Quận Hà Đông, Hà NộiXem bản đồ",21 tỷ - 76 m2
46 m²,4 phòng,,,"Nhà ngõ, hẻm",,,"89,13 triệu/m²",,,,,,ha-noi,"Giá hời! TT Cầu Giấy, ngõ rộng, gần hồ, view thoáng, gần ô tô 46m2*4T",,"Cầu Giấy, Phường Quan Hoa, Quận Cầu Giấy, Hà NộiXem bản đồ","4,1 tỷ - 46 m2"
155 m²,4 phòng,4 phòng,Đã có sổ,Nhà biệt thự,,,"212,9 triệu/m²",,3,,Nội thất cao cấp,,ha-noi,"Bán biệt thự sân vườn mặt phố 155m2 mặt tiền 8,5m 33 tỷ, 2 mặt thoáng",,"Nguyễn Khang, Phường Trung Hoà, Quận Cầu Giấy, Hà NộiXem bản đồ",33 tỷ - 155 m2
55 m²,6 phòng,6 phòng,Đã có sổ,"Nhà mặt phố, mặt tiền",,,100 triệu/m²,,5,,Nội thất đầy đủ,,ha-noi,"Cần bán nhà phố TRƯƠNG ĐỊNH, Q.HOÀNG MAI, ô tô, dt 55m x 5t x 4m.",,"Đường Trương Định, Phường Tân Mai, Quận Hoàng Mai, Hà NộiXem bản đồ","5,5 tỷ - 55 m2"
40 m²,3 phòng,,Đã có sổ,"Nhà ngõ, hẻm",,,"107,5 triệu/m²",,4,,Nội thất đầy đủ,,ha-noi,"Dân Xây Đẹp, Ngõ Thông, Ô to, Gần Chợ Hoàng Mai 40m2 giá 4.3 tỷ.",,"Hoàng Mai, Phường Hoàng Văn Thụ, Quận Hoàng Mai, Hà NộiXem bản đồ","4,3 tỷ - 40 m2"
44 m²,4 phòng,,,"Nhà ngõ, hẻm",,44 m²,"136,36 triệu/m²",,5,,,,ha-noi,"Bán nhà ngõ 322 Mỹ Đình 44m2*5 tầng, Ô TÔ VÀI BƯỚC CHÂN, chỉ 6 tỷ.",,"Mỹ Đình, Phường Mỹ Đình 2, Quận Nam Từ Liêm, Hà NộiXem bản đồ",6 tỷ - 44 m2
42 m²,4 phòng,3 phòng,Đã có sổ,"Nhà ngõ, hẻm",,,"85,71 triệu/m²",Đông,4,,,,ha-noi,BÁN NHÀ HỮU HƯNG TÂY ĐẠI MỖ MẶT NGÕ GẦN AEON HÀ ĐÔNG VINSMART TÂY MỖ,,"Hữu Hưng, Phường Đại Mỗ, Quận Nam Từ Liêm, Hà NộiXem bản đồ","3,6 tỷ - 42 m2"
38 m²,3 phòng,4 phòng,Đã có sổ,"Nhà ngõ, hẻm",,,"102,63 triệu/m²",,5,,Nội thất cao cấp,,ha-noi,"Cực hiếm! Đội Cấn, mặt ngõ thông, Kinh doanh, ôtô tránh, đầu tư tốt.",,"Đội cấn, Phường Ngọc Hà, Quận Ba Đình, Hà NộiXem bản đồ","3,9 tỷ - 38 m2"
63 m²,5 phòng,4 phòng,Đã có sổ,"Nhà ngõ, hẻm",4.1999 m,,"128,57 triệu/m²",,4,,,,ha-noi,NHÀ NGÕ Ô TÔ TRÁNH CÓ GARA RIÊNG CẦN BÁN TẠI HOÀNG MAI,,"Đường Hoàng Mai, Phường Mai Động, Quận Hoàng Mai, Hà NộiXem bản đồ","8,1 tỷ - 63 m2"
38 m²,4 phòng,4 phòng,Đã có sổ,"Nhà ngõ, hẻm",,40 m²,"105,26 triệu/m²",,,,Nội thất cao cấp,,ha-noi,"Bán nhà 38m, 5 tầng, giá chỉ 4 tỷ hơn sát Cấp 1, cấp 2 Hạ Đình, sát hồ",,"Khương Đình, Phường Hạ Đình, Quận Thanh Xuân, Hà NộiXem bản đồ",4 tỷ - 38 m2
42 m²,4 phòng,,Đã có sổ,"Nhà ngõ, hẻm",,42 m²,"83,33 triệu/m²",,5,,,,ha-noi,NHÀ NAM DƯ - LĨNH NAM - HÀNG XÓM GAMUDA - Ô TÔ,,"Nam Dư, Phường Lĩnh Nam, Quận Hoàng Mai, Hà NộiXem bản đồ","3,5 tỷ - 42 m2"
41 m²,5 phòng,,Đã có sổ,"Nhà ngõ, hẻm",,41 m²,"121,95 triệu/m²",,5,,,,ha-noi,LĨNH NAM MẶT NGÕ THÔNG - KINH DOANH - Ô TÔ LƯỢN,,"Lĩnh Nam, Phường Lĩnh Nam, Quận Hoàng Mai, Hà NộiXem bản đồ",5 tỷ - 41 m2
108 m²,4 phòng,,Đã có sổ,"Nhà mặt phố, mặt tiền",4.1999 m,,"245,37 triệu/m²",,33,,Nội thất đầy đủ,,ha-noi,Hiếm - Nhà Mặt Phố NGUYỄN TRÃI - Kinh Doanh - 108m - MT 4.2m Hè thoáng,,"Nguyễn Trãi, Phường Thanh Xuân Trung, Quận Thanh Xuân, Thành Phố Hà Nội, Phường Thanh Xuân Trung, Quận Thanh Xuân, Hà NộiXem bản đồ","26,5 tỷ - 108 m2"
60 m²,5 phòng,4 phòng,Đã có sổ,"Nhà ngõ, hẻm",,,130 triệu/m²,,4,,Nội thất cao cấp,,ha-noi,"Chính chủ bán nhà ngõ Trần Cung, nhà đẹp, mặt tiền 4,73m, sẵn ở",,"Ngõ 408, Đường Trần Cung, Phường Cổ Nhuế 1, Quận Bắc Từ Liêm, Hà NộiXem bản đồ","7,8 tỷ - 60 m2"
32 m²,3 phòng,,Đã có sổ,"Nhà ngõ, hẻm",,32 m²,"93,75 triệu/m²",,5,,,,ha-noi,NHÀ ĐẠI ĐỒNG 32M2 x 5 TẦNG x FULL NỘI THẤT MẶT NGÕ,,"Đại Đồng, Phường Thanh Trì, Quận Hoàng Mai, Hà NộiXem bản đồ",3 tỷ - 32 m2
77 m²,4 phòng,4 phòng,Đã có sổ,"Nhà mặt phố, mặt tiền",,,"357,14 triệu/m²",,5,,Nội thất đầy đủ,,ha-noi,SIÊU HÓT PHÂN LÔ - TRUNG KÍNH LỚN - VỈA HÈ - KINH DOANH - Ô TÔ TRÁNH,,"Trung Kính, Phường Yên Hoà, Quận Cầu Giấy, Hà NộiXem bản đồ","27,5 tỷ - 77 m2"
35 m²,4 phòng,,Đã có sổ,"Nhà ngõ, hẻm",,35 m²,100 triệu/m²,,5,,,,ha-noi,nhà ngõ 179 VĨNH HƯNG thông sáng ngõ 255 Lĩnh Nam,,"Vĩnh Hưng, Phường Vĩnh Hưng, Quận Hoàng Mai, Hà NộiXem bản đồ","3,5 tỷ - 35 m2"
50 m²,1 phòng,1 phòng,Đã có sổ,"Nhà mặt phố, mặt tiền",,,138 triệu/m²,,1,,,,ha-noi,Bán nhà mặt phố Định Công 50m2 Giá 6.9 tỷ - NGAY CẦU ĐỊNH CÔNG,,"Định Công, Phường Định Công, Quận Hoàng Mai, Hà NộiXem bản đồ","6,9 tỷ - 50 m2"
310 m²,9 phòng,Nhiều hơn 6 phòng,Đã có sổ,"Nhà mặt phố, mặt tiền",,,"306,45 triệu/m²",,11,,Nội thất đầy đủ,,ha-noi,BÁN GẤP TOÀ NHÀ VĂN PHÒNG 11 TẦNG MẶT PHỐ TÔN ĐỨC THẮNG - 310M 95 TỶ,,"Phố Tôn Đức Thắng, Phường Ô Chợ Dừa, Quận Đống Đa, Hà NộiXem bản đồ",95 tỷ - 310 m2
31 m²,3 phòng,,Đã có sổ,"Nhà ngõ, hẻm",,,"90,32 triệu/m²",,5,,Nội thất đầy đủ,,ha-noi,"Ngõ Thông, Ở Luôn, Sát Phố Trương Định 31m2x5 T giá 2.8 tỷ.",,"Trương Định, Phường Tương Mai, Quận Hoàng Mai, Hà NộiXem bản đồ","2,8 tỷ - 31 m2"
38 m²,4 phòng,4 phòng,Đã có sổ,"Nhà ngõ, hẻm",,,"157,89 triệu/m²",,5,,Nội thất đầy đủ,,ha-noi,BÁN NHÀ NGÕ 68 CẦU GIẤY - VỊ TRÍ CỰC ĐẸP - 38M 5 TẦNG 6 TỶ - LÔ GÓC,,"Cầu Giấy, Phường Quan Hoa, Quận Cầu Giấy, Hà NộiXem bản đồ",6 tỷ - 38 m2
17 m²,2 phòng,2 phòng,Đã có sổ,"Nhà ngõ, hẻm",,,"61,76 triệu/m²",,4,,Nhà trống,,ha-noi,"""Nên mua"" 1tỷ sở hữu nhà 4T- 2PN-2WC-Lĩnh Nam-Hoàng Mai-DT17m-Có sổ đỏ",,"Lĩnh Nam, Phường Lĩnh Nam, Quận Hoàng Mai, Hà NộiXem bản đồ","1,05 tỷ - 17 m2"
40 m²,4 phòng,,Đã có sổ,"Nhà ngõ, hẻm",,,75 triệu/m²,,5,,Nội thất cao cấp,,ha-noi,"Cần bán gấp căn mặt đất Mỹ Đình, tầm 3 tỷ, ngõ nông",,"Mỹ Đình, Phường Mỹ Đình 2, Quận Nam Từ Liêm, Hà NộiXem bản đồ",3 tỷ - 40 m2
42 m²,4 phòng,,Đã có sổ,"Nhà ngõ, hẻm",,42 m²,"80,95 triệu/m²",,,,Nhà trống,,ha-noi,"Thời đến , Bán nhà Minh Khai , 42m2 ,3,4 tỷ ,mt 4,1m ,gần ngã tư Mơ",,"minh khai, Phường Minh Khai, Quận Hai Bà Trưng, Hà NộiXem bản đồ","3,4 tỷ - 42 m2"
35 m²,4 phòng,4 phòng,Đã có sổ,"Nhà ngõ, hẻm",,,"104,29 triệu/m²",,5,,Nội thất đầy đủ,,ha-noi,"Tin được không ! Nhà La Thành- Xã đàn , nhỉnh đầu 3 có ngay 35m*5T",,"Đê La Thành, Phường Thổ Quan, Quận Đống Đa, Hà NộiXem bản đồ","3,65 tỷ - 35 m2"
60 m²,3 phòng,3 phòng,Đã có sổ,"Nhà ngõ, hẻm",,,90 triệu/m²,,44,,Nội thất đầy đủ,,ha-noi,"Bán nhà Láng Hạ, ngõ rộng, sát phố, xây nhà ở hoặc CCMN, 60m2*3T",,"Phố Láng Hạ, Phường Thành Công, Quận Ba Đình, Hà NộiXem bản đồ","5,4 tỷ - 60 m2"
36 m²,4 phòng,4 phòng,Đã có sổ,"Nhà ngõ, hẻm",,,"119,44 triệu/m²",,5,,Nhà trống,,ha-noi,"Tôn Thất Tùng- Trường Chinh ! Vài bước ra Đại Học Y Hà Nội , Nhà Đẹp ở",,"Phố Tôn Thất Tùng, Phường Khương Thượng, Quận Đống Đa, Hà NộiXem bản đồ","4,3 tỷ - 36 m2"
39 m²,4 phòng,,Đã có sổ,"Nhà ngõ, hẻm",,,"111,54 triệu/m²",,4,,,,ha-noi,"Bán gấp! Nhà 21 Lê Văn Lương, Thanh Xuân, 20m ra oto, 39m2*5T",,"21 Lê  Văn Lương, Phường Nhân Chính, Quận Thanh Xuân, Hà NộiXem bản đồ","4,35 tỷ - 39 m2"
37 m²,3 phòng,,Đã có sổ,"Nhà ngõ, hẻm",,,"91,89 triệu/m²",,5,,Nội thất đầy đủ,,ha-noi,"Thuận Tiện, Gần Chợ, Trường, Ô to Giáp Nhị 37m2 x5T giá 3.4 tỷ.",,"Giáp Nhị, Phường Thịnh Liệt, Quận Hoàng Mai, Hà NộiXem bản đồ","3,4 tỷ - 37 m2"
99 m²,6 phòng,4 phòng,Đã có sổ,"Nhà mặt phố, mặt tiền",6 m,,"267,68 triệu/m²",,4,,,,ha-noi,Bán nhà Mặt Phố Lô Góc - Kinh Doanh - Trần Phú - DT 100m - MT 6m,,"Đường Trần Phú, Phường Văn Quán, Quận Hà Đông, Hà NộiXem bản đồ","26,5 tỷ - 99 m2"
50 m²,4 phòng,,Đã có sổ,"Nhà mặt phố, mặt tiền",,50 m²,160 triệu/m²,,5,,Nội thất đầy đủ,,ha-noi,🏡 BÁN NHÀ DỌN VỀ Ở LUÔN - BA ĐÌNH - 5 TẦNG - 8 TỶ - 50M2 - NGÕ VIP🏡,,"Đội Cấn, Phường Đội Cấn, Quận Ba Đình, Hà NộiXem bản đồ",8 tỷ - 50 m2
55 m²,2 phòng,2 phòng,Đã có sổ,"Nhà ngõ, hẻm",,,"150,91 triệu/m²",,2,,Nội thất đầy đủ,,ha-noi,"Chỉ 8,3 tỷ có nhà mặt Ngõ 457 Kim Mã,Ba Đình,55m*3.9m,kinh doanh,sẵn ở",,"Phố Kim Mã, Phường Giảng Võ, Quận Ba Đình, Hà NộiXem bản đồ","8,3 tỷ - 55 m2"
17 m²,3 phòng,,Đã có sổ,"Nhà mặt phố, mặt tiền",,,"147,06 triệu/m²",,4,Hẻm xe hơi,,,ha-noi,NHÀ MẶT PHỐ KINH DOANH - NHỎ TIỀN - Ô TÔ 4 CHỖ ĐỖ CỬA.,,"Đê Tô Hoàng, Phường Cầu Dền, Quận Hai Bà Trưng, Hà NộiXem bản đồ","2,5 tỷ - 17 m2"
40 m²,3 phòng,,,"Nhà mặt phố, mặt tiền",,40 m²,"87,5 triệu/m²",,,"Hẻm xe hơi,Nở hậu",,,ha-noi,"Bán nhanh nhà Phúc Lợi, Long Biên. Lô Góc, Ô tô đỗ, 40m2, nhỉnh 3 tỷ.",,"undefined, Phường Phúc Lợi, Quận Long Biên, Hà NộiXem bản đồ","3,5 tỷ - 40 m2"
31 m²,2 phòng,,Đã có sổ,"Nhà ngõ, hẻm",,,100 triệu/m²,,3,,Nội thất đầy đủ,,ha-noi,"Bán Nhà Nguyễn Chính Ở Ngay Gần Ô to, Gần Phố 31m2 giá 3.1 tỷ",,"Nguyễn Chính, Phường Tân Mai, Quận Hoàng Mai, Hà NộiXem bản đồ","3,1 tỷ - 31 m2"
31 m²,2 phòng,,Đã có sổ,"Nhà ngõ, hẻm",,,100 triệu/m²,,3,,Nội thất đầy đủ,,ha-noi,"Bán Nhà Nguyễn Chính Ở Ngay Gần Ô to, Gần Phố 31m2 giá 3.1 tỷ",,"Nguyễn Chính, Phường Tân Mai, Quận Hoàng Mai, Hà NộiXem bản đồ","3,1 tỷ - 31 m2"
50 m²,1 phòng,1 phòng,Đã có sổ,"Nhà mặt phố, mặt tiền",5 m,,62 triệu/m²,,,,,10 m,ha-noi,Hàng Hiếm bán nhà tặng đất 50m2 chỉ 3.1 tỷ Đức Thượng Hoài Đức kinh,,"32, Thị trấn Trạm Trôi, Huyện Hoài Đức, Hà NộiXem bản đồ","3,1 tỷ - 50 m2"
25 m²,2 phòng,,Đã có sổ,"Nhà ngõ, hẻm",,25 m²,108 triệu/m²,,,,,,ha-noi,"Cực hiếm💥💥💥Nhà 3 Tầng Định công, 2.7 tỷ, view hồ, sát phố ô tô",,"Định Công, Phường Định Công, Quận Hoàng Mai, Hà NộiXem bản đồ","2,7 tỷ - 25 m2"
43 m²,4 phòng,,,"Nhà ngõ, hẻm",,,"125,58 triệu/m²",,,,,,ha-noi,"Bán nhà phố Nhật Chiêu ngõ thông Lạc Long Quân, cực kì đẹp, hiện đại",,"Phố Nhật Chiêu, Phường Nhật Tân, Quận Tây Hồ, Hà NộiXem bản đồ","5,4 tỷ - 43 m2"
90 m²,5 phòng,3 phòng,Đã có sổ,Nhà phố liền kề,4.5 m,,"133,33 triệu/m²",,,,,20 m,ha-noi,Bán gấp nhà LK thô Văn quán Hà đông S90m 5T siêu kinh doanh giá tốt,,"Nguyễn Khuyến, Phường Văn Quán, Quận Hà Đông, Hà NộiXem bản đồ",12 tỷ - 90 m2
46 m²,4 phòng,,,"Nhà ngõ, hẻm",,,"163,04 triệu/m²",,,,,,ha-noi,"Bán nhà mới Trịnh Công Sơn ô tô gần nhà, ngõ thẳng, tặng nội thất",,"Phố Trịnh Công Sơn, Phường Nhật Tân, Quận Tây Hồ, Hà NộiXem bản đồ","7,5 tỷ - 46 m2"
39 m²,3 phòng,,Đã có sổ,"Nhà ngõ, hẻm",4 m,,"132,05 triệu/m²",,5,,Nội thất đầy đủ,,ha-noi,"Giật mình! Chỉ 5 tỷ nhà Chùa Láng, ngõ nông, rộng, đẹp ở ngay, 39m*5T",,"Phố Chùa Láng, Phường Láng Thượng, Quận Đống Đa, Hà NộiXem bản đồ","5,15 tỷ - 39 m2"
43 m²,4 phòng,,,"Nhà ngõ, hẻm",,,"131,4 triệu/m²",,,,,,ha-noi,"Sao cứ phải sân vườn phía trước, quanh nhà càng đẹp mà, phải không ạ !",,"Ngõ 218 Lạc Long Quân, Phường Bưởi, Quận Tây Hồ, Hà NộiXem bản đồ","5,65 tỷ - 43 m2"
39 m²,4 phòng,,Đã có sổ,"Nhà ngõ, hẻm",3.2 m,,"92,31 triệu/m²",,4,,Nội thất đầy đủ,,ha-noi,"Lô góc Tây mỗ, dân xây 50m oto đỗ, 39m2 x 4 tầng - 4 ngủ, chỉ 3,6 tỉ",,"Ngõ 67 Phố Cầu Cốc, Phường Tây Mỗ, Quận Nam Từ Liêm, Hà NộiXem bản đồ","3,6 tỷ - 39 m2"
72 m²,4 phòng,,Đã có sổ,"Nhà mặt phố, mặt tiền",6.5 m,,"416,67 triệu/m²",,44,,,12 m,ha-noi,Hiếm Bán Nhà Mặt Phố TRẦN PHÚ- KINH DOANH - MT 6.5m - Vỉa hè Đá Bóng,,"Đường Trần Phú, Phường Mộ Lao, Quận Hà Đông, Hà NộiXem bản đồ",30 tỷ - 72 m2
36 m²,3 phòng,4 phòng,Đã có sổ,"Nhà ngõ, hẻm",,,"108,33 triệu/m²",,5,,Nội thất đầy đủ,,ha-noi,"Bán nhà Giảng Võ, lô góc, ngõ nông, gần phố, KD, 36m2 x 5T",,"Giảng Võ, Phường Giảng Võ, Quận Ba Đình, Hà NộiXem bản đồ","3,9 tỷ - 36 m2"
48 m²,4 phòng,4 phòng,Đã có sổ,"Nhà ngõ, hẻm",,,"103,75 triệu/m²",,4,,Nội thất đầy đủ,,ha-noi,"Bán nhà Ô chợ dừa, gần Ngân hàng nhà nước, ngõ thông rộng,mới đẹp,48m2",,"Ô Chợ Dừa, Phường Ô Chợ Dừa, Quận Đống Đa, Hà NộiXem bản đồ","4,98 tỷ - 48 m2"
38 m²,4 phòng,4 phòng,Đã có sổ,"Nhà ngõ, hẻm",,,"110,53 triệu/m²",,5,,Nội thất đầy đủ,,ha-noi,"Bán nhà Liễu Giai, ôtô tránh, ngõ thông, 3 thoáng, ở sướng, bán gấp",,"Phố Liễu Giai, Phường Liễu Giai, Quận Ba Đình, Hà NộiXem bản đồ","4,2 tỷ - 38 m2"
51 m²,4 phòng,3 phòng,Đã có sổ,"Nhà ngõ, hẻm",5 m,51 m²,"88,24 triệu/m²",,,,,,ha-noi,"Bán nhà Kim Mã, lô góc, 40m oto, 3 thoáng, dân xây, sh quay đầu.",,"Phố Kim Mã, Phường Ngọc Khánh, Quận Ba Đình, Hà NộiXem bản đồ","4,5 tỷ - 51 m2"
35 m²,3 phòng,,,"Nhà ngõ, hẻm",,,"134,29 triệu/m²",,,,,,ha-noi,"Nhà Trích Sài xây lệch tầng không cổ chút nào, chỉ thiên nhiên đầy nhà",,"Phố Trích Sài, Phường Bưởi, Quận Tây Hồ, Hà NộiXem bản đồ","4,7 tỷ - 35 m2"
47 m²,4 phòng,,,"Nhà ngõ, hẻm",,,"114,89 triệu/m²",,,,,,ha-noi,"Bán nhà nhiều cửa sổ phố Nhật Chiêu, có ô chờ thang máy, thiết kế đẹp",,"Phố Nhật Chiêu, Phường Nhật Tân, Quận Tây Hồ, Hà NộiXem bản đồ","5,4 tỷ - 47 m2"
30 m²,3 phòng,3 phòng,,Nhà phố liền kề,,,"71,67 triệu/m²",,4,Hẻm xe hơi,,,ha-noi,"NHÀ GÍA RẺ ĐỒNG MAI CHỈ 2,15 TỈ ĐỒNG",,"Đồng Mai, Phường Đồng Mai, Quận Hà Đông, Hà NộiXem bản đồ","2,15 tỷ - 30 m2"
23 m²,3 phòng,3 phòng,Đã có sổ,"Nhà ngõ, hẻm",,,"117,39 triệu/m²",,5,,Nội thất đầy đủ,,ha-noi,Bán nhà ngõ Văn Hương- Đống Đa- 25m- 3 ngủ- Nhà đẹp- Gần phố- Ở ngay,,"Ngõ Văn Hương, Phường Hàng Bột, Quận Đống Đa, Hà NộiXem bản đồ","2,7 tỷ - 23 m2"
52 m²,4 phòng,4 phòng,Đã có sổ,"Nhà ngõ, hẻm",4 m,,"211,54 triệu/m²",,,,Nội thất cao cấp,,ha-noi,"A LÔ ! CẦN BÁN GẤP NHÀ RIÊNG KHƯƠNG HẠ, KHƯƠNG ĐÌNH PHÂN LÔ BỘ CÔNG AN",,"Khương Hạ, Phường Khương Đình, Quận Thanh Xuân, Hà NộiXem bản đồ",11 tỷ - 52 m2
130 m²,6 phòng,,,"Nhà mặt phố, mặt tiền",,,"269,23 triệu/m²",,,"Hẻm xe hơi,Nở hậu",,,ha-noi,"Mặt phố Quốc Tử Giám ĐốnG Đa,130m2,đang cho thuê 80tr/tháng,chỉ 35 tỷ.",,"QUỐC TỬ GIÁM, Phường Quốc Tử Giám, Quận Đống Đa, Hà NộiXem bản đồ",35 tỷ - 130 m2
