Diện tích đất:,Số phòng ngủ:,Số phòng vệ sinh:,Giấy tờ pháp lý:,Loại hình nhà ở:,Chiều ngang:,Diện tích sử dụng:,Giá/m2:,Hướng cửa chính:,Tổng số tầng:,Đặc điểm nhà/đất:,Tình trạng nội thất:,Chiều dài:,Location,Name,URL,District,Price
120 m²,4 phòng,5 phòng,Đã có sổ,"Nhà mặt phố, mặt tiền",,,110 triệu/m²,Bắc,2,,,,tp-ho-chi-minh,"Nhà MTNB ngay công viên khu tên lửa, bình tân. 6x20m. g",,"Đường số 3, Phường Bình Trị Đông B, Quận Bình Tân, Tp Hồ Chí MinhXem bản đồ",
60 m²,10 phòng,,Đã có sổ,Nhà phố liền kề,,,"383,17 triệu/m²",Tây Bắc,5,,Nội thất cao cấp,,tp-ho-chi-minh,Bán Khách sạn Lý Tự Trọng Bến Thành Quận 1 DT 60m2 5 Tầng Thang Máy,,"Đường Lý Tự Trọng, Phường Bến Thành, Quận 1, Tp Hồ Chí MinhXem bản đồ",
72 m²,6 phòng,,,"Nhà ngõ, hẻm",4 m,,"165,14 triệu/m²",,,"Hẻm xe hơi,Nở hậu",,18 m,tp-ho-chi-minh,"Nhà bớt lộc TÔ HIẾN Thành Q10, 72m(4x18) hxh giá chỉ 11 tỷ 890tr",,"Sư Vạn Hạnh, Phường 14, Quận 10, Tp Hồ Chí MinhXem bản đồ",
75 m²,4 phòng,4 phòng,Đã có sổ,"Nhà mặt phố, mặt tiền",,,"97,33 triệu/m²",,3,,Nội thất đầy đủ,,tp-ho-chi-minh,"Bán nhà Mặt Tiền KDC LOVERA PARK Khang Điền ,Phong Phú , Bình Chánh",,"16C, Xã Phong Phú, Huyện Bình Chánh, Tp Hồ Chí MinhXem bản đồ",
514 m²,4 phòng,4 phòng,Đã có sổ,"Nhà mặt phố, mặt tiền",12 m,,"16,54 triệu/m²",,,,,44 m,tp-ho-chi-minh,"Nhà Tô ngọc vân DT 514m thổ cư 100% ,mặt tiền 12m",,"Quốc Lộ 1A, Phường Thạnh Xuân, Quận 12, Tp Hồ Chí MinhXem bản đồ",
71 m²,5 phòng,5 phòng,Đã có sổ,"Nhà ngõ, hẻm",,,"138,73 triệu/m²",Đông Nam,4,,,,tp-ho-chi-minh,"Nhà mới đẹp lung linh, Xe hơi vào ngủ nhà, sát MT QL13,P26, Bình Thạnh",,"Quốc lộ 13, Phường 26, Quận Bình Thạnh, Tp Hồ Chí MinhXem bản đồ",
54 m²,4 phòng,4 phòng,Đã có sổ,"Nhà ngõ, hẻm",,,"82,96 triệu/m²",,,"Hẻm xe hơi,Nở hậu",Nội thất cao cấp,,tp-ho-chi-minh,Nhà phố SHR 4m x 14m. Xây mới Đúc 2 lầu Đường Tân Thới Hiệp 21,,"Tân Thới Hiệp 21, Phường Tân Thới Hiệp, Quận 12, Tp Hồ Chí MinhXem bản đồ",
24 m²,1 phòng,1 phòng,Giấy tờ khác,"Nhà ngõ, hẻm",,,"6,1666666667 tỷ/m²",Đông,1,,,,tp-ho-chi-minh,Nhà 1 trệch 1lầu,,"Tỉnh lộ 10, Phường Bình Trị Đông, Quận Bình Tân, Tp Hồ Chí MinhXem bản đồ",
68 m²,6 phòng,4 phòng,Đã có sổ,Nhà phố liền kề,,,"80,88 triệu/m²",,,Hẻm xe hơi,Nội thất cao cấp,,tp-ho-chi-minh,"GIÁ SỐC TỪ 7 T XUỐNG CÒN 5,5T ..GIÁP GIGAMAIL. BÌNH THẠNH. GÒ VẤP",,"Đường Số 35, Phường Hiệp Bình Chánh (Quận Thủ Đức cũ), Thành phố Thủ Đức, Tp Hồ Chí MinhXem bản đồ",
40 m²,3 phòng,3 phòng,,"Nhà mặt phố, mặt tiền",4.7 m,,"177,5 triệu/m²",,5,,,8.6 m,tp-ho-chi-minh,"MTKD (Căn Góc) - TÂN HÓA, P14, Q6 - 4,7m x 8,6m - 5 TẦNG - 3PN - 3WC.",,"Đường Tân Hóa, Phường 14, Quận 6, Tp Hồ Chí MinhXem bản đồ",
184 m²,3 phòng,4 phòng,Đã có sổ,"Nhà ngõ, hẻm",,,"61,41 triệu/m²",Đông Nam,3,,,,tp-ho-chi-minh,"CHÍNH CHỦ! Mt đường 10m đường số Đặng Văn Bi, giá đầu tư",,"Đặng Văn Bi, Phường Trường Thọ (Quận Thủ Đức cũ), Thành phố Thủ Đức, Tp Hồ Chí MinhXem bản đồ",
32 m²,4 phòng,3 phòng,Đã có sổ,Nhà phố liền kề,,,"121,25 triệu/m²",,3,,Nội thất đầy đủ,,tp-ho-chi-minh,NHÀ CHÍNH CHỦ GIÁ TỐT,,"Phạm Văn Chiêu, Phường 14, Quận Gò Vấp, Tp Hồ Chí MinhXem bản đồ",
308 m²,2 phòng,2 phòng,,"Nhà mặt phố, mặt tiền",8 m,,"61,69 triệu/m²",Tây,1,,,,tp-ho-chi-minh,"Mặt tiền Liên Khu, gần Ngã Tư Bốn Xã, Đường nhựa 12m, 8x38.5m, 19 tỷ",,"Liên Khu, Phường Bình Trị Đông, Quận Bình Tân, Tp Hồ Chí MinhXem bản đồ",
56 m²,4 phòng,3 phòng,Đã có sổ,"Nhà mặt phố, mặt tiền",,,100 triệu/m²,,4,1,,,tp-ho-chi-minh,"Nhà 3.5 lầu KDC An Dương Vương giáp Q6, SHR 2021",,"An Dương Vương, Phường An Lạc, Quận Bình Tân, Tp Hồ Chí MinhXem bản đồ",
160 m²,5 phòng,,Đã có sổ,Nhà biệt thự,9 m,,"84,38 triệu/m²",Bắc,3,,,,tp-ho-chi-minh,"Biệt thự 9x17m đường Bình Lợi - Bình Thạnh, 13.5 tỉ",,"Bình Lợi, Phường 13, Quận Bình Thạnh, Tp Hồ Chí MinhXem bản đồ",
64.3 m²,4 phòng,2 phòng,Đã có sổ,"Nhà ngõ, hẻm",,,"73,87 triệu/m²",Đông Nam,2,,,,tp-ho-chi-minh,"Bán nhà đẹp Hẻm xe hơi 4x16 Trệt Đúc 2 Lầu, Đường số 59, P14, Q.Gò Vấp",,"Đường số 59, Phường 14, Quận Gò Vấp, Tp Hồ Chí MinhXem bản đồ",
38.5 m²,2 phòng,2 phòng,Đã có sổ,"Nhà ngõ, hẻm",,,"92,99 triệu/m²",Đông Nam,2,,,,tp-ho-chi-minh,"Cần bán nhà hẻm thông Nguyễn Chế Nghĩa P12, Q8",,"Đường Nguyễn Chế Nghĩa, Phường 12, Quận 8, Tp Hồ Chí MinhXem bản đồ",
100 m²,5 phòng,,Đã có sổ,Nhà phố liền kề,5 m,,229 triệu/m²,,6,,Nhà trống,,tp-ho-chi-minh,"Shophouse Nguyễn Thị Nhung Vạn Phúc,giá đầu tư 22.9 tỷ còn bớt, Gấp ạ!",,"Đường Nguyễn Thị Nhung, Phường Hiệp Bình Phước (Quận Thủ Đức cũ), Thành phố Thủ Đức, Tp Hồ Chí MinhXem bản đồ",
86.5 m²,5 phòng,,,"Nhà ngõ, hẻm",7 m,,"72,83 triệu/m²",,,Hẻm xe hơi,,12 m,tp-ho-chi-minh,"Giảm 1,5 tỷ nhà 3 tầng, 86m2 đường Quang Trung - Gò Vấp",,"Quang Trung, Phường 14, Quận Gò Vấp, Tp Hồ Chí MinhXem bản đồ",
64 m²,4 phòng,,,Nhà phố liền kề,,,"82,81 triệu/m²",,,Hẻm xe hơi,,,tp-ho-chi-minh,"nhà siêu đẹp, chủ xây ở, kẹt dòng tiền nên bán. Lê Thị Riêng Q12",,"Lê Thị Riêng, Phường Thới An, Quận 12, Tp Hồ Chí MinhXem bản đồ",
60 m²,3 phòng,2 phòng,Đã có sổ,"Nhà mặt phố, mặt tiền",,,"80,83 triệu/m²",Đông Nam,1,,,,tp-ho-chi-minh,"Bán nhà Xuân thới đông, sổ hồng riêng, gần chợ Võ thị Hồi",,"Đường Võ Thị Hồi, Xã Xuân Thới Đông, Huyện Hóc Môn, Tp Hồ Chí MinhXem bản đồ",
44 m²,3 phòng,2 phòng,Đã có sổ,"Nhà ngõ, hẻm",,,"73,86 triệu/m²",,2,,Nội thất đầy đủ,,tp-ho-chi-minh,"Kẹt vốn bán nhà Lê Văn Sỹ, Tân Bình 44m2/3,25 tỷ gần trường ĐH TN&MT",,"Lê Văn Sỹ, Phường 1, Quận Tân Bình, Tp Hồ Chí MinhXem bản đồ",
52 m²,4 phòng,3 phòng,Đã có sổ,"Nhà ngõ, hẻm",4.0998 m,,"138,46 triệu/m²",,4,,,,tp-ho-chi-minh,"Bán nhà hẻm 1162 Trường Sa, 4 Tầng kiên cố 52m2 giá chỉ 7,2 tỷ",,"Trường Sa, Phường 13, Quận Phú Nhuận, Tp Hồ Chí MinhXem bản đồ",
44 m²,3 phòng,2 phòng,Đã có sổ,"Nhà ngõ, hẻm",,,"78,41 triệu/m²",Đông Bắc,2,,,,tp-ho-chi-minh,"Nhà bán 2xẹc hương lộ 2, phường Bình Trị Đông,a quận Bình Tân",,"Hương Lộ 2, Phường Bình Trị Đông A, Quận Bình Tân, Tp Hồ Chí MinhXem bản đồ",
29 m²,1 phòng,1 phòng,Đã có sổ,"Nhà ngõ, hẻm",,,"127,59 triệu/m²",,2,,Nội thất đầy đủ,,tp-ho-chi-minh,"Nhà hẻm Đồng đen, ngang 3,3 dài 9m . 2 tầng ở liền. chỉ 3tỷ7",,"Đường Đồng Đen, Phường 12, Quận Tân Bình, Tp Hồ Chí MinhXem bản đồ",
80 m²,nhiều hơn 10 phòng,Nhiều hơn 6 phòng,Đã có sổ,"Nhà ngõ, hẻm",,,"119,38 triệu/m²",Đông,5,,,,tp-ho-chi-minh,CHDV FUN NỘI THẤT HẺM 6M GÒ DẦU 4 x20 : 5 TẤM 11PN.11WC,,"Đường Gò Dầu, Phường Tân Quý, Quận Tân Phú, Tp Hồ Chí MinhXem bản đồ",
30 m²,3 phòng,2 phòng,Đã có sổ,"Nhà ngõ, hẻm",,,"126,67 triệu/m²",Đông,,,,,tp-ho-chi-minh,Vị Trí Đẹp - Vạn Kiếp - Bình Thạnh - 3 Mặt Hẻm - Nhỉnh 3 tỷ,,"Vạn Kiếp, Phường 3, Quận Bình Thạnh, Tp Hồ Chí MinhXem bản đồ",
120 m²,2 phòng,,Đã có sổ,"Nhà mặt phố, mặt tiền",6 m,,110 triệu/m²,Bắc,2,,,,tp-ho-chi-minh,"Bán Nhà MT Đường số 3, Khu tên lửa, Gần CV, 6x20, 2.5 Tấm, 13.2 Tỷ",,"Đường số 3, Phường Bình Trị Đông B, Quận Bình Tân, Tp Hồ Chí MinhXem bản đồ",
72 m²,6 phòng,6 phòng,Đã có sổ,"Nhà ngõ, hẻm",,,"101,39 triệu/m²",,4,,Nội thất đầy đủ,,tp-ho-chi-minh,"bán nhà kinh dương vương,72m2, giá :7.3 tỷ",,"Đường Kinh Dương Vương, Phường 6, Quận 6, Tp Hồ Chí MinhXem bản đồ",
56 m²,4 phòng,4 phòng,Đã có sổ,"Nhà ngõ, hẻm",4 m,,"110,71 triệu/m²",,,,,14 m,tp-ho-chi-minh,NHÀ MỚI VỀ ĐÓN TẾT - ngay chợ TÂN HƯƠNG - ( 4x14m 2 lầu mới ),,"Đường Nguyễn Súy, Phường Tân Quý, Quận Tân Phú, Tp Hồ Chí MinhXem bản đồ",
50 m²,5 phòng,,,"Nhà mặt phố, mặt tiền",10 m,,310 triệu/m²,,,,,7 m,tp-ho-chi-minh,"Nhà MT đường 3/2, ngang 10m x 7m - 5 tầng, sẵn hd thuê chỉ 15.5 tỷ",,"Ba Tháng Hai, Phường 14, Quận 10, Tp Hồ Chí MinhXem bản đồ",
76 m²,5 phòng,4 phòng,Đã có sổ,"Nhà ngõ, hẻm",4.1999 m,,"69,61 triệu/m²",Đông Bắc,,,,,tp-ho-chi-minh,"Nhà DT 4.2M x 18M Xây Mới 3 Lầu, Hẻm 8M Thông Kinh Doanh Mua Bán",,"Dương Thị Mười, Phường Tân Thới Hiệp, Quận 12, Tp Hồ Chí MinhXem bản đồ",
100 m²,3 phòng,2 phòng,Đã có sổ,"Nhà mặt phố, mặt tiền",,,109 triệu/m²,,2,,Nội thất đầy đủ,,tp-ho-chi-minh,MẶT TIỀN DƯƠNG QUẢNG HÀM.P5.Dt Khủng 5x20 CN 100m.2 tầng 3 PN.SỔ VUÔNG,,"Dương Quảng Hàm, Phường 5, Quận Gò Vấp, Tp Hồ Chí MinhXem bản đồ",
40 m²,2 phòng,2 phòng,,Nhà phố liền kề,4 m,,32 triệu/m²,Đông Bắc,2,,,,tp-ho-chi-minh,nhà phố an phú đông 4x 11 nhà 1 lầu 2pn 2wc hẻm 5m,,"Đường T15, Phường An Phú Đông, Quận 12, Tp Hồ Chí MinhXem bản đồ",
70 m²,4 phòng,5 phòng,Đã có sổ,"Nhà ngõ, hẻm",,,"82,86 triệu/m²",,4,,Nội thất đầy đủ,,tp-ho-chi-minh,Nhà 4.5 tấm 5x14 hẻm 6m đường Đất Mới,,"Đất Mới, Phường Bình Trị Đông A, Quận Bình Tân, Tp Hồ Chí MinhXem bản đồ",
85 m²,1 phòng,,,"Nhà ngõ, hẻm",6.4 m,,"88,47 triệu/m²",,,"Hẻm xe hơi,Nở hậu",,15 m,tp-ho-chi-minh,BÁN NHÀ CẠNH,,"4B, Đường Phan Chu Trinh, Phường 12, Quận Bình Thạnh, Tp Hồ Chí MinhXem bản đồ",
40 m²,3 phòng,3 phòng,Đã có sổ,"Nhà ngõ, hẻm",,,"107,25 triệu/m²",,,,Nội thất đầy đủ,,tp-ho-chi-minh,"Cực rẻ!! Nhà 2 tầng, 3PN, 40m2. Chợ Cây Quéo. 2 mặt hẻm rộng thoáng",,"Nguyễn Thượng Hiền, Phường 5, Quận Bình Thạnh, Tp Hồ Chí MinhXem bản đồ",
100 m²,3 phòng,3 phòng,Đã có sổ,Nhà phố liền kề,,,52 triệu/m²,Đông Nam,2,,,,tp-ho-chi-minh,Bàn gấp nhà Dương Đình Hội,,"Đường Dương Đình Hội, Phường Phước Long B (Quận 9 cũ), Thành phố Thủ Đức, Tp Hồ Chí MinhXem bản đồ",
60 m²,6 phòng,6 phòng,Đã có sổ,"Nhà mặt phố, mặt tiền",,,"253,33 triệu/m²",,,,,,tp-ho-chi-minh,Nhỉnh 15 Tỷ Nhà Mặt Tiền Đường Số Bông Sao 4 Tầng 6PN+6WC SHR,,"Bông Sao, Phường 5, Quận 8, Tp Hồ Chí MinhXem bản đồ",
40 m²,2 phòng,2 phòng,Đã có sổ,"Nhà ngõ, hẻm",,,"29,5 triệu/m²",Đông Nam,1,,,,tp-ho-chi-minh,Chính chủ bán nhà chợ cầu đồng ngã tư ga q12,,"Đường Thạnh Lộc 19, Phường Thạnh Lộc, Quận 12, Tp Hồ Chí MinhXem bản đồ",
48 m²,3 phòng,2 phòng,Giấy tờ khác,"Nhà ngõ, hẻm",,,"32,29 triệu/m²",Bắc,1,,,,tp-ho-chi-minh,Bán nhà có số nhà huyện,,"Đường Nguyễn Thị Trọn Vào 50  M, Xã Vĩnh Lộc A, Huyện Bình Chánh, Tp Hồ Chí MinhXem bản đồ",
75 m²,4 phòng,,,"Nhà ngõ, hẻm",4.3 m,250 m²,62 triệu/m²,,,Hẻm xe hơi,,17 m,tp-ho-chi-minh,Bán nhà nát hẻm xe hơi TKTQ,,"Hẻm 304 Tân Kỳ Tân Quý, Phường Sơn Kỳ, Quận Tân Phú, Tp Hồ Chí MinhXem bản đồ",
59 m²,2 phòng,,,"Nhà ngõ, hẻm",4.8 m,90 m²,"117,8 triệu/m²",,,,,12 m,tp-ho-chi-minh,"7 tỷ – Nhà đẹp 2 tầng đường xe hơi Chợ Phạm Văn Hai, ngang 4,8m - 59m2",,"Đường Phạm Văn Hai, Phường 5, Quận Tân Bình, Tp Hồ Chí MinhXem bản đồ",
55 m²,3 phòng,3 phòng,,"Nhà mặt phố, mặt tiền",3.7 m,180 m²,"135,45 triệu/m²",,,,,15 m,tp-ho-chi-minh,"7.5 tỷ - Nhà mới 5 tầng chợ Trần Mai Ninh 3,7x15m 3PN ô tô vào tận nhà",,"Trần Mai Ninh, Phường 12, Quận Tân Bình, Tp Hồ Chí MinhXem bản đồ",
49 m²,2 phòng,2 phòng,,"Nhà ngõ, hẻm",6.5 m,98 m²,"94,9 triệu/m²",,,,,7.5 m,tp-ho-chi-minh,"Bán nhà mới xây hẻm xe tải Huỳnh Tấn Phát ,Q7.",,"Huỳnh Tấn Phát, Phường Phú Mỹ, Quận 7, Tp Hồ Chí MinhXem bản đồ",
49.1 m²,3 phòng,,Đã có sổ,"Nhà ngõ, hẻm",3.9 m,,"65,17 triệu/m²",,2,,Nội thất đầy đủ,,tp-ho-chi-minh,"Kẹt tiền bán gấp căn nhà Trần Quang Diệu,P.14, Q.3 diện tích 49.1 m2",,"Đường Trần Quang Diệu, Phường 14, Quận 3, Tp Hồ Chí MinhXem bản đồ",
60 m²,5 phòng,5 phòng,Đã có sổ,"Nhà ngõ, hẻm",,,"96,67 triệu/m²",,4,,Nội thất cao cấp,,tp-ho-chi-minh,Nhà 4 Tầng Lung Linh.Hẻm Thông 6m Trường Chinh Tân Bình 60m2.,,"Trường Chinh, Phường 15, Quận Tân Bình, Tp Hồ Chí MinhXem bản đồ",
58 m²,4 phòng,4 phòng,Đã có sổ,Nhà phố liền kề,,,"102,59 triệu/m²",,3,,Nội thất cao cấp,,tp-ho-chi-minh,"NHÀ 2LẦU HXH ĐƯỜNG PHẠM VĂN CHIÊU , P14 , QUẬN - GV",,"Đường Phạm Văn Chiêu Phường 14 Quận GV, Phường 14, Quận Gò Vấp, Tp Hồ Chí MinhXem bản đồ",
83 m²,3 phòng,4 phòng,Đã có sổ,"Nhà ngõ, hẻm",,,"69,88 triệu/m²",Bắc,2,,,,tp-ho-chi-minh,bán nhà đường võ thị thừa vào 1 sẹc gần sông,,"Hẻm 21 Võ Thị Thừa, Phường An Phú Đông, Quận 12, Tp Hồ Chí MinhXem bản đồ",
45 m²,2 phòng,2 phòng,Đã có sổ,"Nhà ngõ, hẻm",,,"25,56 triệu/m²",,2,1,,,tp-ho-chi-minh,Nhà tô Ngọc Vân quận 12 1 trệt 1 lầu 2pn2wc,,"Đường Thạnh Xuân 21, Phường Thạnh Xuân, Quận 12, Tp Hồ Chí MinhXem bản đồ",
58 m²,5 phòng,5 phòng,Đã có sổ,"Nhà ngõ, hẻm",,,"92,24 triệu/m²",Đông,4,,,,tp-ho-chi-minh,BÁN NHÀ HƯƠNG LỘ 2 (4M x 14.5M) 1 TRỆT 1 LỬNG 3 LẦU - ĐƯỜNG NHỰA 7M,,"Hương Lộ 2, Phường Bình Trị Đông A, Quận Bình Tân, Tp Hồ Chí MinhXem bản đồ",
70 m²,4 phòng,5 phòng,Đã có sổ,"Nhà ngõ, hẻm",,,"95,71 triệu/m²",Tây Nam,3,,,,tp-ho-chi-minh,HÀNG KHỦNG DIỆN TÍCH HIẾM HOI Ạ ĐƯỜNG QUANG TRUNG P8,,"Quang Trung, Phường 8, Quận Gò Vấp, Tp Hồ Chí MinhXem bản đồ",
43 m²,2 phòng,1 phòng,Đã có sổ,"Nhà ngõ, hẻm",,,"68,6 triệu/m²",,2,,Nội thất đầy đủ,,tp-ho-chi-minh,"Chính chủ cần bán nhà đường Nguyễn Văn Nghi, Phường 7, Gò Vấp",,"Nguyễn Văn Nghi, Phường 7, Quận Gò Vấp, Tp Hồ Chí MinhXem bản đồ",
48 m²,4 phòng,3 phòng,Đã có sổ,"Nhà ngõ, hẻm",,,"114,58 triệu/m²",,5,,Nội thất cao cấp,,tp-ho-chi-minh,"Bán nhà 1/, 5 tầng Kế Aeon Tân Phú, cách mặt tiền 70m, 48m, hơn 5 tỷ",,"Hương Lộ 3, Phường Bình Hưng Hòa, Quận Bình Tân, Tp Hồ Chí MinhXem bản đồ",
24 m²,2 phòng,2 phòng,Đã có sổ,"Nhà ngõ, hẻm",,,"77,92 triệu/m²",Tây,2,,,,tp-ho-chi-minh,Lâm Chí Vĩnh . Nhà 4x6. Đúc 1 Lầu Sổ Riêng,,"Hiệp Thành 17, Phường Hiệp Thành, Quận 12, Tp Hồ Chí MinhXem bản đồ",
93 m²,7 phòng,Nhiều hơn 6 phòng,Đã có sổ,"Nhà ngõ, hẻm",6 m,,"149,46 triệu/m²",,5,,,,tp-ho-chi-minh,"Nhà 466/10 Cộng Hòa, 6mx15,5m, 3lầu, ST, nhà đẹp, 7PN,7WC.HẺM XH",,"Đường Cộng Hòa, Phường 13, Quận Tân Bình, Tp Hồ Chí MinhXem bản đồ",
70 m²,3 phòng,2 phòng,Đã có sổ,"Nhà ngõ, hẻm",,,"85,71 triệu/m²",,2,,Nội thất đầy đủ,,tp-ho-chi-minh,"NGANG BỀ THẾ 7,5 NGAY AEON TÂN PHÚ - 2 TẦNG - CHỈ 6,X TỶ TL",,"Đường Tân Kỳ Tân Quý, Phường Sơn Kỳ, Quận Tân Phú, Tp Hồ Chí MinhXem bản đồ",
56 m²,4 phòng,4 phòng,Đã có sổ,"Nhà ngõ, hẻm",,,"366,07 triệu/m²",,5,,Nội thất cao cấp,,tp-ho-chi-minh,❤️SIÊU PHẨM Q1 VIP - DÒNG TIỀN GẦN 100tr/Tháng - GẦN 60M2 5 TẦNG,,"Lý Văn Phức, Phường Tân Định, Quận 1, Tp Hồ Chí MinhXem bản đồ",
52 m²,2 phòng,1 phòng,Đã có sổ,"Nhà mặt phố, mặt tiền",4 m,,"162,5 triệu/m²",Bắc,,,,,tp-ho-chi-minh,"Nhanh mới kịp _ MTKD sung đường Lê Văn Quới , dt 4x13m , C4 giá 8.7 tỷ",,"Lê Văn Quới, Phường Bình Trị Đông A, Quận Bình Tân, Tp Hồ Chí MinhXem bản đồ",
45 m²,2 phòng,2 phòng,Đã có sổ,"Nhà ngõ, hẻm",4 m,,"55,56 triệu/m²",,1,,,,tp-ho-chi-minh,Ngộp bank bán nhà Lò Siêu P16 Q11 45m2 1T1L SHR vuông vức giá 2tỷ5,,"Đường Lò Siêu, Phường 16, Quận 11, Tp Hồ Chí MinhXem bản đồ",
24 m²,2 phòng,,,"Nhà ngõ, hẻm",3 m,24 m²,"45,83 triệu/m²",Đông,,,,8 m,tp-ho-chi-minh,Chính chủ Cần bán nhà sổ hồng chung q12,,"Tx33, Phường Thạnh Xuân, Quận 12, Tp Hồ Chí MinhXem bản đồ",
65 m²,3 phòng,2 phòng,Đã có sổ,"Nhà ngõ, hẻm",,,"112,31 triệu/m²",Đông Bắc,2,,,,tp-ho-chi-minh,"Nhà ngay Công Viên Tầm Vu,P26, Bình Thạnh HXT 4,3x16m, giá 7,3 tỷ TL",,"Xô Viết Nghệ Tĩnh, Phường 26, Quận Bình Thạnh, Tp Hồ Chí MinhXem bản đồ",
60 m²,5 phòng,5 phòng,Đã có sổ,"Nhà ngõ, hẻm",,,"83,33 triệu/m²",Tây Nam,4,,,,tp-ho-chi-minh,NHÀ BÁN MÃ LÒ (4M x 15M) KHU DÂN TRÍ CAO YÊN TĨNH - NHÀ XÂY MỚI - SHR,,"Mã Lò, Phường Bình Hưng Hoà A, Quận Bình Tân, Tp Hồ Chí MinhXem bản đồ",
35 m²,4 phòng,3 phòng,Đã có sổ,"Nhà ngõ, hẻm",,,"107,14 triệu/m²",,3,,Nội thất đầy đủ,,tp-ho-chi-minh,"Nhà chính chủ xây ở,35m,3lầu,Ni sư Huỳnh Liên,P10.Tân Bình.",,"Số 1, Phường 10, Quận Tân Bình, Tp Hồ Chí MinhXem bản đồ",
45.0998 m²,3 phòng,2 phòng,,"Nhà ngõ, hẻm",4 m,,"146,34 triệu/m²",Đông Bắc,,,Nội thất đầy đủ,,tp-ho-chi-minh,BÁN CĂN NHÀ BÌNH THẠNH HẺM XE XƠI- CHÍNH CHỦ,,"Bình Lợi, Phường 13, Quận Bình Thạnh, Tp Hồ Chí MinhXem bản đồ",
72 m²,4 phòng,6 phòng,Đã có sổ,"Nhà mặt phố, mặt tiền",,,"58,61 triệu/m²",,3,,Nhà trống,,tp-ho-chi-minh,"Bán nhà Đường số 7, Chu Văn An, Bình Thạnh, 72m2, giá 4 tỷ220",,"Chu Văn An, Phường 26, Quận Bình Thạnh, Tp Hồ Chí MinhXem bản đồ",
100 m²,3 phòng,3 phòng,Đã có sổ,"Nhà ngõ, hẻm",,,65 triệu/m²,,2,Hẻm xe hơi,,,tp-ho-chi-minh,"Bán nhà 2 tầng 100m2, hẻm xe hơi, ngay Đ.Phú Châu, Tam Bình, Thủ Đức",,"Đường Phú Châu, Phường Tam Bình (Quận Thủ Đức cũ), Thành phố Thủ Đức, Tp Hồ Chí MinhXem bản đồ",
30 m²,1 phòng,1 phòng,Đang chờ sổ,"Nhà mặt phố, mặt tiền",,,"51,67 triệu/m²",Nam,1,,,,tp-ho-chi-minh,Căn OFFICE -Moonlight Pảkview- bán gấp,,"Đường số 7, Phường An Lạc A, Quận Bình Tân, Tp Hồ Chí MinhXem bản đồ",
40 m²,2 phòng,,Đã có sổ,"Nhà ngõ, hẻm",4 m,,65 triệu/m²,,2,,,11 m,tp-ho-chi-minh,NHÀ KHU PHỐ HIỆP THÀNH-TRUNG TÂM Q12-NHỈNH 2 TỶ,,"Đường Hiệp Thành 45, Phường Hiệp Thành, Quận 12, Tp Hồ Chí MinhXem bản đồ",
56 m²,3 phòng,,,"Nhà ngõ, hẻm",,,"48,21 triệu/m²",,,Hẻm xe hơi,,,tp-ho-chi-minh,"Nhỉnh 2 tỷ 56m2 đất Lê Văn Lương, Tân Hưng Q7, tặng nhà cấp 4 cũ, HXH",,"Đường Lê Văn Lương, Phường Tân Hưng, Quận 7, Tp Hồ Chí MinhXem bản đồ",
52 m²,2 phòng,3 phòng,Đã có sổ,"Nhà mặt phố, mặt tiền",,,"64,42 triệu/m²",,1,,Nội thất đầy đủ,,tp-ho-chi-minh,"BÁN NHÀ ĐƯỜNG NGUYỄN THIỆN THUẬT, Q3, GIÁ 3TỶ350, DT: 52M2, SỔ RIÊNG",,"Nguyễn Thiện Thuật, Phường 3, Quận 3, Tp Hồ Chí MinhXem bản đồ",
60 m²,4 phòng,,Đã có sổ,"Nhà ngõ, hẻm",,,"146,67 triệu/m²",,,,,,tp-ho-chi-minh,HOT💥KẾ BÊN GIGAMALL - HIẾM BÁN - KHU DÂN TRÍ CAO - 4 TẦNG - XE HƠI VÀO,,"Đường số 17, Phường Hiệp Bình Chánh (Quận Thủ Đức cũ), Thành phố Thủ Đức, Tp Hồ Chí MinhXem bản đồ",
29 m²,2 phòng,,,"Nhà ngõ, hẻm",,,"79,31 triệu/m²",,,,,,tp-ho-chi-minh,BÁN NHÀ SHR SÁT HXH LÂM VĂN BỀN QUẬN 7 DTSD 29M2 CHỈ 2 3 TỶ,,"Lâm Văn Bền, Phường Tân Kiểng, Quận 7, Tp Hồ Chí MinhXem bản đồ",
152 m²,3 phòng,1 phòng,Đã có sổ,"Nhà mặt phố, mặt tiền",5 m,,"4,14 triệu/m²",,,,Nội thất đầy đủ,,tp-ho-chi-minh,"Bán nhà cấp 4, 3p ngủ,152m2 đường Số 05,Tân Thông Hội,Củ chi,SHR,630tr",,"Đường Số 5, Xã Tân Thông Hội, Huyện Củ Chi, Tp Hồ Chí MinhXem bản đồ",
32 m²,2 phòng,2 phòng,Đã có sổ,"Nhà ngõ, hẻm",,,"78,13 triệu/m²",,1,,Nhà trống,,tp-ho-chi-minh,"Bán nhà đườngThống Nhất Gò Vấp, P15. Chỉ 2TỶ500TL.",,"Thống Nhất, Phường 15, Quận Gò Vấp, Tp Hồ Chí MinhXem bản đồ",
72 m²,4 phòng,,,"Nhà mặt phố, mặt tiền",,,"173,61 triệu/m²",,,,,,tp-ho-chi-minh,Bán Gấp nhà MTKD đắc địa Trương Vĩnh Ký TT Quận Tân Phú giá cực Tốt,,"Trương Vĩnh Ký, Phường Tân Thành, Quận Tân Phú, Tp Hồ Chí MinhXem bản đồ",
80 m²,4 phòng,4 phòng,,"Nhà mặt phố, mặt tiền",5 m,,"231,25 triệu/m²",Bắc,,,,16 m,tp-ho-chi-minh,Nhà măt tiền đối diên công viên tái đinh cư him lam q7,,"Đường Số Tái Đinh Cư Him Lam, Phường Tân Hưng, Quận 7, Tp Hồ Chí MinhXem bản đồ",
90 m²,5 phòng,5 phòng,Đã có sổ,Nhà phố liền kề,,,"83,33 triệu/m²",Đông Nam,3,,,,tp-ho-chi-minh,"Biệt Thự Vườn mini đường Hưng Phú ,P9 ,Q8,SHR,DT 6,2x18 .",,"Đường Hưng Phú, Phường 9, Quận 8, Tp Hồ Chí MinhXem bản đồ",
145.7 m²,4 phòng,3 phòng,Đã có sổ,"Nhà mặt phố, mặt tiền",,,"157,86 triệu/m²",Đông Bắc,1,,,,tp-ho-chi-minh,"CHÍNH CHỦ BÁN NHÀ MẶT TIỀN KINH DOANH 145m2, ĐƯỜNG NGUYỄN THỊ ĐỊNH, Q2",,"Nguyễn Thị Định, Phường Thạnh Mỹ Lợi (Quận 2 cũ), Thành phố Thủ Đức, Tp Hồ Chí MinhXem bản đồ",
95 m²,2 phòng,1 phòng,Đã có sổ,"Nhà ngõ, hẻm",,,"35,79 triệu/m²",Tây,1,,,,tp-ho-chi-minh,BÁN NHÀ / ĐƯỜNG VĨNH LỘC HẺM 8m THÔNG BUÔN BÁN,,"/ Đường vĩnh Lộc , Xã Vĩnh Lộc B, Huyện Bình Chánh, Tp Hồ Chí MinhXem bản đồ",
80 m²,6 phòng,5 phòng,Đã có sổ,"Nhà ngõ, hẻm",,,"72,5 triệu/m²",Bắc,4,,,,tp-ho-chi-minh,BÁN NHÀ LÊ ĐÌNH CẨN - HXH TRÁNH - 80M2. 5T NHỈNH 5 TỶ - GIÁP TÊN LỬA,,"Đường Lê Đình Cẩn, Phường Tân Tạo, Quận Bình Tân, Tp Hồ Chí MinhXem bản đồ",
34 m²,2 phòng,1 phòng,Đã có sổ,"Nhà ngõ, hẻm",,,"95,59 triệu/m²",,2,,Nhà trống,,tp-ho-chi-minh,"Nhà Q10 ngay khu TT Ngô Gia Tự,34m2, ngang 4m5 giá chỉ 3ty250",,"Hẻm  Ngô Gia Tự, Phường 9, Quận 10, Tp Hồ Chí MinhXem bản đồ",
68 m²,1 phòng,1 phòng,Đã có sổ,"Nhà mặt phố, mặt tiền",,,"62,5 triệu/m²",,1,,Nhà trống,,tp-ho-chi-minh,Nhà cấp 4 mặt tiền hẻm 48 đường Cầu Xây 4.25 tỷ,,"Đường Cầu Xây, Phường Tân Phú (Quận 9 cũ), Thành phố Thủ Đức, Tp Hồ Chí MinhXem bản đồ",
66 m²,4 phòng,4 phòng,Đã có sổ,"Nhà mặt phố, mặt tiền",,,"53,03 triệu/m²",,23,,Nội thất đầy đủ,,tp-ho-chi-minh,"Bán nhà HXH 1T2L Linh Xuân, 66m2, full nội thất, HXH, Shr, chỉ 3,5 tỷ",,"Quốc Lộ 1k, Phường Linh Trung (Quận Thủ Đức cũ), Thành phố Thủ Đức, Tp Hồ Chí MinhXem bản đồ",
100 m²,6 phòng,,Đã có sổ,"Nhà ngõ, hẻm",4 m,,"23,9 triệu/m²",,,,Nhà trống,25 m,tp-ho-chi-minh,BÁN NHÀ.DIỆN TÍCH LỚN 4M X 25M - DÒNG TIỀN ỔN - MUA ĐẦU TƯ SIÊU LỜI.,,"Nguyễn Cửu Phú, Phường Tân Tạo A, Quận Bình Tân, Tp Hồ Chí MinhXem bản đồ",
42 m²,2 phòng,2 phòng,,Nhà phố liền kề,5.3 m,,100 triệu/m²,,2,,,12 m,tp-ho-chi-minh,BÁN GẤP MẶT TIỀN NƠ TRANG LONG - 41M2 - NỞ HẬU ĐẸP - 2 MẶT HẺM ĐẸP,,"Nơ Trang Long, Phường 13, Quận Bình Thạnh, Tp Hồ Chí MinhXem bản đồ",
35 m²,4 phòng,4 phòng,Đã có sổ,"Nhà ngõ, hẻm",,110 m²,"107,14 triệu/m²",,,Hẻm xe hơi,,,tp-ho-chi-minh,"Bán nhà 1 trệt 1 lửng 2 lầu đường Nguyễn Văn Khối,Quận Gò Vấp",,"Nguyễn Van Khoi, Phường 11, Quận Gò Vấp, Tp Hồ Chí MinhXem bản đồ",
88 m²,4 phòng,5 phòng,,"Nhà mặt phố, mặt tiền",4.5 m,,"96,59 triệu/m²",,4,,,20 m,tp-ho-chi-minh,"Nhà 3 tấm 4,5 x 20 mặt tiền Hiệp Thành 31 - Chung Thị Minh - thang máy",,"Hiệp Thành 31, Phường Hiệp Thành, Quận 12, Tp Hồ Chí MinhXem bản đồ",
76 m²,9 phòng,Nhiều hơn 6 phòng,Đã có sổ,,,,"89,47 triệu/m²",Đông Bắc,4,,,,tp-ho-chi-minh,Tôi chủ bán căn nhà dang co dòng tiền 20 tr/1 tháng ở BVB. q7,,"59, Huỳnh Tấn Phat, Phường Tân Phú, Quận 7, Tp Hồ Chí MinhXem bản đồ",
160 m²,5 phòng,,Đã có sổ,"Nhà mặt phố, mặt tiền",8.5 m,,225 triệu/m²,,3,,Nhà trống,,tp-ho-chi-minh,"Nhà Phố Căn Góc có hầm Cityland F10 Gò Vấp, 36 tỷ. TL",,"Phan Văn Trị, Phường 10, Quận Gò Vấp, Tp Hồ Chí MinhXem bản đồ",
78 m²,4 phòng,5 phòng,Đã có sổ,"Nhà mặt phố, mặt tiền",,,"179,49 triệu/m²",Bắc,3,,,,tp-ho-chi-minh,"Bán nhà MT mai lão Bạng p13,tb dt 5x16m 2 lầu ST,giá 14 ty tl",,"Mt Mai Lão Bạng P13, Phường 13, Quận Tân Bình, Tp Hồ Chí MinhXem bản đồ",
250 m²,2 phòng,1 phòng,Đã có sổ,Nhà phố liền kề,,,34 triệu/m²,,1,,Nhà trống,,tp-ho-chi-minh,Chính chủ bán nhà diện tích lớn ngay chợ Thới Tứ,,"Trịnh Thị Miếng, Xã Thới Tam Thôn, Huyện Hóc Môn, Tp Hồ Chí MinhXem bản đồ",
64 m²,2 phòng,,Đã có sổ,"Nhà ngõ, hẻm",4 m,,"89,06 triệu/m²",,,,,16 m,tp-ho-chi-minh,Hẻm 1/ Vườn Lài 4x16 Gía 5.7 tỷ Nhà Chính Chủ,,"Vườn Lài, Phường Phú Thọ Hòa, Quận Tân Phú, Tp Hồ Chí MinhXem bản đồ",
93 m²,4 phòng,5 phòng,Đã có sổ,"Nhà mặt phố, mặt tiền",,,"205,38 triệu/m²",,3,,Nhà trống,,tp-ho-chi-minh,Nhà bán mặt tiền Lê Quang Định p.14 Bình Thạnh,,"Le Quang Định, Phường 14, Quận Bình Thạnh, Tp Hồ Chí MinhXem bản đồ",
50 m²,2 phòng,2 phòng,Đã có sổ,"Nhà ngõ, hẻm",,,56 triệu/m²,Đông Bắc,2,,,,tp-ho-chi-minh,"Bán nhà mới xây đúc thật trệt lầu đ59 p14GV 2pn, 2wc 2,8tỷ",,"148/11, Đường số 59, Phường 14, Quận Gò Vấp, Tp Hồ Chí MinhXem bản đồ",
39 m²,2 phòng,2 phòng,,"Nhà ngõ, hẻm",,78 m²,"26,41 triệu/m²",,,,,,tp-ho-chi-minh,☎️GIẢM GIÁ 200 TRIỆU BÁN GẤP NHÀ NGAY CHỢ . CƠ HỘI MUA NHÀ RẺ ĐÓN TẾT,,"Hà Huy Giáp, Phường Thạnh Xuân, Quận 12, Tp Hồ Chí MinhXem bản đồ",
56 m²,4 phòng,,,"Nhà ngõ, hẻm",,,"65,18 triệu/m²",,,Hẻm xe hơi,,,tp-ho-chi-minh,BÌNH TÂN NHÀ 2 TẦNG HẺM XE HƠI THÔNG GIÁP TÂN PHÚ -56M2- 3.65TỶ,,"Lê Văn Quới, Phường Bình Trị Đông, Quận Bình Tân, Tp Hồ Chí MinhXem bản đồ",
56 m²,4 phòng,2 phòng,Đã có sổ,"Nhà ngõ, hẻm",,,"56,25 triệu/m²",Nam,,,,,tp-ho-chi-minh,Nhà đúc 1 lầu sổ hồng riêng 4 phòng 56m2,,"Lê Văn Khương, Phường Hiệp Thành, Quận 12, Tp Hồ Chí MinhXem bản đồ",
90 m²,3 phòng,3 phòng,,"Nhà mặt phố, mặt tiền",4 m,,"107,78 triệu/m²",Bắc,3,,,,tp-ho-chi-minh,"Bán nhà 1 trệt 2 lầu đường 5 gần ngã 4 và Đại Lộ 2 giá 9,7 tỷ TL",,"Đường 5, Phường Phước Bình (Quận 9 cũ), Thành phố Thủ Đức, Tp Hồ Chí MinhXem bản đồ",
52 m²,4 phòng,3 phòng,Đã có sổ,"Nhà ngõ, hẻm",,,"92,31 triệu/m²",Đông Bắc,3,,,,tp-ho-chi-minh,BÁN NHÀ ĐẸP VÀO Ở NGAY 3PN 3 TẦNG NGAY PHẠM VĂN ĐỒNG LE QUANG ĐỊNH,,"Lê Quang Định, Phường 11, Quận Bình Thạnh, Tp Hồ Chí MinhXem bản đồ",
