Diện tích đất:,Số phòng ngủ:,Số phòng vệ sinh:,Giấy tờ pháp lý:,Loại hình nhà ở:,Chiều ngang:,Diện tích sử dụng:,Giá/m2:,Hướng cửa chính:,Tổng số tầng:,Đặc điểm nhà/đất:,Tình trạng nội thất:,Chiều dài:,Location,Name,URL,District,Price
40 m²,4 phòng,,,"Nhà ngõ, hẻm",,,180 triệu/m²,,6,Hẻm xe hơi,Nội thất cao cấp,,ha-noi,"✨SỐC,7,2 TỶ TRẦN THÁI TÔNG, CẦU GIẤY-NHÀ ĐẸP-NGÕ NÔNG, RỘNG-Ở SƯỚNG✨",,"Trần Thái Tông, Phường Dịch Vọng Hậu, Quận Cầu Giấy, Hà NộiXem bản đồ",
33 m²,4 phòng,,Đã có sổ,"Nhà ngõ, hẻm",,,"147,27 triệu/m²",,5,Hẻm xe hơi,Nội thất cao cấp,,ha-noi,"🍃QUÁ RẺ,4.86 TỶ NGUYỄN ĐỔNG CHI-TỪ LIÊM, NHÀ MỚI-GẦN PHỐ-TẶNG NỘI THẤT",,"Phố Nguyễn Đổng Chi, Phường Cầu Diễn, Quận Nam Từ Liêm, Hà NộiXem bản đồ",
105 m²,nhiều hơn 10 phòng,Nhiều hơn 6 phòng,Đã có sổ,"Nhà mặt phố, mặt tiền",,,"455,24 triệu/m²",,9,,Nội thất cao cấp,,ha-noi,"Bán Nhà phố Tạ Hiện Hoàn Kiếm 47,5Tỷ 105m2 9 tầng thu 700tr/ tháng",,"Phố Tạ Hiện, Phường Hàng Buồm, Quận Hoàn Kiếm, Hà NộiXem bản đồ",
35 m²,6 phòng,,,"Nhà ngõ, hẻm",,,120 triệu/m²,,,,,,ha-noi,"BÁN NHÀ MỚI ĐẸP, Ô TÔ ĐỖ CỬA TẠI NGỌC THUỴ, LONG BIÊN",,"Ngọc Thụy, Phường Ngọc Thụy, Quận Long Biên, Hà NộiXem bản đồ",
35 m²,3 phòng,,,"Nhà mặt phố, mặt tiền",,35 m²,"76,57 triệu/m²",,4,,,,ha-noi,Bán nhà Đa Sỹ gần khu đấu giá Ngõ Cổng 35m2 4 tầng nhỉnh 2.6 tỷ,,"Đa sỹ, Phường Kiến Hưng, Quận Hà Đông, Hà NộiXem bản đồ",
43 m²,4 phòng,4 phòng,Đã có sổ,,,,"113,95 triệu/m²",Đông Nam,5,,,,ha-noi,"hoa lâm,việt hưng",,"Nguyễn Văn Cừ, Phường Việt Hưng, Quận Long Biên, Hà NộiXem bản đồ",
98 m²,4 phòng,4 phòng,Đã có sổ,"Nhà ngõ, hẻm",,,"128,57 triệu/m²",,,,Nhà trống,,ha-noi,Bán 98m2 tặng nhà 4 tầng Nguyễn Khang.,,"Đường Nguyễn Khang, Phường Yên Hoà, Quận Cầu Giấy, Hà NộiXem bản đồ",
80 m²,3 phòng,2 phòng,Đã có sổ,"Nhà ngõ, hẻm",,,30 triệu/m²,,1,,Nội thất đầy đủ,,ha-noi,Bán tập thể Hàng Cháo 80m2 mặt tiền rộng chia 3 phòng ngủ 2.4 tỷ,,"Phố Hàng Cháo, Phường Điện Biên, Quận Ba Đình, Hà NộiXem bản đồ",
45 m²,3 phòng,,,"Nhà mặt phố, mặt tiền",,45 m²,"51,11 triệu/m²",,2,,,,ha-noi,45m2 dân xây ô tô đỗ cửa Tả Thanh Oai Thanh Trì 2.3 tỷ,,"Ngõ 20, Xã Tả Thanh Oai, Huyện Thanh Trì, Hà NộiXem bản đồ",
48 m²,7 phòng,6 phòng,Đã có sổ,"Nhà ngõ, hẻm",,,"248,96 triệu/m²",,77,,Nội thất cao cấp,,ha-noi,"BánNhà đường HOÀNG ĐẠO THÀNH,THANH XUÂN,ô tô,thang máy,48m,7T,11,95 tỷ",,"Đường Hoàng Đạo Thành, Phường Hạ Đình, Quận Thanh Xuân, Hà NộiXem bản đồ",
37 m²,4 phòng,,Đã có sổ,"Nhà ngõ, hẻm",,,"90,54 triệu/m²",,5,,,,ha-noi,Nhỉnh 3 tỷ sở hữu ngay sổ đỏ khâm thiên ngõ thông thoáng 37M 5T,,"Khâm Thiên, Phường Trung Phụng, Quận Đống Đa, Hà NộiXem bản đồ",
52 m²,7 phòng,6 phòng,Đã có sổ,"Nhà ngõ, hẻm",,,150 triệu/m²,Nam,5,,,,ha-noi,bán nhà phố trần duy hưng 20m ra mặt phố 52m 5 tầng ngõ trước nhà 3m,,"Trần Duy Hưng, Phường Trung Hoà, Quận Cầu Giấy, Hà NộiXem bản đồ",
45 m²,6 phòng,,Đã có sổ,"Nhà ngõ, hẻm",,50 m²,"244,44 triệu/m²",,5,,Nhà trống,,ha-noi,"Bán nhà Xã Đàn, ô tô, kinh doanh, dt 45m, 5T, mt 4.5m, giá 11 tỷ",,"Xã Đàn, Phường Ô Chợ Dừa, Quận Đống Đa, Hà NộiXem bản đồ",
47 m²,4 phòng,6 phòng,Đã có sổ,"Nhà ngõ, hẻm",,,"246,81 triệu/m²",,5,,Nội thất cao cấp,,ha-noi,"Bán nhà Xã Đàn, ô tô, kinh doanh, diện tích 47m, 5T, giá 11.6 tỷ",,"Xã Đàn, Phường Ô Chợ Dừa, Quận Đống Đa, Hà NộiXem bản đồ",
31 m²,3 phòng,4 phòng,Đã có sổ,"Nhà ngõ, hẻm",,,"127,74 triệu/m²",,5,,Nội thất đầy đủ,,ha-noi,"Quá hời đầu 3T . Trường Chinh ! Vài bước ra Đại Học Y Hà Nội , Nhà Đẹp",,"Đường Trường Chinh, Phường Khương Thượng, Quận Đống Đa, Hà NộiXem bản đồ",
35 m²,3 phòng,4 phòng,,"Nhà ngõ, hẻm",,35 m²,"154,29 triệu/m²",,5,"Hẻm xe hơi,Nở hậu",,,ha-noi,"Hồ Tùng Mậu, Cầu giấy nhà đẹp ở luôn gần phố, ngõ thông.",,"Hồ Tùng mậu, Phường Yên Hoà, Quận Cầu Giấy, Hà NộiXem bản đồ",
50 m²,4 phòng,5 phòng,Đã có sổ,"Nhà ngõ, hẻm",,50 m²,174 triệu/m²,,7,,,,ha-noi,Võng Thị - Tây Hồ 50m x 7Tầng Thang Máy - 2 Thoáng - 10m Ra Ô Tô -,,"Võng Thị, Phường Bưởi, Quận Tây Hồ, Hà NộiXem bản đồ",
558 m²,6 phòng,6 phòng,Đã có sổ,"Nhà mặt phố, mặt tiền",,,"327,96 triệu/m²",,4,,Nội thất đầy đủ,,ha-noi,"MP Tây Sơn 558m, 4 Tầng, MT 15m. Vị trí đẹp, Kinh doanh tốt. 183 Tỷ.",,"Phố Tây Sơn, Phường Trung Liệt, Quận Đống Đa, Hà NộiXem bản đồ",
60.7999 m²,8 phòng,,,Nhà phố liền kề,3.2999 m,,"95,39 triệu/m²",Tây,6,,,,ha-noi,"Bán nhà 5 tầng, số 29 liền kề 9, Xây kiên cố, Full nội thất…",,"Tả Thanh Oai, Xã Tả Thanh Oai, Huyện Thanh Trì, Hà NộiXem bản đồ",
70 m²,5 phòng,5 phòng,Đã có sổ,"Nhà mặt phố, mặt tiền",,,"207,14 triệu/m²",,6,,Nội thất cao cấp,,ha-noi,"Bán nhà Nguyễn Văn Cừ, 70m2, 6T thang máy, gara 2 ô tô, full nội thất",,"Nguyễn Văn Cừ, Phường Gia Thụy, Quận Long Biên, Hà NộiXem bản đồ",
89 m²,nhiều hơn 10 phòng,Nhiều hơn 6 phòng,Đã có sổ,"Nhà ngõ, hẻm",,,"135,96 triệu/m²",Bắc,5,,,,ha-noi,"Bán nhà Đê La Thành, Ba Đình: 89m2x5 tầng thang máy, mặt tiền 5,33m, g",,"Đê La Thành, Phường Ngọc Khánh, Quận Ba Đình, Hà NộiXem bản đồ",
50 m²,4 phòng,4 phòng,Đã có sổ,"Nhà ngõ, hẻm",,,112 triệu/m²,,4,,Nội thất cao cấp,,ha-noi,"GIÁ NGON! CĂN GÓC THÁI THỊNH, 2 THOÁNG, NGÕ 3 GÁC TRÁNH, GẦN ÔTÔ, Ở KD",,"Phố Thái Thịnh, Phường Thịnh Quang, Quận Đống Đa, Hà NộiXem bản đồ",
80 m²,6 phòng,5 phòng,Đã có sổ,"Nhà mặt phố, mặt tiền",,,260 triệu/m²,,5,,Nội thất đầy đủ,,ha-noi,"Mặt phố Trần Vỹ 80m, 5 Tầng, MT 8m. Vỉa hè rộng, Kinh doanh . 20,8TỶ",,"Trần Vỹ, Phường Mai Dịch, Quận Cầu Giấy, Hà NộiXem bản đồ",
142 m²,9 phòng,Nhiều hơn 6 phòng,Đã có sổ,"Nhà mặt phố, mặt tiền",,,"457,75 triệu/m²",,9,,Nội thất cao cấp,,ha-noi,"Mặt phố Trần Vỹ 142m, 9 Tầng, MT 6,5m. Vỉa hè , thang máy, KD. 65 Tỷ.",,"Trần Vỹ, Phường Mai Dịch, Quận Cầu Giấy, Hà NộiXem bản đồ",
77 m²,7 phòng,6 phòng,Đã có sổ,"Nhà ngõ, hẻm",,,"109,09 triệu/m²",Đông Nam,5,,,,ha-noi,bán nhà vừa ở vùa cho thuê phố dịch vọng 77m 4 tầng ngần oto,,"Dịch Vọng, Phường Dịch Vọng, Quận Cầu Giấy, Hà NộiXem bản đồ",
40 m²,3 phòng,4 phòng,Đã có sổ,"Nhà mặt phố, mặt tiền",,,"207,5 triệu/m²",,5,,Nội thất đầy đủ,,ha-noi,"BÁN NHÀ SIÊU KINH DOANH PHẠM VĂN ĐỒNG, Ô TÔ QUA NHÀ, SÁT MẶT PHỐ",,"Phạm Văn Đồng, Phường Mai Dịch, Quận Cầu Giấy, Hà NộiXem bản đồ",
31 m²,3 phòng,,Đã có sổ,"Nhà mặt phố, mặt tiền",,,"82,26 triệu/m²",,4,,Nội thất cao cấp,,ha-noi,Chính Chủ Bán Nhà Liên Mạc ô tô đậu cửa 4 Tầng 31m2 3 Phòng Ngủ,,"Đường Liên Mạc, Phường Liên Mạc, Quận Bắc Từ Liêm, Hà NộiXem bản đồ",
45 m²,4 phòng,,Đã có sổ,"Nhà ngõ, hẻm",,,"144,44 triệu/m²",,5,"Nở hậu,Hẻm xe hơi",Nội thất cao cấp,,ha-noi,"THẬT 100% PL LÊ TRỌNG TẤN 45M X 5T, MT5M, 8M Ô TÔ TRÁNH, Ở NGAY, 6 TỶ5",,"LÊ TRỌNG TẤN, Phường Khương Mai, Quận Thanh Xuân, Hà NộiXem bản đồ",
47 m²,5 phòng,6 phòng,Đã có sổ,"Nhà mặt phố, mặt tiền",,,"234,04 triệu/m²",,5,,Nội thất cao cấp,,ha-noi,CHÍNH CHỦ BÁN NHÀ XÃ ĐÀN - GARA OTO - KINH DOANH - DT47m2 - NHỈNH 11TỶ,,"Phố Xã Đàn, Phường Nam Đồng, Quận Đống Đa, Hà NộiXem bản đồ",
65 m²,6 phòng,Nhiều hơn 6 phòng,Đã có sổ,"Nhà mặt phố, mặt tiền",5 m,,"123,08 triệu/m²",,,,,,ha-noi,"CHÍNH CHỦ BÁN PHỐ TRẦN KHÁT CHÂN, HAI BÀ TRƯNG 65M2 Ô TÔ, THANG MÁY.",,"Đường Trần Khát Chân, Phường Thanh Nhàn, Quận Hai Bà Trưng, Hà NộiXem bản đồ",
35 m²,4 phòng,3 phòng,Đã có sổ,"Nhà ngõ, hẻm",4 m,,"91,43 triệu/m²",,4,,,,ha-noi,BÁN NHÀ GIÁP BÁT 35M2X4 TẦNG HIẾM CÓ FULL TIỆN ÍCH VÀO Ở LUÔN,,"Đường Giáp Bát, Phường Giáp Bát, Quận Hoàng Mai, Hà NộiXem bản đồ",
48 m²,3 phòng,3 phòng,Đã có sổ,"Nhà ngõ, hẻm",,,"114,58 triệu/m²",Đông Nam,4,,,,ha-noi,Chính chủ bán nhà,,"Phố Chợ Khâm Thiên, Phường Trung Phụng, Quận Đống Đa, Hà NộiXem bản đồ",
35 m²,3 phòng,,,"Nhà ngõ, hẻm",,,"157,14 triệu/m²",,,Hẻm xe hơi,,,ha-noi,Bán nhà phố Phú Gia ngõ ô tô thẳng tắp đỗ trước cửa ngày đêm,,"Phố Phú Gia, Phường Phú Thượng, Quận Tây Hồ, Hà NộiXem bản đồ",
40 m²,4 phòng,,,"Nhà ngõ, hẻm",,,"86,25 triệu/m²",,,,,,ha-noi,"Bán nhà phố Lĩnh Nam, Hoàng Mai, 40m2 5T ngõ OTo, vào nhà, 3.45 tỷ",,"Lĩnh Nam, Phường Vĩnh Hưng, Quận Hoàng Mai, Hà NộiXem bản đồ",
50 m²,4 phòng,,Đã có sổ,"Nhà ngõ, hẻm",,,98 triệu/m²,,,,,,ha-noi,Bán nhà Tôn Đức Thắng 50m - Sổ Đỏ Chính Chủ - 4.X tỷ,,"Phố Tôn Đức Thắng, Phường Hàng Bột, Quận Đống Đa, Hà NộiXem bản đồ",
48 m²,6 phòng,5 phòng,Đã có sổ,"Nhà mặt phố, mặt tiền",,,"283,33 triệu/m²",,5,"Hẻm xe hơi,Nở hậu",,,ha-noi,"Cực Hiếm Bán Nhà Hộ Khẩu Hai Bà ,Kinh Doanh Cafe ,Ăn Uống Tấp Nập ..",,"HỒNG MAI, Phường Quỳnh Lôi, Quận Hai Bà Trưng, Hà NộiXem bản đồ",
40 m²,4 phòng,4 phòng,Đã có sổ,"Nhà ngõ, hẻm",,,"118,75 triệu/m²",,6,,Nội thất đầy đủ,,ha-noi,Bán nhà Ngọc Lâm 40m2 ngõ nông vài bước ra phố kinh doanh tốt 4.75 tỷ,,"Ngọc Lâm, Phường Ngọc Lâm, Quận Long Biên, Hà NộiXem bản đồ",
36 m²,4 phòng,,Đã có sổ,"Nhà ngõ, hẻm",,,"137,5 triệu/m²",,,,,,ha-noi,"Nhà Lĩnh Nam, thang máy, ô tô vào nhà",,"Lĩnh Nam, Phường Lĩnh Nam, Quận Hoàng Mai, Hà NộiXem bản đồ",
57 m²,3 phòng,3 phòng,Đã có sổ,"Nhà ngõ, hẻm",,,"105,26 triệu/m²",,4,,Nội thất đầy đủ,,ha-noi,Bán nhà Thái Thịnh 57m2 không gian sống thoải mái thoáng ngõ to 6 tỷ,,"Phố Thái Thịnh, Phường Láng Hạ, Quận Đống Đa, Hà NộiXem bản đồ",
40 m²,3 phòng,3 phòng,Đã có sổ,"Nhà ngõ, hẻm",,,110 triệu/m²,,4,,Nội thất đầy đủ,,ha-noi,"Bán nhà Kim Giang DT: 40m2 x 4T, ô tô, căn góc, giá giật mình 4,4 tỷ",,"kim giang, Phường Đại Kim, Quận Hoàng Mai, Hà NộiXem bản đồ",
55 m²,4 phòng,3 phòng,Đã có sổ,"Nhà ngõ, hẻm",4 m,,80 triệu/m²,,4,,,,ha-noi,"BÁN GẤP TRẦN KHÁT CHÂN, Ô TÔ GẦN, 2 THOÁNG, SỔ ĐẸP, 55m x 4T, 4.4 TỶ",,"Đường Trần Khát Chân, Phường Thanh Lương, Quận Hai Bà Trưng, Hà NộiXem bản đồ",
47 m²,4 phòng,3 phòng,Đã có sổ,"Nhà ngõ, hẻm",4 m,,"95,74 triệu/m²",,4,,,,ha-noi,"BÁN GẤP KIM NGƯU, SÁT PHỐ, DIỆN TÍCH RỘNG, NHÀ ĐẸP 47m x 4T, 4.5 TỶ",,"Phố Kim Ngưu, Phường Thanh Lương, Quận Hai Bà Trưng, Hà NộiXem bản đồ",
19 m²,2 phòng,,,"Nhà ngõ, hẻm",,,"123,68 triệu/m²",,,,,,ha-noi,"Bán Nhà Mặt Ngõ Thịnh Hào 3, Tôn Đức Thắng – DT 19m2, giá 2.35 tỷ",,"Tôn Đức Thắng, Phường Hàng Bột, Quận Đống Đa, Hà NộiXem bản đồ",
40 m²,3 phòng,5 phòng,Đã có sổ,"Nhà ngõ, hẻm",,,245 triệu/m²,,6,,Nội thất đầy đủ,,ha-noi,"Bán Nhà Chính Chủ phân Lô Hoàng Văn Thái,Q.t,xuân dt,40m*6 tầng",,"Hoàng Văn Thái, Phường Khương Mai, Quận Thanh Xuân, Hà NộiXem bản đồ",
25 m²,3 phòng,3 phòng,Đã có sổ,"Nhà ngõ, hẻm",,,"119,2 triệu/m²",,4,,Nhà trống,,ha-noi,"Wow 😲chắc chắn là nhà khung cột bt,25m2× 4 tầng,mua thôi kẻo lỡ giờ!",,"Quan Nhân, Phường Ngã Tư Sở, Quận Đống Đa, Hà NộiXem bản đồ",
116 m²,5 phòng,4 phòng,Đã có sổ,"Nhà ngõ, hẻm",,,"97,41 triệu/m²",,5,,Nội thất cao cấp,,ha-noi,BÁN NHÀ HOÀNG MAI 116M2X 5 TẦNG NGÕ THÔNG CÁCH 1 NHÀ RA OTO TRÁNH,,"Đường Hoàng Mai, Phường Hoàng Văn Thụ, Quận Hoàng Mai, Hà NộiXem bản đồ",
43 m²,9 phòng,Nhiều hơn 6 phòng,,"Nhà ngõ, hẻm",,,"139,53 triệu/m²",,5,Nở hậu,,,ha-noi,"Chính chủ bán CHDV Mễ Trì 43 5t 9P kk full đồ, trước nhà 3m, gần ô tô",,"Mễ Trì, Phường Mễ Trì, Quận Nam Từ Liêm, Hà NộiXem bản đồ",
45 m²,3 phòng,4 phòng,Đã có sổ,"Nhà ngõ, hẻm",,,"119,11 triệu/m²",,5,,Nội thất đầy đủ,,ha-noi,Nhà phố VIP Tây Sơn ở ngay sát ô tô ngõ thông 45m2 x 5 tầng x 5.36 tỷ,,"Phố Tây Sơn, Phường Ngã Tư Sở, Quận Đống Đa, Hà NộiXem bản đồ",
45 m²,4 phòng,,Đã có sổ,"Nhà ngõ, hẻm",,45 m²,110 triệu/m²,,5,,,,ha-noi,"Rẻ bất ngờ, Nguyễn Khánh Toàn, thoáng, ở sướng, gần chợ, 45m2*5T",,"Dương Quảng Hàm, Phường Quan Hoa, Quận Cầu Giấy, Hà NộiXem bản đồ",
34 m²,3 phòng,3 phòng,Đã có sổ,"Nhà ngõ, hẻm",,,"98,53 triệu/m²",,5,,Nội thất đầy đủ,,ha-noi,"Wow 😲siêu phẩm đẹp như hoa khôi lên sóng, 34m2×5 tầng,giá chỉ 3.35 tỷ",,"Trung Tả, Phường Khâm Thiên, Quận Đống Đa, Hà NộiXem bản đồ",
43 m²,6 phòng,4 phòng,,"Nhà ngõ, hẻm",4.4 m,43 m²,"123,26 triệu/m²",,5,,,,ha-noi,"Bắt đáy! LÁNG HẠ, TT ĐỐNG ĐA, thông tứ tung, nhà chắc chắn. 43m*5T",,"Đường Láng, Phường Láng Hạ, Quận Đống Đa, Hà NộiXem bản đồ",
47 m²,4 phòng,3 phòng,Đã có sổ,"Nhà ngõ, hẻm",,,"120,21 triệu/m²",,4,,Nội thất cao cấp,,ha-noi,"Đón lộc! THÁI THỊNH, nhà mới như ks, 3 gác đua, thoáng sáng. 47m*4T",,"Phố Thái Thịnh, Phường Thịnh Quang, Quận Đống Đa, Hà NộiXem bản đồ",
30 m²,3 phòng,,,"Nhà ngõ, hẻm",,,"126,67 triệu/m²",,,,,,ha-noi,"Cần bán nhà Bùi Xương Trạch 30m2×5tâng, 3.8tỷ. 30M RA OTO TRÁNH",,"Bùi Xương Trạch, Phường Khương Đình, Quận Thanh Xuân, Hà NộiXem bản đồ",
37 m²,4 phòng,4 phòng,Đã có sổ,Nhà phố liền kề,,,"104,05 triệu/m²",,,"Hẻm xe hơi,Nở hậu",,,ha-noi,NHỈNH 3 TỶ - PHỐ KHƯƠNG TRUNG - LÔ GÓC – GẦN PHỒ - NHÀ ĐẸP Ở LUÔN,,"PHỐ KHƯƠNG TRUNG, Phường Khương Trung, Quận Thanh Xuân, Hà NộiXem bản đồ",
35 m²,3 phòng,,Đã có sổ,"Nhà ngõ, hẻm",,35 m²,100 triệu/m²,,5,,,,ha-noi,"Ngõ 193 Phú Diễn, Tặng Full nội thất, 5 tầng đẹp, 15m ra oto, gần phố,",,"Đường Phú Diễn, Phường Phú Diễn, Quận Bắc Từ Liêm, Hà NộiXem bản đồ",
20 m²,3 phòng,3 phòng,Đang chờ sổ,"Nhà ngõ, hẻm",,,"92,5 triệu/m²",,4,,Nội thất cao cấp,,ha-noi,BÁN NHÀ 147 TÂN MAI OTO ĐỖ CỬA KINH DOANH FULL NỘI THẤT Ở NGAY !!!!!,,"Phố Tân Mai, Phường Tân Mai, Quận Hoàng Mai, Hà NộiXem bản đồ",
35 m²,5 phòng,3 phòng,Đã có sổ,Nhà phố liền kề,,,"142,86 triệu/m²",,5,,Nội thất đầy đủ,,ha-noi,ĐỘI CẤN- BA ĐÌNH- 35M2- 5 TẦNG-LÔ GÓC- NHÀ MỚI- THOÁNG- NHỈNH 5 TỶ 🏠🏠,,"Đội Cấn, Phường Đội Cấn, Quận Ba Đình, Hà NộiXem bản đồ",
55 m²,6 phòng,4 phòng,Đã có sổ,"Nhà ngõ, hẻm",,,"163,64 triệu/m²",,5,,Nội thất đầy đủ,,ha-noi,"Bán Nhà Chính Chủ Q.t,xuân dt 55m*5 tầng ga Ra ôtô tránh",,"Vương Thừa Vũ, Phường Khương Mai, Quận Thanh Xuân, Hà NộiXem bản đồ",
45 m²,4 phòng,4 phòng,Đã có sổ,"Nhà ngõ, hẻm",5 m,,120 triệu/m²,,4,,,,ha-noi,"Quá hời. Nguyễn Chí Thanh 45m. MT5 m, ngõ nông chỉ 5,4 tỷ",,"Đường Nguyễn Chí Thanh, Phường Láng Hạ, Quận Đống Đa, Hà NộiXem bản đồ",
45 m²,5 phòng,4 phòng,Đã có sổ,"Nhà ngõ, hẻm",,,"153,33 triệu/m²",,5,,Nội thất cao cấp,,ha-noi,"Quá Hiếm, Láng Hạ, Lô Góc 45mx5 tầng, nội thất cao cấp chỉ hơn 6 tỷ",,"Đường Láng, Phường Láng Hạ, Quận Đống Đa, Hà NộiXem bản đồ",
35 m²,4 phòng,,Đã có sổ,"Nhà ngõ, hẻm",4.1999 m,,100 triệu/m²,,5,,Nội thất đầy đủ,,ha-noi,"HIẾM bán nhà La Khê Hà Đông Lô góc 35m2 mt 4,2m Chỉ 3.X tỷ Ô tô gần",,"Đường Chiến Thắng, Phường La Khê, Quận Hà Đông, Hà NộiXem bản đồ",
36 m²,3 phòng,4 phòng,Đã có sổ,"Nhà ngõ, hẻm",,,"155,28 triệu/m²",,5,,Nội thất cao cấp,,ha-noi,"TẾT thịnh vượng! TÔN ĐỨC THẮNG, mới sịn, thoáng trước sau. 36m*5T",,"Phố Tôn Đức Thắng, Phường Hàng Bột, Quận Đống Đa, Hà NộiXem bản đồ",
105 m²,6 phòng,5 phòng,Đã có sổ,"Nhà mặt phố, mặt tiền",,,"219,05 triệu/m²",,5,,Nội thất cao cấp,,ha-noi,"Bán Nhà Hoàng Quốc Việt 105m² gara, vỉa hè, văn phòng ô chờ thang máy",,"Hoàng Quốc Việt, Phường Nghĩa Tân, Quận Cầu Giấy, Hà NộiXem bản đồ",
54 m²,3 phòng,3 phòng,Đã có sổ,"Nhà ngõ, hẻm",,54 m²,"74,07 triệu/m²",,,,,,ha-noi,"Cực phẩm! Bán nhà ngõ 63 Lê Đức Thọ, lô góc, 3 thoáng, oto 10m, 53m2",,"Lê Đức Thọ, Phường Mỹ Đình 1, Quận Nam Từ Liêm, Hà NộiXem bản đồ",
32 m²,4 phòng,4 phòng,Đã có sổ,"Nhà mặt phố, mặt tiền",,,"114,06 triệu/m²",Đông Nam,5,,,,ha-noi,🌻Bán nhà Phú Diễn 32m2 xây 5 tầng cách trục kdoanh 30m giá 3tỷ hơn,,"Đường Phú Diễn, Phường Phú Diễn, Quận Bắc Từ Liêm, Hà NộiXem bản đồ",
32 m²,3 phòng,3 phòng,Đã có sổ,"Nhà mặt phố, mặt tiền",,,"70,31 triệu/m²",Nam,4,,,,ha-noi,🐣Nhà 4 tầng 32m2/2.250 tỷ TÂY TỰU - BẮC TL gần đại học CÔNG NGHIỆP,,"Đường Tây Tựu, Phường Tây Tựu, Quận Bắc Từ Liêm, Hà NộiXem bản đồ",
33 m²,3 phòng,,Đã có sổ,"Nhà ngõ, hẻm",,,"81,21 triệu/m²",,5,"Hẻm xe hơi,Nở hậu",Nội thất đầy đủ,,ha-noi,"Bán Nhà 5 Tầng Ngõ 541/40/66 Bát Khối - Thạch Bàn, Giá 2.68 Tỷ.",,"Ngõ 537 Đường Bát Khối, Phường Thạch Bàn, Quận Long Biên, Hà NộiXem bản đồ",
128 m²,4 phòng,3 phòng,Đã có sổ,"Nhà mặt phố, mặt tiền",,,"155,47 triệu/m²",Nam,3,,,,ha-noi,Bán nhà 3 tầng mặt phố Nguyên Khê - Kinh doanh đỉnh,,"Lê Hữu Tựu, Xã Nguyên Khê, Huyện Đông Anh, Hà NộiXem bản đồ",
74 m²,4 phòng,4 phòng,Đã có sổ,"Nhà ngõ, hẻm",,,"175,68 triệu/m²",,5,,Nội thất đầy đủ,,ha-noi,Bán nhà Văn Chương 74m2 nhà đẹp mặt tiền rộng vỉa hè kinh doanh 13 tỷ,,"Ngõ Văn Chương, Phường Văn Chương, Quận Đống Đa, Hà NộiXem bản đồ",
54 m²,5 phòng,,Đã có sổ,Nhà phố liền kề,,,"212,96 triệu/m²",,4,,Nội thất đầy đủ,,ha-noi,"BÁN NHÀ PHÂN LÔ ĐẠI KIM – LÔ GÓC, 2 THOÁNG, 54m2,4T, chỉ 11.5 tỷ ( TL)",,"Phố Nguyễn Cảnh Dị, Phường Hoàng Liệt, Quận Hoàng Mai, Hà NộiXem bản đồ",
86 m²,4 phòng,2 phòng,Đã có sổ,"Nhà mặt phố, mặt tiền",,,"369,77 triệu/m²",,2,,Nội thất đầy đủ,,ha-noi,"Bán Nhà phố Hàng Chĩnh Hàng Buồm 31,8Tỷ 86m2 mặt tiền 4,6m vuông đẹp",,"Phố Hàng Chĩnh, Phường Hàng Buồm, Quận Hoàn Kiếm, Hà NộiXem bản đồ",
35 m²,3 phòng,,Đã có sổ,"Nhà ngõ, hẻm",,,100 triệu/m²,,5,,Nội thất đầy đủ,,ha-noi,"Gần Phố, Thuận Tiện, Nhà Đẹp Minh Khai 35m2x5T giá 3.5 tỷ",,"Minh Khai, Phường Minh Khai, Quận Hai Bà Trưng, Hà NộiXem bản đồ",
33 m²,3 phòng,3 phòng,Đã có sổ,"Nhà ngõ, hẻm",,,"69,7 triệu/m²",Đông,4,,,,ha-noi,Nhà trung tâm Phú Lương 33m2x4T/ôtô gửi cách 50m/nội thất như ảnh,,"Phú Lương, Phường Phú Lương, Quận Hà Đông, Hà NộiXem bản đồ",
43 m²,4 phòng,,,"Nhà ngõ, hẻm",,,"120,93 triệu/m²",,,,,,ha-noi,"Bán nhà Võng Thị mới xây, gần hồ Tây, quá tốt cho người ngại xây dựng",,"Phố Võng Thị, Phường Bưởi, Quận Tây Hồ, Hà NộiXem bản đồ",
46 m²,4 phòng,3 phòng,Đã có sổ,"Nhà ngõ, hẻm",,,"121,74 triệu/m²",,5,,Nội thất cao cấp,,ha-noi,"Bán Gấp nhà Đội Cấn 46m2x5T, Giá 5.6 Tỷ, 50m Ra Phố, Ngõ rộng thoáng",,"Đội Cấn, Phường Đội Cấn, Quận Ba Đình, Hà NộiXem bản đồ",
39 m²,7 phòng,Nhiều hơn 6 phòng,Đã có sổ,"Nhà ngõ, hẻm",,,"117,95 triệu/m²",,5,,Nội thất đầy đủ,,ha-noi,"Mỹ Đình! Chỉ nhỉnh 4 tỷ, căn CHDV 5 tầng, dòng tiền 300tr/ năm",,"Ngách 402/42/22 Đường Mỹ Đình, Phường Mỹ Đình 1, Quận Nam Từ Liêm, Hà NộiXem bản đồ",
155 m²,6 phòng,,,Nhà biệt thự,,,"193,55 triệu/m²",,,,,,ha-noi,"Chính chủ bán biệt thự Khai Sơn, 5.5 tầng diện tích 155m,",,"Khai Sơn Tower, Phường Ngọc Thụy, Quận Long Biên, Hà NộiXem bản đồ",
30 m²,3 phòng,,,"Nhà ngõ, hẻm",,,"87,33 triệu/m²",,,,,,ha-noi,"Bán nhà 5 tầng mới tinh, thiết kế hiện đại ngõ 201Phúc Lợi, Long Biên",,"Ngõ 201 Phúc Lợi, Phường Phúc Lợi, Quận Long Biên, Hà NộiXem bản đồ",
40 m²,4 phòng,4 phòng,Đã có sổ,"Nhà ngõ, hẻm",,,70 triệu/m²,Đông Bắc,4,,,,ha-noi,1 căn Siêu phẩm tại An Trai - Vân Canh -,,"Ngõ 23 Đường An Trai, Xã Vân Canh, Huyện Hoài Đức, Hà NộiXem bản đồ",
46 m²,5 phòng,4 phòng,Đã có sổ,,,,"115,22 triệu/m²",Đông Nam,5,1,,,ha-noi,"Nhà đường Cao Lỗ, Uy Nỗ, 5T, xe hơi tránh, 5.3 tỷ",,"Cao Lỗ, Thị trấn Đông Anh, Huyện Đông Anh, Hà NộiXem bản đồ",
46 m²,4 phòng,,,"Nhà mặt phố, mặt tiền",,,"121,52 triệu/m²",,,,,,ha-noi,"lô góc Kinh doanh 4 tầng Nguyễn Khuyến Văn Quán ô tô đỗ, 5.x tỷ",,"Nguyễn khuyến, Phường Vạn Phúc, Quận Hà Đông, Hà NộiXem bản đồ",
52 m²,4 phòng,5 phòng,Đã có sổ,"Nhà mặt phố, mặt tiền",,,"190,38 triệu/m²",Tây Nam,5,,,,ha-noi,"Bán Nhanh Siêu Phẩm Nhà Phân Lô ,Ô Tô Tránh ,Phố Víp Hoàng Văn Thái .",,"Hoàng Văn Thái, Phường Khương Mai, Quận Thanh Xuân, Hà NộiXem bản đồ",
50 m²,4 phòng,,,"Nhà ngõ, hẻm",,,104 triệu/m²,,4,,,,ha-noi,"Bán nhà Mỹ Đình 50m2 4 tầng, mặt tiền 4,5m ngõ thông giá nhỉnh 5 tỷ",,"Đường Mỹ Đình, Phường Mỹ Đình 2, Quận Nam Từ Liêm, Hà NộiXem bản đồ",
37 m²,4 phòng,4 phòng,,"Nhà ngõ, hẻm",,37 m²,"127,03 triệu/m²",,5,,,,ha-noi,"BÁN NHÀ PHỐ TRUNG PHỤNG DT 37M, 5 TẦNG, 4 NGỦ MẶT NGÕ THÔNG KINH DOANH",,"Phố Trung Phụng, Phường Trung Phụng, Quận Đống Đa, Hà NộiXem bản đồ",
32 m²,4 phòng,4 phòng,Đã có sổ,"Nhà ngõ, hẻm",,,"110,94 triệu/m²",Đông Bắc,5,,,,ha-noi,HOÀN THIỆN 6 căn phân lô,,"Đường Nguyễn Đạo An, Phường Phú Diễn, Quận Bắc Từ Liêm, Hà NộiXem bản đồ",
30 m²,2 phòng,2 phòng,Đã có sổ,"Nhà ngõ, hẻm",,,"76,67 triệu/m²",Đông Nam,3,,,,ha-noi,nhà 3 tầng dân xây,,"Phố Tây Lai Xá, Xã Kim Chung, Huyện Hoài Đức, Hà NộiXem bản đồ",
71 m²,4 phòng,3 phòng,Đã có sổ,"Nhà mặt phố, mặt tiền",,,"169,01 triệu/m²",,3,,Nhà trống,,ha-noi,Bán Nhà Kim Đồng Giáp Bát - Ô Tô Tránh Thông Dừng đỗ - kinh Doanh Vp,,"Giáp Bát, Phường Giáp Bát, Quận Hoàng Mai, Hà NộiXem bản đồ",
63 m²,4 phòng,3 phòng,Đã có sổ,Nhà phố liền kề,,,"195,24 triệu/m²",,4,,Nội thất đầy đủ,,ha-noi,LIỀN KỀ KĐT AO SÀO - NGAY SÁT QUẬN ỦY HOÀNG MAI - LOUIS CITY -,,"Khu Đô thị Ao Sào, Phường Thịnh Liệt, Quận Hoàng Mai, Hà NộiXem bản đồ",
55 m²,3 phòng,,Đã có sổ,"Nhà mặt phố, mặt tiền",,55 m²,"213,64 triệu/m²",,4,,Nội thất cao cấp,,ha-noi,"Chính Chủ bán LK 55m2, ngõ 60 Dương Khuê, 2 thoáng xe tải vào nhà",,"Ngo 60 Dương Khuê, Phường Nghĩa Tân, Quận Cầu Giấy, Hà NộiXem bản đồ",
34.5 m²,2 phòng,,,"Nhà ngõ, hẻm",,37 m²,"94,2 triệu/m²",,4,,Nội thất đầy đủ,,ha-noi,BÁN NHÀ ĐỘI CẤN-NGÕ NÔNG SÁT PHỐ-TÀI CHÍNH MẦM NON CÓ NGAY HK BA ĐÌNH,,"Đội Cấn, Phường Đội Cấn, Quận Ba Đình, Hà NộiXem bản đồ",
45 m²,4 phòng,,Đã có sổ,"Nhà ngõ, hẻm",3.7999 m,,"255,56 triệu/m²",,5,,Nội thất cao cấp,,ha-noi,"Bán nhà Nguyễn Lân, View Hồ, Ô tô tránh, KD 45m x 5T, giá nhỉnh 11 tỷ.",,"68, Nguyễn Lân, Phường Khương Mai, Quận Thanh Xuân, Hà NộiXem bản đồ",
70 m²,2 phòng,1 phòng,Giấy tờ khác,Nhà phố liền kề,,,"12,14 triệu/m²",,1,,Bàn giao thô,,ha-noi,nhà ở diện tích 70m 2 buồng . đường đặng thuỳ trâm . cầu giấy . hà nôi,,"Đặng Thuỳ Trâm, Phường Nghĩa Tân, Quận Cầu Giấy, Hà NộiXem bản đồ",
46 m²,3 phòng,3 phòng,Đã có sổ,"Nhà ngõ, hẻm",,,"121,72 triệu/m²",,3,,Nhà trống,,ha-noi,Bán nhà 3 tầng Ngõ 145 Phố Trần Hữu Tước 40M ra Hồ Đắc Di. 15M ra phố,,"Hồ Đắc Di, Phường Nam Đồng, Quận Đống Đa, Hà NộiXem bản đồ",
47 m²,4 phòng,3 phòng,Đã có sổ,"Nhà ngõ, hẻm",,,"170,21 triệu/m²",Tây Bắc,4,,,,ha-noi,"Nhà 47mx4t ,MT3,3m, 4pn,3vvc ,sđcc,",,"14/51, Láng Trung Đống Đa Hà Nội, Phường Láng Hạ, Quận Đống Đa, Hà NộiXem bản đồ",
54 m²,7 phòng,Nhiều hơn 6 phòng,Đã có sổ,"Nhà ngõ, hẻm",,,"127,78 triệu/m²",,4,,Nội thất cao cấp,,ha-noi,Tôi chính chủ bán tòa chung cư mini có thang máy,,"45 553/108, Đường Giải Phóng, Phường Giáp Bát, Quận Hoàng Mai, Hà NộiXem bản đồ",
46.2 m²,2 phòng,2 phòng,Giấy tờ khác,"Nhà ngõ, hẻm",,46.2 m²,"38,96 triệu/m²",,,,Nhà trống,,ha-noi,"Diện tích 46,2m , 2 ngủ 2 vệ sinh .Mua bán vi bằng",,"Số nhà 10, Tân khai, Phường Vĩnh Hưng, Quận Hoàng Mai, Hà NộiXem bản đồ",
45 m²,3 phòng,,,"Nhà ngõ, hẻm",,,"68,89 triệu/m²",,,Hẻm xe hơi,,,ha-noi,"Bán nhà Phúc Lợi DT 45m , ô tô vào nhà ngõ rộng nhỉnh hơn 3 tỷ",,"phúc lợi, Phường Phúc Lợi, Quận Long Biên, Hà NộiXem bản đồ",
75 m²,5 phòng,,,Nhà phố liền kề,,75 m²,"133,33 triệu/m²",,4,,,,ha-noi,"Bán gấp PHÂN LÔ QĐ, Oto TRÁNH, phố VIP LÊ TRỌNG TẤN, TX 75m-4T, 10tỷ",,"Định Công, Phường Định Công, Quận Hoàng Mai, Hà NộiXem bản đồ",
30 m²,5 phòng,5 phòng,Đã có sổ,"Nhà ngõ, hẻm",,,"196,67 triệu/m²",Bắc,6,,,,ha-noi,Bán nhà,,"Bùi Huy Bích, Phường Hoàng Liệt, Quận Hoàng Mai, Hà NộiXem bản đồ",
36 m²,5 phòng,5 phòng,Đã có sổ,"Nhà ngõ, hẻm",,,"118,3 triệu/m²",,4,,Nội thất đầy đủ,,ha-noi,BÁN NHÀ HOÀNG VĂN THÁI - 36/40M2 - 5M OTO ĐỖ CỬA - GIÁ CHỈ HƠN 4 TỶ,,"Hoàng Văn Thái, Phường Khương Trung, Quận Thanh Xuân, Hà NộiXem bản đồ",
