Diện tích đất:,Số phòng ngủ:,Số phòng vệ sinh:,Giấy tờ pháp lý:,Loại hình nhà ở:,Chiều ngang:,Diện tích sử dụng:,Giá/m2:,Hướng cửa chính:,Tổng số tầng:,Đặc điểm nhà/đất:,Tình trạng nội thất:,Chiều dài:,Location,Name,URL,District,Price
,3 phòng,2 phòng,Đã có sổ,,,,"34,69 triệu/m²",,,,Nội thất đầy đủ,,tp-ho-chi-minh,"Giá cực rẻ: Căn 3PN-98m2 Ruby-Đã có sổ-Giá chỉ 3.4 tỷ, NH hỗ trợ 70%",,"số 88, N1, Phường Sơn Kỳ, Quận Tân Phú, Tp Hồ Chí MinhXem bản đồ",
,2 phòng,1 phòng,,,,,"45,08 triệu/m²",,,,Nội thất đầy đủ,,tp-ho-chi-minh,"Giá rẻ nhất thị trường: Căn 2PN-1WC Emerald-Full Nội thất,Giá: 2.84 tỷ",,"số 88, N1, Phường Sơn Kỳ, Quận Tân Phú, Tp Hồ Chí MinhXem bản đồ",
,3 phòng,2 phòng,,,,,90 triệu/m²,,,,,,tp-ho-chi-minh,🎏SADORA SALA: BÁN 3PN 120M2 VIEW CÔNG VIÊN SALA GIÁ TỐT,,"10, Mai Chí Thọ, Phường An Lợi Đông (Quận 2 cũ), Thành phố Thủ Đức, Tp Hồ Chí MinhXem bản đồ",
,2 phòng,2 phòng,,,,,"27,84 triệu/m²",,,,,,tp-ho-chi-minh,BÁN CĂN HỘ 2PN PHÚ HOÀNG ANH GIÁ RẺ NHẤT THỊ TRƯỜNG,,"Đường Nguyễn Hữu Thọ, Xã Phước Kiển, Nhà Bè, Hồ Chí Minh, Xã Phước Kiển, Huyện Nhà Bè, Tp Hồ Chí MinhXem bản đồ",
,3 phòng,2 phòng,Đang chờ sổ,,,,"27,14 triệu/m²",,,,Nhà trống,,tp-ho-chi-minh,"bán lỗ căn hộ 3pn chung cư topaz phan văn hớn giá chỉ 1,9 ty",,"102, Phan Văn Hớn, Phường Tân Thới Nhất, Quận 12, Tp Hồ Chí MinhXem bản đồ",
,1 phòng,1 phòng,,,,,"25,36 triệu/m²",,,,,,tp-ho-chi-minh,"Căn hộ Conic Riverside, DT : 69m2, Giá : 1,750 tỷ (không bao thuế phí)",,"Đường Tạ Quang Bửu, Phường 7, Quận 8, TP. Hồ Chí Minh, Phường 7, Quận 8, Tp Hồ Chí MinhXem bản đồ",
,3 phòng,2 phòng,Đã có sổ,,,,"28,57 triệu/m²",,,,,,tp-ho-chi-minh,"Bán căn hộ Lan Phương Mhbr. 3PN 2WC 98m2, sổ riêng, căn góc đẹp, 2tỷ8",,"104, Hồ Văn Tư, Phường Trường Thọ (Quận Thủ Đức cũ), Thành phố Thủ Đức, Tp Hồ Chí MinhXem bản đồ",
,2 phòng,2 phòng,,,,,60 triệu/m²,,,,,,tp-ho-chi-minh,"Cần bán nhiều căn hộ 1PN, 2PN, 3PN căn hộ Kingdom101 và Xi Grand Court",,"334, Tô Hiến Thành, Phường 14, Quận 10, Tp Hồ Chí MinhXem bản đồ",
,2 phòng,2 phòng,,,,,"88,64 triệu/m²",Đông Nam,,,,,tp-ho-chi-minh,Căn Hộ Cao Cấp 2 Phòng Ngủ Vinhomes View đẹp,,"208, Nguyễn Hữu Cảnh, Phường 22, Quận Bình Thạnh, Tp Hồ Chí MinhXem bản đồ",
,2 phòng,2 phòng,Đã có sổ,,,,"31,4 triệu/m²",,,,,,tp-ho-chi-minh,"Bán 2PN 2WC 95m2, TDH Trường Thọ , giá 2tỷ7",,"4, Phường Trường Thọ (Quận Thủ Đức cũ), Thành phố Thủ Đức, Tp Hồ Chí MinhXem bản đồ",
,2 phòng,2 phòng,Đã có sổ,,,,"139,77 triệu/m²",,,,Nội thất đầy đủ,,tp-ho-chi-minh,"ZEIT RIVER THỦ THIÊM-GIỎ HÀNG CHÍNH GỐC CHỦ ĐẦU TƯ , GIÁ 12,3 TỶ /CĂN",,"Nguyễn Cơ Thạch, Phường Thủ Thiêm (Quận 2 cũ), Thành phố Thủ Đức, Tp Hồ Chí MinhXem bản đồ",
,3 phòng,3 phòng,Đã có sổ,,,,46 triệu/m²,,,,,,tp-ho-chi-minh,"Hiếm, Bán 2 Căn 3PN liền nhau The One SG, đầy đủ nội thất, có sổ hồng",,"Số 172-174, Số 172-174 Đường Ký Con, Phường Nguyễn Thái Bình, Quận 1, Tp Hồ Chí MinhXem bản đồ",
,2 phòng,2 phòng,Đã có sổ,,,,"38,19 triệu/m²",,,,,,tp-ho-chi-minh,"Bán căn hộ mizuki 72m2,view ngắm pháo bông, đã có sổ hồng, cho vay 80%",,"Nguyễn Văn Linh, Xã Bình Hưng, Huyện Bình Chánh, Tp Hồ Chí MinhXem bản đồ",
,2 phòng,2 phòng,,,,,"38,88 triệu/m²",,,,,,tp-ho-chi-minh,Shop vị trí mặt tiền kinh doanh thuận tiện. Sỡ hữu vĩnh viễn. LH xem !,,"Trịnh Quang Nghị, Phường 7, Quận 8, Tp Hồ Chí MinhXem bản đồ",
,3 phòng,1 phòng,Đã có sổ,,,,"23,62 triệu/m²",,,,,,tp-ho-chi-minh,Chung cư tầng 17 full nội thất 127m2 ( 3 phòng ) Giá Rẻ,,"Lô 13E, 7, Xã Phong Phú, Huyện Bình Chánh, Tp Hồ Chí MinhXem bản đồ",
,2 phòng,2 phòng,,,,,"45,49 triệu/m²",,,,,,tp-ho-chi-minh,Ngộp ngân hàng bán gấp căn Emerald 2PN-2WC 71m2 tặng lại nội thất,,"số 88, số 88 Số 88 đường N1, phường Sơn Kỳ, quận Tân Phú, Tp.HCM, Phường Sơn Kỳ, Quận Tân Phú, Tp Hồ Chí MinhXem bản đồ",
,1 phòng,1 phòng,,,,,"41,67 triệu/m²",Tây,,,,,tp-ho-chi-minh,"Bán Nhà chung cư, 1,25 tỷ",,"422, Đường Trần Hưng Ðạo, Phường 6, Quận 6, Tp Hồ Chí MinhXem bản đồ",
,1 phòng,1 phòng,,,,,"29,15 triệu/m²",,,,,,tp-ho-chi-minh,Chung cư 8X Đầm Sen quận Tân Phú giá bán 1 tỉ 370 triệu,,"75, Tô Hiệu, Phường Hiệp Tân, Quận Tân Phú, Tp Hồ Chí MinhXem bản đồ",
,2 phòng,2 phòng,,,,,"63,75 triệu/m²",Đông Nam,,,,,tp-ho-chi-minh,Bán căn hộ còn mới 80m2 5 tỷ100 Trương Quốc Dung,,"Trương Quốc Dung, Phường 9, Quận Phú Nhuận, Tp Hồ Chí MinhXem bản đồ",
,1 phòng,1 phòng,,,,,"30,91 triệu/m²",,,,,,tp-ho-chi-minh,Bán nhanh căn hộ 1PN Lovera Vista 1 tỷ 700 bao thuế phí. SHR ở ngay.,,"Trịnh Quang Nghị, Xã Phong Phú, Huyện Bình Chánh, Tp Hồ Chí MinhXem bản đồ",
,2 phòng,,,,,,"36,76 triệu/m²",,,,,,tp-ho-chi-minh,CẦN BÁN CH Q7 RIVERSIDE 2PN FULL NT SANG TRỌNG,,"Số 4, Đào Trí, Phường Phú Thuận, Quận 7, Tp Hồ Chí MinhXem bản đồ",
,2 phòng,,,,,,"40,21 triệu/m²",,,,,,tp-ho-chi-minh,"BÁN HÀNG HIẾM, LEXINGTON, 3PN, CHỈ 3.9 TỶ, VỊ TRÍ ĐẸP, YÊN TĨNH",,"67 Mai Chí Thọ, Phường An Phú, Quận 2, Hồ Chí Minh, Phường An Phú (Quận 2 cũ), Thành phố Thủ Đức, Tp Hồ Chí MinhXem bản đồ",
,3 phòng,2 phòng,,,,,"25,9 triệu/m²",Tây Nam,,,,,tp-ho-chi-minh,Mua Orchid Park 3PN-2WC Đã Có Sổ Hồng,,"15B, Nguyễn Lương Bằng, Xã Phú Xuân, Huyện Nhà Bè, Tp Hồ Chí MinhXem bản đồ",
,2 phòng,2 phòng,,,,,"58,89 triệu/m²",,,,,,tp-ho-chi-minh,"Bán căn hộ 2 phòng ngủ, nội thất mới đẹp giá chỉ từ 5.3 tỷ/căn",,"Nguyễn Hữu Cảnh, Phường 22, Quận Bình Thạnh, Tp Hồ Chí MinhXem bản đồ",
,2 phòng,2 phòng,,,,,"39,58 triệu/m²",,,,,,tp-ho-chi-minh,"Bán căn 72m2 Mizuki, nhà mới 100% chưa ở, đã có sổ hồng riêng 2,85 tỷ",,"Nguyễn Văn Linh, Xã Bình Hưng, Huyện Bình Chánh, Tp Hồ Chí MinhXem bản đồ",
,2 phòng,2 phòng,,,,,"73,75 triệu/m²",,,,,,tp-ho-chi-minh,CẦN BÁN CĂN HỘ EVERRICH 2PN GIÁ TỐT,,"290, An Dương Vương, Phường 4, Quận 5, Tp Hồ Chí MinhXem bản đồ",
,2 phòng,2 phòng,,,,,"38,92 triệu/m²",Đông,,,,,tp-ho-chi-minh,"Dự án The Peak Garden, Đường Nguyễn Lương Bằng",,"Nguyễn Lương Bằng nối dài, Phường Phú Mỹ, Quận 7, Tp Hồ Chí MinhXem bản đồ",
,2 phòng,2 phòng,,,,,"43,33 triệu/m²",Tây Bắc,,,,,tp-ho-chi-minh,BÁN CĂN 75M2 2PN 2WC PEGASUITE 1 Q8 CÓ SỔ GIÁ CHỈ 3250,,"Tạ Quang Bửu, Phường 6, Quận 8, Tp Hồ Chí MinhXem bản đồ",
,2 phòng,2 phòng,,,,,"73,75 triệu/m²",,,,,,tp-ho-chi-minh,BÁN CĂN HỘ 2 PHÒNG NGỦ EVERRICH QUẬN 5 GIÁ 5.9 TỶ,,"290, An Dương Vương, Phường 4, Quận 5, Tp Hồ Chí MinhXem bản đồ",
,3 phòng,2 phòng,,,,,"56,84 triệu/m²",,,,,,tp-ho-chi-minh,"🔥 Bán gấp Eco Green 95m2, 3pn 2wc.view thoáng, 5.4 tỷ (bao hết)",,"Nguyễn Văn Linh, Phường Tân Thuận Tây, Quận 7, Tp Hồ Chí MinhXem bản đồ",
,3 phòng,2 phòng,,,,,"36,47 triệu/m²",Nam,,,,,tp-ho-chi-minh,Bán căn hộ Luxcity số 528 Huỳnh Tấn Phát Phường Bình Thuận Quận 7,,"528, Huỳnh Tấn Phát, Phường Bình Thuận, Quận 7, Tp Hồ Chí MinhXem bản đồ",
,2 phòng,2 phòng,Đã có sổ,,,,"34,29 triệu/m²",,,,Nội thất đầy đủ,,tp-ho-chi-minh,"Giỏ hàng Sky Garden 1,2,3 ALL căn nhà đẹp giá tốt có hợp đồng giá cao",,"Phạm Văn Nghị, Phường Tân Phong, Quận 7, Tp Hồ Chí MinhXem bản đồ",
,2 phòng,1 phòng,,,,,33 triệu/m²,Tây Bắc,,,,,tp-ho-chi-minh,"Giỏ Hàng Ricca quận 9,căn1+1PN 50m2 giá 1.650 tỷ.",,"D7, Phường Phú Hữu (Quận 9 cũ), Thành phố Thủ Đức, Tp Hồ Chí MinhXem bản đồ",
,1 phòng,1 phòng,,,,,"26,6 triệu/m²",,,,,,tp-ho-chi-minh,"TIN ĐƯỢC KHÔNG 1PN+ 47M2 VINHOMES CHỈ CẦN TIỀN MẶT 1,25 TỶ,TẶNG NỘI TH",,"Nguyễn Xiển, Phường Long Thạnh Mỹ (Quận 9 cũ), Thành phố Thủ Đức, Tp Hồ Chí MinhXem bản đồ",
,2 phòng,2 phòng,Đã có sổ,,,,"51,85 triệu/m²",,,,Nội thất đầy đủ,,tp-ho-chi-minh,"Căn hộ B1 Trường Sa 54m2 2pn Giá Rẻ 2,8 tỷ TIN THẬT Hãy Gọi Ngay",,"Trường Sa, Phường 17, Quận Bình Thạnh, Tp Hồ Chí MinhXem bản đồ",
,3 phòng,2 phòng,,,,,"35,98 triệu/m²",,,,,,tp-ho-chi-minh,"BÁN HÓT: CĂN RUBY 3PN, FULL NT, GIÁ 2.950 TỶ",,"số 88, N1, Phường Sơn Kỳ, Quận Tân Phú, Tp Hồ Chí MinhXem bản đồ",
,2 phòng,2 phòng,Đã có sổ,,,,"31,94 triệu/m²",,,,Nội thất đầy đủ,,tp-ho-chi-minh,"Cập nhật giỏ hàng Green River Quận 8, đã có sổ hồng, 72m2 giá 2,3 tỷ",,"Số 2225, Phạm Thế Hiển, Phường 6, Quận 8, Tp Hồ Chí MinhXem bản đồ",
,2 phòng,1 phòng,,,,,"33,09 triệu/m²",,,,,,tp-ho-chi-minh,giá rẻ nhất chung cư hoàng quốc việt - khu lacasa quận 7,,"Hoàng Quốc Việt, Phường Phú Mỹ, Quận 7, Tp Hồ Chí MinhXem bản đồ",
,3 phòng,2 phòng,Đã có sổ,,,,"52,54 triệu/m²",,,,Nội thất đầy đủ,,tp-ho-chi-minh,"Bán căn hộ 3 phòng ngủ, view Landmark 81 tuyệt đẹp giá 6.2 tỷ/căn",,"Nguyễn Hữu Cảnh, Phường 22, Quận Bình Thạnh, Tp Hồ Chí MinhXem bản đồ",
,1 phòng,1 phòng,,,,,94 triệu/m²,,,,,,tp-ho-chi-minh,BÁN NỐT CĂN HỘ LUMIERE RIVERSIDE 1PN 50M2 4.7 TỶ CHỈ CÒN 1 CĂN,,"Xa Lộ Hà Nội, Phường An Phú (Quận 2 cũ), Thành phố Thủ Đức, Tp Hồ Chí MinhXem bản đồ",
,2 phòng,2 phòng,,,,,"71,54 triệu/m²",Tây Bắc,,,,,tp-ho-chi-minh,CHUYỂN NHƯỢNG CĂN HỘ 2 PHÒNG NGỦ THÁP LOTUS TẠI VISTA VERDE,,"Đồng Văn Cống, Phường Thạnh Mỹ Lợi (Quận 2 cũ), Thành phố Thủ Đức, Tp Hồ Chí MinhXem bản đồ",
,2 phòng,1 phòng,Đã có sổ,,,,"40,67 triệu/m²",,,,Nội thất đầy đủ,,tp-ho-chi-minh,Căn hộ Thế Kỷ 21 75m2 giá rẻ Hãy Nhanh Tay!,,"326/1, Ung Văn Khiêm, Phường 25, Quận Bình Thạnh, Tp Hồ Chí MinhXem bản đồ",
,3 phòng,2 phòng,,,,,"37,72 triệu/m²",Tây Bắc,,,,,tp-ho-chi-minh,Bán Căn Hộ Celadon City Ruby 79m 3PN 2WC Giá 2 Tỷ 980tr TL,,"số 88, N1, Phường Sơn Kỳ, Quận Tân Phú, Tp Hồ Chí MinhXem bản đồ",
,1 phòng,1 phòng,,,,,"98,11 triệu/m²",,,,,,tp-ho-chi-minh,💥GIÁ *** LUMIERE RIVERSIDE,,"628A mặt tiền đường Xa Lộ Hà Nội (Liền kề Masteri An Phú), thuộc Phường An Phú, Quận 2, thành phố Hồ Chí Minh., Phường An Phú (Quận 2 cũ), Thành phố Thủ Đức, Tp Hồ Chí MinhXem bản đồ",
,2 phòng,2 phòng,,,,,"26,09 triệu/m²",,,,,,tp-ho-chi-minh,GIỎ HÀNG Q7 RIVERSIDE 1PN 2PN 3PN NHÀ ĐẸP VIEW SÔNG,,"Số 4, Đào Trí, Phường Phú Thuận, Quận 7, Tp Hồ Chí MinhXem bản đồ",
,2 phòng,,,,,,"30,36 triệu/m²",,,,,,tp-ho-chi-minh,"Căn Hộ NOXH Imperial , Kinh Dương Vương, cách BX Miền Tây 300m,giá tốt",,"633, Kinh Dương Vương, Phường An Lạc, Quận Bình Tân, Tp Hồ Chí MinhXem bản đồ",
,2 phòng,1 phòng,Đã có sổ,,,,"25,56 triệu/m²",,,,Nội thất đầy đủ,,tp-ho-chi-minh,CHUYỂN CÔNG TÁC CẦN BÁN NHANH CC G/ PHÚ Q BÌNH TÂN,,"Hẻm 219 Đường Số 5, Phường Bình Hưng Hòa, Quận Bình Tân, Tp Hồ Chí MinhXem bản đồ",
,2 phòng,2 phòng,,,,,"28,68 triệu/m²",Tây,,,,,tp-ho-chi-minh,Căn hộ Belleza Lô B 68M 2PN 2WC NTCB SHR Giá 1.92 tỷ,,"Phạm Hữu Lầu, Phường Phú Mỹ, Quận 7, Tp Hồ Chí MinhXem bản đồ",
,2 phòng,2 phòng,,,,,"28,68 triệu/m²",,,,,,tp-ho-chi-minh,"Bán Căn Hộ Mới Nhận Nhà , Ngay Trung Tâm Phú Mỹ Hưng Q7- Mới 100%",,"Số 4, Đào Trí, Phường Phú Thuận, Quận 7, Tp Hồ Chí MinhXem bản đồ",
,2 phòng,1 phòng,,,,,"45,24 triệu/m²",,,,,,tp-ho-chi-minh,"Bán nhanh: Căn 63 2PN+1PN,Full NT, khu Emerald Celadon City",,"số 88, N1, Phường Sơn Kỳ, Quận Tân Phú, Tp Hồ Chí MinhXem bản đồ",
,3 phòng,3 phòng,Đang chờ sổ,,,,"40,5 triệu/m²",,,,Nội thất đầy đủ,,tp-ho-chi-minh,"BÁN CĂN HỘ DUPLEX CHUNG CƯ EMERALD CELADON CITY QUẬN TÂN PHÚ 3PN, 120M",,"Đường N1, Phường Sơn Kỳ, Quận Tân Phú, Tp Hồ Chí MinhXem bản đồ",
,1 phòng,,,,,,"39,62 triệu/m²",,,,,,tp-ho-chi-minh,BÁN CH Q7 RIVERSIDE MỚI 1PN FULL NT TIỆN NGHI,,"Số 4, Đào Trí, Phường Phú Thuận, Quận 7, Tp Hồ Chí MinhXem bản đồ",
,3 phòng,3 phòng,,,,,"50,89 triệu/m²",,,,,,tp-ho-chi-minh,Bán căn hộ Tropic Garden 3pn view sông tầng cao,,"66, Phường Thảo Điền (Quận 2 cũ), Thành phố Thủ Đức, Tp Hồ Chí MinhXem bản đồ",
,3 phòng,2 phòng,,,,,"37,27 triệu/m²",Tây Nam,,,,,tp-ho-chi-minh,"SHOCK 4,1 tỷ chốt - Duplex Opal Garden căn hộ 2 tầng (110m2 sd)",,"20, Phường Hiệp Bình Chánh (Quận Thủ Đức cũ), Thành phố Thủ Đức, Tp Hồ Chí MinhXem bản đồ",
,2 phòng,2 phòng,Giấy tờ khác,,,,"21,59 triệu/m²",,,,,,tp-ho-chi-minh,HOT GIẢM CỰC MẠNH CĂN HỘ 2PN VIEW XỊN XÒ,,"Bến Vân Đồn, Phường 1, Quận 4, Tp Hồ Chí MinhXem bản đồ",
,2 phòng,1 phòng,Đã có sổ,,,,"84,5 triệu/m²",,,,Nội thất đầy đủ,,tp-ho-chi-minh,"Chính chủ bán CH FELISA RIVERSIDE , Q.8, 51m2 , SHR, giá 1 tỷ 690",,"99, Bến Bình Đông, Phường 11, Quận 8, Tp Hồ Chí MinhXem bản đồ",
,2 phòng,2 phòng,,,,,"38,32 triệu/m²",,,,,,tp-ho-chi-minh,CUỐI NĂM TOÀN NHỮNG CĂN GIÁ TỐT TOPADZ ELITE 2PN 2.3TỶ,,"196, Cao Lỗ, Phường 4, Quận 8, Tp Hồ Chí MinhXem bản đồ",
,2 phòng,2 phòng,,,,,"33,33 triệu/m²",,,,,,tp-ho-chi-minh,CẦn BÁN GẤP CĂN 2PN Ở Q7 SAIGON RIVERSIDE NHÀ BAO ĐẸP VIEW ĐẸP,,"Số 4, Đào Trí, Phường Phú Thuận, Quận 7, Tp Hồ Chí MinhXem bản đồ",
,2 phòng,2 phòng,,,,,"40,91 triệu/m²",,,,,,tp-ho-chi-minh,LAVITA CHARM 2PN TẦNG TRUNG NHÀ TRỐNG BAO MỚI,,"Số 1, Phường Trường Thọ (Quận Thủ Đức cũ), Thành phố Thủ Đức, Tp Hồ Chí MinhXem bản đồ",
,1 phòng,,,,,,"27,85 triệu/m²",,,,,,tp-ho-chi-minh,Căn hộ trung tâm thành phố chưa tới 1 tỷ liền kề sân bay Tân Sơn Nhất,,"Nguyễn Đức Thuận, Phường 12, Quận Tân Bình, Tp Hồ Chí MinhXem bản đồ",
,2 phòng,2 phòng,,,,,"24,73 triệu/m²",,,,,,tp-ho-chi-minh,Cập nhật giỏ hàng Sài gòn Intela tháng 12,,"13E, Nguyễn Văn Linh, Xã Phong Phú, Huyện Bình Chánh, Tp Hồ Chí MinhXem bản đồ",
,2 phòng,2 phòng,,,,,26 triệu/m²,,,,,,tp-ho-chi-minh,"CHÍNH CHỦ CẦN BÁN CC SÀI GÒN INTELA - GIÁ 1,3TỶ",,"13E, Nguyễn Văn Linh, Xã Phong Phú, Huyện Bình Chánh, Tp Hồ Chí MinhXem bản đồ",
,2 phòng,2 phòng,Đang chờ sổ,,,,"45,49 triệu/m²",,,,Nội thất cao cấp,,tp-ho-chi-minh,👉Nhận nhà ở ngay căn hộ 2PN Emerald-Full nội thất-Thanh toán chỉ 800tr,,"số 88, N1, Phường Sơn Kỳ, Quận Tân Phú, Tp Hồ Chí MinhXem bản đồ",
,3 phòng,2 phòng,Đang chờ sổ,,,,"42,29 triệu/m²",,,,,,tp-ho-chi-minh,"Thanh toán chỉ 1.4 tỷ vào ở ngay căn hộ 3PN Emerald, Nội Thất Cao Cấp",,"số 88, N1, Phường Sơn Kỳ, Quận Tân Phú, Tp Hồ Chí MinhXem bản đồ",
,2 phòng,2 phòng,Đã có sổ,,,,"16,24 triệu/m²",,,,Nhà trống,,tp-ho-chi-minh,Chủ về quê bán GẤP CH Richmond City Bình Thạnh. DT: 85m2 Giá: 1.380 tỷ,,"Nguyễn Xí, Phường 26, Quận Bình Thạnh, Tp Hồ Chí MinhXem bản đồ",
,3 phòng,3 phòng,Đã có sổ,,,,"33,33 triệu/m²",,,,,,tp-ho-chi-minh,"Chuyển nhượng gấp,căn 3pn, View Landmark 81,giá chỉ 2.700 BTP đã có sổ",,"Nguyễn Xiển, Phường Long Thạnh Mỹ (Quận 9 cũ), Thành phố Thủ Đức, Tp Hồ Chí MinhXem bản đồ",
,1 phòng,1 phòng,Đang chờ sổ,,,,"45,98 triệu/m²",,,,,,tp-ho-chi-minh,"LEXINGTON, 1PN CHỈ 2.23 TỶ GỒM THUẾ PHÍ + NỘI THẤT, NHANH TAY CHỐT GẤP",,"KĐT City Horse Đường Mai Chí Thọ, Phường An Phú (Quận 2 cũ), Thành phố Thủ Đức, Tp Hồ Chí MinhXem bản đồ",
,2 phòng,1 phòng,,,,,"23,17 triệu/m²",Đông,,,,,tp-ho-chi-minh,Căn hộ 41m2 ban công view xịn sò Lê Thành Mã Lò Bình Tân,,"Mã Lò, Phường Bình Trị Đông A, Quận Bình Tân, Tp Hồ Chí MinhXem bản đồ",
,2 phòng,1 phòng,,,,,"37,27 triệu/m²",,,,,,tp-ho-chi-minh,"Bán căn hộ Flora Kikyo Quận 9. DT 55m2, Full nội thất.",,"Phú Hữu, Phường Phú Hữu (Quận 9 cũ), Thành phố Thủ Đức, Tp Hồ Chí MinhXem bản đồ",
,2 phòng,2 phòng,,,,,"50,74 triệu/m²",,,,,,tp-ho-chi-minh,"BÁN GẤP RICHMOND 2PN VIEW ĐẸP CÓ RÈM, BẾP, MÁY LẠNH 3.45 TỶ",,"Số 207, Nguyễn Xí, Phường 26, Quận Bình Thạnh, Tp Hồ Chí MinhXem bản đồ",
,1 phòng,1 phòng,,,,,95 triệu/m²,,,,,,tp-ho-chi-minh,CHUYỂN NHƯỢNG CĂN HỘ CAO CẤP LUMIERE RIVERSIDE 1PN 50M2 4.75 TỶ,,"Xa Lộ Hà Nội, Phường An Phú (Quận 2 cũ), Thành phố Thủ Đức, Tp Hồ Chí MinhXem bản đồ",
,2 phòng,1 phòng,,,,,"30,4 triệu/m²",,,,,,tp-ho-chi-minh,Cần sang nhượng căn hộ Ehome3 2PN có view Công Viên Hồ Bơi giá tốt,,"Hồ Học Lãm, Phường An Lạc, Quận Bình Tân, Tp Hồ Chí MinhXem bản đồ",
,2 phòng,2 phòng,Đã có sổ,,,,25 triệu/m²,,,,,,tp-ho-chi-minh,Bán căn có sổ 72m2 giá 1.8 tỷ (bớt lộc) View sông- NH cho vay 1.2 tỷ,,"15B, Nguyễn Lương Bằng, Xã Phú Xuân, Huyện Nhà Bè, Tp Hồ Chí MinhXem bản đồ",
,2 phòng,2 phòng,,,,,"53,66 triệu/m²",Tây Nam,,,,,tp-ho-chi-minh,112 lô f chung cư lạc long quân f5q11,,"112f, Lạclongquân, Phường 5, Quận 11, Tp Hồ Chí MinhXem bản đồ",
,3 phòng,2 phòng,,,,,"25,55 triệu/m²",Đông Nam,,,,,tp-ho-chi-minh,CĂN HỘ CHUNG CƯ SUNVIEW 137M2 TP.THỦ ĐỨC,,"Cây Keo, Phường Tam Phú (Quận Thủ Đức cũ), Thành phố Thủ Đức, Tp Hồ Chí MinhXem bản đồ",
,3 phòng,,,,,,"36,92 triệu/m²",,,,,,tp-ho-chi-minh,"Bán gấp CC Đất Phương Nam Q.BT. DT 130m2, 3P, 2WC. Giá bán 4,8 tỷ",,"Chu Văn An, Phường 12, Quận Bình Thạnh, Tp Hồ Chí MinhXem bản đồ",
,2 phòng,1 phòng,,,,,"45,08 triệu/m²",,,,Nội thất đầy đủ,,tp-ho-chi-minh,"Giá chốt rẻ sập sàn: Căn 2PN Emerald, Giá: 2.84 tỷ, Full Nội thất",,"số 88, N1, Phường Sơn Kỳ, Quận Tân Phú, Tp Hồ Chí MinhXem bản đồ",
,2 phòng,2 phòng,Đã có sổ,,,,"47,37 triệu/m²",,,,,,tp-ho-chi-minh,"Cần bán căn hộ Valeo Đầm Sen 76m². 2PN 2WC, Sổ hồng",,"Trịnh Đình Trọng, Phường Hòa Thạnh, Quận Tân Phú, Tp Hồ Chí MinhXem bản đồ",
,2 phòng,2 phòng,Đã có sổ,,,,"67,53 triệu/m²",,,,,,tp-ho-chi-minh,"Hạ giá bán gấp căn 2PN, 2WC Vinhomes Central Park, view đẹp, có sổ",,"208, Nguyễn Hữu Cảnh, Phường 22, Quận Bình Thạnh, Tp Hồ Chí MinhXem bản đồ",
,2 phòng,,,,,,"36,33 triệu/m²",,,,,,tp-ho-chi-minh,"Căn hộ Celadon City khu Topaz, Ruby, Emerald giá từ 2.18 tỷ",,"số 88, N1, Phường Sơn Kỳ, Quận Tân Phú, Tp Hồ Chí MinhXem bản đồ",
,2 phòng,2 phòng,,,,,"75,31 triệu/m²",Đông Nam,,,,,tp-ho-chi-minh,[GÓC CHUYỂN NHƯỢNG] CĂN HỘ 2PN ONE VERANDAH,,"Bát Nàn, Phường Thạnh Mỹ Lợi (Quận 2 cũ), Thành phố Thủ Đức, Tp Hồ Chí MinhXem bản đồ",
,3 phòng,2 phòng,,,,,"43,29 triệu/m²",,,,Nội thất đầy đủ,,tp-ho-chi-minh,BÁN GẤP BÁN LỖ 1 tỷ CH 3PN Origami Vinhomes Grand Park Q9,,"Nguyễn Xiển, Phường Long Thạnh Mỹ (Quận 9 cũ), Thành phố Thủ Đức, Tp Hồ Chí MinhXem bản đồ",
,2 phòng,2 phòng,,,,,"35,71 triệu/m²",,,,,,tp-ho-chi-minh,"Cập nhật 3 căn mới giá tốt tại The Western Capital, 70m2, 2pn, 2.5 ty",,"Lý Chiêu Hoàng, Phường 10, Quận 6, Tp Hồ Chí MinhXem bản đồ",
,2 phòng,1 phòng,,,,,"42,5 triệu/m²",,,,Nhà trống,,tp-ho-chi-minh,Kẹt Tiền Bán Rẻ Căn AK6 View Nội Khu Dự Án Akari City,,"Võ Văn Kiệt, Phường An Lạc, Quận Bình Tân, Tp Hồ Chí MinhXem bản đồ",
,2 phòng,2 phòng,,,,,"83,73 triệu/m²",Đông Nam,,,,,tp-ho-chi-minh,VIEW SÔNG THOÁNG ! BÁN CĂN HỘ 2PN 83M2 6.950 TỶ VINHOMES CENTRAL PARK,,"208, 208 Đường Điện Biên Phủ, Phường 22, Bình Thạnh, Hồ Chí Minh, Phường 22, Quận Bình Thạnh, Tp Hồ Chí MinhXem bản đồ",
,3 phòng,2 phòng,Đang chờ sổ,,,,"36,4 triệu/m²",,,,,,tp-ho-chi-minh,Dragon2-86m2-view Thành Phố - Q1 - Bán nhanh giá chỉ 3.130 tỷ bao phí,,"196, Cao Lỗ, Phường 4, Quận 8, Tp Hồ Chí MinhXem bản đồ",
,2 phòng,1 phòng,,,,,"34,44 triệu/m²",,,,Nhà trống,,tp-ho-chi-minh,"Căn hộ Vinhomes 2PN dt lớn 62m2 giá bán 2,135 tỷ- SẴN SỔ HỒNG",,"Nguyễn Xiển, Phường Long Thạnh Mỹ (Quận 9 cũ), Thành phố Thủ Đức, Tp Hồ Chí MinhXem bản đồ",
,2 phòng,1 phòng,,,,,"35,68 triệu/m²",,,,,,tp-ho-chi-minh,"BÁN NHANH 2PN vinhomes diện tích lớn giá 1,998 tỷ Tặng nội thất",,"Nguyễn Xiển, Phường Long Thạnh Mỹ (Quận 9 cũ), Thành phố Thủ Đức, Tp Hồ Chí MinhXem bản đồ",
,2 phòng,2 phòng,,,,,"40,86 triệu/m²",,,,Nội thất cao cấp,,tp-ho-chi-minh,"Chính chủ bán lỗ CH Boulevard Q7,2PN,70m2-nhà thật giá thật kcâu view.",,"Nguyễn Lương Bằng, Phường Phú Mỹ, Quận 7, Tp Hồ Chí MinhXem bản đồ",
,2 phòng,3 phòng,,,,,"32,64 triệu/m²",,,,,,tp-ho-chi-minh,"Căn hộ diamond quận 8 bán nhanh 2,35ty",,"Võ Văn Kiệt, Phường 16, Quận 8, Tp Hồ Chí MinhXem bản đồ",
,3 phòng,2 phòng,,,,,144 triệu/m²,,,,,,tp-ho-chi-minh,SUNWAH PEARL CỰC RỘNG! BÁN GẤP CĂN 3PN VIEW SÔNG FULL NT 18tỷ bao phí,,"Số 90, Nguyễn Hữu Cảnh, Phường 22, Quận Bình Thạnh, Tp Hồ Chí MinhXem bản đồ",
,2 phòng,2 phòng,Đang chờ sổ,,,,"139,24 triệu/m²",,,,Nội thất cao cấp,,tp-ho-chi-minh,View trực diện sông Giá Thật Tiếp Khách Thật Vinhomes Bason 11 tỷ,,"Tôn Đức Thắng, Phường Bến Nghé, Quận 1, Tp Hồ Chí MinhXem bản đồ",
,2 phòng,2 phòng,,,,,"45,07 triệu/m²",,,,,,tp-ho-chi-minh,"Chủ gửi:Căn 2PN-71m2 ,Full nội thất, Khu Emerald ,Giá 3.2 tỷ nhận nhà",,"số 88, N1, Phường Sơn Kỳ, Quận Tân Phú, Tp Hồ Chí MinhXem bản đồ",
,3 phòng,3 phòng,Đang chờ sổ,,,,"32,64 triệu/m²",Bắc,,,,,tp-ho-chi-minh,Bán căn Dual Key 121 m2 tK 3PN giá bán ăn Tết,,"Võ Văn Kiệt, Phường An Lạc, Quận Bình Tân, Tp Hồ Chí MinhXem bản đồ",
,2 phòng,2 phòng,Đã có sổ,,,,30 triệu/m²,,,,Nhà trống,,tp-ho-chi-minh,"Gấp , bán nhanh căn hộ 2pn để ra nước ngoài",,"Trịnh Quang Nghị, Xã Phong Phú, Huyện Bình Chánh, Tp Hồ Chí MinhXem bản đồ",
,3 phòng,2 phòng,,,,,"39,05 triệu/m²",,,,,,tp-ho-chi-minh,"🔥 Bán căn hộ Ruby 3PN có ban công, giá chỉ 3.28 tỷ",,"số 88, N1, Phường Sơn Kỳ, Quận Tân Phú, Tp Hồ Chí MinhXem bản đồ",
,2 phòng,2 phòng,Đã có sổ,,,,"26,72 triệu/m²",,,,Nội thất đầy đủ,,tp-ho-chi-minh,"CĂN HỘ 67M2 2PN 2WC EHOME 3 HỒ HỌC LÃM, Q. BÌNH TÂN",,"Hồ Học Lãm, Phường An Lạc, Quận Bình Tân, Tp Hồ Chí MinhXem bản đồ",
,1 phòng,1 phòng,,,,,"36,86 triệu/m²",Nam,,,,,tp-ho-chi-minh,[36m2-1pn1wc-Có SH-Full nt] Kẹt tiền-Hạ giá-Bán gấp CC Tân Mỹ-Quận 7,,"Nguyễn Lương Bằng, Phường Tân Phú, Quận 7, Tp Hồ Chí MinhXem bản đồ",
,2 phòng,2 phòng,,,,,"33,82 triệu/m²",Đông Nam,,,,,tp-ho-chi-minh,"Căn hộ 68m2 (góc), chính chủ, CC Sunview Town, Quận Thủ Đức",,"Đường Gò Dưa, Phường Hiệp Bình Phước (Quận Thủ Đức cũ), Thành phố Thủ Đức, Tp Hồ Chí MinhXem bản đồ",
,2 phòng,,,,,,"26,35 triệu/m²",,,,,,tp-ho-chi-minh,"cần vốn gấp nên bán căn Chung cư C4 đường Man Thiện, Tp.Thủ Đức(Q9 cũ)",,"Đường Man Thiện, Phường Tăng Nhơn Phú A (Quận 9 cũ), Thành phố Thủ Đức, Tp Hồ Chí MinhXem bản đồ",
