Diện tích đất:,Số phòng ngủ:,Số phòng vệ sinh:,Giấy tờ pháp lý:,Loại hình nhà ở:,Chiều ngang:,Diện tích sử dụng:,Giá/m2:,Hướng cửa chính:,Tổng số tầng:,Đặc điểm nhà/đất:,Tình trạng nội thất:,Chiều dài:,Location,Name,URL,District,Price
,3 phòng,2 phòng,Giấy tờ khác,,,,"44,7 triệu/m²",,,,,,tp-ho-chi-minh,Bán căn 3pn2wc 113m2 West Gate Bình Chánh nội thất cơ bản,,"Tân Túc, Thị trấn Tân Túc, Huyện Bình Chánh, Tp Hồ Chí MinhXem bản đồ",
,1 phòng,,,,,,"45,19 triệu/m²",,,,,,tp-ho-chi-minh,Cần bán gấp căn hộ cao cấp Lotus Garden,,"Đường Trịnh Đình Thảo, Phường Hòa Thạnh, Quận Tân Phú, Tp Hồ Chí MinhXem bản đồ",
,2 phòng,,,,,,"35,29 triệu/m²",,,,,,tp-ho-chi-minh,CHÍNH CHỦ CẦN BÁN CH Q7 RIVERSIDE 2PN SẴN NT DỌN VÀO Ở NGAY,,"Số 4, Đào Trí, Phường Phú Thuận, Quận 7, Tp Hồ Chí MinhXem bản đồ",
,1 phòng,1 phòng,,,,,"36,79 triệu/m²",,,,,,tp-ho-chi-minh,"🛑 CẦN BÁN CÁC CĂN CH Q7 RIVERDIDE 1PN,2PN,3PN GIÁ TỐT",,"Số 4, Đào Trí, Phường Phú Thuận, Quận 7, Tp Hồ Chí MinhXem bản đồ",
,2 phòng,2 phòng,,,,,"27,78 triệu/m²",,,,,,tp-ho-chi-minh,Cần bán căn hộ Chung cư Sơn Kỳ,,"Lô E, Đường CC5, Phường Sơn Kỳ, Quận Tân Phú, Tp Hồ Chí MinhXem bản đồ",
,3 phòng,,,,,,"30,66 triệu/m²",Đông,,,,,tp-ho-chi-minh,BÁN CĂN HỘ AN PHÚ QUẬN 6 - 137M2 + 3PN + 3WC + BAN CÔNG,,"961, Hậu Giang, Phường 11, Quận 6, Tp Hồ Chí MinhXem bản đồ",
,1 phòng,1 phòng,Đã có sổ,,,,"28,6 triệu/m²",,,,,,tp-ho-chi-minh,"Căn 1PN Ehome 3 Bình Tân, 50m2, sàn gỗ cao cấp, đủ tiện ích, sổ riêng",,"Hồ Học Lãm, Phường An Lạc, Quận Bình Tân, Tp Hồ Chí MinhXem bản đồ",
,2 phòng,2 phòng,,,,,"27,27 triệu/m²",Đông Nam,,,,,tp-ho-chi-minh,Cần bán chung cư thái an 4,,"1/45A, Nguyễn Văn Quá, Phường Đông Hưng Thuận, Quận 12, Tp Hồ Chí MinhXem bản đồ",
,2 phòng,2 phòng,Đã có sổ,,,,70 triệu/m²,,,,Nội thất cao cấp,,tp-ho-chi-minh,Không thể tin được bán căn hộ 2PN rộng 85m2 mà chưa tới 6 tỷ tại quận5,,"290, 290 Số 290 Đường An Dương Vương, Phường 4, Quận 5, Thành phố Hồ Chí Minh, Phường 4, Quận 5, Tp Hồ Chí MinhXem bản đồ",
,2 phòng,2 phòng,,,,,"29,76 triệu/m²",,,,,,tp-ho-chi-minh,CĂN HỘ GREEN TOWN 84M² 2PN 2WC SỔ HỒNG Giá 2.5TỶ,,"Lô 5, Bình Hưng Hòa B, Phường Bình Hưng Hoà B, Quận Bình Tân, Tp Hồ Chí MinhXem bản đồ",
,5 phòng,2 phòng,,,,,"29,07 triệu/m²",,,,,,tp-ho-chi-minh,căn hộ mặt tiền Trần Hưng Đạo gần BV An Bình,,"118, An Bình, Phường 5, Quận 5, Tp Hồ Chí MinhXem bản đồ",
,2 phòng,,,,,,"98,97 triệu/m²",,,,,,tp-ho-chi-minh,Chính Chủ cần bán gấp căn 2PN VIEw Sông Chính diện chỉ 7tỷ7,,"Xa Lộ Hà Nội, Phường An Phú (Quận 2 cũ), Thành phố Thủ Đức, Tp Hồ Chí MinhXem bản đồ",
,3 phòng,2 phòng,,,,,"33,29 triệu/m²",,,,,,tp-ho-chi-minh,💥 TIN GIẬT GÂN 💥 CĂN 3PN GIÁ ĐỘC ĐẮC 2TỶ730💥,,"Nguyễn Xiển, Phường Long Thạnh Mỹ (Quận 9 cũ), Thành phố Thủ Đức, Tp Hồ Chí MinhXem bản đồ",
,3 phòng,2 phòng,Đã có sổ,,,,"23,54 triệu/m²",,,,Nội thất đầy đủ,,tp-ho-chi-minh,"Căn Hộ Terra Rosa Nguyễn Văn Linh, Xã Phong Phú - Huyện Bình Chánh,",,"Lô 13E, 7, Xã Phong Phú, Huyện Bình Chánh, Tp Hồ Chí MinhXem bản đồ",
,2 phòng,2 phòng,,,,,"51,18 triệu/m²",,,,,,tp-ho-chi-minh,Chủ Bán Nhanh Căn Hộ Góc Siêu Đẹp - Giá Tốt Tại Block PANORAMA,,"Nguyễn Văn Linh, Xã Bình Hưng, Huyện Bình Chánh, Tp Hồ Chí MinhXem bản đồ",
,3 phòng,3 phòng,,,,,"76,04 triệu/m²",,,,,,tp-ho-chi-minh,"Chủ cần bán căn hộ sân vườn The Estella 3 phòng ngủ - Giá 14,6 tỷ",,"Xa Lộ Hà Nội, Phường An Phú (Quận 2 cũ), Thành phố Thủ Đức, Tp Hồ Chí MinhXem bản đồ",
,2 phòng,2 phòng,,,,,"50,74 triệu/m²",Bắc,,,,,tp-ho-chi-minh,BÁN CĂN HỘ CHUNG CƯ BỘ CÔNG AN 2PN 2WC 68m2 (QUẬN 2),,"3, Phường An Khánh (Quận 2 cũ), Thành phố Thủ Đức, Tp Hồ Chí MinhXem bản đồ",
,2 phòng,1 phòng,,,,,"33,33 triệu/m²",Tây Bắc,,,,,tp-ho-chi-minh,Căn hộ Trung tâm Trường Thọ Thủ Đức,,"159/21 Đường 11, Phường Trường Thọ (Quận Thủ Đức cũ), Thành phố Thủ Đức, Tp Hồ Chí MinhXem bản đồ",
,2 phòng,2 phòng,,,,,"65,38 triệu/m²",,,,,,tp-ho-chi-minh,"CẦN BÁN CĂN HỘ 2PN 78m2 KINGDOM101- P14, Q10, Tp. HCM",,"334, Tô Hiến Thành, Phường 14, Quận 10, Tp Hồ Chí MinhXem bản đồ",
,1 phòng,1 phòng,,,,,"56,6 triệu/m²",,,,,,tp-ho-chi-minh,Booking đợt 1 dự án Eaton Park Mai Chí Thọ Q2 từ CĐT Gamuda Land,,"Mai Chí Thọ, Phường An Phú (Quận 2 cũ), Thành phố Thủ Đức, Tp Hồ Chí MinhXem bản đồ",
,2 phòng,1 phòng,Đang chờ sổ,,,,"45,24 triệu/m²",,,,Nội thất cao cấp,,tp-ho-chi-minh,"Tư vấn mua căn hộ Ruby,Emerald,Diamond khu Celadon",,"số 88, N1, Phường Sơn Kỳ, Quận Tân Phú, Tp Hồ Chí MinhXem bản đồ",
,2 phòng,1 phòng,,,,,"45,31 triệu/m²",,,,Nội thất cao cấp,,tp-ho-chi-minh,Chủ nhà cần bán gấp căn hộ chung cư Emerald 2PN nhỉnh 3 tỷ,,"số 88, N1, Phường Sơn Kỳ, Quận Tân Phú, Tp Hồ Chí MinhXem bản đồ",
,2 phòng,,Đã có sổ,,,,"38,64 triệu/m²",,,,,,tp-ho-chi-minh,chung cư Phú thọ 2.55 tỷ rẻ hơn các căn kia cho thuê 9riệu ở liền mới,,"Lữ Gia, Phường 15, Quận 11, Tp Hồ Chí MinhXem bản đồ",
,2 phòng,2 phòng,,,,,"65,85 triệu/m²",,,,,,tp-ho-chi-minh,Cần bán nhanh orchard parkview 2 phòng ngủ 5.4 tỷ,,"130-132, 130-132 Đường Hồng Hà, Phường 9, Quận Phú Nhuận, Tp Hồ Chí MinhXem bản đồ",
,3 phòng,2 phòng,,,,,"62,07 triệu/m²",,,,,,tp-ho-chi-minh,Bán căn Garden Gate nhà đẹp 3PN/2WC sát cv Gia Định Novaland,,"số 8, Hoàng Minh Giám, Phường 9, Quận Phú Nhuận, Tp Hồ Chí MinhXem bản đồ",
,2 phòng,2 phòng,,,,,40 triệu/m²,,,,,,tp-ho-chi-minh,Cần bán căn hộ 65m2 full nội thất 2.6 tỷ bao hết.,,"239 – 241 – 278, Hòa Bình, Phường Hiệp Tân, Quận Tân Phú, Tp Hồ Chí MinhXem bản đồ",
,2 phòng,2 phòng,Đã có sổ,,,,"38,81 triệu/m²",,,,Nội thất đầy đủ,,tp-ho-chi-minh,Bán căn hộ 2PN 67m2 Hausneo quận 9,,"Liên Phường, Phường Phú Hữu (Quận 9 cũ), Thành phố Thủ Đức, Tp Hồ Chí MinhXem bản đồ",
,2 phòng,2 phòng,Đã có sổ,,,,"70,59 triệu/m²",,,,Nội thất đầy đủ,,tp-ho-chi-minh,Bán gấp căn Góc 2PN rẻ nhất Masteri TD - sẵn SH,,"Xa Lộ Hà Nội, Phường Thảo Điền (Quận 2 cũ), Thành phố Thủ Đức, Tp Hồ Chí MinhXem bản đồ",
,2 phòng,2 phòng,,,,,"34,5 triệu/m²",Tây Nam,,,,,tp-ho-chi-minh,"Giá 2,07 tỷ, nhận nhà ở ngay - (2pn+ 2wc) - Bao Tất - WestGate BC",,"Tân Túc, Thị trấn Tân Túc, Huyện Bình Chánh, Tp Hồ Chí MinhXem bản đồ",
,2 phòng,1 phòng,Giấy tờ khác,,,,"37,72 triệu/m²",,,,,,tp-ho-chi-minh,Chỉ 1 tỷ 999 nhận nhà căn 2PN Q7 SG Riverside,,"Số 4, Đào Trí, Phường Phú Thuận, Quận 7, Tp Hồ Chí MinhXem bản đồ",
,3 phòng,2 phòng,Đã có sổ,,,,"23,5 triệu/m²",,,,Nhà trống,,tp-ho-chi-minh,"Bán shophouse khu dân cư EHome 3 - giá chỉ từ 2,35 tỷ có thương lượng",,"Hồ Học Lãm, Phường An Lạc, Quận Bình Tân, Tp Hồ Chí MinhXem bản đồ",
,3 phòng,3 phòng,Đã có sổ,,,,"33,33 triệu/m²",,,,Nội thất đầy đủ,,tp-ho-chi-minh,"Ehome 3 bán căn 3PN 96m2, giá 3,2 tỷ, lầu cao, không áp mái, full nt.",,"Hồ Học Lãm, Phường An Lạc, Quận Bình Tân, Tp Hồ Chí MinhXem bản đồ",
,1 phòng,1 phòng,,,,,"52,34 triệu/m²",,,,,,tp-ho-chi-minh,Giỏ hàng bán giá tốt,,"346, Bến Vân Đồn, Phường 1, Quận 4, Tp Hồ Chí MinhXem bản đồ",
,2 phòng,2 phòng,,,,,"42,42 triệu/m²",Bắc,,,,,tp-ho-chi-minh,BÁN CĂN 2PN FULL NỘI THẤT CHUNG CƯ Q7 SAIGON RIVERSIDE VIEW NGOÀI 102%,,"Số 4, Đào Trí, Phường Phú Thuận, Quận 7, Tp Hồ Chí MinhXem bản đồ",
,2 phòng,1 phòng,Đã có sổ,,,,"46,76 triệu/m²",,,,,,tp-ho-chi-minh,"Chính Chủ Bán C.cư Thang Bộ 537Phạm văn đồng p13 BT 55,6m2 2PN 1WC",,"Chung Cư Thang Bộ 537, Phạm Văn Đồng, Phường 13, Quận Bình Thạnh, Tp Hồ Chí MinhXem bản đồ",
,2 phòng,2 phòng,,,,,"30,77 triệu/m²",,,,,,tp-ho-chi-minh,BÁN CĂN HỘ TARA 78m2 (ĐÃ CÓ SỔ HỒNG)NHÀ MỚI NHẬN NGAY,,"số 1A, Tạ Quang Bửu, Phường 6, Quận 8, Tp Hồ Chí MinhXem bản đồ",
,2 phòng,2 phòng,,,,,"79,17 triệu/m²",,,,,,tp-ho-chi-minh,căn 72m2 2PN delasol Q4,,"Số 1, Tôn Thất Thuyết, Phường 18, Quận 4, Tp Hồ Chí MinhXem bản đồ",
,2 phòng,,,,,,"73,86 triệu/m²",Đông Bắc,,,,,tp-ho-chi-minh,SADORA 6.5 tỷ 88m2. View hồ xanh mát 2PN,,"10, Mai Chí Thọ, Phường An Lợi Đông (Quận 2 cũ), Thành phố Thủ Đức, Tp Hồ Chí MinhXem bản đồ",
,2 phòng,1 phòng,,,,,"47,62 triệu/m²",,,,,,tp-ho-chi-minh,"Bán gấp căn hộ Emerald 2pn- 1wc Full NT như hình, liên hệ em",,"số 88, N1, Phường Sơn Kỳ, Quận Tân Phú, Tp Hồ Chí MinhXem bản đồ",
,1 phòng,1 phòng,,,,,"98,11 triệu/m²",,,,,,tp-ho-chi-minh,Chủ cần ra gấp cắt lỗ căn 1PN-1WC giá tốt chỉ 5 tỷ 2 bao thuế phí,,"Xa Lộ Hà Nội, Phường An Phú (Quận 2 cũ), Thành phố Thủ Đức, Tp Hồ Chí MinhXem bản đồ",
,2 phòng,1 phòng,Đã có sổ,,,,"39,58 triệu/m²",,,,,,tp-ho-chi-minh,"ĐÃ CÓ SỔ CẦN BÁN NHANH CĂN HỘ GIÁ 1,9 TỶ BAO THUẾ PHÍ TẶNG NỘI THẤT",,"Tam Bình, Phường Tam Bình (Quận Thủ Đức cũ), Thành phố Thủ Đức, Tp Hồ Chí MinhXem bản đồ",
,2 phòng,2 phòng,,,,,"16,94 triệu/m²",,,,,,tp-ho-chi-minh,Bán căn hộ 2PN giá 950tr đến 1ty3.Dt 54-62-70m2. Nhà trống or nội thất,,"Đường Nguyễn Văn Linh, phường An Phú Tây, huyện Bình Chánh, Tp.HCM, Xã An Phú Tây, Huyện Bình Chánh, Tp Hồ Chí MinhXem bản đồ",
,2 phòng,,,,,,"53,08 triệu/m²",Đông,,,,,tp-ho-chi-minh,CẦN BÁN 2 PHÒNG NGỦ GIÁ RẺ,,"Nguyễn Hữu Thọ, Xã Phước Kiển, Huyện Nhà Bè, Tp Hồ Chí MinhXem bản đồ",
,3 phòng,2 phòng,Đã có sổ,,,,"36,43 triệu/m²",,,,Nhà trống,,tp-ho-chi-minh,BÁN NHANH 3PN2WC FAFIRA KHANG ĐIỀN NỘI THẤT CƠ BẢN GIÁ TỐT,,"Võ Chí Công, Phường Phú Hữu (Quận 9 cũ), Thành phố Thủ Đức, Tp Hồ Chí MinhXem bản đồ",
,2 phòng,2 phòng,,,,,33 triệu/m²,,,,Nội thất cao cấp,,tp-ho-chi-minh,"Cần Bán Căn 60m2 2PN, Giá 2.050 Tỷ,Tặng Phí Quản Lí, Nhận Nhà Ở Ngay",,"Tân Túc, Thị trấn Tân Túc, Huyện Bình Chánh, Tp Hồ Chí MinhXem bản đồ",
,2 phòng,2 phòng,,,,,"34,93 triệu/m²",,,,Nội thất đầy đủ,,tp-ho-chi-minh,"Giá rẻ nhất thị trường: Căn 2PN-2WC Ruby, Giá chỉ: 2.41 tỷ, Full NT",,"số 88, N1, Phường Sơn Kỳ, Quận Tân Phú, Tp Hồ Chí MinhXem bản đồ",
,3 phòng,2 phòng,,,,,"57,29 triệu/m²",,,,,,tp-ho-chi-minh,"Flash Sale Cuối Năm – The Sun Avenue 96m2 3PN Giá 5,5 Tỷ FULL Nội Thất",,"Mai Chí Thọ, Phường An Phú (Quận 2 cũ), Thành phố Thủ Đức, Tp Hồ Chí MinhXem bản đồ",
,2 phòng,2 phòng,,,,,"45,71 triệu/m²",,,,,,tp-ho-chi-minh,"Chủ nhà gửi bán căn hộ Screc Tower, 70m2, 2pn, tầng cao, 3.2 tỷ",,"Hoàng Sa, Phường 12, Quận 3, Tp Hồ Chí MinhXem bản đồ",
,2 phòng,2 phòng,,,,,"34,78 triệu/m²",,,,,,tp-ho-chi-minh,"2PN+1 ĐÃ CÓ SỔ TẦNG TRUNG VIEW HỒ BƠI CHỈ 2,4 TỶ BH VHGP Q9",,"Nguyễn Xiển, Phường Long Thạnh Mỹ (Quận 9 cũ), Thành phố Thủ Đức, Tp Hồ Chí MinhXem bản đồ",
,1 phòng,1 phòng,,,,,"44,29 triệu/m²",,,,,,tp-ho-chi-minh,"CĂN HỘ STUDIO VỪA Ở VỪA LÀM VP ĐƯỢC, Cao Thắng Q10, 1.55ty- 1.85ty",,"Số 181, Cao Thắng, Phường 12, Quận 10, Tp Hồ Chí MinhXem bản đồ",
,2 phòng,2 phòng,,,,,"38,33 triệu/m²",Tây Nam,,,,,tp-ho-chi-minh,Cần bán chung cư Gia Hòa quận 9 diện tích 60m 2Pn 2WC có sổ hồng,,"Xa Lộ Hà Nội, Phường Phước Long B (Quận 9 cũ), Thành phố Thủ Đức, Tp Hồ Chí MinhXem bản đồ",
,2 phòng,2 phòng,,,,,"35,47 triệu/m²",Tây Bắc,,,,,tp-ho-chi-minh,"bán căn hộ đẹp quận 2 gần cầu sài gòn 86m2 chỉ 3,05 tỷ",,"đường thái, Phường An Phú (Quận 2 cũ), Thành phố Thủ Đức, Tp Hồ Chí MinhXem bản đồ",
,2 phòng,2 phòng,Đã có sổ,,,,"35,57 triệu/m²",,,,Nội thất đầy đủ,,tp-ho-chi-minh,Chuyên bán căn hộ BÀU CÁT 2 (SỔ HỒNG) thang máy - giá rẻ,,"Hồng Lạc, Phường 10, Quận Tân Bình, Tp Hồ Chí MinhXem bản đồ",
,3 phòng,2 phòng,,,,,"32,94 triệu/m²",,,,,,tp-ho-chi-minh,3PN-TOPAZ ELITE - TẦNG X - GIÁ 2.8 TỶ - BAO CHUYỂN NHƯỢNG,,"196, Cao Lỗ, Phường 4, Quận 8, Tp Hồ Chí MinhXem bản đồ",
,2 phòng,2 phòng,,,,,"46,61 triệu/m²",,,,,,tp-ho-chi-minh,Bán ngộp căn 2PN Origami dự án Vinhomes Grand Park,,"Đường Nguyễn Xiển, Phường Long Thạnh Mỹ (Quận 9 cũ), Thành phố Thủ Đức, Tp Hồ Chí MinhXem bản đồ",
,2 phòng,2 phòng,,,,,"30,83 triệu/m²",Đông Bắc,,,,,tp-ho-chi-minh,"Căn hộ giá rẻ tại fresca sau chợ đầu mối, tầng cao, thấp",,"D6, Phường Bình Chiểu (Quận Thủ Đức cũ), Thành phố Thủ Đức, Tp Hồ Chí MinhXem bản đồ",
,4 phòng,2 phòng,Đã có sổ,,,,"32,5 triệu/m²",,,,,,tp-ho-chi-minh,Bán Chung Cư Mặt Tiền Bình Thới 120m2 4pn2wc,,"Bình Thới, Phường 11, Quận 11, Tp Hồ Chí MinhXem bản đồ",
,2 phòng,,,,,,"28,57 triệu/m²",,,,,,tp-ho-chi-minh,"Bán căn hộ Fresca Riverside 70m2 giá 2 tỷ, view quận 1, sổ hồng",,"D6, Phường Bình Chiểu (Quận Thủ Đức cũ), Thành phố Thủ Đức, Tp Hồ Chí MinhXem bản đồ",
,2 phòng,2 phòng,,,,,"47,5 triệu/m²",Tây Bắc,,,,,tp-ho-chi-minh,"Mặt tiền Nguyễn Tất Thành, Sổ hồng, 3,8tỷ, 82m2, view sông, liền kề Q1",,"Số 504, Nguyễn Tất Thành, Phường 18, Quận 4, Tp Hồ Chí MinhXem bản đồ",
,2 phòng,2 phòng,Đang chờ sổ,,,,77 triệu/m²,,,,,,tp-ho-chi-minh,"bán căn 2Pn 6,237 tỷ (all in) view sông sài gòn, quận 1 bitexco",,"Bát Nàn, Phường Thạnh Mỹ Lợi (Quận 2 cũ), Thành phố Thủ Đức, Tp Hồ Chí MinhXem bản đồ",
,1 phòng,1 phòng,,,,,"40,43 triệu/m²",,,,Nhà trống,,tp-ho-chi-minh,GIỎ HÀNG CẮT LỖ CỰC SÂU VINHOMES GRAND PARK QUẬN 9,,"Nguyễn Xiển, Phường Long Thạnh Mỹ (Quận 9 cũ), Thành phố Thủ Đức, Tp Hồ Chí MinhXem bản đồ",
,2 phòng,2 phòng,,,,,"35,51 triệu/m²",,,,,,tp-ho-chi-minh,"CĂN HỘ ĐẤT PHƯƠNG NAM,2PN,2WC,SỔ HỒNG,ĐỦ NỘI THẤT",,"Chu Văn An, Phường 12, Quận Bình Thạnh, Tp Hồ Chí MinhXem bản đồ",
,3 phòng,2 phòng,Đã có sổ,,,,"41,18 triệu/m²",,,,Nội thất đầy đủ,,tp-ho-chi-minh,"⏳ 🔑 📕 CĂN 3PN + 1 P.LÀM VIỆC, TẦNG TRUNG, CC HIM LAM RIVERSIDE QUẬN 7",,"D1, Phường Tân Hưng, Quận 7, Tp Hồ Chí MinhXem bản đồ",
,2 phòng,2 phòng,,,,,"37,31 triệu/m²",,,,Nội thất cao cấp,,tp-ho-chi-minh,"🌟Bán Căn Hộ 2PN+2WC khu Ruby-Celadon City,Giá: 2.550 tỷ,Full nội thất.",,"số 88, N1, Phường Sơn Kỳ, Quận Tân Phú, Tp Hồ Chí MinhXem bản đồ",
,2 phòng,2 phòng,,,,,"34,38 triệu/m²",,,,,,tp-ho-chi-minh,"Quản lý chuyển nhượng tất cả căn hộ River Panorama 2PN 2ty2, 3PN 3ty8.",,"Hoàng Quốc Việt, Phường Phú Mỹ, Quận 7, Tp Hồ Chí MinhXem bản đồ",
,2 phòng,,,,,,"35,29 triệu/m²",,,,,,tp-ho-chi-minh,BÁN Q7 RIVERSIDE GIÁ TỐT HƠN THỊ TRƯỜNG,,"Số 4, Đào Trí, Phường Phú Thuận, Quận 7, Tp Hồ Chí MinhXem bản đồ",
,3 phòng,2 phòng,,,,,"38,39 triệu/m²",,,,,,tp-ho-chi-minh,"Duplex Emerald Tân Phú , full nội thất cao cấp , cho bán nhanh .",,"số 88, N1, Phường Sơn Kỳ, Quận Tân Phú, Tp Hồ Chí MinhXem bản đồ",
,1 phòng,1 phòng,Đang chờ sổ,,,,"151,21 triệu/m²",,,,,,tp-ho-chi-minh,"CHỦ GẤP BÁN 1PN 49M2 GIÁ 7,5 TỶ VIEW LANDMARK 81 METROPOLE THU THIEM",,"Lô 1.16 và 1.17 , Lô 1.16 và 1.17  khu đô thị Thủ Thiêm, phường An Khánh, quận 2, thành phố  Hồ Chí Minh, Phường Thủ Thiêm (Quận 2 cũ), Thành phố Thủ Đức, Tp Hồ Chí MinhXem bản đồ",
,3 phòng,3 phòng,Giấy tờ khác,,,,"44,17 triệu/m²",,,,,,tp-ho-chi-minh,"Cardinal Court Phú Mỹ Hưng Quận 7 sản phẩm nổi bật, giá *** khu.",,"Tân Phú, Phường Tân Phú, Quận 7, Tp Hồ Chí MinhXem bản đồ",
,2 phòng,2 phòng,,,,,"38,68 triệu/m²",,,,,,tp-ho-chi-minh,LOẠI 1PN 2T05 2PN 2T45 Q7 RIVERSIDE (THIỆN CHÍ),,"Số 4, Đào Trí, Phường Phú Thuận, Quận 7, Tp Hồ Chí MinhXem bản đồ",
,2 phòng,2 phòng,Đã có sổ,,,,"58,46 triệu/m²",,,,,,tp-ho-chi-minh,"BÁN CĂN 2PN ECO GREEN QUẬN 7 3,8tỷ ĐÃ CÓ SỔ MÀ CÒN TẶNG FULL NỘI THẤT",,"Nguyễn Văn Linh, Phường Tân Thuận Tây, Quận 7, Tp Hồ Chí MinhXem bản đồ",
,1 phòng,1 phòng,Đang chờ sổ,,,,"34,8 triệu/m²",,,,,,tp-ho-chi-minh,Tara Residence Q.8 {1PN: 1.740T _ 2PN: 2.2T _ 3PN: 2.75T] THƯƠNG LƯỢNG,,"số 1A, Tạ Quang Bửu, Phường 6, Quận 8, Tp Hồ Chí MinhXem bản đồ",
,2 phòng,1 phòng,,,,,"41,78 triệu/m²",,,,,,tp-ho-chi-minh,Kẹt Tiền Bán Chung Cư An Sương Q12 Tầng 2 DT 45m2 2PN tặng nội thất,,"dự án an sương, Phường Tân Hưng Thuận, Quận 12, Tp Hồ Chí MinhXem bản đồ",
,3 phòng,2 phòng,,,,,"33,59 triệu/m²",Tây,,,,,tp-ho-chi-minh,Bán căn hộ chung cư đang chờ sổ,,"Phan Văn Hớn, Phường Tân Thới Nhất, Quận 12, Tp Hồ Chí MinhXem bản đồ",
,3 phòng,2 phòng,Đã có sổ,,,,"37,65 triệu/m²",,,,Nội thất cao cấp,,tp-ho-chi-minh,"Nhà đẹp đón tết, CC GreenRiver, Q8 - 3PN, Full nội thất, Giá 3.05 tỷ",,"Số 2225, Phạm Thế Hiển, Phường 6, Quận 8, Tp Hồ Chí MinhXem bản đồ",
,2 phòng,2 phòng,,,,,"68,75 triệu/m²",,,,,,tp-ho-chi-minh,"Bán chung cư 107 Trương Đình , 5.5 tỷ , 80m2 , 2PN 2WC",,"107, Trương Định, Phường Võ Thị Sáu, Quận 3, Tp Hồ Chí MinhXem bản đồ",
,2 phòng,2 phòng,,,,,"40,71 triệu/m²",,,,,,tp-ho-chi-minh,Căn hộ 2PN 2WC Happy One Q12.Tặng gói nội thất 90 triệu và 5 chỉ vàng.,,"Thạnh lộc 08, Phường Thạnh Lộc, Quận 12, Tp Hồ Chí MinhXem bản đồ",
,3 phòng,2 phòng,Đã có sổ,,,,153 triệu/m²,,,,,,tp-ho-chi-minh,Định Cư Nước Ngoài Bán Căn 3PN Vinhomes Central Park Giá 1Tỷ530 Triệu,,"208, Nguyễn Hữu Cảnh, Phường 22, Quận Bình Thạnh, Tp Hồ Chí MinhXem bản đồ",
,1 phòng,1 phòng,,,,,"60,11 triệu/m²",,,,,,tp-ho-chi-minh,"Gấp gấp căn CT Minh Châu Q3, 28m2 Giá chỉ 1ty68 TT 50% - Vay 50%",,"369, Lê Văn Sỹ, Phường 14, Quận 3, Tp Hồ Chí MinhXem bản đồ",
,3 phòng,2 phòng,Đã có sổ,,,,"18,89 triệu/m²",,,,,,tp-ho-chi-minh,"Chủ ngộp, bán rẻ căn 3 phòng ngủ CC Aview, 90m2, chỉ 1.7 tỷ",,"CHung cư Aview, Nguyễn Văn Linh, Xã Phong Phú, Huyện Bình Chánh, Tp Hồ Chí MinhXem bản đồ",
,1 phòng,,Đang chờ sổ,,,,"66,31 triệu/m²",,,,,,tp-ho-chi-minh,Căn Hộ 33M - T7/2025 Nhận Nhà - Với 2% Mỗi Tháng Nhàn Hạ,,"KĐT Vinhomes Grand Park, Phường Long Thạnh Mỹ, Quận 9, Hồ Chí Minh, Phường Long Bình (Quận 9 cũ), Thành phố Thủ Đức, Tp Hồ Chí MinhXem bản đồ",
,2 phòng,2 phòng,,,,,"24,64 triệu/m²",Tây Bắc,,,,,tp-ho-chi-minh,Cần bán gấp căn hộ Terra Rosa khang nam giá rẻ,,"Lô 13E, 7, Xã Phong Phú, Huyện Bình Chánh, Tp Hồ Chí MinhXem bản đồ",
,3 phòng,3 phòng,,,,,"42,45 triệu/m²",,,,,,tp-ho-chi-minh,Bán căn hộ Sunshine Sky City 3PN-3WC 106m2 Full NT giá 4ty500.,,"Phú Thuận, Phường Tân Phú, Quận 7, Tp Hồ Chí MinhXem bản đồ",
,2 phòng,2 phòng,,,,,"39,53 triệu/m²",Tây,,,,,tp-ho-chi-minh,Bán CH Him Lam Chợ Lớn P11 Q6 86m2-97m2 2PN SHR,,"11, Phường 11, Quận 6, Tp Hồ Chí MinhXem bản đồ",
,3 phòng,2 phòng,Giấy tờ khác,,,,"33,29 triệu/m²",,,,,,tp-ho-chi-minh,Chính chủ gui ra nhanh 3pn2wc rainbow siêu rẻ,,"Nguyễn Xiển, Phường Long Thạnh Mỹ (Quận 9 cũ), Thành phố Thủ Đức, Tp Hồ Chí MinhXem bản đồ",
,3 phòng,2 phòng,Giấy tờ khác,,,,"34,76 triệu/m²",,,,,,tp-ho-chi-minh,Chủ gửi bán Gấp 3pn giá siêu mềm Rainbow,,"Nguyễn Xiển, Phường Long Thạnh Mỹ (Quận 9 cũ), Thành phố Thủ Đức, Tp Hồ Chí MinhXem bản đồ",
,3 phòng,2 phòng,,,,,100 triệu/m²,,,,,,tp-ho-chi-minh,NHƯỢNG LẠI PENTHOUSE 3PN 78M2 NT SANG TRỌNG CAO CẤP 7.8 TỶ,,"Nguyễn Thị Định, Phường An Phú (Quận 2 cũ), Thành phố Thủ Đức, Tp Hồ Chí MinhXem bản đồ",
,3 phòng,2 phòng,Đã có sổ,,,,29 triệu/m²,,,,Nội thất cao cấp,,tp-ho-chi-minh,CĂN HỘ MỸ LONG- 96M2+3PN- ĐƯỜNG SỐ 18(KẾ BÊN T TTM GIGAMALL),,"Đường Số 18, Phường Hiệp Bình Chánh (Quận Thủ Đức cũ), Thành phố Thủ Đức, Tp Hồ Chí MinhXem bản đồ",
,2 phòng,,,,,,"32,64 triệu/m²",,,,,,tp-ho-chi-minh,"CTL: 1 căn 2pn giá chỉ 2.35tỷ‐72m², 3pn chỉ 2.75 tỷ",,"Đường Dương Thị Giang, Phường Tân Thới Nhất, Quận 12, Tp Hồ Chí MinhXem bản đồ",
,2 phòng,2 phòng,,,,,30 triệu/m²,,,,,,tp-ho-chi-minh,Siêu rẻ: 2pn chỉ 1.55 tỷ,,"Đường Phan Văn Hớn, Phường Tân Thới Nhất, Quận 12, Hồ Chí Minh, Phường Tân Thới Nhất, Quận 12, Tp Hồ Chí MinhXem bản đồ",
,1 phòng,1 phòng,,,,,"31,72 triệu/m²",,,,Nhà trống,,tp-ho-chi-minh,"Cắt Lỗ 500tr Căn Studio Vinhomes, Sẵn Hợp Đồng Thuê 5tr/tháng",,"Nguyễn Xiển, Phường Long Thạnh Mỹ (Quận 9 cũ), Thành phố Thủ Đức, Tp Hồ Chí MinhXem bản đồ",
,2 phòng,,,,,,"41,67 triệu/m²",,,,,,tp-ho-chi-minh,"Bán gấp căn hộ carillon 7, Lương Minh Nguyệt, Q Tân Phú 2PN Full NT",,"47, Tân Thới Hòa, Phường Tân Thới Hòa, Quận Tân Phú, Tp Hồ Chí MinhXem bản đồ",
,3 phòng,2 phòng,,,,,"33,54 triệu/m²",,,,,,tp-ho-chi-minh,🔥🔥🔥CHUNG CƯ EASTERN - QUẬN 9 - CỰC SHOCK - 98m2 - 3PN - CÓ SỔ HỒNG🔥🔥🔥,,"Liên Phường, Phường Phú Hữu (Quận 9 cũ), Thành phố Thủ Đức, Tp Hồ Chí MinhXem bản đồ",
,2 phòng,1 phòng,,,,,"51,82 triệu/m²",,,,,,tp-ho-chi-minh,Kẹt tiền bán nhanh căn 2pn SaiGon Mia,,"265-197, Trung Sơn, Xã Bình Hưng, Huyện Bình Chánh, Tp Hồ Chí MinhXem bản đồ",
,2 phòng,2 phòng,,,,,"38,81 triệu/m²",Bắc,,,,,tp-ho-chi-minh,"🍁EM CÓ NHỀU CĂN HỘ Ở Q7 SAIGON RIVERSIDE GIÁ TỐT 1PN, 2PN, 3PN 🍁",,"Số 4, Đào Trí, Phường Phú Thuận, Quận 7, Tp Hồ Chí MinhXem bản đồ",
,2 phòng,2 phòng,,,,,"66,67 triệu/m²",Tây Bắc,,,,,tp-ho-chi-minh,Chuyển nhượng căn hộ Duplex 2 phòng ngủ 90m2 tại Vista Verde Quận 2,,"Đồng Văn Cống, Phường Thạnh Mỹ Lợi (Quận 2 cũ), Thành phố Thủ Đức, Tp Hồ Chí MinhXem bản đồ",
,2 phòng,2 phòng,,,,,"56,04 triệu/m²",,,,,,tp-ho-chi-minh,VINHOMES CENTRAL PARK 2PN 5.1 TỶ SỔ HỒNG CHÍNH CHỦ,,"208, Nguyễn Hữu Cảnh, Phường 22, Quận Bình Thạnh, Tp Hồ Chí MinhXem bản đồ",
,2 phòng,,,,,,76 triệu/m²,,,,Nội thất cao cấp,,tp-ho-chi-minh,"Delasol - Căn 2pn 75m2 TT 1,8 tỷ nhận nhà ngay",,"Số 1, Tôn Thất Thuyết, Phường 18, Quận 4, Tp Hồ Chí MinhXem bản đồ",
,2 phòng,2 phòng,,,,,"72,84 triệu/m²",,,,,,tp-ho-chi-minh,BÁN CĂN HỘ 2 PHÒNG NGỦ EVERRICH QUẬN 5 GIÁ 5.9 TỶ,,"290, An Dương Vương, Phường 4, Quận 5, Tp Hồ Chí MinhXem bản đồ",
,2 phòng,2 phòng,Đã có sổ,,,,30 triệu/m²,,,,,,tp-ho-chi-minh,Bán căn hộ chung cư Era Town Đức Khải quận 7 tp Hcm,,"15B, Phường Phú Mỹ, Quận 7, Tp Hồ Chí MinhXem bản đồ",
