Diện tích đất:,Số phòng ngủ:,Số phòng vệ sinh:,Giấy tờ pháp lý:,Loại hình nhà ở:,Chiều ngang:,Diện tích sử dụng:,Giá/m2:,Hướng cửa chính:,Tổng số tầng:,Đặc điểm nhà/đất:,Tình trạng nội thất:,Chiều dài:,Location,Name,URL,District,Price
90 m²,4 phòng,5 phòng,Đã có sổ,"Nhà mặt phố, mặt tiền",,,"37,22 triệu/m²",,2,,Nội thất cao cấp,,tp-ho-chi-minh,BÁ.N GẤ.P NHÀ PHỐ Q2 - 90M2 - SẴN THU NHẬP RÒNG TỔNG 25 TRIỆU/THÁNG,,"Đường Số 9, Phường An Khánh (Quận 2 cũ), Thành phố Thủ Đức, Tp Hồ Chí MinhXem bản đồ",
80 m²,4 phòng,,Đã có sổ,"Nhà mặt phố, mặt tiền",4 m,,"133,75 triệu/m²",,4,,,20 m,tp-ho-chi-minh,Mặt tiền kinh doanh cao lỗ 4 tầng 80m2 gần TOPAZ ELITE bán lỗ 10.7 tỷ,,"Đường Cao Lỗ, Phường 4, Quận 8, Tp Hồ Chí MinhXem bản đồ",
104 m²,6 phòng,6 phòng,,"Nhà ngõ, hẻm",4 m,104 m²,"40,38 triệu/m²",,,,,26 m,tp-ho-chi-minh,Hạ giá bán nhanh dãy 6 phòng trọ gần chung cư Quân khu 7,,"Trung Mỹ Tây 2A, Phường Trung Mỹ Tây, Quận 12, Tp Hồ Chí MinhXem bản đồ",
39 m²,3 phòng,3 phòng,Đã có sổ,"Nhà ngõ, hẻm",3.5 m,,"115,38 triệu/m²",,3,,,,tp-ho-chi-minh,"Nhà đường Ba Vân kiên cố 3 tầng, cách 2 căn ra mặt tiền.",,"Đường Ba Vân, Phường 14, Quận Tân Bình, Tp Hồ Chí MinhXem bản đồ",
43 m²,4 phòng,1 phòng,Đã có sổ,"Nhà mặt phố, mặt tiền",4 m,,"89,53 triệu/m²",,,,,10 m,tp-ho-chi-minh,Bán nhà mặt Đ14 Linh Chiều- Cạnh ĐH Ngân Hàng,,"Đường 14, Phường Linh Chiểu (Quận Thủ Đức cũ), Thành phố Thủ Đức, Tp Hồ Chí MinhXem bản đồ",
114 m²,9 phòng,Nhiều hơn 6 phòng,Đã có sổ,"Nhà ngõ, hẻm",,,"80,61 triệu/m²",,4,,Nội thất đầy đủ,,tp-ho-chi-minh,"NHÀ 4 TẦNG - 114M2 - 4X28 - 9 PN - HXH 7M - LÊ TRỌNG TẤN, TÂN PHÚ",,"Lê Trọng Tấn, Phường Tây Thạnh, Quận Tân Phú, Tp Hồ Chí MinhXem bản đồ",
110 m²,2 phòng,1 phòng,Đang chờ sổ,"Nhà ngõ, hẻm",4 m,,"12,73 triệu/m²",,1,,,,tp-ho-chi-minh,Bán nhà vườn,,"Đường Liên Ấp 4.5, Xã Đa Phước, Huyện Bình Chánh, Tp Hồ Chí MinhXem bản đồ",
55.5 m²,3 phòng,4 phòng,Đã có sổ,"Nhà ngõ, hẻm",4 m,,"108,11 triệu/m²",,3,,,,tp-ho-chi-minh,"Bán nhà 1trệt 2lầu sàn 148,5m2 Phước Long B Thành Phố Thủ Đức",,"Đường Số 22, Phường Phước Long B (Quận 9 cũ), Thành phố Thủ Đức, Tp Hồ Chí MinhXem bản đồ",
44.34 m²,2 phòng,3 phòng,Đã có sổ,"Nhà ngõ, hẻm",,88.68 m²,"41,5 triệu/m²",,,,,,tp-ho-chi-minh,GIẢM MẠNH CHƯA TỚI 2 TỶ ĐÃ SỠ HỮU CĂN NHÀ ĐẸP,,"Đường Tam Bình, Phường Hiệp Bình Chánh (Quận Thủ Đức cũ), Thành phố Thủ Đức, Tp Hồ Chí MinhXem bản đồ",
52 m²,3 phòng,2 phòng,Đã có sổ,"Nhà ngõ, hẻm",4 m,,"91,35 triệu/m²",,2,,,,tp-ho-chi-minh,Nhà Ngộp Quận 10 - 52M2 (4x13m) 2 Tầng - Sát Mặt Tiền Lê Hồng Phong.,,"Lê Hồng Phong, Phường 10, Quận 10, Tp Hồ Chí MinhXem bản đồ",
100 m²,5 phòng,5 phòng,,"Nhà mặt phố, mặt tiền",4 m,,25 triệu/m²,Nam,4,,,,tp-ho-chi-minh,Nhà phố phan văn hớn tl9,,"Phan Văn Hớn, Xã Bà Điểm, Huyện Hóc Môn, Tp Hồ Chí MinhXem bản đồ",
617 m²,4 phòng,3 phòng,Đã có sổ,"Nhà ngõ, hẻm",,,"77,8 triệu/m²",Đông,2,,,,tp-ho-chi-minh,Bán căn biệt thự và 1 miếng đất,,"Đường số 17, Phường Hiệp Bình Chánh (Quận Thủ Đức cũ), Thành phố Thủ Đức, Tp Hồ Chí MinhXem bản đồ",
150 m²,3 phòng,,,"Nhà ngõ, hẻm",4 m,,"30,33 triệu/m²",,2,,,37 m,tp-ho-chi-minh,"Chính chủ bán nhà 114/151 Tô Ngọc Vân, Gò Vấp, 150m2 - còn 4.55 tỷ",,"TÔ ngọc vân, Phường 15, Quận Gò Vấp, Tp Hồ Chí MinhXem bản đồ",
230 m²,2 phòng,2 phòng,Đã có sổ,"Nhà ngõ, hẻm",,,"2,39 triệu/m²",,1,,Nội thất cao cấp,,tp-ho-chi-minh,Cần bán lỗ,,"Nguyễn Văn Bứa, Xã Xuân Thới Sơn, Huyện Hóc Môn, Tp Hồ Chí MinhXem bản đồ",
72 m²,3 phòng,2 phòng,Đã có sổ,"Nhà ngõ, hẻm",5 m,,"34,31 triệu/m²",,,,,16 m,tp-ho-chi-minh,"TRUNG CHÁNH - HÓC MÔN-4,5x16 CHỈ 2,47 TỶ. KHU DÂN CƯ YÊN TĨNH RẺ QUÁ.",,"AP MOI MY HUE, Xã Trung Chánh, Huyện Hóc Môn, Tp Hồ Chí MinhXem bản đồ",
93 m²,2 phòng,2 phòng,Đã có sổ,"Nhà mặt phố, mặt tiền",4 m,,"34,41 triệu/m²",,2,,,,tp-ho-chi-minh,NHÀ MẶT TIỀN LIỀN KỀ QL50- BÌNH CHÁNH-2TẦNG MỚI ĐẸP-GẦN100M2-RẺ 3.2TỶ.,,"Quốc lộ 50, Xã Phong Phú, Huyện Bình Chánh, Tp Hồ Chí MinhXem bản đồ",
45 m²,5 phòng,4 phòng,,"Nhà mặt phố, mặt tiền",4 m,168 m²,"137,78 triệu/m²",,,,,13 m,tp-ho-chi-minh,Chủ thiệt sự cần bán gấp nhà Phú Nhuận 5PN 4x13 3 lầu 6tyxx,,"Hẻm 86 Đường Thích Quảng Đức, Phường 5, Quận Phú Nhuận, Tp Hồ Chí MinhXem bản đồ",
180 m²,2 phòng,2 phòng,Đã có sổ,"Nhà mặt phố, mặt tiền",,,"91,67 triệu/m²",,2,,Nội thất đầy đủ,,tp-ho-chi-minh,Bán Gấp Nhà Mặt Tiền Hẻm Kinh Doanh Buôn Bán Ngang 10m Lê Văn Việt,,"Đường Lê Văn Việt, Phường Hiệp Phú (Quận 9 cũ), Thành phố Thủ Đức, Tp Hồ Chí MinhXem bản đồ",
80 m²,2 phòng,2 phòng,Đã có sổ,Nhà phố liền kề,,,"63,75 triệu/m²",,2,,Nội thất đầy đủ,,tp-ho-chi-minh,NHỈ NGANG 5 TỶ CÓ NHÀ KHU PHÂN LÔ KDC NAM LONG -BÌNH TÂN - 80M2 Ở NGAY,,"undefined, Phường An Lạc, Quận Bình Tân, Tp Hồ Chí MinhXem bản đồ",
77 m²,4 phòng,4 phòng,Đã có sổ,"Nhà ngõ, hẻm",4.4 m,,"161,04 triệu/m²",,3,,,,tp-ho-chi-minh,"Bán nhà riêng tại Đ.Bạch Đằng P.15, Bình Thạnh, HCM 77m2 12.4Tỷ",,"Đường Bạch Đằng, Phường 15, Quận Bình Thạnh, Tp Hồ Chí MinhXem bản đồ",
61 m²,2 phòng,2 phòng,Đã có sổ,"Nhà mặt phố, mặt tiền",,,"161,48 triệu/m²",,2,,Nội thất cao cấp,,tp-ho-chi-minh,MẶT TIỀN TÂN HƯƠNG NHỈNH 9 TỶ,,"Tân Hương, Phường Tân Quý, Quận Tân Phú, Tp Hồ Chí MinhXem bản đồ",
70 m²,10 phòng,Nhiều hơn 6 phòng,Đã có sổ,Nhà phố liền kề,,,"80,71 triệu/m²",,4,,Nội thất cao cấp,,tp-ho-chi-minh,BÁN CHDV 70M2 CHỈ NHỈNH 5 TỶ,,"Đường Bờ Bao Tân Thắng, Phường Sơn Kỳ, Quận Tân Phú, Tp Hồ Chí MinhXem bản đồ",
149.8999 m²,3 phòng,,Đã có sổ,"Nhà ngõ, hẻm",,,"39,36 triệu/m²",,,"Hẻm xe hơi,Nở hậu",Nội thất đầy đủ,,tp-ho-chi-minh,"Cần bán nhà mới 1trệt2lầu và dãy trọ 10phòng, HXH tránh, chỉ nhỉnh 5tỷ",,"Nguyễn Ảnh Thủ, Phường Hiệp Thành, Quận 12, Tp Hồ Chí MinhXem bản đồ",
61 m²,5 phòng,5 phòng,Đã có sổ,"Nhà ngõ, hẻm",,,"122,95 triệu/m²",,4,,Nhà trống,,tp-ho-chi-minh,Bán nhà 4 lầu Bình Trị Đông Bình Tân,,"Tỉnh lộ 10, Phường Bình Trị Đông B, Quận Bình Tân, Tp Hồ Chí MinhXem bản đồ",
55 m²,4 phòng,4 phòng,Đã có sổ,"Nhà ngõ, hẻm",,,"98,18 triệu/m²",Đông Nam,3,,,,tp-ho-chi-minh,"Chính chủ bán nhà 50m2 1 trệt 2 lầu 4PN 4WC, Nguyễn Xí, Bình Thạnh",,"Nguyễn Xí, Phường 13, Quận Bình Thạnh, Tp Hồ Chí MinhXem bản đồ",
80 m²,5 phòng,4 phòng,Đã có sổ,"Nhà mặt phố, mặt tiền",,,"153,75 triệu/m²",,4,,Nội thất cao cấp,,tp-ho-chi-minh,"🍀MT Bình Phú 2, ĐS 78, Căn góc 2 MT, DT 5,5x15, 5 tầng, Giá 12,3 tỷ TL",,"Bình Phú 2, Phường 10, Quận 6, Tp Hồ Chí MinhXem bản đồ",
80 m²,4 phòng,4 phòng,Đã có sổ,"Nhà mặt phố, mặt tiền",,,150 triệu/m²,,4,,Nội thất cao cấp,,tp-ho-chi-minh,"Bán nhà MT Đường Số 20, Bình Phú 1, DT 4x20 Trệt 3 lầu giá 12 tỷ TL",,"Đường Số 20, Phường 10, Quận 6, Tp Hồ Chí MinhXem bản đồ",
30 m²,4 phòng,3 phòng,Đã có sổ,"Nhà mặt phố, mặt tiền",,,150 triệu/m²,,4,,Nội thất cao cấp,,tp-ho-chi-minh,"Nhà xe 7 chỗ đỗ cửa, 1/ Chân Hưng-CMT8, 3.5x8 4 tầng chỉ 4,5 tỷ",,"Chấn Hưng, Phường 7, Quận Tân Bình, Tp Hồ Chí MinhXem bản đồ",
50 m²,4 phòng,5 phòng,Đã có sổ,Nhà phố liền kề,,,158 triệu/m²,Nam,4,,,,tp-ho-chi-minh,"Nhà góc 2 mặt tiền cực đẹp, Nguyễn Tư Giản, P.12, Gò Vấp",,"Nguyễn Tư Giản, Phường 12, Quận Gò Vấp, Tp Hồ Chí MinhXem bản đồ",
60 m²,4 phòng,3 phòng,Đã có sổ,"Nhà ngõ, hẻm",,,"62,5 triệu/m²",,4,,Nhà trống,,tp-ho-chi-minh,"chính chủ bán nhà 4 lầu huỳnh tấn phát quận 7, 60m2, giá 3.75 tỷ",,"Đường Huỳnh Tấn Phát, Phường Phú Mỹ, Quận 7, Tp Hồ Chí MinhXem bản đồ",
101 m²,5 phòng,4 phòng,Đã có sổ,"Nhà mặt phố, mặt tiền",,,"175,25 triệu/m²",Tây Bắc,3,,,,tp-ho-chi-minh,"- 220 nguyễn văn đậu, DT:3.6x29m, 2Lâù,SThượng(DTCN:101m2)",,"220, Nguyễn Văn Đậu, Phường 11, Quận Bình Thạnh, Tp Hồ Chí MinhXem bản đồ",
135 m²,4 phòng,4 phòng,Đã có sổ,"Nhà mặt phố, mặt tiền",6.5 m,,"40,74 triệu/m²",Tây Bắc,,,,,tp-ho-chi-minh,"Nhà 2 lầu DT 6.5m x 20m, MT Trung Lân 2, gần chợ Bà Điểm - Hóc Môn",,"Nguyễn Ảnh Thủ, Xã Bà Điểm, Huyện Hóc Môn, Tp Hồ Chí MinhXem bản đồ",
170 m²,3 phòng,1 phòng,Đã có sổ,"Nhà ngõ, hẻm",6 m,,"38,24 triệu/m²",,,,,28 m,tp-ho-chi-minh,"Bán nhà HXH, Tĩnh Lộ 43, P.Bình Chiểu, Thủ Đức. 6.5 tỷ/170m",,"Tỉnh lộ 43, Phường Bình Chiểu (Quận Thủ Đức cũ), Thành phố Thủ Đức, Tp Hồ Chí MinhXem bản đồ",
189 m²,8 phòng,Nhiều hơn 6 phòng,Đã có sổ,"Nhà mặt phố, mặt tiền",8.2299 m,,"71,43 triệu/m²",,,,,23 m,tp-ho-chi-minh,"Giảm giá từ 18 tỷ còn lại 13,5 tỷ TL MT Chợ Kinh doanh đa ngàng nghề",,"Huỳnh Thị Hai, Phường Tân Chánh Hiệp, Quận 12, Tp Hồ Chí MinhXem bản đồ",
620 m²,nhiều hơn 10 phòng,,Đã có sổ,"Nhà mặt phố, mặt tiền",10 m,,"59,68 triệu/m²",,,,,62 m,tp-ho-chi-minh,Bán dãy trọ gần trường THCS Hoa Lư Q9 DT620m2 tổng 40 phòng giá 37 tỷ,,"Tú Xương, Phường Tăng Nhơn Phú B (Quận 9 cũ), Thành phố Thủ Đức, Tp Hồ Chí MinhXem bản đồ",
60 m²,4 phòng,5 phòng,Đã có sổ,"Nhà ngõ, hẻm",,,"101,33 triệu/m²",,4,,Nội thất đầy đủ,,tp-ho-chi-minh,NHÀ ĐẸP 60m2 NỞ HẬU. NHÀ 4 LẦU HẺM NHỰA XE TẢI,,"Đường Lê Văn Quới, Phường Bình Hưng Hoà A, Quận Bình Tân, Tp Hồ Chí MinhXem bản đồ",
72 m²,4 phòng,4 phòng,Đã có sổ,"Nhà mặt phố, mặt tiền",,,"66,67 triệu/m²",,3,,Nội thất cao cấp,,tp-ho-chi-minh,BÁN NHÀ HXH 3 TẦNG DT72M NGANG 6M ĐƯỜNG SỐ 8 LINH XUÂN THỦ ĐỨC,,"Đường số 8, Phường Linh Xuân (Quận Thủ Đức cũ), Thành phố Thủ Đức, Tp Hồ Chí MinhXem bản đồ",
44 m²,6 phòng,Nhiều hơn 6 phòng,,"Nhà mặt phố, mặt tiền",,,"179,55 triệu/m²",Đông Bắc,4,,,,tp-ho-chi-minh,"Nhà phố 44m2-6PN tiện ở, kinh doanh CHDV -Nguyễn Văn Thương Bình Thạnh",,"Đường Nguyễn Văn Thương, Phường 25, Quận Bình Thạnh, Tp Hồ Chí MinhXem bản đồ",
48 m²,2 phòng,1 phòng,Đang chờ sổ,"Nhà ngõ, hẻm",,,"21,88 triệu/m²",Tây,2,,,,tp-ho-chi-minh,"Nhà 2/Võ Văn Vân,VLB,Bình Chánh.4x12m,lửng,hẻm 4m",,"Võ Văn Vân, Xã Vĩnh Lộc B, Huyện Bình Chánh, Tp Hồ Chí MinhXem bản đồ",
75 m²,3 phòng,,Đã có sổ,"Nhà mặt phố, mặt tiền",,,100 triệu/m²,,,"Hẻm xe hơi,Nở hậu",,,tp-ho-chi-minh,Mặt tiền hẻm xe hơi ngủ trong nhà gần EMat,,"Dương Quảng Hàm, Phường 5, Quận Gò Vấp, Tp Hồ Chí MinhXem bản đồ",
120 m²,2 phòng,,Đã có sổ,"Nhà ngõ, hẻm",,,"39,17 triệu/m²",,,Hẻm xe hơi,,,tp-ho-chi-minh,"💢Nhà , HẺM XE HƠI TỈNH LỘ 43, 120M2, Bình Chiểu , Thủ Đức 4,7 tỷ",,"Tỉnh lộ 43, Phường Bình Chiểu (Quận Thủ Đức cũ), Thành phố Thủ Đức, Tp Hồ Chí MinhXem bản đồ",
40 m²,3 phòng,,,"Nhà ngõ, hẻm",4 m,,"97,5 triệu/m²",,,,,10 m,tp-ho-chi-minh,"BÁN NHÀ 3 TẦNG, 4X10, HẺM XE HƠI, LẠC LONG QUÂN, TÂN BÌNH, NHỈNH 3 TỶ.",,"Đường Lạc Long Quân, Phường 8, Quận Tân Bình, Tp Hồ Chí MinhXem bản đồ",
50 m²,3 phòng,3 phòng,Đã có sổ,"Nhà ngõ, hẻm",,,98 triệu/m²,Đông Nam,3,,,,tp-ho-chi-minh,"NHÀ 3 TẦNG CẠNH VILLA PARK 4,9 TỶ",,"Bưng Ông Thoàn, Phường Phú Hữu (Quận 9 cũ), Thành phố Thủ Đức, Tp Hồ Chí MinhXem bản đồ",
50 m²,5 phòng,5 phòng,Đã có sổ,"Nhà mặt phố, mặt tiền",,,95 triệu/m²,,4,,Nội thất cao cấp,,tp-ho-chi-minh,Bán nhà đẹp gần mặt tiền Hương Lộ 2 Bình Tân 4 tầng 50m2 chỉ 4.75 tỷ,,"Hương Lộ 2, Phường Bình Trị Đông A, Quận Bình Tân, Tp Hồ Chí MinhXem bản đồ",
98 m²,5 phòng,,Đã có sổ,"Nhà ngõ, hẻm",5.5 m,,"120,41 triệu/m²",,,,,18 m,tp-ho-chi-minh,"QUẬN 10- HÒA HƯNG- 98M2(5,5×18)- 3 TẦNG- GIẢM CÒN 11,8TỶ",,"Hoà Hưng, Phường 13, Quận 10, Tp Hồ Chí MinhXem bản đồ",
60 m²,8 phòng,,Đã có sổ,"Nhà ngõ, hẻm",,,75 triệu/m²,,,,,,tp-ho-chi-minh,"QUẬN 10- HÒA HƯNG- 60M2- GIÁ CHỈ 4,5TỶ",,"Hoà Hưng, Phường 13, Quận 10, Tp Hồ Chí MinhXem bản đồ",
150 m²,5 phòng,,Đã có sổ,"Nhà ngõ, hẻm",7 m,,"133,33 triệu/m²",,,,,23 m,tp-ho-chi-minh,QUẬN 10- TÔ HIẾN THÀNH- 3 TẦNG 150M2( 7×23)- GIẢM 5TỶ Còn 20 TỶ,,"Đường Tô Hiến Thành, Phường 15, Quận 10, Tp Hồ Chí MinhXem bản đồ",
80 m²,4 phòng,3 phòng,,Nhà phố liền kề,5 m,,"81,25 triệu/m²",,3,,,76 m,tp-ho-chi-minh,BÁN NHÀ 3 TẦNG 80M2 PHONG PHÚ 4 BÌNH CHÁNH GẦN ĐẠI HỌC KINH TẾ 6.X TỶ,,"Đường Số 14, Xã Phong Phú, Huyện Bình Chánh, Tp Hồ Chí MinhXem bản đồ",
72 m²,3 phòng,,,"Nhà ngõ, hẻm",4 m,72 m²,"4,01 triệu/m²",,,,,18 m,tp-ho-chi-minh,"Bán nhà cấp 4 diện tích 4x18 giá 289 triệu, Bà Điểm , Hóc môn",,"Phan Văn Hớn, Xã Bà Điểm, Huyện Hóc Môn, Tp Hồ Chí MinhXem bản đồ",
40 m²,3 phòng,3 phòng,Đã có sổ,"Nhà ngõ, hẻm",4 m,,85 triệu/m²,,3,,,,tp-ho-chi-minh,"Sang gấp nhà Phan Xích Long, P16, Q11, 40m2, 3 tầng, chỉ 3,4tỷ",,"Phan Xích Long, Phường 16, Quận 11, Tp Hồ Chí MinhXem bản đồ",
60 m²,2 phòng,,,"Nhà ngõ, hẻm",4.5 m,,"103,33 triệu/m²",,2,,Nội thất đầy đủ,17 m,tp-ho-chi-minh,Bán nhà còn mới hẻm xe hơi 6m (4.5x17) đường Hậu Giang Q.6,,"Hậu Giang, Phường 12, Quận 6, Tp Hồ Chí MinhXem bản đồ",
48 m²,1 phòng,1 phòng,Đã có sổ,"Nhà ngõ, hẻm",,,"55,21 triệu/m²",,1,,Nội thất đầy đủ,,tp-ho-chi-minh,THỐNG NHẤT P15 GÒ VẤP_HẺM Ô TÔ_48M2_VUÔNG ĐẸP_CHỈ 2.65 TỶ,,"Đường Thống Nhất, Phường 15, Quận Gò Vấp, Tp Hồ Chí MinhXem bản đồ",
50 m²,2 phòng,2 phòng,Đã có sổ,"Nhà ngõ, hẻm",,,70 triệu/m²,,1,,,,tp-ho-chi-minh,"BÁN GẤP 1 LẦU HẺM MAI XUÂN THƯỞNG, QUẬN 6",,"Mai Xuân Thưởng, Phường 4, Quận 6, Tp Hồ Chí MinhXem bản đồ",
151 m²,6 phòng,6 phòng,Đã có sổ,"Nhà mặt phố, mặt tiền",,,"45,03 triệu/m²",,1,,Nội thất cao cấp,,tp-ho-chi-minh,"bán nhà mặt tiền đường Lê thị hoa bình chiểu thủ Đức DT151m rẻ 6,8 tỷ",,"Đường Lê Thị Hoa, Phường Bình Chiểu (Quận Thủ Đức cũ), Thành phố Thủ Đức, Tp Hồ Chí MinhXem bản đồ",
24 m²,2 phòng,2 phòng,Đã có sổ,"Nhà ngõ, hẻm",,,"233,33 triệu/m²",,4,,Nội thất cao cấp,,tp-ho-chi-minh,"Bán nhà hẻm xe hơi gần mt Lê Hồng Phong,p2, Quận 10 nhà 4 tầng đúc",,"Lê Hồng Phong, Phường 2, Quận 10, Tp Hồ Chí MinhXem bản đồ",
36 m²,3 phòng,2 phòng,Đã có sổ,"Nhà ngõ, hẻm",4.5 m,,"94,44 triệu/m²",,2,,,,tp-ho-chi-minh,"Bán nhà hẻm, ngang 4m5, đường Lũy Bán Bích, quận Tân Phú",,"Lũy Bán Bích, Phường Tân Thới Hòa, Quận Tân Phú, Tp Hồ Chí MinhXem bản đồ",
40 m²,3 phòng,3 phòng,Đã có sổ,"Nhà mặt phố, mặt tiền",,,"62,5 triệu/m²",Tây,4,,,,tp-ho-chi-minh,"Chính chủ bán gấp căn nhà mới 3 lầu ngay Lê Trọng Tấn,đường 8m, 2,6 tỷ",,"Đường Số 2, Phường Bình Hưng Hoà B, Quận Bình Tân, Tp Hồ Chí MinhXem bản đồ",
24.1 m²,3 phòng,2 phòng,Đã có sổ,Nhà phố liền kề,3.21 m,,"143,15 triệu/m²",,2,,,,tp-ho-chi-minh,"Bán Nhà 2tầng, nguyễn văn quỳ , Q7 , giá nhĩnh 3tỷ",,"Đường Nguyễn Văn Quỳ, Phường Phú Thuận, Quận 7, Tp Hồ Chí MinhXem bản đồ",
50 m²,4 phòng,4 phòng,Đã có sổ,"Nhà mặt phố, mặt tiền",,,230 triệu/m²,,4,,Nội thất cao cấp,,tp-ho-chi-minh,"Bán Nhà Khu K300_Vị trí KD Sầm Uất_ Đường10m, Nhà Mới_Chỉ 11.5 Tỷ TL",,"Nguyễn Thái Bình, Phường 12, Quận Tân Bình, Tp Hồ Chí MinhXem bản đồ",
80 m²,3 phòng,2 phòng,Đã có sổ,"Nhà mặt phố, mặt tiền",5 m,,"9,75 triệu/m²",,,,Nội thất cao cấp,,tp-ho-chi-minh,NHÀ NGỘP BÌNH CHÁNH ẤP 3 QUI ĐỨC QUỐC LỘ 50,,"Đường Nguyễn Văn Long, Xã Quy Đức, Huyện Bình Chánh, Tp Hồ Chí MinhXem bản đồ",
82 m²,2 phòng,2 phòng,Đã có sổ,"Nhà mặt phố, mặt tiền",,,"8,54 triệu/m²",,1,,Nhà trống,,tp-ho-chi-minh,CẦN BÁN GẤP CĂN NHÀ TRONG THÁNG 700Tr SHR ĐƯỜNG ĐOÀN NGUYỄN TUẤN,,"Đoàn Nguyễn Tuấn, Xã Hưng Long, Huyện Bình Chánh, Tp Hồ Chí MinhXem bản đồ",
26 m²,4 phòng,4 phòng,,"Nhà ngõ, hẻm",3.5 m,,"173,08 triệu/m²",,5,,,7.5 m,tp-ho-chi-minh,"Bán nhà CHÍNh CHỦ Ở NGAY-VỊ TRÍ KINH DOANH-HXH 6m Tân Bình Giá 4,5 tỷ",,"Lạc Long Quân, Phường 9, Quận Tân Bình, Tp Hồ Chí MinhXem bản đồ",
1 m²,2 phòng,2 phòng,Đã có sổ,"Nhà ngõ, hẻm",,,"1,69 tỷ/m²",,1,,Nội thất cao cấp,,tp-ho-chi-minh,"GIÁ SIÊU HẠT DẺ, CHỈ 1,69 TỶ NHÀ HXH 1/ ĐỖ THỪA LUÔNG, DT 100M2 2PN",,"Đỗ Thừa Luông, Phường Tân Quý, Quận Tân Phú, Tp Hồ Chí MinhXem bản đồ",
1 m²,4 phòng,3 phòng,Đã có sổ,"Nhà ngõ, hẻm",,,"2,09 tỷ/m²",,2,,Nội thất cao cấp,,tp-ho-chi-minh,"NHÀ ĐẸP GIẢM MẠNH 1,2 TỶ BÁN GẤP . NHÀ CHÍNH CHỦ 1T2L+ST 4PN 224M2",,"Phú Thọ Hoà, Phường Phú Thọ Hòa, Quận Tân Phú, Tp Hồ Chí MinhXem bản đồ",
114 m²,8 phòng,Nhiều hơn 6 phòng,,"Nhà ngõ, hẻm",5.5 m,,"59,65 triệu/m²",Bắc,,,Nội thất đầy đủ,,tp-ho-chi-minh,"Nhà 2 lầu , DT 5,5x22 , 8PN , 7WC , Trần xuân soạn, tân kiểng, 6ty8",,"Trần Xuân Soạn, Phường Tân Kiểng, Quận 7, Tp Hồ Chí MinhXem bản đồ",
72.8 m²,3 phòng,2 phòng,Đã có sổ,"Nhà ngõ, hẻm",,,"75,55 triệu/m²",Tây,2,,,,tp-ho-chi-minh,Bán nhà 1 lầu hẻm 92 vườn lài. 8mx9m,,"Hẻm 92 Vườn Lài, Phường An Phú Đông, Quận 12, Tp Hồ Chí MinhXem bản đồ",
82 m²,3 phòng,,Đã có sổ,"Nhà mặt phố, mặt tiền",5 m,,"54,88 triệu/m²",,,,,17 m,tp-ho-chi-minh,"NHÀ XƯỞNG, HÀ HUY GIÁP QUẬN 12- NGÂN HÀNG DÍ NHỜ BÁN GẤP. NHĨNH 4TỶ.",,"Hà Huy Giáp, Phường Thạnh Xuân, Quận 12, Tp Hồ Chí MinhXem bản đồ",
60 m²,4 phòng,4 phòng,,"Nhà ngõ, hẻm",4 m,,90 triệu/m²,,4,,,15 m,tp-ho-chi-minh,"Nhà đường xe tải, 4 tầng, 190m2, chỉ 5.4 tỷ",,"Đường Số 5, Phường Bình Hưng Hòa, Quận Bình Tân, Tp Hồ Chí MinhXem bản đồ",
72 m²,5 phòng,,Đã có sổ,"Nhà mặt phố, mặt tiền",,,"381,94 triệu/m²",,,,,,tp-ho-chi-minh,Cần bán nhà MT cực VIP Bàn Cờ Quận 3 nhà 4x18m Trệt 5 tầng 27.5 tỷ,,"Bàn Cờ, Phường 4, Quận 3, Tp Hồ Chí MinhXem bản đồ",
36 m²,4 phòng,3 phòng,Đã có sổ,"Nhà ngõ, hẻm",,,"69,44 triệu/m²",Tây,3,,,,tp-ho-chi-minh,"Bánh nhà 3 lầu, 2 tỷ 5 thương lượng, bán nhanh trước Tết !!!",,"Hẻm 118/71 Liên khu 5-6, Phường Bình Hưng Hoà B, Quận Bình Tân, Tp Hồ Chí MinhXem bản đồ",
48 m²,2 phòng,2 phòng,Đã có sổ,"Nhà ngõ, hẻm",3 m,,"60,42 triệu/m²",,,,,9 m,tp-ho-chi-minh,"NHÀ MỚI VÀO Ở NGAY 48m2, 2 TẦNG, HẺM 4M, LÊ VĂN QƯỚI.",,"Đường Số 14, Phường Bình Hưng Hoà A, Quận Bình Tân, Tp Hồ Chí MinhXem bản đồ",
76 m²,4 phòng,2 phòng,Đã có sổ,"Nhà ngõ, hẻm",,,50 triệu/m²,,2,,Nội thất cao cấp,,tp-ho-chi-minh,BÌNH TÂN - 76M2 - 4PN - HẺM XE HƠI - CHỈ 3 TỶ HƠN - TẶNG FULL NỘI THẤT,,"Liên Khu 4-5, Phường Bình Hưng Hoà B, Quận Bình Tân, Tp Hồ Chí MinhXem bản đồ",
66 m²,5 phòng,6 phòng,,"Nhà ngõ, hẻm",4 m,,"86,36 triệu/m²",,,Hẻm xe hơi,,16.5 m,tp-ho-chi-minh,"Nhà 5 tầng, đường xe tải tránh ngang 4m dài 16.5m",,"Mã Lò, Phường Bình Trị Đông A, Quận Bình Tân, Tp Hồ Chí MinhXem bản đồ",
57 m²,4 phòng,5 phòng,Đã có sổ,"Nhà ngõ, hẻm",,,"121,05 triệu/m²",,3,,Nội thất cao cấp,,tp-ho-chi-minh,Nhà đẹp hẻm xe hơi phường 8 Gò vấp,,"Quang Trung, Phường 8, Quận Gò Vấp, Tp Hồ Chí MinhXem bản đồ",
110 m²,3 phòng,,Đã có sổ,"Nhà ngõ, hẻm",7.5 m,,"74,55 triệu/m²",,3,,Nhà trống,,tp-ho-chi-minh,BÁN NHÀ ĐI MỸ GIÁP PHÚ NHUẬN NGANG KHỦNG 7.5M ( 110m2 ) CHỈ 8.2 TL,,"Đường số 7, Phường 7, Quận Gò Vấp, Tp Hồ Chí MinhXem bản đồ",
35 m²,2 phòng,2 phòng,Đã có sổ,"Nhà ngõ, hẻm",5.8 m,,"35,43 triệu/m²",,2,,,,tp-ho-chi-minh,NHÀ NHỎ SỔ RIÊNG 35M2 1 TRỆT 1 LẦU 2PN 2WC GẦN CẦU GẠCH DƠI,,"Lê Văn Lương, Xã Nhơn Đức, Huyện Nhà Bè, Tp Hồ Chí MinhXem bản đồ",
70 m²,4 phòng,2 phòng,Đã có sổ,"Nhà ngõ, hẻm",4 m,,"48,57 triệu/m²",,2,,,,tp-ho-chi-minh,𝐍𝐡à 𝐃𝐓.𝐑ộ𝐧𝐠 𝟒𝐱𝟏𝟕 𝐇ẻ𝐦 ô𝐭ô 𝟐𝐓Ầ𝐍𝐆 𝐐.𝟕 𝟑.𝟒𝐓ỷ,,"Huỳnh Tấn Phát, Phường Tân Phú, Quận 7, Tp Hồ Chí MinhXem bản đồ",
35 m²,2 phòng,2 phòng,Đã có sổ,"Nhà ngõ, hẻm",4.3 m,,"78,57 triệu/m²",,2,,,,tp-ho-chi-minh,BÁN NHÀ MỚI ĐẸP 35M2 1 TRỆT 1 LẦU 289 BÌNH ĐÔNG,,"Bình ĐÔNG, Phường 14, Quận 8, Tp Hồ Chí MinhXem bản đồ",
60 m²,3 phòng,,,"Nhà ngõ, hẻm",,,"98,33 triệu/m²",,,,,,tp-ho-chi-minh,Nhà nguyễn văn công hẻm xe tải 1 sẹc dt 4x15m,,"Nguyễn Văn Công, Phường 3, Quận Gò Vấp, Tp Hồ Chí MinhXem bản đồ",
40 m²,2 phòng,2 phòng,Đã có sổ,"Nhà ngõ, hẻm",,,115 triệu/m²,,2,,,,tp-ho-chi-minh,"NHÀ MỚI ĐẸP VƯỜN LÀI TÂN PHÚ HẺM XE HƠI- 40M2 - 2TẦNG - 2 PNGỦ - 4,6TỶ",,"Vườn Lài, Phường Phú Thọ Hòa, Quận Tân Phú, Tp Hồ Chí MinhXem bản đồ",
44 m²,5 phòng,4 phòng,Đã có sổ,"Nhà ngõ, hẻm",,,"152,27 triệu/m²",,4,,Nội thất đầy đủ,,tp-ho-chi-minh,"Đối Diện CityLand Hẻm Xe Hơi, 4T, 5PN, Đường Phan Văn Trị, Q.Gò Vấp",,"Phan Văn Trị, Phường 5, Quận Gò Vấp, Tp Hồ Chí MinhXem bản đồ",
20.1 m²,2 phòng,2 phòng,Đã có sổ,"Nhà ngõ, hẻm",,,"149,25 triệu/m²",Đông Bắc,1,,,,tp-ho-chi-minh,Chủ Ngộp Cần Bán Gấp Căn Nhà Đẹp Giá Rẻ Khu Vực P11 Q Bình Thạnh,,"Đường Phan Văn Trị, Phường 11, Quận Bình Thạnh, Tp Hồ Chí MinhXem bản đồ",
42.2 m²,2 phòng,2 phòng,Đã có sổ,"Nhà ngõ, hẻm",,,"90,05 triệu/m²",Nam,2,,,,tp-ho-chi-minh,🔴Nhà mới 2 tầng hẻm 109 Dương Bá Trạc P1Q8 giá 3.8 tỷ,,"Dương Bá Trạc, Phường 1, Quận 8, Tp Hồ Chí MinhXem bản đồ",
28 m²,1 phòng,1 phòng,Giấy tờ khác,"Nhà ngõ, hẻm",,,"23,21 triệu/m²",Tây Bắc,1,,,,tp-ho-chi-minh,Can ban gap,,"Trần Xuân Soạn, Phường Tân Hưng, Quận 7, Tp Hồ Chí MinhXem bản đồ",
116 m²,6 phòng,5 phòng,Đã có sổ,"Nhà mặt phố, mặt tiền",,,"60,34 triệu/m²",Nam,4,,,,tp-ho-chi-minh,"TÂN BÌNH - MẶT TIỀN - 116M2 - 9,5 X 12 - 4 TẦNG - CHỈ 7 TỶ",,"trần thái tông, Phường 15, Quận Tân Bình, Tp Hồ Chí MinhXem bản đồ",
34 m²,2 phòng,2 phòng,Đã có sổ,"Nhà ngõ, hẻm",,,100 triệu/m²,,2,,Nhà trống,,tp-ho-chi-minh,NHÀ MỚI ĐẸP- HẺM Ô TÔ- 2 TẦNG- ĐƯỜNG SỐ 11- BHH- BÌNH TÂN- 3 TỶ 400.,,"Đường số 11, Phường Bình Hưng Hòa, Quận Bình Tân, Tp Hồ Chí MinhXem bản đồ",
55 m²,5 phòng,4 phòng,Đã có sổ,Nhà biệt thự,,,"126,55 triệu/m²",,4,,Nội thất đầy đủ,,tp-ho-chi-minh,"🏡 55m2 - Âu Cơ - Tân Bình - 4 tầng - Giá 6,x tỷ",,"Đường Âu Cơ, Phường 14, Quận Tân Bình, Tp Hồ Chí MinhXem bản đồ",
80 m²,4 phòng,5 phòng,Đã có sổ,"Nhà mặt phố, mặt tiền",,,"89,88 triệu/m²",,,"Hẻm xe hơi,Nở hậu",Nội thất cao cấp,,tp-ho-chi-minh,Nhà phố 3 lầu KDC Hiệp Thành city đã có sổ hồng Nguyễn Thị Búp,,"Nguyễn Thị Búp, Phường Hiệp Thành, Quận 12, Tp Hồ Chí MinhXem bản đồ",
90 m²,3 phòng,3 phòng,Đã có sổ,"Nhà ngõ, hẻm",,,"41,11 triệu/m²",,3,,Nội thất đầy đủ,,tp-ho-chi-minh,"Bán nhà HXH, 90m2 x 3T, 3PN, chỉ 3.7 tỷ, Thạnh xuân 52, quận 12.",,"Thạnh Xuân 52, Phường Thạnh Xuân, Quận 12, Tp Hồ Chí MinhXem bản đồ",
36 m²,2 phòng,2 phòng,Đã có sổ,"Nhà ngõ, hẻm",,,75 triệu/m²,,2,,Nội thất đầy đủ,,tp-ho-chi-minh,NHÀ ĐƯỜNG SỔ 25- TÂN QUY- 36m2- 4x9m- KO QH- GIÁ 2.7tỷ,,"Đường Số 25, Phường Tân Quy, Quận 7, Tp Hồ Chí MinhXem bản đồ",
67 m²,3 phòng,2 phòng,,"Nhà ngõ, hẻm",5.3 m,,"52,24 triệu/m²",,2,,,13 m,tp-ho-chi-minh,"Bán nhà phố đường 102(Lã xuân Oai), P.TNP A, Q.9, 67m2, 2 tầng, 3.5Tỷ",,"đường 102, Phường Tăng Nhơn Phú A (Quận 9 cũ), Thành phố Thủ Đức, Tp Hồ Chí MinhXem bản đồ",
82 m²,4 phòng,,Đã có sổ,"Nhà ngõ, hẻm",4.5 m,,"75,61 triệu/m²",,,,Nội thất đầy đủ,18 m,tp-ho-chi-minh,Phan Anh 82 4 tầng 4.5x18 hẻm 8m giá chỉ 6.2 tỷ TL,,"Phan Anh, Phường Bình Trị Đông, Quận Bình Tân, Tp Hồ Chí MinhXem bản đồ",
35 m²,2 phòng,2 phòng,Đã có sổ,"Nhà ngõ, hẻm",,,"99,71 triệu/m²",Tây Nam,2,,,,tp-ho-chi-minh,bán nhà mơi xây xong p3 nguyễn văn công đường xe hơi thông,,"Nguyễn Văn Công, Phường 3, Quận Gò Vấp, Tp Hồ Chí MinhXem bản đồ",
35 m²,2 phòng,1 phòng,,"Nhà ngõ, hẻm",4 m,,60 triệu/m²,,2,,,9 m,tp-ho-chi-minh,"NHÀ ĐƯỜNG LÊ THỊ HOA BÌNH CHIỂU THỦ ĐỨC 2TẦNG 2PN,DT:35M2",,"Đường Lê Thị Hoa, Phường Bình Chiểu (Quận Thủ Đức cũ), Thành phố Thủ Đức, Tp Hồ Chí MinhXem bản đồ",
44 m²,5 phòng,5 phòng,Đã có sổ,"Nhà ngõ, hẻm",,,100 triệu/m²,Đông Nam,3,,,,tp-ho-chi-minh,Căn Hộ Dịch Vụ Full Nội Thất Cao Cấp Thu Nhập 25 Triệu/Tháng,,"1/, Lò Gốm, Phường 8, Quận 6, Tp Hồ Chí MinhXem bản đồ",
36 m²,2 phòng,2 phòng,Đã có sổ,"Nhà mặt phố, mặt tiền",,,"6,94 triệu/m²",Nam,1,,,,tp-ho-chi-minh,Bán nhà 250tr gần hóc môn nhà mặt tiền,,"Nguyễn Văn Bứa, Xã Xuân Thới Thượng, Huyện Hóc Môn, Tp Hồ Chí MinhXem bản đồ",
62 m²,3 phòng,2 phòng,Đã có sổ,"Nhà ngõ, hẻm",,,"72,58 triệu/m²",Nam,2,,,,tp-ho-chi-minh,"Nhà Bán hẻm 6m thông, 2 tầng. 5m x12m, nở hậu. BT. Nhỉnh 4ty",,"Đường Bình Trị Đông, Phường Bình Trị Đông, Quận Bình Tân, Tp Hồ Chí MinhXem bản đồ",
41 m²,2 phòng,2 phòng,Đã có sổ,"Nhà mặt phố, mặt tiền",4 m,,"62,2 triệu/m²",,,,,10 m,tp-ho-chi-minh,Chính chủ bán căn nhà 2/ Lê Cơ và Bùi Tư Toàn nhà gác lửng dt 4 x10,,"Đường Lê Cơ, Phường An Lạc, Quận Bình Tân, Tp Hồ Chí MinhXem bản đồ",
32 m²,nhiều hơn 10 phòng,3 phòng,Đã có sổ,"Nhà ngõ, hẻm",4 m,,"85,94 triệu/m²",,2,,,,tp-ho-chi-minh,NHÀ MỚI ĐẸP PVC - 2 TẤNG BTCT - AN NINH - NHIỀU TIỆN ÍCH XUNG QUANH,,"PHẠM VĂN CHIÊU, Phường 14, Quận Gò Vấp, Tp Hồ Chí MinhXem bản đồ",
55 m²,2 phòng,2 phòng,Đã có sổ,"Nhà mặt phố, mặt tiền",,,"24,55 triệu/m²",,1,,Nhà trống,,tp-ho-chi-minh,Nợ Ngân Hàng Bán Gấp nhà Bình Tân 55m2 giá: 1tỷ 350tr,,"Trần Đại Nghĩa, Phường Tân Tạo A, Quận Bình Tân, Tp Hồ Chí MinhXem bản đồ",
