Diện tích đất:,Số phòng ngủ:,Số phòng vệ sinh:,Giấy tờ pháp lý:,Loại hình nhà ở:,Chiều ngang:,Diện tích sử dụng:,Giá/m2:,Hướng cửa chính:,Tổng số tầng:,Đặc điểm nhà/đất:,Tình trạng nội thất:,Chiều dài:,Location,Name,URL,District,Price
40 m²,3 phòng,3 phòng,Đã có sổ,"Nhà ngõ, hẻm",,,"131,25 triệu/m²",Tây Bắc,5,,,,ha-noi,BÁN NHÀ MỚI XUÂN LA 40M X 5T MT4.5 Chỉ HƠN 5TỶ,,"Đường Xuân La, Phường Xuân La, Quận Tây Hồ, Hà NộiXem bản đồ",
47 m²,2 phòng,3 phòng,Đã có sổ,"Nhà ngõ, hẻm",,,"120,21 triệu/m²",,3,,Nội thất đầy đủ,,ha-noi,"Chủ bán gấp nhà phố Thái Thịnh, 47m, 4 tầng, gần trường, siêu thị. 5ty",,"Phố Thái Thịnh, Phường Thịnh Quang, Quận Đống Đa, Hà NộiXem bản đồ",
41 m²,6 phòng,4 phòng,Đã có sổ,"Nhà ngõ, hẻm",,,"131,71 triệu/m²",,4,,Nội thất đầy đủ,,ha-noi,"Bán gấp nhà phố Nguyễn Tuân, 4 tầng, 6 ngủ, gần phố. Nhỉnh 5 tỷ",,"Nguyễn Tuân, Phường Nhân Chính, Quận Thanh Xuân, Hà NộiXem bản đồ",
35 m²,4 phòng,5 phòng,Đã có sổ,"Nhà ngõ, hẻm",,35 m²,"174,29 triệu/m²",,,,,,ha-noi,"6.1 TỶ, 6 TẦNG THANG MÁY LẠC LONG QUÂN, VIEW HỒ, GẦN Ô TÔ, NHÀ ĐẸP ĐÓN",,"Lạc Long Quân, Phường Nghĩa Đô, Quận Cầu Giấy, Hà NộiXem bản đồ",
50 m²,4 phòng,5 phòng,Đã có sổ,"Nhà ngõ, hẻm",,,100 triệu/m²,,4,,Nội thất đầy đủ,,ha-noi,"BÁN NHÀ ĐỘI CẤN, DÂN XÂY CHẮC CHẮN, Ở NGAY, 30M RA PHỐ, 50M2, 5 TỶ.",,"Phố Đội Cấn, Phường Liễu Giai, Quận Ba Đình, Hà NộiXem bản đồ",
49 m²,4 phòng,5 phòng,Đã có sổ,"Nhà ngõ, hẻm",,,"102,04 triệu/m²",,4,,Nội thất đầy đủ,,ha-noi,"BA ĐÌNH, NHÀ DÂN XÂY, 30M RA PHỐ, NGÕ BAGAC PHI ẦM ẦM, 49M, CHỈ 5 TỶ.",,"Ngõ 285 Đội Cấn, Phường Liễu Giai, Quận Ba Đình, Hà NộiXem bản đồ",
60 m²,3 phòng,3 phòng,Đã có sổ,"Nhà ngõ, hẻm",,,"113,33 triệu/m²",,4,,,,ha-noi,NHÀ GẦN PHỐ - CHỖ Ở GẦN NHIỀU TIỆN ÍCH.,,"Đội Cấn, Phường Đội Cấn, Quận Ba Đình, Hà NộiXem bản đồ",
65 m²,6 phòng,,,"Nhà ngõ, hẻm",,,"195,38 triệu/m²",,,,,,ha-noi,"Bán nhà Phạm Tuấn Tài. Phân lô cao cấp, ô tô dừng đỗ. 65m - 12,7 Tỷ.",,"Phạm Tuấn Tài, Phường Cổ Nhuế 1, Quận Bắc Từ Liêm, Hà NộiXem bản đồ",
50 m²,4 phòng,,Đã có sổ,"Nhà ngõ, hẻm",,,100 triệu/m²,,,,,,ha-noi,"BÁN NHÀ TAM TRINH 50M, 5 TẦNG CHỈ 5 TỶ, CHỦ CẦN BÁN GẤP",,"Ngõ 139 Đường Tam Trinh, Phường Mai Động, Quận Hoàng Mai, Hà NộiXem bản đồ",
60 m²,4 phòng,,Đã có sổ,"Nhà mặt phố, mặt tiền",5 m,,"158,33 triệu/m²",,6,Hẻm xe hơi,,,ha-noi,"BÁN NHÀ KHO ĐẤU GIÁ MẬU LƯƠNG HÀ ĐÔNG, 60M, 6T, MT5M, GIÁ 9,5 TỶ",,"Phố Mậu Lương, Phường Kiến Hưng, Quận Hà Đông, Hà NộiXem bản đồ",
32 m²,3 phòng,,Đã có sổ,"Nhà ngõ, hẻm",,,"170,31 triệu/m²",,5,,,,ha-noi,Giá trị-Không gian sống Trích Sài Lạc Long Quân ViewHồ Tây 5T 5 tỷ 45.,,"Lạc Long Quân, Phường Xuân La, Quận Tây Hồ, Hà NộiXem bản đồ",
40 m²,4 phòng,,Đã có sổ,"Nhà ngõ, hẻm",,,85 triệu/m²,,,Hẻm xe hơi,,,ha-noi,"CC BÁN NHÀ, TRỊNH VĂN BÔ, LÔ GÓC, Ô TÔ VÀO, 40M2, 5TẦNG, GIÁ 3,4 TỶ",,"Phố Trịnh Văn Bô, Phường Phương Canh, Quận Nam Từ Liêm, Hà NộiXem bản đồ",
38 m²,4 phòng,,,"Nhà ngõ, hẻm",,,"92,11 triệu/m²",,,,,,ha-noi,Nhà Xuân La 3.5 tỷ Rẻ Nhất Trong Tầm Giá,,"Đường Xuân La, Phường Xuân La, Quận Tây Hồ, Hà NộiXem bản đồ",
60 m²,5 phòng,4 phòng,Đã có sổ,"Nhà mặt phố, mặt tiền",,,"297,67 triệu/m²",,7,,Nội thất cao cấp,,ha-noi,"Siêu hiếm và đẹp Hồng Tiến 60 m2, MT 6m,7 tầng,thang máy ,giá17.86 tỷ",,"Ái Mộ, Phường Bồ Đề, Quận Long Biên, Hà NộiXem bản đồ",
35 m²,3 phòng,,,"Nhà ngõ, hẻm",,,"113,71 triệu/m²",,,,,,ha-noi,"Bán nhà kim giang 35m2 x mt 3,5m, nhà dân xây, cách 1nhà ra ô tô 5 tạ",,"Kim Giang, Phường Kim Giang, Quận Thanh Xuân, Hà NộiXem bản đồ",
55 m²,4 phòng,5 phòng,Đã có sổ,"Nhà ngõ, hẻm",,55 m²,"163,45 triệu/m²",,7,,,,ha-noi,Võng Thị - Tây Hồ 55m2 x 7 Tầng Thang Máy - 10m Ra Phố - 2 Thoáng,,"Võng Thị, Phường Bưởi, Quận Tây Hồ, Hà NộiXem bản đồ",
33 m²,4 phòng,3 phòng,Đã có sổ,"Nhà mặt phố, mặt tiền",,,"77,27 triệu/m²",,4,,Nội thất cao cấp,,ha-noi,Nhà đẹp an trai vân canh.,,"Ngõ 43 Đường An Trai, Xã Vân Canh, Huyện Hoài Đức, Hà NộiXem bản đồ",
55 m²,10 phòng,,Đã có sổ,"Nhà ngõ, hẻm",4 m,450 m²,"203,64 triệu/m²",,,,,14 m,ha-noi,"Toà nhà 7,5 tầng mới tinh để ở kết hợp căn hộ cho thuê, Trần thái tông",,"dịch vọng hậu, Phường Dịch Vọng Hậu, Quận Cầu Giấy, Hà NộiXem bản đồ",
42 m²,nhiều hơn 10 phòng,,,"Nhà ngõ, hẻm",,,"145,24 triệu/m²",,,Hẻm xe hơi,,,ha-noi,"Hiếm có khó tìm! Toà CHDV gần ĐH Bách Kinh Xây, thang máy 7 tầng 12 PN",,"Phố Mạc Thị Bưởi, Phường Vĩnh Tuy, Quận Hai Bà Trưng, Hà NộiXem bản đồ",
42 m²,4 phòng,,,"Nhà mặt phố, mặt tiền",,,"190,48 triệu/m²",,,,,,ha-noi,NHÀ MỚI - GARA - THANG MÁY - TẦNG 8 VIEW HỒ TÂY,,"Phố Tứ Liên, Phường Tứ Liên, Quận Tây Hồ, Hà NộiXem bản đồ",
74 m²,3 phòng,,Đã có sổ,"Nhà ngõ, hẻm",,74 m²,"85,14 triệu/m²",,4,,Nội thất đầy đủ,,ha-noi,"Bán nhà Mỗ Lao, Hà Đông, diện tích rộng ở sướng, 74m2, 6.3 tỷ",,"Đường Trần Phú, Phường Mộ Lao, Quận Hà Đông, Hà NộiXem bản đồ",
42 m²,4 phòng,3 phòng,Đã có sổ,"Nhà ngõ, hẻm",,,"123,81 triệu/m²",,4,,Nội thất đầy đủ,,ha-noi,"Bán nhà Lê Đức Thọ, Lô Góc 2 Mặt Thoáng - Ô Tô Đỗ Cửa 42m2 x 4T.",,"Đường Lê Đức Thọ, Phường Mỹ Đình 1, Quận Nam Từ Liêm, Hà NộiXem bản đồ",
35 m²,3 phòng,4 phòng,Đã có sổ,"Nhà ngõ, hẻm",4.1 m,,"111,43 triệu/m²",,,,Nội thất đầy đủ,,ha-noi,NHÀ MINH KHAI - NGÕ RỘNG THOÁNG - GẦN PHỐ- Ở NGAY,,"Hoà Bình 7, Phường Minh Khai, Quận Hai Bà Trưng, Hà NộiXem bản đồ",
55 m²,5 phòng,4 phòng,Đã có sổ,"Nhà ngõ, hẻm",,,"190,91 triệu/m²",Đông Nam,5,,,,ha-noi,HIẾM ! TRUNG PHỤNG ĐỐNG ĐA - NHÀ ĐẸP - MẶT TIỀN RỘNG - GARA OTO 7 CHỖ,,"Phố Trung Phụng, Phường Trung Phụng, Quận Đống Đa, Hà NộiXem bản đồ",
39 m²,4 phòng,,,"Nhà ngõ, hẻm",,,100 triệu/m²,,,,,,ha-noi,"Bán nhà phân lô ngõ 38 Xuân La diện tích 39 m2, 4 tầng, giá 3.9 tỷ",,"38 Xuan La, Phường Xuân La, Quận Tây Hồ, Hà NộiXem bản đồ",
49 m²,4 phòng,3 phòng,Đã có sổ,"Nhà ngõ, hẻm",,,"84,69 triệu/m²",,4,,Nhà trống,,ha-noi,"Bán nhà Kim Giang Cầu Lủ 48m 4 tầng chỉ 4,15 tỷ còn thương lượng.",,"Kim Giang, Phường Đại Kim, Quận Hoàng Mai, Hà NộiXem bản đồ",
62 m²,6 phòng,4 phòng,Đã có sổ,"Nhà mặt phố, mặt tiền",4.4 m,,"188,71 triệu/m²",,5,,,,ha-noi,"Bán nhà tại phố DƯƠNG QUẢNG HÀM, quan hoa cầu giấy hà nội",,"dương quảng hàm, Phường Quan Hoa, Quận Cầu Giấy, Hà NộiXem bản đồ",
20 m²,3 phòng,,Đã có sổ,"Nhà ngõ, hẻm",,20 m²,"92,5 triệu/m²",,5,Nở hậu,,,ha-noi,Bán nhà Hoàng Đạo Thành 15m ra ô tô 21m2 giá 1.85tỷ,,"Hoàng Đạo Thành, Phường Kim Giang, Quận Thanh Xuân, Hà NộiXem bản đồ",
36 m²,3 phòng,4 phòng,Đã có sổ,Nhà phố liền kề,,,"111,11 triệu/m²",,5,,Nội thất cao cấp,,ha-noi,BÁN NHÀ HOÀNG HOA THÁM- TRUNG TÂM BA ĐÌNH-36M2-5TẦNG-NHỈNH 4 TỶ-LÔ GÓC,,"Hoàng Hoa Thám, Phường Vĩnh Phúc, Quận Ba Đình, Hà NộiXem bản đồ",
70 m²,3 phòng,3 phòng,Đã có sổ,"Nhà mặt phố, mặt tiền",,,"67,14 triệu/m²",,4,Hẻm xe hơi,,,ha-noi,nhà đẹp sẵn ở,,"23B, Xã Vân Nội, Huyện Đông Anh, Hà NộiXem bản đồ",
30 m²,3 phòng,,Đã có sổ,"Nhà ngõ, hẻm",3.3 m,,"132,67 triệu/m²",,4,,Nhà trống,,ha-noi,"Hiếm! Nhỉnh 3 tỷ, nhà mặt ngõ Tây Sơn, sát phố, 2 thoáng,ở ngay 30m*4T",,"Phố Tây Sơn, Phường Trung Liệt, Quận Đống Đa, Hà NộiXem bản đồ",
70 m²,2 phòng,,Đã có sổ,"Nhà ngõ, hẻm",4.5 m,,"164,29 triệu/m²",,,"Hẻm xe hơi,Nở hậu",,,ha-noi,Bán đất tặng nhà 1 tầng Mai Dịch -ô tô tránh- 2 thoáng vĩnh viễn.,,"Trần Bình, Phường Mai Dịch, Quận Cầu Giấy, Hà NộiXem bản đồ",
35 m²,2 phòng,2 phòng,Đang chờ sổ,"Nhà ngõ, hẻm",,,50 triệu/m²,,2,,Nội thất đầy đủ,,ha-noi,"Bán nhà Lạc Long Quân - Tây Hồ, ngõ rộng thoáng, sát phố 35m2,1.75 tỷ.",,"Đường Lạc Long Quân, Phường Xuân La, Quận Tây Hồ, Hà NộiXem bản đồ",
40 m²,3 phòng,5 phòng,,"Nhà ngõ, hẻm",,40 m²,"212,5 triệu/m²",,,,,,ha-noi,bán nhà 6 tầng 40m2 xây mới thang máy phố vĩnh phúc,,"vĩnh phúc, Phường Vĩnh Phúc, Quận Ba Đình, Hà NộiXem bản đồ",
38 m²,5 phòng,4 phòng,Đã có sổ,"Nhà ngõ, hẻm",,,"139,47 triệu/m²",,5,,Nội thất đầy đủ,,ha-noi,"Hái lộc giáp TẾT! THÁI THỊNH, nhà đẹp ở ngay, gần phố, lô góc. 38m*5T",,"Phố Thái Thịnh, Phường Thịnh Quang, Quận Đống Đa, Hà NộiXem bản đồ",
39 m²,4 phòng,3 phòng,Đã có sổ,"Nhà ngõ, hẻm",,,"139,49 triệu/m²",,4,,Nội thất cao cấp,,ha-noi,"Đẹp rẻ thế hả NGUYỄN LƯƠNG BẰNG ơi! full nội thất, thông sạch. 39m*5T",,"Phố Nguyễn Lương Bằng, Phường Quang Trung, Quận Đống Đa, Hà NộiXem bản đồ",
38 m²,4 phòng,,,"Nhà ngõ, hẻm",,,"131,58 triệu/m²",,,,,,ha-noi,"Bán Nhà Xuân Đỉnh-37m x 5 tầng, THANG MÁY, ô tô đỗ cửa, 2 thoáng, 5 tỷ",,"Xuân ĐỈnh, Phường Xuân Đỉnh, Quận Bắc Từ Liêm, Hà NộiXem bản đồ",
33 m²,2 phòng,3 phòng,Đã có sổ,"Nhà ngõ, hẻm",,,"90,91 triệu/m²",,4,,Nội thất đầy đủ,,ha-noi,BÁN NHÀ QUANG TIẾN - DÂN XÂY - 30M Ô TÔ TRÁNH,,"Quang Tiến, Phường Đại Mỗ, Quận Nam Từ Liêm, Hà NộiXem bản đồ",
33 m²,3 phòng,,Đã có sổ,"Nhà ngõ, hẻm",,,"90,3 triệu/m²",,,,,,ha-noi,"Nhà vị trí gần ô tô và phố, nhà ở luôn chắc chắn Ngũ Nhạc 33M2 x 4,5T,",,"Phố Ngũ Nhạc, Phường Thanh Trì, Quận Hoàng Mai, Hà NộiXem bản đồ",
40 m²,4 phòng,3 phòng,Đã có sổ,Nhà phố liền kề,4 m,,"202,5 triệu/m²",,5,,,,ha-noi,Nhà Vương hừa Vũ 40mx 5 tầng Xây mới thang máy- Lô góc 2 ngõ( ảnh thật,,"Vương Thừa Vũ, Phường Khương Trung, Quận Thanh Xuân, Hà NộiXem bản đồ",
16 m²,1 phòng,,Đã có sổ,"Nhà ngõ, hẻm",3.0999 m,,"121,88 triệu/m²",,1,,Nhà trống,,ha-noi,"Bán nhà Tân Mai 1,95 tỷ - sổ đỏ đẹp",,"Phố Tân Mai, Phường Tân Mai, Quận Hoàng Mai, Hà NộiXem bản đồ",
48 m²,4 phòng,4 phòng,Đã có sổ,"Nhà ngõ, hẻm",,,"101,04 triệu/m²",Nam,5,,,,ha-noi,"Nhà Đẹp Đón Tết Phố Triều Khúc ,Thanh Xuân.",,"Triều Khúc, Phường Hạ Đình, Quận Thanh Xuân, Hà NộiXem bản đồ",
120 m²,3 phòng,3 phòng,Đã có sổ,"Nhà mặt phố, mặt tiền",,,400 triệu/m²,,1,,Nội thất đầy đủ,,ha-noi,Mặt phố Ba Đình -120m2 x 3 Tầng - Nở hậu - 2 thoáng trước sau - 48 tỷ,,"Đường Hoàng Hoa Thám, Phường Vĩnh Phúc, Quận Ba Đình, Hà NộiXem bản đồ",
36 m²,4 phòng,4 phòng,Đã có sổ,"Nhà ngõ, hẻm",,,"73,61 triệu/m²",,4,,Nhà trống,,ha-noi,"BÁN CĂN NHÀ 36m2 x4 tầng TẠI YÊN NGHĨA - HÀ ĐÔNG GIÁ CHỈ 2,6x tỷ",,"Đường Hòa Bình, Phường Yên Nghĩa, Quận Hà Đông, Hà NộiXem bản đồ",
55 m²,6 phòng,4 phòng,Đã có sổ,"Nhà ngõ, hẻm",,,"161,82 triệu/m²",,5,,Nội thất đầy đủ,,ha-noi,Siêu Phẩm! PHÂN LÔ Hoàng Hoa Thám. 55m2 - Nhỉnh 8 Tỷ. 5 Tầng Lô góc -,,"Đường Hoàng Hoa Thám, Phường Ngọc Hà, Quận Ba Đình, Hà NộiXem bản đồ",
26 m²,3 phòng,3 phòng,Đã có sổ,"Nhà ngõ, hẻm",,,"105,77 triệu/m²",,4,,Nội thất đầy đủ,,ha-noi,"BÁN NHÀ LĨNH NAM, HOÀNG MAI, NHÀ ĐẸP , 26M, 3 NGỦ , GIÁ 2,75 TỶ CÓ BỚT",,"Lĩnh Nam, Phường Lĩnh Nam, Quận Hoàng Mai, Hà NộiXem bản đồ",
48 m²,5 phòng,4 phòng,Đã có sổ,"Nhà ngõ, hẻm",,,75 triệu/m²,Đông Nam,4,,,,ha-noi,"BÁN NHÀ 4.5 TẦNG 48M2 HẢI BỐI - ĐÔNG ANH, FULL NỘI THẤT, CHỈ HƠN 3 TỶ",,"đường Cổ Điển, Xã Hải Bối, Huyện Đông Anh, Hà NộiXem bản đồ",
36 m²,2 phòng,1 phòng,Đã có sổ,"Nhà ngõ, hẻm",,65 m²,"52,78 triệu/m²",,,,Nội thất cao cấp,,ha-noi,1 TỶ 9 !!!!!..CÓ NGAY CĂN TT QUỲNH MAI sổ 36m/ sử dụng 65m..2 Ngủ.,,"Quỳnh Mai, Phường Quỳnh Mai, Quận Hai Bà Trưng, Hà NộiXem bản đồ",
35 m²,3 phòng,4 phòng,Đã có sổ,"Nhà ngõ, hẻm",,,"124,29 triệu/m²",Đông,5,,,,ha-noi,"Ngọt nước! 192 Kim Mã ,nhà mới,gần phố,vị trí đẹp,ô tô,ở luôn 35m2*5T",,"Kim Mã, Phường Kim Mã, Quận Ba Đình, Hà NộiXem bản đồ",
38 m²,4 phòng,4 phòng,Đã có sổ,"Nhà ngõ, hẻm",,,"123,68 triệu/m²",Đông,5,,,,ha-noi,"Cực phẩm! Nhà ngõ Đội Cấn ,ngõ thông,rộng,đẹp,ô tô,sổ nở hậu, 38m2*5T",,"Đội Cấn, Phường Đội Cấn, Quận Ba Đình, Hà NộiXem bản đồ",
38 m²,4 phòng,3 phòng,Đã có sổ,"Nhà ngõ, hẻm",3.5 m,,"126,32 triệu/m²",,4,,,,ha-noi,"Cực gấp! Kinh doanh, ô tô ,dân xây, gần phố,ngõ thông,rộng 38m2*4T",,"Ngõ 6 Vĩnh Phúc, Phường Vĩnh Phúc, Quận Ba Đình, Hà NộiXem bản đồ",
43 m²,3 phòng,3 phòng,Đã có sổ,"Nhà ngõ, hẻm",5 m,,"111,63 triệu/m²",,,,Nội thất đầy đủ,,ha-noi,"Nhà hiếm! Nhà Đội Cấn,ô tô,ở có lộc,vị trí đẹp,vài phút ra phố 43m2*4T",,"Đội Cấn, Phường Đội Cấn, Quận Ba Đình, Hà NộiXem bản đồ",
46 m²,6 phòng,4 phòng,Đã có sổ,"Nhà ngõ, hẻm",,,"119,57 triệu/m²",Đông Bắc,4,,,,ha-noi,"Siêu ngon! Nhà Đội Cấn,ngõ 3gác,ngõ thông,sổ nở hậu,ô tô, 46m2*4T",,"Đội Cấn, Phường Đội Cấn, Quận Ba Đình, Hà NộiXem bản đồ",
35 m²,3 phòng,4 phòng,Đã có sổ,"Nhà ngõ, hẻm",8.9 m,,"124,29 triệu/m²",,5,,,,ha-noi,"Gấp gấp! Nhà Kim Mã, nhà mới,vị trí đẹp,vài bước ra phố ,ô tô 35m2*5T",,"Kim Mã, Phường Kim Mã, Quận Ba Đình, Hà NộiXem bản đồ",
59 m²,4 phòng,4 phòng,Đã có sổ,"Nhà ngõ, hẻm",,,"203,39 triệu/m²",,5,Hẻm xe hơi,,,ha-noi,"Bán Nhà Phân Lô Ngõ Ô Tô Tránh, có Vỉa Hè, Nguyễn Phong Sắc",,"Nguyễn Phong Sắc, Phường Dịch Vọng Hậu, Quận Cầu Giấy, Hà NộiXem bản đồ",
50 m²,4 phòng,4 phòng,Đã có sổ,"Nhà ngõ, hẻm",,,137 triệu/m²,,4,,Nội thất đầy đủ,,ha-noi,"BÁN NHÀ 155 CẦU GIẤY 50M*4TẦNG, OTO ĐỖ CỬA, LÔ GÓC THOÁNG SÁNG, NỞ HẬU",,"Cầu Giấy, Phường Quan Hoa, Quận Cầu Giấy, Hà NộiXem bản đồ",
35 m²,4 phòng,3 phòng,Đã có sổ,"Nhà ngõ, hẻm",,,"85,71 triệu/m²",,5,,Nội thất đầy đủ,,ha-noi,"Sẵn 3 tỷ có nhà mặt ngõ ô tô tránh Lô góc thoáng sáng, Cầu Bươu 35m*5T",,"Cầu Bươu, Xã Tả Thanh Oai, Huyện Thanh Trì, Hà NộiXem bản đồ",
118 m²,nhiều hơn 10 phòng,Nhiều hơn 6 phòng,Đã có sổ,"Nhà mặt phố, mặt tiền",,,"292,37 triệu/m²",Đông Nam,9,,,,ha-noi,"BÁN TOÀ NHÀ 9 TẦNG, 118M2 – VÕ CHÍ CÔNG –CẦU GIẤY - LỪNG LỮNG GIỮA PHỐ",,"Võ Chí Công, Phường Nghĩa Đô, Quận Cầu Giấy, Hà NộiXem bản đồ",
36 m²,3 phòng,4 phòng,Đã có sổ,"Nhà ngõ, hẻm",,,"79,17 triệu/m²",,5,,Nhà trống,,ha-noi,"Bán nhà Lai Xá, Hoài Đức 36m2 ô tô đỗ cửa chỉ 2,85 tỷ",,"Đường Lai Xá, Xã Kim Chung, Huyện Hoài Đức, Hà NộiXem bản đồ",
36 m²,4 phòng,3 phòng,Đã có sổ,"Nhà ngõ, hẻm",,,"144,44 triệu/m²",,4,,Nội thất đầy đủ,,ha-noi,"Nhà đẹp Võ Chí Công - Tây Hồ, 36m 4 tầng giá 5.2 tỷ gần phố, ô tô",,"Võ Chí Công, Phường Bưởi, Quận Tây Hồ, Hà NộiXem bản đồ",
34 m²,4 phòng,3 phòng,Đã có sổ,"Nhà ngõ, hẻm",,,"77,94 triệu/m²",,5,,,,ha-noi,"Bán nhà gần cầu Hữu Hòa, Thanh Trì. DT 34m2, 5 tầng. otô đỗ gần",,"Đại Khang, Xã Hữu Hoà, Huyện Thanh Trì, Hà NộiXem bản đồ",
85 m²,2 phòng,2 phòng,Đã có sổ,"Nhà mặt phố, mặt tiền",,,"324,71 triệu/m²",Đông,2,,,,ha-noi,"GẦN CHỢ ĐỒNG XUÂN, KD SỐ 1 HÀ NỘI, BÁN NHÀ PHỐ HÀNG LƯỢC 85M, 27,6 TỶ",,"Hàng Lược, Phường Hàng Mã, Quận Hoàn Kiếm, Hà NộiXem bản đồ",
42 m²,4 phòng,3 phòng,Đã có sổ,Nhà phố liền kề,,42 m²,"133,33 triệu/m²",,,Nở hậu,,,ha-noi,"Bán nhà ĐỘI CẤN đầu LIỄU GIAI ba đình, nhà cách mặt đường đội cấn 20m",,"Phố Đội Cấn, Phường Liễu Giai, Quận Ba Đình, Hà NộiXem bản đồ",
40 m²,4 phòng,,Đã có sổ,"Nhà ngõ, hẻm",,,"117,5 triệu/m²",,4,Nở hậu,Nội thất cao cấp,,ha-noi,"Trung tâm phố Bạch Mai - Lõi quận HBT, nhà đẹp full nội thất.",,"Phố Bạch Mai, Phường Bạch Mai, Quận Hai Bà Trưng, Hà NộiXem bản đồ",
25.2999 m²,2 phòng,2 phòng,Đã có sổ,"Nhà mặt phố, mặt tiền",,,"434,39 triệu/m²",,4,,Nội thất đầy đủ,,ha-noi,"Bán nhà lô góc mặt phố Cát Linh, Giảng Võ: 25,2m, 3.7m mặt tiền.",,"Phố Cát Linh, Phường Cát Linh, Quận Đống Đa, Hà NộiXem bản đồ",
46 m²,3 phòng,5 phòng,Đã có sổ,"Nhà ngõ, hẻm",,,"188,7 triệu/m²",,6,,Nội thất cao cấp,,ha-noi,"Bán nhà phân lô Vĩnh Phúc, 6T Thang Máy, Sổ vuông, MT to rộng, PK 8 Tỷ",,"Vĩnh Phúc, Phường Vĩnh Phúc, Quận Ba Đình, Hà NộiXem bản đồ",
180 m²,6 phòng,,Đã có sổ,Nhà biệt thự,9 m,390 m²,150 triệu/m²,,2,,,,ha-noi,"BT An Quý Villa Nam Cường, KĐTM Dương Nội, an sinh đỉnh 180m2, 27 tỷ",,"Lê Văn Lương, Phường Dương Nội, Quận Hà Đông, Hà NộiXem bản đồ",
35 m²,3 phòng,3 phòng,Đã có sổ,"Nhà mặt phố, mặt tiền",,,"77,14 triệu/m²",,5,,Nội thất cao cấp,,ha-noi,Chính chủ em bán nhà tại ngõ 11 tả thanh oai 2.7 tỷ Cách trường cao đ,,"Tả Thanh Oai, Xã Tả Thanh Oai, Huyện Thanh Trì, Hà NộiXem bản đồ",
25 m²,3 phòng,4 phòng,Đã có sổ,"Nhà ngõ, hẻm",,,148 triệu/m²,,6,,Nội thất đầy đủ,,ha-noi,Vị trí đẹp - Nhà phố #CỰ_LỘC #THANH_XUÂN - ÔTÔ đỗ cửa khi cần,,"Cự Lộc, Phường Thanh Xuân Bắc, Quận Thanh Xuân, Hà NộiXem bản đồ",
60 m²,4 phòng,4 phòng,Đã có sổ,"Nhà ngõ, hẻm",,,"82,5 triệu/m²",,4,,Nội thất đầy đủ,,ha-noi,"Bán nhà Hoàng Mai dt 60m ,4 tầng ,4 ngủ nhà đẹp đón Tết",,"Ngách 279/57 Hoàng Mai, Phường Hoàng Văn Thụ, Quận Hoàng Mai, Hà NộiXem bản đồ",
50 m²,3 phòng,3 phòng,Đã có sổ,"Nhà ngõ, hẻm",,,74 triệu/m²,,4,,Nội thất đầy đủ,,ha-noi,nhà đẹp sẵn ở,,"271, 23B, Xã Vân Nội, Huyện Đông Anh, Hà NộiXem bản đồ",
56 m²,4 phòng,5 phòng,Đã có sổ,"Nhà mặt phố, mặt tiền",,,"101,79 triệu/m²",Đông Bắc,5,,,,ha-noi,BÁN GẤP NHÀ 5 TẦNG KIM ĐỒNG- GiẢI PHÓNG- GIÁP BÁT - Ô TÔ TRÁNH 5.7 TỶ,,"Phố Kim Đồng, Phường Giáp Bát, Quận Hoàng Mai, Hà NộiXem bản đồ",
44 m²,4 phòng,4 phòng,Đã có sổ,"Nhà ngõ, hẻm",,44 m²,"112,5 triệu/m²",,,,Nội thất đầy đủ,,ha-noi,"Bán nhà phố Cầu Giấy, 44m x 4T, nhà đẹp ở ngay, tặng nội thất_4.x tỷ",,"Cầu Giấy, Phường Trung Hoà, Quận Cầu Giấy, Hà NộiXem bản đồ",
37 m²,6 phòng,4 phòng,Đã có sổ,"Nhà ngõ, hẻm",,,"183,78 triệu/m²",,,Hẻm xe hơi,,,ha-noi,"Vị trí đắc địa! Trung tâm Đống Đa ngõ thoáng, ở sướng, 37m2*5T",,"Láng Hạ, Phường Láng Hạ, Quận Đống Đa, Hà NộiXem bản đồ",
100 m²,nhiều hơn 10 phòng,,Đã có sổ,"Nhà mặt phố, mặt tiền",,,225 triệu/m²,,8,"Hẻm xe hơi,Nở hậu",Nội thất cao cấp,,ha-noi,"BÁN GẤP NHÀ MẶT PHỐ VŨ TÔNG PHAN, ,100M2, 8 TẦNG,THANG MÁY, GIÁ 22,5TỶ",,"Vũ Tông Phan, Phường Khương Đình, Quận Thanh Xuân, Hà NộiXem bản đồ",
90 m²,7 phòng,Nhiều hơn 6 phòng,Đã có sổ,"Nhà mặt phố, mặt tiền",7 m,,600 triệu/m²,,7,,,,ha-noi,"BÁN GẤP NHÀ MP XÃ ĐÀN, 90M2 × 6.5 TẦNG, MT 6.5M, 54 TỶ",,"xã đàn, Phường Phương Liên, Quận Đống Đa, Hà NộiXem bản đồ",
30 m²,2 phòng,2 phòng,Đã có sổ,"Nhà ngõ, hẻm",,,100 triệu/m²,Đông,2,,,,ha-noi,Cực hiếm! Ngã 3_460 Khương Đình_Ngõ thông rộng_Ô tô qua 20m_30m*2T,,"Khương Đình, Phường Khương Đình, Quận Thanh Xuân, Hà NộiXem bản đồ",
32 m²,3 phòng,4 phòng,Đã có sổ,"Nhà ngõ, hẻm",,,"123,44 triệu/m²",Đông,5,,,,ha-noi,Giá gốc_Định Công_Hoàng Mai_Phân lô khu cán bộ_Mới tinh_2thoáng_32m*5T,,"Định Công, Phường Định Công, Quận Hoàng Mai, Hà NộiXem bản đồ",
35 m²,3 phòng,4 phòng,Đã có sổ,"Nhà ngõ, hẻm",,,"122,57 triệu/m²",,5,,Nội thất cao cấp,,ha-noi,"Khương Đình, mới đẹp, Lô góc 2thoáng, Khu PL Ô tô đỗ cửa 35m*5T",,"Hoàng Đạo Thành, Phường Kim Giang, Quận Thanh Xuân, Hà NộiXem bản đồ",
33 m²,3 phòng,3 phòng,Đã có sổ,"Nhà ngõ, hẻm",,,100 triệu/m²,,3,,Nội thất đầy đủ,,ha-noi,Bán nhà Ngõ 80 Hoàng Đạo Thành Thanh Xuân_Dân xây_Ngõ rộng Ô tô_33m*4T,,"Hoàng đao thành, Phường Kim Giang, Quận Thanh Xuân, Hà NộiXem bản đồ",
27 m²,3 phòng,3 phòng,Đã có sổ,"Nhà ngõ, hẻm",,108 m²,"96,3 triệu/m²",,4,,,,ha-noi,"Gấp gấp gấp bán nhà phố trần khát chân 2,6 tỷ",,"Đường Trần Khát Chân, Phường Thanh Lương, Quận Hai Bà Trưng, Hà NộiXem bản đồ",
256 m²,6 phòng,,Đã có sổ,Nhà biệt thự,,,"167,58 triệu/m²",,5,,,,ha-noi,"BÁN BIỆT THỰ LINH ĐÀM- HƠN 100TR/m2 – CẠNH HỒ- 256m2 , 12m MT,42.9 tỷ",,"Phố Linh Đường, Phường Hoàng Liệt, Quận Hoàng Mai, Hà NộiXem bản đồ",
64 m²,3 phòng,,,"Nhà ngõ, hẻm",5 m,64 m²,"78,13 triệu/m²",,3,,,,ha-noi,"Bán nhà ngõ Văn Hương - Tôn Đức Thắng 64m, 3 tầng. Giá: 5 tỷ",,"Phố Tôn Đức Thắng, Phường Hàng Bột, Quận Đống Đa, Hà NộiXem bản đồ",
90 m²,4 phòng,4 phòng,Đã có sổ,Nhà phố liền kề,,,"142,22 triệu/m²",,5,,,,ha-noi,NHÀ ĐẸP VĂN PHÚ HÀ ĐÔNG,,"Văn Phú, Phường Phú La, Quận Hà Đông, Hà NộiXem bản đồ",
39 m²,4 phòng,4 phòng,Đã có sổ,"Nhà ngõ, hẻm",,,110 triệu/m²,,5,,Nội thất cao cấp,,ha-noi,"Thật 200%! Nhà Trung Phụng, 2 thoáng, gần phố, nội thất Vip, 39m2*4T",,"Trung Phụng, Phường Ô Chợ Dừa, Quận Đống Đa, Hà NộiXem bản đồ",
16 m²,3 phòng,3 phòng,Đã có sổ,"Nhà ngõ, hẻm",,,"103,13 triệu/m²",,5,,,,ha-noi,PHƯƠNG MAI NGÕ TO RỘNG CÁCH 20M RA PHỐ LÔ GÓC,,"Phương Mai, Phường Phương Mai, Quận Đống Đa, Hà NộiXem bản đồ",
90 m²,3 phòng,4 phòng,Đã có sổ,"Nhà mặt phố, mặt tiền",,,"187,78 triệu/m²",,5,,Nội thất cao cấp,,ha-noi,"BÁN NHÀ MẶT PHỐ TRƯƠNG ĐỊNH 90M2, 5 TẦNG, MT 6M, GIÁ 16,9 TỶ.",,"Đường Trương Định, Phường Trương Định, Quận Hai Bà Trưng, Hà NộiXem bản đồ",
105 m²,nhiều hơn 10 phòng,Nhiều hơn 6 phòng,Đã có sổ,"Nhà ngõ, hẻm",,,"233,33 triệu/m²",,21,,Nội thất đầy đủ,,ha-noi,Tòa Apartment Cao Cấp Phố Trích Sài. 105m2 × 10 Tầng - Dòng Tiên 2 Tỷ/,,"Phố Trích Sài, Phường Bưởi, Quận Tây Hồ, Hà NộiXem bản đồ",
38 m²,4 phòng,3 phòng,Đã có sổ,"Nhà ngõ, hẻm",,,"78,95 triệu/m²",,4,,Nội thất đầy đủ,,ha-noi,BÁN NHÀ PHỐ Ô CÁCH 38M x 4 TẦNG x 4 PHÒNG NGỦ - NHÀ DÂN XÂY,,"Phố Ô Cách, Phường Đức Giang, Quận Long Biên, Hà NộiXem bản đồ",
35 m²,3 phòng,,Đã có sổ,"Nhà ngõ, hẻm",,,"142,86 triệu/m²",,,,,,ha-noi,"CẦN BÁN GẤP! Võ thị Sáu,2 thoáng, KD , gần oto, sổ nở hậu 35m *4t",,"Phố Thanh Nhàn, Phường Thanh Nhàn, Quận Hai Bà Trưng, Hà NộiXem bản đồ",
30 m²,3 phòng,4 phòng,Đã có sổ,"Nhà ngõ, hẻm",4 m,,"143,33 triệu/m²",,,,Nội thất cao cấp,,ha-noi,MỸ ĐÌNH-NAM TỪ LIÊM-NHÀ MỚI ĐẸP DÂN XÂY-MẶT TIỀN RỘNG-CHỈ 4.3 TỶ,,"Đường Mỹ Đình, Phường Mỹ Đình 1, Quận Nam Từ Liêm, Hà NộiXem bản đồ",
40 m²,8 phòng,,Đã có sổ,"Nhà mặt phố, mặt tiền",,,100 triệu/m²,,,,,,ha-noi,Gấp! Xuân Đỉnh nhỉnh 4 tỷ nhà dòng tiền 22tr/tháng full phòng,,"Xuân Đỉnh, Phường Xuân Đỉnh, Quận Bắc Từ Liêm, Hà NộiXem bản đồ",
36 m²,4 phòng,4 phòng,Đã có sổ,"Nhà ngõ, hẻm",,,"52,78 triệu/m²",Đông Nam,4,,,,ha-noi,"Nhà 1.9 tỷ đường trước nhà 3m, nhà mặt ngõ yên nghĩa , 4 tầng (36m2)",,"Phố Yên Lộ, Phường Yên Nghĩa, Quận Hà Đông, Hà NộiXem bản đồ",
51 m²,4 phòng,4 phòng,Đã có sổ,"Nhà ngõ, hẻm",,,"133,33 triệu/m²",Tây Nam,4,,,,ha-noi,"Lô góc đường Láng, ngõ rộng 2m, 20m ra phố, full nội thất, 58m2*5T",,"đường láng, Phường Láng Thượng, Quận Đống Đa, Hà NộiXem bản đồ",
35 m²,3 phòng,1 phòng,Đã có sổ,"Nhà ngõ, hẻm",,60 m²,"72,86 triệu/m²",,,,,,ha-noi,TẬP THỂ NÚI TRÚC- BA ĐÌNH- 60M2- Ô TÔ TRÁNH- GẦN HỒ GIẢNG VÕ- 2.55 TỶ,,"Ngõ Núi Trúc, Phường Kim Mã, Quận Ba Đình, Hà NộiXem bản đồ",
78 m²,7 phòng,Nhiều hơn 6 phòng,Đã có sổ,"Nhà ngõ, hẻm",,,"282,05 triệu/m²",,8,,Nội thất đầy đủ,,ha-noi,Bán nhà Liễu Giai 78m2 nhà đẹp đường oto tránh thang máy 22 tỷ,,"Phố Liễu Giai, Phường Liễu Giai, Quận Ba Đình, Hà NộiXem bản đồ",
36 m²,3 phòng,4 phòng,Đã có sổ,"Nhà mặt phố, mặt tiền",,,"111,11 triệu/m²",Tây Nam,5,,,,ha-noi,--- SIÊU TIỆN ÍCH--- TIỀN NÀO CỦA ẤY BÁN NHÀ NGUYỄN VĂN LINH LONG BIÊN,,"Đường Nguyễn Văn Linh, Phường Thạch Bàn, Quận Long Biên, Hà NộiXem bản đồ",
45 m²,3 phòng,,Đã có sổ,"Nhà ngõ, hẻm",,,"177,78 triệu/m²",,5,Hẻm xe hơi,Nội thất cao cấp,,ha-noi,"TUYỆT PHẨM XUÂN ĐỈNH- 45m2, 5 tầng- MẶT NGÕ- OTO- KINH DOANH- HƠN 8 TỶ",,"Đường Tân Xuân, Phường Xuân Đỉnh, Quận Bắc Từ Liêm, Hà NộiXem bản đồ",
40 m²,3 phòng,,,"Nhà ngõ, hẻm",,,"51,25 triệu/m²",,,,,,ha-noi,"Bán nhà xây độc lập Vân Côn, Hoài Đức, Hà Nội, đường ô tô chính chủ",,"Đường Vân Côn, Xã Vân Côn, Huyện Hoài Đức, Hà NộiXem bản đồ",
36 m²,4 phòng,5 phòng,Đã có sổ,"Nhà ngõ, hẻm",,,"69,44 triệu/m²",,5,,Nội thất đầy đủ,,ha-noi,2.5 tỷ nhà ĐH Công Nghiệp-36m2-5 tầng-oto đỗ gần-full nội thất,,"Phố Nhổn, Phường Tây Tựu, Quận Bắc Từ Liêm, Hà NộiXem bản đồ",
