Diện tích đất:,Số phòng ngủ:,Số phòng vệ sinh:,Giấy tờ pháp lý:,Loại hình nhà ở:,Chiều ngang:,Diện tích sử dụng:,Giá/m2:,Hướng cửa chính:,Tổng số tầng:,Đặc điểm nhà/đất:,Tình trạng nội thất:,Chiều dài:,Location,Name,URL,District,Price
34 m²,3 phòng,4 phòng,Đã có sổ,"Nhà ngõ, hẻm",,,"131,47 triệu/m²",Đông,4,,,,ha-noi,NGUYỄN TRÃI-ROYAL CITY-THANH XUÂN-LÔ GÓC-34M2- 4 TẦNG- 4 TỶ- NGÃ TƯ SỞ,,"Đường Nguyễn Trãi, Phường Thanh Xuân Trung, Quận Thanh Xuân, Hà NộiXem bản đồ",
46 m²,1 phòng,1 phòng,,"Nhà ngõ, hẻm",4 m,46 m²,"81,52 triệu/m²",,1,,,,ha-noi,"Hót!Bán Đất Cực Hiếm Phố Đại Từ,Gần Phố,Gần Chợ,46M,MT4M,Giá3,75tỷ(TL)",,"Phố Đại Từ, Phường Đại Kim, Quận Hoàng Mai, Hà NộiXem bản đồ",
33 m²,3 phòng,3 phòng,Đã có sổ,"Nhà mặt phố, mặt tiền",,33 m²,"116,36 triệu/m²",,3,,,,ha-noi,Bá Nhà Ô Chợ Dừa Dừa,,"Khâm Thiên, Phường Khâm Thiên, Quận Đống Đa, Hà NộiXem bản đồ",
50 m²,4 phòng,4 phòng,Đã có sổ,"Nhà ngõ, hẻm",,,"153,6 triệu/m²",,4,,Nội thất cao cấp,,ha-noi,THẬT 100%!NHÀ PHỐ VIP THUỴ KHUÊ-VÀI BƯỚC Ô TÔ TRÁNH-KD-50M-CHỈ 7TỶ HƠN,,"Dốc Tam Đa, Phường Thụy Khuê, Quận Tây Hồ, Hà NộiXem bản đồ",
43 m²,3 phòng,4 phòng,Đã có sổ,"Nhà ngõ, hẻm",,43 m²,"116,28 triệu/m²",,5,,,,ha-noi,"Lô Góc Kim Ngưu 43Mx5T, 5.1 tỷ. Cực gần Phố, ngõ ba gác tránh xe máy",,"Phố Kim Ngưu, Phường Thanh Nhàn, Quận Hai Bà Trưng, Hà NộiXem bản đồ",
40 m²,3 phòng,2 phòng,Đã có sổ,"Nhà ngõ, hẻm",,,"152,5 triệu/m²",,33,,Nội thất đầy đủ,,ha-noi,"Ô tô,kinh doanh,ngõ thông,đường GIẢI PHÓNG,THANH XUÂN,40m,3 T ,6,1 tỷ",,"Đường Giải Phóng, Phường Phương Liệt, Quận Thanh Xuân, Hà NộiXem bản đồ",
41 m²,5 phòng,3 phòng,Đã có sổ,"Nhà ngõ, hẻm",,,100 triệu/m²,,4,,Nội thất đầy đủ,,ha-noi,Bán gấp nhà Miếu Đầm Mễ Trì 41m2 4 tầng 4 ngủ chỉ nhỉnh 4 tỷ,,"Mễ Trì, Phường Mễ Trì, Quận Nam Từ Liêm, Hà NộiXem bản đồ",
40 m²,4 phòng,,,"Nhà ngõ, hẻm",,,100 triệu/m²,,4,,,,ha-noi,Chỉ 4 tỷ sở hữu nhà dân xây Đại Linh Nam Từ Liêm 40m2 4 tầng 4 ngủ,,"Phố Đại Linh, Phường Trung Văn, Quận Nam Từ Liêm, Hà NộiXem bản đồ",
45 m²,4 phòng,3 phòng,Đã có sổ,"Nhà ngõ, hẻm",,,"132,22 triệu/m²",,4,,Nội thất cao cấp,,ha-noi,NHÂN HOÀ - NHÀ ĐẸP - 5M Ô TÔ TRÁNH - GẦN PHỐ -DT 45M - GIÁ 5 Tỷ 950Tr,,"nhân hòa, Phường Nhân Chính, Quận Thanh Xuân, Hà NộiXem bản đồ",
34 m²,4 phòng,5 phòng,Đã có sổ,"Nhà ngõ, hẻm",,,"144,12 triệu/m²",,6,,Nội thất cao cấp,,ha-noi,Lê Văn Lương - Nhà Mới - Lô Góc - gần phố - Dt gần 35m,,"Lê Văn Lương, Phường Nhân Chính, Quận Thanh Xuân, Hà NộiXem bản đồ",
47 m²,4 phòng,,,"Nhà ngõ, hẻm",,,"78,72 triệu/m²",,,,,,ha-noi,"Tin chuẩn! Bán nhà Xuân Đỉnh, Lô góc, ngõ rộng, oto, full đồ",,"Đường Xuân Đỉnh, Phường Xuân Đỉnh, Quận Bắc Từ Liêm, Hà NộiXem bản đồ",
45 m²,4 phòng,3 phòng,Đã có sổ,Nhà phố liền kề,,,"233,33 triệu/m²",,5,,Nội thất đầy đủ,,ha-noi,"Bán Nhà Hoàng Văn Thái,Q.t,xuân dt 45m*5 tầng ga Ra ôtô kinh doanh",,"Hoàng Văn Thái, Phường Khương Mai, Quận Thanh Xuân, Hà NộiXem bản đồ",
43 m²,3 phòng,4 phòng,Đã có sổ,"Nhà ngõ, hẻm",43 m,,100 triệu/m²,,5,,,,ha-noi,HÀNG KỊCH ĐỘC! Bán nhà Phú Đô- Gần hồ_Oto_ 43m_5T_ Nhỉnh 4 tỷ,,"Đường Lê Quang Đạo, Phường Phú Đô, Quận Nam Từ Liêm, Hà NộiXem bản đồ",
38 m²,4 phòng,3 phòng,Đã có sổ,"Nhà ngõ, hẻm",,,"114,47 triệu/m²",,4,,,,ha-noi,Cần Bán Nhà Mặt Ngõ Văn Chương 38m2 X4 Tầng Nhà Đẹp Ở Luôn Hơn 4 tỷ.,,"Tôn Đức Thắng, Phường Hàng Bột, Quận Đống Đa, Hà NộiXem bản đồ",
33 m²,3 phòng,2 phòng,Đã có sổ,"Nhà ngõ, hẻm",33 m,,"98,48 triệu/m²",,,,,10 m,ha-noi,"RẺ! Bán nhà Phú Đô, gần hồ, sát phố, 33m, 3T, nhỉnh 3 tỷ",,"Đường Lê Quang Đạo, Phường Phú Đô, Quận Nam Từ Liêm, Hà NộiXem bản đồ",
34 m²,3 phòng,4 phòng,Đã có sổ,"Nhà ngõ, hẻm",3.4 m,,"99,41 triệu/m²",,4,,,,ha-noi,"RẺ HIẾM! Bán nhà Phú Đô, gần hồ, Oto, 34m, 4T, nhỉnh 3 tỷ",,"Đường Lê Quang Đạo, Phường Phú Đô, Quận Nam Từ Liêm, Hà NộiXem bản đồ",
52 m²,5 phòng,,,"Nhà ngõ, hẻm",,,"99,04 triệu/m²",,4,,,,ha-noi,"⭐️SIÊU PHẨM TÂN MAI 3 BƯỚC RA PHỐ, NHÀ MỚI ĐẸP, LÔ GÓC, NGÕ NÔNG TO",,"Phố Tân Mai, Phường Hoàng Văn Thụ, Quận Hoàng Mai, Hà NộiXem bản đồ",
55 m²,6 phòng,,,"Nhà ngõ, hẻm",,59 m²,"114,55 triệu/m²",,4,,,,ha-noi,⭐️SIÊU PHẨM!!!Ô TÔ 4 CHỖ ĐỖ CỬA - AN NINH - AN SINH ĐỈNH CAO,,"Phố Vĩnh Hưng, Phường Vĩnh Hưng, Quận Hoàng Mai, Hà NộiXem bản đồ",
63 m²,6 phòng,6 phòng,Đã có sổ,"Nhà mặt phố, mặt tiền",,,"148,89 triệu/m²",,6,,Nội thất cao cấp,,ha-noi,Chính chủ bán nhà phố MINH KHAI VĨNH TUY ôTô tránh Vỉa hè 6T Thang Máy,,"Vĩnh Tuy, Phường Vĩnh Tuy, Quận Hai Bà Trưng, Hà NộiXem bản đồ",
44 m²,4 phòng,,,"Nhà ngõ, hẻm",,,"106,82 triệu/m²",,,,,,ha-noi,"Bán nhà phố Trịnh Công Sơn ngõ thông, gần ô tô, gần hồ Tây, ở luôn",,"Phố Trịnh Công Sơn, Phường Nhật Tân, Quận Tây Hồ, Hà NộiXem bản đồ",
33 m²,3 phòng,4 phòng,Đã có sổ,"Nhà ngõ, hẻm",,,"80,3 triệu/m²",Tây Bắc,4,,,,ha-noi,Nhà dân gửi bán Phú Lãm 33m2 xây 4 tầng cách đường ô tô 20m,,"Phố Xốm, Phường Phú Lãm, Quận Hà Đông, Hà NộiXem bản đồ",
80 m²,6 phòng,4 phòng,Đã có sổ,Nhà biệt thự,,,160 triệu/m²,,5,,Nội thất cao cấp,,ha-noi,BIỆT THỰ PHẠM VĂN ĐỒNG - HOÀNG QUỐC VIỆT 80m2 5 TẦNG CHỈ HƠN 12TỶ,,"Phạm Văn Đồng, Phường Cổ Nhuế 1, Quận Bắc Từ Liêm, Hà NộiXem bản đồ",
62 m²,5 phòng,,,"Nhà mặt phố, mặt tiền",,,"306,45 triệu/m²",,,,,,ha-noi,Dòng tiền cao! Bán nhà phố Dương Khuê - 62m x 7 tầng - thang máy- x tỷ,,"Dương Khuê, Phường Mai Dịch, Quận Cầu Giấy, Hà NộiXem bản đồ",
30 m²,2 phòng,3 phòng,Đã có sổ,"Nhà ngõ, hẻm",,,"113,33 triệu/m²",,1,,Nội thất đầy đủ,,ha-noi,"Nhà đẹp giá rẻ phố Lĩnh Nam, 30m2 x 4 tầng, Giá chỉ 3,4 tỷ",,"Lĩnh Nam, Phường Lĩnh Nam, Quận Hoàng Mai, Hà NộiXem bản đồ",
60 m²,5 phòng,5 phòng,Đã có sổ,"Nhà ngõ, hẻm",,,"158,33 triệu/m²",Tây Nam,4,,,,ha-noi,"BÁN Nhà Phân Lô Hoàng Văn Thái, Tô Vĩnh Diện 60m, 5T, 9,5 Tỷ ThanhXuân",,"Hoàng Văn Thái, Phường Khương Trung, Quận Thanh Xuân, Hà NộiXem bản đồ",
50 m²,5 phòng,5 phòng,Đã có sổ,"Nhà ngõ, hẻm",,,198 triệu/m²,Tây Nam,5,,,,ha-noi,"BÁN NHÀ HOÀNG VĂN THÁi 7 TẦNG, XÂY MỚI 8,9 TỶ",,"Hoàng văn Thái, Phường Khương Mai, Quận Thanh Xuân, Hà NộiXem bản đồ",
50 m²,5 phòng,,,Nhà phố liền kề,,,240 triệu/m²,,,,,,ha-noi,🏠🏠 BÁN NHÀ TRÍCH SÀI 50m2 x 5 TẦNG - CHỈ 12 TỶ. 10M RA MẶT HỒ TÂY -,,"Phố Trích Sài, Phường Thụy Khuê, Quận Tây Hồ, Hà NộiXem bản đồ",
52 m²,3 phòng,,Đã có sổ,"Nhà ngõ, hẻm",,,"61,54 triệu/m²",,,,Nội thất đầy đủ,,ha-noi,"Bán Nhà 52M Ngõ 136 Tứ Hiệp, Chợ Văn Điển, Ôtô Tránh, Giá 3tỷ200",,"Tứ Hiệp, Thị trấn Văn Điển, Huyện Thanh Trì, Hà NộiXem bản đồ",
35 m²,4 phòng,,Đã có sổ,"Nhà ngõ, hẻm",,35 m²,"154,29 triệu/m²",,,,Nội thất đầy đủ,,ha-noi,"Nhà phân lô Hào Nam, 50m ra phố, ô tô, 2 thoáng, kinh doanh tốt, 35m2",,"Phố Hào Nam, Phường Ô Chợ Dừa, Quận Đống Đa, Hà NộiXem bản đồ",
40 m²,3 phòng,,Đã có sổ,"Nhà ngõ, hẻm",,,"108,75 triệu/m²",,,,,,ha-noi,SỐC - P TRUNG PHỤNG - KHÂM THIÊN - SÂN VƯỜN - NỘI THẤT NHẬP 40m2*5T,,"Khâm Thiên, Phường Trung Phụng, Quận Đống Đa, Hà NộiXem bản đồ",
86 m²,4 phòng,5 phòng,Đã có sổ,Nhà phố liền kề,,,"193,02 triệu/m²",,5,,Nội thất cao cấp,,ha-noi,BÁN GẤP LK Làng Việt Kiều Châu Âu 86m2 nhỉnh 16 Tỷ Vỉa hè KD LHCC**,,"Phố Nguyễn Văn Lộc, Phường Mộ Lao, Quận Hà Đông, Hà NộiXem bản đồ",
46 m²,4 phòng,,Đã có sổ,"Nhà ngõ, hẻm",,46 m²,"89,13 triệu/m²",,4,,Nội thất đầy đủ,,ha-noi,SIÊU HIẾM bán nhà Kiến Hưng Hà Đông 46m2 4 ngủ Ô tô đổ cổng nhỉnh 4 tỷ,,"Đường Đa Sỹ, Phường Kiến Hưng, Quận Hà Đông, Hà NộiXem bản đồ",
47 m²,4 phòng,3 phòng,Đã có sổ,"Nhà ngõ, hẻm",,,"120,21 triệu/m²",,4,,Nhà trống,,ha-noi,"Bán nhà đẹp, ngõ nông, ba gác tránh, Thịnh Quang, Đống Đa 47m2*4T",,"Thịnh Quang, Phường Thịnh Quang, Quận Đống Đa, Hà NộiXem bản đồ",
33 m²,4 phòng,,Đã có sổ,"Nhà ngõ, hẻm",,,"103,03 triệu/m²",,5,,,,ha-noi,"Viên kim cương còn sót Hồ Ba Mẫu 33M,5T",,"Hồ Ba Mẫu, Phường Khâm Thiên, Quận Đống Đa, Hà NộiXem bản đồ",
75 m²,4 phòng,4 phòng,Đã có sổ,"Nhà mặt phố, mặt tiền",,,280 triệu/m²,,4,Hẻm xe hơi,,,ha-noi,"Bán Nhà Đường Mỹ Đình 75m2x4 Tầng,4.5m Mặt Tiền - Kinh Doanh VIP - ÔTô",,"Đường Mỹ Đình, Phường Mỹ Đình 1, Quận Nam Từ Liêm, Hà NộiXem bản đồ",
50 m²,5 phòng,5 phòng,Đã có sổ,"Nhà ngõ, hẻm",,,100 triệu/m²,,5,,Nội thất đầy đủ,,ha-noi,"NHÀ PHƯƠNG MAI, KINH DOANH,5 TẦNG,DIỆN TÍCH 50M 4,5M MẶT TIỀN HƠN 5 TỈ",,"Phương Mai, Phường Phương Mai, Quận Đống Đa, Hà NộiXem bản đồ",
60 m²,6 phòng,5 phòng,Đã có sổ,"Nhà mặt phố, mặt tiền",,,"236,67 triệu/m²",,5,,Nội thất cao cấp,,ha-noi,"Mặt phố đường 800A, phân lô Quân Đội, 60m2 x 5 Tầng,Vỉa hè,KD, 14.2 tỷ",,"Đường 800A, Phường Nghĩa Đô, Quận Cầu Giấy, Hà NộiXem bản đồ",
30 m²,3 phòng,3 phòng,,"Nhà mặt phố, mặt tiền",,30 m²,"128,33 triệu/m²",,,,,,ha-noi,"Tôi cần bán nhà riêng Bạch Mai Hai bà Trưng 30m4t giá 3, 85tỷ",,"Ngõ 402 Bạch Mai, Phường Bạch Mai, Quận Hai Bà Trưng, Hà NộiXem bản đồ",
50 m²,5 phòng,4 phòng,Đã có sổ,"Nhà ngõ, hẻm",,,118 triệu/m²,,5,,Nội thất đầy đủ,,ha-noi,BÁN NHÀ NGÕ 42 THỊNH LIỆT Ô TÔ QUA NHÀ GARA RỘNG NHIỀU NGỦ DÂN XÂY,,"Ngô 42 Thįnh Liệt, Phường Thịnh Liệt, Quận Hoàng Mai, Hà NộiXem bản đồ",
45 m²,nhiều hơn 10 phòng,Nhiều hơn 6 phòng,Đã có sổ,"Nhà mặt phố, mặt tiền",3.5 m,,"166,67 triệu/m²",,,,Nội thất đầy đủ,,ha-noi,"Gấp ! CHDV Từ Liêm Xây Mới, Oto Qua, 45m*7T*12p KK, TM, Full Đồ,",,"Đường Trung Văn, Phường Trung Văn, Quận Nam Từ Liêm, Hà NộiXem bản đồ",
35 m²,4 phòng,,,"Nhà ngõ, hẻm",,35 m²,"134,29 triệu/m²",,6,,,,ha-noi,"Cực Hiếm! Phân lô Quân đội Vương Thừa Vũ, thoáng, nhà mới tinh,",,"Vương Thừa Vũ, Phường Khương Mai, Quận Thanh Xuân, Hà NộiXem bản đồ",
38 m²,4 phòng,,,"Nhà ngõ, hẻm",,38 m²,"127,89 triệu/m²",,,,,,ha-noi,"Giá cắt lỗ! Lô góc Thái Hà, thông, kd, gần phố, ngõ nông, 38m2*5T",,"Thái Hà, Phường Trung Liệt, Quận Đống Đa, Hà NộiXem bản đồ",
52 m²,4 phòng,,Đã có sổ,"Nhà ngõ, hẻm",6.5 m,,"153,85 triệu/m²",,5,,,8 m,ha-noi,"NHÀ ĐẸP PHỐ MAI PHÚC, PHÚC ĐỒNG. 52M x 5 T THANG MÁY, GARA Ô TÔ, KD",,"Ngõ 75 Mai Phúc, Phường Thạch Bàn, Quận Long Biên, Hà NộiXem bản đồ",
68 m²,5 phòng,,Đã có sổ,Nhà phố liền kề,,,"176,47 triệu/m²",,4,,Nội thất cao cấp,,ha-noi,"TỔNG CỤC 5 TÂN TRIỀU- HÀ ĐÔNG DT68M, 5 TẦNG. PHÂN LÔ KINH DOANH ĐỈNH.",,"TỔNG CỤC TÂN TRIỀU, Xã Tân Triều, Huyện Thanh Trì, Hà NộiXem bản đồ",
30 m²,2 phòng,,,"Nhà ngõ, hẻm",,,43 triệu/m²,,,,,,ha-noi,TT TẦNG 1 PHỐ TÂN MAI: 30M/ 2 NGỦ- MẶT NGÕ THÔNG Ô TÔ- KINH DOANH.,,"Phố Tân Mai, Phường Tân Mai, Quận Hoàng Mai, Hà NộiXem bản đồ",
65 m²,7 phòng,5 phòng,Đã có sổ,Nhà phố liền kề,,,"106,15 triệu/m²",Nam,5,,,,ha-noi,NHÀ ĐẸP ĐÓN TẾT TRUNG TÂM PHƯỜNG VĨNH HƯNG,,"Phố Vĩnh Hưng, Phường Vĩnh Hưng, Quận Hoàng Mai, Hà NộiXem bản đồ",
55 m²,4 phòng,3 phòng,Đã có sổ,Nhà phố liền kề,,,"163,45 triệu/m²",,34,,Nội thất đầy đủ,,ha-noi,Bán nhà Hào Nam 55m 4 Kinh Doanh ô tô vào nhà xít 9 tỷ có thương lượng,,"Phố Hào Nam, Phường Ô Chợ Dừa, Quận Đống Đa, Hà NộiXem bản đồ",
46 m²,3 phòng,2 phòng,Đã có sổ,"Nhà ngõ, hẻm",,46 m²,"115,22 triệu/m²",,3,,,,ha-noi,DT RỘNG - GIÁ ĐẦU TƯ - CHỈ NHỈNH 5 TỶ Nhà phố Víp #LÊ_TRỌNG_TẤN TX,,"Lê trọng tấn , Phường Khương Mai, Quận Thanh Xuân, Hà NộiXem bản đồ",
50 m²,4 phòng,,Đã có sổ,"Nhà ngõ, hẻm",5 m,,144 triệu/m²,,4,,Nội thất cao cấp,,ha-noi,CHÍNH CHỦ BÁN NHÀ THÁI THỊNH ĐỐNG ĐA 50m NHÀ ĐẸP NHƯ KHÁCH SẠN GẦN PHỐ,,"Ngõ 192 Thái Thịnh, Phường Láng Hạ, Quận Đống Đa, Hà NộiXem bản đồ",
52 m²,6 phòng,6 phòng,Đã có sổ,"Nhà ngõ, hẻm",,,"98,08 triệu/m²",,5,,Nội thất đầy đủ,,ha-noi,"Bán nhà Đội Cấn, mới cứng đón tết, ngõ bagac, 50m ra phố, 52m2, 5 tỷ.",,"Ngõ 285 Đội Cấn, Phường Đội Cấn, Quận Ba Đình, Hà NộiXem bản đồ",
50 m²,5 phòng,,,"Nhà ngõ, hẻm",,,84 triệu/m²,,5,,,,ha-noi,"Bán nhà Mỹ Đình 50m 5 tầng mặt tiền 4.5m, ô tô đỗ cửa. Giá chỉ 4.2 tỷ",,"Ngõ 322 Đường Mỹ Đình, Phường Mỹ Đình 1, Quận Nam Từ Liêm, Hà NộiXem bản đồ",
53 m²,4 phòng,4 phòng,Đã có sổ,"Nhà ngõ, hẻm",4 m,,"116,34 triệu/m²",,4,,,,ha-noi,"Bán nhà Kim Giang DT: 53m2 x 4T, ngõ ô tô, đẹp, ở luôn, giá 6.166 tỷ",,"kim giang, Phường Đại Kim, Quận Hoàng Mai, Hà NộiXem bản đồ",
35 m²,4 phòng,,Đã có sổ,"Nhà ngõ, hẻm",5.26 m,,"114,29 triệu/m²",Đông Nam,6,,,,ha-noi,"CC Bán nhà 6 tầng tại Long Biên giá chỉ 4 tỷ, bán nhanh trong tuần",,"Đức Giang, Phường Thượng Thanh, Quận Long Biên, Hà NộiXem bản đồ",
20 m²,2 phòng,3 phòng,Giấy tờ khác,"Nhà ngõ, hẻm",,,"72,5 triệu/m²",,5,,Nội thất đầy đủ,,ha-noi,"Bán nhà Vĩnh Hưng, Hoàng mai, ngõ to rộng, 20m, 5 tầng, giá 1,45 tỷ",,"Phố Vĩnh Hưng, Phường Vĩnh Hưng, Quận Hoàng Mai, Hà NộiXem bản đồ",
33 m²,3 phòng,,,"Nhà ngõ, hẻm",,,"103,03 triệu/m²",,,,,,ha-noi,"BÁN NHÀ MỚI ĐẸP, NGỌC LÂM, LONG BIÊN",,"NGỌC LÂM, Phường Ngọc Lâm, Quận Long Biên, Hà NộiXem bản đồ",
67 m²,4 phòng,3 phòng,Đã có sổ,"Nhà ngõ, hẻm",,,"82,09 triệu/m²",Nam,3,,,,ha-noi,"Bán nhà 3 tầng, 67m2 tại ngõ 72 đường Cầu Noi phường Cổ Nhuế 2",,"Cầu Noi, Phường Cổ Nhuế 2, Quận Bắc Từ Liêm, Hà NộiXem bản đồ",
36 m²,4 phòng,3 phòng,Đã có sổ,"Nhà ngõ, hẻm",,,"84,72 triệu/m²",,4,,,,ha-noi,🔥TAM TRINH - HOÀNG MAI 🔥. 👉 CHỈ 3 tỷ 50 t,,"tam trinh, Phường Lĩnh Nam, Quận Hoàng Mai, Hà NộiXem bản đồ",
40 m²,5 phòng,,Đã có sổ,"Nhà ngõ, hẻm",,40 m²,"77,5 triệu/m²",,4,,,,ha-noi,💥 NHỈNH 3TỶ NHÀ 40M2 x 5NGỦ NHÀ 37 Đại Đồng,,"Đại Đồng, Phường Thanh Trì, Quận Hoàng Mai, Hà NộiXem bản đồ",
45 m²,3 phòng,4 phòng,Đã có sổ,Nhà phố liền kề,,,"111,11 triệu/m²",,5,,Nội thất đầy đủ,,ha-noi,LẠC LONG QUÂN 45m2x5 tầng-nhỉnh5 tỷ.NHÀ MỚI CỰC ĐẸP -NGÕ THÔNG-20m OTO,,"Lạc Long Quân, Phường Xuân La, Quận Tây Hồ, Hà NộiXem bản đồ",
34 m²,4 phòng,3 phòng,Đã có sổ,"Nhà ngõ, hẻm",,,"55,88 triệu/m²",,3,,Nội thất đầy đủ,,ha-noi,Cần bán nhà Lĩnh Nam-Hoàng Mai-Ngõ thông-10ra ôtô-DT34m-3T-Giá 1.9tỷ,,"Lĩnh Nam, Phường Lĩnh Nam, Quận Hoàng Mai, Hà NộiXem bản đồ",
40 m²,4 phòng,5 phòng,,"Nhà ngõ, hẻm",,,"158,75 triệu/m²",Tây Bắc,5,,Nội thất đầy đủ,,ha-noi,"Hạ chào 500 triệu,Phố Trung Liệt,Đống Đa,Căn góc,Ô Tô, 40m*5T*3.5m",,"Phố Trung Liệt, Phường Trung Liệt, Quận Đống Đa, Hà NộiXem bản đồ",
45 m²,4 phòng,4 phòng,Đã có sổ,"Nhà ngõ, hẻm",,45 m²,"108,89 triệu/m²",,2,,,,ha-noi,"Bán nhà 5 tầng mới Nguyễn Văn Cừ, Long Biên, Hà nội, giá 4,9 tỷ có TL",,"Nguyễn Văn Cừ, Phường Việt Hưng, Quận Long Biên, Hà NộiXem bản đồ",
100 m²,5 phòng,6 phòng,Đã có sổ,"Nhà mặt phố, mặt tiền",,,330 triệu/m²,,6,,Nội thất cao cấp,,ha-noi,"BIỆT THỰ MẶT PHỐ HOÀNG QUỐC VIỆT 100M2, ĐẲNG CẤP THƯỢNG LƯU",,"Hoàng Quốc Việt, Phường Nghĩa Đô, Quận Cầu Giấy, Hà NộiXem bản đồ",
90 m²,8 phòng,6 phòng,Đã có sổ,"Nhà mặt phố, mặt tiền",,,"344,44 triệu/m²",,7,,,,ha-noi,BÁN GẤP NHÀ MẶT PHỐ NGUYỄN SƠN-7 TẦNG THANG MÁY-VỈA HÈ-KINH DOANH.,,"Phố Nguyễn Sơn, Phường Bồ Đề, Quận Long Biên, Hà NộiXem bản đồ",
46 m²,4 phòng,4 phòng,,"Nhà mặt phố, mặt tiền",4 m,46 m²,"146,74 triệu/m²",,,,,,ha-noi,"Siêu Hot nhà Lk Ngô Thì Nhậm- La Khê, 46m/ 4 tầng/4pn ô tô vào nhà",,"Ngô Thì Nhậm, Phường La Khê, Quận Hà Đông, Hà NộiXem bản đồ",
55 m²,3 phòng,4 phòng,,"Nhà mặt phố, mặt tiền",,55 m²,"149,09 triệu/m²",,,,,,ha-noi,"Nhà phố Tô Hiệu- Hà Cầu, 55m / 8 tỷ 2 4 tầng kinh doanh",,"Tô Hiệu, Phường Hà Cầu, Quận Hà Đông, Hà NộiXem bản đồ",
42 m²,2 phòng,,,"Nhà ngõ, hẻm",,,"47,62 triệu/m²",,,,,,ha-noi,VĨNH HƯNG 42M/ 2 TẦNG / 2 NGỦ / GIÁ 2 TỶ. Ô TÔ ĐỖ CỬA.,,"Phố Vĩnh Hưng, Phường Vĩnh Hưng, Quận Hoàng Mai, Hà NộiXem bản đồ",
65 m²,1 phòng,2 phòng,Đã có sổ,"Nhà mặt phố, mặt tiền",,,"126,15 triệu/m²",Đông Nam,3,,,,ha-noi,BÁN NHÀ LÔ GÓC MẶT PHỐ KINH DOANH - VIỆT HƯNG,,"Phố Việt Hưng, Phường Việt Hưng, Quận Long Biên, Hà NộiXem bản đồ",
39 m²,3 phòng,,Đã có sổ,"Nhà ngõ, hẻm",,,"166,67 triệu/m²",,,,,,ha-noi,Bán nhà Lò Đúc tiện kinh doanh 10m ra phố 39m 4tầng nhỉnh 6tỷ,,"Phố Lò Đúc, Phường Phạm Đình Hổ, Quận Hai Bà Trưng, Hà NộiXem bản đồ",
35 m²,4 phòng,5 phòng,Đã có sổ,"Nhà ngõ, hẻm",,,180 triệu/m²,,6,,Nội thất cao cấp,,ha-noi,"Bán nhà phố Xuân La, Tây Hồ_Kinh Doanh_6,3Tỷ.DT 35M_6Tầng_MT4,8M_Ô TÔ.",,"Đường Xuân La, Phường Xuân La, Quận Tây Hồ, Hà NộiXem bản đồ",
80 m²,5 phòng,4 phòng,Đã có sổ,Nhà phố liền kề,,,"199,38 triệu/m²",,4,,Nội thất đầy đủ,,ha-noi,Lk Mặt Phố KDt Văn Quán 80m 4t mt4.5m. vừa ở vừa Kinh doanh cực đỉnh,,"Nguyễn Khuyến, Phường Văn Quán, Quận Hà Đông, Hà NộiXem bản đồ",
37 m²,2 phòng,2 phòng,,"Nhà ngõ, hẻm",,,"70,27 triệu/m²",,3,,,,ha-noi,"cần bán nhà trung tâm đống đa 37m*3 tầng 3 gác đỗ cửa, giá nhỉnh 2 tỷ",,"Ngõ Chợ Khâm Thiên, Phường Trung Phụng, Quận Đống Đa, Hà NộiXem bản đồ",
43 m²,2 phòng,2 phòng,Đã có sổ,"Nhà mặt phố, mặt tiền",,,"323,26 triệu/m²",,3,,Nội thất cao cấp,,ha-noi,ĐẸP LONG LANH – Mặt phố CẦU GIẤY – Vỉa hè đá bóng – Chỉ nhỉnh 13 tỷ,,"Đường Cầu Giấy, Phường Ngọc Khánh, Quận Ba Đình, Hà NộiXem bản đồ",
60 m²,2 phòng,2 phòng,Đã có sổ,"Nhà mặt phố, mặt tiền",,,"208,33 triệu/m²",,3,,Nội thất đầy đủ,,ha-noi,"RẺ ĐẸP QUÁ - Mặt phố, mặt hồ KHƯƠNG THƯỢNG – VIP ĐỐNG ĐA –Nhỉnh 12 tỷ",,"Phố Khương Thượng, Phường Khương Thượng, Quận Đống Đa, Hà NộiXem bản đồ",
32 m²,3 phòng,4 phòng,Đã có sổ,"Nhà ngõ, hẻm",,,"153,13 triệu/m²",,6,,Nội thất cao cấp,,ha-noi,"Bán Nhà Giáp Bát ,Nhà Mới Sổ Phân Lô ,20M Ra Mặt Phố ,Nội Thất Xịn Xò",,"Giáp Bát, Phường Giáp Bát, Quận Hoàng Mai, Hà NộiXem bản đồ",
35 m²,5 phòng,,Đã có sổ,"Nhà ngõ, hẻm",,,"137,14 triệu/m²",,5,,,,ha-noi,"Bán nhà Lê Quang Đạo Từ Liêm, ngõ rộng, nhà 5 tầng, 35 m giá 4.8 tỷ.",,"Đường Lê Quang Đạo, Phường Phú Đô, Quận Nam Từ Liêm, Hà NộiXem bản đồ",
33 m²,4 phòng,,Đã có sổ,"Nhà ngõ, hẻm",,,"130,3 triệu/m²",,5,,,,ha-noi,"Bán nhà Mễ Trì Thượng Từ Liêm, ngõ rộng, nhà 5 tầng, 33m giá 4.3 tỷ.",,"Phố Mễ Trì Thượng, Phường Mễ Trì, Quận Nam Từ Liêm, Hà NộiXem bản đồ",
32 m²,3 phòng,4 phòng,Đã có sổ,"Nhà mặt phố, mặt tiền",,,"93,75 triệu/m²",Đông Bắc,5,,,,ha-noi,NHỈNH 3 TỶ NHÀ MỚI 5 TẦNG VIỆT HƯNG - Ô TÔ CÁCH 10M,,"Phố Vũ Đức Thận, Phường Việt Hưng, Quận Long Biên, Hà NộiXem bản đồ",
80 m²,5 phòng,Nhiều hơn 6 phòng,Đã có sổ,"Nhà ngõ, hẻm",,,"228,75 triệu/m²",,5,,Nội thất cao cấp,,ha-noi,"Hiếm !! Bán Nhà Phan Đình Phùng Ba Đình 18,3 Tỷ 80m2 5 tầng Lô góc",,"Phố Phan Đình Phùng, Phường Quán Thánh, Quận Ba Đình, Hà NộiXem bản đồ",
42 m²,6 phòng,6 phòng,Đã có sổ,"Nhà ngõ, hẻm",,,"164,29 triệu/m²",,44,,Nội thất đầy đủ,,ha-noi,"Nhà ở và kinh doanh 42m2, 4 tầng mặt tiền 3.3m Đống Đa Hà Nội",,"Đường Láng, Phường Láng Hạ, Quận Đống Đa, Hà NộiXem bản đồ",
33 m²,3 phòng,,Đang chờ sổ,"Nhà ngõ, hẻm",3.5 m,,"74,24 triệu/m²",,4,,Nhà trống,,ha-noi,Nhà Phú Lương gần KĐT Thanh Hà cách 10m ra đường ô tô 33m2 nhỉnh 2 tỷ,,"Phố Phú Lương, Phường Phú Lãm, Quận Hà Đông, Hà NộiXem bản đồ",
62 m²,7 phòng,Nhiều hơn 6 phòng,Đã có sổ,"Nhà ngõ, hẻm",,,"274,19 triệu/m²",,7,Hẻm xe hơi,,,ha-noi,Nhà Doãn Kế Thiện 62m2x 7Tầng - Lô Góc - Tháng Máy - ÔTô - Kinh Doanh,,"Doãn Kế Thiện, Phường Mai Dịch, Quận Cầu Giấy, Hà NộiXem bản đồ",
37 m²,3 phòng,2 phòng,Đã có sổ,"Nhà ngõ, hẻm",,,"74,32 triệu/m²",,3,,Nhà trống,,ha-noi,HÀNG KỊCH ĐỘC HỒ TÂY 37m x 3T CHƯA ĐẾN 3Tỷ CÓ NGAY NHÀ GẦN HỒ TÂY,,"Trịnh Công Sơn, Phường Quảng An, Quận Tây Hồ, Hà NộiXem bản đồ",
90 m²,nhiều hơn 10 phòng,Nhiều hơn 6 phòng,Đã có sổ,Nhà phố liền kề,,,"186,67 triệu/m²",Đông,7,,,,ha-noi,"Bán Tòa CCMN 8 Tầng Xây Mới Phố Phương Liệt ,Thanh Xuân .",,"Phương Liệt, Phường Phương Liệt, Quận Thanh Xuân, Hà NộiXem bản đồ",
45 m²,3 phòng,,Đã có sổ,"Nhà ngõ, hẻm",4.5 m,,"111,11 triệu/m²",,5,,,10 m,ha-noi,"NHÀ VĂN LA HÀ ĐÔNG, 45M, 3T, MT 4,5M, GIÁ 5 TỶ",,"LÀNG VĂN PHÚ, Phường Phú La, Quận Hà Đông, Hà NộiXem bản đồ",
27 m²,2 phòng,,Đã có sổ,"Nhà ngõ, hẻm",3 m,,"107,41 triệu/m²",,3,,,,ha-noi,"CẦN BÁN NHÀ CẦU ĐƠ HÀ ĐÔNG, 27M, 3T, MT3M, GIÁ 2,9 TỶ",,"Ngõ Cầu Đơ 4, Phường Hà Cầu, Quận Hà Đông, Hà NộiXem bản đồ",
36 m²,3 phòng,4 phòng,Đã có sổ,"Nhà ngõ, hẻm",,,"124,17 triệu/m²",Đông,3,,,,ha-noi,THANH XUÂN-NHÀ MỚI Ở NGAY-LÔ GÓC-36M2-4 TẦNG ĐỦ CÔNG NĂNG CHỈ HƠN 4 TỶ,,"Đường Nguyễn Trãi, Phường Thanh Xuân Trung, Quận Thanh Xuân, Hà NộiXem bản đồ",
32 m²,4 phòng,4 phòng,Đã có sổ,"Nhà mặt phố, mặt tiền",,,"68,75 triệu/m²",Bắc,5,,,,ha-noi,👧🏻Bán nhà 5 tầng- 32m2- 2.2 tỷ Kim Chung - Phố Nhổn 2km oto vào gần,,"Đường Di Trạch, Xã Di Trạch, Huyện Hoài Đức, Hà NộiXem bản đồ",
55 m²,6 phòng,6 phòng,Đã có sổ,"Nhà ngõ, hẻm",,,"227,27 triệu/m²",,,,Nội thất cao cấp,,ha-noi,"Bán nhà phố Xuân La_Tây Hồ_Thang máy.55M_MT5M_7tầng_12,5tỷ_Nhà mới_ÔTÔ",,"Đường Xuân La, Phường Xuân La, Quận Tây Hồ, Hà NộiXem bản đồ",
70 m²,5 phòng,5 phòng,Đã có sổ,"Nhà mặt phố, mặt tiền",,,"228,57 triệu/m²",,6,,Nội thất cao cấp,,ha-noi,"[ Quá hiếm ] Xuân La, Tây Hồ - khu phân lô - 78m2 - 6 tầng - thang máy",,"Đường Xuân La, Phường Xuân La, Quận Tây Hồ, Hà NộiXem bản đồ",
45 m²,3 phòng,3 phòng,Đã có sổ,,,,"104,44 triệu/m²",Tây Bắc,3,,,,ha-noi,"Bán Nhà mặt phố sầm uất kinh doanh Đại Mạch, Đông Anh, 3 tầng",,"quốc lộ 23, Xã Đại Mạch, Huyện Đông Anh, Hà NộiXem bản đồ",
90 m²,4 phòng,4 phòng,Đã có sổ,"Nhà mặt phố, mặt tiền",,,"81,11 triệu/m²",Tây Nam,1,,,,ha-noi,"Bán Nhà mặt phố Tây Bầu kinh doanh sát UBND xã Kim Chung Đông Anh,90m2",,"Tây Bầu Võ Văn Kiệt, Xã Kim Chung, Huyện Đông Anh, Hà NộiXem bản đồ",
36 m²,3 phòng,3 phòng,Đã có sổ,"Nhà ngõ, hẻm",,,"105,56 triệu/m²",,4,,Nội thất đầy đủ,,ha-noi,"Giá cực sốc! TÔN ĐỨC THẮNG, nhà đẹp như hình, trung tâm phố. 36m*4T",,"Phố Tôn Đức Thắng, Phường Hàng Bột, Quận Đống Đa, Hà NộiXem bản đồ",
37 m²,3 phòng,3 phòng,Đã có sổ,"Nhà ngõ, hẻm",,,"110,81 triệu/m²",,5,,Nội thất đầy đủ,,ha-noi,"Bán Nhà Hoàng Mai - Lô góc - Gần Ô Tô ,Nhà Mới Full Nội Thất",,"Hoàng Mai, Phường Hoàng Văn Thụ, Quận Hoàng Mai, Hà NộiXem bản đồ",
30 m²,3 phòng,4 phòng,Đã có sổ,"Nhà mặt phố, mặt tiền",,,"123,33 triệu/m²",,5,,Nhà trống,,ha-noi,"SIÊU HIẾM - BÁN NHÀ HOÀNG MAI - Ô TÔ ĐỖ CỔNG- DT30x5T, MT 4,6M GIÁ 3,",,"Đường Lĩnh Nam, Phường Vĩnh Hưng, Quận Hoàng Mai, Hà NộiXem bản đồ",
30 m²,3 phòng,,Đã có sổ,"Nhà ngõ, hẻm",6 m,,"92,97 triệu/m²",,,"Hẻm xe hơi,Nở hậu",Nội thất cao cấp,,ha-noi,💋 mặt phố 15m - 3 ngủ - 2 Thoáng - CHỢ + TRƯỜNG sát cạnh - 2km Times,,"Nam Dư, Phường Thanh Trì, Quận Hoàng Mai, Hà NộiXem bản đồ",
56 m²,4 phòng,5 phòng,Đã có sổ,"Nhà ngõ, hẻm",,,"118,75 triệu/m²",,4,,Nội thất cao cấp,,ha-noi,BÁN NHÀ VŨ TÔNG PHAN. KHƯƠNG TRUNG,,"Vũ Tông Phan, Phường Khương Trung, Quận Thanh Xuân, Hà NộiXem bản đồ",
38 m²,3 phòng,4 phòng,Đã có sổ,"Nhà ngõ, hẻm",,,"130,26 triệu/m²",,5,,Nội thất cao cấp,,ha-noi,"2 thoáng Văn Cao, oto gần, đẹp, gần hồ Tây 38m*5T, 4.95 tỷ",,"Đường Văn Cao, Phường Liễu Giai, Quận Ba Đình, Hà NộiXem bản đồ",
46 m²,5 phòng,4 phòng,Đã có sổ,"Nhà ngõ, hẻm",,,"126,09 triệu/m²",,5,,Nội thất cao cấp,,ha-noi,"2 thoáng mới tinh Hào Nam, oto gần, full nội thất 46m*5T, 5.8 tỷ",,"Phố Hào Nam, Phường Ô Chợ Dừa, Quận Đống Đa, Hà NộiXem bản đồ",
38 m²,3 phòng,4 phòng,Đã có sổ,"Nhà ngõ, hẻm",,,"125,79 triệu/m²",,5,,Nội thất cao cấp,,ha-noi,"Bán nhà Xuân Thuỷ, thoáng, gần oto, nội thất mới 38m*5T, 4.78 tỷ",,"Xuân Thuỷ, Phường Dịch Vọng Hậu, Quận Cầu Giấy, Hà NộiXem bản đồ",
