Diện tích đất:,Số phòng ngủ:,Số phòng vệ sinh:,Giấy tờ pháp lý:,Loại hình nhà ở:,Chiều ngang:,Diện tích sử dụng:,Giá/m2:,Hướng cửa chính:,Tổng số tầng:,Đặc điểm nhà/đất:,Tình trạng nội thất:,Chiều dài:,Location,Name,URL,District,Price
31 m²,3 phòng,2 phòng,Đã có sổ,"Nhà mặt phố, mặt tiền",,,"46,77 triệu/m²",Đông Nam,3,,,,ha-noi,Bán nhà 3 tầng ô tô đỗ cửa mới xây 1tỷ 450 triệu- Hà Đông,,"Biên Giang, Phường Biên Giang, Quận Hà Đông, Hà NộiXem bản đồ",
40 m²,3 phòng,,Đã có sổ,"Nhà ngõ, hẻm",,,"137,5 triệu/m²",,5,,Nội thất đầy đủ,,ha-noi,"BÁN NHÀ HOÀNG HOA THÁM, BA ĐÌNH 40m2x5 tầng LÔ GÓC 3 THOÁNG 5.5 TỶ",,"Hoàng Hoa Thám , Phường Liễu Giai, Quận Ba Đình, Hà NộiXem bản đồ",
39 m²,4 phòng,,Đã có sổ,"Nhà ngõ, hẻm",4.1999 m,,"135,64 triệu/m²",,5,,Nội thất đầy đủ,,ha-noi,"Bán nhà Hồ Tùng Mậu Cầu Giấy 5,29 tỷ.Lô góc 4 thoáng,ngõ rộng,gần phố.",,"Hồ tùng mậu, Phường Mai Dịch, Quận Cầu Giấy, Hà NộiXem bản đồ",
40 m²,3 phòng,,Đã có sổ,"Nhà ngõ, hẻm",,,"137,5 triệu/m²",,5,,,,ha-noi,"CẦN BÁN NHÀ TÔN ĐỨC THẮNG, ĐỐNG ĐA GIÁP VĂN MIẾU QUỐC TỬ GIÁM 5.5 TỶ",,"Tôn Đức Thắng , Phường Hàng Bột, Quận Đống Đa, Hà NộiXem bản đồ",
288 m²,5 phòng,,Đã có sổ,Nhà biệt thự,16 m,,"190,97 triệu/m²",Đông Nam,,,Bàn giao thô,,ha-noi,"Đơn Lập Vip Ngọc Trai 288m2, đông nam giá 55 tỷ Vin Gia Lâm",,"Ngọc Trai, Xã Đa Tốn, Huyện Gia Lâm, Hà NộiXem bản đồ",
30 m²,3 phòng,4 phòng,Đã có sổ,"Nhà ngõ, hẻm",,,"132,67 triệu/m²",,4,,,,ha-noi,Cần Bán Nhà Măt Ngõ Phố Thành Công 30m X4 Tầng Nhà Đẹp Ở Luôn Hơn 3 tỷ,," Thành Công, Phường Cống Vị, Quận Ba Đình, Hà NộiXem bản đồ",
50 m²,3 phòng,3 phòng,Đã có sổ,"Nhà mặt phố, mặt tiền",,,48 triệu/m²,Đông Nam,4,,,,ha-noi,"Hàng Hiếm , Diện tích rộng50m2 xây 3tầng giá chỉ2,4 tỉ, tại Đại Thanh",,"Đại Thành- Đông La, Phường Yên Nghĩa, Quận Hà Đông, Hà NộiXem bản đồ",
30 m²,3 phòng,4 phòng,Đã có sổ,Nhà phố liền kề,,,70 triệu/m²,,5,,Nội thất đầy đủ,,ha-noi,"Bán Nhà Yên Nghĩa, xây dựng 5 tầng giá chỉ 2,1 tỉ đồng",,"Yên Nghĩa, Phường Yên Nghĩa, Quận Hà Đông, Hà NộiXem bản đồ",
50 m²,4 phòng,,,"Nhà ngõ, hẻm",,,165 triệu/m²,,,"Hẻm xe hơi,Nở hậu",,,ha-noi,HOA HẬU THANH XUÂN - 7 CHỖ CHUI TỌT VÀO NHÀ!!!!,,"quan nhân, Phường Nhân Chính, Quận Thanh Xuân, Hà NộiXem bản đồ",
80 m²,5 phòng,,Đã có sổ,"Nhà mặt phố, mặt tiền",,,"337,5 triệu/m²",,8,,Nội thất cao cấp,,ha-noi,"Bán gấp nhà mặt phố Đồng Cổ_Kinh doanh sầm uất.80M_8 tầng_MT 8,8M_27tỷ",,"Phố Đồng Cổ, Phường Thụy Khuê, Quận Tây Hồ, Hà NộiXem bản đồ",
33 m²,3 phòng,,Đã có sổ,"Nhà ngõ, hẻm",,,"90,91 triệu/m²",,,,,,ha-noi,"Nhà ô tô tránh, ngõ quá đẹp Lĩnh Nam 33m2 x 4T, MT3 nhỉnh 3 tỷ",,"Ngõ 393 Lĩnh Nam, Phường Vĩnh Hưng, Quận Hoàng Mai, Hà NộiXem bản đồ",
59 m²,5 phòng,,,"Nhà mặt phố, mặt tiền",,,"71,19 triệu/m²",,,,,,ha-noi,"Bán nhà Vũ Xuân Thiều, Long Biên, Gara ô tô, lô góc, đẹp hiếm có",,"Vũ Xuân Thiều, Phường Sài Đồng, Quận Long Biên, Hà NộiXem bản đồ",
45 m²,5 phòng,5 phòng,Đã có sổ,"Nhà ngõ, hẻm",,,"127,78 triệu/m²",,5,,Nội thất cao cấp,,ha-noi,"Chủ Giử Bán Nhà Giảng Võ Ba Đình, 5 Tầng 45m2 Oto gần",,"Giang Vo, Phường Giảng Võ, Quận Ba Đình, Hà NộiXem bản đồ",
20 m²,2 phòng,1 phòng,Đang chờ sổ,"Nhà ngõ, hẻm",,,34 triệu/m²,Nam,2,,,,ha-noi,bán nhà 2 khung,,"Phố Tân Mỹ, Phường Mỹ Đình 1, Quận Nam Từ Liêm, Hà NộiXem bản đồ",
86 m²,4 phòng,4 phòng,,"Nhà mặt phố, mặt tiền",7 m,,"204,65 triệu/m²",,4,,,,ha-noi,"Mặt phố Chùa Quỳnh, 86m x 4T, MT 7m, thang máy, kinh doanh,giá 17.6 tỷ",,"Phố Chùa Quỳnh, Phường Quỳnh Lôi, Quận Hai Bà Trưng, Hà NộiXem bản đồ",
65 m²,6 phòng,5 phòng,Đã có sổ,"Nhà ngõ, hẻm",,,"184,62 triệu/m²",,5,,,,ha-noi,"Bán nhà Đền Lừ,65m - 5T - MT4m-sát công viên-ô tô tải tránh-kinh doanh",," lô 12 đền lừ 1, Phường Hoàng Văn Thụ, Quận Hoàng Mai, Hà NộiXem bản đồ",
36 m²,3 phòng,,Đã có sổ,"Nhà ngõ, hẻm",,,"133,33 triệu/m²",,,,,,ha-noi,"Cực rẻ! Căn góc Hào Nam, ngõ thông, mới, thoáng, ở ngay, 36m2*4T",,"Phố Hào Nam, Phường Ô Chợ Dừa, Quận Đống Đa, Hà NộiXem bản đồ",
36 m²,4 phòng,4 phòng,Đã có sổ,"Nhà ngõ, hẻm",,,"102,5 triệu/m²",Đông Nam,5,,,,ha-noi,🏠 Nhà Phố Hoè thị 36m Sát đường Trịnh văn bô,,"Phố Hòe Thị, Phường Phương Canh, Quận Nam Từ Liêm, Hà NộiXem bản đồ",
60 m²,4 phòng,4 phòng,,"Nhà ngõ, hẻm",4.5 m,,"191,67 triệu/m²",,5,,,15 m,ha-noi,"Bán nhà lô góc Nguyễn Xiển Thanh Xuân 60m 5 tầng MT5m ô tô tránh, KD.",,"Nguyễn Xiển, Phường Hạ Đình, Quận Thanh Xuân, Hà NộiXem bản đồ",
52 m²,4 phòng,4 phòng,Đã có sổ,"Nhà ngõ, hẻm",,,"230,77 triệu/m²",,5,,Nội thất đầy đủ,,ha-noi,Bán nhà Mặt Hồ đường Trường Chinh. 52m2 - 12Tỷ. 5 Tầng dân xây - Mặt H,,"Đường Trường Chinh, Phường Khương Thượng, Quận Đống Đa, Hà NộiXem bản đồ",
50 m²,6 phòng,4 phòng,Đã có sổ,"Nhà mặt phố, mặt tiền",,,100 triệu/m²,,5,,Nội thất cao cấp,,ha-noi,BÁN NHÀ ĐỘI CẤN- 50M2- 5 TẦNG- NHỈNH 5 TỶ- TRUNG TÂM- NHÀ MỚI-SANG XỊN,,"Đội Cấn, Phường Đội Cấn, Quận Ba Đình, Hà NộiXem bản đồ",
44 m²,5 phòng,5 phòng,Đã có sổ,"Nhà ngõ, hẻm",,,"159,09 triệu/m²",,7,,Nội thất cao cấp,,ha-noi,"Nhà 7 tầng có Thang Máy, Nguyễn Khang, Cầu Giấy 44m2, 7 tầng, 7 tỷ",,"Nguyễn Khang, Phường Trung Hoà, Quận Cầu Giấy, Hà NộiXem bản đồ",
37 m²,3 phòng,4 phòng,,"Nhà ngõ, hẻm",,,110.811 đ/m²,Đông Nam,5,,Nhà trống,,ha-noi,Bán nhà phố cổ 111 Nguyễn Văn Cừ thông ngõ 66 Ngọc Lâm - Long Biên.,,"66 Ngọc Lâm, Phường Ngọc Lâm, Quận Long Biên, Hà NộiXem bản đồ",
51 m²,7 phòng,4 phòng,Đã có sổ,"Nhà ngõ, hẻm",,,"91,18 triệu/m²",,5,,Nội thất đầy đủ,,ha-noi,Bán nhà Mỹ Đình 5 tầng diện tích 51m2 nhà rộng thoáng sáng.,,"đường Mỹ Đình, Phường Mỹ Đình 1, Quận Nam Từ Liêm, Hà NộiXem bản đồ",
218 m²,8 phòng,Nhiều hơn 6 phòng,Đã có sổ,"Nhà mặt phố, mặt tiền",,,"444,95 triệu/m²",,9,,Nội thất đầy đủ,,ha-noi,"Bán nhà mặt phố Đặng Tiến Đông: hơn 200m, xây 9 tầng, mặt tiền hơn 8m.",,"Phố Đặng Tiến Đông, Phường Trung Liệt, Quận Đống Đa, Hà NộiXem bản đồ",
38 m²,3 phòng,3 phòng,Đã có sổ,"Nhà ngõ, hẻm",,38 m²,"89,47 triệu/m²",,,,Nội thất đầy đủ,,ha-noi,"Nhà Định Công 38m2 x 5T, ngõ to đẹp, ở luôn, 3,4 tỷ",,"định công, Phường Định Công, Quận Hoàng Mai, Hà NộiXem bản đồ",
60 m²,4 phòng,4 phòng,Đã có sổ,"Nhà mặt phố, mặt tiền",,,"86,67 triệu/m²",,4,,Nội thất cao cấp,,ha-noi,"Bán nhà Linh Đàm 61m2 x5T,mt 4,5m,nhà mới,đẹp,ở luôn,giá 5,2 tỷ",,"kim giang, Phường Đại Kim, Quận Hoàng Mai, Hà NộiXem bản đồ",
34 m²,3 phòng,4 phòng,Đã có sổ,"Nhà ngõ, hẻm",,,"134,71 triệu/m²",,4,,Nội thất đầy đủ,,ha-noi,Hạ giá 200 triệu để bán nhanh nhà phố Hào Nam thông Đê La Thành 3 ngủ,,"Phố Hào Nam, Phường Ô Chợ Dừa, Quận Đống Đa, Hà NộiXem bản đồ",
35 m²,3 phòng,3 phòng,Đã có sổ,"Nhà ngõ, hẻm",,,"85,71 triệu/m²",Bắc,5,,,,ha-noi,BÁN NHÀ NHƯ ẢNH CỔ LINH-THẠCH BÀN 35M 5 TẦNG 2 THOÁNG FULL ĐỒ ~ 3 TỶ,,"CỔ LINH, Phường Thạch Bàn, Quận Long Biên, Hà NộiXem bản đồ",
56 m²,3 phòng,,,"Nhà ngõ, hẻm",,56 m²,"83,93 triệu/m²",,,,,,ha-noi,"Hot! Nhà Đống Đa, mặt ngõ thông, ô tô, kinh doanh sầm uất, 56m2",,"Phố Khâm Thiên, Phường Khâm Thiên, Quận Đống Đa, Hà NộiXem bản đồ",
35 m²,3 phòng,3 phòng,,"Nhà ngõ, hẻm",3.2999 m,35 m²,"107,14 triệu/m²",,4,,,,ha-noi,"CHÍNH CHỦ BÁN NHÀ KHÂM THIÊN! ĐỐNG ĐA, THOÁNG SÁNG, 35M2 CHÀO 3.75 TỶ",,"Phố Khâm Thiên, Phường Khâm Thiên, Quận Đống Đa, Hà NộiXem bản đồ",
35 m²,4 phòng,4 phòng,Đã có sổ,"Nhà ngõ, hẻm",,,"91,43 triệu/m²",,4,,Nội thất đầy đủ,,ha-noi,"Nhà Phú Diễn 5Tầng 35m Full Đồ Sát ĐH Tài Nguyên Môi Trường giá 3,2 tỷ",,"Đường Phú Diễn, Phường Phú Diễn, Quận Bắc Từ Liêm, Hà NộiXem bản đồ",
46 m²,4 phòng,5 phòng,Đã có sổ,"Nhà mặt phố, mặt tiền",,46 m²,"130,43 triệu/m²",,,,Nội thất đầy đủ,,ha-noi,CỰC CỰC HIẾM 💥BÁN NHÀ TRẦN ĐẠI NGHĨA 6.X TỶ 46M -MỚI XÂY Ô TÔ ĐỖ CỬA,,"Trần Đại Nghĩa, Phường Bách Khoa, Quận Hai Bà Trưng, Hà NộiXem bản đồ",
55 m²,5 phòng,5 phòng,Đã có sổ,"Nhà ngõ, hẻm",,,"181,82 triệu/m²",,5,,Nội thất cao cấp,,ha-noi,"MẶT NGÕ THÔNG 2 Ô TÔ TRÁNH, 55M2 LẠC LONG QUÂN,KINH DOANH CỰC VIP",,"Đường Lạc Long Quân, Phường Bưởi, Quận Tây Hồ, Hà NộiXem bản đồ",
70 m²,4 phòng,5 phòng,Đã có sổ,"Nhà mặt phố, mặt tiền",,,"171,43 triệu/m²",,6,,Nội thất cao cấp,,ha-noi,"Bán nhà Gia Thuỵ, Long Biên 70m 6 tầng MT4,5m ô tô tránh, gara 12 tỷ",,"Đường Nguyễn Văn Cừ, Phường Gia Thụy, Quận Long Biên, Hà NộiXem bản đồ",
65 m²,4 phòng,4 phòng,Đã có sổ,"Nhà mặt phố, mặt tiền",,,"104,62 triệu/m²",,5,,Nội thất đầy đủ,,ha-noi,"Bán gấp nhà Sài Đồng lô góc, ô tô tránh, vỉa hè kdoanh 65m 6,8 tỷ",,"Phố Sài Đồng, Phường Sài Đồng, Quận Long Biên, Hà NộiXem bản đồ",
55 m²,5 phòng,,Đã có sổ,"Nhà mặt phố, mặt tiền",5 m,55 m²,"227,27 triệu/m²",,,,,11 m,ha-noi,BÁN NHÀ NGOẠI GIAO ĐOÀN 55m 7 TẦNG THANG MÁY Ô TÔ QUA NHÀ KINH DOANH,,"VÕ CHÍ CÔNG, Phường Nhật Tân, Quận Tây Hồ, Hà NộiXem bản đồ",
126 m²,3 phòng,2 phòng,Đã có sổ,"Nhà ngõ, hẻm",,197 m²,"36,9 triệu/m²",,,,Nội thất đầy đủ,,ha-noi,CHÍNH CHỦ BÁN CĂN HỘ LÔ GÓC TOÀ A4 DIỆN TÍCH 126m - 3 NGỦ - 2WC - GIÁ,,"Phố Hàm Nghi, Phường Mỹ Đình 2, Quận Nam Từ Liêm, Hà NộiXem bản đồ",
32 m²,3 phòng,4 phòng,Đã có sổ,Nhà phố liền kề,,,"76,56 triệu/m²",,5,,Nội thất đầy đủ,,ha-noi,"Hot nhất phường bán nhà 32m2 xây 5 tầng, Cự Khối,,Bát Khối, Long Biên",,"Hoà bình, Phường Cự Khối, Quận Long Biên, Hà NộiXem bản đồ",
51 m²,4 phòng,,Đã có sổ,"Nhà mặt phố, mặt tiền",4.9 m,51 m²,"235,29 triệu/m²",,5,,,,ha-noi,"MẶT PHỐ KHƯƠNG THƯỢNG 51M2, 5 TẦNG, Ô TÔ TRÁNH, KINH DOANH, GIÁ 12 TỶ",,"Phố Khương Thượng, Phường Khương Thượng, Quận Đống Đa, Hà NộiXem bản đồ",
35 m²,3 phòng,4 phòng,Đã có sổ,"Nhà ngõ, hẻm",,,170 triệu/m²,,5,,Nội thất đầy đủ,,ha-noi,BÁN NHÀ XÃ ĐÀN - ĐỐNG ĐA - 10 M Ô TÔ ĐỖ - LÔ GÓC 2 THOÁNG - SỔ ĐẸP,,"Xã Đàn, Phường Kim Liên, Quận Đống Đa, Hà NộiXem bản đồ",
62 m²,4 phòng,,Đã có sổ,"Nhà ngõ, hẻm",7 m,,"112,9 triệu/m²",,4,,Nội thất đầy đủ,,ha-noi,CHỈ 100TR/ M2 - HÀO NAM - 65M2 X 5T - NHÀ ĐẸP Ở NGAY - Ô CHỜ THANG MÁY,,"HÀO NAM, Phường Ô Chợ Dừa, Quận Đống Đa, Hà NộiXem bản đồ",
37 m²,1 phòng,1 phòng,,"Nhà mặt phố, mặt tiền",,,"99,46 triệu/m²",,,,,,ha-noi,Bán gấp nhà 5 tầng Lô Góc đẹp rẻ tại ngõ 269 Ngọc Thuỵ,,"Ngọc Thụy, Phường Ngọc Thụy, Quận Long Biên, Hà NộiXem bản đồ",
20 m²,2 phòng,,,"Nhà ngõ, hẻm",,,144 triệu/m²,,,,,,ha-noi,Bán gấp nhà đẹp 4 tầng rẻ nhất thị trường hiện tại tại Đại La - Hai Bà,,"Phố Đại La, Phường Trương Định, Quận Hai Bà Trưng, Hà NộiXem bản đồ",
40 m²,4 phòng,3 phòng,Đã có sổ,"Nhà mặt phố, mặt tiền",,,"112,5 triệu/m²",,,,,,ha-noi,BÁN NHÀ PHÚ ĐÔ-40M2-4 TẦNG-4 TỈ HƠN-MẶT ĐƯỜNG Ô TÔ TRÁNH- KINH DOANH,,"Đường Lê Quang Đạo, Phường Phú Đô, Quận Nam Từ Liêm, Hà NộiXem bản đồ",
42 m²,4 phòng,,Đã có sổ,"Nhà ngõ, hẻm",,,"104,52 triệu/m²",,4,,Nội thất đầy đủ,,ha-noi,Ngõ 168 Kim Giang- Hoàng Mai-Ngõ rộng 3m- Oto sát nhà- 42m*4T- 4.39 tỷ,,"Kim Giang, Phường Đại Kim, Quận Hoàng Mai, Hà NộiXem bản đồ",
34 m²,3 phòng,,Đã có sổ,"Nhà ngõ, hẻm",4 m,,"99,71 triệu/m²",,4,,,8 m,ha-noi,"Bán nhà Khương Trung, Thanh Xuân: 34m2*4T chỉ 3 tỷ 39 gần ô tô, ở luôn",,"Phố Khương Trung, Phường Khương Trung, Quận Thanh Xuân, Hà NộiXem bản đồ",
35 m²,4 phòng,5 phòng,Đã có sổ,"Nhà ngõ, hẻm",,,"128,57 triệu/m²",,5,,Nội thất đầy đủ,,ha-noi,4.5 tỷ nhà Lai Xá-36m2-5 tầng-oto đỗ cửa-ngõ thông-kinh doanh,,"Đường Lai Xá, Xã Kim Chung, Huyện Hoài Đức, Hà NộiXem bản đồ",
85 m²,4 phòng,,,"Nhà mặt phố, mặt tiền",,,"129,41 triệu/m²",,,Nở hậu,,,ha-noi,"Bán nhà Phố LONG BIÊN 85m2 giá 11 tỷ, ô tô đỗ cửa , kinh doanh đỉnh",,"Ngõ 163 Phố Tư Đình, Phường Long Biên, Quận Long Biên, Hà NộiXem bản đồ",
50 m²,4 phòng,4 phòng,,"Nhà mặt phố, mặt tiền",,50 m²,132 triệu/m²,,4,,,,ha-noi,"Bán Nhà 259 Phố Vọng,50m2,ôtô đỗ, nhà đẹp long lanh ,giá 6,4 tỷ",,"Phố Vọng, Phường Đồng Tâm, Quận Hai Bà Trưng, Hà NộiXem bản đồ",
43 m²,4 phòng,4 phòng,Đã có sổ,"Nhà mặt phố, mặt tiền",,,"202,33 triệu/m²",,7,,Nội thất cao cấp,,ha-noi,8.7 TỶ_ MẶT PHỐ KINH DOANH_ NHÀ ĐẸP_ VỈA HÈ ĐÁ BÓNG_,,"Đường Bưởi, Phường Cống Vị, Quận Ba Đình, Hà NộiXem bản đồ",
35 m²,3 phòng,4 phòng,Đã có sổ,"Nhà ngõ, hẻm",,,"117,71 triệu/m²",,5,,Nội thất cao cấp,,ha-noi,CHÍNH CHỦ BÁN CỰ LỘC 35m*5T 4 tỷ12 KO CÓ CĂN THỨ 2 NHÀ CÒN MỚI Ở LUON,,"Cự Lộc, Phường Nhân Chính, Quận Thanh Xuân, Hà NộiXem bản đồ",
42 m²,6 phòng,,,"Nhà ngõ, hẻm",,,"109,52 triệu/m²",,,,,,ha-noi,Sắp Tuyệt Chủng_Chùa Láng_Nhà Đẹp_Đón Tết_Ngõ Rộng_Thoáng Trước Sau,,"Phố Chùa Láng, Phường Láng Thượng, Quận Đống Đa, Hà NộiXem bản đồ",
42 m²,4 phòng,4 phòng,Đã có sổ,"Nhà ngõ, hẻm",,,"116,67 triệu/m²",,5,,Nội thất đầy đủ,,ha-noi,"NGỌC HÀ - BA ĐÌNH - 42m2x5T LÔ GÓC, OTO 3m, Ở NGAY",,"Ngõ 158 Ngọc Hà, Phường Ngọc Hà, Quận Ba Đình, Hà NộiXem bản đồ",
70 m²,5 phòng,3 phòng,Đã có sổ,Nhà phố liền kề,,,"357,14 triệu/m²",Tây Bắc,4,,,,ha-noi,đẳng cấp phân lô phố láng hạ -70m 4 tầng mặt tiền 5m5 giá chào 25ty,,"Láng Hạ, Phường Láng Hạ, Quận Đống Đa, Hà NộiXem bản đồ",
40 m²,3 phòng,,Đã có sổ,"Nhà ngõ, hẻm",6 m,,95 triệu/m²,,3,,,,ha-noi,"BÁN NHÀ PHỐ THANH BÌNH HÀ ĐÔNG. 40M, 3T, MT6M, GIÁ 3,8 TỶ",,"ĐƯỜNG THANH BÌNH, Phường Văn Quán, Quận Hà Đông, Hà NộiXem bản đồ",
100 m²,2 phòng,2 phòng,Đã có sổ,"Nhà mặt phố, mặt tiền",8 m,,70 triệu/m²,,,,Nội thất cao cấp,,ha-noi,bán căn hộ tập thể t1 phố tô hiệu cầu giấy 27/100m2 mặt tiền 8m,,"Tô Hiệu , Phường Nghĩa Tân, Quận Cầu Giấy, Hà NộiXem bản đồ",
30 m²,4 phòng,,,"Nhà ngõ, hẻm",,30 m²,"146,67 triệu/m²",,6,,,,ha-noi,"B.Á.N NH.À PHỐ LĨNH NAM x VĨNH HƯNG, DT30M, 6T, Giá Cực Êm",,"Phố Vĩnh Hưng, Phường Vĩnh Hưng, Quận Hoàng Mai, Hà NộiXem bản đồ",
45 m²,4 phòng,4 phòng,,"Nhà mặt phố, mặt tiền",4 m,45 m²,"174,44 triệu/m²",,,"Nở hậu,Hẻm xe hơi",,,ha-noi,"Bán nhà Phú Diễn, mặt Phố kd đỉnh,gara oto,ô chờ thang máy,45m*5T*mt4m",,"Đường Phú Diễn, Phường Phú Diễn, Quận Bắc Từ Liêm, Hà NộiXem bản đồ",
35 m²,3 phòng,4 phòng,,"Nhà ngõ, hẻm",4 m,,"94,29 triệu/m²",,5,,Nội thất cao cấp,,ha-noi,"Siêu ngon, phố Văn Trì, gần ĐH Công Nghiệp,sd40*5T",,"Phố Văn Trì, Phường Minh Khai, Quận Bắc Từ Liêm, Hà NộiXem bản đồ",
36 m²,1 phòng,,Đã có sổ,"Nhà mặt phố, mặt tiền",,59 m²,"255,56 triệu/m²",,2,,Nhà trống,,ha-noi,BÁN RẺ NHÀ MẶT PHỐ NGÕ GẠCH. HOÀN KIẾM. HÀ NỘI,,"Phố Ngõ Gạch, Phường Hàng Buồm, Quận Hoàn Kiếm, Hà NộiXem bản đồ",
30 m²,5 phòng,5 phòng,Đã có sổ,"Nhà ngõ, hẻm",,,150 triệu/m²,,5,,Nội thất đầy đủ,,ha-noi,Bán nhà lô góc Mỹ Đình 30m xây 5T Ôtô qua dòng tiền 20tr/T giá 4.5tỷ,,"Đường Phú Mỹ, Phường Mỹ Đình 2, Quận Nam Từ Liêm, Hà NộiXem bản đồ",
25 m²,2 phòng,,,"Nhà ngõ, hẻm",,,88 triệu/m²,,,,,,ha-noi,Bán Nhà-Vọng Hà-Hoàn Kiếm- 3Tx25m Giá 2.2 Tỷ,,"Vọng Hà, Phường Chương Dương, Quận Hoàn Kiếm, Hà NộiXem bản đồ",
35 m²,4 phòng,,Đã có sổ,"Nhà ngõ, hẻm",3.5 m,,110 triệu/m²,,4,,,,ha-noi,"BÁN NHÀ PHỐ TRIỀU KHÚC, DT35/38M, 4T, MT 3,5M, GIÁ 3,85 TỶ",,"PHỐ TRIỀU KHÚC, Xã Tân Triều, Huyện Thanh Trì, Hà NộiXem bản đồ",
70 m²,6 phòng,,Đã có sổ,"Nhà ngõ, hẻm",,70 m²,"228,57 triệu/m²",,,Hẻm xe hơi,,,ha-noi,"Bán nhà phân lô Nguyễn Hoàng, 3 ô tô tránh, 70m2 x 5T x 5m MT.",,"Nguyễn Hoàng, Phường Mai Dịch, Quận Cầu Giấy, Hà NộiXem bản đồ",
65 m²,6 phòng,,Đã có sổ,"Nhà ngõ, hẻm",,,"173,08 triệu/m²",,,,,,ha-noi,"Bán nhà Phạm Tuấn Tài, gara, ô tô tránh, DT 65m",,"Phạm Tuấn Tài, Phường Dịch Vọng Hậu, Quận Cầu Giấy, Hà NộiXem bản đồ",
41 m²,4 phòng,,,"Nhà ngõ, hẻm",,,80 triệu/m²,,,,,,ha-noi,Tôi chính chủ bán nhà ngõ 96 phố Thượng Thanh,,"Hẻm 96/38/11 Phố Thượng Thanh, Phường Thượng Thanh, Quận Long Biên, Hà NộiXem bản đồ",
52 m²,4 phòng,3 phòng,Đã có sổ,"Nhà ngõ, hẻm",3.7 m,,165 triệu/m²,,4,,,,ha-noi,"Nhà Quang Trung mới đẹp ở ngay sát chợ kinh doanh-52m 4T giá 8,58tỷ",,"Đường Quang Trung, Phường Phú La, Quận Hà Đông, Hà NộiXem bản đồ",
38 m²,4 phòng,,,"Nhà ngõ, hẻm",,38 m²,"124,47 triệu/m²",,,,,,ha-noi,"Đại Hạ Giá! Xã Đàn, lô góc, ô tô, kinh doanh, mặt ngõ, 38m2*5T",,"Xã Đàn, Phường Ô Chợ Dừa, Quận Đống Đa, Hà NộiXem bản đồ",
20 m²,3 phòng,4 phòng,Đã có sổ,"Nhà ngõ, hẻm",4.1 m,,"131,5 triệu/m²",,,,Nội thất đầy đủ,,ha-noi,"Quanh 2.5 tỷ có nhà Tô Hiệu 3 bước ra phố, nhỏ mà hợp lý.",,"Tô Hiệu, Phường Nguyễn Trãi, Quận Hà Đông, Hà NộiXem bản đồ",
38 m²,4 phòng,3 phòng,Đã có sổ,"Nhà ngõ, hẻm",3.7999 m,,"76,32 triệu/m²",,4,,,,ha-noi,"Bán nhà ngõ 734 /5 Thành liệt Linh Đàm Hoàng Mai 38m2 MT 3,8m.",,"Đường Thanh Liệt, Xã Thanh Liệt, Huyện Thanh Trì, Hà NộiXem bản đồ",
42 m²,5 phòng,4 phòng,,"Nhà ngõ, hẻm",,42 m²,"138,1 triệu/m²",,5,,,,ha-noi,"Bán nhà Đền Lừ, 42m2 x 6T x 5.8 tỷ - thang máy - gần phố",,"Đền Lừ, Phường Hoàng Văn Thụ, Quận Hoàng Mai, Hà NộiXem bản đồ",
35 m²,3 phòng,4 phòng,Đã có sổ,"Nhà ngõ, hẻm",,,"121,14 triệu/m²",,5,,Nội thất đầy đủ,,ha-noi,"Giật mình! CỰ LỘC!lung linh thời thượng,ngõ rộng thoáng,ở ngay. 35m*5T",,"Cự Lộc, Phường Thượng Đình, Quận Thanh Xuân, Hà NộiXem bản đồ",
51 m²,6 phòng,,Đã có sổ,"Nhà ngõ, hẻm",4.5998 m,29 m²,"121,57 triệu/m²",,5,,,,ha-noi,"Bán nhà Tây Sơn, Đống Đa - 51m2x5Tx4.6mMT, Dân xây, Gần phố, 6.2 tỷ",,"Phố Tây Sơn, Phường Ngã Tư Sở, Quận Đống Đa, Hà NộiXem bản đồ",
42 m²,4 phòng,,Đã có sổ,"Nhà ngõ, hẻm",,,"121,43 triệu/m²",,,,,,ha-noi,"Thật 1000%! Ngay Xuân Thuỷ, sát ô tô, kinh doanh, khu VIP,42m2*4T",,"Cầu Giấy, Phường Dịch Vọng Hậu, Quận Cầu Giấy, Hà NộiXem bản đồ",
32 m²,3 phòng,,Đã có sổ,"Nhà ngõ, hẻm",4.1999 m,,"158,75 triệu/m²",,5,,Nội thất cao cấp,,ha-noi,"CỰC ĐỘC, SIÊU HIẾM, NHÀ 5 TẦNG TRUNG TÂM CẦU GIẤY- OTO - MẶT TIỀN RỘNG",,"Cầu Giấy, Phường Quan Hoa, Quận Cầu Giấy, Hà NộiXem bản đồ",
36 m²,4 phòng,3 phòng,Đã có sổ,"Nhà ngõ, hẻm",,,"111,11 triệu/m²",,4,,Nội thất cao cấp,,ha-noi,"HIếm! Nhà phố Khương Đình, 36m, 4T, mt 3.8m, giá chỉ 4 tỷ hơn ngõ 3m",,"Khương Đình, Phường Hạ Đình, Quận Thanh Xuân, Hà NộiXem bản đồ",
25 m²,4 phòng,4 phòng,Đã có sổ,"Nhà ngõ, hẻm",,,144 triệu/m²,Nam,6,,,,ha-noi,"Trương Định, Hai Bà Trưng 25m2 x 6 tầng, nhà mới , ngõ nông, giá rẻ",,"Đường Trương Định, Phường Trương Định, Quận Hai Bà Trưng, Hà NộiXem bản đồ",
40 m²,4 phòng,4 phòng,,"Nhà ngõ, hẻm",3.7999 m,40 m²,"97,5 triệu/m²",,,,,,ha-noi,BÁN NHÀ LĨNH NAM _VĨNH HƯNG -Ô TÔ ĐỖ CỬA -MẶT NGÕ THÔNG -GẦN PHỐ,,"Lĩnh Nam, Phường Lĩnh Nam, Quận Hoàng Mai, Hà NộiXem bản đồ",
33 m²,4 phòng,,Đã có sổ,"Nhà ngõ, hẻm",,33 m²,"90,91 triệu/m²",,4,,,,ha-noi,🔥Nhà Nam Dư Lĩnh Nam 33M2 x 4Ngủ Ô tô đỗ,,"Nam Dư, Phường Lĩnh Nam, Quận Hoàng Mai, Hà NộiXem bản đồ",
16 m²,3 phòng,2 phòng,,"Nhà ngõ, hẻm",3 m,,"123,75 triệu/m²",,4,,,5.5 m,ha-noi,"BÁN NHÀ QUẬN ĐỐNG ĐA, PHỐ CHỢ KHÂM THIÊN, 4 TẦNG, CHỈ 1,98 TỶ",,"Ngõ Chợ Khâm Thiên, Phường Trung Phụng, Quận Đống Đa, Hà NộiXem bản đồ",
76 m²,4 phòng,,Đã có sổ,"Nhà ngõ, hẻm",,,"91,97 triệu/m²",,,,,,ha-noi,BÁN NHÀ HOÀNG HOA THÁM 76m2x4 tầng NHỈNH 6 TỶ,,"Hoàng Hoa Thám , Phường Liễu Giai, Quận Ba Đình, Hà NộiXem bản đồ",
32 m²,3 phòng,3 phòng,Đã có sổ,"Nhà ngõ, hẻm",3.5 m,,"73,44 triệu/m²",,4,,,,ha-noi,"NHÀ RẺ NHẤT KHU VỰC TẢ THANH OAI - LINH ĐÀM ĐẦY ĐỦ CÔNG NĂNG 2,35 tỷ.",,"Tả Thanh Oai, Xã Tả Thanh Oai, Huyện Thanh Trì, Hà NộiXem bản đồ",
36 m²,3 phòng,4 phòng,Đã có sổ,"Nhà ngõ, hẻm",,,"73,61 triệu/m²",Đông Nam,5,,,,ha-noi,"+CHỦ CẦN TIỀN GẤP-BÀN NHÀ CỰ KHỐI-LONG BIÊN. DT 36M MT4M CHỈ 2,65 tỷ",,"Phố Xuân Đỗ, Phường Cự Khối, Quận Long Biên, Hà NộiXem bản đồ",
30 m²,3 phòng,3 phòng,Đã có sổ,"Nhà ngõ, hẻm",,30 m²,85 triệu/m²,,4,,,,ha-noi,"Nhà mới 4 tầng rẻ nhất quận long biên,sát đường to",,"Bát Khối, Phường Thạch Bàn, Quận Long Biên, Hà NộiXem bản đồ",
50 m²,4 phòng,3 phòng,Đã có sổ,"Nhà ngõ, hẻm",,,110 triệu/m²,,4,,Nội thất đầy đủ,,ha-noi,"Hoa hậu tôn đức thắng.10m ra mặt phố.50m2, 4 tầng,MT 5m hơn 5 tỷ có TL",,"Phố Tôn Đức Thắng, Phường Hàng Bột, Quận Đống Đa, Hà NộiXem bản đồ",
35 m²,3 phòng,4 phòng,,"Nhà ngõ, hẻm",4 m,,"74,29 triệu/m²",,5,Nở hậu,,,ha-noi,"Giảm chào sốc ! nhà 35mx5tg Mới cứng,nở hậu. Ngay Chợ Phúc Lợi",,"Phúc Lợi, Phường Phúc Lợi, Quận Long Biên, Hà NộiXem bản đồ",
33 m²,3 phòng,4 phòng,Đã có sổ,"Nhà ngõ, hẻm",,,"109,09 triệu/m²",,5,,,,ha-noi,"Nhà 5 tầng phố Hoa Lâm - Ngay Sau BICC Long Biên, giá 3 tỷ 449tr",,"Phố Vũ Đức Thận, Phường Việt Hưng, Quận Long Biên, Hà NộiXem bản đồ",
31 m²,4 phòng,4 phòng,Đã có sổ,"Nhà ngõ, hẻm",,,"80,65 triệu/m²",Tây,5,,,,ha-noi,Lô góc 2 mặt thoáng Kim Chung Ô tô tới cửa,,"Ngõ 55 Đường Đại Tự, Xã Kim Chung, Huyện Hoài Đức, Hà NộiXem bản đồ",
150 m²,4 phòng,,,Nhà biệt thự,7.5 m,,"178,67 triệu/m²",,,,Bàn giao thô,20 m,ha-noi,"Song lập HA02 vừa ở, kinh doanh 150m2, gần hồ giá 26.8 tỷ Vin Gia Lâm",,"Hải Âu 2, Xã Kiêu Kỵ, Huyện Gia Lâm, Hà NộiXem bản đồ",
45 m²,6 phòng,,Đã có sổ,"Nhà mặt phố, mặt tiền",,225 m²,"84,44 triệu/m²",,5,,,,ha-noi,"Bán Nhà Tân Mai, Trung Tâm Quận Hoàng Mai, 45m2 × 5 Tầng",,"Phố Tân Mai, Phường Tân Mai, Quận Hoàng Mai, Hà NộiXem bản đồ",
55 m²,9 phòng,Nhiều hơn 6 phòng,Đã có sổ,"Nhà ngõ, hẻm",,,"130,73 triệu/m²",,5,,Nội thất đầy đủ,,ha-noi,Bán nhà dòng tiền yên hoà cầu giấy 55m2*Nhỉnh 7 tỷ.7 phòng.40tr/tháng.,,"Yên hoà, Phường Yên Hoà, Quận Cầu Giấy, Hà NộiXem bản đồ",
16 m²,2 phòng,,,"Nhà ngõ, hẻm",,,"112,5 triệu/m²",,,,,,ha-noi,"Bán Nhà 2,5 Phố Tân Ấp-Nhỏ Xinh SĐCC Chỉ 1.8 Tỷ",,"Phố Tân Ấp, Phường Phúc Xá, Quận Ba Đình, Hà NộiXem bản đồ",
48 m²,3 phòng,3 phòng,Đã có sổ,"Nhà ngõ, hẻm",5 m,,"81,25 triệu/m²",,,,,10 m,ha-noi,"Chú ý kẻo lỡ , Bán nhà Lạc Trung , 48m2 , chỉ 3,9 tỷ , ngõ nông ,",,"Lạc Trung, Phường Thanh Lương, Quận Hai Bà Trưng, Hà NộiXem bản đồ",
32 m²,3 phòng,4 phòng,Đã có sổ,"Nhà ngõ, hẻm",,,"101,56 triệu/m²",Đông Nam,5,,,,ha-noi,Chính chủ bán nhà 30m2 5 tầng mới số 8 ngõ 173/53 phương canh,,"phương canh, Phường Xuân Phương, Quận Nam Từ Liêm, Hà NộiXem bản đồ",
50 m²,nhiều hơn 10 phòng,Nhiều hơn 6 phòng,Đã có sổ,"Nhà ngõ, hẻm",,,176 triệu/m²,,7,,Nội thất cao cấp,,ha-noi,CCMN DÒNG TIỀN HƠN 900TR/NĂM_CHỈ HƠN 8 TỶ_CÓ PCCC_THANG MÁY_CHÙA LÁNG,,"Đường Láng, Phường Láng Thượng, Quận Đống Đa, Hà NộiXem bản đồ",
25 m²,3 phòng,4 phòng,Đã có sổ,"Nhà ngõ, hẻm",,,146 triệu/m²,,6,,Nội thất đầy đủ,,ha-noi,NHÀ MỚI ĐẸP - 50M RA MẶT PHỐ - LÔ GÓC - FULL ĐỒ.DT 25m* 6 tầng,,"Trương Định, Phường Trương Định, Quận Hai Bà Trưng, Hà NộiXem bản đồ",
40 m²,3 phòng,,,"Nhà mặt phố, mặt tiền",,,130 triệu/m²,,,Hẻm xe hơi,,,ha-noi,Bán nhà phan đình giót mặt tiền rộng kinh doanh oto đỗ cửa,,"Phan Đình Giót, Phường La Khê, Quận Hà Đông, Hà NộiXem bản đồ",
56 m²,6 phòng,4 phòng,Đã có sổ,"Nhà ngõ, hẻm",4 m,,"85,71 triệu/m²",,5,,,,ha-noi,"+nhà minh khai 56m2, 5 tầng, giá chỉ 4,8tỷ, 6 ngủ nhà dòng tiền ổn địn",,"Minh khai, Phường Minh Khai, Quận Hai Bà Trưng, Hà NộiXem bản đồ",
20 m²,3 phòng,3 phòng,Đã có sổ,"Nhà ngõ, hẻm",,,134 triệu/m²,,5,,Nội thất đầy đủ,,ha-noi,Bán Nhà Mới Phố Trung Phụng 2 tỷ hơi tý,,"Trung Phụng, Phường Trung Phụng, Quận Đống Đa, Hà NộiXem bản đồ",
