Diện tích đất:,Số phòng ngủ:,Số phòng vệ sinh:,Giấy tờ pháp lý:,Loại hình nhà ở:,Chiều ngang:,Diện tích sử dụng:,Giá/m2:,Hướng cửa chính:,Tổng số tầng:,Đặc điểm nhà/đất:,Tình trạng nội thất:,Chiều dài:,Location,Name,URL,District,Price
37 m²,4 phòng,,Đã có sổ,"Nhà ngõ, hẻm",,37 m²,"124,32 triệu/m²",,,,,,ha-noi,NGÕ BA GÁC NÔNG VỚI CĂN NHÀ TẠI NGÕ PHỐ KHƯƠNG ĐÌNH,,"KHƯƠNG ĐÌNH, Phường Khương Trung, Quận Thanh Xuân, Hà NộiXem bản đồ",
50 m²,2 phòng,,Đã có sổ,"Nhà ngõ, hẻm",4 m,100 m²,170 triệu/m²,,2,,,,ha-noi,"(Món hời hiếm có) Mặt ngõ 5m ra Văn Cao DT 50.16mx2T, MT 4m Giá 8,5 Tỉ",,"Đường Văn Cao, Phường Liễu Giai, Quận Ba Đình, Hà NộiXem bản đồ",
55 m²,2 phòng,,,"Nhà ngõ, hẻm",,,"69,09 triệu/m²",,2,,,,ha-noi,"BÁN ĐẤT TẶNG NHÀ C4 CỔ LINH, LONG BIÊN DT 55M*C4 GIÁ 3 TỶ GẦN Ô TÔ.",,"Cổ Linh, Phường Long Biên, Quận Long Biên, Hà NộiXem bản đồ",
45 m²,4 phòng,,Đã có sổ,Nhà phố liền kề,,45 m²,"171,11 triệu/m²",,,,,,ha-noi,"Nhỉnh 7 tỷ nhà đẹp, kinh doanh View chung cư Vạn Phúc, Hà Đông DT 45m",,"undefined, Phường Vạn Phúc, Quận Hà Đông, Hà NộiXem bản đồ",
32 m²,3 phòng,4 phòng,Đã có sổ,"Nhà ngõ, hẻm",,,"101,56 triệu/m²",,5,,Nội thất đầy đủ,,ha-noi,"Bán Gấp Nhà Thanh Đàm ,Ngõ Nông ,Trước Nhà rộng Thoáng Nhà Đẹp Ở Ngay",,"Thanh Đàm, Phường Thanh Trì, Quận Hoàng Mai, Hà NộiXem bản đồ",
55 m²,5 phòng,4 phòng,Đã có sổ,"Nhà ngõ, hẻm",,,"174,55 triệu/m²",,5,,Nội thất đầy đủ,,ha-noi,BÁN NHÀ KHU 918 PHÚC ĐỒNG LONG BIÊN 55M2 5TẦNG THANG MÁY ÔTÔ 9.6 TỶ,,"Đường Nguyễn Văn Linh, Phường Phúc Đồng, Quận Long Biên, Hà NộiXem bản đồ",
73 m²,2 phòng,,Đã có sổ,"Nhà mặt phố, mặt tiền",,,"54,66 triệu/m²",Đông Nam,,,,,ha-noi,73 M CĂN HỘ 2 NGỦ CHUNG CƯ B14 MẶT PHỐ PHẠM NGỌC THẠCH -SỔ ĐỎ - Đ ĐA,,"Đường Phạm Ngọc Thạch, Phường Kim Liên, Đống Đa, Hà Nội, Phường Kim Liên, Quận Đống Đa, Hà NộiXem bản đồ",
100 m²,4 phòng,,,Nhà biệt thự,,,95 triệu/m²,,,,,,ha-noi,"cần bán nhà Kiểu Biệt Thự tại ngõ 211 đường Bạch Đằng, Hoàn Kiếm.",,"Đường Bạch Đằng, Phường Chương Dương, Quận Hoàn Kiếm, Hà NộiXem bản đồ",
40 m²,4 phòng,4 phòng,Đã có sổ,"Nhà ngõ, hẻm",4.6 m,,"167,5 triệu/m²",,,,,9 m,ha-noi,"VÍP - VŨ TRỌNG PHỤNG- LÔ GÓC - NGÕ THÔNG - 10M RA PHỐ DT GẦN 40M ,",,"Vũ Trọng Phụng, Phường Nhân Chính, Quận Thanh Xuân, Hà NộiXem bản đồ",
85 m²,6 phòng,6 phòng,Đã có sổ,Nhà phố liền kề,,,"164,71 triệu/m²",Tây Nam,4,,,,ha-noi,Cần bán căn liền kề An Hưng Hà Đông,,"An Hưng, Phường Dương Nội, Quận Hà Đông, Hà NộiXem bản đồ",
83 m²,8 phòng,Nhiều hơn 6 phòng,Đã có sổ,Nhà phố liền kề,,,"171,08 triệu/m²",,5,,Nội thất đầy đủ,,ha-noi,"Cần bán nhà phân lô mai dịch dt 83m2, 5 tầng, nở hậu, trước nhà ô tô",,"Mai Dịch, Phường Mai Dịch, Quận Cầu Giấy, Hà NộiXem bản đồ",
35 m²,6 phòng,6 phòng,Đã có sổ,"Nhà ngõ, hẻm",,,120 triệu/m²,,5,,Nội thất đầy đủ,,ha-noi,NHÀ DÒNG TIỀN -CHI 4.x TỶ- MINH KHAI - 6 PHÒNG - DOANH THU 26TR/,,"Phố Minh Khai, Phường Minh Khai, Quận Hai Bà Trưng, Hà NộiXem bản đồ",
52 m²,8 phòng,,Đã có sổ,"Nhà ngõ, hẻm",,,"130,75 triệu/m²",,,,,,ha-noi,BÁN CHDV XUÂN ĐỈNH. 52M2. 8 PHÒNG KHÉP KÍN. Ô TÔ. DÒNG TIỀN 450TR/NĂM,,"Xuân Đỉnh, Phường Xuân Đỉnh, Quận Bắc Từ Liêm, Hà NộiXem bản đồ",
50 m²,5 phòng,,,"Nhà ngõ, hẻm",,,119 triệu/m²,,3,,,,ha-noi,BÁN NHÀ VÕNG THỊ 50M2-5T-Giá 5.95 TỶ-Ô TÔ GẦN-LÔ GÓC-NHÀ MỚI,,"Ngõ 50 Võng Thị, Phường Bưởi, Quận Tây Hồ, Hà NộiXem bản đồ",
115 m²,4 phòng,3 phòng,Đã có sổ,"Nhà mặt phố, mặt tiền",5 m,,"573,91 triệu/m²",,3,,,,ha-noi,Bán nhà mặt phố Huế quận Hai Bà Trưng. Kinh doanh vip vỉa hè rộng cho,,"Phố Huế, Phường Phố Huế, Quận Hai Bà Trưng, Hà NộiXem bản đồ",
62 m²,nhiều hơn 10 phòng,Nhiều hơn 6 phòng,Đã có sổ,"Nhà ngõ, hẻm",5 m,,"191,94 triệu/m²",,7,,,,ha-noi,"Bán Toà nhà 7T thang máy phố Minh Khai. Doanh thu 1,1 tỷ/Năm. giá tốt",,"Phố Minh Khai, Phường Minh Khai, Quận Hai Bà Trưng, Hà NộiXem bản đồ",
32 m²,4 phòng,4 phòng,Đã có sổ,"Nhà ngõ, hẻm",,32 m²,"112,5 triệu/m²",,5,,,,ha-noi,"Nhà Mới 100% Đền Lừ 32m, 5 Tầng, Chỉ Nhỉnh 3.5T",,"hoàng mai, Phường Hoàng Văn Thụ, Quận Hoàng Mai, Hà NộiXem bản đồ",
31 m²,3 phòng,4 phòng,Đã có sổ,"Nhà ngõ, hẻm",3.5 m,,"193,52 triệu/m²",,5,,,,ha-noi,Bán nhà ngõ 697 phố Giải Phóng sát gần nhà Sách Tiến thọ tiến thọ,,"Đường Giải Phóng, Phường Giáp Bát, Quận Hoàng Mai, Hà NộiXem bản đồ",
50 m²,4 phòng,4 phòng,Đã có sổ,"Nhà ngõ, hẻm",,,130 triệu/m²,,,"Hẻm xe hơi,Nở hậu",Nội thất cao cấp,,ha-noi,"Chính chủ cần bán gấp nhà NGUYỄN AN NINH 50M2 , giá chào 6,5 Tỷ , ,h7",,"Tương Mai, Phường Tương Mai, Quận Hoàng Mai, Hà NộiXem bản đồ",
31 m²,3 phòng,4 phòng,,"Nhà ngõ, hẻm",,,"129,03 triệu/m²",,5,,,,ha-noi,Lĩnh Nam - nhà mới đẹp ở luôn - 5 tầng - 3 ngủ - giá 4 tỷ,,"lĩnh nam, Phường Lĩnh Nam, Quận Hoàng Mai, Hà NộiXem bản đồ",
59 m²,3 phòng,3 phòng,Đã có sổ,"Nhà ngõ, hẻm",,,"99,15 triệu/m²",,3,,Nội thất đầy đủ,,ha-noi,"BÁN NHÀ NGÕ 25 VẠN PHÚC HÀ ĐÔNG KD, Ô TÔ, 59M x3T, MT 4.8M, GIÁ 5.85TỶ",,"Vạn Phúc, Phường Vạn Phúc, Quận Hà Đông, Hà NộiXem bản đồ",
44 m²,4 phòng,,Đã có sổ,"Nhà ngõ, hẻm",6 m,,"127,27 triệu/m²",,4,,Nội thất đầy đủ,,ha-noi,"Nhà Hoàng Cầu 44m2*4T, MT 6m oto gần, dân xây 2 thoáng nhỉnh 5 tỷ.",,"Phố Hoàng Cầu, Phường Ô Chợ Dừa, Quận Đống Đa, Hà NộiXem bản đồ",
70 m²,3 phòng,,Đã có sổ,"Nhà ngõ, hẻm",,,"171,43 triệu/m²",,5,Hẻm xe hơi,Nội thất cao cấp,,ha-noi,SIÊU PHẨM MẶT NGÕ TÂY HỒ-70m2- GARA OTO 7c- NGÕ OTO TRÁNH- NHỈNH 12 TỶ,,"Phố Tứ Liên, Phường Tứ Liên, Quận Tây Hồ, Hà NộiXem bản đồ",
60 m²,4 phòng,,,"Nhà ngõ, hẻm",,,200 triệu/m²,,6,Hẻm xe hơi,,,ha-noi,GARA OTO VÀO NHÀ CẦU GIẤY- 60m2- TRƯỚC CỬA 3 OTO TRÁNH-THANG MÁY 12 TỶ,,"Trần Cung, Phường Nghĩa Tân, Quận Cầu Giấy, Hà NộiXem bản đồ",
40 m²,3 phòng,4 phòng,Đã có sổ,"Nhà ngõ, hẻm",,45 m²,"217,5 triệu/m²",,5,,,,ha-noi,"Bán nhà riêng phường Kim Giang, Thanh Xuân, 5 tầng rộng 45m MT: 5.5m.",,"Kim Giang, Phường Kim Giang, Quận Thanh Xuân, Hà NộiXem bản đồ",
37 m²,3 phòng,3 phòng,Đã có sổ,"Nhà ngõ, hẻm",,,"132,43 triệu/m²",,4,,Nội thất cao cấp,,ha-noi,"Sát Yên Lãng, mặt ngõ, 3gac, 40m ra phố, tặng full đồ, ở ngay 37m2*5T",,"Phố Yên Lãng, Phường Thịnh Quang, Quận Đống Đa, Hà NộiXem bản đồ",
36 m²,4 phòng,4 phòng,,"Nhà ngõ, hẻm",4 m,,"66,67 triệu/m²",,5,,Nội thất đầy đủ,,ha-noi,"Nhà đẹp Vân Canh, Nam Từ Liêm, 36m², 5 tầng, 2.4 tỷ.",,"Ngõ 8 Đường An Trai, Xã Vân Canh, Huyện Hoài Đức, Hà NộiXem bản đồ",
80 m²,9 phòng,,Đã có sổ,"Nhà mặt phố, mặt tiền",6 m,650 m²,350 triệu/m²,,9,,,,ha-noi,Bán nhà 9 tầng mặt phố Nguyễn Hoàng giá 28 tỷ,,"Phố Nguyễn Hoàng, Phường Mỹ Đình 2, Quận Nam Từ Liêm, Hà NộiXem bản đồ",
55 m²,5 phòng,5 phòng,Đã có sổ,"Nhà mặt phố, mặt tiền",,,"454,55 triệu/m²",,6,,Nội thất cao cấp,,ha-noi,Bán nhà mặt phố Triệu Việt Vương 55m2 x 6 tầng giá 25 tỷ,,"Triệu Việt Vương, Phường Bùi Thị Xuân, Quận Hai Bà Trưng, Hà NộiXem bản đồ",
32 m²,4 phòng,3 phòng,Đã có sổ,"Nhà ngõ, hẻm",,,"132,81 triệu/m²",,4,,Nội thất đầy đủ,,ha-noi,"🎉NGUYỄN VĂN TRỖI.NGÕ NÔNG. BA GÁC ĐỖ CỬA.DT 32M2*4T.GIÁ:4,25 TỶ.",,"nguyễn văn trỗi, Phường Phương Liệt, Quận Thanh Xuân, Hà NộiXem bản đồ",
37 m²,3 phòng,,Đã có sổ,"Nhà ngõ, hẻm",,,"116,22 triệu/m²",,5,,,,ha-noi,"Bán nhà Hồng Tiến, Long Biên DT 37m*5T giá 4 tỷ 3, dân xậy, ở sướng",,"Hồng Tiến, Phường Bồ Đề, Quận Long Biên, Hà NộiXem bản đồ",
32 m²,6 phòng,4 phòng,Đã có sổ,"Nhà ngõ, hẻm",,,"109,38 triệu/m²",,5,,,,ha-noi,TIỀN Ở ĐÂY CHỨ ĐÂU - TRUNG TÂM ĐỐNG ĐA - HAI THOÁNG SÁU NGỦ - SỔ NỞ HẬ,,"Thịnh Hào, Phường Văn Chương, Quận Đống Đa, Hà NộiXem bản đồ",
42 m²,4 phòng,,Đã có sổ,"Nhà ngõ, hẻm",,,"105,95 triệu/m²",,4,Nở hậu,,,ha-noi,"Bán nhà Phú Mỹ, Mỹ Đình 41.3m² 4 tầng mặt tiền 4,6m giá 4.45 tỷ",,"Đường Phú Mỹ, Phường Mỹ Đình 2, Quận Nam Từ Liêm, Hà NộiXem bản đồ",
45 m²,4 phòng,,Đã có sổ,"Nhà ngõ, hẻm",4 m,,"95,56 triệu/m²",,4,,,,ha-noi,"Bán nhà ngõ phố Phú Đô - Lê Quang Đạo 45m2 4 tầng 4 ngủ giá 4,3 tỷ",,"Phú Đô, Phường Phú Đô, Quận Nam Từ Liêm, Hà NộiXem bản đồ",
41 m²,3 phòng,3 phòng,Đã có sổ,"Nhà mặt phố, mặt tiền",,,"170,73 triệu/m²",,4,,Nội thất đầy đủ,,ha-noi,"Hiếm! Hoàng Cầu, ô tô, Kinh doanh, Phân lô, 2 thoáng, ở ngay 41m2*5T",,"Phố Hoàng Cầu, Phường Trung Liệt, Quận Đống Đa, Hà NộiXem bản đồ",
38 m²,6 phòng,6 phòng,Đã có sổ,"Nhà ngõ, hẻm",,,"131,58 triệu/m²",,6,,Nội thất cao cấp,,ha-noi,"41 Thái Hà, ngõ oto, thông thoáng, nhà đẹp, KD, ở ngay 38m2*6T",,"Phố Thái Hà, Phường Trung Liệt, Quận Đống Đa, Hà NộiXem bản đồ",
50 m²,4 phòng,,Đã có sổ,"Nhà mặt phố, mặt tiền",6 m,,100 triệu/m²,,3,,,,ha-noi,"Cứu chủ! Phố Thái Hà, ô tô gần, thoáng sáng, ở sướng 50m2*4T",,"Phố Thái Hà, Phường Trung Liệt, Quận Đống Đa, Hà NộiXem bản đồ",
48 m²,6 phòng,,,"Nhà ngõ, hẻm",,,225 triệu/m²,,5,Hẻm xe hơi,,,ha-noi,Hiếm ! Thái Hà 48.m2 Ô TÔ TRÁNH nhỉnh 10 tỷ,,"Phố Thái Hà, Phường Trung Liệt, Quận Đống Đa, Hà NộiXem bản đồ",
44 m²,4 phòng,,Đã có sổ,"Nhà ngõ, hẻm",5 m,,"81,82 triệu/m²",,,,Nhà trống,9 m,ha-noi,"SIÊU PHẨM nhà Đại la , 44m2 , 3,6 tỷ , mặt tiền 4,4m , 2 mặt thoáng",,"Phố Đại La, Phường Đồng Tâm, Quận Hai Bà Trưng, Hà NộiXem bản đồ",
43 m²,4 phòng,4 phòng,Đã có sổ,"Nhà ngõ, hẻm",,,"131,4 triệu/m²",,5,,Nội thất đầy đủ,,ha-noi,"Bán nhà Láng Hạ, Ba Đình ba gác tránh, gần phố 43m2*5T chỉ 5.65 tỷ",,"Láng Hạ, Phường Giảng Võ, Quận Ba Đình, Hà NộiXem bản đồ",
35 m²,3 phòng,4 phòng,Đã có sổ,"Nhà ngõ, hẻm",,,"104,29 triệu/m²",,,,,,ha-noi,"GIÁ SỐC HƠN 3 TỶ,- NGỌC THỤY - 4 TAG HAG XÓM KHAI SƠN - NGÕ Ô TÔ TẢI",,"Ngọc Thụy, Phường Ngọc Thụy, Quận Long Biên, Hà NộiXem bản đồ",
20 m²,3 phòng,,,"Nhà ngõ, hẻm",,20 m²,"107,5 triệu/m²",,,,,,ha-noi,chính chủ cần bán nhà 20m phố Minh Khai 4 tầng trung tâm Hai Bà Trưng,,"minh khai , Phường Minh Khai, Quận Hai Bà Trưng, Hà NộiXem bản đồ",
40 m²,6 phòng,4 phòng,Đã có sổ,"Nhà ngõ, hẻm",,,"122,5 triệu/m²",,6,,Nội thất cao cấp,,ha-noi,"Đội Cấn PHỐ, BAĐÌNHQUẬN, cạnh ĐốngĐaQuận TẶNG FULL NỘI THẤT XỊN SÒ",,"Đội Cấn, Phường Kim Mã, Quận Ba Đình, Hà NộiXem bản đồ",
35 m²,6 phòng,,Đã có sổ,"Nhà ngõ, hẻm",,,"107,14 triệu/m²",,5,,Nội thất đầy đủ,,ha-noi,"Bán nhà Trần Khát Chân ngõ thông sát phố 35m2*5T giá 3.75 tỷ,",,"Trần Khát Chân, Phường Thanh Lương, Quận Hai Bà Trưng, Hà NộiXem bản đồ",
36 m²,3 phòng,,,"Nhà ngõ, hẻm",,,"109,72 triệu/m²",,,,,,ha-noi,"Bán nhà phố Đội Cấn, DT 36m x 4 tầng, giá 3.95 tỷ",,"Ngõ 93 Đội Cấn, Phường Đội Cấn, Quận Ba Đình, Hà NộiXem bản đồ",
36 m²,3 phòng,4 phòng,Đã có sổ,"Nhà ngõ, hẻm",,,"105,56 triệu/m²",,5,,Nội thất đầy đủ,,ha-noi,"BÁN NHÀ RẺ TÂY MỖ, NAM TỪ LIÊM, HƠN 3 TỶ, 70M RA MẶT PHỐ NHÀ MỚI KEENG",,"Ngõ 159 Đường Hữu Hưng, Phường Tây Mỗ, Quận Nam Từ Liêm, Hà NộiXem bản đồ",
95 m²,6 phòng,,,"Nhà mặt phố, mặt tiền",,,"105,26 triệu/m²",,,,,,ha-noi,Bán Biệt Thự Nguyễn văn Cừ 95m2-Mặt Tiền 6m-Ô TÔ TRÁNH- VĨA HÈ- KD,,"Đường Nguyễn Văn Cừ, Phường Gia Thụy, Quận Long Biên, Hà NộiXem bản đồ",
65 m²,4 phòng,,Đã có sổ,"Nhà mặt phố, mặt tiền",,65 m²,"146,15 triệu/m²",,6,,,,ha-noi,"BÁN NHÀ SÀI ĐỒNG, 1 BƯỚC RA CHỢ, Ô TÔ 7 CHỖ, THANG MÁY.",,"Phố Sài Đồng, Phường Sài Đồng, Quận Long Biên, Hà NộiXem bản đồ",
46 m²,9 phòng,Nhiều hơn 6 phòng,Đã có sổ,"Nhà ngõ, hẻm",,,"165,22 triệu/m²",Bắc,5,,,,ha-noi,Bán gấp toà nhà CCMN 5 tầng 9 phòng phố Lê Đức Thọ,,"Đường Lê Đức Thọ, Phường Mỹ Đình 1, Quận Nam Từ Liêm, Hà NộiXem bản đồ",
125 m²,5 phòng,5 phòng,,"Nhà ngõ, hẻm",,,140 triệu/m²,,6,"Hẻm xe hơi,Nở hậu",,,ha-noi,CHÍNH CHỦ CẦN TIỀN BÁN GẤP NHÀ NGUYỄN VĂN CỪ-PHÂN LÔ-THANG MÁY-Ô TÔ.,,"Đường Nguyễn Văn Cừ, Phường Long Biên, Quận Long Biên, Hà NộiXem bản đồ",
56 m²,nhiều hơn 10 phòng,Nhiều hơn 6 phòng,Đã có sổ,"Nhà ngõ, hẻm",,,"194,64 triệu/m²",,7,,Nội thất cao cấp,,ha-noi,TÒA CCMN 6 TẦNG THANG MÁY_56M2_DOANH THU 75TR/THÁNG_NGUYỄN KHANG_HIẾM,,"Nguyễn Khang, Phường Yên Hoà, Quận Cầu Giấy, Hà NộiXem bản đồ",
75 m²,6 phòng,5 phòng,Đã có sổ,"Nhà ngõ, hẻm",,,"170,67 triệu/m²",,6,,Nội thất cao cấp,,ha-noi,"Bán nhà phố 75m 7tầng - 2oto,đi Nguyễn Văn Cừ,cầu Chương Dương,12,8 tỷ",,"Đường Nguyễn Văn Cừ, Phường Ngọc Lâm, Quận Long Biên, Hà NộiXem bản đồ",
70 m²,nhiều hơn 10 phòng,,Đã có sổ,"Nhà ngõ, hẻm",,70 m²,"157,14 triệu/m²",,7,,Nội thất đầy đủ,,ha-noi,CHỦ CẦN TIỀN BÁN CHUNG CƯ MINI 70M-7 TẦNG THANG MÁY-GẦN PHỐ-NGÕ THOÁNG,,"Mỹ Đình, Phường Mỹ Đình 1, Quận Nam Từ Liêm, Hà NộiXem bản đồ",
36 m²,6 phòng,4 phòng,Đã có sổ,"Nhà mặt phố, mặt tiền",,,"194,44 triệu/m²",,5,,Bàn giao thô,,ha-noi,"Nhà dòng tiền mặt Hồ Đắc Di 5 tầng 45m2 Đống Đa, Hà Nội",,"Phố Hồ Đắc Di, Phường Nam Đồng, Quận Đống Đa, Hà NộiXem bản đồ",
48 m²,4 phòng,4 phòng,Đã có sổ,"Nhà ngõ, hẻm",,,"104,17 triệu/m²",Đông Nam,5,,,,ha-noi,"Nhà đẹp đón TẾT 2024! Linh Đàm, sát phố, ô tô, full tiện ích 48m2*5T",,"Linh Đàm, Phường Hoàng Liệt, Quận Hoàng Mai, Hà NộiXem bản đồ",
43 m²,4 phòng,3 phòng,Đã có sổ,"Nhà ngõ, hẻm",,,"104,65 triệu/m²",,5,,Nội thất đầy đủ,,ha-noi,"Rất đẹp_Bán nhanh! Nhà Lô góc Khương Đình, ô tô đỗ cửa, KD tốt 43m2*5T",,"Khương Đình, Phường Khương Đình, Quận Thanh Xuân, Hà NộiXem bản đồ",
58 m²,4 phòng,3 phòng,Đã có sổ,"Nhà ngõ, hẻm",,,"98,28 triệu/m²",,5,,Nội thất đầy đủ,,ha-noi,"CHÍNH CHỦ BÁN GẤP NHÀ KIM MÃ BA ĐÌNH 58M2, MẶT TIỀN SIÊU RỘNG - 5,7 TỶ",,"Kim Mã, Phường Kim Mã, Quận Ba Đình, Hà NộiXem bản đồ",
50 m²,2 phòng,2 phòng,Đã có sổ,"Nhà ngõ, hẻm",,,88 triệu/m²,,2,,Nhà trống,,ha-noi,"BÁN NHÀ VIEW CỰC ĐẸP PHỐ NGUYỄN ĐỨC CẢNH, NGÕ NÔNG, GẦN OTO,DT50M2x2T",,"Phố Nguyễn Đức Cảnh, Phường Tương Mai, Quận Hoàng Mai, Hà NộiXem bản đồ",
60 m²,6 phòng,4 phòng,Đã có sổ,"Nhà mặt phố, mặt tiền",,,"358,33 triệu/m²",,5,,Nội thất đầy đủ,,ha-noi,"Bán nhà mặt phố Thành Công, Láng Hạ, 60m*5T, lô góc, nhỉnh 20 tỷ.",,"Phố Láng Hạ, Phường Thành Công, Quận Ba Đình, Hà NộiXem bản đồ",
42 m²,4 phòng,4 phòng,Đã có sổ,"Nhà ngõ, hẻm",,,"142,86 triệu/m²",,,Nở hậu,Nội thất cao cấp,,ha-noi,"Siêu đẹp! Chùa Bộc, 2 oto tránh, ngõ thông, mới cứng, ở ngay 42m2*5T",,"Chùa Bộc, Phường Trung Tự, Quận Đống Đa, Hà NộiXem bản đồ",
33 m²,3 phòng,4 phòng,Đã có sổ,"Nhà ngõ, hẻm",,,"93,94 triệu/m²",,5,Hẻm xe hơi,,,ha-noi,"BÁN NHÀ THẠCH BÀN CỔ LINH. HÀNG XÓM KHU ĐÔ THỊ LỚN THẠCH BÀN,",,"Cổ Linh, Phường Thạch Bàn, Quận Long Biên, Hà NộiXem bản đồ",
34 m²,3 phòng,4 phòng,Đã có sổ,"Nhà ngõ, hẻm",,,"82,35 triệu/m²",,5,,Nội thất đầy đủ,,ha-noi,"Bán nhà Xuân Phương 34m2 ô tô đỗ cổng chỉ 2,8 tỷ Lh ***",,"Đường Xuân Phương, Phường Xuân Phương, Quận Nam Từ Liêm, Hà NộiXem bản đồ",
63 m²,5 phòng,,Đã có sổ,"Nhà ngõ, hẻm",,,"173,81 triệu/m²",,,,,,ha-noi,"Bán nhà phố Tam Khương phân lô ô tô tránh, 2 mặt ngõ, 63m2x5T,10.95 tỷ",,"Phố Tam Khương, Phường Khương Thượng, Quận Đống Đa, Hà NộiXem bản đồ",
35 m²,4 phòng,3 phòng,Đã có sổ,"Nhà ngõ, hẻm",,,"61,43 triệu/m²",Tây Bắc,4,,,,ha-noi,"Bán nhà xây độc lập, Gần Chợ, ô tô đỗ cửa",,"Ngõ 215 Đường Hòa Bình, Phường Yên Nghĩa, Quận Hà Đông, Hà NộiXem bản đồ",
90 m²,2 phòng,2 phòng,Đã có sổ,"Nhà mặt phố, mặt tiền",4.6999 m,,"175,56 triệu/m²",,1,,,,ha-noi,"Mặt Phố Phùng Hưng 90m mt4,7m vỉa hè thênh thang, kinh doanh bất chấp",,"Đường Phùng Hưng, Phường Phúc La, Quận Hà Đông, Hà NộiXem bản đồ",
51 m²,4 phòng,4 phòng,Đã có sổ,"Nhà ngõ, hẻm",,,"89,8 triệu/m²",,4,,Nội thất cao cấp,,ha-noi,"NHÀ HOÀNG NHƯ TIẾP 51M2 , MẶT 4,5 M . GIÁ 4,58 TỶ",,"Phường Bồ Đề, Quận Long Biên, Hà NộiXem bản đồ",
36 m²,8 phòng,,Đã có sổ,"Nhà ngõ, hẻm",,,"111,11 triệu/m²",,,,,,ha-noi,"MỸ ĐÌNH! 36m2 - 4 tỷ - 5 tầng (8 phòng). Ngõ Ba gác, Ô tô sát nhà.",,"Mỹ đình, Phường Mỹ Đình 2, Quận Nam Từ Liêm, Hà NộiXem bản đồ",
33 m²,4 phòng,3 phòng,Đã có sổ,"Nhà ngõ, hẻm",,,"122,73 triệu/m²",,4,,Nhà trống,,ha-noi,Bán nhà thụy khuê ngõ nông 32m 4T giá 4.05 tỷ,,"thụy khuê, Phường Xuân La, Quận Tây Hồ, Hà NộiXem bản đồ",
42 m²,1 phòng,,Đã có sổ,"Nhà mặt phố, mặt tiền",,42 m²,"189,29 triệu/m²",,,"Nở hậu,Hẻm xe hơi",,,ha-noi,Bán nhà đang kinh doanh đường Ô tô tránh Phố Nguyễn Văn Cừ Long Biên,,"Đường Nguyễn Văn Cừ, Phường Bồ Đề, Quận Long Biên, Hà NộiXem bản đồ",
30 m²,3 phòng,,,"Nhà ngõ, hẻm",,,"116,67 triệu/m²",,,,,,ha-noi,"ẢNH THỰC TẾ - BÁN NHÀ VÕNG THỊ TÂY HỒ 5 TẦNG, 3 NGỦ GIÁ 3.5 TỶ",,"Võng Thị, Phường Bưởi, Quận Tây Hồ, Hà NộiXem bản đồ",
40 m²,3 phòng,4 phòng,Đã có sổ,"Nhà ngõ, hẻm",,40 m²,"121,25 triệu/m²",,5,,,,ha-noi,Bán Nhà Thuỵ Khuê - 40m x 5Tầng - Lô Góc - Gần Phố - Dân Trí Cao,,"Thuỵ Khuê, Phường Thụy Khuê, Quận Tây Hồ, Hà NộiXem bản đồ",
46 m²,4 phòng,3 phòng,,"Nhà ngõ, hẻm",3.7 m,,"108,7 triệu/m²",,5,,,7 m,ha-noi,NHÀ ĐỊNH CÔNG THƯỢNG - NHÀ ĐẸP LONG LANH - 2 THOÁNG - GẦN Ô TÔ,,"định công thượng, Phường Định Công, Quận Hoàng Mai, Hà NộiXem bản đồ",
58 m²,6 phòng,,,"Nhà ngõ, hẻm",,,"103,45 triệu/m²",,6,,,,ha-noi,BÁN NHÀ VÕNG THỊ 58M2 - 6 TẦNG - THANG MÁY - LÔ GÓC THOÁNG - CHỈ 6 TỶ,,"Võng thị, Phường Yên Hoà, Quận Cầu Giấy, Hà NộiXem bản đồ",
50 m²,5 phòng,5 phòng,Đã có sổ,"Nhà mặt phố, mặt tiền",,,130 triệu/m²,,5,,Nội thất cao cấp,,ha-noi,Chủ nhà muốn thank khoản nhà nhanh trước tết tại .,,"bùi xương trạch, Phường Khương Đình, Quận Thanh Xuân, Hà NộiXem bản đồ",
58 m²,4 phòng,,,"Nhà mặt phố, mặt tiền",,,"172,41 triệu/m²",,,,,,ha-noi,Bán Nhà Nguyễn Văn Cừ 58m2-Ô TÔ TRÁNH-VĨA HÈ-KINH DOANH ĐỈNH-THANG MÁY,,"Đường Nguyễn Văn Cừ, Phường Gia Thụy, Quận Long Biên, Hà NộiXem bản đồ",
31 m²,3 phòng,4 phòng,Đã có sổ,"Nhà ngõ, hẻm",,,"158,06 triệu/m²",,5,,Nội thất cao cấp,,ha-noi,"SIÊU HIẾM ! PHƯƠNG MAI, NGÕ THÔNG, SÁT HỒ, Ở KD TỐT, TẶNG NỘI THẤT 31M",,"Phương Mai, Phường Kim Liên, Quận Đống Đa, Hà NộiXem bản đồ",
80 m²,nhiều hơn 10 phòng,,,"Nhà ngõ, hẻm",,,"157,5 triệu/m²",,,,,,ha-noi,Nhanh thì còn! TOÀ CCMN DƯƠNG QUẢNG HÀM 80m x 7 tầng. Giá 12.6 tỷ,,"Dương Quảng Hàm, Phường Quan Hoa, Quận Cầu Giấy, Hà NộiXem bản đồ",
30 m²,3 phòng,,,"Nhà ngõ, hẻm",,32 m²,135 triệu/m²,,4,Nở hậu,,,ha-noi,"👉 Bạch Mai- Hai Ba Trưng 🌹 giá 4,05 tỷ 🏡🏡🏡 LÕI HAI BÀ TRƯNG - LÔ GÓC",,"Phố Bạch Mai, Phường Bạch Mai, Quận Hai Bà Trưng, Hà NộiXem bản đồ",
38 m²,4 phòng,,Đã có sổ,"Nhà ngõ, hẻm",4.5 m,,"161,32 triệu/m²",,7,,Nội thất đầy đủ,,ha-noi,Lạc Long Quân 38m2- 7T Thang máy- MT 4.5m- Giá nhỉnh 6 tỷ- Gần ô tô,,"Ngõ 218 Lạc Long Quân, Phường Bưởi, Quận Tây Hồ, Hà NộiXem bản đồ",
32 m²,3 phòng,3 phòng,Đã có sổ,"Nhà ngõ, hẻm",,,"65,63 triệu/m²",,5,,,,ha-noi,Bán Nhà Kim Chung 5 tầng-30m2. Tầm 2ty X sở hữu ngay căn nhà mới,,"Ngõ 71 Đường Kim Chung, Xã Kim Chung, Huyện Hoài Đức, Hà NộiXem bản đồ",
30 m²,3 phòng,3 phòng,Giấy tờ khác,"Nhà ngõ, hẻm",,,"52,67 triệu/m²",Tây Nam,3,,,,ha-noi,Cần bán nhà 30m2x3t mặt ngõ 162 ĐÔNG THIÊN (ô tô tải đỗ cửa),,"Ngõ 200 Vĩnh Hưng, Phường Vĩnh Hưng, Quận Hoàng Mai, Hà NộiXem bản đồ",
40 m²,4 phòng,3 phòng,Đã có sổ,"Nhà ngõ, hẻm",,,"57,5 triệu/m²",Tây,4,,,,ha-noi,"CHUYỂN CÔNG TÁC GĐ CẦN BÁN NHÀ 4 TẦNG NAM HỒNG, ĐÔNG ANH.",,"Thôn Đoài, Xã Nam Hồng, Huyện Đông Anh, Hà NộiXem bản đồ",
54 m²,7 phòng,Nhiều hơn 6 phòng,,"Nhà ngõ, hẻm",,,"86,85 triệu/m²",,,,,,ha-noi,"Bán nhà ngõ 488 Trần Cung, lô góc 3 thoáng, oto gần, dòng tiền khủng",,"Ngõ 488 Trần Cung, Phường Cổ Nhuế 1, Quận Bắc Từ Liêm, Hà NộiXem bản đồ",
45 m²,5 phòng,,,"Nhà ngõ, hẻm",,,"116,67 triệu/m²",,,,,,ha-noi,"Xuất sắc! Bán nhà gần Doãn Kế Thiện, lô góc 3 thoáng, Oto, gần phố",,"Nguyễn Khả Trạc, Phường Mai Dịch, Quận Cầu Giấy, Hà NộiXem bản đồ",
32 m²,2 phòng,2 phòng,Đã có sổ,"Nhà ngõ, hẻm",,,"67,19 triệu/m²",Nam,3,,,,ha-noi,nhà 3 tầng tại Lai Xá - dân xây đơn lập - ngõ cực nông,,"Đường Lai Xá, Xã Kim Chung, Huyện Hoài Đức, Hà NộiXem bản đồ",
40 m²,3 phòng,3 phòng,Đã có sổ,"Nhà ngõ, hẻm",,,90 triệu/m²,,4,,Nội thất đầy đủ,,ha-noi,Bán nhà Ngọc Thuỵ 40m2 vị trí đẹp đường oto lô góc 3 thoáng 3.6 tỷ,,"Ngọc Thụy, Phường Ngọc Thụy, Quận Long Biên, Hà NộiXem bản đồ",
43 m²,4 phòng,3 phòng,Đã có sổ,"Nhà ngõ, hẻm",,,"118,6 triệu/m²",,4,,Nội thất đầy đủ,,ha-noi,BÁN NHÀ CẦU GIẤY 4 TẦNG DÂN XÂY Ô TÔ GẦN,,"Cầu Giấy, Phường Yên Hoà, Quận Cầu Giấy, Hà NộiXem bản đồ",
85 m²,nhiều hơn 10 phòng,,Đã có sổ,"Nhà ngõ, hẻm",6 m,,"176,47 triệu/m²",,7,,Nội thất cao cấp,,ha-noi,Bán toà Căn Hộ Dịch Vụ Trung Kính 85m2 Chỉ 15 tỷ Dòng tiền cao,,"Trung Kính, Phường Trung Hoà, Quận Cầu Giấy, Hà NộiXem bản đồ",
65 m²,nhiều hơn 10 phòng,,,"Nhà ngõ, hẻm",,,"166,15 triệu/m²",,,,,,ha-noi,Cực HOT! Toà CCMN Sát Mặt Phố QUAN HOA 65m X 7 tầng. Giá 10.8 Tỷ,,"Quan hoa, Phường Quan Hoa, Quận Cầu Giấy, Hà NộiXem bản đồ",
33 m²,3 phòng,,,"Nhà ngõ, hẻm",,,"75,76 triệu/m²",,,,,,ha-noi,"NHÀ ĐẸP 2,5 TỶ- 4 TẦNG PHÚC LỢI - 33M - ĐƯỜNG 2M - TIỆN ÍCH VINHOME",,"Phúc Lơi, Phường Phúc Lợi, Quận Long Biên, Hà NộiXem bản đồ",
34 m²,4 phòng,3 phòng,Đã có sổ,"Nhà mặt phố, mặt tiền",,,"79,08 triệu/m²",,,,Nội thất cao cấp,,ha-noi,Nhà lai xá ô tô vào nhà.xây 5 tầng,,"Phố Tây Lai Xá, Xã Kim Chung, Huyện Hoài Đức, Hà NộiXem bản đồ",
25 m²,3 phòng,,Đã có sổ,"Nhà ngõ, hẻm",,,140 triệu/m²,,,,,,ha-noi,"Bán nhà phố Thượng Đình, nhà dân xây, ngõ thông, 15m mặt phố, 25m, 5T",,"Thượng Đình, Phường Thượng Đình, Quận Thanh Xuân, Hà NộiXem bản đồ",
45 m²,4 phòng,,Đã có sổ,"Nhà mặt phố, mặt tiền",,,100 triệu/m²,,,"Hẻm xe hơi,Nở hậu",,,ha-noi,"BÁN NHÀ XUÂN PHƯƠNG, LÔ GÓC, KD, Ô TÔ TRÁNH, DT 45M2, 5TẦNG, 4,5 Tỷ",,"Xuân Phương, Phường Phúc Diễn, Quận Bắc Từ Liêm, Hà NộiXem bản đồ",
54 m²,3 phòng,,,"Nhà ngõ, hẻm",,,"55,56 triệu/m²",,,,,,ha-noi,"CC BÁN NHÀ, PHƯƠNG CANH, LÔ GÓC, GẦN Ô TÔ, 54M2",,"Phương Canh, Phường Phương Canh, Quận Nam Từ Liêm, Hà NộiXem bản đồ",
41.5 m²,4 phòng,,,"Nhà ngõ, hẻm",,41.5 m²,"132,77 triệu/m²",,,,,,ha-noi,"Giảm chào nửa tỷ! Thái Hà, gần phố, thông, trung tâm, 41m2*6T",,"Thái Hà, Phường Quang Trung, Quận Đống Đa, Hà NộiXem bản đồ",
36 m²,5 phòng,,Đã có sổ,"Nhà ngõ, hẻm",,,"91,67 triệu/m²",,,Nở hậu,Nội thất đầy đủ,,ha-noi,NHÀ PHỐ MINH KHAI- HAI BÀ TRƯNG. DT 36m2x5Tầng. MT 5m. GIÁ >3Tỷ,,"TRƯƠNG ĐỊNH, Phường Minh Khai, Quận Hai Bà Trưng, Hà NộiXem bản đồ",
37.2 m²,3 phòng,2 phòng,,"Nhà ngõ, hẻm",4 m,,"67,2 triệu/m²",,3,,,9.3 m,ha-noi,nhà chính chủ cần bán,,"Bùi Xương Trạch, Phường Khương Đình, Quận Thanh Xuân, Hà NộiXem bản đồ",
150 m²,10 phòng,,Đã có sổ,"Nhà mặt phố, mặt tiền",9 m,,"513,33 triệu/m²",,10,,Nội thất cao cấp,,ha-noi,Tòa nhà khách sạn 10 tầng Trần Thái Tông doanh thu 500triệu/ tháng,,"Trần Thái Tông, Phường Dịch Vọng Hậu, Quận Cầu Giấy, Hà NộiXem bản đồ",
118 m²,8 phòng,,Đã có sổ,"Nhà ngõ, hẻm",7 m,,"271,19 triệu/m²",,8,,Nội thất cao cấp,,ha-noi,Tòa nhà 8 tầng phố Nguyễn Thị Định DT 118m2 giá 32 tỷ,,"Nguyễn Thị Định, Phường Trung Hoà, Quận Cầu Giấy, Hà NộiXem bản đồ",
174 m²,8 phòng,Nhiều hơn 6 phòng,Đã có sổ,"Nhà mặt phố, mặt tiền",,,"310,34 triệu/m²",,8,,Nội thất cao cấp,,ha-noi,Tòa nhà 8 tầng mặt phố Bạch Mai DT 174m2 giá 54 tỷ,,"Bạch Mai, Phường Phố Huế, Quận Hai Bà Trưng, Hà NộiXem bản đồ",
