Diện tích đất:,Số phòng ngủ:,Số phòng vệ sinh:,Giấy tờ pháp lý:,Loại hình nhà ở:,Chiều ngang:,Diện tích sử dụng:,Giá/m2:,Hướng cửa chính:,Tổng số tầng:,Đặc điểm nhà/đất:,Tình trạng nội thất:,Chiều dài:,Location,Name,URL,District,Price
62 m²,3 phòng,3 phòng,Đã có sổ,"Nhà ngõ, hẻm",,,"58,87 triệu/m²",Tây Bắc,2,,,,da-nang,"Nhà 2 tầng, kiệt ô tô đậu đỗ 24/24 quận Thanh Khê",,"K1/20, Tôn Thất Đạm, Phường Xuân Hà, Quận Thanh Khê, Đà NẵngXem bản đồ",
89.4 m²,3 phòng,2 phòng,Đã có sổ,"Nhà mặt phố, mặt tiền",,,"55,37 triệu/m²",Đông,2,,,,da-nang,Định cư xa Bán giá sụp hầm Yết Kiêu 90m chỉ từ 4Tỷ95 (Có thương lượng),,"Yết Kiêu, Phường Thọ Quang, Quận Sơn Trà, Đà NẵngXem bản đồ",
62 m²,3 phòng,3 phòng,Đã có sổ,"Nhà ngõ, hẻm",,,"58,87 triệu/m²",Tây Bắc,2,,,,da-nang,"Nhà 2 tầng, kiệt ô tô đậu đỗ 24/24 quận Thanh Khê",,"K1/20, Tôn Thất Đạm, Phường Xuân Hà, Quận Thanh Khê, Đà NẵngXem bản đồ",
89.4 m²,3 phòng,2 phòng,Đã có sổ,"Nhà mặt phố, mặt tiền",,,"55,37 triệu/m²",Đông,2,,,,da-nang,Định cư xa Bán giá sụp hầm Yết Kiêu 90m chỉ từ 4Tỷ95 (Có thương lượng),,"Yết Kiêu, Phường Thọ Quang, Quận Sơn Trà, Đà NẵngXem bản đồ",
62 m²,3 phòng,3 phòng,Đã có sổ,"Nhà ngõ, hẻm",,,"58,87 triệu/m²",Tây Bắc,2,,,,da-nang,"Nhà 2 tầng, kiệt ô tô đậu đỗ 24/24 quận Thanh Khê",,"K1/20, Tôn Thất Đạm, Phường Xuân Hà, Quận Thanh Khê, Đà NẵngXem bản đồ",
53 m²,3 phòng,3 phòng,Đã có sổ,"Nhà ngõ, hẻm",,,"64,15 triệu/m²",Tây,,,Nội thất cao cấp,,da-nang,꧁.♥NGUYỄN HOÀNG .꧂,,"nguyễn hoàng , nguyễn hoàng , Phường Nam Dương, Quận Hải Châu, Đà NẵngXem bản đồ",
57 m²,3 phòng,4 phòng,,"Nhà mặt phố, mặt tiền",,,"128,07 triệu/m²",,,,,,da-nang,"Cần bán nhà số 56 Trưng Nhị sát Tiểu La ,trục đường sầm uất tiện kinh",,"Trưng Nhị, Phường Bình Thuận, Quận Hải Châu, Đà NẵngXem bản đồ",
100 m²,4 phòng,4 phòng,Đã có sổ,"Nhà mặt phố, mặt tiền",,,"53,95 triệu/m²",Tây,2,,,,da-nang,Bán nhà Mặt Tiền Lý Đạo Thành đường 7.5m,,"Lý Đạo Thành - Gần Chợ An Hải Bắc, Phường An Hải Bắc, Quận Sơn Trà, Đà NẵngXem bản đồ",
44 m²,3 phòng,3 phòng,Đã có sổ,"Nhà ngõ, hẻm",,,"79,55 triệu/m²",,3,,,,da-nang,"Bán nhà 3 tầng kiệt 5m đường Nguyễn Hữu Thọ, Hải Châu, Đà Nẵng",,"Nguyễn Hữu Thọ , Phường Hòa Thuận Đông, Quận Hải Châu, Đà NẵngXem bản đồ",
54 m²,3 phòng,3 phòng,Đã có sổ,"Nhà mặt phố, mặt tiền",,,"116,67 triệu/m²",,3,,Nội thất cao cấp,,da-nang,NHÀ ĐẸP 3 TẦNG MẶT TIỀN SÁT PHAN ĐĂNG LƯU- ĐÀ NẴNG,,"Tiên Sơn , Phường Hòa Cường Bắc, Quận Hải Châu, Đà NẵngXem bản đồ",
90 m²,4 phòng,4 phòng,Đã có sổ,"Nhà mặt phố, mặt tiền",,,"64,44 triệu/m²",,4,Nở hậu,,,da-nang,"Hoa hồng 1% . Mặt tiền 3 tầng , 90m2 ,đường Dương Quảng Hàm . Dân tri",,"Dương Quảng Hàm, Phường Hòa Cường Bắc, Quận Hải Châu, Đà NẵngXem bản đồ",
200 m²,10 phòng,Nhiều hơn 6 phòng,Đã có sổ,"Nhà ngõ, hẻm",,,"10,5 triệu/m²",Đông,1,,,,da-nang,"Cần bán dãy trọ mới xây, 10 phòng, diện tích 200m2, giá 2.x tỷ",,"DT602, Xã Hòa Sơn, Huyện Hòa Vang, Đà NẵngXem bản đồ",
52 m²,2 phòng,2 phòng,,"Nhà ngõ, hẻm",5 m,,"34,42 triệu/m²",,2,,,12 m,da-nang,Giá cực hiếm - bán gấp - nhà đẹp 52m2 - phường hòa thọ đông Cẩm Lệ,,"Phường Hòa Thọ Đông, Phường Hòa Thọ Đông, Quận Cẩm Lệ, Đà NẵngXem bản đồ",
110 m²,3 phòng,3 phòng,Đã có sổ,"Nhà mặt phố, mặt tiền",,,"95,45 triệu/m²",Đông Nam,3,,,,da-nang,nhà 2 mặt tiền đường 7m5 sat biển võ nguyên giap giảm giá,,"Đinh Đạt, Phường Phước Mỹ, Quận Sơn Trà, Đà NẵngXem bản đồ",
77 m²,3 phòng,,,"Nhà mặt phố, mặt tiền",,,"55,84 triệu/m²",Đông Bắc,,,,,da-nang,Bán nhà 2 tầng biển mân thái,,"Tân Thái 3, Phường Mân Thái, Quận Sơn Trà, Đà NẵngXem bản đồ",
72 m²,4 phòng,,,"Nhà mặt phố, mặt tiền",,,"52,64 triệu/m²",,,,,,da-nang,Nhà mới vô ở 2 tầng chính chủ,,"Lư Hoa, Phường Nại Hiên Đông, Quận Sơn Trà, Đà NẵngXem bản đồ",
72 m²,3 phòng,3 phòng,Đã có sổ,"Nhà ngõ, hẻm",,,"51,39 triệu/m²",,3,,Nội thất đầy đủ,,da-nang,Bán Nhà 3Tầng 3Mê Kiệt Oto 6m phạm nhữ tăng. đứng nhìn thấy đường,,"Phạm Nhữ Tăng, Phường Hòa Khê, Quận Thanh Khê, Đà NẵngXem bản đồ",
43 m²,3 phòng,2 phòng,Đã có sổ,"Nhà ngõ, hẻm",,,"60,23 triệu/m²",Tây,3,,,,da-nang,"Bán nhà 2,5 Tầng kiệt 1/11/30 Văn Cao đà nẵng",,"Văn Cao, Phường Vĩnh Trung, Quận Thanh Khê, Đà NẵngXem bản đồ",
56 m²,3 phòng,2 phòng,Đã có sổ,"Nhà mặt phố, mặt tiền",,,"57,14 triệu/m²",,3,,Nhà trống,,da-nang,BÁN NHÀ 2MÊ RƯỠI ĐƯỜNG 3M75 BÙI LÂM,,"Bùi Lâm, Phường Nại Hiên Đông, Quận Sơn Trà, Đà NẵngXem bản đồ",
114 m²,4 phòng,4 phòng,Đã có sổ,"Nhà mặt phố, mặt tiền",,,"122,81 triệu/m²",,3,,Nội thất cao cấp,,da-nang,Cần bán Lô góc 2MT kinh doanh đối diện chợ cẩm lệ,,"Hồ Đắc Di, Phường Khuê Trung, Quận Cẩm Lệ, Đà NẵngXem bản đồ",
62 m²,4 phòng,4 phòng,Đã có sổ,"Nhà ngõ, hẻm",,,"88,71 triệu/m²",,4,,Nội thất cao cấp,,da-nang,BÌNH AN 🏙,,"bình an, BÌNH AN, Phường Hòa Cường Bắc, Quận Hải Châu, Đà NẵngXem bản đồ",
65 m²,3 phòng,3 phòng,Đã có sổ,"Nhà ngõ, hẻm",,,"64,46 triệu/m²",Tây Nam,3,,,,da-nang,Villa hồ bơi nhà 3 tầng nằm ngay trung tâm Đà Nẵng,,"Trần Cao Vân, Phường Xuân Hà, Quận Thanh Khê, Đà NẵngXem bản đồ",
100 m²,4 phòng,4 phòng,Đã có sổ,"Nhà mặt phố, mặt tiền",,,"72,5 triệu/m²",Tây Bắc,3,,,,da-nang,Biệt thự mini Hòa Minh 100m² 3 tầng. Q Liên chiểu. Đà nẵng,,"Hòa Phú, Phường Hòa Minh, Quận Liên Chiểu, Đà NẵngXem bản đồ",
75 m²,4 phòng,3 phòng,Đã có sổ,"Nhà ngõ, hẻm",,,"50,67 triệu/m²",Đông Bắc,3,,,,da-nang,BÁN NHÀ 3 TẦNG 3 MÊ KIỆT Ô TÔ 5M PHÓ ĐỨC CHÍNH MỚI ĐẸP,,"Phó Đức Chính, Phường An Hải Bắc, Quận Sơn Trà, Đà NẵngXem bản đồ",
68.4 m²,2 phòng,,Đã có sổ,"Nhà ngõ, hẻm",,,"34,36 triệu/m²",,,,,,da-nang,Nhỉnh 2ty sở hữu nhà 2tang mặt kiệt trung tâm tp .,,"Kiệt Pasteur, Phường Hải Châu  I, Quận Hải Châu, Đà NẵngXem bản đồ",
72 m²,3 phòng,,,"Nhà mặt phố, mặt tiền",4.5 m,,"70,83 triệu/m²",,,,,,da-nang,Giá rẻ CC bán gấp nhà mới full nội thất đẹp,,"Đường Hòa Minh 2, Phường Hòa Minh, Quận Liên Chiểu, Đà NẵngXem bản đồ",
200 m²,4 phòng,5 phòng,Đã có sổ,Nhà biệt thự,,,110 triệu/m²,Tây Bắc,3,,,,da-nang,BIỆT THỰ PHẠM PHÚ TIÊT. KHUÊ TRUNG. CẨM LỆ,,"Phạm Phú Tiết, Phường Hòa Xuân, Quận Cẩm Lệ, Đà NẵngXem bản đồ",
43 m²,2 phòng,1 phòng,Đã có sổ,"Nhà mặt phố, mặt tiền",,,"87,21 triệu/m²",Tây,,,Nhà trống,,da-nang,BÁN ĐẤT TẶNG NHÀ MT NGÔ QUYỀN ĐÀ NẴNG GIÁ TỐT 3.75 TỶ ĐƯỜNG MT 50M KD,,"Ngô Quyền, Phường Thọ Quang, Quận Sơn Trà, Đà NẵngXem bản đồ",
100 m²,2 phòng,2 phòng,,"Nhà mặt phố, mặt tiền",5 m,,41 triệu/m²,Bắc,2,,,,da-nang,"Giá cực hiếm - bán gấp nhà mặt tiền đường bình thái - 100m2 - giá 4,2t",,"Bình Thái, Phường Hòa Thọ Đông, Quận Cẩm Lệ, Đà NẵngXem bản đồ",
81.5 m²,3 phòng,1 phòng,Đã có sổ,"Nhà mặt phố, mặt tiền",,,"47,85 triệu/m²",Đông,1,,,,da-nang,CHỈ #3TY900 CÒN BỚT - BÁN GẤP MẶT TIỀN TÔN ĐẢN KẸP KIỆT Ô TÔ,,"Tôn Đản, Phường Hòa Phát, Quận Cẩm Lệ, Đà NẵngXem bản đồ",
81 m²,2 phòng,,,"Nhà mặt phố, mặt tiền",,,"46,3 triệu/m²",,,,,,da-nang,NHÀ C4 MT 10m5 TRẦN NHÂN TÔNG Kẹp KIỆT 3M,,"Trần Nhân Tông, Phường Mân Thái, Quận Sơn Trà, Đà NẵngXem bản đồ",
100 m²,2 phòng,1 phòng,,"Nhà mặt phố, mặt tiền",5 m,85 m²,"21,5 triệu/m²",,,,,20 m,da-nang,Nhà cấp 4 có 2 phòng ngủ Đồng Phước Huyến,,"Đường Đồng Phước Huyền, Phường Hoà Quý, Quận Ngũ Hành Sơn, Đà NẵngXem bản đồ",
35 m²,3 phòng,2 phòng,Đã có sổ,"Nhà ngõ, hẻm",,,"85,71 triệu/m²",,3,,Nội thất đầy đủ,,da-nang,3 tỷ nhà Ngô Gia Tự DTĐ 35m2 quận Hải Châu,,"Ngô Gia Tự, Phường Hải Châu  I, Quận Hải Châu, Đà NẵngXem bản đồ",
30 m²,2 phòng,2 phòng,Đã có sổ,"Nhà mặt phố, mặt tiền",4.0998 m,,"166,33 triệu/m²",,,,Nhà trống,,da-nang,"Siêu hiếm! MT kinh doanh Núi Thành, ngay sát Tiểu La- nhà 2 tầng- 5tỷ",,"Núi thành, Phường Hòa Cường Bắc, Quận Hải Châu, Đà NẵngXem bản đồ",
43 m²,2 phòng,,Đã có sổ,"Nhà ngõ, hẻm",,,50 triệu/m²,,,,,,da-nang,NHÀ ĐẸP GIÁ RẺ - THOÁNG MÁT - Sạch sẽ,,"2.9, Phường Hòa Cường Nam, Quận Hải Châu, Đà NẵngXem bản đồ",
100 m²,3 phòng,2 phòng,Đã có sổ,"Nhà mặt phố, mặt tiền",,,42 triệu/m²,Đông Bắc,2,,,,da-nang,Cần Bán Nhà 2 Tầng Đường Diệp Minh Châu Hoà Xuân Đà Nẵng,,"Diệp Minh Châu, Phường Hòa Xuân, Quận Cẩm Lệ, Đà NẵngXem bản đồ",
81 m²,2 phòng,,,"Nhà mặt phố, mặt tiền",,,"71,6 triệu/m²",,,,,,da-nang,"BÁN NHANH CĂN NHÀ MẶT TIỀN KHU VỰC GẦN LÝ TỰ TRỌNG, VỊ TRÍ TỐT MỞ",,"Nguyễn Đôn Tiết, Phường Thanh Bình, Quận Hải Châu, Đà NẵngXem bản đồ",
127 m²,2 phòng,,,"Nhà ngõ, hẻm",,,"21,26 triệu/m²",,,,,,da-nang,Nhà cấp 4 kiệt đường Mỹ Khê 7,,"Mỹ khê 7, Phường Phước Mỹ, Quận Sơn Trà, Đà NẵngXem bản đồ",
50 m²,2 phòng,2 phòng,Đã có sổ,"Nhà mặt phố, mặt tiền",,,61 triệu/m²,,2,,Nội thất đầy đủ,,da-nang,"3,05 tỷ mặt tiền Hải Sơn 50m2 gần chợ Đống Đa TP Đà Nẵng",,"Hải Sơn, Phường Thanh Bình, Quận Hải Châu, Đà NẵngXem bản đồ",
58 m²,3 phòng,4 phòng,Đã có sổ,"Nhà ngõ, hẻm",,,"58,28 triệu/m²",,3,,Nội thất cao cấp,,da-nang,TÔI CẦN BÁN NHÀ ĐẸP ĐẦY ĐỦ NỘI THẤT KIỆT TIỂU LA,,"Tiểu La, Phường Hòa Cường Bắc, Quận Hải Châu, Đà NẵngXem bản đồ",
100 m²,3 phòng,4 phòng,Đã có sổ,"Nhà mặt phố, mặt tiền",,,"37,9 triệu/m²",Đông,3,,,,da-nang,Bán nhà 3 tầng 3 mê mới đẹp Hoà Xuân vô ở liền,,"Đống Công Tường, Phường Hòa Xuân, Quận Cẩm Lệ, Đà NẵngXem bản đồ",
78 m²,3 phòng,2 phòng,Đã có sổ,"Nhà mặt phố, mặt tiền",,,"51,28 triệu/m²",Đông Bắc,2,,,,da-nang,"BÁN NHÀ HAI TẦNG RẤT ĐẸP, đường CẨM BẮC, Hoà Thọ Đông, Cẩm Lệ.",,"Cẩm Bắc 4, Phường Hòa Thọ Đông, Quận Cẩm Lệ, Đà NẵngXem bản đồ",
75 m²,2 phòng,2 phòng,Đã có sổ,"Nhà mặt phố, mặt tiền",,,"41,33 triệu/m²",,1,,Nhà trống,,da-nang,Bán nhà mặt tiền sát Nguyễn Hữu Thọ chỉ hơn 3 tỷ xíu,,"đội cấn, Phường Khuê Trung, Quận Cẩm Lệ, Đà NẵngXem bản đồ",
70.1998 m²,2 phòng,2 phòng,Đã có sổ,"Nhà ngõ, hẻm",,,"38,46 triệu/m²",Tây Bắc,2,,,,da-nang,🌷🌷🌷NHÀ 2 MẶT KIỆT TRẦN DUY CHIẾN MÂN THÁI SƠN TRÀ,,"Kiệt Trần Duy Chiến, Phường Mân Thái, Quận Sơn Trà, Đà NẵngXem bản đồ",
125 m²,5 phòng,5 phòng,,"Nhà mặt phố, mặt tiền",5 m,,32 triệu/m²,Đông Bắc,3,,,,da-nang,Shophouse đường 15m phun nội thất,,"Đường số 5, Phường Hòa Hiệp Nam, Quận Liên Chiểu, Đà NẵngXem bản đồ",
50 m²,2 phòng,2 phòng,Đã có sổ,Nhà phố liền kề,,,57 triệu/m²,Đông Bắc,2,,,,da-nang,Nhà 2 Tầng Kiệt Ô Tô 7M - Nguyễn Phước Nguyên.,,"268, Nguyễn Phước Nguyên, Phường An Khê, Quận Thanh Khê, Đà NẵngXem bản đồ",
64 m²,3 phòng,2 phòng,Đã có sổ,"Nhà mặt phố, mặt tiền",,,"51,56 triệu/m²",,2,,Nội thất đầy đủ,,da-nang,"Nhà MT Tiên Sơn 6, Hoà Cường, Hải Châu",,"Tiên Sơn 6, Phường Hòa Cường Nam, Quận Hải Châu, Đà NẵngXem bản đồ",
45 m²,3 phòng,,Đã có sổ,"Nhà ngõ, hẻm",,,"76,67 triệu/m²",Nam,3,,Nội thất đầy đủ,,da-nang,Nhà 3.5 tầng mê kiên cố- Mới 100% như hình,,"nguyễn hoàng, Phường Bình Thuận, Quận Hải Châu, Đà NẵngXem bản đồ",
50 m²,3 phòng,2 phòng,Đã có sổ,"Nhà ngõ, hẻm",,,70 triệu/m²,Tây Bắc,3,,,,da-nang,Nhà 3 tầng 3 mê vị trí cực đẹp kiệt Nguyễn Phước Nguyên,,"Nguyễn Phước Nguyên, Phường An Khê, Quận Thanh Khê, Đà NẵngXem bản đồ",
74 m²,1 phòng,2 phòng,Đã có sổ,"Nhà mặt phố, mặt tiền",,,"57,43 triệu/m²",Đông,,,Nhà trống,,da-nang,Nhà lửng đúc 5m5 Cao Xuân Huy kiên cố ở cực tốt,,"Cao Xuân Huy, Phường Khuê Trung, Quận Cẩm Lệ, Đà NẵngXem bản đồ",
90 m²,4 phòng,4 phòng,Đã có sổ,"Nhà mặt phố, mặt tiền",,,"71,67 triệu/m²",Tây,4,,,,da-nang,Bán gấp nhà 4 Tầng đẹp hiện đại MT CẦN GIUỘC,,"Cần Giuộc, Phường An Khê, Quận Thanh Khê, Đà NẵngXem bản đồ",
100 m²,3 phòng,4 phòng,Đã có sổ,"Nhà mặt phố, mặt tiền",,,"37,9 triệu/m²",Đông,3,,,,da-nang,"Nhà mới 3 lầu full nội thất đường Đống Công Tường Hòa Xuân, Cẩm Lệ 3Pn",,"Đống Công Tường, Phường Hòa Xuân, Quận Cẩm Lệ, Đà NẵngXem bản đồ",
64 m²,2 phòng,2 phòng,Đã có sổ,"Nhà mặt phố, mặt tiền",,,"37,34 triệu/m²",Nam,,,Nhà trống,,da-nang,🔥 BÁN NHÀ 2 MẶT KIỆT Ô TÔ 5M HÀ HUY TẬP 🌹Nhà gác lững kiên cố cách,,"Hà Huy Tập, Phường Xuân Hà, Quận Thanh Khê, Đà NẵngXem bản đồ",
39 m²,2 phòng,2 phòng,Đã có sổ,"Nhà mặt phố, mặt tiền",,,"63,85 triệu/m²",Tây,2,,,,da-nang,💥 BÁN NHÀ NGAY TRUNG TÂM Quận HẢI CHÂU “ NGUYỄN THỊ MINH KHAI “,,"Nguyễn Thị Minh Khai, Phường Thạch Thang, Quận Hải Châu, Đà NẵngXem bản đồ",
100 m²,3 phòng,3 phòng,Đã có sổ,,,,48 triệu/m²,Tây Nam,3,,,,da-nang,"Bán nhà Quách Thị Trang; giá 4,8 tỷ gần mầm non Chú ếch Con",,"Quách Thị Trang, Phường Hòa Xuân, Quận Cẩm Lệ, Đà NẵngXem bản đồ",
115 m²,3 phòng,,,"Nhà mặt phố, mặt tiền",,,"39,13 triệu/m²",,,,,,da-nang,"Chính chủ bán nhà 2 tầng đường Sơn Thuỷ 2,TTHC Quận Ngũ Hành Sơn,Đà Nẵ",,"Đường Sơn Thủy 2, Phường Hoà Hải, Quận Ngũ Hành Sơn, Đà NẵngXem bản đồ",
39 m²,3 phòng,3 phòng,Đã có sổ,"Nhà ngõ, hẻm",,,"61,28 triệu/m²",,3,,Nhà trống,,da-nang,BÁN NHÀ 3 TẦNG. 3 MÊ KIỆT HẢI PHÒNG,,"Hải Phòng, Phường Tân Chính, Quận Thanh Khê, Đà NẵngXem bản đồ",
68 m²,2 phòng,,,"Nhà ngõ, hẻm",5.57 m,110 m²,"33,68 triệu/m²",,,,,,da-nang,BÁN NHẢ KIỆT TRẦN CAO VÂN GẦN ĐƯỜNG GIÁ RẺ,,"Trần Cao Vân, Phường Tam Thuận, Quận Thanh Khê, Đà NẵngXem bản đồ",
45 m²,4 phòng,,Đã có sổ,"Nhà ngõ, hẻm",4 m,,"77,78 triệu/m²",,3,,Nội thất đầy đủ,,da-nang,NGỢP bán lỗ nhà mới 3 tầng- đường ô tô TT Điện Biên Phủ - Đà Nẵng,,"Hà Huy Tập, Phường Hòa Khê, Quận Thanh Khê, Đà NẵngXem bản đồ",
55 m²,2 phòng,,,"Nhà ngõ, hẻm",4.5 m,55 m²,"45,09 triệu/m²",,2,,,12.5 m,da-nang,Nhà siêu rẻ Hà Huy Tập - Thanh Khê - Đà Nẵng,,"Hà Huy Tập, Phường Hòa Khê, Quận Thanh Khê, Đà NẵngXem bản đồ",
72 m²,3 phòng,2 phòng,,"Nhà mặt phố, mặt tiền",,,"43,75 triệu/m²",Đông Nam,3,,,,da-nang,Nhà ở 3 tầng 72m 3pn 2wc giá tốt trung tâm liên chiểu kiệt oto thông,,"Tô hiệu, Phường Hòa Minh, Quận Liên Chiểu, Đà NẵngXem bản đồ",
100 m²,4 phòng,,Đã có sổ,"Nhà mặt phố, mặt tiền",,,38 triệu/m²,Đông Nam,,,,,da-nang,"Cần bán nhà nguyễn kim, hoà xuân",,"Nguyễn kim, Phường Hòa Xuân, Quận Cẩm Lệ, Đà NẵngXem bản đồ",
67 m²,5 phòng,,,"Nhà mặt phố, mặt tiền",,,"64,93 triệu/m²",,,,,,da-nang,Nhà 4 Tầng Mặt tiền kinh doanh Nguyễn Phước Nguyên,,"Nguyễn phước nguyên, Phường An Khê, Quận Thanh Khê, Đà NẵngXem bản đồ",
40 m²,2 phòng,1 phòng,Đã có sổ,"Nhà ngõ, hẻm",,,"66,25 triệu/m²",Tây Bắc,2,,,,da-nang,Chính chủ bán nhà K338 Hoàng Diệu,,"K338, hoàng diệu, Phường Bình Hiên, Quận Hải Châu, Đà NẵngXem bản đồ",
77.5 m²,3 phòng,3 phòng,,"Nhà ngõ, hẻm",7.1 m,,"50,97 triệu/m²",Tây Bắc,,,Nhà trống,,da-nang,CHÍNH CHỦ BÁN GẤP NHÀ 3 TẦNG KIỆT Ô TÔ KINH DOANH ĐƯỜNG NÚI THÀNH,,"HÒA CƯỜNG BẮC, Phường Hòa Cường Bắc, Quận Hải Châu, Đà NẵngXem bản đồ",
30 m²,2 phòng,1 phòng,Đã có sổ,"Nhà ngõ, hẻm",,,"56,33 triệu/m²",Đông Nam,2,,,,da-nang,Bán Nhà Kiệt Hoàng Diệu TP Đà Nẵng,,"Hoàng Diệu, Phường Hòa Thuận Đông, Quận Hải Châu, Đà NẵngXem bản đồ",
52 m²,3 phòng,3 phòng,,"Nhà ngõ, hẻm",,,"68,46 triệu/m²",,2,"Hẻm xe hơi,Nở hậu",,,da-nang,❌CHÍNH CHỦ BÁN GẤP❌ Nhà 2 Tầng Kiệt Ô tô Đậu Hà Huy Tập,,"Hà Huy Tập, Phường Xuân Hà, Quận Thanh Khê, Đà NẵngXem bản đồ",
70 m²,2 phòng,2 phòng,Đã có sổ,"Nhà ngõ, hẻm",,,"38,57 triệu/m²",,2,,Nhà trống,,da-nang,CẦN BÁN NHÀ 2 TẦNG KIỆT 3M TRẦN DUY CHIẾN,,"Trần Duy Chiến, Phường Mân Thái, Quận Sơn Trà, Đà NẵngXem bản đồ",
120 m²,2 phòng,2 phòng,Đã có sổ,"Nhà ngõ, hẻm",,,"31,25 triệu/m²",Tây,2,,,,da-nang,NHÀ SANG GIÁ RẺ BÙI TÁ HÁN 3.75 TỶ NỘI THẤT ĐẸP GẦN LÊ VĂN HIẾN,,"Đường Bùi Tá Hán, Phường Khuê Mỹ, Quận Ngũ Hành Sơn, Đà NẵngXem bản đồ",
61 m²,3 phòng,4 phòng,,"Nhà mặt phố, mặt tiền",,,"131,15 triệu/m²",,3,,,,da-nang,NHÀ MẶT TIỀN 3 TẦNG KHU DU LỊCH GIÁ SIÊU RẺ,,"Đường Ngũ Hành Sơn, Phường Mỹ An, Quận Ngũ Hành Sơn, Đà NẵngXem bản đồ",
90 m²,nhiều hơn 10 phòng,Nhiều hơn 6 phòng,Đã có sổ,"Nhà mặt phố, mặt tiền",,,"126,67 triệu/m²",,6,,Nội thất đầy đủ,,da-nang,SỤP HẦM 2TY KHÁCH SẠN 6 TẦNG MT MỸ KHÊ 2 SÁT VÕ VĂN KIỆT 90TR/1 THÁNG,,"Mỹ Khê 2, Phường Phước Mỹ, Quận Sơn Trà, Đà NẵngXem bản đồ",
90 m²,2 phòng,2 phòng,,"Nhà mặt phố, mặt tiền",,,35 triệu/m²,,,,,,da-nang,BÁN NHÀ 2 TẦNG MẶT TIỀN ĐƯỜNG KHU PHƯỚC LÝ,,"Phước Lý, Phường Hòa Minh, Quận Liên Chiểu, Đà NẵngXem bản đồ",
90 m²,3 phòng,4 phòng,,"Nhà mặt phố, mặt tiền",5 m,,"42,22 triệu/m²",Đông Bắc,,,,,da-nang,SỐC CHỈ HƠN 3 TỶ TẶNG NHÀ 3 TẦNG MẶT TIỀN ĐƯỜNG ĐỒNG TRÍ SIÊU MỚI,,"Đồng Trí, Phường Hòa Minh, Quận Liên Chiểu, Đà NẵngXem bản đồ",
67 m²,5 phòng,6 phòng,Đã có sổ,Nhà phố liền kề,5 m,220 m²,"64,93 triệu/m²",,,,,,da-nang,"Nhà mặt tiền Nguyễn Phước Nguyên có dòng tiền thuê, giá chỉ 4,35 tỷ",,"Nguyễn Phước Nguyên, Phường An Khê, Quận Thanh Khê, Đà NẵngXem bản đồ",
315 m²,5 phòng,5 phòng,Đã có sổ,Nhà biệt thự,12 m,,"66,67 triệu/m²",,,,Nội thất cao cấp,,da-nang,Bánn BIỆT THỰ LÊ QUANG HOÀ. HOÀ XUÂN. CẨM LỆ,,"Lê Quang Hoà, Phường Hòa Xuân, Quận Cẩm Lệ, Đà NẵngXem bản đồ",
100 m²,3 phòng,3 phòng,Đã có sổ,"Nhà mặt phố, mặt tiền",,,"42,5 triệu/m²",Tây Bắc,3,,,,da-nang,"Bán nhà 3 tầng KHU NAM HOÀ XUÂN, Ngũ Hành Sơn",,"Nam Hoà Xuân, Phường Hòa Xuân, Quận Cẩm Lệ, Đà NẵngXem bản đồ",
98 m²,3 phòng,2 phòng,Đã có sổ,"Nhà mặt phố, mặt tiền",,,"41,33 triệu/m²",Tây Bắc,2,,,,da-nang,"💎Cần bán nhà 2 tầng MT bạch Thái bưởi,P Hoà Khánh Bắc,Quận Liên Chiểu.",,"Đường Bạch Thái Bưởi, Phường Hòa Khánh Bắc, Quận Liên Chiểu, Đà NẵngXem bản đồ",
140.5 m²,5 phòng,4 phòng,Đã có sổ,"Nhà mặt phố, mặt tiền",,,"101,07 triệu/m²",Tây,3,,,,da-nang,"Nhà 3 tầng 140m2 Núi Thành, Hoà Cường Bắc, Hải Châu, TP Đà Nẵng.",,"157, Núi Thành, Phường Hòa Cường Bắc, Quận Hải Châu, Đà NẵngXem bản đồ",
100 m²,4 phòng,3 phòng,Đã có sổ,Nhà phố liền kề,,,69 triệu/m²,,3,,Nội thất đầy đủ,,da-nang,"NHÀ GẦN BÃI BIỂN, RESORT PULLMAN, PHỐ TÂY AN THƯỢNG – ÔTÔ TRƯỚC NHÀ",,"Đường Hồ Xuân Hương, Phường Khuê Mỹ, Quận Ngũ Hành Sơn, Đà NẵngXem bản đồ",
120 m²,3 phòng,2 phòng,Đã có sổ,"Nhà mặt phố, mặt tiền",,,"32,5 triệu/m²",Đông Nam,2,,,,da-nang,"Bán nhà 2 tầng kẹp cống đường 7.5m Lư Giang, Hoà Xuân, Cẩm Lệ giá rẻ",,"Lư Giang, Phường Hòa Xuân, Quận Cẩm Lệ, Đà NẵngXem bản đồ",
100 m²,3 phòng,,,"Nhà mặt phố, mặt tiền",5 m,,55 triệu/m²,,2,,,20 m,da-nang,nhà 2 tầng văn tiến dũng vị trí sầm uất siêu đẹp hướng tây,,"văn tiến dũng, Phường Hòa Xuân, Quận Cẩm Lệ, Đà NẵngXem bản đồ",
131 m²,2 phòng,,Đã có sổ,"Nhà ngõ, hẻm",,,"10,31 triệu/m²",,,Hẻm xe hơi,Nội thất đầy đủ,,da-nang,"Chào bán nhà Hoà Liên, gần DT 601, diện tích 131m2, kiên cố",,"DT 601, Xã Hòa Liên, Huyện Hòa Vang, Đà NẵngXem bản đồ",
41 m²,2 phòng,2 phòng,Đã có sổ,"Nhà ngõ, hẻm",,,"64,63 triệu/m²",Bắc,2,,,,da-nang,🔥 Hai Tầng kiệt Nguyễn Hoàng có phòng ngủ dưới 🔥,,"Nguyễn Hoàng, Phường Nam Dương, Quận Hải Châu, Đà NẵngXem bản đồ",
67 m²,3 phòng,,,"Nhà mặt phố, mặt tiền",,,"64,93 triệu/m²",,,,,,da-nang,bán nhà 4 tầng mặt tiền đường 7m5 nguyễn phước nguyên,,"Nguyễn Phước Nguyên, Phường Hòa Khê, Quận Thanh Khê, Đà NẵngXem bản đồ",
110 m²,2 phòng,2 phòng,Đã có sổ,"Nhà mặt phố, mặt tiền",,,"25,91 triệu/m²",,2,,Nội thất đầy đủ,,da-nang,Cần bán,,"Fpt, Phường Hoà Hải, Quận Ngũ Hành Sơn, Đà NẵngXem bản đồ",
76 m²,3 phòng,3 phòng,Đã có sổ,Nhà phố liền kề,,,"90,79 triệu/m²",Tây,1,,,,da-nang,Đất dương trí trạch,,"Dương trí trạch, Phường An Hải Bắc, Quận Sơn Trà, Đà NẵngXem bản đồ",
80 m²,3 phòng,2 phòng,Đã có sổ,"Nhà ngõ, hẻm",6 m,,"47,5 triệu/m²",,2,,,,da-nang,🔔CẦN BÁN NHANH NHÀ 2 TẦNG KIỆT HÀ HUY TẬP 80m2 CHỈ 💵HƠN 3TỶ💵,,"Hà Huy Tập, Phường Thạc Gián, Quận Thanh Khê, Đà NẵngXem bản đồ",
76 m²,2 phòng,,,"Nhà ngõ, hẻm",,,"49,34 triệu/m²",,,Hẻm xe hơi,,,da-nang,"KIỆT 4.5M đường Phạm Cự Lượng, DT 76m2 giá chỉ 3.xx tỷ, VỊ TRÍ ĐỈNH",,"Phạm Cự Lượng, Phường An Hải Đông, Quận Sơn Trà, Đà NẵngXem bản đồ",
90 m²,3 phòng,2 phòng,,"Nhà ngõ, hẻm",4.5 m,,"54,44 triệu/m²",Tây Nam,2,,,,da-nang,bán nhà kiệt trưng nữ vương kiêt 2 oto né nhau,,"Kiệt Trưng Nữ Vương, Phường Hòa Thuận Tây, Quận Hải Châu, Đà NẵngXem bản đồ",
140 m²,2 phòng,2 phòng,Đã có sổ,"Nhà mặt phố, mặt tiền",,,"32,5 triệu/m²",,2,,Nội thất cao cấp,,da-nang,BÁN NHÀ KHU CHẾ LAN VIÊN AN THƯỢNG 4.550 nhà Đẹp,,"Đường Chế Lan Viên, Phường Mỹ An, Quận Ngũ Hành Sơn, Đà NẵngXem bản đồ",
84 m²,3 phòng,,,"Nhà mặt phố, mặt tiền",,,"60,71 triệu/m²",,,,,,da-nang,Chào bán căn nhà 3 tầng Hoà Minh 19 nhà cách biển 500m mới xây,,"Đường Hòa Minh 19, Hòa Minh, Liên Chiểu, Đà Nẵng, Phường Hòa Minh, Quận Liên Chiểu, Đà NẵngXem bản đồ",
180 m²,nhiều hơn 10 phòng,,Đã có sổ,"Nhà mặt phố, mặt tiền",,,55 triệu/m²,,5,,,,da-nang,"TÒA CĂN HỘ 5 TẦNG KHU NAM VIỆT Á–DÒNG TIỀN 75TRIỆU/THÁNG- 180M2-9,9TỶ",,"Nguyễn Đình Chiểu , Phường Khuê Mỹ, Quận Ngũ Hành Sơn, Đà NẵngXem bản đồ",
50 m²,2 phòng,2 phòng,Đã có sổ,"Nhà ngõ, hẻm",,,51 triệu/m²,,2,,Nội thất đầy đủ,,da-nang,cần bán nhà phan thanh giá cực hợp lý,,"Phan Thanh, Phường Chính Gián, Quận Thanh Khê, Đà NẵngXem bản đồ",
40 m²,3 phòng,,Đã có sổ,"Nhà ngõ, hẻm",,120 m²,"58,75 triệu/m²",,,,Nội thất cao cấp,,da-nang,"Nhà 3 Tầng Kiệt 322 Hải Phòng Thẳng Đường , 40m Giá Rẻ Sập Sàn",,"Hải Phòng, Phường Chính Gián, Quận Thanh Khê, Đà NẵngXem bản đồ",
142 m²,2 phòng,2 phòng,Đã có sổ,"Nhà mặt phố, mặt tiền",,,"40,14 triệu/m²",Đông Nam,1,,,,da-nang,"Cần Bán Nhà An Hải 5, Sơn Trà, Đà Nẵng - Giá 37tr/m2 - Ngang 6m",,"An Hải 5, Phường An Hải Bắc, Quận Sơn Trà, Đà NẵngXem bản đồ",
90 m²,3 phòng,,,Nhà phố liền kề,8 m,130 m²,"31,67 triệu/m²",,2,Hẻm xe hơi,,,da-nang,Chủ cần bán nhà TTTP Đà Nẵng gấp để định cư khu vực khác,,"lê độ, Phường Chính Gián, Quận Thanh Khê, Đà NẵngXem bản đồ",
50 m²,2 phòng,2 phòng,,"Nhà ngõ, hẻm",,50 m²,51 triệu/m²,Đông Nam,2,,,,da-nang,Nhà trung tâm Thanh Khê gần ĐH Duy Tân,,"Phan Thanh, Phường Thạc Gián, Quận Thanh Khê, Đà NẵngXem bản đồ",
60 m²,4 phòng,3 phòng,Đã có sổ,"Nhà ngõ, hẻm",,,"51,67 triệu/m²",,3,,Nội thất cao cấp,,da-nang,"3,1 tỷ kiệt Hải Phòng DT 60m2 TP Đà Nẵng",,"Hải Phòng, Phường Tân Chính, Quận Thanh Khê, Đà NẵngXem bản đồ",
208.7 m²,5 phòng,2 phòng,Đã có sổ,"Nhà mặt phố, mặt tiền",,,60 triệu/m²,Tây Bắc,3,,,,da-nang,"Chính chủ bán nhà 3 tầng Dũng Sĩ Thanh Khê, sát biển NT Thành, ĐN",,"240, Đường Dũng Sĩ Thanh Khê, Phường Thanh Khê Tây, Quận Thanh Khê, Đà NẵngXem bản đồ",
90 m²,3 phòng,2 phòng,Đã có sổ,"Nhà ngõ, hẻm",,,"30,89 triệu/m²",,2,Nở hậu,,,da-nang,2 TẦNG TRƯNG NỮ VƯƠNG GẦN NGUYỄN HỮU THỌ_90M2 _ ĐƯỜNG TO _ GIÁ 2TY7x,,"Trưng Nữ Vương, Phường Hòa Thuận Tây, Quận Hải Châu, Đà NẵngXem bản đồ",
