Diện tích đất:,Số phòng ngủ:,Số phòng vệ sinh:,Giấy tờ pháp lý:,Loại hình nhà ở:,Chiều ngang:,Diện tích sử dụng:,Giá/m2:,Hướng cửa chính:,Tổng số tầng:,Đặc điểm nhà/đất:,Tình trạng nội thất:,Chiều dài:,Location,Name,URL,District,Price
52.2 m²,2 phòng,1 phòng,Đã có sổ,"Nhà ngõ, hẻm",,,"141,76 triệu/m²",Tây Nam,2,,,,tp-ho-chi-minh,"BÁN NHÀ HẺM NHẬT TẢO P.6 Q.10 (4,1X10.6) Trệt, Lửng. Giá 7,4tỷ",,"Hẻm 457A Nhật Tảo, Phường 6, Quận 10, Tp Hồ Chí MinhXem bản đồ",
40 m²,6 phòng,4 phòng,Đã có sổ,"Nhà mặt phố, mặt tiền",,,"36,75 triệu/m²",,4,,Nội thất đầy đủ,,tp-ho-chi-minh,"Kẹt tiền bán gấp nhà 160m2, Tân Lim, Phong Phú, 1T3L, SHR",,"Tân Liêm, Xã Phong Phú, Huyện Bình Chánh, Tp Hồ Chí MinhXem bản đồ",
80 m²,9 phòng,Nhiều hơn 6 phòng,,"Nhà mặt phố, mặt tiền",,,"237,5 triệu/m²",,,,,,tp-ho-chi-minh,bán mt tạ quang bửu 4x20 5 lầu 9pn 9wc thang máy giá 19ty,,"Đường Tạ Quang Bửu, Phường 4, Quận 8, Tp Hồ Chí MinhXem bản đồ",
69 m²,4 phòng,3 phòng,Đã có sổ,"Nhà ngõ, hẻm",,,"44,78 triệu/m²",,2,,Nội thất đầy đủ,,tp-ho-chi-minh,"✈️CHỦ ĐỊNH CƯ MỸ NÊN BÁN GẤP NHÀ, Huỳnh Văn Bánh, P13, Phú Nhuận, 4PN.",,"Huỳnh Văn Bánh, Phường 13, Quận Phú Nhuận, Tp Hồ Chí MinhXem bản đồ",
36 m²,4 phòng,3 phòng,Đã có sổ,Nhà phố liền kề,,,"74,44 triệu/m²",Tây,3,,,,tp-ho-chi-minh,"Tết 'Mới' - Nhà 'Mới', Sổ riêng, 2 tỷ 7 thương lượng, Lê Trọng Tấn !!!",,"Đường Lê Trọng Tấn, Phường Bình Hưng Hòa, Quận Bình Tân, Tp Hồ Chí MinhXem bản đồ",
70 m²,5 phòng,,,"Nhà mặt phố, mặt tiền",5 m,,"235,71 triệu/m²",,4,,,14 m,tp-ho-chi-minh,Xuất cảnh Bán Gấp Mặt tiền Nguyễn Hồng Đao - (5 X14m ) - 4 Tầng,,"Nguyễn Hồng Đào, Phường 14, Quận Tân Bình, Tp Hồ Chí MinhXem bản đồ",
48.5998 m²,5 phòng,,Đã có sổ,"Nhà ngõ, hẻm",5 m,,"174,9 triệu/m²",,5,,,12.5 m,tp-ho-chi-minh,"𝐏𝐇𝐔́ 𝐍𝐇𝐔Ậ𝐍, PHAN ĐĂNG LƯU - 𝟓𝐏𝐍 - 𝐍Ở 𝐇Ậ𝐔 𝟔𝐌",,"Phan Đăng Lưu, Phường 3, Quận Phú Nhuận, Tp Hồ Chí MinhXem bản đồ",
114 m²,6 phòng,,Đã có sổ,"Nhà mặt phố, mặt tiền",4.5 m,,"140,35 triệu/m²",,5,,,,tp-ho-chi-minh,"Bán Gấp Nhà 5 Tầng. Bề Ngang 4,5m. 16 Tỷ. Mặt Tiền Trần Xuân Soạn, Q7",,"Trần Xuân Soạn, Phường Tân Kiểng, Quận 7, Tp Hồ Chí MinhXem bản đồ",
80 m²,4 phòng,,Đã có sổ,"Nhà mặt phố, mặt tiền",,,"116,25 triệu/m²",Tây,4,,Nội thất cao cấp,,tp-ho-chi-minh,"Nhà Mt Đường 24B Khu Tên Lửa, 4 x 20, 3.5 Tấm, Gần Cviên, St Coopmark",,"Đường số 24B, Phường Bình Trị Đông B, Quận Bình Tân, Tp Hồ Chí MinhXem bản đồ",
69 m²,2 phòng,2 phòng,Đã có sổ,"Nhà ngõ, hẻm",5 m,,"47,83 triệu/m²",,2,,,,tp-ho-chi-minh,CÁCH NGÃ 4 NGUYỄN THỊ THẬP 300M- 2 LẦU- NGANG 5 NỞ HẬU- NHỈNH 3 TỶ,,"HUỲNH TẤN PHÁT, Phường Phú Thuận, Quận 7, Tp Hồ Chí MinhXem bản đồ",
92 m²,5 phòng,5 phòng,Đã có sổ,"Nhà mặt phố, mặt tiền",4 m,,"103,26 triệu/m²",,4,,,,tp-ho-chi-minh,MẶT TIỀN KHU TÊN LỬA CÓ CÔNG VIÊN TRƯỚC NHÀ 4x23m (92m2) ĐƯỜNG 12m,,"khu Tên Lửa, Phường An Lạc A, Quận Bình Tân, Tp Hồ Chí MinhXem bản đồ",
72 m²,3 phòng,2 phòng,Đã có sổ,"Nhà ngõ, hẻm",4 m,,"51,39 triệu/m²",,2,,,,tp-ho-chi-minh,"HÀNG THƠM - LÔ GÓC KO LỘ GIỚI - HẺM 2 MẶT 6M - HƯƠNG LỘ 2 - CHỈ 3,7 TỶ",,"Đường Bình Trị Đông, Phường Bình Trị Đông A, Quận Bình Tân, Tp Hồ Chí MinhXem bản đồ",
64 m²,2 phòng,1 phòng,Đã có sổ,"Nhà ngõ, hẻm",,,"83,59 triệu/m²",,1,,Nhà trống,,tp-ho-chi-minh,Siêu Phẩm 2 Mặt Tiền Xe 7 Chỗ Đỗ Cửa_ Nhà Cũ Tiện Xây Mới,,"Nguyễn thị Thập, Phường Tân Phú, Quận 7, Tp Hồ Chí MinhXem bản đồ",
35 m²,3 phòng,3 phòng,Đã có sổ,"Nhà ngõ, hẻm",,,"142,86 triệu/m²",Bắc,3,,,,tp-ho-chi-minh,NHÀ NGON CẦN BÁN,,"Đường Phạm Văn Hai, Phường 1, Quận Tân Bình, Tp Hồ Chí MinhXem bản đồ",
60 m²,4 phòng,5 phòng,Đã có sổ,"Nhà ngõ, hẻm",,,125 triệu/m²,Đông Bắc,4,,,,tp-ho-chi-minh,"Bán nhà 4 lầu cao cấp, đường số 11, Trường Thọ, 60m2, 4 lầu, 7.8 tỷ",,"Đường Số 11, Phường Trường Thọ (Quận Thủ Đức cũ), Thành phố Thủ Đức, Tp Hồ Chí MinhXem bản đồ",
54 m²,2 phòng,1 phòng,Đã có sổ,"Nhà mặt phố, mặt tiền",,,"49,07 triệu/m²",Tây Nam,1,,,,tp-ho-chi-minh,"Nhà MT cấp 4 đường 197 phường Tân Phú, quận 9",,"Đường Số 197, Phường Tân Phú (Quận 9 cũ), Thành phố Thủ Đức, Tp Hồ Chí MinhXem bản đồ",
39 m²,5 phòng,4 phòng,Đã có sổ,"Nhà ngõ, hẻm",,110 m²,"184,1 triệu/m²",,3,,,,tp-ho-chi-minh,"BÁN NHANH NHÀ 3 LẦU HẺM HOÀNG HOA THÁM, PHÚ NHUẬN",,"Hoàng Hoa Thám, Phường 5, Quận Phú Nhuận, Tp Hồ Chí MinhXem bản đồ",
36.2 m²,1 phòng,1 phòng,Đã có sổ,"Nhà ngõ, hẻm",,,"74,59 triệu/m²",Đông Nam,1,,,,tp-ho-chi-minh,Nhà Bán 36.2m2. phường 12 .phan huy ích.gò vấp.,,"Hẻm 362 Phan Huy Ích, Phường 12, Quận Gò Vấp, Tp Hồ Chí MinhXem bản đồ",
30 m²,3 phòng,3 phòng,,"Nhà ngõ, hẻm",3.0999 m,,"186,67 triệu/m²",,3,,,10 m,tp-ho-chi-minh,"Bán Gấp nhà mới ở liền đường Bà Hạt - 3,2X10m - 4 tầng mới + NTCC",,"Hẻm 232 Bà Hạt, Phường 9, Quận 10, Tp Hồ Chí MinhXem bản đồ",
55 m²,4 phòng,3 phòng,Đã có sổ,"Nhà mặt phố, mặt tiền",,,"65,45 triệu/m²",,2,,Nội thất đầy đủ,,tp-ho-chi-minh,Bán gấp nhà ngộp HXH Trần Quang Diệu Q3 DT 55m2 Giá 3tỷ6,,"Đường Trần Quang Diệu, Phường 14, Quận 3, Tp Hồ Chí MinhXem bản đồ",
44 m²,4 phòng,4 phòng,Đã có sổ,"Nhà ngõ, hẻm",,,"135,23 triệu/m²",,2,,Nội thất đầy đủ,,tp-ho-chi-minh,2 LẦU 4 PHÒNG HẺM THÍCH QUẢNG ĐỨC BÁN ĂN TẾT,,"Thích Quảng Đức, Phường 5, Quận Phú Nhuận, Tp Hồ Chí MinhXem bản đồ",
42.9 m²,4 phòng,3 phòng,,"Nhà ngõ, hẻm",,115.3 m²,"102,56 triệu/m²",,3,,,,tp-ho-chi-minh,"Bán nhà riêng 42.9m2, trệt, lửng, 2 lầu, Tôn Đản, cách MT 20m",,"Đường Tôn Đản, Phường 13, Quận 4, Tp Hồ Chí MinhXem bản đồ",
64 m²,5 phòng,6 phòng,,"Nhà mặt phố, mặt tiền",4 m,,"120,31 triệu/m²",,5,,,16 m,tp-ho-chi-minh,7 Tỷ hơn nhà ngay mặt tiền Đ.SỐ 8 - 4m x 16m - 5 Lầu vị trí siêu đẹp,,"Thống Nhất, Phường 11, Quận Gò Vấp, Tp Hồ Chí MinhXem bản đồ",
80 m²,4 phòng,,Đã có sổ,"Nhà mặt phố, mặt tiền",5 m,,"51,25 triệu/m²",,,,,16 m,tp-ho-chi-minh,"CHỦ CẦN BÁN NHÀ MT ĐÔNG SƠN,TÂN BÌNH-GIÁ:4.1TỶ/80M2 SỔ ĐẸP,GẦN CHỢ TB",,"Đông Sơn, Phường 7, Quận Tân Bình, Tp Hồ Chí MinhXem bản đồ",
21 m²,2 phòng,3 phòng,Đã có sổ,"Nhà ngõ, hẻm",,,"80,48 triệu/m²",,2,,Nội thất đầy đủ,,tp-ho-chi-minh,🈴NHÀ PHỐ ĐƯỜNG DƯƠNG CÁT LỢI THỊ TRẤN NHÀ BÈ,,"Dương Cát Lợi, Thị trấn Nhà Bè, Huyện Nhà Bè, Tp Hồ Chí MinhXem bản đồ",
57 m²,10 phòng,Nhiều hơn 6 phòng,Đã có sổ,"Nhà ngõ, hẻm",,,"87,72 triệu/m²",,4,,Nội thất đầy đủ,,tp-ho-chi-minh,"Nhà 4 tầng - 57m2 - 5 x 11,5 - 2 MT - thuê 20tr/tháng - Sát Aeon T.Phú",,"Đường Đỗ Nhuận, Phường Sơn Kỳ, Quận Tân Phú, Tp Hồ Chí MinhXem bản đồ",
90 m²,5 phòng,,Đã có sổ,"Nhà mặt phố, mặt tiền",,,"108,89 triệu/m²",Đông Bắc,4,,Nội thất đầy đủ,,tp-ho-chi-minh,Cần bán nhà mặt tiền đường số 1 phường 11 gv (4x25) 4 tầng giá 9.8 tỷ,,"đường số 1, Phường 11, Quận Gò Vấp, Tp Hồ Chí MinhXem bản đồ",
68 m²,4 phòng,3 phòng,Đã có sổ,"Nhà ngõ, hẻm",,,"46,32 triệu/m²",,3,,Nội thất đầy đủ,,tp-ho-chi-minh,"Chủ kí gửi gấp nhà Lê Văn Sỹ p13 Q3 , 68m2 / 3tỷ150tr , SHR, gần bờ kè",,"Lê Văn Sỹ, Phường 13, Quận 3, Tp Hồ Chí MinhXem bản đồ",
35 m²,4 phòng,3 phòng,Đã có sổ,"Nhà ngõ, hẻm",,35 m²,"51,43 triệu/m²",,3,,,,tp-ho-chi-minh,CẦN BÁN GẤP NHÀ Ở HÓC MÔN,,"Đặng Thúc Vịnh, Xã Đông Thạnh, Huyện Hóc Môn, Tp Hồ Chí MinhXem bản đồ",
12 m²,2 phòng,1 phòng,Đã có sổ,"Nhà ngõ, hẻm",3.5 m,,"116,67 triệu/m²",,1,,,,tp-ho-chi-minh,Bán Nhà 1.4 Tỷ Tân Hòa Đông P14 Q6,,"Tân Hòa Đông, Phường 14, Quận 6, Tp Hồ Chí MinhXem bản đồ",
30 m²,3 phòng,,,"Nhà mặt phố, mặt tiền",,,240 triệu/m²,,,Hẻm xe hơi,,,tp-ho-chi-minh,"BÁN NHÀ MẶT TIỀN KINH DOANH CỰC ĐẸP T.TÂM PHÚ NHUẬN, CHỈ 7️⃣ TỶ NHỈNH",,"Phùng Văn Cung, Phường 4, Quận Phú Nhuận, Tp Hồ Chí MinhXem bản đồ",
90 m²,2 phòng,,Đã có sổ,"Nhà mặt phố, mặt tiền",39 m,,"144,44 triệu/m²",,,,,24 m,tp-ho-chi-minh,"Cần bán nhà mt kinh doanh Phan Văn Trị, P11, Bình Thạnh,",,"Phan Văn Trị, Phường 11, Quận Bình Thạnh, Tp Hồ Chí MinhXem bản đồ",
68 m²,4 phòng,4 phòng,,Nhà phố liền kề,4 m,,"117,65 triệu/m²",,3,,,17 m,tp-ho-chi-minh,NHÀ 3 TẦNG NGANG 4 DÀI 17 CẠNH KHU BẮC HẢI 68m2 ĐẤT 204m2 Sd GIÁ 8 TỶ,,"Bắc Hải, Phường 15, Quận 10, Tp Hồ Chí MinhXem bản đồ",
95 m²,8 phòng,Nhiều hơn 6 phòng,Đã có sổ,"Nhà mặt phố, mặt tiền",,,"92,63 triệu/m²",,7,,Nội thất cao cấp,,tp-ho-chi-minh,MẶT TIỀN TÂY SƠN_TÂN PHÚ_5.5X18_7 TẦNG_8TỶ x_***,,"Đường Tây Sơn, Phường Tân Quý, Quận Tân Phú, Tp Hồ Chí MinhXem bản đồ",
150 m²,2 phòng,,,"Nhà mặt phố, mặt tiền",,,90 triệu/m²,,,,,,tp-ho-chi-minh,BÁN NHÀ MẶT TIỀN KD ĐƯỜNG LÀNG TĂNG PHÚ,,"Đường Làng Tăng Phú, Phường Tăng Nhơn Phú A (Quận 9 cũ), Thành phố Thủ Đức, Tp Hồ Chí MinhXem bản đồ",
32 m²,3 phòng,4 phòng,Đã có sổ,"Nhà ngõ, hẻm",,,"111,84 triệu/m²",Tây Bắc,2,,,,tp-ho-chi-minh,🏡 Nhà lầu cần bán đối diện chợ Rạch Ông,,"Nguyễn Thị Tần, Phường 2, Quận 8, Tp Hồ Chí MinhXem bản đồ",
21 m²,2 phòng,2 phòng,Đã có sổ,"Nhà ngõ, hẻm",,,"109,52 triệu/m²",,2,,Nội thất đầy đủ,,tp-ho-chi-minh,"Bán Nhà Đường Phan Huy Ích F 14 Gò Vấp Giá 2,3 Tỷ",,"Đường Phan huy ích , Phường 14, Quận Gò Vấp, Tp Hồ Chí MinhXem bản đồ",
41 m²,2 phòng,1 phòng,Đã có sổ,"Nhà ngõ, hẻm",,,"109,76 triệu/m²",Tây Nam,2,,,,tp-ho-chi-minh,"Nhỉnh 4Tỷ,41m2, 2PN,Hẻm Xe Máy Thông,Nguyễn Đình Chính P.15 Phú Nhuận",,"Nguyễn Đình Chính, Phường 15, Quận Phú Nhuận, Tp Hồ Chí MinhXem bản đồ",
22 m²,2 phòng,2 phòng,Giấy tờ khác,"Nhà ngõ, hẻm",3.2 m,,"38,64 triệu/m²",,2,,,,tp-ho-chi-minh,"Nhà SC VB Huỳnh Tấn Phát Phú Mỹ Q7- 3,2m X 7m- 2 tầng- 2pn",,"Huỳnh Tấn Phát, Phường Phú Mỹ, Quận 7, Tp Hồ Chí MinhXem bản đồ",
49 m²,4 phòng,3 phòng,Đã có sổ,"Nhà ngõ, hẻm",3.2 m,,"85,71 triệu/m²",,,,Nội thất đầy đủ,,tp-ho-chi-minh,"Bán nhà Bùi Minh Trực, phường 5 , Quận 8, 50m2 chỉ 4,2 tỷ",,"Hẻm 85 Bùi Minh Trực, Phường 5, Quận 8, Tp Hồ Chí MinhXem bản đồ",
45 m²,2 phòng,3 phòng,Đã có sổ,"Nhà ngõ, hẻm",,,"102,89 triệu/m²",,2,,Nội thất đầy đủ,,tp-ho-chi-minh,"CHỦ BÁN GẤP HƠN 4️⃣ TỶ 45M2 * 2 TẦNG, SÁT CHỢ GV, Đ NGUYỄN T SƠN,P5",,"Nguyễn Thái Sơn, Phường 5, Quận Gò Vấp, Tp Hồ Chí MinhXem bản đồ",
82 m²,5 phòng,6 phòng,Đã có sổ,"Nhà ngõ, hẻm",,,"118,17 triệu/m²",,5,,Nội thất cao cấp,,tp-ho-chi-minh,"Bán nhà hẻm 60/16 Lâm Văn bền, Tân Kiểng, Quận 7. HXH 5 tấm.",,"Lâm Văn Bền, Phường Tân Kiểng, Quận 7, Tp Hồ Chí MinhXem bản đồ",
68 m²,3 phòng,,,"Nhà mặt phố, mặt tiền",5.1999 m,,100 triệu/m²,,,Nở hậu,,13 m,tp-ho-chi-minh,Căn Nhà Tâm Huyết Của Đại Gia Quận 6 Nhỉnh 6 Tỷ.,,"Đường Bà Hom, Phường 13, Quận 6, Tp Hồ Chí MinhXem bản đồ",
26 m²,2 phòng,2 phòng,Đã có sổ,"Nhà ngõ, hẻm",,,"115,38 triệu/m²",Đông Bắc,2,,,,tp-ho-chi-minh,"Nhà 2 mặt hẻm 3.5 x 7m, 1 lầu, 2PN 2WC, SHR, gần chợ Phú Trung Tân Phú",,"Đường Trịnh Đình Trọng, Phường Phú Trung, Quận Tân Phú, Tp Hồ Chí MinhXem bản đồ",
53 m²,4 phòng,,Đã có sổ,"Nhà mặt phố, mặt tiền",,,"145,28 triệu/m²",,8,,Nội thất cao cấp,,tp-ho-chi-minh,❌❌ NHÀ ĐẸP ĐÓN TẾT - MẶT TIỀN CÔNG VIÊN - GẦN CHỢ AN NHƠN GÒ VẤP,,"Nguyễn Oanh, Phường 6, Quận Gò Vấp, Tp Hồ Chí MinhXem bản đồ",
21.1 m²,2 phòng,3 phòng,Đã có sổ,"Nhà ngõ, hẻm",4.3 m,,"151,66 triệu/m²",,,,,5 m,tp-ho-chi-minh,🏡Bán nhà mới đg Ba Đình p8q8,,"Ba Đinh, Phường 8, Quận 8, Tp Hồ Chí MinhXem bản đồ",
70 m²,4 phòng,4 phòng,,"Nhà mặt phố, mặt tiền",5 m,141 m²,"55,71 triệu/m²",,,,,14 m,tp-ho-chi-minh,Nhà Phố 5x14 Đúc 2 lầu hẻm 8m xe tải gần chợ Tân Chánh Hiệp 03.07,,"Tân Chánh Hiệp 03.07, Phường Tân Chánh Hiệp, Quận 12, Tp Hồ Chí MinhXem bản đồ",
65 m²,3 phòng,2 phòng,Đã có sổ,"Nhà ngõ, hẻm",,,"20,62 triệu/m²",,2,,Nhà trống,,tp-ho-chi-minh,"Bán Gấp Căn Nhà Ở Lê Bôi Quận 8 giá 1,34 tỷ SHR",,"Đường Lê Bôi, Phường 7, Quận 8, Tp Hồ Chí MinhXem bản đồ",
40 m²,3 phòng,3 phòng,Đã có sổ,"Nhà ngõ, hẻm",,,"47,5 triệu/m²",,3,Hẻm xe hơi,,,tp-ho-chi-minh,"NHÀ NGỘP CẦN BÁN GẤP, 40M2, Đ.BÀ HUYỆN THANH QUAN, P.6, Q.3",,"Đường Bà Huyện Thanh Quan, Phường Võ Thị Sáu, Quận 3, Tp Hồ Chí MinhXem bản đồ",
52 m²,4 phòng,4 phòng,Đã có sổ,"Nhà ngõ, hẻm",,,"51,54 triệu/m²",,2,,Nội thất đầy đủ,,tp-ho-chi-minh,"📌Nhà bán gấp nhà hẻm xe hơi 6m đường TÔ HIẾN THÀNH,P14,Q10 2tỷ680 TL",,"Đường Tô Hiến Thành, Phường 14, Quận 10, Tp Hồ Chí MinhXem bản đồ",
25 m²,2 phòng,2 phòng,Đã có sổ,"Nhà ngõ, hẻm",3.2 m,,50 triệu/m²,,2,,,,tp-ho-chi-minh,"Nhà SC VB 2174 Huỳnh Tấn Phát Thị Trấn Nhà Bè - 3,2 x 8,7- 2 tầng- 2pn",,"Huỳnh Tấn Phát, Thị trấn Nhà Bè, Huyện Nhà Bè, Tp Hồ Chí MinhXem bản đồ",
53 m²,4 phòng,4 phòng,Đã có sổ,"Nhà ngõ, hẻm",3.5 m,,"112,26 triệu/m²",,3,,,,tp-ho-chi-minh,Bán nhà Thích Quảng Đức Pn 53m2 2 Lầu Giá 5ty950,,"Đường Thích Quảng Đức, Phường 5, Quận Phú Nhuận, Tp Hồ Chí MinhXem bản đồ",
90 m²,4 phòng,5 phòng,,"Nhà ngõ, hẻm",,,"121,11 triệu/m²",,,Hẻm xe hơi,,,tp-ho-chi-minh,"Nhà 5 tấm mới xây 4.5*20m Cây Trâm p9, nội thất xịn giá chỉ hơn 10 tỷ",,"220, Đường Nguyễn Văn Khối, Phường 9, Quận Gò Vấp, Tp Hồ Chí MinhXem bản đồ",
60 m²,nhiều hơn 10 phòng,,,"Nhà mặt phố, mặt tiền",4 m,,"196,67 triệu/m²",Nam,,"Hẻm xe hơi,Nở hậu",,15 m,tp-ho-chi-minh,"Bán nhà có sẵn hệ thống khách sạn, căn hộ dịch vụ đang hoạt động tốt.",,"Nguyễn Xí, Phường 26, Quận Bình Thạnh, Tp Hồ Chí MinhXem bản đồ",
73 m²,3 phòng,3 phòng,Đã có sổ,"Nhà ngõ, hẻm",,,"75,34 triệu/m²",Tây,2,,,,tp-ho-chi-minh,hot…🔥🔥🔥nhỉnh 5 tỷ căn nhà đẹp ngang 8m vườn lài 2 lầu,,"Vườn Lài, Phường An Phú Đông, Quận 12, Tp Hồ Chí MinhXem bản đồ",
65.3 m²,2 phòng,2 phòng,Đã có sổ,"Nhà mặt phố, mặt tiền",,,"90,35 triệu/m²",Nam,1,,,,tp-ho-chi-minh,Nhà Mặt Tiền Quận 2 Đường Nguyễn Trung Nguyệt,,"Nguyễn Trung Nguyệt, Phường Bình Trưng Đông (Quận 2 cũ), Thành phố Thủ Đức, Tp Hồ Chí MinhXem bản đồ",
48 m²,3 phòng,4 phòng,Đã có sổ,"Nhà ngõ, hẻm",4 m,,"64,58 triệu/m²",,,,Nội thất cao cấp,,tp-ho-chi-minh,"Chính chủ cần bán gấp nhà Phạm Ngọc Thạch, Quận 3. Giá 3 tỷ 100 triệu",,"Phạm Ngọc Thạch, Phường Võ Thị Sáu, Quận 3, Tp Hồ Chí MinhXem bản đồ",
52 m²,4 phòng,5 phòng,Đã có sổ,"Nhà mặt phố, mặt tiền",,,"105,77 triệu/m²",Đông Nam,4,,,,tp-ho-chi-minh,"BÁN NHÀ KHU DÂN CƯ SÀI GÒN MỚI💥ĐƯỜNG HUỲNH TẤN PHÁT, TT.NHÀ BÈ",,"Huỳnh Tấn Phát, Thị trấn Nhà Bè, Huyện Nhà Bè, Tp Hồ Chí MinhXem bản đồ",
36 m²,3 phòng,2 phòng,Đã có sổ,"Nhà ngõ, hẻm",,,125 triệu/m²,Bắc,3,,,,tp-ho-chi-minh,"bán gấp nhà hẻm ba gác thông XVNT P. 25,Q.Bình Thạnh 36m2, 3PN, 4 tỷ5",,"Xô Viết Nghệ Tĩnh, Phường 25, Quận Bình Thạnh, Tp Hồ Chí MinhXem bản đồ",
67.8 m²,4 phòng,4 phòng,Đã có sổ,"Nhà ngõ, hẻm",,,"56,05 triệu/m²",,2,,Nội thất đầy đủ,,tp-ho-chi-minh,"Bùi Đình Túy - Nhà 1/ Hẽm 5m69, full thổ 1T 1L đang cho thuê 15tr/th",,"Chu Văn An, Phường 12, Quận Bình Thạnh, Tp Hồ Chí MinhXem bản đồ",
60 m²,2 phòng,,Đã có sổ,"Nhà ngõ, hẻm",4 m,,"66,65 triệu/m²",,,,,15 m,tp-ho-chi-minh,"BÁN VỊ TRÍ KINH DOANH , 4 X 15M , 1T1L , GẦN LÊ THÚC HOẠCH -TÂN PHÚ",,"Hẻm 36 Đường Số 14, Phường Bình Hưng Hoà A, Quận Bình Tân, Tp Hồ Chí MinhXem bản đồ",
30 m²,2 phòng,2 phòng,Đã có sổ,,,,200 triệu/m²,Tây Bắc,1,,,,tp-ho-chi-minh,"Nhà cấp 4 30m²,2phòng ngủ , NguyễnKhắcNhu,Q1",,"7/14bis, Nguyễn Khắc Nhu, Phường Cô Giang, Quận 1, Tp Hồ Chí MinhXem bản đồ",
134 m²,nhiều hơn 10 phòng,,,"Nhà ngõ, hẻm",5 m,,"83,58 triệu/m²",,,"Hẻm xe hơi,Nở hậu",,25 m,tp-ho-chi-minh,Nhà 5x25m - trệt 04 lầu gần Emart Phan Huy Ích,,"Đường Phan Huy Ích, Phường 14, Quận Gò Vấp, Tp Hồ Chí MinhXem bản đồ",
42 m²,3 phòng,3 phòng,Đã có sổ,"Nhà ngõ, hẻm",,,"219,05 triệu/m²",,,,,,tp-ho-chi-minh,"Hẻm 8m - 251 Nguyễn Thiện Thuật, Q.3, DT 3.8x11, 4 tầng, giá 9,2 tỷ",,"Hẻm 8m - 251, Nguyễn Thiện Thuật, Phường 1, Quận 3, Tp Hồ Chí MinhXem bản đồ",
265 m²,2 phòng,,,"Nhà ngõ, hẻm",,,"18,87 triệu/m²",,,,,,tp-ho-chi-minh,"nhà ngô chí quốc ,bình chiểu . dt 265m2 , giá 5 tỷ",,"ngô chí quốc, Phường Bình Chiểu (Quận Thủ Đức cũ), Thành phố Thủ Đức, Tp Hồ Chí MinhXem bản đồ",
33 m²,3 phòng,2 phòng,Đã có sổ,"Nhà ngõ, hẻm",3.5 m,,"84,55 triệu/m²",,,,,10 m,tp-ho-chi-minh,Bán nhà Lưu Trọng Lư 33m 2 tầng giá 2 tỷ 790,,"Lưu Trọng Lư, Phường Tân Thuận Đông, Quận 7, Tp Hồ Chí MinhXem bản đồ",
34 m²,2 phòng,2 phòng,Đang chờ sổ,"Nhà ngõ, hẻm",3.0999 m,,"65,88 triệu/m²",,,,,11 m,tp-ho-chi-minh,"Nhà Sổ hồng riêng 1 Lầu Đường HT13,phường Hiệp Thành,Q12.Tặng nội Thất",,"HT13, Phường Hiệp Thành, Quận 12, Tp Hồ Chí MinhXem bản đồ",
56 m²,2 phòng,2 phòng,Đã có sổ,"Nhà ngõ, hẻm",,,"80,36 triệu/m²",,2,,Nội thất đầy đủ,,tp-ho-chi-minh,"Nhà cạnh Sacombank Lạc Long Quân, gần chợ Tân Bình.",,"Lạc Long Quân, Phường 8, Quận Tân Bình, Tp Hồ Chí MinhXem bản đồ",
40 m²,4 phòng,,Đã có sổ,"Nhà ngõ, hẻm",4 m,,45 triệu/m²,,,,,10 m,tp-ho-chi-minh,"Bán Nhà NGộp Phường 11 Bình Thạnh , giá 1,8 tỷ / căn , Sổ riêng",,"Nơ Trang Long, Phường 11, Quận Bình Thạnh, Tp Hồ Chí MinhXem bản đồ",
150 m²,2 phòng,1 phòng,Đã có sổ,"Nhà mặt phố, mặt tiền",4.2 m,,"43,33 triệu/m²",,,,,36 m,tp-ho-chi-minh,"Nhà MT đường 10m, DT:4,2 X36, đang cho thuê 10 triêu/tháng",,"Tô Ngọc Vân, Phường 15, Quận Gò Vấp, Tp Hồ Chí MinhXem bản đồ",
100 m²,4 phòng,3 phòng,Đã có sổ,"Nhà mặt phố, mặt tiền",,,"8,5 triệu/m²",,1,,Nội thất đầy đủ,,tp-ho-chi-minh,cần bán gấp căn nhà bình chánh,,"Đoàn Nguyễn Tuấn, Xã Tân Quý Tây, Huyện Bình Chánh, Tp Hồ Chí MinhXem bản đồ",
50 m²,5 phòng,5 phòng,Đã có sổ,"Nhà ngõ, hẻm",,,170 triệu/m²,,5,,Nội thất đầy đủ,,tp-ho-chi-minh,"Nhà 5 Tầng, 50m2, 5Pn, Hxh 7c, Phan Đăng Lưu, P.7 Phú Nhuận. 8.5 Tỷ TL",,"Đường Phan Đăng Lưu, Phường 3, Quận Phú Nhuận, Tp Hồ Chí MinhXem bản đồ",
85 m²,2 phòng,2 phòng,Đã có sổ,"Nhà mặt phố, mặt tiền",,,10 triệu/m²,,1,,Nhà trống,,tp-ho-chi-minh,"Gia Đình tôi kẹt tiền cần bán gấp căn nhà mặt tiền, giá 850tr",,"Nguyễn Hữu Trí, Thị trấn Tân Túc, Huyện Bình Chánh, Tp Hồ Chí MinhXem bản đồ",
77 m²,4 phòng,5 phòng,Đã có sổ,"Nhà mặt phố, mặt tiền",,,"87,01 triệu/m²",,3,,Nội thất cao cấp,,tp-ho-chi-minh,"Nhà Sang - Đẹp - SHR mặt tiền hẻm 5m tại Lê Văn Sỹ , P13 , Q3 .",,"Lê Văn Sỹ, Phường 13, Quận 3, Tp Hồ Chí MinhXem bản đồ",
48 m²,4 phòng,2 phòng,Giấy tờ khác,"Nhà ngõ, hẻm",,,"32,29 triệu/m²",Bắc,2,,,,tp-ho-chi-minh,Nhà đẹp,,"1 Sẹc Cách Mặt Tiền Đường Nguyễn Thị Trọn 40m -  Ấp 1, Xã Vĩnh Lộc A, Huyện Bình Chánh, Tp Hồ Chí MinhXem bản đồ",
62 m²,3 phòng,2 phòng,Đã có sổ,"Nhà ngõ, hẻm",,,"67,73 triệu/m²",,1,,Nội thất đầy đủ,,tp-ho-chi-minh,Bình Thạnh🔥Diện tích vàng Nơ Trang Long DT 62m2 HXT 8m SHR chỉ 4ty2 TL,,"Bùi Đình Túy, Phường 2, Quận Bình Thạnh, Tp Hồ Chí MinhXem bản đồ",
72 m²,4 phòng,4 phòng,Đã có sổ,"Nhà mặt phố, mặt tiền",,,"120,83 triệu/m²",,3,,Nhà trống,,tp-ho-chi-minh,✅GIẢM 500TR- MTKD Thạch Lam P.Phú Thạnh ( DT 4X17M. 2 LẦU ) LH NGAY,,"Đường Thạch Lam, Phường Phú Thạnh, Quận Tân Phú, Tp Hồ Chí MinhXem bản đồ",
45 m²,4 phòng,4 phòng,Đã có sổ,,,,120 triệu/m²,Tây,4,,,,tp-ho-chi-minh,Cần bán nhà phố vip,,"Tân Chánh Hiệp 25.p Tân Chánh Hiệp, Phường Tân Chánh Hiệp, Quận 12, Tp Hồ Chí MinhXem bản đồ",
171 m²,5 phòng,,,"Nhà mặt phố, mặt tiền",7 m,,"198,83 triệu/m²",,,,,19 m,tp-ho-chi-minh,Biệt thự phố nội thất cao cấp - 9x19m hầm 4 lầu thông hành địa dịch,,"Cách Mạng Tháng Tám, Phường Hiệp Bình Phước (Quận Thủ Đức cũ), Thành phố Thủ Đức, Tp Hồ Chí MinhXem bản đồ",
48 m²,2 phòng,2 phòng,Đã có sổ,"Nhà ngõ, hẻm",4 m,,"87,5 triệu/m²",,,,Nội thất đầy đủ,,tp-ho-chi-minh,"Bán gấp 1TR1L đúc BTCT (4x12m), 2PN, 2WC. Đường 8m thông TCH13, Q12",,"Huỳnh Thị Hai, Phường Tân Chánh Hiệp, Quận 12, Tp Hồ Chí MinhXem bản đồ",
62 m²,4 phòng,4 phòng,Đã có sổ,"Nhà ngõ, hẻm",4 m,,"77,26 triệu/m²",Đông Bắc,,,,,tp-ho-chi-minh,"Bán nhà đường số 16A Bình Hưng Hòa A, dt 4X15,5m nhà kiên cố vuông vức",,"Đường số 16A, Phường Bình Hưng Hoà A, Quận Bình Tân, Tp Hồ Chí MinhXem bản đồ",
114 m²,3 phòng,2 phòng,Đã có sổ,"Nhà mặt phố, mặt tiền",4 m,,"31,58 triệu/m²",,,,Nhà trống,,tp-ho-chi-minh,Nhà picity thạnh xuân 13 quận 12,,"Tx13, Phường Thạnh Xuân, Quận 12, Tp Hồ Chí MinhXem bản đồ",
80 m²,4 phòng,4 phòng,Đã có sổ,"Nhà ngõ, hẻm",,,"73,75 triệu/m²",,4,,Nội thất cao cấp,,tp-ho-chi-minh,"HUỲNH VĂN NGHỆ 4 x 20M, XE HƠI ĐỖ CHỈ 5,x TỶ",,"Huỳnh Văn Nghệ, Phường 15, Quận Tân Bình, Tp Hồ Chí MinhXem bản đồ",
100 m²,2 phòng,1 phòng,Đã có sổ,"Nhà mặt phố, mặt tiền",4 m,,86 triệu/m²,,1,,,,tp-ho-chi-minh,"Bán nhà mặt tiền nội bộ Tân Hương, 4x25m, Cấp 4 tiện xây mới",,"Đô Đốc Thủ, Phường Tân Quý, Quận Tân Phú, Tp Hồ Chí MinhXem bản đồ",
30 m²,2 phòng,2 phòng,Đã có sổ,"Nhà ngõ, hẻm",2.4 m,,"123,33 triệu/m²",,,,,10 m,tp-ho-chi-minh,Nhà bán chính chủ,,"1 sẹc, Nguyễn Ngọc Lộc, Phường 14, Quận 10, Tp Hồ Chí MinhXem bản đồ",
48 m²,4 phòng,5 phòng,Đã có sổ,"Nhà ngõ, hẻm",,,"153,33 triệu/m²",Bắc,4,,,,tp-ho-chi-minh,"Nhà 1 trệt, 3 lầu hẻm xe hơi gần CV Làng hoa Gò Vấp",,"Lê Văn Thọ, Phường 9, Quận Gò Vấp, Tp Hồ Chí MinhXem bản đồ",
52 m²,2 phòng,2 phòng,Đã có sổ,"Nhà ngõ, hẻm",,,"114,42 triệu/m²",,2,,Nội thất đầy đủ,,tp-ho-chi-minh,"Chính chủ bán nhà 2 tầng Hxh - Nghĩa Phát - Dt; (4,2x12.5) Giá 5.95 tỷ",,"Nghĩa Phát, Phường 6, Quận Tân Bình, Tp Hồ Chí MinhXem bản đồ",
60 m²,10 phòng,Nhiều hơn 6 phòng,Đã có sổ,"Nhà ngõ, hẻm",,,"198,33 triệu/m²",Nam,5,,,,tp-ho-chi-minh,"Bán nhà 5 tầng, 10 phòng khách sạn.",,"138/33A, Nguyễn Xí, Phường 26, Quận Bình Thạnh, Tp Hồ Chí MinhXem bản đồ",
65 m²,3 phòng,2 phòng,Đã có sổ,"Nhà ngõ, hẻm",,,"15,37 triệu/m²",,2,,Nhà trống,,tp-ho-chi-minh,Cần Bán Gấp Nhà Giá Chỉ 999Tr Ở Vĩnh Lộc B,,"Quách Điêu, Xã Vĩnh Lộc B, Huyện Bình Chánh, Tp Hồ Chí MinhXem bản đồ",
50 m²,4 phòng,6 phòng,Đã có sổ,"Nhà mặt phố, mặt tiền",,,196 triệu/m²,,6,,Nội thất cao cấp,,tp-ho-chi-minh,"Hẻm 8M, Thang Máy nhà mới, Thống Nhất p10,Gò Vấp, Ngay citiland",,"Đường Thống Nhất, Phường 10, Quận Gò Vấp, Tp Hồ Chí MinhXem bản đồ",
27 m²,2 phòng,,Đã có sổ,"Nhà ngõ, hẻm",,,"81,48 triệu/m²",,,"Hẻm xe hơi,Nở hậu",Nội thất đầy đủ,,tp-ho-chi-minh,"BÁN NHÀ NGUYỄN VĂN LƯỢNG, CHỈ HƠN 2 TỶ CÓ NHÀ NGAY LOTTERIA, GIÁ TỐT",,"Nguyễn Văn lượng, Phường 10, Quận Gò Vấp, Tp Hồ Chí MinhXem bản đồ",
10 m²,3 phòng,2 phòng,,"Nhà ngõ, hẻm",2 m,10 m²,100 triệu/m²,,,,,5 m,tp-ho-chi-minh,🏘️ NHỈNH 1 TỶ - ĐƯỜNG CỘNG HÒA - TÂN BÌNH - NHÀ 3 TẦNG - SỔ VUÔNG A4,,"Cộng Hòa, Phường 15, Quận Tân Bình, Tp Hồ Chí MinhXem bản đồ",
56 m²,2 phòng,2 phòng,Đang chờ sổ,"Nhà ngõ, hẻm",,,"92,86 triệu/m²",,2,,Nội thất đầy đủ,,tp-ho-chi-minh,NHÀ NGUYỄN VĂN LƯỢNG ĐỐI DIỆN LOTTLE -56M2 XE HƠI VÀO NHÀ,,"Đường Nguyễn Văn Lượng, Phường 17, Quận Gò Vấp, Tp Hồ Chí MinhXem bản đồ",
330 m²,5 phòng,3 phòng,Đã có sổ,Nhà biệt thự,,,"187,88 triệu/m²",,3,,Nội thất cao cấp,,tp-ho-chi-minh,Bán siêu biệt thự 2 MT đường Nguyễn Cảnh Dị TB DT 13x30m Gía chỉ 62 tỷ,,"Nguyễn Cảnh Dị, Phường 4, Quận Tân Bình, Tp Hồ Chí MinhXem bản đồ",
56 m²,3 phòng,2 phòng,Đã có sổ,"Nhà ngõ, hẻm",3.7 m,,"71,43 triệu/m²",,,,,15 m,tp-ho-chi-minh,Bán nhà Nguyễn xí . bình Thạnh. 56m2 chỉ 4 tỷ,,"Nguyễn Xí, Phường 13, Quận Bình Thạnh, Tp Hồ Chí MinhXem bản đồ",
70 m²,4 phòng,5 phòng,,"Nhà ngõ, hẻm",,,"112,86 triệu/m²",,,Hẻm xe hơi,,,tp-ho-chi-minh,"Nhà 5 tầng HXH 8m Thống Nhất p16,1căn ra mặt tiền. 4*17m giá 7,9 tỷ TL",,"Đường Thống Nhất, Phường 16, Quận Gò Vấp, Tp Hồ Chí MinhXem bản đồ",
35 m²,5 phòng,4 phòng,Đã có sổ,"Nhà ngõ, hẻm",,,"144,29 triệu/m²",Bắc,3,,,,tp-ho-chi-minh,Cần bán nhà Dương Bá Trạc p1q8,,"Dương Bá Trạc, Phường 1, Quận 8, Tp Hồ Chí MinhXem bản đồ",
52 m²,4 phòng,4 phòng,Đã có sổ,"Nhà ngõ, hẻm",,,"65,38 triệu/m²",,3,,Nhà trống,,tp-ho-chi-minh,"Bán Nhà Định Cư Nước Ngoài , Đường CMT8 , Quận 3 , giá 3 tỷ 4 Sổ Riêng",,"Cách Mạng Tháng Tám, Phường 10, Quận 3, Tp Hồ Chí MinhXem bản đồ",
54.2 m²,4 phòng,3 phòng,Đã có sổ,"Nhà mặt phố, mặt tiền",,,"41,51 triệu/m²",,2,,Nội thất đầy đủ,,tp-ho-chi-minh,"Chỉ 2tỷ250 sở hữu ngay căn nhà ngộp đường Âu Dương Lân,Q8 DT 54.2m2",,"Đường Âu Dương Lân, Phường 3, Quận 8, Tp Hồ Chí MinhXem bản đồ",
60 m²,2 phòng,2 phòng,Đã có sổ,"Nhà mặt phố, mặt tiền",,,"17,5 triệu/m²",,2,,Nhà trống,,tp-ho-chi-minh,Bán gấp căn nhà chợ Quy ĐỨC bình chánh,,"Quốc lộ 50, Xã Quy Đức, Huyện Bình Chánh, Tp Hồ Chí MinhXem bản đồ",
