Diện tích đất:,Số phòng ngủ:,Số phòng vệ sinh:,Giấy tờ pháp lý:,Loại hình nhà ở:,Chiều ngang:,Diện tích sử dụng:,Giá/m2:,Hướng cửa chính:,Tổng số tầng:,Đặc điểm nhà/đất:,Tình trạng nội thất:,Chiều dài:,Location,Name,URL,District,Price
65 m²,5 phòng,5 phòng,Đã có sổ,"Nhà mặt phố, mặt tiền",,,"207,69 triệu/m²",Tây Bắc,4,,,,tp-ho-chi-minh,"Nhà chính chủ, mặt tiền phù hợp vừa ở vừa kết hợp kinh doanh!",,"Trần Thị Trọng, Phường 15, Quận Tân Bình, Tp Hồ Chí MinhXem bản đồ",
142.8 m²,4 phòng,5 phòng,Đã có sổ,,,,"129,55 triệu/m²",Đông,3,,,,tp-ho-chi-minh,BIỆT THỰ CHÍNH CHỦ,,"653/38, Quang Trung, Phường 11, Quận Gò Vấp, Tp Hồ Chí MinhXem bản đồ",
21 m²,3 phòng,,,"Nhà ngõ, hẻm",,,"62,86 triệu/m²",,,,,,tp-ho-chi-minh,nhà shc 2 lầu 3pn HT45 gần hãng bia tiger,,"ht45, Phường Hiệp Thành, Quận 12, Tp Hồ Chí MinhXem bản đồ",
52 m²,2 phòng,2 phòng,Đã có sổ,"Nhà ngõ, hẻm",,,"66,92 triệu/m²",,2,,Nhà trống,,tp-ho-chi-minh,"Bán nhà SHR,hẻm ô tô ở Thạnh Xuân Q12. Giá : 3,48 tỉ",,"Thạnh Xuân 35, Phường Thạnh Xuân, Quận 12, Tp Hồ Chí MinhXem bản đồ",
54 m²,2 phòng,,,"Nhà ngõ, hẻm",,,"53,7 triệu/m²",,,,,,tp-ho-chi-minh,"Nhà HXH,54m2, ngang 4,5m, Hiệp Thành 13, Hiệp Thành Quận 12 giá 2.9 tỷ",,"Hiệp Thành 13, Phường Hiệp Thành, Quận 12, Tp Hồ Chí MinhXem bản đồ",
49 m²,2 phòng,2 phòng,Đã có sổ,"Nhà ngõ, hẻm",4 m,,"70,41 triệu/m²",,,,Nội thất đầy đủ,,tp-ho-chi-minh,"Bán GẤP THƯƠNG LƯỢNG GIÁ TỐT nhà Thạnh Xuân 35, Q12",,"Thạnh Xuân 35, Phường Thạnh Xuân, Quận 12, Tp Hồ Chí MinhXem bản đồ",
64 m²,6 phòng,Nhiều hơn 6 phòng,Đã có sổ,Nhà biệt thự,,,"168,75 triệu/m²",Tây,3,,,,tp-ho-chi-minh,Giảm Mạnh 4 tỷ Siêu phẩm Phạm văn Chiêu trệt 3 lầu hẻm 6m có thang máy,,"237/, Đường Phạm Văn Chiêu, Phường 14, Quận Gò Vấp, Tp Hồ Chí MinhXem bản đồ",
50.1 m²,4 phòng,4 phòng,Đã có sổ,"Nhà ngõ, hẻm",,,"57,29 triệu/m²",,2,,Nội thất đầy đủ,,tp-ho-chi-minh,📣 HỐT NGAY NHÀ hẻm xe hơi 5m LÊ VĂN SỸ P12 Quận 3. Giá 2tỷ870 tặng NT,,"Lê Văn Sỹ, Phường 12, Quận 3, Tp Hồ Chí MinhXem bản đồ",
80 m²,4 phòng,,,"Nhà mặt phố, mặt tiền",,,185 triệu/m²,,,,,,tp-ho-chi-minh,Bán Nhà Đẹp KDC Vạn Phát Hưng (5x16m)P.Phú Thuận,,"Tạ Thị Ngọc Thảo, Phường Phú Thuận, Quận 7, Tp Hồ Chí MinhXem bản đồ",
60 m²,3 phòng,3 phòng,,"Nhà ngõ, hẻm",4 m,,105 triệu/m²,,3,,,15 m,tp-ho-chi-minh,Nhà bán gấp chính chủ ngay tân bình DTSÀN 60m giá 6t3,,"Phạm Văn Chiêu, Phường 15, Quận Tân Bình, Tp Hồ Chí MinhXem bản đồ",
80 m²,3 phòng,2 phòng,Đã có sổ,"Nhà ngõ, hẻm",,,"68,75 triệu/m²",Đông Bắc,1,,,,tp-ho-chi-minh,"Quá rẻ đường ô tô 1 lầu 3pn 80m2 giá 5.5 tỷ Hiệp Bình Chánh, Thủ Đức",,"Đường 48 Phường Hiệp Bình Chánh, Thủ Đức, Phường Hiệp Bình Chánh (Quận Thủ Đức cũ), Thành phố Thủ Đức, Tp Hồ Chí MinhXem bản đồ",
36 m²,2 phòng,,Giấy tờ khác,"Nhà ngõ, hẻm",3 m,,"29,17 triệu/m²",,1,,,6 m,tp-ho-chi-minh,Nhà Ở Giá Rẻ Nhất Quận 12,,"Trịnh Thị Hoa, Phường Tân Chánh Hiệp, Quận 12, Tp Hồ Chí MinhXem bản đồ",
82 m²,4 phòng,,,"Nhà ngõ, hẻm",7 m,,"169,51 triệu/m²",,,,,,tp-ho-chi-minh,Bán nhà HXH Cô Bắc Q1- Ngang 7m CN82 Thích hợp xây Căn Hộ,,"Cô Bắc, Phường Cô Giang, Quận 1, Tp Hồ Chí MinhXem bản đồ",
18.6 m²,2 phòng,2 phòng,Đã có sổ,"Nhà ngõ, hẻm",,,"166,67 triệu/m²",Đông Nam,2,,,,tp-ho-chi-minh,Tôi chính chủ cần bán nhà quận 3. Nhà hẻm đường Trần Văn Đang,,"Trần Văn Đang, Phường 11, Quận 3, Tp Hồ Chí MinhXem bản đồ",
72 m²,4 phòng,Nhiều hơn 6 phòng,Đã có sổ,"Nhà ngõ, hẻm",4 m,,"88,89 triệu/m²",,,,,18 m,tp-ho-chi-minh,"Bán nhà mặt tiền hẻm Gò Vấp, 72m2, 4 tầng , kinh doanh tốt.",,"Lê Đức Thọ, Phường 17, Quận Gò Vấp, Tp Hồ Chí MinhXem bản đồ",
72 m²,4 phòng,4 phòng,Đã có sổ,"Nhà mặt phố, mặt tiền",,,"215,28 triệu/m²",Tây Nam,3,,,,tp-ho-chi-minh,"BÁN NHÀ MẶT TIỀN QUANG TRUNG P11.GV, 4m x 18m, ĐÚC 3TẤM SÂN THƯỢNG",,"Đường Quang Trung, Phường 11, Quận Gò Vấp, Tp Hồ Chí MinhXem bản đồ",
48 m²,4 phòng,3 phòng,Đã có sổ,"Nhà ngõ, hẻm",,,"38,54 triệu/m²",,3,,Nội thất đầy đủ,,tp-ho-chi-minh,Cần bán gấp nhà 1T2L 4phòng ở bình hưng Bình Chánh,,"Đường Số 4, Xã Bình Hưng, Huyện Bình Chánh, Tp Hồ Chí MinhXem bản đồ",
80 m²,4 phòng,,Đã có sổ,"Nhà mặt phố, mặt tiền",4 m,,"61,25 triệu/m²",,3,,,20 m,tp-ho-chi-minh,"💥HẺM XE TẢI -NGAY BỆNH VIỆN BÌNH TÂN- HƯƠNG LỘ 2 - 80M2-3 TẦNG-4,9 tỷ",,"815/, Hương Lộ 2, Phường Bình Trị Đông A, Quận Bình Tân, Tp Hồ Chí MinhXem bản đồ",
143 m²,4 phòng,4 phòng,Đã có sổ,"Nhà ngõ, hẻm",8.6999 m,,"38,46 triệu/m²",,,,,21 m,tp-ho-chi-minh,"Bán nhà 8,7x21m, 1 trệt 1 lầu, giá 5,5 tỷ TLĐường 6m Huỳnh Thị Hai.",,"Huỳnh Thị Hai, Phường Tân Chánh Hiệp, Quận 12, Tp Hồ Chí MinhXem bản đồ",
64 m²,4 phòng,5 phòng,Đã có sổ,"Nhà mặt phố, mặt tiền",,,"96,86 triệu/m²",,5,,,,tp-ho-chi-minh,"MẶT TIỀN ĐƯỜNG AN DUONG VƯƠNG , AN LẠC, BÌNH TÂN DT 64M2 -GIÁ 6.xx TỶ",,"Đường số 4, Phường An Lạc, Quận Bình Tân, Tp Hồ Chí MinhXem bản đồ",
27 m²,2 phòng,2 phòng,Đã có sổ,"Nhà ngõ, hẻm",3.2 m,,"127,78 triệu/m²",,,,Nội thất cao cấp,,tp-ho-chi-minh,Chính chủ bán nhà hẻm lê trọng tấn quận tân phú,,"Lê Trọng Tấn, Phường Sơn Kỳ, Quận Tân Phú, Tp Hồ Chí MinhXem bản đồ",
33 m²,2 phòng,2 phòng,Giấy tờ khác,"Nhà ngõ, hẻm",,,"46,97 triệu/m²",Tây Bắc,1,,,,tp-ho-chi-minh,"NHÀ BÁN HẺM 401 TRẦN XUÂN SOẠN, PHƯỜNG TÂN HƯNG, QUẬN 7, TP.HCM",,"Trần Xuân Soạn, Phường Tân Hưng, Quận 7, Tp Hồ Chí MinhXem bản đồ",
60 m²,7 phòng,,Đã có sổ,"Nhà ngõ, hẻm",5 m,,165 triệu/m²,,,Hẻm xe hơi,,,tp-ho-chi-minh,NHÀ VIP PHÚ NHUẬN - THANG MÁY XỊN XÒ - XE HƠI 7 NGỦ NHÀ. Nhỉnh 9tỷ,,"Thích Quảng Đức, Phường 5, Quận Phú Nhuận, Tp Hồ Chí MinhXem bản đồ",
230 m²,6 phòng,,Đã có sổ,Nhà biệt thự,,,200 triệu/m²,Đông Bắc,6,,Nội thất cao cấp,,tp-ho-chi-minh,"(White Castle) Biệt thự Hồ Bơi độc nhất KDC HimLam 230m2, Hầm+ 4 Lầu",,"Nguyễn Hữu Thọ, Phường Tân Hưng, Quận 7, Tp Hồ Chí MinhXem bản đồ",
40 m²,4 phòng,3 phòng,Đã có sổ,"Nhà mặt phố, mặt tiền",,,67 triệu/m²,,3,,Nội thất đầy đủ,,tp-ho-chi-minh,"GIẢM 400TR-CHỦ ĐANG RẤT NGỘP-NHÀ 3 TẤM LÊ TRỌNG TẤN, Q.BÌNH TÂN-SHR",,"Đường Lê Trọng Tấn, Phường Bình Hưng Hòa, Quận Bình Tân, Tp Hồ Chí MinhXem bản đồ",
320 m²,nhiều hơn 10 phòng,,Giấy tờ khác,"Nhà ngõ, hẻm",10.5 m,,"16,88 triệu/m²",Đông Bắc,,,Nhà trống,,tp-ho-chi-minh,Cần bán nhà đang cho thuê 19tr/tháng,,"Bình Quới, Phường 28, Quận Bình Thạnh, Tp Hồ Chí MinhXem bản đồ",
90 m²,5 phòng,5 phòng,Đã có sổ,"Nhà mặt phố, mặt tiền",,,"188,89 triệu/m²",Bắc,4,,,,tp-ho-chi-minh,mình chính chủ cần bán nhà mặt tiền đường D5B phạm hữu lầu THANG MÁY,,"D5b, Phường Phú Thuận, Quận 7, Tp Hồ Chí MinhXem bản đồ",
61 m²,3 phòng,3 phòng,Đã có sổ,"Nhà ngõ, hẻm",,,"98,2 triệu/m²",Đông Nam,3,,,,tp-ho-chi-minh,"Nhà sân bay cần bán 5 tỷ 99 ,3",,"Đường Nguyễn Kiệm, Phường 3, Quận Gò Vấp, Tp Hồ Chí MinhXem bản đồ",
40 m²,4 phòng,3 phòng,Đã có sổ,"Nhà ngõ, hẻm",,,"56,25 triệu/m²",,4,,Nội thất đầy đủ,,tp-ho-chi-minh,"Chính chủ cần bán căn nhà ở Bùi Thị Xuân quận 1, giá 2tỷ250 với 40m2",,"Đường Bùi Thị Xuân, Phường Bến Thành, Quận 1, Tp Hồ Chí MinhXem bản đồ",
42 m²,2 phòng,2 phòng,Đã có sổ,"Nhà ngõ, hẻm",4 m,,"7,02 triệu/m²",,,,Nội thất đầy đủ,,tp-ho-chi-minh,"Định Cư Bán Nhà 52m2, Sổ Riêng, 295 Triệu ở Bình Chánh",,"An Hạ, Xã Phạm Văn Hai, Huyện Bình Chánh, Tp Hồ Chí MinhXem bản đồ",
60 m²,3 phòng,2 phòng,,Nhà phố liền kề,5 m,,"13,83 triệu/m²",,,,,13 m,tp-ho-chi-minh,"Di cư cần bán gấp nhà mt ngay Chợ Hưng Long - An Phú Tây, SHR, 60m2",,"Đường An Phú Tây - Hưng Long, Xã Hưng Long, Huyện Bình Chánh, Tp Hồ Chí MinhXem bản đồ",
65 m²,3 phòng,3 phòng,,"Nhà ngõ, hẻm",4.0998 m,,"58,31 triệu/m²",,,Hẻm xe hơi,,15.8999 m,tp-ho-chi-minh,"Quận 3: Cuối năm ngộp, bán gấp căn 2 lầu, hẻm CMT8 65m2, SHR chính chủ",,"Cách Mạng Tháng Tám, Phường 11, Quận 3, Tp Hồ Chí MinhXem bản đồ",
32 m²,2 phòng,2 phòng,Đang chờ sổ,"Nhà ngõ, hẻm",4 m,,"51,56 triệu/m²",,2,,,,tp-ho-chi-minh,"BÁN NHÀ 3 TẦNG, 4*12 M2, HẺM ÔTÔ, NHÀ BÈ, GIÁ CÔNG KHAI CHỈ 1.65 TỶ.",,"Lê Văn Lương, Xã Phước Kiển, Huyện Nhà Bè, Tp Hồ Chí MinhXem bản đồ",
34 m²,2 phòng,,Đã có sổ,"Nhà ngõ, hẻm",6 m,,"52,65 triệu/m²",,1,,Nhà trống,,tp-ho-chi-minh,CHỦ BÁN GẤP NHÀ P3-Q8,,"Đường Âu Dương Lân, Phường 3, Quận 8, Tp Hồ Chí MinhXem bản đồ",
50 m²,3 phòng,2 phòng,,"Nhà ngõ, hẻm",,,95 triệu/m²,,2,"Nở hậu,Hẻm xe hơi",,,tp-ho-chi-minh,"Chủ ngộp giảm giá 1ty,2lau,5.5x9m,Nguyen Khuyen,BThanh,HXH,nhà đẹp",,"Đường Nguyễn Khuyến, Phường 12, Quận Bình Thạnh, Tp Hồ Chí MinhXem bản đồ",
119 m²,4 phòng,,Đã có sổ,Nhà biệt thự,,,"52,1 triệu/m²",,,,Nội thất đầy đủ,,tp-ho-chi-minh,"💛 BIỆT THỰ TALIMEX TÔ KÝ_7x17m...TRỆT 2 LẦU_ GIÁ RẺ NHẤT KHU CHỈ 6,2ty",,"Tô Ký, Xã Trung Chánh, Huyện Hóc Môn, Tp Hồ Chí MinhXem bản đồ",
55 m²,3 phòng,,Đã có sổ,"Nhà ngõ, hẻm",5 m,,"38,18 triệu/m²",,2,,Nhà trống,,tp-ho-chi-minh,"CHÚ VŨ CẦN BÁN GẤP, 55M2, Đ.ĐÀO DUY TỪ, P.5, Q.10",,"Đường Đào Duy Từ, Phường 5, Quận 10, Tp Hồ Chí MinhXem bản đồ",
48.5 m²,4 phòng,,Đã có sổ,"Nhà mặt phố, mặt tiền",,,"100,62 triệu/m²",,,,,,tp-ho-chi-minh,2 MẶT TIỀN THỤT NGUYỄN KHUYẾN 54m2 CHƯA TỚI 5 TỎI,,"Đường Nguyễn Khuyến, Phường 12, Quận Bình Thạnh, Tp Hồ Chí MinhXem bản đồ",
68 m²,2 phòng,2 phòng,Đã có sổ,"Nhà ngõ, hẻm",,,50 triệu/m²,Đông Nam,2,,,,tp-ho-chi-minh,Chính chủ cần bán gấp nhà 97/7 đường số 9 Linh Tây Thủ Đức,,"đường 9 linh tây, Phường Linh Tây (Quận Thủ Đức cũ), Thành phố Thủ Đức, Tp Hồ Chí MinhXem bản đồ",
50 m²,5 phòng,,,"Nhà mặt phố, mặt tiền",,,"279,8 triệu/m²",,,,,,tp-ho-chi-minh,Mặt tiền Đinh Tiên Hoàng (THS) Quận 1 50m2 5 tầng 5PN chỉ 13 tỷ99,,"Trương Hán Siêu, Phường Đa Kao, Quận 1, Tp Hồ Chí MinhXem bản đồ",
60 m²,4 phòng,,Giấy tờ khác,"Nhà ngõ, hẻm",4 m,,"36,67 triệu/m²",,3,,Nội thất đầy đủ,,tp-ho-chi-minh,Chính chủ bán nhà 60m2 3 tầng chỉ 2tỷ2 4PN vào ở ngay pháp lý vi bằng,,"Quốc lộ 13, Phường Hiệp Bình Phước (Quận Thủ Đức cũ), Thành phố Thủ Đức, Tp Hồ Chí MinhXem bản đồ",
148 m²,6 phòng,3 phòng,Đã có sổ,"Nhà mặt phố, mặt tiền",,,"43,92 triệu/m²",Đông Bắc,2,,,,tp-ho-chi-minh,cần bán gấp nhà mặt tiền đường võ thị thừa phuòng an phú đông q12,,"Võ Thị Thừa, Phường An Phú Đông, Quận 12, Tp Hồ Chí MinhXem bản đồ",
85 m²,3 phòng,,,"Nhà ngõ, hẻm",,,"77,06 triệu/m²",,,Hẻm xe hơi,,,tp-ho-chi-minh,"Bán nhà hẻm 12m có lề,85m2, 3 tầng,3 phòng ngủ,ngay Coopmart Bình Tân",,"Hương lộ 2, Phường Bình Trị Đông A, Quận Bình Tân, Tp Hồ Chí MinhXem bản đồ",
60 m²,2 phòng,,,"Nhà ngõ, hẻm",,,"66,67 triệu/m²",,,,,,tp-ho-chi-minh,"NHÀ 4x15 Hương Lộ 3, Bình Hưng Hoà, Bình Tân. Hẻm xe Tải, 2Tầng, 4,xTy",,"Hương Lộ 3, Phường Bình Hưng Hòa, Quận Bình Tân, Tp Hồ Chí MinhXem bản đồ",
40 m²,3 phòng,2 phòng,Đã có sổ,"Nhà ngõ, hẻm",4 m,,"77,5 triệu/m²",,,,,10 m,tp-ho-chi-minh,"Chỉ 3,1tỷ -3tầng - 4×10 -Bình Tân..Có 1 không 2 .(007.14B).",,"Liên khu 5-6, Phường Bình Hưng Hoà B, Quận Bình Tân, Tp Hồ Chí MinhXem bản đồ",
27 m²,2 phòng,1 phòng,Đã có sổ,"Nhà ngõ, hẻm",,,"88,89 triệu/m²",,2,,Nhà trống,,tp-ho-chi-minh,NGỘP BANK BÁN GẤP NHÀ 2 TẦNG - 27M - Ở NGAY,,"ĐỖ THÚC TỊNH ( QUANG TRUNG), Phường 12, Quận Gò Vấp, Tp Hồ Chí MinhXem bản đồ",
40 m²,3 phòng,3 phòng,,"Nhà ngõ, hẻm",4 m,,"57,5 triệu/m²",,3,,,10 m,tp-ho-chi-minh,"(4x10m)nhỉnh 2 tỷ,3 LẦU BTCT,MAI VĂN VĨNH Cạnh Nguyễn Thị Thập Q7",,"Đường Mai Văn Vĩnh, Phường Tân Kiểng, Quận 7, Tp Hồ Chí MinhXem bản đồ",
120 m²,4 phòng,6 phòng,Đã có sổ,Nhà phố liền kề,,,"149,17 triệu/m²",Đông Nam,5,,,,tp-ho-chi-minh,"Chính chủ bán 6 x 20 ,120m,5 tầng khu đại phúc 17 tỷ 900,bình thạnh",,"Đặng Thùy Trâm, Phường 13, Quận Bình Thạnh, Tp Hồ Chí MinhXem bản đồ",
75 m²,5 phòng,,Đã có sổ,"Nhà mặt phố, mặt tiền",,,"202,67 triệu/m²",,,Hẻm xe hơi,,,tp-ho-chi-minh,Bán nhà 3 lầu 5x15m vị trí đẹp mặt tiền Đường số 5 gần Phạm Hùng P4 Q8,,"Phạm Hùng, Phường 4, Quận 8, Tp Hồ Chí MinhXem bản đồ",
64 m²,4 phòng,3 phòng,Đã có sổ,"Nhà ngõ, hẻm",4 m,,50 triệu/m²,,,,,16 m,tp-ho-chi-minh,"Thanh lý căn nhà đường Lý Thánh Tông, Tân Thới Hoà, Tân Phú. Sổ riêng",,"Lý Thánh Tông, Phường Tân Thới Hòa, Quận Tân Phú, Tp Hồ Chí MinhXem bản đồ",
60 m²,4 phòng,,Đã có sổ,Nhà phố liền kề,5.7 m,,125 triệu/m²,,3,,Nội thất cao cấp,,tp-ho-chi-minh,"GIẢM SỐC 700 TRIỆU bán nhà 3 tầng 5,7x12m HẺM XE HƠI Dương Quảng Hàm",,"Dương Quảng Hàm, Phường 5, Quận Gò Vấp, Tp Hồ Chí MinhXem bản đồ",
64 m²,5 phòng,5 phòng,,"Nhà mặt phố, mặt tiền",4 m,,"217,19 triệu/m²",,4,,,16 m,tp-ho-chi-minh,"NHÀ ĐẸP HXH Q1 GIÁ RẺ, 4X16, 4 TẦNG, 5PN, NGUYỄN BÌNH KHIÊM, Ở NGAY",,"Đường Nguyễn Bỉnh Khiêm, Phường Đa Kao, Quận 1, Tp Hồ Chí MinhXem bản đồ",
48 m²,2 phòng,,,"Nhà ngõ, hẻm",4 m,48 m²,"69,79 triệu/m²",,,Nở hậu,,12 m,tp-ho-chi-minh,Mình cần bán gấp nhà cấp bốn khu vực lê văn Quới diện tích 4 x 12,,"Hẻm 413/41, Lê Văn Quới, Phường Bình Trị Đông, Quận Bình Tân, Tp Hồ Chí MinhXem bản đồ",
60 m²,2 phòng,3 phòng,Đã có sổ,"Nhà ngõ, hẻm",,,"78,33 triệu/m²",,1,,Nhà trống,,tp-ho-chi-minh,HẺM XE TẢI HƯƠNG LỘ 3 - 60M2(4x15) -BÌNH TÂN- MỚI Ở NGAY. CHỈ 4 TỶ 700,,"Hương Lộ 3, Phường Bình Hưng Hòa, Quận Bình Tân, Tp Hồ Chí MinhXem bản đồ",
180 m²,7 phòng,,Đã có sổ,Nhà biệt thự,8 m,,"244,44 triệu/m²",,4,,Nội thất cao cấp,,tp-ho-chi-minh,"Biệt Thự VIP ngay Lê Văn Sỹ Q3 - DT 9m x 20m - 4 Tầng, Full Nội Thất",,"Lê Văn Sỹ, Phường 14, Quận 3, Tp Hồ Chí MinhXem bản đồ",
49.9 m²,3 phòng,5 phòng,Đã có sổ,"Nhà mặt phố, mặt tiền",,,"238,48 triệu/m²",Đông Bắc,4,,,,tp-ho-chi-minh,"Nhà có thang máy 49,9m căn góc 2 mặt tiền đường,P.16,Gò Vấp",,"Đường Thống Nhất, Phường 16, Quận Gò Vấp, Tp Hồ Chí MinhXem bản đồ",
61 m²,4 phòng,4 phòng,Đã có sổ,"Nhà ngõ, hẻm",,,"118,03 triệu/m²",,3,,Nội thất đầy đủ,,tp-ho-chi-minh,"vip.! Nhà CMT8 Q.10, 4M x 15M, 2 Lầu Vào Ở Liền..!",,"Cách Mạng Tháng 8, Phường 15, Quận 10, Tp Hồ Chí MinhXem bản đồ",
90 m²,6 phòng,5 phòng,Đã có sổ,"Nhà mặt phố, mặt tiền",,,120 triệu/m²,,5,,Nội thất cao cấp,,tp-ho-chi-minh,NHÀ MẶT TIỀN BUÔN BÁN_5TẤM_5X19M_GIÁ RẺ_GẦN CẦU VƯỢT GÒ DƯA_F.TAM BÌNH,,"CẦU VƯỢT GÒ DƯA_TRƯỜNG TAM BÌNH_, GÒ DƯA, Phường Tam Bình (Quận Thủ Đức cũ), Thành phố Thủ Đức, Tp Hồ Chí MinhXem bản đồ",
59 m²,4 phòng,4 phòng,Đã có sổ,"Nhà ngõ, hẻm",,,"120,34 triệu/m²",Đông Nam,4,,,,tp-ho-chi-minh,"Nhà 3 Lầu Ven Sông Sài Gòn, QL13 liền kề Vạn Phúc. Hướng Đông Nam",,"Quốc Lộ 13, Phường Hiệp Bình Phước (Quận Thủ Đức cũ), Thành phố Thủ Đức, Tp Hồ Chí MinhXem bản đồ",
50 m²,4 phòng,,Đã có sổ,"Nhà mặt phố, mặt tiền",4 m,,"199,8 triệu/m²",,,,,,tp-ho-chi-minh,Giảm mạnh 5 tỷ! Căn Góc Nhà mặt tiền Cư xá Chu Văn An đang có hđt 30tr,,"Chu Văn An, Phường 26, Quận Bình Thạnh, Tp Hồ Chí MinhXem bản đồ",
18 m²,1 phòng,2 phòng,Đã có sổ,"Nhà ngõ, hẻm",,,"119,44 triệu/m²",,2,,Nhà trống,,tp-ho-chi-minh,"Nhà nhỏ xinh trệt 1 lầu, 2 NVS, 1PN",,"229/40/2/12, Tây Thạnh, Phường Tây Thạnh, Quận Tân Phú, Tp Hồ Chí MinhXem bản đồ",
28 m²,2 phòng,2 phòng,Đã có sổ,"Nhà ngõ, hẻm",,,"123,21 triệu/m²",,2,,Nội thất đầy đủ,,tp-ho-chi-minh,"Nhà hẻm xe hơi tránh nhau, Quận 7, gần khu chế xuất . 28m2. 2 tầng",,"Nguyễn Văn Quỳ, Phường Phú Thuận, Quận 7, Tp Hồ Chí MinhXem bản đồ",
64 m²,4 phòng,3 phòng,Đã có sổ,"Nhà mặt phố, mặt tiền",4 m,,"114,06 triệu/m²",,4,,,,tp-ho-chi-minh,Bán nhà mặt tiền khu Tên Lửa 4x16 đúc 3.5 tấm chỉ 7.3 tỷ,,"Đường số 48, Phường Tân Tạo, Quận Bình Tân, Tp Hồ Chí MinhXem bản đồ",
90 m²,2 phòng,2 phòng,Đã có sổ,"Nhà mặt phố, mặt tiền",,,"14,44 triệu/m²",,1,,Nội thất cao cấp,,tp-ho-chi-minh,"Chính chủ tôi cần bán gấp căn nhà ngay MT Nguyễn Hữu Trí-SHR-1,3 tỷ",,"Nguyễn Hữu Trí, Thị trấn Tân Túc, Huyện Bình Chánh, Tp Hồ Chí MinhXem bản đồ",
66 m²,4 phòng,5 phòng,Đã có sổ,"Nhà ngõ, hẻm",,,"39,39 triệu/m²",,3,,Nội thất đầy đủ,,tp-ho-chi-minh,"Giảm ngay 300tr bán gấp nhà HXH Trần Hữu Trang, Phú Nhuận, 66m2, 2tỷ6",,"Trần Hữu Trang, Phường 10, Quận Phú Nhuận, Tp Hồ Chí MinhXem bản đồ",
45 m²,5 phòng,4 phòng,Đã có sổ,"Nhà ngõ, hẻm",,,"52,22 triệu/m²",,4,,Nội thất đầy đủ,,tp-ho-chi-minh,"Cần bán gấp căn nhà đường Cao Thắng, Phú Nhuận, 45m2, sổ riêng, 2tỷ350",,"Cao Thắng, Phường 17, Quận Phú Nhuận, Tp Hồ Chí MinhXem bản đồ",
20 m²,3 phòng,2 phòng,Đã có sổ,"Nhà ngõ, hẻm",,,110 triệu/m²,Đông Nam,3,,,,tp-ho-chi-minh,Nhà 3 Tầng 50m2 - 3 Phòng Ngủ - Sổ Hồng Riêng - Không Lộ Giới,,"Trần Phú, Phường 9, Quận 5, Tp Hồ Chí MinhXem bản đồ",
55 m²,3 phòng,3 phòng,Đã có sổ,"Nhà ngõ, hẻm",,,"69,09 triệu/m²",,3,,Nội thất đầy đủ,,tp-ho-chi-minh,"Bán gấp nhà đường Bà Triệu, Q5 - 55m2 - giá chỉ từ 3tỷ800",,"Đường Bà Triệu, Phường 12, Quận 5, Tp Hồ Chí MinhXem bản đồ",
67.5 m²,4 phòng,5 phòng,Đã có sổ,Nhà phố liền kề,,,"71,11 triệu/m²",,3,,Bàn giao thô,,tp-ho-chi-minh,bán nhà thô hẻm 94 vườn lài nhà 2 lầu sân thuong 4.5mx15m,,"Vườn Lài, Phường An Phú Đông, Quận 12, Tp Hồ Chí MinhXem bản đồ",
44 m²,4 phòng,4 phòng,Đã có sổ,"Nhà ngõ, hẻm",3.4 m,,"127,27 triệu/m²",,4,,,,tp-ho-chi-minh,"Nhà mới 100% Bình Giã 3.4 x 13m, 4 Tầng CN 43m2, chỉ 5.6 tỷ TL",,"Bình Giã, Phường 13, Quận Tân Bình, Tp Hồ Chí MinhXem bản đồ",
26.2 m²,2 phòng,1 phòng,Đã có sổ,"Nhà ngõ, hẻm",,,"74,43 triệu/m²",Tây,2,,,,tp-ho-chi-minh,NHÀ HOT DƯỚI 2 TỶ GIÁP TÂN PHÚ,,"Liên khu 10-11, Phường Bình Trị Đông, Quận Bình Tân, Tp Hồ Chí MinhXem bản đồ",
65 m²,5 phòng,6 phòng,Đã có sổ,"Nhà mặt phố, mặt tiền",,,"330,62 triệu/m²",,4,,Nội thất cao cấp,,tp-ho-chi-minh,"SIÊU HIẾM! MẶT TIỀN THANG MÁY ĐƯỜNG HOA PHÚ NHUẬN 21,49 tỷ",,"Hoa Sữa, Phường 7, Quận Phú Nhuận, Tp Hồ Chí MinhXem bản đồ",
56 m²,3 phòng,,Đã có sổ,"Nhà mặt phố, mặt tiền",4 m,,"53,57 triệu/m²",,,,,14 m,tp-ho-chi-minh,"Tỉnh lộ 10 giáp ngay q6, 4x14m, 3 phòng chỉ 3 tỷ",,"TỈnh lộ 10, Phường Bình Trị Đông A, Quận Bình Tân, Tp Hồ Chí MinhXem bản đồ",
30 m²,3 phòng,2 phòng,Đã có sổ,"Nhà ngõ, hẻm",,,"116,67 triệu/m²",,2,,Nhà trống,,tp-ho-chi-minh,HƠN 3 TỶ vào ở liền nhà HXH DTS 52M2 3PN Phan Huy ích Tân Bình,,"Phan Huy ích, Phường 15, Quận Tân Bình, Tp Hồ Chí MinhXem bản đồ",
55 m²,4 phòng,4 phòng,Đã có sổ,"Nhà mặt phố, mặt tiền",,,"136,36 triệu/m²",,4,,Nội thất cao cấp,,tp-ho-chi-minh,"Bán nhà mới xây 1 trệt 1 lững 3 lầu P12, Quang Trung, Gò Vấp.",,"Đường Quang Trung, Phường 12, Quận Gò Vấp, Tp Hồ Chí MinhXem bản đồ",
87 m²,4 phòng,3 phòng,Đã có sổ,"Nhà ngõ, hẻm",,,"67,82 triệu/m²",,2,,Nội thất đầy đủ,,tp-ho-chi-minh,Nhà Cư Xá Phú Thọ Hoà (5x17)m [87M2 - XE TẢI ĐỖ SÁT CỬA],,"Cư Xá Phú Thọ Hoà, Phường 5, Quận 11, Tp Hồ Chí MinhXem bản đồ",
32 m²,3 phòng,3 phòng,Đã có sổ,"Nhà ngõ, hẻm",,,"179,69 triệu/m²",,3,,Nội thất cao cấp,,tp-ho-chi-minh,Hẻm Vip Đại Học Sư Phạm Quận 11,,"Đường Lạc Long Quân, Phường 5, Quận 11, Tp Hồ Chí MinhXem bản đồ",
81 m²,2 phòng,2 phòng,Đã có sổ,"Nhà mặt phố, mặt tiền",,,"10,28 triệu/m²",,1,,Nhà trống,,tp-ho-chi-minh,"kẹt tiền Bán gấp nhà bình chánh,để về ở nhà quận Tân Bình có sổ riêng",,"Đoàn Nguyễn Tuấn, Xã Tân Quý Tây, Huyện Bình Chánh, Tp Hồ Chí MinhXem bản đồ",
48 m²,5 phòng,6 phòng,Đã có sổ,"Nhà ngõ, hẻm",,,125 triệu/m²,Tây,4,,,,tp-ho-chi-minh,"Nhà 3.5 tấm hẻm 171/,, cuối đường số 1 khu d",,"Hẻm 171 Nguyễn Quý Yêm, Phường An Lạc, Quận Bình Tân, Tp Hồ Chí MinhXem bản đồ",
75 m²,3 phòng,3 phòng,Đã có sổ,Nhà phố liền kề,5 m,,80 triệu/m²,Tây Nam,,,,,tp-ho-chi-minh,Lovera Park Nhà Đẹp Giá Tốt - Sổ Hồng Trao Tay Yên Tâm Về Giá,,"Trịnh Quang Nghị, Xã Phong Phú, Huyện Bình Chánh, Tp Hồ Chí MinhXem bản đồ",
80 m²,3 phòng,2 phòng,Đã có sổ,"Nhà mặt phố, mặt tiền",,,10 triệu/m²,,1,,Nội thất đầy đủ,,tp-ho-chi-minh,Cần bán nhà An Phú Tây 80m2 bình chánh giá 800 triệu,,"Đường An Phú Tây - Hưng Long, Xã An Phú Tây, Huyện Bình Chánh, Tp Hồ Chí MinhXem bản đồ",
35 m²,5 phòng,3 phòng,Đã có sổ,"Nhà ngõ, hẻm",3.5 m,,"61,43 triệu/m²",,3,,,,tp-ho-chi-minh,Chính chủ bán gấp nhà DT 35m2 giá 2tỷ150tr Lê Lợi P4 Q.Gò Vấp. Sổ sẵn,,"Lê Lợi, Phường 4, Quận Gò Vấp, Tp Hồ Chí MinhXem bản đồ",
47 m²,4 phòng,,,"Nhà ngõ, hẻm",,,"50,85 triệu/m²",,,,,,tp-ho-chi-minh,Bán nhà giá rẻ đường 7m Đồng Nai - P.15 - Quận 10. Gía 2tỷ390/47m2,,"Đồng Nai, Phường 15, Quận 10, Tp Hồ Chí MinhXem bản đồ",
34 m²,5 phòng,4 phòng,,"Nhà ngõ, hẻm",,,"76,47 triệu/m²",,3,,,,tp-ho-chi-minh,"Xoay vốn bán nhà 34m2 xây 3 tầng Bạch Đằng,Bình Thạnh. Gần ĐH Mỹ Thuật",,"Bạch Đằng, Phường 26, Quận Bình Thạnh, Tp Hồ Chí MinhXem bản đồ",
88 m²,5 phòng,6 phòng,Đã có sổ,"Nhà mặt phố, mặt tiền",,,"86,93 triệu/m²",Bắc,6,,,,tp-ho-chi-minh,"Nhà Phố Có Thang Máy Đường 8m Trần Thị Năm ( TCH10), 1 Trệt 4.5 Lầu",,"Trần Thị Năm, Phường Tân Chánh Hiệp, Quận 12, Tp Hồ Chí MinhXem bản đồ",
28 m²,2 phòng,1 phòng,Đã có sổ,"Nhà mặt phố, mặt tiền",,,"31,43 triệu/m²",Nam,2,,,,tp-ho-chi-minh,Bán Nhà mặt tiền hẻm xe hơi cách Lê Văn Lương 50m,,"Lê Văn Lương, Xã Nhơn Đức, Huyện Nhà Bè, Tp Hồ Chí MinhXem bản đồ",
100 m²,6 phòng,5 phòng,,"Nhà mặt phố, mặt tiền",4 m,,240 triệu/m²,,,,,25 m,tp-ho-chi-minh,"CHỦ NGỘP BÁN NHÀ MẶT TIỀN NGUYỄN VĂN ĐẬU, Q.BÌNH THẠNH",,"Nguyễn Văn Đậu, phường 11, Phường 11, Quận Bình Thạnh, Tp Hồ Chí MinhXem bản đồ",
24 m²,2 phòng,2 phòng,Đã có sổ,"Nhà ngõ, hẻm",,,"87,5 triệu/m²",Đông,2,,,,tp-ho-chi-minh,"Nhà cần bán 2,4*10,nguyễn văn công sân bay",,"Nguyễn Văn Công, Phường 3, Quận Gò Vấp, Tp Hồ Chí MinhXem bản đồ",
51 m²,5 phòng,5 phòng,Đã có sổ,Nhà phố liền kề,,,"121,37 triệu/m²",Đông Bắc,5,,,,tp-ho-chi-minh,NHÀ PHỐ KHU BIỆT THỰ CAO TẦNG VIP HÀ HUY GIÁP. NGAY NGÃ TƯ GA QUẬN 12,,"Hà Huy Giáp, Phường Thạnh Xuân, Quận 12, Tp Hồ Chí MinhXem bản đồ",
36.5 m²,2 phòng,4 phòng,Đã có sổ,"Nhà mặt phố, mặt tiền",,,"397,26 triệu/m²",Tây Nam,3,,,,tp-ho-chi-minh,"NHÀ 2 MẶT TIỀN 1tr 3l LVS, Q.PN",,"245a, lê văn sỹ, Phường 13, Quận Phú Nhuận, Tp Hồ Chí MinhXem bản đồ",
50 m²,6 phòng,6 phòng,,"Nhà ngõ, hẻm",,,250 triệu/m²,,,,,,tp-ho-chi-minh,"Bán nhà hẻm rộng 8m (ngay ĐẠI HỌC SƯ PHẠM) 3 lầu. Chỉ _12.5 tỷ, TL",,"Đường An Dương Vương, Phường 3, Quận 5, Tp Hồ Chí MinhXem bản đồ",
111 m²,3 phòng,,,"Nhà mặt phố, mặt tiền",,,"47,75 triệu/m²",,,Hẻm xe hơi,,,tp-ho-chi-minh,NHÀ MẶT TIỀN-GIÁP GV-Ở NGAY-111M2-NGANG 8M-THẠNH LỘC 16 Q12-CHỈ 5TỶ3,,"Thạnh Lộc 16, Phường Thạnh Lộc, Quận 12, Tp Hồ Chí MinhXem bản đồ",
80 m²,5 phòng,5 phòng,Đã có sổ,"Nhà mặt phố, mặt tiền",,,"168,75 triệu/m²",,5,,Nội thất cao cấp,,tp-ho-chi-minh,SÁT MẶT ĐƯỜNG HẬU GIANG - ĐƯỜNG XE CONTAINER - 05 TẦNG – Ngang 10m,,"Đường Hậu Giang, Phường 6, Quận 6, Tp Hồ Chí MinhXem bản đồ",
56 m²,4 phòng,3 phòng,Đã có sổ,"Nhà mặt phố, mặt tiền",,,"56,25 triệu/m²",,2,,Nội thất đầy đủ,,tp-ho-chi-minh,"Bán gấp nhà HXH Ngô Gia Tự, Q10 DT 56m2 Giá chỉ 3.150 tỷ",,"Ngô Gia Tự, Phường 4, Quận 10, Tp Hồ Chí MinhXem bản đồ",
30 m²,2 phòng,,Đã có sổ,"Nhà ngõ, hẻm",,,105 triệu/m²,,1,,,,tp-ho-chi-minh,BÁN GẤP NHÀ ĂN TẾT 1 LẦU ĐƯỜNG TÔN ĐẢN QUẬN 4.,," Tôn Đản, Phường 14, Quận 4, Tp Hồ Chí MinhXem bản đồ",
80 m²,3 phòng,2 phòng,Đang chờ sổ,Nhà phố liền kề,,,"23,75 triệu/m²",Đông,2,,,,tp-ho-chi-minh,Nhà 1 trệt 1 lầu,,"Đường Bình Mỹ, Xã Bình Mỹ, Huyện Củ Chi, Tp Hồ Chí MinhXem bản đồ",
48 m²,2 phòng,2 phòng,Giấy tờ khác,"Nhà ngõ, hẻm",,,"21,88 triệu/m²",Đông,1,,,,tp-ho-chi-minh,Bán nhà ấp 1 Vĩnh Lộc A,,"Đường Nguyễn Thị Trọn  , Vĩnh Lộc A, Xã Vĩnh Lộc A, Huyện Bình Chánh, Tp Hồ Chí MinhXem bản đồ",
40 m²,3 phòng,4 phòng,Đã có sổ,"Nhà ngõ, hẻm",3.2999 m,,"107,5 triệu/m²",,4,,,,tp-ho-chi-minh,BÁN NHÀ MẶT HẺM GÒ VẤP-40M2-4 TẦNG BTCT-HXH-THÔNG PHAN HUY ÍCH,,"Đường Số 45, Phường 14, Quận Gò Vấp, Tp Hồ Chí MinhXem bản đồ",
52.5 m²,2 phòng,2 phòng,Đã có sổ,"Nhà ngõ, hẻm",,,"64,38 triệu/m²",Đông Nam,2,,,,tp-ho-chi-minh,"HẠ GIÁ NHÀ SHR 1 LẦU HẺM XE HƠI, ĐƯỜNG TRẦN THỊ HÈ (HT42), QUẬN 12",,"Đường Trần Thị Hè, Phường Hiệp Thành, Quận 12, Tp Hồ Chí MinhXem bản đồ",
220 m²,7 phòng,5 phòng,Đã có sổ,"Nhà mặt phố, mặt tiền",,,"70,45 triệu/m²",Đông Bắc,2,,,,tp-ho-chi-minh,"Nhà mặt tiền 11x23m ngay Giga Mall Hiệp Bình Chánh,Thủ Đức.Giá 70tr/m2",,"Đường số 20, Phường Hiệp Bình Chánh (Quận Thủ Đức cũ), Thành phố Thủ Đức, Tp Hồ Chí MinhXem bản đồ",
