Diện tích đất:,Số phòng ngủ:,Số phòng vệ sinh:,Giấy tờ pháp lý:,Loại hình nhà ở:,Chiều ngang:,Diện tích sử dụng:,Giá/m2:,Hướng cửa chính:,Tổng số tầng:,Đặc điểm nhà/đất:,Tình trạng nội thất:,Chiều dài:,Location,Name,URL,District,Price
,2 phòng,2 phòng,Đang chờ sổ,,,,"8,53 triệu/m²",,,,Nội thất cao cấp,,da-nang,Bỏ Ra Chỉ 390 Triệu - Sở Hữu ngay căn hộ View Biển ngay tại Đà Nẵng,,"Mê Linh, Phường Hòa Hiệp Nam, Quận Liên Chiểu, Đà NẵngXem bản đồ",
,2 phòng,1 phòng,Đã có sổ,,,,25 triệu/m²,,,,Nội thất đầy đủ,,da-nang,"Căn hộ chung cư trung tâm Hải Châu,DT 40m2, 2PN, giá chỉ 1 tỷ.",,"Châu Thượng Văn, Phường Hòa Cường Bắc, Quận Hải Châu, Đà NẵngXem bản đồ",
,2 phòng,2 phòng,Đang chờ sổ,,,,"8,53 triệu/m²",,,,Nội thất cao cấp,,da-nang,Bỏ Ra Chỉ 390 Triệu - Sở Hữu ngay căn hộ View Biển ngay tại Đà Nẵng,,"Mê Linh, Phường Hòa Hiệp Nam, Quận Liên Chiểu, Đà NẵngXem bản đồ",
,2 phòng,1 phòng,Đã có sổ,,,,25 triệu/m²,,,,Nội thất đầy đủ,,da-nang,"Căn hộ chung cư trung tâm Hải Châu,DT 40m2, 2PN, giá chỉ 1 tỷ.",,"Châu Thượng Văn, Phường Hòa Cường Bắc, Quận Hải Châu, Đà NẵngXem bản đồ",
,2 phòng,2 phòng,Đã có sổ,,,,"18,6 triệu/m²",,,,,,da-nang,cần ra đi gấp căn hộ 2pn thương mại toà b3 trung tâm quận liên chiểu,,"Hòa Khánh Bắc, Phường Hòa Khánh Bắc, Quận Liên Chiểu, Đà NẵngXem bản đồ",
,2 phòng,2 phòng,,,,,"32,47 triệu/m²",Tây,,,,,da-nang,BÁN CĂN HỘ 2 PHÒNG TẦNG CAO THOÁNG MÁT VIEW BIỂN ĐẸP,,"Ngô Quyền, Phường Thọ Quang, Quận Sơn Trà, Đà NẵngXem bản đồ",
,2 phòng,,,,,,"32,41 triệu/m²",,,,,,da-nang,Mẹ cho căn hộ cần tiền cưới vợ nên bán nhanh căn 2PN full nội thất,,"Chung Cư Mường Thanh Sơn Trà, Phường Phước Mỹ, Quận Sơn Trà, Đà NẵngXem bản đồ",
,1 phòng,1 phòng,,,,,"23,33 triệu/m²",,,,,,da-nang,Cần Nhượng Căn 1 Phòng Ngủ View Biển Chỉ 1.05 Tỷ,,"Số 5, Phường Hòa Hiệp Nam, Quận Liên Chiểu, Đà NẵngXem bản đồ",
,2 phòng,2 phòng,Đã có sổ,,,,"24,29 triệu/m²",,,,,,da-nang,chính chủ cần bán nhanh căn hộ fpt plaza giá tốt,,"Võ Quí Huân, Phường Hoà Hải, Quận Ngũ Hành Sơn, Đà NẵngXem bản đồ",
,2 phòng,,,,,,"12,2 triệu/m²",,,,,,da-nang,"căn họi Noxh The Ori Garden đóng trước 230trieu trả góp 3,6tr/tháng",,"Mê Linh, Phường Hòa Hiệp Nam, Quận Liên Chiểu, Đà NẵngXem bản đồ",
,2 phòng,2 phòng,,,,,"3,83 triệu/m²",,,,,,da-nang,Sốc! Bán căn hộ 2PN view biển sổ hồng lâu dài chung cư The Ori,,"số 5, Phường Hòa Hiệp Nam, Quận Liên Chiểu, Đà NẵngXem bản đồ",
,2 phòng,2 phòng,,,,,"19,3 triệu/m²",Tây Bắc,,,,,da-nang,bán gấp 1.1 tỷ căn chung cư TM Ori Garden Bàu Tràm,,"Mê Linh, Phường Hòa Hiệp Nam, Quận Liên Chiểu, Đà NẵngXem bản đồ",
,2 phòng,2 phòng,Đang chờ sổ,,,,"46,38 triệu/m²",,,,,,da-nang,Căn 2PN mặt tiền sông hàn 69.6m2 giá chỉ 3.x tỷ,,"Đường Trần Hưng Đạo, Phường Mỹ An, Quận Ngũ Hành Sơn, Đà NẵngXem bản đồ",
,2 phòng,2 phòng,,,,,"7,44 triệu/m²",Tây Bắc,,,,,da-nang,Sở hữu nhà FPT PLAZA 2 ngay Trung tâm Đà Nẵng chỉ với 558 triệu- Sổ hồ,,"Võ Quí Huân, Phường Mỹ An, Quận Ngũ Hành Sơn, Đà NẵngXem bản đồ",
,1 phòng,1 phòng,,,,,"21,43 triệu/m²",,,,,,da-nang,Sun Cosmo Đà Nẵng - Studio 35 m2 View Sông Sở hữu với 750 triệu (30%),,"Phường Mỹ An, Quận Ngũ Hành Sơn, Đà Nẵng, Phường Mỹ An, Quận Ngũ Hành Sơn, Đà NẵngXem bản đồ",
,1 phòng,2 phòng,,,,,"16,67 triệu/m²",,,,,,da-nang,Cần bán 2 căn hộ thương mại chung cư bàu tràm chỉ từ 950 triệu,,"Số 5, Phường Hòa Hiệp Nam, Quận Liên Chiểu, Đà NẵngXem bản đồ",
,2 phòng,,,,,,"24,67 triệu/m²",,,,,,da-nang,Căn hộ view biển FPT Đà Nẵng chỉ 1.45 tỷ -NH hỗ trợ 70% không lãi suất,,"Võ Quý Huân, Phường Hoà Hải, Quận Ngũ Hành Sơn, Đà NẵngXem bản đồ",
,2 phòng,2 phòng,Đã có sổ,,,,"12,68 triệu/m²",,,,Nội thất đầy đủ,,da-nang,Căn hộ FPT 2 hướng Đông Nam - thanh toán 900tr nhận nhà ở ngay,,"Võ Quí Huân, Phường Hoà Hải, Quận Ngũ Hành Sơn, Đà NẵngXem bản đồ",
,2 phòng,,,,,,"7,78 triệu/m²",,,,,,da-nang,CĂN HỘ 2PN TẠI FPT PLAZA 2 - VỐN BAN ĐẦU CHỈ VỚI 560 TRIỆU,,"Võ Chí Công, Phường Hoà Hải, Quận Ngũ Hành Sơn, Đà NẵngXem bản đồ",
,2 phòng,2 phòng,,,,,20 triệu/m²,Tây Bắc,,,,,da-nang,"CỰC HIẾM- Căn 2PN FPT PLAZA 2 70m2 view thành phố,Giá rẻ hơn 100tr.",,"Võ Quí Huân, Phường Mỹ An, Quận Ngũ Hành Sơn, Đà NẵngXem bản đồ",
,8 phòng,Nhiều hơn 6 phòng,Đã có sổ,,,,32.917 đ/m²,,,,Nội thất cao cấp,,da-nang,Căn Hộ Cao Cấp Trung Tâm Phố Du Lịch 240m2 Giá chủ 7tyxx,,"Đường Ngô Thì Sĩ, Phường Mỹ An, Quận Ngũ Hành Sơn, Đà NẵngXem bản đồ",
,2 phòng,2 phòng,,,,,"7,92 triệu/m²",Nam,,,,,da-nang,CĂN HỘ FPT PLAZA 2 GIÁ RẺ NHẤT!,,"Võ Chí Công, Phường Hoà Hải, Quận Ngũ Hành Sơn, Đà NẵngXem bản đồ",
,1 phòng,,,,,,48 triệu/m²,,,,,,da-nang,"Căn hộ trung tâm, đẳng cấp 5* giá chỉ 2,4 tỷ, view đẹp ngắm pháo hoa",,"Đường Trần Hưng Đạo, Phường Mỹ An, Quận Ngũ Hành Sơn, Đà NẵngXem bản đồ",
,1 phòng,,,,,,"53,33 triệu/m²",,,,,,da-nang,Căn hộ 5 sao hiện đại Đà Thành_Nhận kèm tặng ưu đãi,,"Đường 2/9, Phường Bình Hiên, Quận Hải Châu, Đà NẵngXem bản đồ",
,2 phòng,,,,,,54 triệu/m²,,,,,,da-nang,"GIÁ ƯU ĐÃI CUỐI NĂM CHO CĂN HỘ SUN COSMO, CHIẾC KHẤU LÊN ĐẾN 19.5 %",,"Phường Mỹ An, Quận Ngũ Hành Sơn, Đà Nẵng, Phường Mỹ An, Quận Ngũ Hành Sơn, Đà NẵngXem bản đồ",
,3 phòng,2 phòng,,,,,"29,17 triệu/m²",Đông Bắc,,,,,da-nang,"The Panoma Đà Nẵng,căn góc 3 phòng ngủ 99,6m2,chiết khấu 19,5%,vay 70%",,"Phường Mỹ An, Quận Ngũ Hành Sơn, Đà Nẵng, Phường Mỹ An, Quận Ngũ Hành Sơn, Đà NẵngXem bản đồ",
,2 phòng,2 phòng,Đã có sổ,,,,"59,32 triệu/m²",,,,Nội thất cao cấp,,da-nang,Mở bán tòa tháp căn hộ biểu tượng mặt sông Hàn. View 360 ngắm pháo hoa,,"Phường Mỹ An, Quận Ngũ Hành Sơn, Đà Nẵng, Phường Mỹ An, Quận Ngũ Hành Sơn, Đà NẵngXem bản đồ",
,2 phòng,2 phòng,,,,,"42,68 triệu/m²",,,,,,da-nang,2 Suất ngoại giao TẦNG 28 căn hộ cao nhất The Sang view biển Mỹ Khê,,"Đường Võ Nguyên Giáp, Phường Khuê Mỹ, Quận Ngũ Hành Sơn, Đà NẵngXem bản đồ",
,2 phòng,2 phòng,Đã có sổ,,,,"21,14 triệu/m²",,,,,,da-nang,"Đóng 493tr có chung cư vào ở ngay,ngân hàng cho vay 70% lãi suất thấp",,"Võ Chí Công, Phường Hoà Hải, Quận Ngũ Hành Sơn, Đà NẵngXem bản đồ",
,2 phòng,2 phòng,,,,,"21,43 triệu/m²",Tây Bắc,,,,,da-nang,Căn hộ fpt plaza 2 chỉ 1.ty5xx mới keng-tặng ngay máy hút mùi,,"Võ Quí Huân, Phường Mỹ An, Quận Ngũ Hành Sơn, Đà NẵngXem bản đồ",
,2 phòng,2 phòng,,,,,"7,92 triệu/m²",Tây Nam,,,,,da-nang,FPT PLAZA 2-Chỉ Cần 570tr (30%) Sở Hữu Ngay Căn 2PN. Hỗ Trợ Vay Lãi 0%,,"Võ Quí Huân, Phường Hoà Hải, Quận Ngũ Hành Sơn, Đà NẵngXem bản đồ",
,2 phòng,2 phòng,Đã có sổ,,,,"50,61 triệu/m²",,,,Nội thất cao cấp,,da-nang,"Chính chủ cần bán căn hộ The Sang 2 phòg ngủ, view biển Mỹ Khê Đà Nẵng",,"Đường Võ Nguyên Giáp, Phường Khuê Mỹ, Quận Ngũ Hành Sơn, Đà NẵngXem bản đồ",
,2 phòng,1 phòng,,,,,"16,2 triệu/m²",Tây Bắc,,,,,da-nang,"SỞ HỮU CĂN HỘ VIEW SÔNG HÀN, CẦU RỒNG CHỈ 810 TRIỆU",,"Trần Thị Lý, Phường Mỹ An, Quận Ngũ Hành Sơn, Đà NẵngXem bản đồ",
,2 phòng,2 phòng,,,,,"47,33 triệu/m²",Đông Nam,,,,,da-nang,Sở hữu căn hộ Panoma Sông Hàn Đà Nẵng chỉ với 2.3 tỷ,,"Cầu Trần Thị Lý, Phường Mỹ An, Quận Ngũ Hành Sơn, Đà NẵngXem bản đồ",
,2 phòng,,,,,,"24,29 triệu/m²",,,,,,da-nang,"*** 1 căn FPT Plaza 2 giá 1.7 tỷ, 68m2, 2 PN view đẹp bao rẻ",,"Võ Chí Công, Phường Hoà Hải, Quận Ngũ Hành Sơn, Đà NẵngXem bản đồ",
,2 phòng,2 phòng,Đã có sổ,,,,"26,24 triệu/m²",,,,Nội thất đầy đủ,,da-nang,Siêu hot 15 suất nội bộ của căn hộ FPT tặng ngay 100 triệu nội thất,,"Võ Chí Công, Phường Hoà Hải, Quận Ngũ Hành Sơn, Đà NẵngXem bản đồ",
,2 phòng,2 phòng,Đã có sổ,,,,"44,13 triệu/m²",,,,Nội thất cao cấp,,da-nang,"Chuyển nhượng lại căn góc 2PN The Sang, tầng 9 cách biển Mỹ Khê 200m",,"Đường Võ Nguyên Giáp, Phường Khuê Mỹ, Quận Ngũ Hành Sơn, Đà NẵngXem bản đồ",
,2 phòng,,,,,,"3,88 triệu/m²",,,,,,da-nang,Làm Miễn Phí Hồ Sơ NOXH CHUNG CƯ The Ori Garden Bao Đậu,,"Khu đô thị xanh Bàu Tràm, Hòa Hiệp Nam, quận Liên Chiểu,TP Đà Nẵng, Phường Hòa Hiệp Nam, Quận Liên Chiểu, Đà NẵngXem bản đồ",
,2 phòng,2 phòng,,,,,"23,94 triệu/m²",,,,,,da-nang,"Chính Chủ Cần Bán Căn Hộ FPT Plaza2, mã Căn 20 Giá 1.7 tỷ",,"Võ Chí Công, Phường Hoà Hải, Quận Ngũ Hành Sơn, Đà NẵngXem bản đồ",
,2 phòng,2 phòng,Đã có sổ,,,,"7,92 triệu/m²",,,,,,da-nang,Chỉ với 570 triệu(30%) tự tin sỡ hữu căn hộ 2PN cao cấp tiện ích 5 sao,,"Võ Chí Công, Phường Hoà Hải, Quận Ngũ Hành Sơn, Đà NẵngXem bản đồ",
,3 phòng,2 phòng,,,,,"35,14 triệu/m²",Đông Nam,,,,,da-nang,Hot - hot - hot: 4 suất ngoại giao giá tốt chung cư cao cấp Đà Nẵng,,"Phạm Văn Đồng, Phường An Hải Bắc, Quận Sơn Trà, Đà NẵngXem bản đồ",
,2 phòng,,,,,,"7,97 triệu/m²",,,,,,da-nang,Sở Hữu FPT PLAZA 2 - Trung Tâm Đà Nẵng Chỉ 558 Triệu - Sổ Hồng LÂU DÀI,,"Võ Chí Công, Phường Hoà Hải, Quận Ngũ Hành Sơn, Đà NẵngXem bản đồ",
,2 phòng,2 phòng,,,,,50 triệu/m²,,,,,,da-nang,"Bán căn góc 2PN mặt tiền sông Hàn, view sịn sò giá 3.6 tỷ",,"Bạch đằng, Phường Bình Thuận, Quận Hải Châu, Đà NẵngXem bản đồ",
,2 phòng,2 phòng,Đã có sổ,,,,"25,89 triệu/m²",,,,,,da-nang,"*** 1 căn FPT Plaza 2 giá 1.450 tỷ, 56m2, 2 PN view đẹp bao rẻ",,"Võ Quí Huân, Phường Hoà Hải, Quận Ngũ Hành Sơn, Đà NẵngXem bản đồ",
,3 phòng,,,,,,"14,13 triệu/m²",,,,,,da-nang,"chỉ 230 triệu thanh toán trước, vay 70% lãi cố định 4.8% trong 25 năm",,"mê linh, Khu đô thị xanh Bàu Tràm, Hòa Hiệp Nam, quận Liên Chiểu,TP Đà Nẵng, Phường Hòa Hiệp Nam, Quận Liên Chiểu, Đà NẵngXem bản đồ",
,2 phòng,2 phòng,,,,,"6,9 triệu/m²",,,,,,da-nang,Căn hộ cao cấp 2PN FPT 490 triệu (30%) tặng 100 triệu gói nội thất,,"Võ Chí Công, Phường Hoà Hải, Quận Ngũ Hành Sơn, Đà NẵngXem bản đồ",
,2 phòng,2 phòng,,,,,"8,14 triệu/m²",,,,,,da-nang,"BÁN CĂN HỘ 2 PHÒNG NGỦ 72m2 ĐÃ HOÀN THIỆN, 570 TRIỆU NHẬN NHÀ NGAY",,"1, Võ Chí Công, Phường Hoà Hải, Quận Ngũ Hành Sơn, Đà NẵngXem bản đồ",
,2 phòng,2 phòng,,,,,"8,14 triệu/m²",,,,,,da-nang,Bán căn hộ FPT Plaza 2 giá 570tr hỗ trợ 0% lãi suất 12 tháng,,"1, Võ Chí Công, Phường Hoà Hải, Quận Ngũ Hành Sơn, Đà NẵngXem bản đồ",
,7 phòng,Nhiều hơn 6 phòng,,,,,"136,67 triệu/m²",Đông,,,,,da-nang,Bán tòa căn hộ An Thượng - gần Biển - giá tốt - 8ty2,,"An Thượng, Phường Mỹ An, Quận Ngũ Hành Sơn, Đà NẵngXem bản đồ",
,2 phòng,2 phòng,Giấy tờ khác,,,,"48,57 triệu/m²",,,,,,da-nang,"Sun Group bán căn góc 2pn view trực diện Sông Hàn giá chỉ 3,4 tỷ/căn",,"Đường Trần Hưng Đạo, Phường Mỹ An, Quận Ngũ Hành Sơn, Đà NẵngXem bản đồ",
,2 phòng,2 phòng,,,,,"8,33 triệu/m²",Tây Bắc,,,,,da-nang,Mở bán 100 căn hộ FPT Plaza2 trả trước 600triệu hỗ trợ trả góp 25 năm,,"Võ Quý Huân, Phường Mỹ An, Quận Ngũ Hành Sơn, Đà NẵngXem bản đồ",
,2 phòng,2 phòng,Đã có sổ,,,,"26,77 triệu/m²",,,,Nội thất đầy đủ,,da-nang,Gồng hết nổi bán lỗ 300 triệu căn hộ FPT Plaza 2 full nội thất,,"Võ Chí Công, Phường Hoà Hải, Quận Ngũ Hành Sơn, Đà NẵngXem bản đồ",
,2 phòng,2 phòng,,,,,"20,56 triệu/m²",Đông Nam,,,,,da-nang,"Hỗ Trợ Vay Mua Căn Hộ FPT PLAZA 2, Hồ Sơ Bao Đậu Lãi Thấp, Giỏ Căn Đẹp",,"Võ Chí Công, Phường Hoà Hải, Quận Ngũ Hành Sơn, Đà NẵngXem bản đồ",
,2 phòng,2 phòng,Đã có sổ,,,,"24,83 triệu/m²",,,,,,da-nang,"Hỗ Trợ Vay Mua Căn Hộ FPT PLaza 2, Không Cần Chứng Minh Thu Nhập",,"Võ Chí Công, Phường Hoà Hải, Quận Ngũ Hành Sơn, Đà NẵngXem bản đồ",
,2 phòng,2 phòng,,,,,"28,45 triệu/m²",Đông,,,,,da-nang,"CHỦ CẦN BÁN CĂN 2Pn, FPT Plaza1, Căn góc view thoáng mát, Bán Full NT",,"Võ Chí Công, Phường Hoà Hải, Quận Ngũ Hành Sơn, Đà NẵngXem bản đồ",
,2 phòng,2 phòng,,,,,"21,4 triệu/m²",Đông Bắc,,,,,da-nang,Bán Căn Hộ Chung cư Origan Hòa Hiệp Nam Liên Chiểu Đà Nẵng,,"Mê Linh, Phường Hòa Hiệp Nam, Quận Liên Chiểu, Đà NẵngXem bản đồ",
,2 phòng,,Đã có sổ,,,,15 triệu/m²,,,,Nhà trống,,da-nang,Chỉ 750tr sở hữu căn hộ cao cấp view trực diện sông Hàn,,"Đường Trần Hưng Đạo, Phường Mỹ An, Quận Ngũ Hành Sơn, Đà NẵngXem bản đồ",
,2 phòng,2 phòng,Đã có sổ,,,,"50,29 triệu/m²",,,,,,da-nang,"Suất Ngoại Giao Căn 2 PN 69,6m2 Mặt Tiền Sông Hàn",,"Đường Chương Dương, Phường Mỹ An, Quận Ngũ Hành Sơn, Đà NẵngXem bản đồ",
,2 phòng,2 phòng,Đã có sổ,,,,"22,13 triệu/m²",,,,Nội thất cao cấp,,da-nang,Nâng tầm cuộc sống khi sở hữu căn hộ Panoma! Giá Sốc cuối năm từ CĐT,,"Đường Trần Hưng Đạo, Phường Mỹ An, Quận Ngũ Hành Sơn, Đà NẵngXem bản đồ",
,2 phòng,2 phòng,Đang chờ sổ,,,,44 triệu/m²,,,,,,da-nang,Căn hộ Panoma Đà Nẵng mặt tiền sông Hàn hỗ trợ vay miễn lãi đến 8/2026,,"Đường Chương Dương, Phường Mỹ An, Quận Ngũ Hành Sơn, Đà NẵngXem bản đồ",
,2 phòng,2 phòng,,,,,"19,5 triệu/m²",,,,,,da-nang,CĂN 40m2 mặt SÔNG HÀN & BIỂN Du Lịch Đà Nẵng - 780 Tr (30%),,"Phường Mỹ An, Quận Ngũ Hành Sơn, Đà Nẵng, Phường Mỹ An, Quận Ngũ Hành Sơn, Đà NẵngXem bản đồ",
,2 phòng,,,,,,"11,27 triệu/m²",,,,,,da-nang,Ngoại giao căn 2PN view toàn TP Đà Nẵng Vay 70% vào ở ngay,,"Võ Chí Công, Phường Hoà Hải, Quận Ngũ Hành Sơn, Đà NẵngXem bản đồ",
,2 phòng,1 phòng,,,,,"81,58 triệu/m²",Đông Bắc,,,,,da-nang,Suất ngoại giao căn 1BR+1 tầng 9 The Panoma view sông Hàn. Ưu đãi 20%,,"P2, Đường Trần Hưng Đạo, Phường Mỹ An, Quận Ngũ Hành Sơn, Đà NẵngXem bản đồ",
,3 phòng,2 phòng,,,,,"48,89 triệu/m²",,,,,,da-nang,"Cực hiếm cần bán căn hộ The Sang 3PN, tầng 10 view biển Mỹ Khê Đà Nẵng",,"Đường Võ Nguyên Giáp, Phường Khuê Mỹ, Quận Ngũ Hành Sơn, Đà NẵngXem bản đồ",
,2 phòng,,Đã có sổ,,,,"27,54 triệu/m²",,,,,,da-nang,Ra mắt mở bán toà CT10 căn hộ thương mại tại dự án The Ori Garden,,"Khu đô thị xanh Bàu Tràm, Hòa Hiệp Nam, quận Liên Chiểu,TP Đà Nẵng, Phường Hòa Hiệp Nam, Quận Liên Chiểu, Đà NẵngXem bản đồ",
,2 phòng,1 phòng,,,,,24 triệu/m²,,,,,,da-nang,Căn hộ ven sông Hàn từ 1tỷ2 - Hỗ trợ vay 70% miễn phí gốc lãi 22 tháng,,"Đường Trần Hưng Đạo, Phường Mỹ An, Quận Ngũ Hành Sơn, Đà NẵngXem bản đồ",
,2 phòng,2 phòng,,,,,"34,56 triệu/m²",Bắc,,,,,da-nang,BÁN GẤP CĂN HỘ CAO CẤP MONARCHY ĐÃ CÓ SỔ 2PN ĐẦY ĐỦ NỘI THẤT,,"An Trung 2, Phường An Hải Tây, Quận Sơn Trà, Đà NẵngXem bản đồ",
,2 phòng,2 phòng,,,,,"29,13 triệu/m²",Tây,,,,,da-nang,BÁN GẤP CĂN HỘ MONARCHY 2PN FULL NỘI THẤT SỔ HỒNG HỖ TRỢ VAY 70%,,"An Trung 2, Phường An Hải Tây, Quận Sơn Trà, Đà NẵngXem bản đồ",
,2 phòng,,,,,,"22,67 triệu/m²",,,,,,da-nang,1.7 tỷ sở hữu ngay FPT Plaza 2 hỗ trợ vay với lãi suất 0%,,"Võ Chí Công, Phường Hoà Hải, Quận Ngũ Hành Sơn, Đà NẵngXem bản đồ",
,2 phòng,2 phòng,Đã có sổ,,,,"42,17 triệu/m²",,,,,,da-nang,"Căn hộ cao cấp 2PN 82,5m2 tầng 22 siêu hiếm - sổ hồng vĩnh viễn",,"Phạm Kiệt, Phường Khuê Mỹ, Quận Ngũ Hành Sơn, Đà NẵngXem bản đồ",
,2 phòng,1 phòng,,,,,"41,67 triệu/m²",,,,,,da-nang,Độc quyền căn 1PN. Diện tích: 54m². Giá: 2.25 tỷ Đã bao gồm VAT & KPBT,,"trần hưng đạo, Phường Mỹ An, Quận Ngũ Hành Sơn, Đà Nẵng, Phường Mỹ An, Quận Ngũ Hành Sơn, Đà NẵngXem bản đồ",
,2 phòng,,,,,,"24,29 triệu/m²",,,,,,da-nang,Sở Hữu Ngay Căn Hộ FPT Plaza 2 - Chỉ 1.7 Tỷ - Tặng Máy Hút Mùi,,"Hòa Hải, Phường Hoà Hải, Quận Ngũ Hành Sơn, Đà NẵngXem bản đồ",
,2 phòng,2 phòng,,,,,"21,01 triệu/m²",,,,,,da-nang,Còn 1 căn 2 PN 68m2 giá tốt hàng chủ đầu tư FPT PLAZA 2 giảm 100 triệu,,"Đường Nam Kỳ Khởi Nghĩa, Phường Hoà Hải, Quận Ngũ Hành Sơn, Đà NẵngXem bản đồ",
,1 phòng,1 phòng,,,,,28 triệu/m²,,,,,,da-nang,Bán căn 1 phòng ngủ Full nội thất FPT Plaza 1 ban công view hồ bơi,,"Võ Chí Công, Phường Hoà Hải, Quận Ngũ Hành Sơn, Đà NẵngXem bản đồ",
,2 phòng,2 phòng,,,,,54 triệu/m²,Đông,,,,,da-nang,SUN GROUP ra mắt căn hộ ngay trung tâm Đà Nẵng giá cực ưu đãi cuối năm,,"Trần THị lý, Phường Mỹ An, Quận Ngũ Hành Sơn, Đà Nẵng, Phường Mỹ An, Quận Ngũ Hành Sơn, Đà NẵngXem bản đồ",
,2 phòng,2 phòng,,,,,"15,6 triệu/m²",Tây Bắc,,,,,da-nang,"Từ 780tr sở hữu The Panoma bên sông Hàn Đà Nẵng,ra bãi tắm Mỹ Khê 1km",,"Phường Mỹ An, Quận Ngũ Hành Sơn, Đà Nẵng, Phường Mỹ An, Quận Ngũ Hành Sơn, Đà NẵngXem bản đồ",
,1 phòng,,,,,,"48,98 triệu/m²",,,,,,da-nang,CẦN BÁN LẠI CĂN 1 PHÒNG NGỦ _MẶT TIỀN TRẦN HƯNG ĐẠO _ GIÁ RẺ _ BAO ĐẸP,,"Đường Trần Hưng Đạo, Phường Mỹ An, Quận Ngũ Hành Sơn, Đà NẵngXem bản đồ",
,2 phòng,2 phòng,Đang chờ sổ,,,,"16,97 triệu/m²",,,,Bàn giao thô,,da-nang,"Đầu tư căn hộ 1PN view sông hàn chỉ từ 850tr, miễn gốc và lãi 2 năm",,"01, Phường Mỹ An, Quận Ngũ Hành Sơn, Đà Nẵng, Phường Mỹ An, Quận Ngũ Hành Sơn, Đà NẵngXem bản đồ",
,2 phòng,2 phòng,,,,,"24,49 triệu/m²",,,,,,da-nang,Sở hữu căn hộ mặt sông Hàn chỉ từ 1 tỷ 2 ( 30%) hỗ trợ 70% ân hạn 0%,,"Đường Trần Thị Lý, Phường Mỹ An, Quận Ngũ Hành Sơn, Đà NẵngXem bản đồ",
,2 phòng,,,,,,"22,22 triệu/m²",,,,,,da-nang,"FPT Plaza 2 - Giá Sập Hầm 1.6xx Tỷ, View Biển Mát Mẻ - Tặng Nội Thất",,"Võ Chí Công, Phường Hoà Hải, Quận Ngũ Hành Sơn, Đà NẵngXem bản đồ",
,1 phòng,1 phòng,,,,,"62,52 triệu/m²",,,,,,da-nang,SỞ HỮU CĂN HỘ CAO CẤP BÊN BỜ SÔNG HÀN ĐÀ NẴNG CÙNG TẦM VIEW ĐẲNG CẤP,,"1, Phường Mỹ An, Quận Ngũ Hành Sơn, Đà Nẵng, Phường Mỹ An, Quận Ngũ Hành Sơn, Đà NẵngXem bản đồ",
,2 phòng,2 phòng,Đã có sổ,,,,"46,83 triệu/m²",,,,Nội thất đầy đủ,,da-nang,Bán căn góc 2PN. 77m2 View Sông chỉ 3.606 tỷ/căn Thanh toán chỉ 5%/đợt,,"Đường Trần Thị Lý, Phường Mỹ An, Quận Ngũ Hành Sơn, Đà NẵngXem bản đồ",
,2 phòng,2 phòng,,,,,"7,78 triệu/m²",,,,,,da-nang,Bán căn hộ FPT Plaza 2 giá TT 560tr hỗ trợ 0% lãi quà tân gia 100tr,,"Đường Nam Kỳ Khởi Nghĩa, Phường Hoà Hải, Quận Ngũ Hành Sơn, Đà NẵngXem bản đồ",
,2 phòng,2 phòng,,,,,"120,32 triệu/m²",,,,,,da-nang,BÁN CĂN HỘ CAO CẤP THE FILMORE VIEW TRỰC DIỆN SÔNG HÀN ĐÀ NẴNG,,"1, Bạch đằng, Phường Hải Châu  I, Quận Hải Châu, Đà NẵngXem bản đồ",
,2 phòng,2 phòng,Đã có sổ,,,,"12,68 triệu/m²",,,,,,da-nang,Sở hữu ngay căn hộ 2PN 71m2 mở ước chỉ với 900 triệu,,"Võ Chí Công, Phường Hoà Hải, Quận Ngũ Hành Sơn, Đà NẵngXem bản đồ",
,2 phòng,2 phòng,,,,,52 triệu/m²,Đông Bắc,,,,,da-nang,"BÁN CĂN 1PN + 1 BÊN SÔNG HÀN ĐÀ NẴNG - HỖ TRỢ VAY 70%, CHỈ TỪ 1.2 TỶ",,"Trần Thị Lý, Phường Khuê Mỹ, Quận Ngũ Hành Sơn, Đà NẵngXem bản đồ",
,2 phòng,1 phòng,,,,,"62,35 triệu/m²",Đông Nam,,,,,da-nang,Bán căn hộ 1 ngủ +1 TTTP Đà Nẵng,,"Đường Trần Thị Lý, Phường Mỹ An, Quận Ngũ Hành Sơn, Đà NẵngXem bản đồ",
,1 phòng,1 phòng,,,,,"70,8 triệu/m²",Đông Nam,,,,,da-nang,Chào bán căn hộ Studio view sông Hàn TTTP Đà Nẵng,,"Đường Trần Thị Lý, Phường Mỹ An, Quận Ngũ Hành Sơn, Đà NẵngXem bản đồ",
,2 phòng,1 phòng,,,,,"81,58 triệu/m²",Đông Bắc,,,,,da-nang,Ưu đãi 19% khi mua căn hộ The Panoma - TP Đà Nẵng. CĐT Sun Group,,"Phường Mỹ An, Quận Ngũ Hành Sơn, Đà Nẵng, Phường Mỹ An, Quận Ngũ Hành Sơn, Đà NẵngXem bản đồ",
,2 phòng,2 phòng,,,,,"17,14 triệu/m²",,,,Nội thất đầy đủ,,da-nang,"Căn hộ Văn phòng kết hợp nghĩ dưỡng - The One Tower - Sở hữu 1,2 tỷ",,"Đào Tấn, Phường Bình Hiên, Quận Hải Châu, Đà NẵngXem bản đồ",
,1 phòng,,,,,,"46,94 triệu/m²",,,,,,da-nang,"Căn hộ cao cấp chuẩn 5 sao,view trực diện xem pháo hoa ngay sông Hàn",,"Đường Trần Hưng Đạo, Phường Mỹ An, Quận Ngũ Hành Sơn, Đà NẵngXem bản đồ",
,2 phòng,2 phòng,,,,,"17,36 triệu/m²",,,,,,da-nang,"Bán gấp CH72m2, 2 mặt góc DANOXH KCN H.Khánh, L.Chiểu, Đ.Nẵng: 1,25 tỳ",,"Khu công nghiệp Hòa Khánh, Phường Hòa Khánh Bắc, Quận Liên Chiểu, Đà NẵngXem bản đồ",
,2 phòng,2 phòng,,,,,"77,14 triệu/m²",Đông Nam,,,,,da-nang,"Ưu đãi 19.5% căn góc 2PN view Sông Hàn, TP Đà Nẵng",,"The Panoma , Đường Trần Thị Lý, Phường Mỹ An, Quận Ngũ Hành Sơn, Đà NẵngXem bản đồ",
,2 phòng,2 phòng,Đã có sổ,,,,"21,43 triệu/m²",,,,Nội thất cao cấp,,da-nang,[Suất Chuyển Nhượng] Căn Hộ 2PN FPT Plaza2 -Vào Ở Ngay - Full Nội Thất,,"Võ Quí Huân, Phường Hoà Hải, Quận Ngũ Hành Sơn, Đà NẵngXem bản đồ",
,2 phòng,1 phòng,,,,,"81,58 triệu/m²",Đông,,,,,da-nang,"CHỈ TỪ 1,3 TỈ SỞ HỮU CĂN HỘ 2PN MẶT SÔNG HÀN",,"Phường Mỹ An, Quận Ngũ Hành Sơn, Đà Nẵng, Phường Mỹ An, Quận Ngũ Hành Sơn, Đà NẵngXem bản đồ",
,1 phòng,1 phòng,,,,,"44,74 triệu/m²",,,,Nội thất đầy đủ,,da-nang,Căn hộ biển rẻ nhất VN-Căn góc Fusion Suite 38m2 giá 1.7 tỷ ĐÃ CÓ SỔ,,"Võ Nguyên Giáp, Phường Phước Mỹ, Quận Sơn Trà, Đà NẵngXem bản đồ",
,2 phòng,2 phòng,,,,,101 triệu/m²,,,,,,da-nang,BÁN CĂN HỘ CAO CẤP THE FILMORE VIEW TRỰC DIỆN SÔNG HÀN ĐÀ NẴNG,,"Bạch đằng, Phường Bình Hiên, Quận Hải Châu, Đà NẵngXem bản đồ",
,1 phòng,1 phòng,,,,,40 triệu/m²,,,,,,da-nang,Bán căn hộ 2PN trung tâm TP Đà Nẵng view trực diện sông Hàn giá 2 tỷ,,"Bạch đằng, Phường Bình Thuận, Quận Hải Châu, Đà NẵngXem bản đồ",
,2 phòng,2 phòng,,,,,"8,03 triệu/m²",Đông Bắc,,,,,da-nang,"Căn Hộ FPT PLAZA 2 – View Cầu Rồng, Pháo Hoa... Đẹp !",,"Võ Chí Công, Phường Hoà Hải, Quận Ngũ Hành Sơn, Đà NẵngXem bản đồ",
,2 phòng,,,,,,"22,43 triệu/m²",,,,,,da-nang,Chỉ 550 triệu nhận căn hộ 2PN FPT Plaza 2 .ĐN Tặng gói nội thất 100tr,,"Võ Chí Công, Phường Hoà Hải, Quận Ngũ Hành Sơn, Đà NẵngXem bản đồ",
