Diện tích đất:,Số phòng ngủ:,Số phòng vệ sinh:,Giấy tờ pháp lý:,Loại hình nhà ở:,Chiều ngang:,Diện tích sử dụng:,Giá/m2:,Hướng cửa chính:,Tổng số tầng:,Đặc điểm nhà/đất:,Tình trạng nội thất:,Chiều dài:,Location,Name,URL,District,Price
55 m²,4 phòng,4 phòng,Đã có sổ,,,,"114,55 triệu/m²",Tây Nam,3,,,,tp-ho-chi-minh,"Nhà 1 trệt 2 lầu góc 2 mặt tiền đường 22 Phước Long B, Dt 55m2 giá 6,3",,"Đường Số 22, Phường Phước Long B (Quận 9 cũ), Thành phố Thủ Đức, Tp Hồ Chí MinhXem bản đồ",
32 m²,2 phòng,2 phòng,,"Nhà ngõ, hẻm",,,"99,06 triệu/m²",,,,,,tp-ho-chi-minh,SIÊU PHẨM PHẠM VĂN CHIÊU NGANG KHỦNG CHỈ 3.17 TỶ,,"Phạm Văn Chiêu, Phường 14, Quận Gò Vấp, Tp Hồ Chí MinhXem bản đồ",
67.5 m²,3 phòng,2 phòng,,"Nhà ngõ, hẻm",,,"66,67 triệu/m²",,,,,,tp-ho-chi-minh,CẦN BÁN NHÀ GẦN PHẠM VĂN ĐỒNG HIỆP BÌNH CHÁNH THỦ ĐỨC,,"Gần Phạm Văn Đồng, Phường Hiệp Bình Chánh (Quận Thủ Đức cũ), Thành phố Thủ Đức, Tp Hồ Chí MinhXem bản đồ",
19 m²,2 phòng,3 phòng,,"Nhà ngõ, hẻm",,,"157,89 triệu/m²",,,,,,tp-ho-chi-minh,NHÀ NHỎ XINH QUANG TRUNG FULL NỘI THẤT CHỈ 3 TỶ,,"Quang Trung, Phường 11, Quận Gò Vấp, Tp Hồ Chí MinhXem bản đồ",
30 m²,2 phòng,3 phòng,,"Nhà ngõ, hẻm",3 m,,73 triệu/m²,,,,,10 m,tp-ho-chi-minh,"Bán nhà 1T1L đường Trần Hưng Đạo, Quận 5. Gần Bệnh viện Nhiệt Đới",,"Đường Trần Hưng Ðạo, Phường 7, Quận 5, Tp Hồ Chí MinhXem bản đồ",
250 m²,4 phòng,,,"Nhà ngõ, hẻm",10 m,,"31,2 triệu/m²",,,,,25 m,tp-ho-chi-minh,BÁN LÔ ĐẤT HẺM TẢI THÔNG 10X25 QUA GV 5P TẶNG NHÀ C4 CHO THUÊ 15TR,,"Đường Nguyễn Thị Đặng, Phường Tân Thới Hiệp, Quận 12, Tp Hồ Chí MinhXem bản đồ",
70 m²,5 phòng,6 phòng,Đã có sổ,"Nhà mặt phố, mặt tiền",,,"98,57 triệu/m²",Đông Bắc,4,,,,tp-ho-chi-minh,"NHÀ CHÍNH CHỦ👉 Hẻm 1979 Huỳnh Tấn Phát, TT.NHÀ BÈ",,"1979, Huỳnh Tấn Phát, Thị trấn Nhà Bè, Huyện Nhà Bè, Tp Hồ Chí MinhXem bản đồ",
62.1 m²,1 phòng,1 phòng,Đã có sổ,"Nhà ngõ, hẻm",4.5 m,,"53,95 triệu/m²",,,,,14 m,tp-ho-chi-minh,"Nhà cấp 4 đg Tân Hoà Đông, Bình Trị Đông, Bình Tân.",,"Tân Hoà Đông, Phường Bình Trị Đông, Quận Bình Tân, Tp Hồ Chí MinhXem bản đồ",
75 m²,3 phòng,2 phòng,Đã có sổ,"Nhà ngõ, hẻm",,,"79,73 triệu/m²",Đông Bắc,1,,,,tp-ho-chi-minh,"Nhà 1/ Lê văn phan, P. Phú Thọ Hoà, dt 4.2mx18m, đúc 1 tấm, nhà mới",,"Lê Văn Phan, Phường Phú Thọ Hòa, Quận Tân Phú, Tp Hồ Chí MinhXem bản đồ",
40 m²,2 phòng,2 phòng,,"Nhà ngõ, hẻm",4 m,,40 triệu/m²,Đông,1,,,,tp-ho-chi-minh,Nhà Đẹp kế trường Đại Học Kinh Tế NVL.,,"Bùi Minh Trực, Phường 6, Quận 8, Tp Hồ Chí MinhXem bản đồ",
40 m²,2 phòng,3 phòng,Đã có sổ,"Nhà ngõ, hẻm",,,95 triệu/m²,,4,,Nội thất đầy đủ,,tp-ho-chi-minh,"Nhà 4 tầng, chỗ đậu ô tô, đối diện Sacombank Tây Thạnh.",,"Đường Tây Thạnh, Phường Tây Thạnh, Quận Tân Phú, Tp Hồ Chí MinhXem bản đồ",
44 m²,2 phòng,,,"Nhà ngõ, hẻm",,,"106,59 triệu/m²",,,,,,tp-ho-chi-minh,NHÀ MỚI ĐẸP ĐƯỜNG SỐ 5 CHỈ 4.69 TỶ,,"Đường Số 5, Phường 17, Quận Gò Vấp, Tp Hồ Chí MinhXem bản đồ",
80 m²,3 phòng,,,"Nhà ngõ, hẻm",,,"68,75 triệu/m²",,,Hẻm xe hơi,,,tp-ho-chi-minh,"Bán nhà Hẻm 290 Nơ Trang Long, Bình Thạnh, 80m2 ngang 4.8m",,"Nơ Trang Long, Phường 12, Quận Bình Thạnh, Tp Hồ Chí MinhXem bản đồ",
48 m²,2 phòng,2 phòng,,"Nhà mặt phố, mặt tiền",,,"97,92 triệu/m²",,,,,,tp-ho-chi-minh,NHÀ MỚI MẶT TIỀN ĐƯỜNG SỐ 7 VÀO Ở NGAY CHỈ 4.7 TỶ,,"Đường Số 7, Phường 7, Quận Gò Vấp, Tp Hồ Chí MinhXem bản đồ",
42 m²,2 phòng,2 phòng,Đã có sổ,"Nhà ngõ, hẻm",3 m,,"57,14 triệu/m²",,2,,,,tp-ho-chi-minh,"Nhà Hiệp Thành 45,DT 41mz,3mx 13.5m, chỉ 2.4 tỷ, P Hiệp Thành, Quận12",,"Đường Hiệp Thành 45, Phường Hiệp Thành, Quận 12, Tp Hồ Chí MinhXem bản đồ",
56 m²,2 phòng,2 phòng,Đã có sổ,"Nhà mặt phố, mặt tiền",,,"60,54 triệu/m²",Đông Nam,2,,,,tp-ho-chi-minh,mặt tiền nhỏ cao xuân dục p12 quận 8 ngay tùng thiện vương 56m2 đất,,"Cao Xuân Dục, Phường 12, Quận 8, Tp Hồ Chí MinhXem bản đồ",
48 m²,4 phòng,3 phòng,Đã có sổ,"Nhà mặt phố, mặt tiền",,,"48,96 triệu/m²",Đông,3,,,,tp-ho-chi-minh,"NHÀ MẶT TIỀN HẺM 271 NGUYỄN BÌNH, PHÚ XUÂN, NHÀ BÈ| 4x12m.",,"271, Nguyễn Bình, Xã Phú Xuân, Huyện Nhà Bè, Tp Hồ Chí MinhXem bản đồ",
22 m²,2 phòng,,Đã có sổ,"Nhà ngõ, hẻm",,,"108,64 triệu/m²",,,,,,tp-ho-chi-minh,Nhà mới ngay trung tâm Quận 3 Sổ hồng công chứng ngay,,"Điện biên phủ, Phường 11, Quận 10, Tp Hồ Chí MinhXem bản đồ",
190 m²,7 phòng,Nhiều hơn 6 phòng,Đã có sổ,Nhà biệt thự,,,"163,16 triệu/m²",,5,,Nội thất cao cấp,,tp-ho-chi-minh,VILA ĐẸP Huỳnh Văn Bánh PN 190M2 5 tầng chỉ 31 TỶ,,"Đường Huỳnh Văn Bánh, Phường 11, Quận Phú Nhuận, Tp Hồ Chí MinhXem bản đồ",
66 m²,1 phòng,1 phòng,Đã có sổ,"Nhà mặt phố, mặt tiền",,,"110,61 triệu/m²",,1,,Nội thất đầy đủ,,tp-ho-chi-minh,"Nhà MT KD Trần Thủ Độ,Phú Thạnh,Tân Phú,66m2,7tỷ.",,"Thạch Lam, Phường Hiệp Tân, Quận Tân Phú, Tp Hồ Chí MinhXem bản đồ",
70 m²,nhiều hơn 10 phòng,4 phòng,Đã có sổ,"Nhà ngõ, hẻm",,,"35,71 triệu/m²",,3,,Nội thất đầy đủ,,tp-ho-chi-minh,Bán nhà HXH Đ.Lê Văn Sỹ P.1 TB 70M2 GIÁ CHỈ 2 tỷ 5 ĐÃ CÓ SỔ LH MIÊN,,"Đường Lê Văn Sỹ, Phường 1, Quận Tân Bình, Tp Hồ Chí MinhXem bản đồ",
42 m²,2 phòng,3 phòng,Đã có sổ,"Nhà ngõ, hẻm",,,"51,9 triệu/m²",Bắc,2,,,,tp-ho-chi-minh,Bán 2tỷ2 1trệt 2lầu 3WC STHƯỢNG phòng thờ tại ngay đường Bình Thành,,"Bình Thành, Phường Bình Hưng Hoà B, Quận Bình Tân, Tp Hồ Chí MinhXem bản đồ",
83 m²,3 phòng,3 phòng,Đã có sổ,"Nhà ngõ, hẻm",,,"138,55 triệu/m²",Đông Bắc,2,,,,tp-ho-chi-minh,"Bán nhà hẻm xe tải Bình Giã Tân Bình, diện tích công nhận 83m2",,"Bình Giã, Phường 13, Quận Tân Bình, Tp Hồ Chí MinhXem bản đồ",
30 m²,3 phòng,3 phòng,Đã có sổ,"Nhà ngõ, hẻm",,,"236,67 triệu/m²",Tây Nam,3,,,,tp-ho-chi-minh,Nhà 2 mặt tiền HXH Trần Hưng Đạo q1,,"Trần Hưng Ðạo, Phường Cầu Kho, Quận 1, Tp Hồ Chí MinhXem bản đồ",
70 m²,3 phòng,3 phòng,Đã có sổ,"Nhà ngõ, hẻm",,,"54,29 triệu/m²",,3,,Bàn giao thô,,tp-ho-chi-minh,"Sang gấp nhà Đặng Thuỳ Trâm, Bình Thạnh,5x14m,1T2L,3,8 tỷ,KDC an ninh.",,"Hẻm 69 Đặng Thùy Trâm, Phường 13, Quận Bình Thạnh, Tp Hồ Chí MinhXem bản đồ",
42 m²,3 phòng,,,"Nhà ngõ, hẻm",,,"107,14 triệu/m²",,,,,,tp-ho-chi-minh,Bán siêu phẩm Quang Trung gần Emart mới đẹp giá rẻ,,"Quang Trung, Phường 14, Quận Gò Vấp, Tp Hồ Chí MinhXem bản đồ",
43 m²,6 phòng,Nhiều hơn 6 phòng,Đã có sổ,"Nhà ngõ, hẻm",,,"81,4 triệu/m²",,5,,Nội thất đầy đủ,,tp-ho-chi-minh,"💥CÓ GIÁ TỐT💥 NHÀ HỒ THỊ KỶ, QUẬN 10 - 43M2 - HẺM 5M - AN NINH. SHR",,"Đường Hồ Thị Kỷ, Phường 1, Quận 10, Tp Hồ Chí MinhXem bản đồ",
70 m²,5 phòng,5 phòng,Đã có sổ,"Nhà mặt phố, mặt tiền",,,"185,71 triệu/m²",,3,,Nội thất đầy đủ,,tp-ho-chi-minh,"Nhà 585 Cách Mạng Tháng Tám, quận 10.DT: 70m2. Giá 13 tỷ",,"cách mạng tháng 8  , Phường 15, Quận 10, Tp Hồ Chí MinhXem bản đồ",
51 m²,4 phòng,,Đã có sổ,"Nhà ngõ, hẻm",,,"77,45 triệu/m²",,,"Hẻm xe hơi,Nở hậu",Nội thất cao cấp,,tp-ho-chi-minh,Nhà phố SHR Đúc 3 tầng 1/ Ngắn Hẻm xe hơi Đường Tân Thới Hiệp 15,,"Tân Thới Hiệp 15, Phường Tân Thới Hiệp, Quận 12, Tp Hồ Chí MinhXem bản đồ",
28 m²,4 phòng,3 phòng,Đã có sổ,"Nhà ngõ, hẻm",,,"92,14 triệu/m²",,3,,Nội thất đầy đủ,,tp-ho-chi-minh,"❌️❌️Nhà sổ hồng 2 lầu, hẻm xe hơi.. vị trí kinh doanh mua bán",,"Huỳnh Tấn Phát, Thị trấn Nhà Bè, Huyện Nhà Bè, Tp Hồ Chí MinhXem bản đồ",
47.5998 m²,2 phòng,2 phòng,Đã có sổ,"Nhà mặt phố, mặt tiền",4.0998 m,,"77,52 triệu/m²",,,,Nhà trống,,tp-ho-chi-minh,"Bán nhà Phan Đăng Lưu, Phú Nhuận, 47,6m2 giá 3 tỷ690",,"Đường Phan Đăng Lưu, Phường 3, Quận Phú Nhuận, Tp Hồ Chí MinhXem bản đồ",
60 m²,2 phòng,2 phòng,,"Nhà ngõ, hẻm",4 m,120 m²,75 triệu/m²,,,,,15 m,tp-ho-chi-minh,✅ HH 1% Bán gấp nhà Lê Trọng Tấn Bình Tân 4x15m hẻm 7m 4.5 tỷ,,"Lê Trọng Tấn, Phường Sơn Kỳ, Quận Tân Phú, Tp Hồ Chí MinhXem bản đồ",
40 m²,2 phòng,,,"Nhà ngõ, hẻm",,,"71,25 triệu/m²",,,,,,tp-ho-chi-minh,nhà 1/ tân thới hiệp 20 sổ hồng riêng.dt 3.6x12 1Lầu hẽm thông buonban,,"Tth20, Phường Tân Thới Hiệp, Quận 12, Tp Hồ Chí MinhXem bản đồ",
66 m²,3 phòng,3 phòng,Đã có sổ,"Nhà ngõ, hẻm",,17 m²,"57,58 triệu/m²",,,,Nội thất đầy đủ,,tp-ho-chi-minh,"Nhà 2 Lầu hẽm xe hơi đường 9 Linh Xuân Thủ Đức 3,8ty",,"Đường số 9, Phường Linh Xuân (Quận Thủ Đức cũ), Thành phố Thủ Đức, Tp Hồ Chí MinhXem bản đồ",
72 m²,4 phòng,4 phòng,Đã có sổ,"Nhà ngõ, hẻm",,,"79,17 triệu/m²",,4,,Nội thất đầy đủ,,tp-ho-chi-minh,Bán gấp nhà 4 tầng 4x18m HXH Hương lộ 2 quận Bình Tân nhỉnh 5 Tỷ.,,"Hương Lộ 2, Phường Bình Trị Đông A, Quận Bình Tân, Tp Hồ Chí MinhXem bản đồ",
302 m²,3 phòng,2 phòng,Đã có sổ,"Nhà ngõ, hẻm",17 m,,"3,25 triệu/m²",,,,Nhà trống,,tp-ho-chi-minh,BÁN ĐẤT 300M2 TẶNG NHÀ 90M2 - XÃ TÂN THẠNH ĐÔNG CỦ CHI,,"Đường Số 112, Xã Tân Thạnh Đông, Huyện Củ Chi, Tp Hồ Chí MinhXem bản đồ",
58.2999 m²,3 phòng,3 phòng,Đã có sổ,"Nhà ngõ, hẻm",,,"60,89 triệu/m²",Đông Nam,3,,,,tp-ho-chi-minh,"Thanh lý nhà Nguyễn Trọng Tuyển, P8, PN,1T2L, 3tỷ550, 58.3m2, SHR",,"Nguyễn Trọng Tuyển, Phường 8, Quận Phú Nhuận, Tp Hồ Chí MinhXem bản đồ",
68 m²,3 phòng,3 phòng,Đã có sổ,"Nhà ngõ, hẻm",,,"87,5 triệu/m²",Đông Nam,3,,,,tp-ho-chi-minh,"Nhà 4x17 ,3 tầng ,đường 8m khu vip Dương Thị Giang cầu Tham Lương",,"Đường Dương Thị Giang, Phường Tân Thới Nhất, Quận 12, Tp Hồ Chí MinhXem bản đồ",
20 m²,2 phòng,2 phòng,,"Nhà ngõ, hẻm",,,"107,5 triệu/m²",,1,,,,tp-ho-chi-minh,"1 LẦU CÓ LỬNG HẺM TRẦN QUANG KHẢI, QUẬN 1",,"Trần Quang Khải, Phường Tân Định, Quận 1, Tp Hồ Chí MinhXem bản đồ",
24 m²,2 phòng,,Giấy tờ khác,"Nhà ngõ, hẻm",3 m,48 m²,"33,29 triệu/m²",,,,,8 m,tp-ho-chi-minh,"Bán Nhà Đường 1A , Ấp 1B , DT: 3 x 8m ,1 Trệt + 1 Lửng + 1 Lầu.",,"Đường 1A, Xã Vĩnh Lộc B, Huyện Bình Chánh, Tp Hồ Chí MinhXem bản đồ",
69.5998 m²,7 phòng,6 phòng,Đã có sổ,"Nhà ngõ, hẻm",,,"143,68 triệu/m²",Đông Bắc,5,,,,tp-ho-chi-minh,Bán nhà chính chủ ở đường vườn lài,,"Vườn Lài, Phường Phú Thọ Hòa, Quận Tân Phú, Tp Hồ Chí MinhXem bản đồ",
184 m²,3 phòng,4 phòng,,"Nhà mặt phố, mặt tiền",,,"141,3 triệu/m²",,,,,,tp-ho-chi-minh,"Biệt thự 184m2, 8x23, trệt 2 lầu ST, 3PN, 4WC, KDC Villa Thủ Thiêm, Q2",,"Số, Phường Thạnh Mỹ Lợi (Quận 2 cũ), Thành phố Thủ Đức, Tp Hồ Chí MinhXem bản đồ",
30 m²,2 phòng,2 phòng,Đã có sổ,"Nhà ngõ, hẻm",3.5 m,,"29,67 triệu/m²",,,,,9 m,tp-ho-chi-minh,cần bán nhà 890tr 2pn 2wc ngã tư ga,,"Hà Huy Giáp, Phường Thạnh Lộc, Quận 12, Tp Hồ Chí MinhXem bản đồ",
73 m²,3 phòng,,,"Nhà ngõ, hẻm",,,"69,86 triệu/m²",,,,,,tp-ho-chi-minh,CẦN BÁN GẤP NHÀ CỐNG LỞ P15 TÂN BÌNH-Ở NGAY-73M2-NOHẬU-3PN-CHỈ 5TỶ1 TL,,"Cống Lỡ, Phường 15, Quận Tân Bình, Tp Hồ Chí MinhXem bản đồ",
170 m²,4 phòng,2 phòng,Đã có sổ,"Nhà ngõ, hẻm",,,"51,18 triệu/m²",Đông Nam,3,,,,tp-ho-chi-minh,"Chính chủ bán nhà 8,5x20m. Mời anh chị/ép giá, đạp giá thỏa mái.",,"Đường Liên khu 4-5, Phường Bình Hưng Hoà B, Quận Bình Tân, Tp Hồ Chí MinhXem bản đồ",
52 m²,10 phòng,Nhiều hơn 6 phòng,Đã có sổ,"Nhà ngõ, hẻm",3.2 m,,"198,08 triệu/m²",,,,Nội thất cao cấp,,tp-ho-chi-minh,Bán CHDV Hẻm Xe Hơi Quận 3,,"Nam Kỳ Khởi Nghĩa, Phường Võ Thị Sáu, Quận 3, Tp Hồ Chí MinhXem bản đồ",
93 m²,4 phòng,,Đã có sổ,"Nhà mặt phố, mặt tiền",4 m,,"92,47 triệu/m²",,,,,23.5 m,tp-ho-chi-minh,MT Đỗ Công Tường Chủ Hạ Gía Còn 8.6 tỷ TL (dt 4x23 Nhà 3 Tấm),,"Đỗ Công Tường, Phường Tân Quý, Quận Tân Phú, Tp Hồ Chí MinhXem bản đồ",
56 m²,4 phòng,5 phòng,Đã có sổ,"Nhà ngõ, hẻm",4 m,,"110,71 triệu/m²",Tây,,,,,tp-ho-chi-minh,"👉NGỘP -Nhà Mới H7M Nguyễn Sơn 4x14, 3.5T (4pn) Giá 6.2 Tỷ",,"Đường Nguyễn Sơn, Phường Phú Thọ Hòa, Quận Tân Phú, Tp Hồ Chí MinhXem bản đồ",
22 m²,2 phòng,,,"Nhà ngõ, hẻm",,,"86,36 triệu/m²",,,,,,tp-ho-chi-minh,NHÀ MỚI NGAY TỈNH LỘ 10 - GẦN Q6 HẺM THÔNG TỨ TUNG,,"Tỉnh lộ 10, Phường Bình Trị Đông, Quận Bình Tân, Tp Hồ Chí MinhXem bản đồ",
27 m²,1 phòng,1 phòng,,"Nhà ngõ, hẻm",3 m,30 m²,"22,96 triệu/m²",,,,,9 m,tp-ho-chi-minh,1/ tx13 hẻm xe hơi gần ql1a,,"Tx13, Phường Thạnh Xuân, Quận 12, Tp Hồ Chí MinhXem bản đồ",
84 m²,5 phòng,2 phòng,Đã có sổ,"Nhà mặt phố, mặt tiền",,,"61,9 triệu/m²",Tây,2,,,,tp-ho-chi-minh,Cần bán nhà đường nhựa kinh Doanh được,,"Hẻm 1768 Đường Tỉnh Lộ 10, Phường Tân Tạo, Quận Bình Tân, Tp Hồ Chí MinhXem bản đồ",
90 m²,2 phòng,2 phòng,Đã có sổ,"Nhà mặt phố, mặt tiền",,,"64,44 triệu/m²",,2,,Nhà trống,,tp-ho-chi-minh,🏠 HÀNG HIẾM NHÀ C4 MT GẦN TRƯƠNG VĨNH KÝ - NGANG KHỦNG 8M - 90M2 - CH,,"Trương Vĩnh Ký, Phường Tân Sơn Nhì, Quận Tân Phú, Tp Hồ Chí MinhXem bản đồ",
60 m²,3 phòng,4 phòng,Đã có sổ,Nhà phố liền kề,4.5 m,,"130,83 triệu/m²",,,,,13 m,tp-ho-chi-minh,"Bán Nhà Nguyễn Trọng Tuyển, Phú Nhuận; Hẻm xe hơi; ngang 4,5 dài:13",,"Nguyễn Trọng Tuyển, Phường 15, Quận Phú Nhuận, Tp Hồ Chí MinhXem bản đồ",
86 m²,4 phòng,5 phòng,Đã có sổ,"Nhà ngõ, hẻm",,,"62,79 triệu/m²",,4,,Nhà trống,,tp-ho-chi-minh,Nhà 4 tầng 5x18m hẻm 5m Đoàn Văn Bơ Quận 4,,"Đường Đoàn Văn Bơ, Phường 16, Quận 4, Tp Hồ Chí MinhXem bản đồ",
77 m²,2 phòng,,Đã có sổ,"Nhà mặt phố, mặt tiền",5 m,150 m²,"93,51 triệu/m²",,,,,16 m,tp-ho-chi-minh,"Bán nhà MT Phạm Văn Đồng Trước nhà 7m 5x16m, gpxd 1tr 4 lầu",,"Phạm Văn Đồng, Phường 13, Quận Bình Thạnh, Tp Hồ Chí MinhXem bản đồ",
14.72 m²,1 phòng,1 phòng,,"Nhà ngõ, hẻm",3.2 m,25 m²,"26,49 triệu/m²",,,,,4.5998 m,tp-ho-chi-minh,Cần bán nhà shc 1 trệt 1 lững giá 390tr,,"03 07, Phường Tân Chánh Hiệp, Quận 12, Tp Hồ Chí MinhXem bản đồ",
50 m²,3 phòng,2 phòng,Đã có sổ,"Nhà mặt phố, mặt tiền",,,98 triệu/m²,Đông,3,,,,tp-ho-chi-minh,Nhỉnh 4 tỷ 💲50m2 . 3tầng 🕹️,,"Đường  Tăng Phú A, Phường Tăng Nhơn Phú A (Quận 9 cũ), Thành phố Thủ Đức, Tp Hồ Chí MinhXem bản đồ",
20 m²,1 phòng,2 phòng,Đã có sổ,"Nhà ngõ, hẻm",4 m,,105 triệu/m²,,2,,,,tp-ho-chi-minh,NHÀ ĐẸP 1PN CÓ SỔ HỒNG RIÊNG KẾ BÊN KDC HIM LAM Q7,,"Hẻm 793 Đường Trần Xuân Soạn, Phường Tân Hưng, Quận 7, Tp Hồ Chí MinhXem bản đồ",
63 m²,2 phòng,2 phòng,,"Nhà ngõ, hẻm",4 m,,"59,52 triệu/m²",,,Hẻm xe hơi,,16 m,tp-ho-chi-minh,"Nhà HXH Đoàn Hồng Phước, P. Hòa Thạnh, Quận Tân Phú. Hoa hồng 1%",,"Đoàn Hồng Phước, Phường Hòa Thạnh, Quận Tân Phú, Tp Hồ Chí MinhXem bản đồ",
50.5998 m²,4 phòng,3 phòng,,"Nhà ngõ, hẻm",,,"90,71 triệu/m²",,,,,,tp-ho-chi-minh,"Nhà mới 4PN, 3WC, 1T2L, KDC Đ. Lò Lu, Trường Thạnh, Quận 9",,"Lò Lu, Phường Trường Thạnh (Quận 9 cũ), Thành phố Thủ Đức, Tp Hồ Chí MinhXem bản đồ",
37 m²,2 phòng,1 phòng,Đã có sổ,"Nhà ngõ, hẻm",4 m,,"63,51 triệu/m²",,2,,,,tp-ho-chi-minh,"số nhà 21/4/26 đường số 14,bhha,4x9m,1L,2.35 tỷ,quảng cáo xin đừng gọi",,"Đường số 14, Phường Bình Hưng Hoà A, Quận Bình Tân, Tp Hồ Chí MinhXem bản đồ",
52 m²,4 phòng,3 phòng,Đã có sổ,"Nhà ngõ, hẻm",,,"111,54 triệu/m²",,3,,Nội thất đầy đủ,,tp-ho-chi-minh,Nhà đẹp 8.6x6m DT 52m Tôn Đản Quận 4,,"Tôn Đản, Phường 15, Quận 4, Tp Hồ Chí MinhXem bản đồ",
63 m²,3 phòng,,,"Nhà ngõ, hẻm",4.8 m,,"66,98 triệu/m²",,,,,12 m,tp-ho-chi-minh,BÁN NHÀ 3T SÁT METRO 2MT P.TTH QUẬN 12 HXH NGANG 4M5(NH 5M1) X 12M,,"Nguyễn Thị Kiểu, tân thới hiệp, quận 12, Phường Tân Thới Hiệp, Quận 12, Tp Hồ Chí MinhXem bản đồ",
270 m²,5 phòng,3 phòng,,"Nhà ngõ, hẻm",11 m,,"19,26 triệu/m²",,1,,,24 m,tp-ho-chi-minh,"Bán nhà cấp 4, đường Tam Châu, Tam Bình, Thủ Đức. 270m2 full thổ.",,"Đường Tam Châu, Phường Tam Bình (Quận Thủ Đức cũ), Thành phố Thủ Đức, Tp Hồ Chí MinhXem bản đồ",
71 m²,3 phòng,2 phòng,Đã có sổ,"Nhà mặt phố, mặt tiền",,,"87,32 triệu/m²",,2,,Nhà trống,,tp-ho-chi-minh,NHÀ ĐẸP HXH ĐỖ NHUẬN - TÂN PHÚ - 71M2 - TIỆN KINH DOANH. CHỈ 6 TỶ XÍU,,"Đường Đỗ Nhuận, Phường Sơn Kỳ, Quận Tân Phú, Tp Hồ Chí MinhXem bản đồ",
70 m²,5 phòng,5 phòng,Đã có sổ,"Nhà ngõ, hẻm",4 m,,"87,86 triệu/m²",,5,,,,tp-ho-chi-minh,Nhà 5 tầng Đường số 6 - Liên Khu 5-6 - đường 8m - có thang máy - 6 Tỷ,,"Đường Số 6, Phường Bình Hưng Hoà B, Quận Bình Tân, Tp Hồ Chí MinhXem bản đồ",
60 m²,1 phòng,1 phòng,Đã có sổ,"Nhà ngõ, hẻm",4 m,,"76,67 triệu/m²",Tây,,,,,tp-ho-chi-minh,Cần bán nhà 85/112 đường bình thành 4 x15 giá,,"Bình Thành, Phường Bình Hưng Hoà B, Quận Bình Tân, Tp Hồ Chí MinhXem bản đồ",
64 m²,4 phòng,4 phòng,Đã có sổ,"Nhà ngõ, hẻm",,,"92,97 triệu/m²",,4,,Nội thất đầy đủ,,tp-ho-chi-minh,NHÀ ĐẸP GIÁ RẺ- HẺM Ô TÔ- 4TẦNG(4X16) NGUYỄN SƠN CHỈ 5.95TỶ,,"Đường Nguyễn Sơn, Phường Phú Thọ Hòa, Quận Tân Phú, Tp Hồ Chí MinhXem bản đồ",
47 m²,3 phòng,2 phòng,,"Nhà ngõ, hẻm",,,"94,68 triệu/m²",,,,,,tp-ho-chi-minh,TRUNG TÂM BÌNH THẠNH - CHÍNH CHỦ CẦN BÁN GẤP - 45M2 CHỈ NHỈNH 4 TỶ,,"Nơ Trang Long, Phường 11, Quận Bình Thạnh, Tp Hồ Chí MinhXem bản đồ",
24 m²,3 phòng,,Đã có sổ,"Nhà ngõ, hẻm",,,"104,17 triệu/m²",,2,,,,tp-ho-chi-minh,"Hẻm Nguyễn Văn Yến Tân Phú, DT: 4x6m Lửng Lầu, giá 2.5 tỷ",,"Phú Thọ Hoà, Phường Phú Thọ Hòa, Quận Tân Phú, Tp Hồ Chí MinhXem bản đồ",
92 m²,5 phòng,5 phòng,Đã có sổ,"Nhà mặt phố, mặt tiền",4 m,,"97,83 triệu/m²",,,,,23 m,tp-ho-chi-minh,Nhà khu tên lửa đối diện công viên 4x23m 3 tấm rưỡi 9tỷ thương lượng,,"Đường số 4, Phường An Lạc A, Quận Bình Tân, Tp Hồ Chí MinhXem bản đồ",
100 m²,4 phòng,,,"Nhà ngõ, hẻm",,,53 triệu/m²,,,Nở hậu,,,tp-ho-chi-minh,"Nhà cấp 4, 100 m2 ,nở hậu,tiện xây mới trọ ,kho..(có thương lượng)",,"Lò Gốm, Phường 8, Quận 6, Tp Hồ Chí MinhXem bản đồ",
62 m²,2 phòng,1 phòng,Đã có sổ,"Nhà ngõ, hẻm",4.6999 m,,"50,81 triệu/m²",,1,,,,tp-ho-chi-minh,"Nhà cấp 4 dt 62m2 đường Dương Đình Hội, PLB, giá 3,1ty",,"Đường Dương Đình Hội, Phường Phước Long B (Quận 9 cũ), Thành phố Thủ Đức, Tp Hồ Chí MinhXem bản đồ",
80 m²,4 phòng,5 phòng,Đã có sổ,"Nhà mặt phố, mặt tiền",,,"87,5 triệu/m²",Đông,3,,,,tp-ho-chi-minh,NHÀ PHỐ HIỆN ĐẠI FULL NỘI THẤT⛔️HỆ THỐNG ĐIỆN THÔNG MINH,,"Đường Huỳnh Tấn Phát, Thị trấn Nhà Bè, Huyện Nhà Bè, Tp Hồ Chí MinhXem bản đồ",
95.7 m²,8 phòng,Nhiều hơn 6 phòng,Đã có sổ,"Nhà ngõ, hẻm",,,"95,09 triệu/m²",Bắc,5,,,,tp-ho-chi-minh,TIN THẬT 5*20 thang máy 5 tầng thu 30tr/ th 10 phòng hẻm xe tải,,"174/33/2, Nguyễn Tư Giản, Phường 12, Quận Gò Vấp, Tp Hồ Chí MinhXem bản đồ",
74 m²,3 phòng,3 phòng,Đang chờ sổ,"Nhà mặt phố, mặt tiền",5 m,,"89,86 triệu/m²",,,,Nhà trống,,tp-ho-chi-minh,Cần bán nhà phố Camelia Garden giá *** dự án 6950 tỷ 1 trệt 1 lầu,,"Bình Hưng, Xã Bình Hưng, Huyện Bình Chánh, Tp Hồ Chí MinhXem bản đồ",
25 m²,2 phòng,1 phòng,Giấy tờ khác,"Nhà ngõ, hẻm",,,"35,6 triệu/m²",Đông Nam,2,,,,tp-ho-chi-minh,🔥🔥 BÁN NHÀ MẶT TIỀN HẺM Ở LIỀN 🔥🔥,,"2640, Đường Huỳnh Tấn Phát, Xã Phú Xuân, Huyện Nhà Bè, Tp Hồ Chí MinhXem bản đồ",
49 m²,5 phòng,,Đã có sổ,"Nhà ngõ, hẻm",,,"171,43 triệu/m²",,,"Hẻm xe hơi,Nở hậu",Nội thất cao cấp,,tp-ho-chi-minh,HẠ GIÁ 1 TỶ BÁN NHANH TRONG TUẦN NHÀ 5 TẦNG KHU VIP HXH THÔNG THOÁNG,,"Đường Phan Đăng Lưu, Phường 3, Quận Phú Nhuận, Tp Hồ Chí MinhXem bản đồ",
110 m²,5 phòng,6 phòng,Đã có sổ,"Nhà ngõ, hẻm",,,"114,55 triệu/m²",,4,,Nội thất đầy đủ,,tp-ho-chi-minh,"Đường nhựa 10m LÊ ĐỨC THỌ P7 5,5m x 20m (3 Lầu BTCT)",,"Đường Lê Đức Thọ, Phường 7, Quận Gò Vấp, Tp Hồ Chí MinhXem bản đồ",
37 m²,3 phòng,,,"Nhà ngõ, hẻm",,,"116,22 triệu/m²",,,,,,tp-ho-chi-minh,"Nhà HXH, 37M2, 4 tầng, 3pn, Phan Huy ích Gò Vấp gí chỉ nhỉnh 4 tỷ",,"Phan huy ích, Phường 14, Quận Gò Vấp, Tp Hồ Chí MinhXem bản đồ",
80.1998 m²,5 phòng,6 phòng,Đã có sổ,"Nhà ngõ, hẻm",,,"93,52 triệu/m²",Đông Nam,3,,,,tp-ho-chi-minh,Nhà 1 trệt 3 lầu 4x20 hướng Đông Nam hẻm xe tải Tây Hòa,,"Đường Tây Hòa, Phường Phước Long A (Quận 9 cũ), Thành phố Thủ Đức, Tp Hồ Chí MinhXem bản đồ",
80 m²,3 phòng,2 phòng,Đã có sổ,"Nhà mặt phố, mặt tiền",,,"11,88 triệu/m²",,2,,Nội thất cao cấp,,tp-ho-chi-minh,Nợ tiền nhiều quá nên em cần bán nhà trả nợ cuối năm giá 950tr,,"Đường An Phú Tây - Hưng Long, Xã Hưng Long, Huyện Bình Chánh, Tp Hồ Chí MinhXem bản đồ",
23.5 m²,3 phòng,4 phòng,Đã có sổ,"Nhà ngõ, hẻm",,,"276,6 triệu/m²",,3,,Nội thất đầy đủ,,tp-ho-chi-minh,"KHU ẨM THỰC NỔI TIẾNG NGƯỜI HOA ,QUẬN 5.",,"HUỲNH MẨN ĐAT, Phường 2, Quận 5, Tp Hồ Chí MinhXem bản đồ",
80 m²,4 phòng,,Đã có sổ,"Nhà mặt phố, mặt tiền",4 m,,15 triệu/m²,,,,Nội thất cao cấp,20 m,tp-ho-chi-minh,BÁN NHÀ RIÊNG ĐƯỜNG ĐINH ĐỨC THIỆN ND BAO SANG TÊN,,"Đường Trịnh Như Khuê, Xã Bình Chánh, Huyện Bình Chánh, Tp Hồ Chí MinhXem bản đồ",
69 m²,4 phòng,,Đã có sổ,"Nhà ngõ, hẻm",,,"150,72 triệu/m²",,5,Hẻm xe hơi,Nội thất cao cấp,,tp-ho-chi-minh,Hiếm Đẹp! Gấp Bán Nhà HXH Bàu Cát 1- 69m2- chỉ 10.4 tỷ- Xe Hơi Vào Nhà,,"Bàu Cát 1, Phường 14, Quận Tân Bình, Tp Hồ Chí MinhXem bản đồ",
57 m²,2 phòng,,,"Nhà ngõ, hẻm",,,"72,81 triệu/m²",,,,,,tp-ho-chi-minh,"NHÀ 4x14 Đường Số 3, Bình Hưng Hoà, Bình Tân. 2Tầng, Hẻm 6m, 4,15 Tỷ",,"Đường số 3, Phường Bình Hưng Hòa, Quận Bình Tân, Tp Hồ Chí MinhXem bản đồ",
52 m²,2 phòng,2 phòng,Giấy tờ khác,"Nhà ngõ, hẻm",4 m,,"33,62 triệu/m²",,,,,13 m,tp-ho-chi-minh,Bán nhà 2/ Liên khu 45 giáp BHH-B Bình Tân 4x13 1 lầu 2PN shcc KDC,,"Liên Khu 45, Xã Vĩnh Lộc B, Huyện Bình Chánh, Tp Hồ Chí MinhXem bản đồ",
144 m²,6 phòng,6 phòng,Đã có sổ,Nhà biệt thự,,,"180,56 triệu/m²",Tây,4,,,,tp-ho-chi-minh,"✅BIỆT THỰ: (TÂN SƠN NHÌ) (8x18m), 2 lầu ST, giảm gần 10 tỷ",,"Diệp Minh Châu, Phường Tân Sơn Nhì, Quận Tân Phú, Tp Hồ Chí MinhXem bản đồ",
40 m²,2 phòng,2 phòng,Đã có sổ,"Nhà ngõ, hẻm",4 m,,"7,38 triệu/m²",,,,,8 m,tp-ho-chi-minh,Bạn có thể bỏ túi ngay 300tr khi mua liền căn nhà này.,,"Nguyễn Văn Bứa, Xã Xuân Thới Sơn, Huyện Hóc Môn, Tp Hồ Chí MinhXem bản đồ",
22 m²,2 phòng,2 phòng,Đã có sổ,"Nhà ngõ, hẻm",,,"106,82 triệu/m²",,2,,,,tp-ho-chi-minh,"CHỦ GẤP BÁN NHÀ ĐƯỜNG SỐ 59, P14, GÒ VẤP. giá chỉ Nhỉnh 2 Tỷ.",,"Đường Số 59, Phường 14, Quận Gò Vấp, Tp Hồ Chí MinhXem bản đồ",
132 m²,4 phòng,4 phòng,Đã có sổ,"Nhà mặt phố, mặt tiền",,,"40,91 triệu/m²",Đông Nam,,,Nhà trống,,tp-ho-chi-minh,"Nhà c4 + 3 phòng trọ mt đường Cầu Xây 2, 132m2 ngang 4, Tân Phú, Q9.",,"Cầu Xây 2, Phường Tân Phú (Quận 9 cũ), Thành phố Thủ Đức, Tp Hồ Chí MinhXem bản đồ",
165 m²,nhiều hơn 10 phòng,,Đã có sổ,"Nhà ngõ, hẻm",11 m,,"157,58 triệu/m²",,,,,18 m,tp-ho-chi-minh,bán chvd âu dương lân11x16 5 lầu thang máy 1ty5/ năm giá 26 tỷ,,"Đường Âu Dương Lân, Phường 3, Quận 8, Tp Hồ Chí MinhXem bản đồ",
109.2 m²,2 phòng,2 phòng,Đã có sổ,"Nhà mặt phố, mặt tiền",,,"137,36 triệu/m²",Nam,4,,,,tp-ho-chi-minh,"Nhà Mặt Tiền 4 Tầng, đường Bà Hạt, quận 10",,"Đường Bà Hạt, Phường 8, Quận 10, Tp Hồ Chí MinhXem bản đồ",
20 m²,1 phòng,1 phòng,,"Nhà ngõ, hẻm",4 m,,"87,5 triệu/m²",Đông Bắc,2,,,,tp-ho-chi-minh,"Bán nhà nhỏ trệt lầu SHR 20m2 ( 4 x 5.5m ) Điện Biên Phủ, P.17, Q. BT",,"Điện Biên Phủ, Phường 17, Quận Bình Thạnh, Tp Hồ Chí MinhXem bản đồ",
10 m²,2 phòng,2 phòng,Đã có sổ,"Nhà mặt phố, mặt tiền",4 m,,"22,5 triệu/m²",,,,Nội thất đầy đủ,,tp-ho-chi-minh,"Bán Nhà Hóc Môn 40m2( 4x10 ) ,giá 225triệu, gần Chợ Nhị Xuân Hóc Môn",,"Dương Công Khi, Xã Xuân Thới Thượng, Huyện Hóc Môn, Tp Hồ Chí MinhXem bản đồ",
90 m²,5 phòng,,Đã có sổ,Nhà phố liền kề,4.5 m,,"133,33 triệu/m²",,4,,Nội thất cao cấp,,tp-ho-chi-minh,"Mặt tiền khu Bình Phú 1, Quận 6- 4 tầng, 4.5x20m",,"Bình Phú 1, Phường 11, Quận 6, Tp Hồ Chí MinhXem bản đồ",
50 m²,3 phòng,2 phòng,Đã có sổ,"Nhà ngõ, hẻm",,,74 triệu/m²,,2,,Nhà trống,,tp-ho-chi-minh,"Bán nhà ở, 4,3 x 11m, 1 trệt 1 lầu, hẻm 5m, đường trương phước phan",,"Đường Trương Phước Phan, Phường Bình Trị Đông, Quận Bình Tân, Tp Hồ Chí MinhXem bản đồ",
79 m²,4 phòng,3 phòng,Đã có sổ,"Nhà mặt phố, mặt tiền",4 m,,"134,18 triệu/m²",,,,,20 m,tp-ho-chi-minh,🏡Bán ngà mặt tiền nội bộ đg Cao Lỗ p4q8,,"Cao Lỗ, Phường 4, Quận 8, Tp Hồ Chí MinhXem bản đồ",
65 m²,3 phòng,2 phòng,Đã có sổ,Nhà phố liền kề,5 m,,"19,62 triệu/m²",,1,,,,tp-ho-chi-minh,NHÀ MỚI HOÀN THIÊN NGAY Đ.TÂN HOÀ ĐÔNG.BÌNH TÂN 65M2/ 1Tỷ275triệu,,"Tân Hoà Đông, Phường Bình Trị Đông, Quận Bình Tân, Tp Hồ Chí MinhXem bản đồ",
26 m²,2 phòng,2 phòng,Đã có sổ,"Nhà ngõ, hẻm",,,"73,08 triệu/m²",Đông,2,,,,tp-ho-chi-minh,"Bán nhà tân thới nhất 1,9 tỷ sổ hồng riêng",,"Trường Chinh, Phường Tân Thới Nhất, Quận 12, Tp Hồ Chí MinhXem bản đồ",
