Diện tích đất:,Số phòng ngủ:,Số phòng vệ sinh:,Giấy tờ pháp lý:,Loại hình nhà ở:,Chiều ngang:,Diện tích sử dụng:,Giá/m2:,Hướng cửa chính:,Tổng số tầng:,Đặc điểm nhà/đất:,Tình trạng nội thất:,Chiều dài:,Location,Name,URL,District,Price
50 m²,2 phòng,,Đã có sổ,"Nhà ngõ, hẻm",,,72 triệu/m²,,,,,,tp-ho-chi-minh,"Hạ 400 triệu Bán Nhà 1 trệt 1 lầu Lã Xuân Oai còn 3,6 tỷ",,"Đường Lã Xuân Oai, Phường Long Trường (Quận 9 cũ), Thành phố Thủ Đức, Tp Hồ Chí MinhXem bản đồ",
50 m²,2 phòng,2 phòng,Đang chờ sổ,"Nhà ngõ, hẻm",,,106 triệu/m²,,2,,Nhà trống,,tp-ho-chi-minh,"Nhà bán 4x12,5 1 trệt 1 lầu, mặt tiền hẻm nhựa xe tải, giá chỉ 5.3 tỷ.",,"Hương Lộ 3, Phường Bình Hưng Hòa, Quận Bình Tân, Tp Hồ Chí MinhXem bản đồ",
81 m²,2 phòng,2 phòng,,"Nhà ngõ, hẻm",,,"66,67 triệu/m²",,2,"Hẻm xe hơi,Nở hậu",,,tp-ho-chi-minh,"Bán nhà nát HXT 10m, 81m2, 66tr/m2, Lò Gốm, Quận 6, chỉ 5,4 Tỷ",,"Lò Gốm, Phường 8, Quận 6, Tp Hồ Chí MinhXem bản đồ",
61 m²,5 phòng,6 phòng,Đã có sổ,"Nhà mặt phố, mặt tiền",4 m,,"159,02 triệu/m²",,,,Nhà trống,,tp-ho-chi-minh,✅NHÀ MỚI - ĐƯỜNG 12m Phường Tân Thành 4x15m 3Lầu ST ) Có Giá Tốt,,"Phan Đình Phùng, Phường Tân Thành, Quận Tân Phú, Tp Hồ Chí MinhXem bản đồ",
80 m²,4 phòng,5 phòng,Đã có sổ,Nhà phố liền kề,,,"72,5 triệu/m²",Tây Bắc,3,,,,tp-ho-chi-minh,NHÀ CHÍNH CHỦ CẦN BÁN,,"Đường Phan Huy Ích, Phường 12, Quận Gò Vấp, Tp Hồ Chí MinhXem bản đồ",
59.2999 m²,2 phòng,,,"Nhà ngõ, hẻm",4.5 m,60 m²,"58,18 triệu/m²",Tây Bắc,1,,,,tp-ho-chi-minh,BÁN NHÀ 2 TẦNG - HẺM NHỰA 5M -NỞ HẬU 60M2 - GIÁ NHỈNH 3 TỶ,,"SỐ 11, Phường Linh Xuân (Quận Thủ Đức cũ), Thành phố Thủ Đức, Tp Hồ Chí MinhXem bản đồ",
76 m²,4 phòng,2 phòng,Đã có sổ,"Nhà mặt phố, mặt tiền",,,"155,26 triệu/m²",,2,,Nội thất cao cấp,,tp-ho-chi-minh,Cần bán nhà mặt tiền đường Quang Trung,,"Đường Quang Trung, Phường 11, Quận Gò Vấp, Tp Hồ Chí MinhXem bản đồ",
50 m²,2 phòng,2 phòng,Đã có sổ,"Nhà ngõ, hẻm",5 m,,46 triệu/m²,,1,,,,tp-ho-chi-minh,"Bán gấp nhà nhanh gấp trong 1 tuần ở Đường số 23, P11, Q6",,"Đường Số 23, Phường 11, Quận 6, Tp Hồ Chí MinhXem bản đồ",
85 m²,6 phòng,,,"Nhà ngõ, hẻm",,,"111,76 triệu/m²",,4,Hẻm xe hơi,,,tp-ho-chi-minh,Nhà mặt tiền hẻm 20m có vỉa hè - tặng full nội thất cao cấp - 85m2 - 4,,"Đường Đỗ Nhuận, Phường Sơn Kỳ, Quận Tân Phú, Tp Hồ Chí MinhXem bản đồ",
76 m²,4 phòng,2 phòng,Đã có sổ,"Nhà ngõ, hẻm",,,"184,21 triệu/m²",,1,,Nội thất đầy đủ,,tp-ho-chi-minh,"14 TỶ DT: 6,5X15M-ĐƯỜNG HAI BÀ TRƯNG-QUẬN 1",,"Đường Hai Bà Trưng, Phường Tân Định, Quận 1, Tp Hồ Chí MinhXem bản đồ",
80 m²,3 phòng,2 phòng,Đã có sổ,"Nhà ngõ, hẻm",,,"63,75 triệu/m²",Đông Bắc,2,,,,tp-ho-chi-minh,"Bán nhà hẻm 5m, đương Phạm Đăng Giảng, BHH BT 80m2 đất chỉ 5 tỷ",,"Đường Phan Đăng Giản, Phường Bình Hưng Hòa, Quận Bình Tân, Tp Hồ Chí MinhXem bản đồ",
10 m²,2 phòng,2 phòng,Đã có sổ,"Nhà ngõ, hẻm",,,110 triệu/m²,,3,,Nội thất đầy đủ,,tp-ho-chi-minh,"NHÀ ĐƯỜNG CỘNG HÒA - TÂN BÌNH , 1 TRỆT 2 LẦU, NHÀ MỚI ĐẸP, HƠN 1 TỎI.",,"Cộng Hoà, Phường 15, Quận Tân Bình, Tp Hồ Chí MinhXem bản đồ",
86 m²,8 phòng,3 phòng,Đã có sổ,"Nhà ngõ, hẻm",5 m,,"53,49 triệu/m²",,,,Nhà trống,,tp-ho-chi-minh,GÓC 2MT_HXH CHỢ BÀ HÔM _GIÁ ĐẦU TƯ_ NGANG 5,,"Lộ Tẻ, Phường Tân Tạo A, Quận Bình Tân, Tp Hồ Chí MinhXem bản đồ",
102 m²,nhiều hơn 10 phòng,Nhiều hơn 6 phòng,Đã có sổ,"Nhà ngõ, hẻm",,,"61,76 triệu/m²",,4,,Nội thất đầy đủ,,tp-ho-chi-minh,⛔️✅️CHDV 20 Phòng TÔ KÝ- 35tr/thg- GẤP BÁN,,"Hẻm 1358/7 Quang Trung, Phường Đông Hưng Thuận, Quận 12, Tp Hồ Chí MinhXem bản đồ",
58 m²,5 phòng,6 phòng,Đã có sổ,"Nhà ngõ, hẻm",,,"157,76 triệu/m²",Đông Nam,5,,,,tp-ho-chi-minh,NHÀ MỚI 4 LẦU FULL NỘI THẤT MẶT TIỀN GẦN ĐINH THỊ THI VẠN PHÚC,,"Quốc Lộ 13, Phường Hiệp Bình Phước (Quận Thủ Đức cũ), Thành phố Thủ Đức, Tp Hồ Chí MinhXem bản đồ",
28 m²,3 phòng,2 phòng,Đã có sổ,"Nhà ngõ, hẻm",,,40 triệu/m²,,,,Nội thất đầy đủ,,tp-ho-chi-minh,"Kẹt nợ ngân hàng bán gấp nhà Đ. Bông Sao, P. 5, Q. 8, 58m2, 1TY120TR",,"Bông Sao, Phường 5, Quận 8, Tp Hồ Chí MinhXem bản đồ",
21 m²,3 phòng,2 phòng,Đã có sổ,"Nhà ngõ, hẻm",7 m,,"214,29 triệu/m²",,4,,,,tp-ho-chi-minh,"Nhà 4 Tầng BTCT, Bà Hạt, Phường 9, Q10, 7x3, Gía 4.5 Tỷ",,"Đường Bà Hạt, Phường 9, Quận 10, Tp Hồ Chí MinhXem bản đồ",
70 m²,6 phòng,5 phòng,Đã có sổ,"Nhà mặt phố, mặt tiền",,,"78,57 triệu/m²",,3,,Nội thất đầy đủ,,tp-ho-chi-minh,MẶT TIỀN Ngang 5m 2Lầu,,"Đường Số 10, Phường Bình Hưng Hoà A, Quận Bình Tân, Tp Hồ Chí MinhXem bản đồ",
90 m²,5 phòng,,Đã có sổ,"Nhà mặt phố, mặt tiền",,,"194,44 triệu/m²",,,,,,tp-ho-chi-minh,BÁN NHÀ MỚI ĐẸP KDC SADECO VEN SÔNG Q7 - TẶNG FULL NỘI THẤT CAO CẤP,,"Đường Nguyễn Văn Linh, Phường Tân Phong, Quận 7, Tp Hồ Chí MinhXem bản đồ",
56 m²,2 phòng,2 phòng,Đã có sổ,"Nhà ngõ, hẻm",5 m,,50 triệu/m²,,1,,,,tp-ho-chi-minh,"Bán Nhà Sổ Hồng Riêng Quận 7 – Liền Kề Phú Mỹ Hưng - 56m2 - 2,8 tỷ",,"Đường Chuyên Dùng Chính, Phường Phú Mỹ, Quận 7, Tp Hồ Chí MinhXem bản đồ",
75 m²,3 phòng,2 phòng,Đã có sổ,"Nhà ngõ, hẻm",5 m,,"58,67 triệu/m²",,3,,,,tp-ho-chi-minh,"Bán nhà 2 tầng, ngang 5m, 75m2, đường Lê Văn Quới, Bình Tân",,"Lê Văn Quới, Phường Bình Trị Đông, Quận Bình Tân, Tp Hồ Chí MinhXem bản đồ",
40 m²,2 phòng,,,"Nhà ngõ, hẻm",,,"77,5 triệu/m²",,,,,,tp-ho-chi-minh,"Kẹt tiền bán gấp nhà 2 tầng, 2PN, 3WC, 40m2, 3tỷ1 tại Âu Cơ, Quận 11",,"Âu Cơ, Phường 14, Quận 11, Tp Hồ Chí MinhXem bản đồ",
36 m²,2 phòng,1 phòng,Giấy tờ khác,,,,"36,67 triệu/m²",Đông,1,,,,tp-ho-chi-minh,bán nhà cấp 4,,"Ba Tơ, Phường 7, Quận 8, Tp Hồ Chí MinhXem bản đồ",
36.7999 m²,2 phòng,1 phòng,Đã có sổ,"Nhà ngõ, hẻm",,,"114,13 triệu/m²",Đông,2,,,,tp-ho-chi-minh,"🔴Nhà 2 tầng hẻm Âu Dương Lân P3Q8. Giá 4,2 tỷ TL",,"Âu Dương Lân, Phường 3, Quận 8, Tp Hồ Chí MinhXem bản đồ",
46.2 m²,3 phòng,4 phòng,Đã có sổ,"Nhà ngõ, hẻm",,,"138,1 triệu/m²",Đông Nam,4,,,,tp-ho-chi-minh,"BÁN NHÀ CHÍNH CHỦ HẺM 499/6/64 QUANG TRUNG, PHƯỜNG 10, QUẬN GÒ VẤP",,"499/6/64, Quang Trung, Phường 10, Quận Gò Vấp, Tp Hồ Chí MinhXem bản đồ",
121.8 m²,4 phòng,4 phòng,Đã có sổ,"Nhà ngõ, hẻm",,,"93,6 triệu/m²",Tây Bắc,1,,,,tp-ho-chi-minh,"BÁN NHÀ HẺM 84/57 BÙI QUANG LÀ, PHƯỜNG 12, QUẬN GÒ VẤP",,"84/57, Bùi Quang Là, Phường 12, Quận Gò Vấp, Tp Hồ Chí MinhXem bản đồ",
60 m²,2 phòng,1 phòng,,"Nhà ngõ, hẻm",4 m,,"10,25 triệu/m²",,,Hẻm xe hơi,,15 m,tp-ho-chi-minh,"Nhà cấp4, dt. 60m2, 2pn đường chùa, bình chánh, tphcm",,"Đường Chùa, Xã An Phú Tây, Huyện Bình Chánh, Tp Hồ Chí MinhXem bản đồ",
80 m²,3 phòng,3 phòng,,"Nhà ngõ, hẻm",5 m,,"18,13 triệu/m²",,,,,16 m,tp-ho-chi-minh,"Nhà 1 trệt, 1 lầu, dt 80m2, 3pn, 3wc, đường huỳnh văn khiêm",,"Huỳnh Văn Khiêm, Xã Bình Chánh, Huyện Bình Chánh, Tp Hồ Chí MinhXem bản đồ",
84 m²,4 phòng,5 phòng,Đã có sổ,"Nhà mặt phố, mặt tiền",,,"94,64 triệu/m²",,4,,Nội thất cao cấp,,tp-ho-chi-minh,"💎💎💎 Bán Nhà 3 Lầu,,, Sân Thượng - Đường 20m - Gần Sát Chợ Phú Xuân",,"Đường Huỳnh Tấn Phát, Thị trấn Nhà Bè, Huyện Nhà Bè, Tp Hồ Chí MinhXem bản đồ",
20 m²,2 phòng,2 phòng,Giấy tờ khác,,,,54 triệu/m²,Nam,2,,,,tp-ho-chi-minh,Nhà ban q12 1ti xx,,"Lên Văn Khương , Phường Hiệp Thành, Quận 12, Tp Hồ Chí MinhXem bản đồ",
33 m²,3 phòng,3 phòng,Đã có sổ,"Nhà ngõ, hẻm",,,"78,79 triệu/m²",,4,,Nội thất đầy đủ,,tp-ho-chi-minh,BÁN NHÀ 4 TẦNG BÌNH TÂN - TÂN KỲ TÂN QUÝ - HẺM XE TA XI - GIá 2TỶ6.,,"Tần Kỳ Tân Quý, Phường Bình Hưng Hoà A, Quận Bình Tân, Tp Hồ Chí MinhXem bản đồ",
48 m²,5 phòng,5 phòng,Đã có sổ,"Nhà mặt phố, mặt tiền",,,"139,58 triệu/m²",Tây,4,,,,tp-ho-chi-minh,Bán nhà Bình Tân,,"Bờ Bao Tân Thắng, Phường Bình Hưng Hòa, Quận Bình Tân, Tp Hồ Chí MinhXem bản đồ",
520 m²,4 phòng,4 phòng,,"Nhà ngõ, hẻm",9 m,520 m²,"55,58 triệu/m²",,,,,55 m,tp-ho-chi-minh,Bán nhà 520m2 chỉ 55tr/m2 sát Nguyễn Oanh Gò Vấp,,"Nguyễn Oanh, Phường 17, Quận Gò Vấp, Tp Hồ Chí MinhXem bản đồ",
80 m²,2 phòng,,,"Nhà ngõ, hẻm",,,"56,25 triệu/m²",,,,,,tp-ho-chi-minh,DT 80M2-HXH THÔNG RA THỐNG NHẤT -NGUYỄN VĂN LƯỢNG P16 GV-CHỈ 4TỶ5 TL,,"Thống Nhất, Phường 16, Quận Gò Vấp, Tp Hồ Chí MinhXem bản đồ",
42 m²,4 phòng,3 phòng,Đã có sổ,"Nhà ngõ, hẻm",,,"92,83 triệu/m²",,4,,Nội thất đầy đủ,,tp-ho-chi-minh,HXT THÔNG - NGAY AEON TÂN PHÚ - 42M2 - 4 TẦNG - 4PN,,"Tân Kỳ Tân Quý, Phường Bình Hưng Hòa, Quận Bình Tân, Tp Hồ Chí MinhXem bản đồ",
33 m²,2 phòng,2 phòng,Đã có sổ,"Nhà ngõ, hẻm",,,"78,48 triệu/m²",,2,,Nội thất đầy đủ,,tp-ho-chi-minh,NHÀ 2 TẦNG - 33M2 - 2PN - HẺM 4M GẦN Q6,,"Tỉnh lộ 10, Phường Bình Trị Đông B, Quận Bình Tân, Tp Hồ Chí MinhXem bản đồ",
56 m²,3 phòng,,Đã có sổ,"Nhà mặt phố, mặt tiền",4.1999 m,,"205,36 triệu/m²",Tây Bắc,4,,,,tp-ho-chi-minh,"🔴Nhà 4 tầng MT Bến Bình Đông, P11Q8 4.2x13.6m giá 11.5 tỷ TL",,"Bến Bình Đông, Phường 11, Quận 8, Tp Hồ Chí MinhXem bản đồ",
24 m²,4 phòng,3 phòng,Đã có sổ,"Nhà ngõ, hẻm",,,"52,08 triệu/m²",Đông Bắc,2,,,,tp-ho-chi-minh,"Cần tiền bán nhà 65m2 đường An Dương Vương, Quận 5, sổ hồng riêng",,"An Dương Vương, Phường 4, Quận 5, Tp Hồ Chí MinhXem bản đồ",
33.3 m²,2 phòng,2 phòng,Đã có sổ,"Nhà ngõ, hẻm",4.8 m,,"97,6 triệu/m²",,1,,,,tp-ho-chi-minh,"NHÀ HẺM BA GÁC, SẴN 2 PHÒNG TRỌ, CÔNG NHẬN 33,3M2 CHỈ 3,25 TỶ",,"Đường Lê Đức Thọ, Phường 17, Quận Gò Vấp, Tp Hồ Chí MinhXem bản đồ",
100 m²,4 phòng,4 phòng,Đã có sổ,"Nhà mặt phố, mặt tiền",,,180 triệu/m²,,3,,Nội thất đầy đủ,,tp-ho-chi-minh,BIỆT THỰ PHỐ KDC CITYLAND- GÒ VẤP- 3 TẦNG/ 100M2- GIÁ NHỈNH 1.X TỶ.,,"Đường Số 5, Phường 7, Quận Gò Vấp, Tp Hồ Chí MinhXem bản đồ",
125 m²,6 phòng,5 phòng,Đã có sổ,"Nhà ngõ, hẻm",,,176 triệu/m²,Đông Nam,4,,,,tp-ho-chi-minh,BÁN NHÀ 6M X 20M XE HƠI CHẠY THOẢI MÁI ĐƯỜNG TÔ HIẾN THÀNH QUẬN 10,,"Tô hiến Thành, Phường 13, Quận 10, Tp Hồ Chí MinhXem bản đồ",
95 m²,8 phòng,Nhiều hơn 6 phòng,Đã có sổ,"Nhà mặt phố, mặt tiền",,,"92,63 triệu/m²",,,,,,tp-ho-chi-minh,"Mặt tiền giáp Gò Dầu, Tân Phú, 7 tầng, 95m2, ngang 5.5m, chỉ 8.8 tỷ.",,"Đường Tây Sơn, Phường Tân Quý, Quận Tân Phú, Tp Hồ Chí MinhXem bản đồ",
30 m²,4 phòng,3 phòng,Đã có sổ,"Nhà ngõ, hẻm",,,"166,67 triệu/m²",,3,,Nội thất cao cấp,,tp-ho-chi-minh,BÁN NHÀ HẺM XE HƠI ĐƯỜNG NGUYỄN TIỂU LA P8 QUẬN 10,,"Đường Nguyễn Tiểu La, Phường 8, Quận 10, Tp Hồ Chí MinhXem bản đồ",
80 m²,4 phòng,4 phòng,Đã có sổ,"Nhà mặt phố, mặt tiền",,,150 triệu/m²,,3,,Nội thất đầy đủ,,tp-ho-chi-minh,"MUA Ở VÀ KD- ĐỐI DIỆN ETOWN 2,CỘNG HÒA- 80M2/ 4 TẦNG- GIÁ NHỈNH 12 TY.",,"Cộng Hòa, Phường 13, Quận Tân Bình, Tp Hồ Chí MinhXem bản đồ",
60 m²,5 phòng,6 phòng,Đã có sổ,"Nhà ngõ, hẻm",,,"102,5 triệu/m²",Đông,,,Nội thất cao cấp,,tp-ho-chi-minh,"Nhà phố 4,5m x 14m. Đúc 3 lầu kiên cố Hẻm nhựa 14m vỉa hè Lê Thị Riêng",,"Lê Thị Riêng, Phường Thới An, Quận 12, Tp Hồ Chí MinhXem bản đồ",
1000 m²,5 phòng,,Đã có sổ,Nhà biệt thự,,,"32,99 triệu/m²",,,"Hẻm xe hơi,Nở hậu",Nội thất cao cấp,,tp-ho-chi-minh,Bán Biệt thự 1000m2 có hồ bơi lớn sân vườn rộng Đường Lê Thị Riêng,,"Lê Thị Riêng, Phường Thới An, Quận 12, Tp Hồ Chí MinhXem bản đồ",
48 m²,3 phòng,4 phòng,Đã có sổ,"Nhà ngõ, hẻm",4 m,,"66,67 triệu/m²",,,,Nội thất cao cấp,,tp-ho-chi-minh,"Vợ chồng tôi cần bán gấp nhà Phạm Văn Chiêu,Gò Vấp. Giá 3 tỷ 200 triệu",,"Phạm Văn Chiêu, Phường 9, Quận Gò Vấp, Tp Hồ Chí MinhXem bản đồ",
76 m²,4 phòng,6 phòng,Đang chờ sổ,"Nhà ngõ, hẻm",,,"78,95 triệu/m²",Tây,5,,,,tp-ho-chi-minh,"LÊ VĂN QUỚI, BÌNH TÂN, ĐƯỜNG NHỰA 8M, 4X19, 5 TÂNG",,"Đường Lê Văn Quới, Phường Bình Hưng Hoà A, Quận Bình Tân, Tp Hồ Chí MinhXem bản đồ",
75 m²,5 phòng,3 phòng,Đã có sổ,"Nhà ngõ, hẻm",,,"87,33 triệu/m²",,2,,Nội thất đầy đủ,,tp-ho-chi-minh,"NHÀ 4,2M X 19M, 5PN, GẨN CHỢ GÒ VẤP HẺM XE HƠI 1/ . GIÁ NHỈNH 6 TỶ",,"Nguyễn Văn Nghi, Phường 7, Quận Gò Vấp, Tp Hồ Chí MinhXem bản đồ",
40 m²,4 phòng,,Đã có sổ,"Nhà ngõ, hẻm",,,"167,5 triệu/m²",,4,Hẻm xe hơi,Nhà trống,,tp-ho-chi-minh,❌ HẺM XE HƠI - Q10 - NGAY SƯ VẠN HẠNH 4 TẦNG 40m2 CHỈ HƠN 6 TỶ 25TR/TH,,"Đường Sư Vạn Hạnh, Phường 12, Quận 10, Tp Hồ Chí MinhXem bản đồ",
51.3 m²,2 phòng,2 phòng,Đã có sổ,"Nhà mặt phố, mặt tiền",,,"107,21 triệu/m²",Đông Nam,2,,,,tp-ho-chi-minh,Bán nhà Mặt Tiền Dương Tự Quán P.An Lạc A Bình Tân ( khu tên Lửa),,"Xxx, Phường An Lạc A, Quận Bình Tân, Tp Hồ Chí MinhXem bản đồ",
97.2 m²,5 phòng,5 phòng,Đã có sổ,"Nhà ngõ, hẻm",6.83 m,,"100,82 triệu/m²",,4,,,,tp-ho-chi-minh,"BÁN HXH 6M, THANG MÁY KÍNH,FULL NỘI THẤT CC, 97.2 M2, 4 TẦNG, 9.8 TỶ",,"Tân Chánh Hiệp, Phường Tân Chánh Hiệp, Quận 12, Tp Hồ Chí MinhXem bản đồ",
43 m²,2 phòng,,,"Nhà ngõ, hẻm",,162 m²,"158,14 triệu/m²",,3,,,,tp-ho-chi-minh,2 LẦU 1 SÂN THƯỢNG HẺM XE HƠI HỒNG BÀNG DT 162M2,,"Hồng Bàng, Phường 12, Quận 6, Tp Hồ Chí MinhXem bản đồ",
56 m²,2 phòng,2 phòng,Đã có sổ,"Nhà ngõ, hẻm",,,"79,46 triệu/m²",Bắc,2,,,,tp-ho-chi-minh,"Bán nhà Hẻm 1225 Phạm Thế Hiển, P5, Q8. Nhà 1trệt, 1lầu, ST, 3,8mx15m",,"H1225, Phạm Thế Hiển, Phường 5, Quận 8, Tp Hồ Chí MinhXem bản đồ",
25 m²,3 phòng,3 phòng,,"Nhà mặt phố, mặt tiền",3.2 m,,"55,6 triệu/m²",Đông Nam,2,,,,tp-ho-chi-minh,nha Bán 2 Lầu 3 phòng ngủ 3 TOLE Gần Bến xe Giá 1Ty390,,"TA 11, Phường Thới An, Quận 12, Tp Hồ Chí MinhXem bản đồ",
80 m²,4 phòng,4 phòng,Đã có sổ,"Nhà mặt phố, mặt tiền",,,"106,25 triệu/m²",,4,,Nội thất cao cấp,,tp-ho-chi-minh,"MTKD KDC Vĩnh Lộc, bình Tân, kinh doanh ngày đêm, doanh thuê 50tr/th,",,"Đường Số 3, Kdc Vĩnh Lộc, Phường Bình Hưng Hoà B, Quận Bình Tân, Tp Hồ Chí MinhXem bản đồ",
29 m²,1 phòng,2 phòng,Đã có sổ,"Nhà ngõ, hẻm",,,"158,62 triệu/m²",,2,,Nhà trống,,tp-ho-chi-minh,Hót..!Nhà HXH 6M Sát Mặt Tiền Nguyễn Tri Phương.!,,"Nguyễn Tri Phương, Phường 9, Quận 10, Tp Hồ Chí MinhXem bản đồ",
68 m²,2 phòng,,,"Nhà ngõ, hẻm",,,"54,41 triệu/m²",,,,,,tp-ho-chi-minh,NHÀ DIỆN TÍCH LỚN GIA RẺ-Ở NGAY-68M2-NGUYỄN VĂN KHỐI P8 GV-CHỈ 3TỶ7,,"Đường Nguyễn Văn Khối, Phường 8, Quận Gò Vấp, Tp Hồ Chí MinhXem bản đồ",
160 m²,nhiều hơn 10 phòng,,Đã có sổ,"Nhà mặt phố, mặt tiền",,,"184,38 triệu/m²",,,,,,tp-ho-chi-minh,Bán Căn Hộ Dịch vụ đang khai thác hơn 100 triệu 1 tháng,,"Đường Huỳnh Tấn Phát, Phường Bình Thuận, Quận 7, Tp Hồ Chí MinhXem bản đồ",
300 m²,nhiều hơn 10 phòng,,,"Nhà mặt phố, mặt tiền",14 m,,"399,97 triệu/m²",,,,,22 m,tp-ho-chi-minh,Bán toà nhà căn hộ dịch vụ trung tâm Quận 7,,"Nguyễn Văn Linh, Phường Tân Thuận Tây, Quận 7, Tp Hồ Chí MinhXem bản đồ",
90 m²,7 phòng,6 phòng,Đã có sổ,"Nhà ngõ, hẻm",,,"98,89 triệu/m²",,3,,Nội thất cao cấp,,tp-ho-chi-minh,HOÀ BÌNH - GẦN ĐẦM SEN - HXH 3 TẦNG 7PN - 90m2 - CHỈ 8.9 TỶ TL,,"Đường Hòa Bình, Phường Hiệp Tân, Quận Tân Phú, Tp Hồ Chí MinhXem bản đồ",
36 m²,2 phòng,2 phòng,Đã có sổ,"Nhà ngõ, hẻm",,,"76,39 triệu/m²",,2,,Bàn giao thô,,tp-ho-chi-minh,NHÀ GIÁ RẺ B TÂN - HXH - 2 TẦNG BTCT - PHÁP LÝ CHUẨN - CHỈ NHỈNH 2 TỶ,,"LIÊN KHU 4 - 5, Phường Bình Hưng Hoà B, Quận Bình Tân, Tp Hồ Chí MinhXem bản đồ",
60 m²,nhiều hơn 10 phòng,Nhiều hơn 6 phòng,Đã có sổ,"Nhà ngõ, hẻm",,,150 triệu/m²,,4,,Nội thất cao cấp,,tp-ho-chi-minh,CHDV 40TR/TH ! HXH 2 MT NGUYỄN XÍ P26 Q.BT 4 TẤM 4X15M NHỈNH 9 TỶ TL,,"Nguyễn Xí, Phường 26, Quận Bình Thạnh, Tp Hồ Chí MinhXem bản đồ",
34 m²,2 phòng,2 phòng,Đã có sổ,"Nhà ngõ, hẻm",4.0998 m,,100 triệu/m²,,,,Nhà trống,,tp-ho-chi-minh,"Bán nhà 2/ Đường số 11 BHH Bình Tân 4,1x8,5m 1 lầu 2pn shr 3 tỷ 400tr",,"Đường Số 11, Phường Bình Hưng Hòa, Quận Bình Tân, Tp Hồ Chí MinhXem bản đồ",
34.2 m²,2 phòng,2 phòng,Đã có sổ,"Nhà mặt phố, mặt tiền",3.7999 m,,"49,27 triệu/m²",,1,,,,tp-ho-chi-minh,Cần tiền mở rộng kinh doanh nên cần bán gấp,,"Đường Bùi Huy Bích, Phường 12, Quận 8, Tp Hồ Chí MinhXem bản đồ",
76 m²,4 phòng,,Đã có sổ,"Nhà ngõ, hẻm",,,"65,66 triệu/m²",,3,Hẻm xe hơi,,,tp-ho-chi-minh,"Nhà đẹp bán nhanh 76m3, 3 tầng, HXH 8m Vườn Lài, An Phú Đông, Quận 12",,"Vườn Lài, Phường An Phú Đông, Quận 12, Tp Hồ Chí MinhXem bản đồ",
75 m²,4 phòng,5 phòng,Đã có sổ,"Nhà ngõ, hẻm",5 m,,"62,67 triệu/m²",,3,,,,tp-ho-chi-minh,"NHÀ PHƯỚC KIỂN NGAY HOÀNG ANH AN TIẾN GIÁ 4,7 tỷ",,"Lê Văn Lương, Xã Phước Kiển, Huyện Nhà Bè, Tp Hồ Chí MinhXem bản đồ",
64 m²,2 phòng,2 phòng,Đã có sổ,"Nhà ngõ, hẻm",4 m,,"95,31 triệu/m²",,2,,,,tp-ho-chi-minh,Bán Nhà 1 Trệt 1 Lầu Ngay Võ Văn Kiêt - An Dương Vương,,"Đường An Dương Vương, Phường An Lạc, Quận Bình Tân, Tp Hồ Chí MinhXem bản đồ",
101 m²,4 phòng,3 phòng,,"Nhà mặt phố, mặt tiền",,,"143,56 triệu/m²",,,,,,tp-ho-chi-minh,Chính chủ BÁN NHÀ HOẶC CHO THUÊ,,"315, Trường Chinh, Phường 14, Quận Tân Bình, Tp Hồ Chí MinhXem bản đồ",
24 m²,2 phòng,3 phòng,Đã có sổ,"Nhà ngõ, hẻm",,,"145,83 triệu/m²",Đông,3,,,,tp-ho-chi-minh,🔴Nhà bán 2 Tầng Đường số 9 P4Q8,,"Đường Số 9, Phường 4, Quận 8, Tp Hồ Chí MinhXem bản đồ",
37 m²,2 phòng,2 phòng,Đã có sổ,"Nhà ngõ, hẻm",,,"58,11 triệu/m²",Đông Nam,1,,,,tp-ho-chi-minh,"🛜Bán nhà SHR Bà Điểm ,Dân cư hiện hữu, không mồ mã",,"Đường Trung Lân 3, Xã Bà Điểm, Huyện Hóc Môn, Tp Hồ Chí MinhXem bản đồ",
25 m²,3 phòng,4 phòng,Đã có sổ,"Nhà ngõ, hẻm",,,208 triệu/m²,,4,,Nội thất đầy đủ,,tp-ho-chi-minh,NHÀ 4 TẦNG BTCT - TRẦN QUANG DIỆU CÁCH HXH 1 CĂN NHÀ KHU AN NINH,,"Trần Quang Diệu, Phường 14, Quận 3, Tp Hồ Chí MinhXem bản đồ",
60 m²,4 phòng,5 phòng,Đã có sổ,"Nhà ngõ, hẻm",,,"141,67 triệu/m²",,3,Hẻm xe hơi,,,tp-ho-chi-minh,"🌟NHÀ ĐẸP LUNG LINH 3 LẦU ST🌟ĐƯỜNG 6M GẦN NGUYỄN THỊ THẬP, TÂN QUY, Q7",,"Đường Số 10, Phường Tân Quy, Quận 7, Tp Hồ Chí MinhXem bản đồ",
193 m²,6 phòng,5 phòng,Đã có sổ,"Nhà ngõ, hẻm",,,"103,11 triệu/m²",Đông Bắc,4,,,,tp-ho-chi-minh,CC - BÁN BIỆT THỰ VƯỜN QUẬN GÒ VẤP (gần Cityland),,"33/1/21, Hẻm 33 Lê Hoàng Phái, Phường 17, Quận Gò Vấp, Tp Hồ Chí MinhXem bản đồ",
26 m²,4 phòng,3 phòng,Đã có sổ,"Nhà ngõ, hẻm",,,"103,08 triệu/m²",Tây,2,,,,tp-ho-chi-minh,"Nhà KCN Tân Bình, hẻm 8m bó vỉa ô tô đậu, Mới 100% 4PN-sân thượng rộng",,"Hồ Văn Long, Phường Bình Hưng Hoà B, Quận Bình Tân, Tp Hồ Chí MinhXem bản đồ",
38 m²,3 phòng,2 phòng,Đã có sổ,"Nhà ngõ, hẻm",,,"69,21 triệu/m²",Tây,2,,,,tp-ho-chi-minh,"Nhà 2 Lầu Sân Thượng , Cuối Tân Kỳ Tân Qúy 1 Căn *** Giá 2 tỷ 7",,"Liên khu 5-6, Phường Bình Hưng Hoà B, Quận Bình Tân, Tp Hồ Chí MinhXem bản đồ",
40 m²,4 phòng,3 phòng,Đã có sổ,"Nhà ngõ, hẻm",,,"67,5 triệu/m²",,3,,Nội thất đầy đủ,,tp-ho-chi-minh,[TÂN PHÚ ] Xây dựng 3.5 Tấm đúc thật 100%-Đường 7m nhựa Sổ Hồng riêng,,"Lê Trọng Tấn, Phường Tây Thạnh, Quận Tân Phú, Tp Hồ Chí MinhXem bản đồ",
50 m²,2 phòng,1 phòng,Đã có sổ,"Nhà ngõ, hẻm",5 m,,"16,4 triệu/m²",,1,,,,tp-ho-chi-minh,Nhà chính chủ 1T+1L đổ suốt vị trí đẹp ngay trung tâm KDC đông đúc,,"Nguyễn Thị Trọn, Xã Vĩnh Lộc A, Huyện Bình Chánh, Tp Hồ Chí MinhXem bản đồ",
94 m²,4 phòng,5 phòng,Đã có sổ,"Nhà ngõ, hẻm",,,"60,64 triệu/m²",Đông,1,,,,tp-ho-chi-minh,NHÀ BÁN CHÍN,,"490/49, Hương Lộ 2, Phường Bình Trị Đông, Quận Bình Tân, Tp Hồ Chí MinhXem bản đồ",
126 m²,5 phòng,,,"Nhà mặt phố, mặt tiền",6 m,,"55,56 triệu/m²",,,,,,tp-ho-chi-minh,"Bán nhà số 168/14H, 126m², 7 tỷ rộng 6m mới xây 4 tấm",,"168/14H, Phạm Huy Thông, Phường 7, Quận Gò Vấp, Tp Hồ Chí MinhXem bản đồ",
76 m²,4 phòng,,Đã có sổ,"Nhà mặt phố, mặt tiền",,,"103,95 triệu/m²",,,,,,tp-ho-chi-minh,"Bán nhà MT Đường Nguyễn Quý Yêm, P.An Lạc, Q.Bình Tân",,"Nguyễn Quý Yêm, Phường An Lạc, Quận Bình Tân, Tp Hồ Chí MinhXem bản đồ",
64 m²,2 phòng,2 phòng,Đã có sổ,"Nhà ngõ, hẻm",,,"67,97 triệu/m²",Nam,1,,,,tp-ho-chi-minh,💫Bán nhà 1trệt 1lầu 2pm 2wc 1bếp 4x16 Sổ Hồng Đẹp,,"Đường Nguyễn Văn Quá Phường Đông Hưng Thuận Q12, Phường Đông Hưng Thuận, Quận 12, Tp Hồ Chí MinhXem bản đồ",
40 m²,4 phòng,3 phòng,Đã có sổ,"Nhà ngõ, hẻm",3.5 m,,"173,75 triệu/m²",,4,,,,tp-ho-chi-minh,"Nhà HXH 6 mét/40m2/4 tầng đươnf Sư Vạn Hạnh, P14, Giá 6,95 tỷ",,"Sư Vạn Hạnh, Phường 14, Quận 10, Tp Hồ Chí MinhXem bản đồ",
61 m²,3 phòng,3 phòng,Đã có sổ,"Nhà mặt phố, mặt tiền",,,"140,98 triệu/m²",,2,,Nội thất cao cấp,,tp-ho-chi-minh,"✅NHÀ PHỐ 2 TẦNG KẾ NGUYỄN THỊ THẬP✅ P. TÂN QUY, QUẬN 7. NHỈNH 8 TỶ",,"Đường Số 23, Phường Tân Quy, Quận 7, Tp Hồ Chí MinhXem bản đồ",
72 m²,2 phòng,2 phòng,Đã có sổ,"Nhà ngõ, hẻm",,,"30,56 triệu/m²",Nam,2,,,,tp-ho-chi-minh,"HOT, VIP BÌNH TÂN, QL1A, 2 TẦNG, 72M2, HẺM 5M, GẦN MT, CHỈ NHỈNH 2 TỶ.",,"Quốc lộ 1, Phường Bình Hưng Hoà B, Quận Bình Tân, Tp Hồ Chí MinhXem bản đồ",
50 m²,4 phòng,4 phòng,Đã có sổ,"Nhà ngõ, hẻm",,,98 triệu/m²,,3,,Nội thất đầy đủ,,tp-ho-chi-minh,"Bán nhà Nguyễn Duy Trinh, Phú Hữu, 50m2 3 tầng BTCT ,4PN,chỉ 4,9 tỷ",,"Đường Nguyễn Duy Trinh, Phường Phú Hữu (Quận 9 cũ), Thành phố Thủ Đức, Tp Hồ Chí MinhXem bản đồ",
70.3 m²,6 phòng,4 phòng,Đã có sổ,"Nhà ngõ, hẻm",,,"611,66 triệu/m²",Nam,4,,,,tp-ho-chi-minh,"Nhà hẻm rộng 8m thông Nguyễn Huệ, Hàm Nghi, Quận 1",,"Nguyễn Huệ, Phường Bến Nghé, Quận 1, Tp Hồ Chí MinhXem bản đồ",
97 m²,3 phòng,3 phòng,Đã có sổ,"Nhà ngõ, hẻm",,,"77,32 triệu/m²",Bắc,2,,,,tp-ho-chi-minh,🔴Nhà bán 2 Tầng - 97m2 hẻm thông 232 Hưng Phú P8Q8,,"Hưng Phú, Phường 8, Quận 8, Tp Hồ Chí MinhXem bản đồ",
39.9 m²,2 phòng,2 phòng,Đã có sổ,"Nhà ngõ, hẻm",,,"109,02 triệu/m²",Đông Nam,1,,,,tp-ho-chi-minh,"Bán Căn nhà Quang Trung DT 4 X 12 Nhà 1 lầu, 2pn, 2wc",,"Đường Quang Trung, Phường 10, Quận Gò Vấp, Tp Hồ Chí MinhXem bản đồ",
30 m²,4 phòng,3 phòng,Đã có sổ,"Nhà ngõ, hẻm",,,"126,67 triệu/m²",,3,,Nội thất cao cấp,,tp-ho-chi-minh,VIP GÒ VẤP PHAN VĂN TRỊ - TÚ MỠ 32M2 3 TẦNG BTCT 4PN SỔ A4 KINH DOANH,,"Đường Phan Văn Trị, Phường 7, Quận Gò Vấp, Tp Hồ Chí MinhXem bản đồ",
64 m²,4 phòng,5 phòng,Đã có sổ,"Nhà ngõ, hẻm",,,"137,5 triệu/m²",,4,,Nội thất cao cấp,,tp-ho-chi-minh,"BÁN NHÀ HXH SÁT MẶT TIỀN _64M2_4 TẦNG_NGUYỄN VĂN KHỐI_P9_8,8 TỶ(TL)",,"Đường Nguyễn Văn Khối, Phường 9, Quận Gò Vấp, Tp Hồ Chí MinhXem bản đồ",
24 m²,2 phòng,2 phòng,Đã có sổ,"Nhà ngõ, hẻm",4 m,,"79,17 triệu/m²",,2,,,,tp-ho-chi-minh,Hoa hồng 20 tr anh chị nhận đủ nhà mới rộng giáp quận 6,,"314//, Tỉnh Lộ 10, Phường Bình Trị Đông, Quận Bình Tân, Tp Hồ Chí MinhXem bản đồ",
16 m²,1 phòng,,,"Nhà ngõ, hẻm",,,"112,5 triệu/m²",,,,,,tp-ho-chi-minh,CHỈ NHỈNH 1 TỶ CÓ NHÀ 2 TẦNG BÌNH TÂN -DTXD 31M2-SHR-HẺM RỘNG THÔNG,,"Trương Phước Phan, Phường Bình Trị Đông, Quận Bình Tân, Tp Hồ Chí MinhXem bản đồ",
45.6 m²,3 phòng,3 phòng,,"Nhà ngõ, hẻm",4 m,,"65,57 triệu/m²",,2,,,10.8 m,tp-ho-chi-minh,"Bán nhà hẻm thông đường Nguyễn Văn Quỳ, Quận 7. DT 45,6m2 - 2,990 tỷ",,"Đường Nguyễn Văn Quỳ, Phường Phú Thuận, Quận 7, Tp Hồ Chí MinhXem bản đồ",
76 m²,4 phòng,5 phòng,Đã có sổ,"Nhà mặt phố, mặt tiền",,,"113,16 triệu/m²",Bắc,3,,,,tp-ho-chi-minh,🔴 HẺM 10M – NGUYỄN HỮU TIẾN (4MX19M)_ ĐÚC 3 TẤM MỚI – TK SANG TRỌNG,,"Nguyễn Hữu Tiến, Phường Tây Thạnh, Quận Tân Phú, Tp Hồ Chí MinhXem bản đồ",
227 m²,4 phòng,4 phòng,,Nhà biệt thự,10 m,,"100,44 triệu/m²",Tây Bắc,3,,,,tp-ho-chi-minh,Bán lỗ 10Tỷ biệt thự song lập cạnh sông ĐN Vinhomes Q9 DT 227m2 1T2L,,"Bùi Thị Trường, Phường Long Bình (Quận 9 cũ), Thành phố Thủ Đức, Tp Hồ Chí MinhXem bản đồ",
105 m²,4 phòng,4 phòng,Đã có sổ,Nhà phố liền kề,7 m,,60 triệu/m²,,,,Bàn giao thô,,tp-ho-chi-minh,Giá sốc chỉ còn 6.3 tỷ cho căn shophouse đường 30m Dragon Village Q9,,"990, Phường Phú Hữu (Quận 9 cũ), Thành phố Thủ Đức, Tp Hồ Chí MinhXem bản đồ",
110 m²,4 phòng,3 phòng,Đã có sổ,"Nhà ngõ, hẻm",42 m,,"69,09 triệu/m²",,3,,,,tp-ho-chi-minh,Bán nhà sát chợ Bùi Minh Trực 110m2 HXH giá giảm chỉ nhỉnh 7 tỷ,,"Phạm Thế Hiển, Phường 5, Quận 8, Tp Hồ Chí MinhXem bản đồ",
48 m²,4 phòng,4 phòng,Đã có sổ,"Nhà ngõ, hẻm",,,"160,42 triệu/m²",,4,,Nội thất đầy đủ,,tp-ho-chi-minh,BA THÁNG HAi LÒ SIÊU TRUNG TÂM QUẬN 11 HẺM XE HƠI THÔNG SÁT MẶT TIỀN,,"Lò Siêu, Phường 16, Quận 11, Tp Hồ Chí MinhXem bản đồ",
47 m²,2 phòng,2 phòng,Đã có sổ,"Nhà ngõ, hẻm",,,"133,62 triệu/m²",,2,,Nhà trống,,tp-ho-chi-minh,Bán nhà HXH thông 47m2 2 tầng đường Đồng Đen P.14 Tân Bình,,"Đường Đồng Đen, Phường 14, Quận Tân Bình, Tp Hồ Chí MinhXem bản đồ",
