Diện tích đất:,Số phòng ngủ:,Số phòng vệ sinh:,Giấy tờ pháp lý:,Loại hình nhà ở:,Chiều ngang:,Diện tích sử dụng:,Giá/m2:,Hướng cửa chính:,Tổng số tầng:,Đặc điểm nhà/đất:,Tình trạng nội thất:,Chiều dài:,Location,Name,URL,District,Price
30 m²,2 phòng,4 phòng,Đã có sổ,"Nhà ngõ, hẻm",,,"116,67 triệu/m²",,4,,Nội thất đầy đủ,,ha-noi,"Bán Nhà 30m2, 4 tầng Chính Kinh, Nhân Chính, Thanh Xuân, Hà Nội.",,"Phố chính kinh, Phường Nhân Chính, Quận Thanh Xuân, Hà NộiXem bản đồ",
65 m²,3 phòng,,Đã có sổ,"Nhà ngõ, hẻm",4 m,,"78,46 triệu/m²",,,,Nhà trống,15 m,ha-noi,"Chủ nhờ bán nhà Minh Khai , 65m2 , 5,1 tỷ , Nhà dân xây , gần phố",,"Phố Minh Khai, Phường Minh Khai, Quận Hai Bà Trưng, Hà NộiXem bản đồ",
30 m²,3 phòng,,Đã có sổ,"Nhà ngõ, hẻm",,,"78,33 triệu/m²",,4,,Nội thất đầy đủ,,ha-noi,"NHÀ ÂU CƠ, 30M2 X 4 TẦNG, 20M RA Ô TÔ, GẦN CHỢ, NHỈNH 2 TỶ",,"Đường Âu Cơ, Phường Nhật Tân, Quận Tây Hồ, Hà NộiXem bản đồ",
31 m²,3 phòng,4 phòng,,"Nhà ngõ, hẻm",4 m,,"188,71 triệu/m²",Tây Bắc,5,,,,ha-noi,Giang Văn Minh - 35m2 x 5T - 2 mặt ngõ - Gần Ô Tô - LH ***,,"Giang Văn Minh, Phường Kim Mã, Quận Ba Đình, Hà NộiXem bản đồ",
34 m²,4 phòng,3 phòng,Đã có sổ,"Nhà ngõ, hẻm",,,"69,12 triệu/m²",Bắc,4,,,,ha-noi,Bán nhà gần Tiểu học Phú Cường~34m2x4T+lửng/ 40m ra mặt chợ-đường ôtô,,"undefined, Phường Phú Lãm, Quận Hà Đông, Hà NộiXem bản đồ",
30 m²,3 phòng,,Đã có sổ,"Nhà mặt phố, mặt tiền",,,"96,67 triệu/m²",,,Hẻm xe hơi,Nội thất cao cấp,,ha-noi,☀☀☀️QUÁ HIẾM!! Bán nhà chợ Hà Đông🌳Ô TÔ TRÁNH - LÔ GÓC🏯,,"Lê Lợi, Phường Nguyễn Trãi, Quận Hà Đông, Hà NộiXem bản đồ",
40 m²,4 phòng,,Đã có sổ,"Nhà ngõ, hẻm",,,"122,5 triệu/m²",,,,,,ha-noi,"Nhỉnh 4 tỷ siêu hiếm 67 Thái Thịnh, bagac đỗ cửa, nhà mới, 2 thoáng.",,"Phố Thái Thịnh, Phường Thịnh Quang, Quận Đống Đa, Hà NộiXem bản đồ",
80 m²,2 phòng,,Đã có sổ,"Nhà ngõ, hẻm",,,"26,25 triệu/m²",,1,,,,ha-noi,Siêu Phầm Tập Thể Lương Thế Vinh 80m2 giá 2.1 tỷ,,"Lương Thế Vinh, Phường Thanh Xuân Bắc, Quận Thanh Xuân, Hà NộiXem bản đồ",
50 m²,5 phòng,Nhiều hơn 6 phòng,Đã có sổ,"Nhà ngõ, hẻm",,,156 triệu/m²,,7,,Nội thất cao cấp,,ha-noi,"Cần bán gấp Hoàng Quốc Việt đầu Bưởi, 7T thang máy, gara ô tô, MT 5m.",,"ngõ 2, hoàng quốc việt, Phường Nghĩa Tân, Quận Cầu Giấy, Hà NộiXem bản đồ",
56 m²,4 phòng,4 phòng,Đã có sổ,Nhà phố liền kề,,,"152,68 triệu/m²",,4,,Nội thất đầy đủ,,ha-noi,"LK KDT La Khê 56m 4t mt4m,vỉa hè, KD, an sinh đỉnh",,"Đường Quang Trung, Phường La Khê, Quận Hà Đông, Hà NộiXem bản đồ",
65 m²,5 phòng,,,"Nhà ngõ, hẻm",,,120 triệu/m²,,,,,,ha-noi,"Bán nhà phố Quan Nhân 65M*5T, ngõ 3 gác tránh, gần phố, nhà đẹp ở ngay",,"Quan Nhân, Phường Nhân Chính, Quận Thanh Xuân, Hà NộiXem bản đồ",
33 m²,3 phòng,,,"Nhà ngõ, hẻm",,,"157,58 triệu/m²",,,,,,ha-noi,"Bán nhà đẹp Võng Thị, Tây Hồ 33m 5T. MT5.5m. Nội thất mới, xịn. 5.2 tỷ",,"Võng Thị, Phường Thụy Khuê, Quận Tây Hồ, Hà NộiXem bản đồ",
46 m²,4 phòng,3 phòng,Đã có sổ,"Nhà ngõ, hẻm",,,"121,74 triệu/m²",,4,,Nội thất cao cấp,,ha-noi,5.6 Tỷ Nhà Đội Cấn - 46m2 - 4 Tầng - 10m Ra Mặt Phố - Ngõ Rộng - Hiếm,,"Đội Cấn , Phường Đội Cấn, Quận Ba Đình, Hà NộiXem bản đồ",
28 m²,3 phòng,4 phòng,Đã có sổ,"Nhà ngõ, hẻm",,,"112,5 triệu/m²",,55,,Nội thất đầy đủ,,ha-noi,"Chỉ 3,1 tỷ sở hữu ngay nhà 5 tầng 28m mới tinh Quận HBT",,"Đường Trương Định, Phường Trương Định, Quận Hai Bà Trưng, Hà NộiXem bản đồ",
50 m²,3 phòng,3 phòng,Đã có sổ,"Nhà ngõ, hẻm",,,178 triệu/m²,,4,,Nhà trống,,ha-noi,"Bán nhà đẹp Vũ Thạnh, ô tô đỗ cửa, kinh doanh VP, 50m2x4T, 8.9 tỷ",,"Phố Vũ Thạnh, Phường Cát Linh, Quận Đống Đa, Hà NộiXem bản đồ",
23 m²,2 phòng,2 phòng,Đã có sổ,Nhà phố liền kề,3.5 m,,"134,78 triệu/m²",,4,,,,ha-noi,Bán nhà Đặng Văn Ngữ sổ đỏ chuẩn 23m x 4 tầng - thông tin chuẩn,,"Đặng Văn Ngữ, Phường Trung Tự, Quận Đống Đa, Hà NộiXem bản đồ",
36 m²,3 phòng,2 phòng,Đã có sổ,"Nhà mặt phố, mặt tiền",,,"202,78 triệu/m²",,3,,Nội thất đầy đủ,,ha-noi,"Dừng Lại! Mặt Phố Cù Chính Lan,36m²,3 Tầng,4.5m,Kinh Doanh Đỉnh,7.3Tỷ.",,"cù chính lan, Phường Khương Mai, Quận Thanh Xuân, Hà NộiXem bản đồ",
36 m²,nhiều hơn 10 phòng,,,"Nhà mặt phố, mặt tiền",,36 m²,"66,67 triệu/m²",,4,,,,ha-noi,Nhà ngay cầu Tó ngõ 3 Tả Thanh Oai 36m2 4 tầng nhỉnh 2 tỷ,,"Cầu Tó, Xã Tả Thanh Oai, Huyện Thanh Trì, Hà NộiXem bản đồ",
33 m²,3 phòng,4 phòng,Đã có sổ,"Nhà mặt phố, mặt tiền",,,"136,36 triệu/m²",,4,,,,ha-noi,"CÓ 102 PHỐ TRẦN VỸ! LÔ GÓC 2, OTO ĐỖ CỬA, VÀI BƯỚC RA PHỐ, NHỈNH 4 TỶ.",,"Trần Vỹ, Phường Mai Dịch, Quận Cầu Giấy, Hà NộiXem bản đồ",
82.5 m²,4 phòng,,Đã có sổ,Nhà phố liền kề,,,"163,64 triệu/m²",,4,,Nội thất cao cấp,,ha-noi,"Nhà LK khu ĐTM An Hưng, Ô tô, vỉa hè rộng, 82,5m2 x4 tầng, nhỉnh 13 tỷ",,"Phố Nguyễn Văn Trác, Phường Dương Nội, Quận Hà Đông, Hà NộiXem bản đồ",
31 m²,3 phòng,4 phòng,Đã có sổ,"Nhà ngõ, hẻm",,,"122,58 triệu/m²",Đông Bắc,6,,,,ha-noi,Bán Nhà 5 Tầng Đàm Quang Trung Nhìn ra cầu Vĩnh Tuy Ngõ Nông Thoáng,,"Phố Đàm Quang Trung, Phường Long Biên, Quận Long Biên, Hà NộiXem bản đồ",
41 m²,4 phòng,4 phòng,Đã có sổ,"Nhà ngõ, hẻm",,,"136,59 triệu/m²",,6,,Nội thất đầy đủ,,ha-noi,"Thật 100%! Cầu Giấy, 2 thoáng, ô tô đỗ cửa, ngõ thông, mới đẹp, 41m*6T",,"Cầu Giấy, Phường Quan Hoa, Quận Cầu Giấy, Hà NộiXem bản đồ",
138.5 m²,8 phòng,Nhiều hơn 6 phòng,Đã có sổ,"Nhà mặt phố, mặt tiền",,,"577,62 triệu/m²",,8,,Nội thất cao cấp,,ha-noi,VĂN PHÒNG VIP TRUNG KÍNH CẦU GIẤY LÔ GÓC VỈ HÈ ÔTÔ TRÁNH >80TỶ 138M 8T,,"trung kính, Phường Yên Hoà, Quận Cầu Giấy, Hà NộiXem bản đồ",
104 m²,nhiều hơn 10 phòng,Nhiều hơn 6 phòng,Đã có sổ,"Nhà mặt phố, mặt tiền",,,"192,31 triệu/m²",,9,,Nội thất cao cấp,,ha-noi,MẶT PHỐ THỊNH QUANG ĐÓNG ĐA VỈ HÈ ÔTÔ KINH DOANH NHỈNH 26 TỶ 104M 9T,,"THỊNH QUANG, Phường Trung Liệt, Quận Đống Đa, Hà NộiXem bản đồ",
40 m²,4 phòng,5 phòng,Đã có sổ,"Nhà ngõ, hẻm",,,115 triệu/m²,,6,,Nội thất đầy đủ,,ha-noi,"Bán nhà Trường Chinh Thanh Xuân 40m 6 tầng mặt tiền 7m giá 4,6 tỷ",,"Trường Chinh, Phường Khương Trung, Quận Thanh Xuân, Hà NộiXem bản đồ",
36 m²,3 phòng,3 phòng,Đã có sổ,"Nhà ngõ, hẻm",,,125 triệu/m²,Đông Nam,4,,,,ha-noi,"BÁN GẤP NHÀ TRẦN VỸ LÔ GÓC 2 THOÁNG NGÕ THÔNG Ô TÔ VÒNG QUANH 4,5 TỶ",,"Trần Vỹ, Phường Mai Dịch, Quận Cầu Giấy, Hà NộiXem bản đồ",
35 m²,4 phòng,4 phòng,Đã có sổ,"Nhà ngõ, hẻm",,,"108,57 triệu/m²",,5,,Nội thất đầy đủ,,ha-noi,BÁN NHÀ PHỐ KIM NGƯU - DÂN XÂY - NHÀ MỚI ĐẸP- FULL NỘI THẤT - SĐCC - Ở,,"Phố Kim Ngưu, Phường Thanh Lương, Quận Hai Bà Trưng, Hà NộiXem bản đồ",
55 m²,5 phòng,6 phòng,Đã có sổ,"Nhà mặt phố, mặt tiền",,,"161,82 triệu/m²",Đông Nam,6,,,,ha-noi,"Bán nhà phố Việt Hưng 55m*6tầng THANG MÁY cao cấp, TẶNG NỘI THẤT VIPPP",,"Phố Việt Hưng, Phường Việt Hưng, Quận Long Biên, Hà NộiXem bản đồ",
43 m²,6 phòng,,,"Nhà mặt phố, mặt tiền",,44 m²,"98,84 triệu/m²",,,Nở hậu,,,ha-noi,HOT - Chính chủ cần bán nhà MINH KHAI- Dòng tiền 300tr/năm -full phòng,,"Minh Khai, Phường Vĩnh Tuy, Quận Hai Bà Trưng, Hà NộiXem bản đồ",
30 m²,3 phòng,4 phòng,Đã có sổ,"Nhà ngõ, hẻm",,,"143,33 triệu/m²",,5,,Nội thất cao cấp,,ha-noi,NGÕ 322 MỸ ĐÌNH 30M 5TẦNG DÂN XÂY - 3 NGỦ - NỘI THẤT HIỆN ĐẠI,,"Ngõ 322 Đường Mỹ Đình, Phường Mỹ Đình 1, Quận Nam Từ Liêm, Hà NộiXem bản đồ",
25 m²,3 phòng,3 phòng,Đã có sổ,"Nhà ngõ, hẻm",,,122 triệu/m²,,5,,,,ha-noi,"LINH QUANG NGÕ THÔNG ,RỘNG THOÁNG",,"Tôn Đức Thắng, Phường Hàng Bột, Quận Đống Đa, Hà NộiXem bản đồ",
15 m²,2 phòng,3 phòng,Đã có sổ,"Nhà ngõ, hẻm",,,"123,33 triệu/m²",,4,,,,ha-noi,"Bán nhà 4 tầng phố An Dương dt 12/15m2*4 tầng giá 1,85 tỷ",,"Phố An Dương, Phường Yên Phụ, Quận Tây Hồ, Hà NộiXem bản đồ",
50 m²,4 phòng,,,"Nhà ngõ, hẻm",3.7999 m,50 m²,68 triệu/m²,,5,,Nội thất đầy đủ,,ha-noi,"Bán Gấp ! Nhà 5T Xây Mới Cổ Điển A, Tứ Hiệp 50m2 giá rẻ chỉ 3.4 tỷ",,"Cổ Điển A, Xã Tứ Hiệp, Huyện Thanh Trì, Hà NộiXem bản đồ",
33 m²,4 phòng,5 phòng,Đã có sổ,"Nhà ngõ, hẻm",,,"146,97 triệu/m²",,5,,Nội thất cao cấp,,ha-noi,"Bán Nhà 2 thoáng, Oto 30m, Hoàng Ngân, Cầu Giấy, 33m2, 5 tâng, 4,85 tỷ",,"Hoàng Ngân, Phường Trung Hoà, Quận Cầu Giấy, Hà NộiXem bản đồ",
33 m²,3 phòng,3 phòng,Đã có sổ,"Nhà ngõ, hẻm",,33 m²,"83,33 triệu/m²",,4,,,,ha-noi,BÁN NHÀ-KHÂM THIÊN-ĐỐNG ĐA-NHÀ ĐẸP-NGÕ NÔNG-GẦN PHỐ-33MX4T-GIÁ2TY75,,"Ngõ Chợ Khâm Thiên, Phường Khâm Thiên, Quận Đống Đa, Hà NộiXem bản đồ",
40 m²,6 phòng,,,"Nhà mặt phố, mặt tiền",,,150 triệu/m²,,,,,,ha-noi,"BÁN NHÀ LẠC LONG QUÂN 40m2 x 5 TẦNG - CHỈ HƠN 6 TỶ. LÔ GÓC 3 THOÁNG, Ô",,"Lạc Long Quân, Phường Bưởi, Quận Tây Hồ, Hà NộiXem bản đồ",
80 m²,5 phòng,5 phòng,Đã có sổ,"Nhà ngõ, hẻm",,,125 triệu/m²,,4,,Nội thất đầy đủ,,ha-noi,chính chủ cần bán nhà trần quốc hoàn PL 2 thoáng ôtô tránh>17tỷ 80m 4T,,"trần quốc hoàn, Phường Nghĩa Đô, Quận Cầu Giấy, Hà NộiXem bản đồ",
30 m²,3 phòng,3 phòng,Đã có sổ,"Nhà ngõ, hẻm",,,110 triệu/m²,,5,,Nhà trống,,ha-noi,"PHỐ HOÀNG QUỐC VIỆT, NHỈNH 3 TỶ SỞ HỮU NHÀ 30M2 TKE 5T",,"Hoàng Quốc Việt, Phường Nghĩa Đô, Quận Cầu Giấy, Hà NộiXem bản đồ",
52 m²,5 phòng,5 phòng,Đã có sổ,"Nhà ngõ, hẻm",,,"162,5 triệu/m²",Tây Bắc,5,,,,ha-noi,"BÁN NHÀ LÊ TRỌNG TẤN - THANH XUÂN - 52m, 5T, MT 4,8, 8,3 Tỷ..Phân Lô",,"Tô Vĩnh Diện, Phường Thanh Xuân Trung, Quận Thanh Xuân, Hà NộiXem bản đồ",
35 m²,4 phòng,,Đã có sổ,"Nhà ngõ, hẻm",,35 m²,"128,57 triệu/m²",,,,,,ha-noi,"Bán nhà Lương Khánh Thiện, 35m2, 4,5 tỷ - ngõ nông ô tô đỗ cổng",,"Lương Khánh Thiện, Phường Tương Mai, Quận Hoàng Mai, Hà NộiXem bản đồ",
30 m²,3 phòng,3 phòng,Đã có sổ,"Nhà ngõ, hẻm",,,"113,33 triệu/m²",,4,,Nhà trống,,ha-noi,Nhỉnh 3 tỷ có nhà Thanh Xuân gần Ngã Tư Sở 34m 4 tầng ở ngay.,,"Khương Trung, Phường Khương Trung, Quận Thanh Xuân, Hà NộiXem bản đồ",
36 m²,4 phòng,,,"Nhà mặt phố, mặt tiền",,,"166,67 triệu/m²",,,,,,ha-noi,🏠🏠 BÁN NHÀ NGỌC HÀ 36m2 x 6 TẦNG THANG MÁY - CHỈ NHỈNH 6 TỶ - NHÀ MỚI,,"Ngọc Hà, Phường Ngọc Hà, Quận Ba Đình, Hà NộiXem bản đồ",
50 m²,5 phòng,5 phòng,Đã có sổ,Nhà phố liền kề,,,240 triệu/m²,,5,,Nội thất cao cấp,,ha-noi,Bán nhà Trần Quốc Hoàn - gara oto rộng rãi- khu víp Nhất cầu giấy,,"Trần Quốc Hoàn, Phường Nghĩa Đô, Quận Cầu Giấy, Hà NộiXem bản đồ",
35 m²,4 phòng,4 phòng,Đã có sổ,"Nhà ngõ, hẻm",,,"65,71 triệu/m²",Đông Bắc,5,,,,ha-noi,Bán Gấp Nhà 5 Tầng. 35M Nằm Phường Phú Lương Hà Đông,,"Đường Phú Cường, Phường Phú Lương, Quận Hà Đông, Hà NộiXem bản đồ",
25 m²,3 phòng,,,"Nhà ngõ, hẻm",,,34 triệu/m²,,,,,,ha-noi,Nhà C4 Vĩnh Hưng - 850tr,,"15 Ngõ 162 ĐÔNG THIÊN - VĨNH HƯNG, Phường Vĩnh Hưng, Quận Hoàng Mai, Hà NộiXem bản đồ",
38 m²,4 phòng,,Đã có sổ,"Nhà ngõ, hẻm",,38 m²,"273,68 triệu/m²",,7,,Nội thất đầy đủ,,ha-noi,"Phố Doãn Kế Thiện garẩ, 7T thang máy, vỉa hè rộng, ô tô tránh",,"Doãn kế thiện , Phường Mai Dịch, Quận Cầu Giấy, Hà NộiXem bản đồ",
129 m²,6 phòng,,,Nhà biệt thự,,,"155,04 triệu/m²",,,,,,ha-noi,bán biệt thự hateco xuân phương,,"Phố Trịnh Văn Bô, Phường Xuân Phương, Quận Nam Từ Liêm, Hà NộiXem bản đồ",
35 m²,4 phòng,,Đã có sổ,"Nhà ngõ, hẻm",,,100 triệu/m²,,5,,,,ha-noi,"Nhà Đẹp ở ngay - Đông Ngạc 35m x 5 tầng - mt 3.8, giá chỉ 3.5 x tỷ",,"Nhật Tảo, Phường Đông Ngạc, Quận Bắc Từ Liêm, Hà NộiXem bản đồ",
43 m²,3 phòng,,,"Nhà ngõ, hẻm",,,"120,93 triệu/m²",,4,,,,ha-noi,Bán Nhà Đào Tấn 43M2-5 Tầng-Nhỉnh 5 Tỷ-30M Ra Ô Tô-Ba gác Đỗ,,"Đào Tấn, Phường Cống Vị, Quận Ba Đình, Hà NộiXem bản đồ",
35 m²,3 phòng,,Đã có sổ,"Nhà ngõ, hẻm",,40 m²,180 triệu/m²,,,Nở hậu,,,ha-noi,"HOÀNG ĐẠO THÀNH, LÔ GÓC 6 TẦNG THANG MÁY, OTO Tránh cách 10m",,"Hoàng Đạo Thành, Phường Kim Giang, Quận Thanh Xuân, Hà NộiXem bản đồ",
31 m²,2 phòng,,,"Nhà ngõ, hẻm",,,"82,9 triệu/m²",,,,,,ha-noi,"Bán gấp Nhà đẹp Ngọc Hồi - Nhỉnh 2,5 Tỷ - 31M",,"Ngọc Hồi, Xã Tam Hiệp, Huyện Thanh Trì, Hà NộiXem bản đồ",
40 m²,6 phòng,4 phòng,Đã có sổ,"Nhà ngõ, hẻm",,,140 triệu/m²,,5,,Nội thất cao cấp,,ha-noi,"PHÂN LÔ PHỐ HỒNG MAI - BẠCH MAI. DT 45M x 5T, MT 3.3M. GIÁ 5.6 Tỷ",,"Hồng mai, Phường Bạch Mai, Quận Hai Bà Trưng, Hà NộiXem bản đồ",
69 m²,4 phòng,,,"Nhà ngõ, hẻm",4.5 m,,"91,3 triệu/m²",,,,,,ha-noi,"Siêu rẻ! Bán nhà ngõ 58 Nguyễn Khánh Toàn, sát phố, oto, sổ nở hậu",,"Nguyễn Khánh Toàn, Phường Quan Hoa, Quận Cầu Giấy, Hà NộiXem bản đồ",
24 m²,3 phòng,4 phòng,,"Nhà ngõ, hẻm",4 m,,120 triệu/m²,,4,,Nội thất đầy đủ,,ha-noi,Bán nhà Dân xây Ngõ 77 phố Đại La quận Hai Bà Trưng. Ngõ nông gần phố,,"Phố Đại La, Phường Trương Định, Quận Hai Bà Trưng, Hà NộiXem bản đồ",
45 m²,5 phòng,5 phòng,Đã có sổ,"Nhà ngõ, hẻm",4 m,,"173,33 triệu/m²",,6,,,,ha-noi,Bán Nhà Lô Góc 2 mặt thoáng 6 tầng thang máy Phố Hoàng Văn Thái,,"Hoàng Văn Thái, Phường Khương Trung, Quận Thanh Xuân, Hà NộiXem bản đồ",
40 m²,4 phòng,4 phòng,Đã có sổ,"Nhà ngõ, hẻm",,,"121,25 triệu/m²",,4,,Nội thất đầy đủ,,ha-noi,"Bán nhà Dân Xây Ngõ 96 phố Đại Từ,nhà lô góc 3 mặt thoáng mở cửa 2 ngo",,"Đại Từ, Phường Đại Kim, Quận Hoàng Mai, Hà NộiXem bản đồ",
35 m²,3 phòng,,Đã có sổ,"Nhà mặt phố, mặt tiền",3.5 m,,"72,86 triệu/m²",,5,,Nhà trống,,ha-noi,"Bán Nhà YÊN NGHĨA - Cách bến xe 200m- mới 100% -35m2 x 5 tầng,2tỷ550tr",,"Đường cao tốc vành đai 4, Phường Dương Nội, Quận Hà Đông, Hà NộiXem bản đồ",
35 m²,4 phòng,4 phòng,Đã có sổ,"Nhà mặt phố, mặt tiền",,,"72,86 triệu/m²",,,,Nội thất đầy đủ,,ha-noi,Bán nhà kim chung xây dân xây đơn lập.,,"59 Yên Bệ, Xã Kim Chung, Huyện Hoài Đức, Hà NộiXem bản đồ",
40 m²,6 phòng,4 phòng,Đã có sổ,"Nhà ngõ, hẻm",4 m,,120 triệu/m²,,,,Nội thất đầy đủ,,ha-noi,"💥Nhà đẹp, Lô góc 45 m2x 5T Trường Chinh, Đống Đa.Giá chỉ 4.8 tỷ.🍀",,"Đường Trường Chinh, Phường Khương Thượng, Quận Đống Đa, Hà NộiXem bản đồ",
35 m²,3 phòng,,Đã có sổ,"Nhà ngõ, hẻm",4 m,,120 triệu/m²,,5,,Nội thất cao cấp,,ha-noi,Bán Nhà Trần Cung-Nhà Mới Ở Ngay 35m2 5 Tầng-Cách Phố 50M,,"Trần cung, Phường Cổ Nhuế 1, Quận Bắc Từ Liêm, Hà NộiXem bản đồ",
35 m²,3 phòng,4 phòng,Đã có sổ,"Nhà ngõ, hẻm",,,"118,57 triệu/m²",,5,,Nội thất đầy đủ,,ha-noi,"Bán nhà đẹp Nguyễn Trãi, ngõ to rộng, gần phố, 35m2x5T, 4.15 tỷ",,"Nguyễn Trãi, Phường Nhân Chính, Quận Thanh Xuân, Hà NộiXem bản đồ",
31 m²,2 phòng,2 phòng,Đã có sổ,"Nhà ngõ, hẻm",,,"96,13 triệu/m²",,2,,Nội thất đầy đủ,,ha-noi,"Bán nhà p. Minh Khai, Hai Bà Trưng, kinh doanh 31mx2TxMT6 giá 2,98 tỷ",,"Phố Minh Khai, Phường Minh Khai, Quận Hai Bà Trưng, Hà NộiXem bản đồ",
35 m²,2 phòng,3 phòng,Đã có sổ,"Nhà ngõ, hẻm",,,"74,29 triệu/m²",Tây Nam,4,,,,ha-noi,BÁN NHANH NHÀ PHÚC LỢI LONG BIÊN 34m 4 tầng CHỦ GIẢM CÒN NHỈNH 2TỶ,,"Phúc Lợi, Phường Long Biên, Quận Long Biên, Hà NộiXem bản đồ",
39 m²,4 phòng,4 phòng,,"Nhà ngõ, hẻm",3.5999 m,39 m²,"110,26 triệu/m²",,4,,,,ha-noi,BÁN NHÀ NGỌC TRÌ - Ô TÔ ĐỖ CỬA - NHÀ DÂN XÂY- 39 –NHỈNH 4 TỶ,,"Ngách 318/198 Phố Ngọc Trì, Phường Thạch Bàn, Quận Long Biên, Hà NộiXem bản đồ",
43 m²,4 phòng,,Đã có sổ,"Nhà ngõ, hẻm",4 m,,"170,7 triệu/m²",,5,,Nội thất cao cấp,,ha-noi,CỰC NGON! BÁN NHÀ CẦU GIẤY MỚI TINH- OTO ĐỖ CỬA- 5 TẦNG- SỔ ĐẸP- 0 LỖI,,"Yên Hòa, Phường Yên Hoà, Quận Cầu Giấy, Hà NộiXem bản đồ",
67.5 m²,5 phòng,4 phòng,Đã có sổ,"Nhà ngõ, hẻm",,,"177,78 triệu/m²",,5,,Nội thất cao cấp,,ha-noi,Quá Hot 68m2 Khu đô thị Văn Phú Hà Đông 12 tỷ,,"Văn Phú, Phường La Khê, Quận Hà Đông, Hà NộiXem bản đồ",
40 m²,6 phòng,5 phòng,,"Nhà mặt phố, mặt tiền",,200 m²,150 triệu/m²,,5,,,,ha-noi,Bán nhà mặt ngõ kinh doanh Nhân chính-Thanh xuân 40m 5 tầng hơn 6 tỷ,,"Quan Nhân, Phường Nhân Chính, Quận Thanh Xuân, Hà NộiXem bản đồ",
61 m²,4 phòng,4 phòng,Đã có sổ,"Nhà ngõ, hẻm",5 m,,"129,51 triệu/m²",,4,,,,ha-noi,Bán nhà Phố Đê Trần Khát Chân ngõ thông ô tô vào nhà kinh doanh,,"Đường Trần Khát Chân, Phường Thanh Lương, Quận Hai Bà Trưng, Hà NộiXem bản đồ",
68 m²,3 phòng,2 phòng,Đã có sổ,"Nhà mặt phố, mặt tiền",,,"233,68 triệu/m²",,5,,Nội thất đầy đủ,,ha-noi,"BÁN NHÀ MẶT PHỐ DƯƠNG VĂN BÉ, HAI BÀ TRƯNG GẦN TIME CITY KINH DOANH",,"Phố Dương Văn Bé, Phường Vĩnh Tuy, Quận Hai Bà Trưng, Hà NộiXem bản đồ",
65 m²,9 phòng,Nhiều hơn 6 phòng,Đã có sổ,"Nhà ngõ, hẻm",,65 m²,"103,08 triệu/m²",,,,Nội thất đầy đủ,,ha-noi,"HOT BÁN GẤP CHDV MỸ ĐÌNH, FULL NỘI THẤT, DT 65M, OTO, KD, GIÁ 6.7 TỶ",,"Đường Mỹ Đình, Phường Mỹ Đình 1, Quận Nam Từ Liêm, Hà NộiXem bản đồ",
40 m²,4 phòng,5 phòng,Đã có sổ,Nhà phố liền kề,,,"171,25 triệu/m²",Tây Nam,7,,,,ha-noi,"Cc Bán nhà 40m2 268 Ngọc Thụy. Thang máy, Kinh doanh Giá rẻ",,"268 Ngọc Thụy, Phường Ngọc Thụy, Quận Long Biên, Hà NộiXem bản đồ",
33 m²,3 phòng,,Đã có sổ,"Nhà ngõ, hẻm",,,"116,67 triệu/m²",,,Nở hậu,Nội thất cao cấp,,ha-noi,Bán nhà 5 tầng - 3PN full đồ xanh ngát tại ngọc thụy 3 tỷ hơn,,"268 Ngọc THỤY, Phường Ngọc Thụy, Quận Long Biên, Hà NộiXem bản đồ",
38 m²,4 phòng,,,"Nhà ngõ, hẻm",,,"176,05 triệu/m²",,,,,,ha-noi,"Bán gấp nhà 6 tầng Vũ Trọng Phụng – Thanh Xuân, DT 38m, giá 6.69 tỷ",,"Vũ Trọng Phụng, Phường Nhân Chính, Quận Thanh Xuân, Hà NộiXem bản đồ",
40 m²,4 phòng,,Đã có sổ,"Nhà mặt phố, mặt tiền",,43 m²,"188,75 triệu/m²",,6,,,,ha-noi,"HIẾM -PHÂN LÔ Ô TÔ VÀO NHÀ , KINH DOANH VĂN PHÒNG - VỈA HÈ RỘNG",,"Đường Chiến Thắng, Phường Văn Quán, Quận Hà Đông, Hà NộiXem bản đồ",
39 m²,3 phòng,4 phòng,Đã có sổ,"Nhà ngõ, hẻm",,,"87,18 triệu/m²",,5,,Nội thất đầy đủ,,ha-noi,"Nhỉnh 3 tỷ 5 tầng rộng đủ nội thất, ngõ nông, tiện ích tốt thuận tiện",,"Giáp Nhị, Phường Thịnh Liệt, Quận Hoàng Mai, Hà NộiXem bản đồ",
40 m²,3 phòng,3 phòng,Đã có sổ,"Nhà ngõ, hẻm",,,"82,5 triệu/m²",,4,,Nội thất đầy đủ,,ha-noi,"Bán nhà Vĩnh Hưng, 4 tầng, 3 phòng, sổ đỏ đẹp, 40m2, chỉ 3.3 tỷ.",,"Vĩnh Hưng, Phường Vĩnh Hưng, Quận Hoàng Mai, Hà NộiXem bản đồ",
42 m²,6 phòng,,Đã có sổ,"Nhà mặt phố, mặt tiền",,,100 triệu/m²,,,,,,ha-noi,"BÁN NHÀ TRẦN KHÁT CHÂN 42M 5 TẦNG CHỈ 4,2 tỷ HAI BÀ TRƯNG",,"Phố Trần Khát Chân, Phường Bạch Mai, Quận Hai Bà Trưng, Hà NộiXem bản đồ",
40 m²,5 phòng,4 phòng,Đã có sổ,"Nhà ngõ, hẻm",,,"107,5 triệu/m²",,5,,Nội thất đầy đủ,,ha-noi,"""Nên mua"" Bán Nhà Giáp Nhị-Hoàng Mai-Lô góc-Gần phố-DT40-5T-Giá 4.3tỷ",,"Giáp Nhị, Phường Thịnh Liệt, Quận Hoàng Mai, Hà NộiXem bản đồ",
40 m²,4 phòng,,Đã có sổ,"Nhà mặt phố, mặt tiền",,,"112,5 triệu/m²",,,,,,ha-noi,✍️Nhà Cần Bán Chỉ Cần Sách Vali Ở Giáp Bát .@DT 40m 5 Tầng 4 tỷ,,"Phố Giáp Bát, Phường Giáp Bát, Quận Hoàng Mai, Hà NộiXem bản đồ",
39 m²,3 phòng,4 phòng,Đã có sổ,"Nhà ngõ, hẻm",,,"152,56 triệu/m²",,5,,Nội thất cao cấp,,ha-noi,"Thật 100%! Trung tâm Cầu Giấy , vị trí siêu đẹp, ở thì tuyệt 40m*5T.",,"Cầu Giấy, Phường Quan Hoa, Quận Cầu Giấy, Hà NộiXem bản đồ",
17 m²,2 phòng,,,"Nhà ngõ, hẻm",,,"136,47 triệu/m²",,,,,,ha-noi,"2,32TỶ NHỎ XINH - MINH KHAI HAI BÀ -SỔ RIÊNG",,"Phố Minh Khai, Phường Minh Khai, Quận Hai Bà Trưng, Hà NộiXem bản đồ",
32 m²,1 phòng,,Đã có sổ,"Nhà mặt phố, mặt tiền",,,"103,13 triệu/m²",Đông Bắc,1,,Nhà trống,,ha-noi,"Nhà đẹp mặt phố ô tô tránh kinh doanh đỉnh, 32m, MT5m, 3,3 tỷ",,"Nhân Trạch, Phường Phú Lương, Quận Hà Đông, Hà NộiXem bản đồ",
33 m²,4 phòng,5 phòng,Đã có sổ,"Nhà mặt phố, mặt tiền",,,"102,39 triệu/m²",,5,,Nội thất đầy đủ,,ha-noi,Bán nhà Đa S,,"Đường Đa Sỹ, Phường Kiến Hưng, Quận Hà Đông, Hà NộiXem bản đồ",
740 m²,4 phòng,4 phòng,Đã có sổ,"Nhà ngõ, hẻm",4 m,,"14,59 triệu/m²",,,,,18 m,ha-noi,"BÁN NHÀ RIÊNG KHƯƠNG HẠ , KHƯƠNG ĐÌNH THANH XUÂN - KINH DOANH - GARA",,"Khương Hạ, Phường Khương Đình, Quận Thanh Xuân, Hà NộiXem bản đồ",
36 m²,3 phòng,2 phòng,Đã có sổ,"Nhà ngõ, hẻm",,,100 triệu/m²,,4,,Nhà trống,,ha-noi,"Cần Bán nhà phố Vạn Kiếp, HBT, DT36m2 x4 tầng (3pn),chỉ 3.6 tỷ, nở hậu",,"Ngõ 32 Vạn Kiếp, Phường Bạch Đằng, Quận Hai Bà Trưng, Hà NộiXem bản đồ",
55 m²,4 phòng,3 phòng,Đã có sổ,"Nhà ngõ, hẻm",,,"108,91 triệu/m²",,4,,,,ha-noi,Cần Bán Nhà Mặt Ngõ Phố Phạm Ngọc Thạch 55m2 X4 Tầng Nhà Đẹp Nhỉnh 5Tỷ,,"Phạm Ngọc Thạch , Phường Kim Liên, Quận Đống Đa, Hà NộiXem bản đồ",
38.5998 m²,3 phòng,4 phòng,Đã có sổ,"Nhà ngõ, hẻm",,,"116,58 triệu/m²",,6,,Nhà trống,,ha-noi,"Tôi Bán Nhà Thạch Bàn, LB - 38,6M x 6T - Lo Góc - Ngõ Thông Kinh Doanh",,"Đường Cổ Linh, Phường Thạch Bàn, Quận Long Biên, Hà NộiXem bản đồ",
33 m²,4 phòng,,Đã có sổ,"Nhà mặt phố, mặt tiền",,,"181,82 triệu/m²",,,,,,ha-noi,"Sốc! Lô góc Thái Hà, kinh doanh, ô tô, phân lô, 2 thoáng 33m2*5T",,"Phố Hoàng Cầu, Phường Trung Liệt, Quận Đống Đa, Hà NộiXem bản đồ",
50 m²,3 phòng,2 phòng,,"Nhà ngõ, hẻm",,,70 triệu/m²,,,,,,ha-noi,"Bán nhà Phúc Lợi, 50m2, 3 tầng, 3.5 tỷ, dân xây, 20m ô tô tránh",,"undefined, Phường Phúc Lợi, Quận Long Biên, Hà NộiXem bản đồ",
24 m²,2 phòng,,,"Nhà ngõ, hẻm",,,"187,5 triệu/m²",,,,,,ha-noi,"Cần bán gấp nhà riêng chính chủ, miễn trung gian, quận Đống Đa",,"Phố Đặng Tiến Đông, Phường Trung Liệt, Quận Đống Đa, Hà NộiXem bản đồ",
52 m²,3 phòng,4 phòng,Đã có sổ,"Nhà mặt phố, mặt tiền",,,"221,15 triệu/m²",,5,,Nội thất cao cấp,,ha-noi,"Bán Nhà đẹp Lê Đức Thọ Mỹ Đình phân lô ô tô, kinh doanh 50m chỉ 11tỷ.",,"lê đức thọ, Phường Mỹ Đình 2, Quận Nam Từ Liêm, Hà NộiXem bản đồ",
45 m²,5 phòng,,,"Nhà ngõ, hẻm",,,120 triệu/m²,,,,,,ha-noi,5 tỷ - nhà 45 m2 LÔ GÓC - NGÕ THÔNG KINH DOANH - 30M Ô TÔ tặng full đồ,,"mễ tri hạ, Phường Dịch Vọng Hậu, Quận Cầu Giấy, Hà NộiXem bản đồ",
35 m²,3 phòng,,Đã có sổ,"Nhà ngõ, hẻm",,,"117,14 triệu/m²",,5,,Nội thất cao cấp,,ha-noi,"Nhất Khương Đình,2 thoáng,mới, gần oto,full NT 35m2,5 tầng, chỉ 4.1 tỷ",,"KHƯƠNG ĐÌNH, Phường Khương Đình, Quận Thanh Xuân, Hà NộiXem bản đồ",
35 m²,3 phòng,3 phòng,Giấy tờ khác,"Nhà ngõ, hẻm",,,180 triệu/m²,,3,,Nội thất đầy đủ,,ha-noi,BÁN NHÀ 5/50 HÀNG BẠC - LÀM HOMESTAY HOẶC QUÁN BAR - ĐẸP TUYỆT NHƯ MƠ!,,"5/50, Hàng Bạc, Phường Hàng Bạc, Quận Hoàn Kiếm, Hà NộiXem bản đồ",
32 m²,4 phòng,4 phòng,Đã có sổ,"Nhà ngõ, hẻm",,,"182,81 triệu/m²",,6,,Nội thất cao cấp,,ha-noi,Bán Nhà Đẹp Phố Giang Văn Minh Ba Đình 6 Tầng giá chỉ có 5.85 tỷ.,,"Phố Giang Văn Minh, Phường Đội Cấn, Quận Ba Đình, Hà NộiXem bản đồ",
14 m²,3 phòng,3 phòng,,"Nhà ngõ, hẻm",,,"132,14 triệu/m²",,5,,,,ha-noi,"nhỉnh 1 tỷ có ngay sổ đỏ kim mã 14m*5 tâng, ngõ 3 gác, kinh doanh đỉnh",,"Phố Kim Mã, Phường Kim Mã, Quận Ba Đình, Hà NộiXem bản đồ",
100 m²,5 phòng,6 phòng,Đã có sổ,"Nhà ngõ, hẻm",,,180 triệu/m²,,6,"Hẻm xe hơi,Nở hậu",,,ha-noi,BÁN NHÀ SIÊU ĐẸP 100M2-SÁT PHỐ NGUYỄN VĂN CỪ-THANG MÁY-2 THOÁNG-GARA.,,"Nguyễn Văn Cừ, Phường Long Biên, Quận Long Biên, Hà NộiXem bản đồ",
90 m²,5 phòng,5 phòng,Đã có sổ,"Nhà ngõ, hẻm",,,"133,33 triệu/m²",,4,,Nội thất cao cấp,,ha-noi,"Bán nhà Trích Sài, 90m2, 4T, 7m, lô góc, 3thoáng, nở hậu, 12 tỷ Tây Hồ",,"Trích Sài, Phường Bưởi, Quận Tây Hồ, Hà NộiXem bản đồ",
45 m²,3 phòng,,,"Nhà ngõ, hẻm",,,"64,22 triệu/m²",,,,,,ha-noi,"BÁN NHÀ PHỐ PHÚC LỢI-LONG BIÊN gần VINHOM Rvers-💰2,89 tỷ.5 tầng",,"Phúc Lợi, Phường Phúc Lợi, Quận Long Biên, Hà NộiXem bản đồ",
50 m²,4 phòng,3 phòng,Đã có sổ,"Nhà ngõ, hẻm",,250 m²,97 triệu/m²,,,,,,ha-noi,TRUNG TÂM QUẬN - NHÀ MỚI Ở LUÔN - CHỦ TỰ XÂY - GẦN PHỐ - GẦN Ô TÔ,,"Triều Khúc, Phường Thanh Xuân Nam, Quận Thanh Xuân, Hà NộiXem bản đồ",
