Diện tích đất:,Số phòng ngủ:,Số phòng vệ sinh:,Giấy tờ pháp lý:,Loại hình nhà ở:,Chiều ngang:,Diện tích sử dụng:,Giá/m2:,Hướng cửa chính:,Tổng số tầng:,Đặc điểm nhà/đất:,Tình trạng nội thất:,Chiều dài:,Location,Name,URL,District,Price
105 m²,5 phòng,3 phòng,Đã có sổ,"Nhà mặt phố, mặt tiền",,,"53,33 triệu/m²",Nam,3,,,,da-nang,"💎Cần bán nhà 3 tầng MT đường Đoàn Nhữ Hài,P Hoà khê,Q Thanh Khê.",,"Đường Đoàn Nhữ Hài, Phường Hòa Khê, Quận Thanh Khê, Đà NẵngXem bản đồ",
116 m²,2 phòng,1 phòng,Đã có sổ,"Nhà mặt phố, mặt tiền",6 m,,"33,62 triệu/m²",,1,,,,da-nang,"Bán đất tặng nhà C4 và dãy phòng trọ có dòng tiền ổn định,",,"nguyễn khuyến, Phường Hòa Khánh Nam, Quận Liên Chiểu, Đà NẵngXem bản đồ",
71 m²,4 phòng,4 phòng,,"Nhà ngõ, hẻm",,,"39,3 triệu/m²",,1,"Hẻm xe hơi,Nở hậu",,,da-nang,"CHÍNH CHỦ BÁN GẤP Đường Ô tô Hà Huy Tập, Giá Rẻ Hơn Thị Trường Nhiều",,"Hà Huy Tập, Phường Hòa Khê, Quận Thanh Khê, Đà NẵngXem bản đồ",
70 m²,1 phòng,1 phòng,Đã có sổ,"Nhà mặt phố, mặt tiền",,,"68,57 triệu/m²",Tây Nam,1,,,,da-nang,bán nhà gần chợ đông đúc dân qua lại,,"Mỹ Đa Đông, Phường Mỹ An, Quận Ngũ Hành Sơn, Đà NẵngXem bản đồ",
92 m²,2 phòng,2 phòng,Đã có sổ,"Nhà mặt phố, mặt tiền",,,"260,87 triệu/m²",,2,,Nhà trống,,da-nang,🔥 NHÀ 2 TẦNG LÊ DUẨN ĐANG CHO THUÊ 50tr/tháng GIÁ 2x nhỏ 🆘,,"Lê Duân, Phường Thạch Thang, Quận Hải Châu, Đà NẵngXem bản đồ",
80 m²,3 phòng,,,"Nhà mặt phố, mặt tiền",,,"68,75 triệu/m²",,,,,,da-nang,"Nhà đẹp 3 tầng mới 100%, Phú Lộc 1 , tặng kèm FULL nội thất đón Tết",,"Phú Lộc 1, Phường Hòa Minh, Quận Liên Chiểu, Đà NẵngXem bản đồ",
91 m²,3 phòng,4 phòng,Đã có sổ,"Nhà mặt phố, mặt tiền",5 m,,"49,45 triệu/m²",,,,,18.2 m,da-nang,🔴💥NHÀ 3 TẦNG ĐƯỜNG BÀU NĂNG 2 - SÁT LÝ THÁI TÔNG,,"Bàu Năng 2, Phường Hòa Minh, Quận Liên Chiểu, Đà NẵngXem bản đồ",
56 m²,3 phòng,2 phòng,Đã có sổ,"Nhà mặt phố, mặt tiền",,,"56,96 triệu/m²",Đông Nam,3,,,,da-nang,"⭐️ NHÀ 2,5 TẦNG ĐƯỜNG BÙI LÂM.- DIỆN TÍCH 56m2 (4x14).- HƯỚNG ĐÔNG NAM",,"Bui Lam, Phường An Hải Bắc, Quận Sơn Trà, Đà NẵngXem bản đồ",
70 m²,3 phòng,3 phòng,Đã có sổ,"Nhà ngõ, hẻm",,,"54,29 triệu/m²",Đông Bắc,3,,,,da-nang,Nhà 3 Tầng 2 Mặt Kiệt Ô Tô 5m Nguyễn Tất Thành Cách Đường 65m,,"Nguyễn Tất Thành, Phường Xuân Hà, Quận Thanh Khê, Đà NẵngXem bản đồ",
100 m²,3 phòng,4 phòng,Đã có sổ,"Nhà mặt phố, mặt tiền",,,61 triệu/m²,Tây Nam,3,,,,da-nang,Bán nhà 3 tầng Bùi Trang Chước Hoà Xuân gần BT ven sông mới đẹp ĐN,,"Bùi Trang Chước, Phường Hòa Xuân, Quận Cẩm Lệ, Đà NẵngXem bản đồ",
100 m²,1 phòng,,,"Nhà mặt phố, mặt tiền",,,29 triệu/m²,,,,,,da-nang,Bán nhà đẹp c4 gần mẹ thứ và văn tiến dũng hòa xuân,,"Gần MẸ THỨ VÀ VĂN TIẾN DŨNG, Phường Hòa Xuân, Quận Cẩm Lệ, Đà NẵngXem bản đồ",
81 m²,3 phòng,3 phòng,Đã có sổ,"Nhà mặt phố, mặt tiền",,,"141,98 triệu/m²",Tây,3,,,,da-nang,Nhà MT Lê Thanh Nghị - Hòa cường bắc,,"Phan Đăng Lưu, Phường Hòa Cường Bắc, Quận Hải Châu, Đà NẵngXem bản đồ",
100 m²,4 phòng,,Đã có sổ,"Nhà mặt phố, mặt tiền",,,62 triệu/m²,Đông,4,,Nội thất cao cấp,,da-nang,GẤP!!Nhà 4 Tầng Mới Xây Đường 20m Bình Hòa 4 Nội Thất Cực Đẹp Giá Tốt!,,"bình hòa 4, Phường Khuê Trung, Quận Cẩm Lệ, Đà NẵngXem bản đồ",
45 m²,2 phòng,1 phòng,,"Nhà ngõ, hẻm",,,"66,67 triệu/m²",,2,,,,da-nang,BÁN NHÀ 2 TẦNG SIÊU MỚI KIỆT HOÀNG DIỆU CÁCH ĐƯỜNG CHỈ 40M,,"HOÀNG DIỆU, Phường Bình Thuận, Quận Hải Châu, Đà NẵngXem bản đồ",
40 m²,3 phòng,2 phòng,Đã có sổ,"Nhà ngõ, hẻm",,,"58,75 triệu/m²",Bắc,3,,,,da-nang,"Bán nhà 3 tầng 2 mặt kiệt Núi Thành, cách đường chỉ 20m",,"Núi Thành, Phường Hòa Cường Bắc, Quận Hải Châu, Đà NẵngXem bản đồ",
65 m²,3 phòng,4 phòng,Đã có sổ,"Nhà ngõ, hẻm",,,"66,92 triệu/m²",Tây Nam,3,,,,da-nang,"Bán nhà 3 Tầng Kiệt oto Nguyễn Tri Phương, full nội thất",,"Nguyễn Tri Phương, Phường Hòa Thuận Tây, Quận Hải Châu, Đà NẵngXem bản đồ",
100 m²,6 phòng,,,"Nhà ngõ, hẻm",,,69 triệu/m²,,,,,,da-nang,BÁN NHÀ KIỆT OTO 7M TRẦN VĂN SƯ GẦN CHỢ BÂC MỸ AN,,"Đường Trần Văn Dư, Phường Mỹ An, Quận Ngũ Hành Sơn, Đà NẵngXem bản đồ",
111 m²,nhiều hơn 10 phòng,,,"Nhà mặt phố, mặt tiền",,,"128,83 triệu/m²",,,,,,da-nang,BÁN NHÀ LÔ GÓC TT HOÀ CƯỜNG BẮC ĐANG CHO THUÊ 60tr/tháng,,"Nguyễn Phẩm, Phường Hòa Cường Bắc, Quận Hải Châu, Đà NẵngXem bản đồ",
60 m²,4 phòng,,,"Nhà mặt phố, mặt tiền",,,"62,5 triệu/m²",,,,,,da-nang,"Bán lô đất biển An Thượng, dân cư đông đúc",,"An Thượng, Phường Mỹ An, Quận Ngũ Hành Sơn, Đà NẵngXem bản đồ",
90 m²,4 phòng,,,"Nhà mặt phố, mặt tiền",5 m,,"61,11 triệu/m²",,,,,,da-nang,🦚Bán Nhà 3 Tầng đường 7.5 trung tâm Sơn Trà nhà cứng ngắt,,"Lê Chân, Phường An Hải Bắc, Quận Sơn Trà, Đà NẵngXem bản đồ",
125 m²,7 phòng,,,"Nhà mặt phố, mặt tiền",,,"42,8 triệu/m²",,,,,,da-nang,Tòa căn hộ 5 tầng thang máy thu nhập 35tr/Tháng,,"điện biên phủ, Phường Thanh Khê Đông, Quận Thanh Khê, Đà NẵngXem bản đồ",
115 m²,3 phòng,2 phòng,Đã có sổ,"Nhà mặt phố, mặt tiền",,,"39,91 triệu/m²",Nam,2,,,,da-nang,"CẦN BÁN NHÀ 2 TẦNG MẶT TIỀN ĐƯỜNG PHAN THAO_HÒA XUÂN,CẨM LỆ.",,"Phan Thao, Phường Hòa Xuân, Quận Cẩm Lệ, Đà NẵngXem bản đồ",
130 m²,nhiều hơn 10 phòng,Nhiều hơn 6 phòng,Đã có sổ,"Nhà mặt phố, mặt tiền",,,"130,68 triệu/m²",,6,,Nội thất cao cấp,,da-nang,"16,x tỷ dòng tiền 120 triệu, Ngũ Hành Sơn, Toà căn hộ 6 Tầng 24P full.",,"Mỹ An, Phường Mỹ An, Quận Ngũ Hành Sơn, Đà NẵngXem bản đồ",
32 m²,2 phòng,2 phòng,Đã có sổ,"Nhà ngõ, hẻm",,,"67,19 triệu/m²",,,Nở hậu,Nhà trống,,da-nang,SIÊU PHẨM CHO VỢ CK TRẺ - GIÁ CHỈ 2.xx tiểu học (Tl),,"Thái Thị Bôi, Phường Chính Gián, Quận Thanh Khê, Đà NẵngXem bản đồ",
100 m²,3 phòng,,Đã có sổ,Nhà phố liền kề,,,37 triệu/m²,Tây Nam,3,,Bàn giao thô,,da-nang,"Bán nhà 3 tầng, đường rộng 15m, cách biển chỉ 1km tp Đà Nẵng",,"đường 15m, Phường Hòa Hiệp Nam, Quận Liên Chiểu, Đà NẵngXem bản đồ",
100 m²,5 phòng,4 phòng,Đã có sổ,"Nhà mặt phố, mặt tiền",,,"49,99 triệu/m²",,4,,Nội thất cao cấp,,da-nang,Bán nhà 4 tầng mới keng đường 10m5 khu ĐT Phước Lý giá chỉ hơn 4 tỷ,,"nguyễn nhược pháp, Phường Hòa Minh, Quận Liên Chiểu, Đà NẵngXem bản đồ",
93 m²,1 phòng,1 phòng,Đã có sổ,"Nhà ngõ, hẻm",,,"17,42 triệu/m²",Đông Nam,1,,,,da-nang,Bán đất tặng nhà cấp 4 kiệt ô tô bình kỳ. giá rẻ,,"Bình Kỳ, Phường Hoà Quý, Quận Ngũ Hành Sơn, Đà NẵngXem bản đồ",
90 m²,2 phòng,2 phòng,Đã có sổ,"Nhà ngõ, hẻm",,,"27,78 triệu/m²",Tây Nam,2,,,,da-nang,"Bán nhà 2 tầng k21 Dũng Sĩ Thanh Khê, Q Thanh Khê. 90m2 đất nở hậu đẹp",,"dũng sĩ thanh khê, Phường Thanh Khê Đông, Quận Thanh Khê, Đà NẵngXem bản đồ",
254 m²,1 phòng,1 phòng,Đã có sổ,"Nhà mặt phố, mặt tiền",,,"62,99 triệu/m²",Nam,1,,,,da-nang,Bán Nhà Mặt Tiền Đường Dương Đình Nghệ Đà Nẵng,,"Dương Đình Nghệ, Phường An Hải Bắc, Quận Sơn Trà, Đà NẵngXem bản đồ",
125 m²,4 phòng,4 phòng,Đã có sổ,"Nhà mặt phố, mặt tiền",,,"43,6 triệu/m²",Đông Bắc,3,,,,da-nang,Bán Nhà Mặt Tiền Đường Nguyễn Xí Đà Nẵng,,"Đường Nguyễn Xí, Phường Hòa Minh, Quận Liên Chiểu, Đà NẵngXem bản đồ",
50 m²,3 phòng,2 phòng,Đã có sổ,"Nhà mặt phố, mặt tiền",,,73 triệu/m²,Tây Nam,2,,,,da-nang,Mình cần bán nhà 2 tầng mặt tiền Phạm Nhữ Tăng ( 𝐓𝐇𝐀𝐍𝐇 𝐊𝐇𝐄 ),,"Phạm Nhữ Tăng, Phường Hòa Khê, Quận Thanh Khê, Đà NẵngXem bản đồ",
90 m²,4 phòng,5 phòng,Đã có sổ,"Nhà mặt phố, mặt tiền",,,"133,33 triệu/m²",Tây Nam,4,,,,da-nang,Bán nhà 4 tầng mt Mai Thúc Lân mới xây,,"Đường Mai Thúc Lân, Phường Mỹ An, Quận Ngũ Hành Sơn, Đà NẵngXem bản đồ",
77 m²,3 phòng,4 phòng,Đã có sổ,"Nhà mặt phố, mặt tiền",,,"71,43 triệu/m²",Đông Bắc,3,,,,da-nang,nhà 3 tầng mặt tiền 5m5 phú lộc thiết kế hiện đại,,"Đường Phú Lộc 3, Phường Hòa Minh, Quận Liên Chiểu, Đà NẵngXem bản đồ",
30 m²,2 phòng,,,"Nhà ngõ, hẻm",,,"49,67 triệu/m²",,11,,,,da-nang,"Nhà gác lửng kiệt Điện Biên Phủ, diện tích 30m2 giá cực rẻ",,"Đường Điện Biên Phủ, Phường Thanh Khê Đông, Quận Thanh Khê, Đà NẵngXem bản đồ",
55 m²,2 phòng,2 phòng,Đã có sổ,"Nhà ngõ, hẻm",,,"35,82 triệu/m²",Tây Bắc,,,Nhà trống,,da-nang,👉Chào bán nhà c4 kiên cố sạch sẽ...k3m K27 TRẦN XUÂN LÊ (Kiệt thẳng k,,"Trần Xuân Lê, Phường Hòa Khê, Quận Thanh Khê, Đà NẵngXem bản đồ",
43 m²,2 phòng,2 phòng,Đã có sổ,"Nhà ngõ, hẻm",,,"52,79 triệu/m²",Bắc,,,Nội thất cao cấp,,da-nang,"👉 - Chính chủ Gởi Bán Nhà Mê Lững Đúc kiệt 136 Trần Cao Vân , Nhà Cách",,"Tam Thuận, Phường Tam Thuận, Quận Thanh Khê, Đà NẵngXem bản đồ",
85.5 m²,3 phòng,2 phòng,,"Nhà mặt phố, mặt tiền",,,"61,4 triệu/m²",,,,,,da-nang,Tôi chính chủ bán nhà 2 tầng 2 mê mặt tiền đường Hồ Tùng Mậu,,"Đường Hồ Tùng Mậu, Phường Hòa Minh, Quận Liên Chiểu, Đà NẵngXem bản đồ",
120 m²,3 phòng,,,"Nhà mặt phố, mặt tiền",,,70 triệu/m²,,,,,,da-nang,"Sụp Hầm : MT Hải Châu đường Kinh Doanh 7m5 , DT 120m2 ngang 8m",,"Trương Chí Cương, Phường Hòa Cường Nam, Quận Hải Châu, Đà NẵngXem bản đồ",
110 m²,1 phòng,1 phòng,Đã có sổ,"Nhà mặt phố, mặt tiền",,,"30,45 triệu/m²",Tây,1,,,,da-nang,BÁN NHÀ ĐƯỜNG NGUYỄN ĐÌNH CHIỂU,,"Đường Nguyễn Đình Chiểu, Phường Khuê Mỹ, Quận Ngũ Hành Sơn, Đà NẵngXem bản đồ",
100 m²,3 phòng,3 phòng,Đã có sổ,"Nhà mặt phố, mặt tiền",,,55 triệu/m²,Tây Nam,3,,,,da-nang,"Bán nhà 3 tầng đường CỒN DÀU,khu vip Hoà xuân",,"Cồn Dầu, Phường Hòa Xuân, Quận Cẩm Lệ, Đà NẵngXem bản đồ",
50 m²,2 phòng,2 phòng,,"Nhà ngõ, hẻm",,,"33,6 triệu/m²",,,,,,da-nang,NHƯỢNG LẠI GÁC LỬNG DŨNG SĨ THANH KHÊ GIÁ RẺ 50M2 CHỈ 1TỶ680,,"Đường Dũng Sĩ Thanh Khê, Phường Thanh Khê Tây, Quận Thanh Khê, Đà NẵngXem bản đồ",
37 m²,2 phòng,2 phòng,Đã có sổ,"Nhà ngõ, hẻm",,,"47,57 triệu/m²",,2,,Nội thất đầy đủ,,da-nang,"ĐINH TIÊN HOÀNG , HẢI CHÂU",,"đinh tiên hoàng , đinh tiên hoàng , Phường Thanh Bình, Quận Hải Châu, Đà NẵngXem bản đồ",
85 m²,3 phòng,4 phòng,,"Nhà mặt phố, mặt tiền",5 m,,"45,29 triệu/m²",Tây Bắc,,,,17 m,da-nang,"Nhà mặt tiền 5m5 Thanh Khê giá rẻ , 3,8ty",,"171, Phần Lăng 17, Phường Hòa Khê, Quận Thanh Khê, Đà NẵngXem bản đồ",
100 m²,4 phòng,5 phòng,,"Nhà mặt phố, mặt tiền",5 m,,"61,23 triệu/m²",,4,,Nội thất cao cấp,,da-nang,"Sụp hầm nhà 4 tầng đường 10m5 kdc xuân Thuỷ, khuê trung",,"Xuân Thuỷ, Phường Khuê Trung, Quận Cẩm Lệ, Đà NẵngXem bản đồ",
70 m²,3 phòng,3 phòng,Đã có sổ,"Nhà mặt phố, mặt tiền",,,"70,71 triệu/m²",Tây Bắc,3,,,,da-nang,bán gấp mặt tiền 5m5 hoà cường gần lê thanh nghị tiếp khách thiện chí,,"Phan Trọng Tuệ, Phường Hòa Cường Bắc, Quận Hải Châu, Đà NẵngXem bản đồ",
51 m²,3 phòng,2 phòng,Đã có sổ,"Nhà ngõ, hẻm",,,"58,82 triệu/m²",Đông,2,,,,da-nang,RA MẶT TIỀN CÀN BÁN NHÀ KIỆT NGUYỄN HOÀNG TTTP-NGANG 4m NỞ HẬU TÀI LỘC,,"Nguyễn Hoàng, Phường Thạc Gián, Quận Thanh Khê, Đà NẵngXem bản đồ",
100 m²,5 phòng,3 phòng,Đã có sổ,"Nhà mặt phố, mặt tiền",,,59 triệu/m²,Đông Bắc,3,,,,da-nang,"Bán nhà 3 tầng mặt tiền đường Đoàn Khuê, Khuê Mỹ, Ngũ Hành Sơn",,"Đoàn Khuê, Phường Khuê Mỹ, Quận Ngũ Hành Sơn, Đà NẵngXem bản đồ",
75 m²,3 phòng,2 phòng,Đã có sổ,"Nhà mặt phố, mặt tiền",5 m,,"16,93 triệu/m²",,3,,,,da-nang,"Nhà trung tâm Hải Châu,Thanh Khê Đả Nẵng",,"Nguyễn Hoàng, Phường Vĩnh Trung, Quận Thanh Khê, Đà NẵngXem bản đồ",
45 m²,3 phòng,4 phòng,Đã có sổ,"Nhà ngõ, hẻm",,,"56,67 triệu/m²",Đông Nam,3,,,,da-nang,BÁN NHÀ 3 TẦNG KIỆT NGUYỄN PHƯỚC NGUYÊN,,"Nguyễn Phước Nguyên, Phường An Khê, Quận Thanh Khê, Đà NẵngXem bản đồ",
60 m²,3 phòng,2 phòng,Đã có sổ,"Nhà ngõ, hẻm",,,"53,33 triệu/m²",Nam,2,,,,da-nang,TÔI CHÍNH CHỦ BÁN NHÀ 2 TẦNG KIÊT HOÀNG DIỆU 🌹🌹🌹,,"Hoang Diệu, Phường Bình Thuận, Quận Hải Châu, Đà NẵngXem bản đồ",
72 m²,4 phòng,2 phòng,Đã có sổ,"Nhà mặt phố, mặt tiền",,,"47,22 triệu/m²",Đông Nam,2,,,,da-nang,❌ Nhà 2 Tầng Bùi Huy Bích : Đường 5m5 gần sông hàn,,"Bùi Huy Bích, Phường Nại Hiên Đông, Quận Sơn Trà, Đà NẵngXem bản đồ",
106 m²,4 phòng,,Đã có sổ,"Nhà mặt phố, mặt tiền",,,"39,62 triệu/m²",,,Nở hậu,Nội thất đầy đủ,,da-nang,"Sụp hầm_Nhà đẹp 3T diện tích khủng, MT đường Tôn Đản, gần Đinh Liệt",,"Tôn Đản, Phường Hòa Phát, Quận Cẩm Lệ, Đà NẵngXem bản đồ",
52 m²,3 phòng,3 phòng,Đã có sổ,Nhà phố liền kề,,,"59,62 triệu/m²",,2,,Nội thất đầy đủ,,da-nang,NHÀ NHƯI MẶT TIỀN 3MT 2 TẦNG LÊ ĐÌNH LÝ CHỈ 3TY1,,"Nguyễn Tri Phương, Phường Vĩnh Trung, Quận Thanh Khê, Đà NẵngXem bản đồ",
199.9 m²,5 phòng,,,Nhà biệt thự,,,"36,52 triệu/m²",,,,,,da-nang,CẮT LỖ 5TY BÁN NHANH BIỆT THỰ NGÔ CHÂN LƯU MUA 1 TẶNG 1,,"Ngô Chân Lưu, Phường Hòa Minh, Quận Liên Chiểu, Đà NẵngXem bản đồ",
100 m²,3 phòng,2 phòng,,"Nhà mặt phố, mặt tiền",,,44 triệu/m²,,2,,,,da-nang,"BÁN NHÀ 2 TẦNG ĐƯỜNG PHẠM XUÂN ẨN , TÂY NAM - P.HOÀ XUÂN , CẨM LỆ .",,"phạm xuân ẩn , Phường Hòa Xuân, Quận Cẩm Lệ, Đà NẵngXem bản đồ",
100 m²,3 phòng,4 phòng,,"Nhà mặt phố, mặt tiền",5 m,,56 triệu/m²,Đông Bắc,3,,,,da-nang,NHÀ MỚI ĐẦY ĐỦ NỘI THẤT NGAY NGUYỄN PHƯỚC LAN,,"Hồ Trung Lượng, Phường Hòa Xuân, Quận Cẩm Lệ, Đà NẵngXem bản đồ",
100 m²,3 phòng,4 phòng,Đã có sổ,"Nhà mặt phố, mặt tiền",,,72 triệu/m²,Tây Nam,3,,,,da-nang,"BÁN NHÀ MỚI 3 TẦNG ĐỐI LƯNG NGUYỄN PHƯỚC LAN, ĐẢO VIP HOÀ XUÂN",,"Hồ Phi Tích, Phường Hòa Xuân, Quận Cẩm Lệ, Đà NẵngXem bản đồ",
97 m²,4 phòng,3 phòng,Đã có sổ,"Nhà mặt phố, mặt tiền",,,"81,44 triệu/m²",,4,,Nội thất cao cấp,,da-nang,Nhà mặt tiền 4 tầng Lê Văn Đức sát công viên Thanh Niên giá 7.9 tỷ,,"Lê Văn Đức, Phường Hòa Cường Nam, Quận Hải Châu, Đà NẵngXem bản đồ",
62 m²,4 phòng,3 phòng,Đã có sổ,"Nhà ngõ, hẻm",,,"61,29 triệu/m²",Nam,3,,,,da-nang,BÁN NHÀ 3 TẦNG SAU LƯNG VÕ VĂN KIỆT,,"Võ Văn Kiệt, Phường An Hải Tây, Quận Sơn Trà, Đà NẵngXem bản đồ",
630 m²,4 phòng,,,Nhà biệt thự,,,"19,05 triệu/m²",,,,,,da-nang,"Bán biệt thự thuộc đường Âu Cơ,Hoà Khánh Bắc,Liên Chiểu giá 12tỷ 630m",,"Âu Cơ, Phường Hòa Khánh Bắc, Quận Liên Chiểu, Đà NẵngXem bản đồ",
72 m²,3 phòng,3 phòng,Đã có sổ,"Nhà mặt phố, mặt tiền",,,"41,53 triệu/m²",Đông,3,,,,da-nang,BÁN NHANH NHÀ 3 TẦNG KIỆT HOÀNG DIỆU - CHỈ 2TY990TR,,"Hoàng Diệu, Phường Hòa Thuận Đông, Quận Hải Châu, Đà NẵngXem bản đồ",
32 m²,2 phòng,2 phòng,Đã có sổ,"Nhà ngõ, hẻm",,,"67,19 triệu/m²",Nam,2,,,,da-nang,Bán nhà 2 tầng kiệt Thái Thị Bôi,,"Thái Thị Bôi, Phường Chính Gián, Quận Thanh Khê, Đà NẵngXem bản đồ",
164 m²,3 phòng,3 phòng,Đã có sổ,"Nhà mặt phố, mặt tiền",,,"37,5 triệu/m²",,2,,,,da-nang,Chủ định cư ở Mỹ ko người trông coi cần bán gấp trong tuần giá xụp,,"Đường Ngô Mây, Xã Hòa Châu, Huyện Hòa Vang, Đà NẵngXem bản đồ",
100 m²,2 phòng,2 phòng,Đã có sổ,"Nhà mặt phố, mặt tiền",,,32 triệu/m²,Đông Nam,1,,,,da-nang,"bán nhà gác lưng gần cầu Khuê Đông,110m2 đất,đường 7m5, ĐNam",,"Gần Võ Chí Công, Phường Hoà Quý, Quận Ngũ Hành Sơn, Đà NẵngXem bản đồ",
100 m²,3 phòng,2 phòng,Đã có sổ,"Nhà mặt phố, mặt tiền",,,"43,5 triệu/m²",Đông Bắc,2,,,,da-nang,BÁN NHÀ 2 TẦNG ĐƯỜNG HUỲNH NGỌC ĐỦ - HOÀ XUÂN,,"Huỳnh Ngọc Đủ, Phường Hòa Xuân, Quận Cẩm Lệ, Đà NẵngXem bản đồ",
62 m²,3 phòng,3 phòng,Đã có sổ,"Nhà ngõ, hẻm",,,"88,71 triệu/m²",Tây Bắc,4,,,,da-nang,Bán nhà 4 tầng kiệt oto tránh nhau đường Bình An 7-Hải Châu.,,"Bình An 7, Phường Hòa Cường Bắc, Quận Hải Châu, Đà NẵngXem bản đồ",
110 m²,3 phòng,3 phòng,Đã có sổ,"Nhà mặt phố, mặt tiền",,,"32,73 triệu/m²",Tây Nam,3,,,,da-nang,Bán Nhà 2 mê rưỡi Ngay cầu Khuê Đông Hoà Quý,,"Đường Trung Hòa 1, Phường Hoà Quý, Quận Ngũ Hành Sơn, Đà NẵngXem bản đồ",
80 m²,3 phòng,3 phòng,,"Nhà mặt phố, mặt tiền",,,"58,75 triệu/m²",,3,,,,da-nang,Bán nhà trung tâm gần ngay bệnh viện quốc tế Vinmec,,"Nguyễn Hữu Thọ, Phường Khuê Trung, Quận Cẩm Lệ, Đà NẵngXem bản đồ",
100 m²,3 phòng,,,"Nhà mặt phố, mặt tiền",4.8098 m,,83 triệu/m²,Nam,,,,,da-nang,"CẦN BÁN NHÀ CHIA TSAN CHO CON CHÁU , NHÀ MT KINH DOANH TRẦN CAO VÂN",,"Trần Cao Vân, Phường Xuân Hà, Quận Thanh Khê, Đà NẵngXem bản đồ",
105 m²,3 phòng,3 phòng,Đã có sổ,"Nhà mặt phố, mặt tiền",,250 m²,40 triệu/m²,,,,,,da-nang,Cần tiền bán gấp căn nhà 3 tầng mới DT 105m2 khu cầu sông Hàn,,"Đường An Hải Bắc Sơn Trà Đà Nẵng, Phường An Hải Bắc, Quận Sơn Trà, Đà NẵngXem bản đồ",
132 m²,4 phòng,3 phòng,,"Nhà mặt phố, mặt tiền",,,"67,42 triệu/m²",,,,,,da-nang,Sập hầm 🆘🆘 Nhà 3 tầng Đặng Vũ Hỷ 132m2 giá 8tỷ9,,"Đặng vũ Hỷ , Phường An Hải Đông, Quận Sơn Trà, Đà NẵngXem bản đồ",
60 m²,2 phòng,1 phòng,,"Nhà mặt phố, mặt tiền",5 m,,"37,5 triệu/m²",Bắc,,,,12 m,da-nang,Siêu hiếm - bán gấp nhà mặt tiền - kẹp kiệt oto - đường bình thái .,,"Bình Thái 3, Phường Hòa Thọ Đông, Quận Cẩm Lệ, Đà NẵngXem bản đồ",
80 m²,3 phòng,,,"Nhà mặt phố, mặt tiền",,,"73,75 triệu/m²",,,,,,da-nang,Bán nhà 3 tầng đẹp mặt tiền Đoàn Nhữ Hải - Thanh Khê,,"Đoàn ngữ Hải, Phường Thanh Khê Đông, Quận Thanh Khê, Đà NẵngXem bản đồ",
85 m²,3 phòng,,,"Nhà mặt phố, mặt tiền",,,"58,82 triệu/m²",,,,,,da-nang,"Bán nhà 3 tầng mới , đẹp , mặt tiền Hoà Minh gần Hoàng Thị Loan",,"Hoà Minh 19, Phường Hòa Minh, Quận Liên Chiểu, Đà NẵngXem bản đồ",
240 m²,5 phòng,5 phòng,Đã có sổ,"Nhà mặt phố, mặt tiền",,,"37,5 triệu/m²",Đông,1,,,,da-nang,Bán đất 240m2 mặt tiền Kiệt Lê Hữu Trác tặng nhà cấp 4 và 4 phòng trọ,,"Lê Hữu Trác, Phường An Hải Đông, Quận Sơn Trà, Đà NẵngXem bản đồ",
100 m²,1 phòng,1 phòng,Đã có sổ,,,,"8,7 triệu/m²",Đông Bắc,1,,,,da-nang,"NHÀ ĐÚC LỮNG, THÔN NAM SƠN, XÃ HOÀ TIẾN",,"Nam Sơn, Xã Hòa Tiến, Huyện Hòa Vang, Đà NẵngXem bản đồ",
68 m²,3 phòng,1 phòng,Đã có sổ,"Nhà ngõ, hẻm",,,"31,32 triệu/m²",,,,,,da-nang,Chủ cần thanh khoảng bán gấp nhà mặt kiệt trần hưng đạo,,"Kiệt 257 Trần Hưng Đạo, Phường An Hải Bắc, Quận Sơn Trà, Đà NẵngXem bản đồ",
83 m²,2 phòng,,,"Nhà ngõ, hẻm",,,"19,88 triệu/m²",,,,,,da-nang,Bán nhà gác lững đúc kiệt 339 Tôn Đản chợ chiều,,"Tôn Đản, Phường Hòa An, Quận Cẩm Lệ, Đà NẵngXem bản đồ",
76 m²,2 phòng,,,"Nhà mặt phố, mặt tiền",,,"51,97 triệu/m²",,,,,,da-nang,BÁN ĐẤT TẶNG NHÀ MT PHẠM VĂN BẠCH GẦN CẦU TUYÊN SƠN,,"Phạm Văn Bạch, Phường Hòa Cường Nam, Quận Hải Châu, Đà NẵngXem bản đồ",
60 m²,3 phòng,3 phòng,Đã có sổ,"Nhà ngõ, hẻm",,,"58,17 triệu/m²",,3,,Nội thất đầy đủ,,da-nang,"Cần bán nhà mới xây 3 tầng kiệt rộng, Phạm Nhữ Tăng. Thanh Khê",,"Phạm nhữ Tăng, Phường Hòa Khê, Quận Thanh Khê, Đà NẵngXem bản đồ",
42 m²,2 phòng,2 phòng,Đã có sổ,"Nhà ngõ, hẻm",,,"53,57 triệu/m²",Đông,2,,,,da-nang,CHỈ 2 TỶ 250 - BÁN NHÀ ĐẸP 2 TẦNG GẦN ĐƯờNG KIỆT ĐỖ QUANG,,"Kiệt 3M Đỗ Quang Gần Đường, Phường Vĩnh Trung, Quận Thanh Khê, Đà NẵngXem bản đồ",
49 m²,4 phòng,4 phòng,Đã có sổ,"Nhà mặt phố, mặt tiền",,,"106,12 triệu/m²",,3,,Nội thất cao cấp,,da-nang,Bán Siêu phẩm 3 tầng mặt tiền đường Hải Phòng Full nội thất cao cấp,,"Hải Phòng, Phường Tân Chính, Quận Thanh Khê, Đà NẵngXem bản đồ",
100 m²,5 phòng,5 phòng,Đã có sổ,"Nhà mặt phố, mặt tiền",,,"69,5 triệu/m²",,4,,Nội thất cao cấp,,da-nang,Hàng đẹp: Căn góc - nhà 4 Tầng gần chợ đầu mối Hòa Cường,,"Lê thanh nghị, Phường Hòa Cường Nam, Quận Hải Châu, Đà NẵngXem bản đồ",
61 m²,4 phòng,5 phòng,Đã có sổ,"Nhà ngõ, hẻm",,,"58,2 triệu/m²",,3,,Nội thất đầy đủ,,da-nang,CẦN BÁN TRƯỚC TẾT- NHÀ 3T KIÊN CỐ- KIỆT OTO VÀO NHÀ HÀ HUY TẬP,,"Hà Huy Tập, Phường Hòa Khê, Quận Thanh Khê, Đà NẵngXem bản đồ",
137 m²,4 phòng,4 phòng,Đã có sổ,Nhà biệt thự,,,"37,23 triệu/m²",Tây Bắc,3,,,,da-nang,"Bán Nhà 2 mặt Kiệt Ô Tô Biệt Thự Hà Huy Tập, 137m2 đất Thanh Khê",,"hà huy tập, Phường An Khê, Quận Thanh Khê, Đà NẵngXem bản đồ",
82.5 m²,1 phòng,,,"Nhà mặt phố, mặt tiền",,,"65,45 triệu/m²",,,,,,da-nang,BÁN ĐẤT ĐƯỜNG TRẦN VĂN GIÁP GẦN UBND HOÀ CƯỜNG BÂC,,"Trần Văn Giáp, Phường Hòa Cường Bắc, Quận Hải Châu, Đà NẵngXem bản đồ",
55 m²,2 phòng,2 phòng,Đã có sổ,"Nhà mặt phố, mặt tiền",,,50 triệu/m²,Đông Nam,1,,,,da-nang,Nhà Gác Lững Mặc Tiền An Hải Bắc .Công Năng : 2p ngủ 2wc,,"An Hai, Phường An Hải Bắc, Quận Sơn Trà, Đà NẵngXem bản đồ",
95 m²,3 phòng,4 phòng,Đã có sổ,"Nhà mặt phố, mặt tiền",,,"86,32 triệu/m²",Đông,3,,,,da-nang,bán 2 căn mặt tiền luong nhữ hoc vị trí kinh doanh tốt,,"Lương Nhữ Hộc, Phường Hòa Cường Bắc, Quận Hải Châu, Đà NẵngXem bản đồ",
78 m²,4 phòng,4 phòng,,"Nhà ngõ, hẻm",7 m,,50 triệu/m²,,3,,,11 m,da-nang,"Gia đình cần bán nhà 3 tầng kiệt ô tô Núi Thành, ĐN.",,"86, núi thành, Phường Hòa Cường Bắc, Quận Hải Châu, Đà NẵngXem bản đồ",
105 m²,3 phòng,4 phòng,,"Nhà mặt phố, mặt tiền",5 m,,"52,38 triệu/m²",Tây Nam,,,,21 m,da-nang,Nhà đẹp cc xây ở kiên cố mới xây 1năm đường 10m5 Hoà Minh,,"231, Đường Bùi Tấn Diên, Phường Hòa Minh, Quận Liên Chiểu, Đà NẵngXem bản đồ",
120 m²,6 phòng,4 phòng,Đã có sổ,,,,"91,67 triệu/m²",Đông Nam,4,,,,da-nang,"Bán nhà 4 tầng, DT 6x20, 140m2, đối diện siêu thị Lotter, sổ lâu dài",,"Nguyễn Lộ Trạch, Phường Hòa Cường Nam, Quận Hải Châu, Đà NẵngXem bản đồ",
100 m²,1 phòng,,Đã có sổ,"Nhà mặt phố, mặt tiền",5 m,,30 triệu/m²,,1,,,20 m,da-nang,"💎Cần bán nhà mặt tiền đường Lê Đình Kỵ. P Hòa An, Q. Cẩm Lệ. Đà Nẵng",,"Lê Đình Kỵ, Phường Hòa An, Quận Cẩm Lệ, Đà NẵngXem bản đồ",
85 m²,3 phòng,1 phòng,Đã có sổ,"Nhà mặt phố, mặt tiền",,,"66,81 triệu/m²",Đông Bắc,1,,,,da-nang,CHÍNH CHỦ CẦN BÁN MẶT TIỀN PHẠM NHƯ XƯƠNG 10m5,,"số PHONG THUỶ ĐẸP, Đường Pham Như Xương, Phường Hòa Khánh Nam, Quận Liên Chiểu, Đà NẵngXem bản đồ",
60 m²,5 phòng,5 phòng,Đã có sổ,"Nhà ngõ, hẻm",,,60 triệu/m²,Đông Nam,3,,,,da-nang,TOÀ CĂN HỘ SÁT ĐƯỜNG NÚI THÀNH-KHU CAO RÁO DT60m2-3TẦNG DÒNG $ 15TR/th,,"Núi Thành, Phường Hải Châu  I, Quận Hải Châu, Đà NẵngXem bản đồ",
85 m²,2 phòng,2 phòng,Đã có sổ,"Nhà mặt phố, mặt tiền",,,"48,82 triệu/m²",Đông Nam,1,,,,da-nang,Cần Bán Nhà 2 Mê MT Lê Cảnh Tuân. Q Sơn Trà. Giá 4ty15 Sập Hầm,,"Lê Cảnh Tuân, Phường Nại Hiên Đông, Quận Sơn Trà, Đà NẵngXem bản đồ",
101 m²,4 phòng,4 phòng,Đã có sổ,"Nhà mặt phố, mặt tiền",,,"85,15 triệu/m²",Tây Bắc,3,,,,da-nang,SẬP HẦM -MẶT TIỀN KINH DOANH TRỊNH ĐÌNH THẢO,,"Trịnh Đình Thảo, Phường Khuê Trung, Quận Cẩm Lệ, Đà NẵngXem bản đồ",
40 m²,3 phòng,2 phòng,Đã có sổ,"Nhà ngõ, hẻm",,,"58,75 triệu/m²",Bắc,3,,,,da-nang,Nhà 3 tầng 2 mặt kiệt NúiThành 40m2 cách đường 20m,,"Núi Thành, Phường Hòa Cường Bắc, Quận Hải Châu, Đà NẵngXem bản đồ",
73 m²,6 phòng,,,"Nhà mặt phố, mặt tiền",,,100 triệu/m²,,,,,,da-nang,"Bán toà căn hộ An Thượng 29, gần biển, giá chỉ 7.3 tỷ",,"an thươngj 29, Phường Mỹ An, Quận Ngũ Hành Sơn, Đà NẵngXem bản đồ",
64 m²,3 phòng,4 phòng,Đã có sổ,"Nhà ngõ, hẻm",,,"54,69 triệu/m²",Tây Bắc,3,,,,da-nang,"Nhà siêu đẹp Hoàng Diệu, chỉ 3,5 tỷ trả trước",,"428, Hoàng Diệu, Phường Nam Dương, Quận Hải Châu, Đà NẵngXem bản đồ",
100 m²,3 phòng,3 phòng,Đã có sổ,"Nhà mặt phố, mặt tiền",,,65 triệu/m²,,3,,Nội thất cao cấp,,da-nang,BÁN NHÀ ĐẸP MT BÌNH AN 7 HẢI CHÂU GIÁ 6.5 Tỷ 100m đất 250m sàn ban côn,,"Bình An 7, Phường Hòa Cường Bắc, Quận Hải Châu, Đà NẵngXem bản đồ",
