Diện tích đất:,Số phòng ngủ:,Số phòng vệ sinh:,Giấy tờ pháp lý:,Loại hình nhà ở:,Chiều ngang:,Diện tích sử dụng:,Giá/m2:,Hướng cửa chính:,Tổng số tầng:,Đặc điểm nhà/đất:,Tình trạng nội thất:,Chiều dài:,Location,Name,URL,District,Price
,nhiều hơn 10 phòng,Nhiều hơn 6 phòng,,,,,"195,52 triệu/m²",Đông Nam,,,,,ha-noi,BÁN TOÀ CĂN HỘ DÒNG TIỀN XÂY MỚI - CỰC HIẾM 7 TẦNG THANG MÁY,,"Đường Cầu Giấy, Phường Dịch Vọng, Quận Cầu Giấy, Hà NộiXem bản đồ",
,2 phòng,1 phòng,,,,,"27,08 triệu/m²",,,,,,ha-noi,Chung cư mini khu 7.2ha Vĩnh Phúc - Hoàng Hoa Thám full nội thất,,"Vĩnh Phúc, Phường Vĩnh Phúc, Quận Ba Đình, Hà NộiXem bản đồ",
,2 phòng,1 phòng,,,,,"13,33 triệu/m²",,,,,,ha-noi,Chung cư mini Đội Cấn - Giang Văn Minh ô tô đỗ cửa,,"Đội Cấn, Phường Đội Cấn, Quận Ba Đình, Hà NộiXem bản đồ",
,2 phòng,1 phòng,,,,,"16,25 triệu/m²",,,,,,ha-noi,"Chung cư Xã Đàn, Hồ Ba Mẫu, CV Thống Nhất full nội thất có bãi gửi xe",,"Lê Duẩn, Phường Phương Liên, Quận Đống Đa, Hà NộiXem bản đồ",
,1 phòng,1 phòng,,,,,"31,61 triệu/m²",,,,,,ha-noi,Chuyển nhượng gấp căn hộ Studio 31m2 giá 980TR KDT Vinhomes,,"Đường cao tốc Hà Nội – Hải Phòng, Xã Đa Tốn, Huyện Gia Lâm, Hà NộiXem bản đồ",
,2 phòng,2 phòng,Đã có sổ,,,,"28,68 triệu/m²",,,,,,ha-noi,Bán căn 2PN2VS 68m2 giá 1950TR kdt Vinhomes,,"Đường cao tốc Hà Nội – Hải Phòng, Xã Đa Tốn, Huyện Gia Lâm, Hà NộiXem bản đồ",
,3 phòng,2 phòng,,,,,"27,62 triệu/m²",Tây Nam,,,,,ha-noi,"Bán gấp cắt lỗ căn hộ CT2 Xa La, 101m2, 3PN, tầng đẹp, full nội thất",,"Phùng Hưng, Phường Phúc La, Quận Hà Đông, Hà NộiXem bản đồ",
,3 phòng,2 phòng,,,,,42.667 đ/m²,,,,,,ha-noi,Bán căn hộ chung cư,,"Nguyễn Chánh, Phường Yên Hoà, Quận Cầu Giấy, Hà NộiXem bản đồ",
,3 phòng,2 phòng,,,,,"39,19 triệu/m²",Đông Bắc,,,,,ha-noi,"Chính chủ bán căn 74m2, căn góc 3 ngủ Valencia Garden Việt Hưng, sổ đỏ",,"CT-19B, Giang Biên, Phường Giang Biên, Quận Long Biên, Hà NộiXem bản đồ",
,1 phòng,,,,,,"28,72 triệu/m²",,,,,,ha-noi,Bán cắt lỗ căn 1N+1 (47m2) giá chỉ 1.35 tỷ tại Vinhomes Ocean Park,,"Yên Viên, Thị trấn Trâu Quỳ, Huyện Gia Lâm, Hà NộiXem bản đồ",
,1 phòng,,,,,,"24,29 triệu/m²",,,,Nội thất đầy đủ,,ha-noi,"CH Trích Sài - Võng Thị 34m2, 65m2 full đổ,ở ngay",,"lạc long quân, Phường Thụy Khuê, Quận Tây Hồ, Hà NộiXem bản đồ",
,3 phòng,2 phòng,,,,,"27,62 triệu/m²",Đông Nam,,,,,ha-noi,Chính chủ cần bán CHCC 101m2 3PN tầng 8 tòa CT2A Xa La – Hà Đông,,"Phùng Hưng, Phường Phúc La, Quận Hà Đông, Hà NộiXem bản đồ",
,nhiều hơn 10 phòng,Nhiều hơn 6 phòng,Đã có sổ,,,,"150,94 triệu/m²",,,,Nội thất đầy đủ,,ha-noi,CHDV MỸ ĐÌNH - 53M2 7 TẦNG - 13 PHÒNG KK - DT 75TR/ THÁNG,,"Đường Lê Quang Đạo, Phường Mễ Trì, Quận Nam Từ Liêm, Hà NộiXem bản đồ",
,nhiều hơn 10 phòng,Nhiều hơn 6 phòng,Đã có sổ,,,,"177,78 triệu/m²",,,,Nội thất đầy đủ,,ha-noi,CCMN CẠNH BẾN XE MỸ ĐÌNH - NHÀ 7 TẦNG - 10 PHÒNG KHÉP KÍN - DT 720TR,,"Mỹ Đình, Phường Mỹ Đình 1, Quận Nam Từ Liêm, Hà NộiXem bản đồ",
,1 phòng,1 phòng,Đã có sổ,,,,"27,5 triệu/m²",,,,Nội thất cao cấp,,ha-noi,"GIÁ ĐẸP, Căn 2N 1VS view thoáng đẹp chỉ còn 1.65 tỷ tại Ocean Park",,"Yên Viên, Thị trấn Trâu Quỳ, Huyện Gia Lâm, Hà NộiXem bản đồ",
,1 phòng,1 phòng,Đã có sổ,,,,"28,72 triệu/m²",,,,Nhà trống,,ha-noi,"Giảm KỊCH SÀN, căn 1N+1 full nội thất giá chỉ 1.35 tỷ tại Ocean Park",,"Yên Viên, Thị trấn Trâu Quỳ, Huyện Gia Lâm, Hà NộiXem bản đồ",
,2 phòng,1 phòng,Đã có sổ,,,,"27,5 triệu/m²",,,,Nhà trống,,ha-noi,"SỞ HỮU CĂN HỘ 2PN1VS 60M2 CHỈ 1,67 TỶ TẠI VINHOMES OCP GIA LÂM",,"Yên Viên, Thị trấn Trâu Quỳ, Huyện Gia Lâm, Hà NộiXem bản đồ",
,2 phòng,2 phòng,Đã có sổ,,,,"29,84 triệu/m²",,,,,,ha-noi,"CH - 2PN - SĐCC nhà thoáng đẹp, lộc lá tòa CT4 XaLa",,"Phùng Hưng, Phường Phúc La, Quận Hà Đông, Hà NộiXem bản đồ",
,2 phòng,1 phòng,Đã có sổ,,,,30 triệu/m²,,,,Nội thất đầy đủ,,ha-noi,"1,5 tỷ có chung cư Hoàng Hoa Thám, Ba Đình đón Tết sum vầy!",,"Đường Hoàng Hoa Thám, Phường Vĩnh Phúc, Quận Ba Đình, Hà NộiXem bản đồ",
,2 phòng,2 phòng,,,,,"46,3 triệu/m²",,,,Bàn giao thô,,ha-noi,Bán Gấp Căn CT8 Đình Thôn - 81m2-2n. Nguyên Bản CĐT Gí Rẻ,,"Lô CT08, Mỹ Đình, Phường Mỹ Đình 1, Quận Nam Từ Liêm, Hà NộiXem bản đồ",
,2 phòng,2 phòng,,,,,"12,73 triệu/m²",Đông Nam,,,,,ha-noi,BÁN GẤP_CHUNG CƯ A1 VÕ CHÍ CÔNG_ÂU CƠ_HỒ TÂY_SỔ ĐỎ VĨNH VIỄN,,"Đường Âu Cơ, Phường Phú Thượng, Quận Tây Hồ, Hà NộiXem bản đồ",
,2 phòng,2 phòng,,,,,"11,67 triệu/m²",Đông Nam,,,,,ha-noi,CHÍNH CHỦ_BÁN CHUNG CƯ A2 TRƯỜNG CHINH_NGUYỄN TRÃI_NGÃ TƯ SỞ_CÓ SỔ ĐỎ,,"Nguyễn Trãi, Phường Thượng Đình, Quận Thanh Xuân, Hà NộiXem bản đồ",
,2 phòng,1 phòng,,,,,"11,8 triệu/m²",Tây Bắc,,,,,ha-noi,BÁN CHUNG CƯ XÃ ĐÀN - KHÂM THIÊN GIÁ RẺ FULL ĐỒ TÁCH SỔ HỒNG,,"Xã Đàn, Phường Khâm Thiên, Quận Đống Đa, Hà NộiXem bản đồ",
,3 phòng,2 phòng,Đã có sổ,,,,"30,85 triệu/m²",,,,Nội thất đầy đủ,,ha-noi,"bán Nhanh, Gấp căn hộ 94m2 3 PN CC The Pride, Hà Đông. Giá chỉ 2,x tỷ",,"Lê Văn Lương, Phường La Khê, Quận Hà Đông, Hà NộiXem bản đồ",
,3 phòng,2 phòng,Đã có sổ,,,,"45,83 triệu/m²",,,,Nhà trống,,ha-noi,Em Cần Bán Căn Hộ CT8 Đình Thôn- 96m2-03Pn. Giá 4.4 Tỷ,,"Lô CT08, Mỹ Đình, Phường Mỹ Đình 1, Quận Nam Từ Liêm, Hà NộiXem bản đồ",
,4 phòng,3 phòng,Đã có sổ,,,,"31,51 triệu/m²",,,,,,ha-noi,4 ngủ hpc landmark,,"Tố Hữu, Phường La Khê, Quận Hà Đông, Hà NộiXem bản đồ",
,2 phòng,1 phòng,,,,,"30,33 triệu/m²",,,,Nội thất đầy đủ,,ha-noi,KHÔNG Ở BÁN NHANH CĂN HỘ 2N1VS CHO CHỦ MỚI SẴN SỔ GIAO DỊCH,,"Yên Viên, Thị trấn Trâu Quỳ, Huyện Gia Lâm, Hà NộiXem bản đồ",
,2 phòng,1 phòng,,,,,19 triệu/m²,,,,,,ha-noi,Bán chung cư C1 Phạm Ngọc Thạch - Xã Đàn 35-50m2/full đồ,,"Phạm Ngọc Thạch , Phường Kim Liên, Quận Đống Đa, Hà NộiXem bản đồ",
,2 phòng,1 phòng,Đã có sổ,,,,"28,46 triệu/m²",,,,Nội thất cao cấp,,ha-noi,"BÁN NHÀ TT TẦNG 2 MINH KHAI, Ô TÔ ĐỖ, 2 NGỦ RIÊNG, GIÁ 1,85 TỶ CÓ BỚT",,"Minh Khai, Phường Minh Khai, Quận Hai Bà Trưng, Hà NộiXem bản đồ",
,2 phòng,1 phòng,Đã có sổ,,,,"28,46 triệu/m²",,,,Nội thất cao cấp,,ha-noi,"CHÍNH CHỦ BÁN NHÀ TT TẦNG 2 MINH KHAI, Ô TÔ ĐỖ 70M, 2 NGỦ, GIÁ 1,8 TY",,"Minh Khai, Phường Minh Khai, Quận Hai Bà Trưng, Hà NộiXem bản đồ",
,2 phòng,2 phòng,,,,,26 triệu/m²,Đông Nam,,,,,ha-noi,Cần bán gấp CHCC 70m2 2PN tòa 19T Kiến Hưng – Hà Đông ( BC: ĐN ),,"Kiến Hưng, Phường Kiến Hưng, Quận Hà Đông, Hà NộiXem bản đồ",
,4 phòng,2 phòng,Đã có sổ,,,,"34,23 triệu/m²",,,,Nội thất cao cấp,,ha-noi,Quỹ căn Hồ Gươm Plaza ở luôn full nội thất lãi suất 0% chiết khấu 7%,,"Số 102-104, Trần Phú, Phường Mộ Lao, Quận Hà Đông, Hà NộiXem bản đồ",
,1 phòng,1 phòng,Đã có sổ,,,,"29,15 triệu/m²",,,,,,ha-noi,"BÁN NHANH CĂN HỘ 1N+1 47M2 CHỈ 1,37 TỶ TẠI VINHOMES OCP GIA LÂM",,"Đường Trâu Quỳ, Thị trấn Trâu Quỳ, Huyện Gia Lâm, Hà NộiXem bản đồ",
,1 phòng,1 phòng,Đã có sổ,,,,"29,79 triệu/m²",,,,Nội thất đầy đủ,,ha-noi,"BÁN CẮT LỖ CĂN 1PN+1,1VS 47M FULL NỘI THẤT,VIEW THOÁNG CHỈ 1,4 TỶ.VOP",,"Yên Viên, Thị trấn Trâu Quỳ, Huyện Gia Lâm, Hà NộiXem bản đồ",
,2 phòng,,Đã có sổ,,,,"34,67 triệu/m²",,,,,,ha-noi,"Thanh khoản gấp! Căn hộ TT Lò Đúc, sát oto, an sinh đỉnh, sổ đẹp 75 m2",,"Lò Đúc, Phường Đồng Nhân, Quận Hai Bà Trưng, Hà NộiXem bản đồ",
,2 phòng,,Đã có sổ,,,,"38,57 triệu/m²",,,,,,ha-noi,"Chính chủ bán căn hộ tập thể Lò Đúc, khu phố vip, gần oto 35m2, sổ đỏ",,"Lò Đúc, Phường Đống Mác, Quận Hai Bà Trưng, Hà NộiXem bản đồ",
,2 phòng,2 phòng,Đã có sổ,,,,"58,43 triệu/m²",,,,Nhà trống,,ha-noi,"Căn hộ N02T1 Ngoại Giao Đoàn, Xuân Tảo, Bắc Từ Liêm,2 ngủ chỉ 4,85 tỷ",,"Đường Xuân Tảo, Phường Xuân Tảo, Quận Bắc Từ Liêm, Hà NộiXem bản đồ",
,2 phòng,2 phòng,Đã có sổ,,,,"43,15 triệu/m²",,,,,,ha-noi,"Căn hộ CT2A Nam Cường,Cổ Nhuế,Bắc Từ Liêm, 2 ngủ,chỉ 3,15 tỷ bao phí",,"Phố Tôn Quang Phiệt, Phường Cổ Nhuế 1, Quận Bắc Từ Liêm, Hà NộiXem bản đồ",
,2 phòng,2 phòng,Đã có sổ,,,,"28,57 triệu/m²",,,,Bàn giao thô,,ha-noi,SỞ HỮU CĂN HỘ 2N+1 GÓC 70M2 CHỈ 2 TỶ TẠI VINHOMES OCP 1,,"Yên Viên, Thị trấn Trâu Quỳ, Huyện Gia Lâm, Hà NộiXem bản đồ",
,3 phòng,2 phòng,Đã có sổ,,,,"30,63 triệu/m²",,,,Nội thất đầy đủ,,ha-noi,"KHÔNG CÓ NHU CẦU SỬ DỤNG CẦN BÁN CĂN 3PN2VS 80M2 CHỈ 2,45 TỶ VIN OCP 1",,"Yên Viên, Thị trấn Trâu Quỳ, Huyện Gia Lâm, Hà NộiXem bản đồ",
,2 phòng,2 phòng,,,,,"20,32 triệu/m²",,,,Nội thất cao cấp,,ha-noi,"Chính chủ cần bán gấp Chung cư Xa La Hà Đông 2PN 2VS 1,2 tỷ",,"Phùng Hưng, Phường Phúc La, Quận Hà Đông, Hà NộiXem bản đồ",
,2 phòng,1 phòng,Đã có sổ,,,,32 triệu/m²,,,,,,ha-noi,"Bán căn hộ B7 Thành Công, Ba Đình, 75m2, 2 phòng ngủ, sổ đỏ, 2,4 tỷ",,"Phố Nguyên Hồng, Phường Thành Công, Quận Ba Đình, Hà NộiXem bản đồ",
,2 phòng,2 phòng,,,,,"12,5 triệu/m²",Tây Nam,,,,,ha-noi,BÁN LỖ_CHUNG CƯ N1 HOÀNG CẦU_YÊN LÃNG_ĐỐNG ĐA_CÓ SỔ HỒNG VĨNH VIỄN,,"Phố Hoàng Cầu, Phường Ô Chợ Dừa, Quận Đống Đa, Hà NộiXem bản đồ",
,2 phòng,2 phòng,,,,,"12,07 triệu/m²",Đông Nam,,,,,ha-noi,BÁN GẤP_CHUNG CƯ C1 HOÀNG HOA THÁM_VĂN CAO_BA ĐÌNH_NHẬN NHÀ LUÔN,,"Đường Hoàng Hoa Thám, Phường Vĩnh Phúc, Quận Ba Đình, Hà NộiXem bản đồ",
,2 phòng,,Đã có sổ,,,,"38,33 triệu/m²",,,,,,ha-noi,BÁN NHÀ TT SÀI ĐỒNG - TẦNG 1 30M - NHỈNH 1 TỶ - NHÀ ĐẸP Ở NGAY,,"Sài Đồng, Phường Sài Đồng, Quận Long Biên, Hà NộiXem bản đồ",
,2 phòng,,Đã có sổ,,,,24 triệu/m²,,,,Nội thất đầy đủ,,ha-noi,"Căn hộ giá tốt việt hưng,diện tích từ 75_115m2",,"Vạn Hạnh, Phường Việt Hưng, Quận Long Biên, Hà NộiXem bản đồ",
,2 phòng,,,,,,"38,13 triệu/m²",Đông Bắc,,,,,ha-noi,Gấp ! Bán nhanh căn 2PN (54.4m2 TT) - 2 tỷ 440 - Vinhomes Smart City,,"Đại Mỗ, Phường Tây Mỗ, Quận Nam Từ Liêm, Hà NộiXem bản đồ",
,2 phòng,1 phòng,Đã có sổ,,,,"29,58 triệu/m²",,,,Nội thất cao cấp,,ha-noi,"Bán căn hộ N03 Trần Quý Kiên, Cầu Giấy, 71m2, 2 phòng ngủ, sổ đỏ",,"Trần Quý Kiên, Phường Dịch Vọng, Quận Cầu Giấy, Hà NộiXem bản đồ",
,nhiều hơn 10 phòng,Nhiều hơn 6 phòng,,,,,"191,67 triệu/m²",Đông Nam,,,,,ha-noi,"CMNN 8 TẦNG, THANG MÁY, 13PKK, ĐẦY ĐỦ PCCC, NHÀ MỚI, TT CẦU GIẤY",,"Nhân Hòa, Phường Trung Hoà, Quận Cầu Giấy, Hà NộiXem bản đồ",
,nhiều hơn 10 phòng,Nhiều hơn 6 phòng,,,,,"169,74 triệu/m²",Nam,,,,,ha-noi,"ĐỨC DIỄN - DÒNG TIỀN KHỦNG, 22 PHÒNG KK ,FULL NỘI THẤT, DT 120TR",,"Đường Đức Diễn, Phường Phúc Diễn, Quận Bắc Từ Liêm, Hà NộiXem bản đồ",
,2 phòng,,,,,,35 triệu/m²,,,,,,ha-noi,"Căn hộ cao cấp ""Ecopark"" Phía Tây Hà Nội nhận nhà ở ngay tết - 12/2023",,"Lê Đức Thọ, Phường Mỹ Đình 2, Quận Nam Từ Liêm, Hà NộiXem bản đồ",
,2 phòng,,,,,,"41,18 triệu/m²",,,,,,ha-noi,"Căn hộ cao cấp Mỹ Đình 2PN tầng 14 view đẹp 2,8 tỷ vào ở luôn đón Tết",,"Số 30, Trần Hữu Dực, Phường Mỹ Đình 1, Quận Nam Từ Liêm, Hà NộiXem bản đồ",
,9 phòng,Nhiều hơn 6 phòng,Đã có sổ,,,,"101,32 triệu/m²",,,,Nội thất đầy đủ,,ha-noi,"Bán căn hộ dòng tiền cạnh Đại Học Quốc Gia, ĐH Sư Phạm, ĐH Thương Mại.",,"Phạm Văn Đồng, Phường Mai Dịch, Quận Cầu Giấy, Hà NộiXem bản đồ",
,7 phòng,Nhiều hơn 6 phòng,Đã có sổ,,,,"124,44 triệu/m²",,,,Nội thất đầy đủ,,ha-noi,Bán căn hộ chung cư mini dòng tiền phố Phú Đô. Gần bệnh viện Hồng Ngọc,,"Ngõ 34 Phố Phú Đô, Phường Phú Đô, Quận Nam Từ Liêm, Hà NộiXem bản đồ",
,2 phòng,2 phòng,Đã có sổ,,,,"34,29 triệu/m²",,,,Nội thất cao cấp,,ha-noi,"Bán căn hộ D3 Thành Công, Ba Đình, 70m2, 2 phòng ngủ, 2 WC, sổ đỏ",,"Phố Nguyên Hồng, Phường Thành Công, Quận Ba Đình, Hà NộiXem bản đồ",
,2 phòng,1 phòng,Đã có sổ,,,,"34,38 triệu/m²",,,,Nội thất cao cấp,,ha-noi,"Bán căn hộ B1 Thủy Lợi, Đống Đa, 80m2, 2 phòng ngủ, sổ đỏ, 2,75 tỷ",,"Chùa Bộc, Phường Khương Thượng, Quận Đống Đa, Hà NộiXem bản đồ",
,3 phòng,2 phòng,Đã có sổ,,,,"30,63 triệu/m²",,,,Nội thất đầy đủ,,ha-noi,Cơ hội sở hữu căn hộ 3PN2VS 80M2 tặng NỘI THẤT KDT Vinhomes,,"Đường cao tốc Hà Nội – Hải Phòng, Xã Kiêu Kỵ, Huyện Gia Lâm, Hà NộiXem bản đồ",
,3 phòng,,Đã có sổ,,,,100 triệu/m²,,,,Nhà trống,,ha-noi,"Nhà đẹp mới xây, Ô tô đỗ cửa, Sát Chợ Giáp Nhị 35m2 giá 3.5ty. Nhanh",,"Giáp Nhị, Phường Thịnh Liệt, Quận Hoàng Mai, Hà NộiXem bản đồ",
,2 phòng,2 phòng,Đã có sổ,,,,"28,57 triệu/m²",,,,Nội thất đầy đủ,,ha-noi,Chủ nhà cần bán nhanh căn hộ 2N + 1 góc 70m2 chỉ 2 tỷ Vinhomes OCP 1,,"Yên Viên, Thị trấn Trâu Quỳ, Huyện Gia Lâm, Hà NộiXem bản đồ",
,3 phòng,2 phòng,Đã có sổ,,,,"30,63 triệu/m²",,,,Nhà trống,,ha-noi,"SỞ HỮU CĂN HỘ 3PN2VS 80M2 CHỈ 2,45 TỶ TẠI VINHOMES OCP GIA LÂM",,"Yên Viên, Thị trấn Trâu Quỳ, Huyện Gia Lâm, Hà NộiXem bản đồ",
,3 phòng,2 phòng,Đã có sổ,,,,"31,25 triệu/m²",,,,,,ha-noi,"CHÍNH CHỦ GỬI BÁN CĂN HỘ 3PN 80M2 CHỈ 2,5 TỶ TẠI VINHOMES OCP GIA LÂM",,"Đường Trâu Quỳ, Thị trấn Trâu Quỳ, Huyện Gia Lâm, Hà NộiXem bản đồ",
,2 phòng,2 phòng,Đã có sổ,,,,30 triệu/m²,,,,,,ha-noi,BÁN GẤP 2PN2VS+1 CĂN GÓC TẶNG NỘI THẤT GIÁ CHỈ 2.100TỶ VIEW THOÁNG OP,,"Đường Trâu Quỳ, Thị trấn Trâu Quỳ, Huyện Gia Lâm, Hà NộiXem bản đồ",
,2 phòng,2 phòng,,,,,"12,73 triệu/m²",Tây Nam,,,,,ha-noi,CẮT LỖ_CHUNG CƯ C1 ĐỊNH CÔNG_GIẢI PHÓNG_HOÀNG MAI_SỔ HỒNG VĨNH VIỄN,,"Đường Định Công, Phường Định Công, Quận Hoàng Mai, Hà NộiXem bản đồ",
,2 phòng,,,,,,"28,85 triệu/m²",,,,Nội thất đầy đủ,,ha-noi,"Bán căn hộ Hoàng Hoa Thám - Vĩnh phúc 7,2ha, 2PN, 52m , full đồ",,"Đường Hoàng Hoa Thám, Phường Liễu Giai, Quận Ba Đình, Hà NộiXem bản đồ",
,2 phòng,2 phòng,Đã có sổ,,,,"29,18 triệu/m²",,,,Nội thất đầy đủ,,ha-noi,"Bán chung cư Việt Hưng-2 ngủ-nội thất đẹp,nhỉnh 2 tỷ, gần hồ công viên",,"Phố Việt Hưng, Phường Việt Hưng, Quận Long Biên, Hà NộiXem bản đồ",
,1 phòng,,,,,,"17,14 triệu/m²",,,,,,ha-noi,Chính chủ bán chung cư A5 Giải Phóng - gần ĐH Kinh Tế siêu đẹp thoáng,,"Giáp Bát, Phường Hoàng Văn Thụ, Quận Hoàng Mai, Hà NộiXem bản đồ",
,2 phòng,,Đã có sổ,,,,"33,93 triệu/m²",,,,Nội thất đầy đủ,,ha-noi,"Hot! tập thể Lương Thế vinh, 2 thoáng ánh sáng tự nhiên, ô tô, 56m2",,"Đường Lương Thế Vinh, Phường Trung Văn, Quận Nam Từ Liêm, Hà NộiXem bản đồ",
,2 phòng,1 phòng,Đã có sổ,,,,30 triệu/m²,,,,Nội thất đầy đủ,,ha-noi,"Chỉ 2.25 tỷ TT Học Viện Ngân Hàng- Đống Đa- lô góc 2PN nhà đẹp, ở luôn",,"Nguyễn Ngọc Doãn, Phường Nam Đồng, Quận Đống Đa, Hà NộiXem bản đồ",
,2 phòng,2 phòng,Đã có sổ,,,,"11,81 triệu/m²",,,,Nội thất đầy đủ,,ha-noi,BÁN CHUNG CƯ N1 ĐỖ NHUẬN_PHẠM VĂN ĐỒNG_BẮC TỪ LIÊM_FULL NỘI THẤT,,"Đường Phạm Văn Đồng, Phường Xuân Đỉnh, Quận Bắc Từ Liêm, Hà NộiXem bản đồ",
,2 phòng,2 phòng,Đã có sổ,,,,"12,07 triệu/m²",,,,Nội thất đầy đủ,,ha-noi,BÁN CHUNG CƯ N1 NGUYỄN TRÃI_THƯỢNG ĐÌNH_THANH XUÂN_FULL NỘI THẤT,,"Nguyễn Trãi, Phường Thượng Đình, Quận Thanh Xuân, Hà NộiXem bản đồ",
,3 phòng,2 phòng,,,,,"35,81 triệu/m²",Tây Nam,,,,,ha-noi,"Sale sập sàn Bình Minh Garden giá 32tr/m2 từ 3,3 tỷ căn 3PN full NT",,"Đức Giang, Phường Thượng Thanh, Quận Long Biên, Hà NộiXem bản đồ",
,4 phòng,3 phòng,,,,,"25,37 triệu/m²",Tây Bắc,,,,,ha-noi,"Chính chủ bán lại căn 134m2 tầng trung hướng Đông Bắc mát mẻ giá 3,4ty",,"Tứ Hiệp, Xã Tứ Hiệp, Huyện Thanh Trì, Hà NộiXem bản đồ",
,2 phòng,2 phòng,,,,,"38,95 triệu/m²",Tây Nam,,,Nội thất cao cấp,,ha-noi,"2N Ruby Cao cấp Tặng 1 Cây vàng, 330 trNội thất, 2 năm miễn phí để xe",,"Yên Viên, Thị trấn Trâu Quỳ, Huyện Gia Lâm, Hà NộiXem bản đồ",
,2 phòng,1 phòng,,,,,"27,78 triệu/m²",,,,,,ha-noi,bán căn hộ xuân thủy cầu giấy dịch vọng hậu 2pn đủ đồ,,"xuân thủy, Phường Dịch Vọng, Quận Cầu Giấy, Hà NộiXem bản đồ",
,9 phòng,,,,,,"167,69 triệu/m²",,,,,,ha-noi,🏠🏠CCMN-NGÕ THÔNG-Ô TÔ ĐỖ CỬA-9PHÒNG KÉP KÍN-DÒNG TIỀN 50TR/THÁNG🔥🔥,,"Đường Cầy Giấy, Phường Dịch Vọng, Quận Cầu Giấy, Hà NộiXem bản đồ",
,2 phòng,2 phòng,,,,,"31,67 triệu/m²",,,,,,ha-noi,"Chỉ từ 2 tỷ 90tr sở hữu CC Ecohome 3 - 66m, 2PN, 2VS, Full nội thất,",,"Ecohome 3,, Tân Xuân, Phường Đông Ngạc, Quận Bắc Từ Liêm, Hà NộiXem bản đồ",
,2 phòng,2 phòng,Đã có sổ,,,,"51,3 triệu/m²",Đông Nam,,,,,ha-noi,"Chuyển nhượng căn hộ 2 ngủ EuroWindow,Trần Duy Hưng,Cầu Giấy 3,95 tỷ",,"Trần Duy Hưng, Phường Trung Hoà, Quận Cầu Giấy, Hà NộiXem bản đồ",
,2 phòng,2 phòng,Đang chờ sổ,,,,"55,45 triệu/m²",,,,Nội thất cao cấp,,ha-noi,GĐ CẦN BÁN CĂN HỘ 2N (2WC) TÒA SA3 VINHOMES SMART CITY FULL ĐỒ ĐẸP,,"Đại Mỗ, Phường Tây Mỗ, Quận Nam Từ Liêm, Hà NộiXem bản đồ",
,2 phòng,,,,,,"24,55 triệu/m²",,,,,,ha-noi,"CH - SĐCC - 66m cực rộng,bc Đông Nam, nội thất xinh xắn CT8 Đại Thanh",,"phan trọng tuệ, Xã Tả Thanh Oai, Huyện Thanh Trì, Hà NộiXem bản đồ",
,2 phòng,,Đã có sổ,,,,"22,32 triệu/m²",Tây Bắc,,,,,ha-noi,"chỉ với 1.2x tỷ sở hữu ngay CH - 56m2 - 2PN, tòa CT10 Đại Thanh",,"Phan Trọng Tuệ, Xã Tả Thanh Oai, Huyện Thanh Trì, Hà NộiXem bản đồ",
,2 phòng,1 phòng,,,,,"35,42 triệu/m²",,,,,,ha-noi,Bán chung cư Samsora Yết Kiêu- Chu Văn An dt 96m giá 3.4 tỷ full đồ,,"Chu Văn An, Phường Yết Kiêu, Quận Hà Đông, Hà NộiXem bản đồ",
,3 phòng,2 phòng,Đã có sổ,,,,30 triệu/m²,,,,Nội thất cao cấp,,ha-noi,"SỞ HỮU CĂN GÓC, 3N2VS, 80m2, Nội thất cơ bản chỉ (2.4 TỶ) tại Vin OCP",,"Yên Viên, Thị trấn Trâu Quỳ, Huyện Gia Lâm, Hà NộiXem bản đồ",
,1 phòng,1 phòng,Đã có sổ,,,,"28,72 triệu/m²",,,,Nội thất đầy đủ,,ha-noi,"Sở hữu căn hộ 1N + 1 48m2 chỉ từ 1,35 tỷ tại Vinhomes Ocean Park 1",,"Yên Viên, Thị trấn Trâu Quỳ, Huyện Gia Lâm, Hà NộiXem bản đồ",
,2 phòng,1 phòng,Đã có sổ,,,,"27,5 triệu/m²",,,,Nội thất đầy đủ,,ha-noi,"Chính chủ cần bán căn hộ 2PN1WC 60m2 chỉ 1,65 tỷ Tại Vinhomes OCP 1",,"Yên Viên, Thị trấn Trâu Quỳ, Huyện Gia Lâm, Hà NộiXem bản đồ",
,3 phòng,2 phòng,Đã có sổ,,,,"31,25 triệu/m²",,,,,,ha-noi,Cơ Hội Vàng để sở hữu căn 3N2VS giá cực sốc 2.5 tỷ tại Vin Ocean park,,"Yên Viên, Thị trấn Trâu Quỳ, Huyện Gia Lâm, Hà NộiXem bản đồ",
,2 phòng,2 phòng,Đã có sổ,,,,"29,86 triệu/m²",,,,,,ha-noi,Cắt lỗ bán nhanh căn 2n+1(2vs) góc giá chỉ 2.09 tỷ tại VIn Ocean park,,"Yên Viên, Thị trấn Trâu Quỳ, Huyện Gia Lâm, Hà NộiXem bản đồ",
,3 phòng,2 phòng,Đã có sổ,,,,"31,5 triệu/m²",,,,Nội thất đầy đủ,,ha-noi,CUỐI NĂM EM ĐANG CÓ CĂN 3PN+2WC GÓC GIÁ TỐT 2TỶ 520TR.TẠI VINHOMES OCP,,"Yên Viên, Thị trấn Trâu Quỳ, Huyện Gia Lâm, Hà NộiXem bản đồ",
,1 phòng,1 phòng,Đã có sổ,,,,"28,72 triệu/m²",,,,Nhà trống,,ha-noi,Chủ Nhà Nhờ Bán Nhanh Căn Hộ1PN/1WC Giá Bất Ngờ Chỉ 1tỷ350tr.Tại VHOCP,,"Yên Viên, Thị trấn Trâu Quỳ, Huyện Gia Lâm, Hà NộiXem bản đồ",
,2 phòng,2 phòng,,,,,"12,5 triệu/m²",Đông Nam,,,,,ha-noi,CẮT LỖ_CHUNG CƯ N1 CHÙA BỘC_PHẠM NGỌC THẠCH_ĐỐNG ĐA_SỔ ĐỎ VĨNH VIỄN,,"chùa bộc, Phường Quang Trung, Quận Đống Đa, Hà NộiXem bản đồ",
,2 phòng,,Đã có sổ,,,,"27,08 triệu/m²",,,,,,ha-noi,"HOT! Tâph thể Thanh Xuân Bắc, rộng, thoáng 65m2 chỉ nhỉnh 1 tỷ",,"Nguyễn Quý Đức, Phường Thanh Xuân Bắc, Quận Thanh Xuân, Hà NộiXem bản đồ",
,2 phòng,2 phòng,Đã có sổ,,,,"31,59 triệu/m²",,,,,,ha-noi,"Bán CHCC kđt Xa La, Hà Đông, căn 63m2, sổ hồng chính chủ, tầng trung.",,"Đường Phùng Hưng, Phường Phúc La, Quận Hà Đông, Hà NộiXem bản đồ",
,2 phòng,,,,,,"26,73 triệu/m²",Đông Nam,,,Nội thất đầy đủ,,ha-noi,Siêu phẩm tầng 1x tòa CT8 Đại Thanh: 2PN-ful NT,,"Phan Trọng tuệ, Xã Tả Thanh Oai, Huyện Thanh Trì, Hà NộiXem bản đồ",
,2 phòng,2 phòng,Đã có sổ,,,,"28,68 triệu/m²",,,,Nội thất cao cấp,,ha-noi,BÁN GẤP CĂN 2N2VS GIÁ CHỈ 1.950 TR ( FULL ĐỒ ) HƯỚNG MÁT TẠI VHOP,,"Yên Viên, Thị trấn Trâu Quỳ, Huyện Gia Lâm, Hà NộiXem bản đồ",
,1 phòng,1 phòng,,,,,"36,67 triệu/m²",Đông Bắc,,,,,ha-noi,"Bán căn Studio 30m2 full đồ đẹp giá 1100 tỷ bp, ban công đông bắc",,"Yên Viên, Thị trấn Trâu Quỳ, Huyện Gia Lâm, Hà NộiXem bản đồ",
,3 phòng,2 phòng,Đã có sổ,,,,"45,25 triệu/m²",,,,,,ha-noi,"Bán căn góc Thương mại Ecohome 3 - 80m, 3PN, Full nội thất cao cấp",,"Ecohome 3, , Tân Xuân, Phường Đông Ngạc, Quận Bắc Từ Liêm, Hà NộiXem bản đồ",
,3 phòng,3 phòng,,,,,"57,78 triệu/m²",,,,,,ha-noi,CẦN BÁN NHANH CĂN HỘ CHUNG CƯ GREEN PEARL MINH KHAI-3 NGỦ 2 LÔ ZA,,"378, Minh Khai, Phường Vĩnh Tuy, Quận Hai Bà Trưng, Hà NộiXem bản đồ",
,1 phòng,1 phòng,Đã có sổ,,,,"29,57 triệu/m²",,,,,,ha-noi,"Cần bán căn 1n+1 47m2 giá chỉ 1,39 tỷ tại Vin Ocean Park 1",,"Yên Viên, Thị trấn Trâu Quỳ, Huyện Gia Lâm, Hà NộiXem bản đồ",
,2 phòng,2 phòng,Đã có sổ,,,,"29,29 triệu/m²",,,,,,ha-noi,"Cắt lỗ bán NHANH căn 2n+1(2vs) 70m2 full đồ giá 2,05 tỷ tại Vin OCP1",,"Yên Viên, Thị trấn Trâu Quỳ, Huyện Gia Lâm, Hà NộiXem bản đồ",
,2 phòng,2 phòng,Đã có sổ,,,,30 triệu/m²,,,,Nội thất cao cấp,,ha-noi,"CĂN HỘ CAO CẤP 2N+1,2VS CĂN GÓC GIÁ CHỈ 2,100 TR ( FULL ĐỒ ) TẠI VHOP",,"Yên Viên, Thị trấn Trâu Quỳ, Huyện Gia Lâm, Hà NộiXem bản đồ",
,3 phòng,2 phòng,,,,,"50,72 triệu/m²",Tây Bắc,,,,,ha-noi,"Căn hộ 90 Nguyễn Tuân 96m2, 3 ngủ 2WC, ban công ĐN, bán 4.9 tỷ bao phí",,"90, Nguyễn Tuân, Phường Nhân Chính, Quận Thanh Xuân, Hà NộiXem bản đồ",
