Diện tích đất:,Số phòng ngủ:,Số phòng vệ sinh:,Giấy tờ pháp lý:,Loại hình nhà ở:,Chiều ngang:,Diện tích sử dụng:,Giá/m2:,Hướng cửa chính:,Tổng số tầng:,Đặc điểm nhà/đất:,Tình trạng nội thất:,Chiều dài:,Location,Name,URL,District,Price
230 m²,5 phòng,,,Nhà biệt thự,11 m,,"252,17 triệu/m²",,4,,Nội thất cao cấp,22 m,ha-noi,QUÁ HIẾM ĐỈNH CAO BÁN GẤP BIỆT THỰ MỘ LAO HÀ ĐÔNG ĐẸP SANG XỊN,,"Phố Nguyễn Văn Lộc, Phường Mộ Lao, Quận Hà Đông, Hà NộiXem bản đồ",
220 m²,4 phòng,4 phòng,,Nhà biệt thự,10 m,,"190,91 triệu/m²",,4,,,22 m,ha-noi,HIẾM BẮC LINH ĐÀM CẦN BÁN BIỆT THỰ TRÍ SIÊU ĐẸP - ĐẲNG CẤP - SANG,,"undefined, Phường Hoàng Liệt, Quận Hoàng Mai, Hà NộiXem bản đồ",
90 m²,4 phòng,4 phòng,Đã có sổ,"Nhà mặt phố, mặt tiền",,,"98,89 triệu/m²",,4,,Nội thất cao cấp,,ha-noi,"Bán nhà kinh doanh,vp Ngô Gia Tự Long Biên-90m2-mới tinh nhỉnh 8 tỷ",,"Ngô Gia Tự, Phường Việt Hưng, Quận Long Biên, Hà NộiXem bản đồ",
48 m²,5 phòng,,Đã có sổ,"Nhà ngõ, hẻm",4 m,,"112,5 triệu/m²",,5,,Nội thất đầy đủ,,ha-noi,"Bán nhà 5 tầng-48m2-5,4 tỷ phố Vip Gia Thuỵ-Long Biên-ô tô-gần cầu",,"Nguyễn Văn Cừ, Phường Gia Thụy, Quận Long Biên, Hà NộiXem bản đồ",
30 m²,3 phòng,4 phòng,Đã có sổ,"Nhà ngõ, hẻm",,,"122,67 triệu/m²",Nam,4,,,,ha-noi,Bán nhà ngõ 83 phúc lợi,,"Đường Phúc Lợi, Phường Phúc Lợi, Quận Long Biên, Hà NộiXem bản đồ",
64 m²,5 phòng,4 phòng,Đã có sổ,"Nhà mặt phố, mặt tiền",,,"244,84 triệu/m²",,4,,Nội thất đầy đủ,,ha-noi,"Mặt Phố Văn Quán 64m 4 tầng 2 thoáng mở cửa cả 2, Kinh doanh bất chấp",,"Đường Chiến Thắng, Phường Văn Quán, Quận Hà Đông, Hà NộiXem bản đồ",
30 m²,2 phòng,2 phòng,Đã có sổ,"Nhà ngõ, hẻm",3 m,,"69,33 triệu/m²",,3,,,,ha-noi,Nhà 3 tầng Hà Trì 4 Hà Đông chỉ 2 tỷ xíu,,"Hà Trì, Phường Hà Cầu, Quận Hà Đông, Hà NộiXem bản đồ",
65 m²,6 phòng,6 phòng,,"Nhà ngõ, hẻm",,,"269,23 triệu/m²",,,,,,ha-noi,Nhà phố Hoàng Ngân_ sát công viên_ oto tránh_ vỉa hè 65m 6T 17.5 tỷ,,"Hoàng Ngân, Phường Trung Hoà, Quận Cầu Giấy, Hà NộiXem bản đồ",
40 m²,5 phòng,4 phòng,Đã có sổ,"Nhà ngõ, hẻm",,,"106,5 triệu/m²",Tây Bắc,5,,,,ha-noi,Nhỉnh 4 tỷ 93 Giáp Nhị Hoàng Mai 40m x 5T Mt 3.8m 15m ra phố KD.,,"Phố Giáp Nhị, Phường Thịnh Liệt, Quận Hoàng Mai, Hà NộiXem bản đồ",
35 m²,4 phòng,4 phòng,,"Nhà mặt phố, mặt tiền",,,"138,57 triệu/m²",,4,,,,ha-noi,Bán nhà Bạch Mai - 1 căn còn xót lại giá nhỉnh 4 tỷ,,"Bạch Mai, Phường Bạch Mai, Quận Hai Bà Trưng, Hà NộiXem bản đồ",
50 m²,3 phòng,3 phòng,Đã có sổ,"Nhà ngõ, hẻm",6 m,,172 triệu/m²,,,,,9 m,ha-noi,HÀO NAM – CỰC HIẾM – KD ĐỈNH – OTO ĐỖ - NGÕ THÔNG – GẦN PHỐ -,,"Hào Nam, Phường Cát Linh, Quận Đống Đa, Hà NộiXem bản đồ",
120 m²,6 phòng,6 phòng,Đã có sổ,Nhà biệt thự,,,"108,33 triệu/m²",Đông Nam,4,,,,ha-noi,🏘️ BIỆT THỰ SONG LẬP VINHOM OCEANPANK 2-ĐẲNG CẤP-KINH DOANH BẤT CHẤP,,"Hải Âu, Xã Kiêu Kỵ, Huyện Gia Lâm, Hà NộiXem bản đồ",
80 m²,5 phòng,5 phòng,Đã có sổ,"Nhà ngõ, hẻm",,,160 triệu/m²,,6,,Nội thất đầy đủ,,ha-noi,SIÊU RẺ! Bán gấp nhà phân lô Xuân Phương 80m 6T ở ngay gara kinh doanh,,"Đường Xuân Phương, Phường Xuân Phương, Quận Nam Từ Liêm, Hà NộiXem bản đồ",
31 m²,3 phòng,3 phòng,,"Nhà ngõ, hẻm",4 m,,"129,03 triệu/m²",Tây Bắc,5,,,,ha-noi,NHÀ ĐẸP HẾT NƯỚC CHẤM NGUYỄN VĂN CỪ 35m nhỉnh 4tỷ,,"Nguyễn Văn Cừ, Phường Long Biên, Quận Long Biên, Hà NộiXem bản đồ",
112.5 m²,6 phòng,6 phòng,Giấy tờ khác,,,,"84,44 triệu/m²",Tây Nam,4,,,,ha-noi,"Bán nhà 112,5 m2, 9,5 tỷ, khu đô thị Xuân Phương, Quốc Hội",,"Foresa 8, Đường 70, Xuân Phương, Phường Xuân Phương, Quận Nam Từ Liêm, Hà NộiXem bản đồ",
38 m²,4 phòng,4 phòng,Đã có sổ,"Nhà ngõ, hẻm",,,"163,16 triệu/m²",,5,,Nội thất cao cấp,,ha-noi,"Bán nhà Phú DIễn, Từ Liêm, 38m, 5 tầng, ô tô tránh, kinh doanh",,"Đường Hồ Tùng Mậu, Phường Phú Diễn, Quận Bắc Từ Liêm, Hà NộiXem bản đồ",
35 m²,4 phòng,4 phòng,Đã có sổ,"Nhà ngõ, hẻm",,,"142,86 triệu/m²",,5,,Nội thất đầy đủ,,ha-noi,"Bán nhà Tây Hồ-Tứ Liên, 5 tầng thang máy, ôtô, lô góc, 35m2, chỉ 5 tỷ.",,"Âu Cơ, Phường Xuân La, Quận Tây Hồ, Hà NộiXem bản đồ",
75 m²,5 phòng,3 phòng,Đã có sổ,"Nhà mặt phố, mặt tiền",,,"133,33 triệu/m²",,5,,Nội thất cao cấp,,ha-noi,NHÀ ĐẸP NGUYỄN SƠN-75m x 5TẦNG THANG MÁY- GARA ÔTÔ- 10.8 tỷ,,"Đường Nguyễn Sơn, Phường Gia Thụy, Quận Long Biên, Hà NộiXem bản đồ",
46 m²,4 phòng,4 phòng,,"Nhà ngõ, hẻm",,46 m²,"234,78 triệu/m²",,5,,,,ha-noi,🔥SIÊU HIẾM !! PHÂN LÔ - PHỐ VỌNG - 45M x 5T - TRUNG TÂM🔥,,"Phố Vọng, Phường Đồng Tâm, Quận Hai Bà Trưng, Hà NộiXem bản đồ",
52.5 m²,1 phòng,,Đã có sổ,"Nhà ngõ, hẻm",4.5 m,65 m²,"60,95 triệu/m²",,1,,,,ha-noi,"Cc bán gấp mảnh đất 52,5m2,mặt tiền 4,5m tại KĐT Việt Hưng giá 3,2 tỷ",,"Phố Việt Hưng, Phường Việt Hưng, Quận Long Biên, Hà NộiXem bản đồ",
55 m²,10 phòng,,,"Nhà mặt phố, mặt tiền",,,"290,91 triệu/m²",,,,,,ha-noi,"Bán nhà phố Phạm Tuấn Tài, 55m x 9 tầng - Thang Máy - Vỉa Hè - 1x Tỷ",,"Phạm Tuấn Tài, Phường Nghĩa Tân, Quận Cầu Giấy, Hà NộiXem bản đồ",
110 m²,10 phòng,,,"Nhà mặt phố, mặt tiền",,,"181,82 triệu/m²",,,,,,ha-noi,"Bán gấp nhà Nguyễn Khánh Toàn 110m x 7 tầng,thang máy,kinh doanh.20 tỷ",,"Nguyễn Khánh Toán, Phường Dịch Vọng, Quận Cầu Giấy, Hà NộiXem bản đồ",
32 m²,4 phòng,,,"Nhà ngõ, hẻm",,,"156,25 triệu/m²",,,,,,ha-noi,"Kinh Doanh Trung Tâm Xuân La, Tây Hồ, Ô Tô, 5 Tầng, MT 4,5 m, 5 tỷ.",,"Xuân La, Phường Xuân La, Quận Tây Hồ, Hà NộiXem bản đồ",
40 m²,3 phòng,4 phòng,,"Nhà ngõ, hẻm",,,"132,5 triệu/m²",,,,,,ha-noi,CẦU GIẤY 40m2x 5 TẦNG - NHÀ LÔ GÓC 3MẶT THOÁNG - Ô CHỜ THANG MÁY,,"Đường Hồ Tùng Mậu, Phường Mai Dịch, Quận Cầu Giấy, Hà NộiXem bản đồ",
38 m²,3 phòng,5 phòng,,"Nhà mặt phố, mặt tiền",4 m,42 m²,"244,74 triệu/m²",,6,,,,ha-noi,"BÁN NHÀ CÙ CHÍNH LAN, 6 TẦNG THANG MÁY, Ô TÔ VÀO NHÀ, CHỈ 9.3 TỶ",,"cù chính lan, Phường Khương Mai, Quận Thanh Xuân, Hà NộiXem bản đồ",
74 m²,5 phòng,Nhiều hơn 6 phòng,,Nhà phố liền kề,5.1999 m,,"237,84 triệu/m²",Tây Bắc,5,,,,ha-noi,bán nhà mặt phố phùng chí kiên 74m _5 tầng 6 phồng ngủ,,"phùng chí kiên, Phường Quan Hoa, Quận Cầu Giấy, Hà NộiXem bản đồ",
105 m²,4 phòng,3 phòng,Đã có sổ,"Nhà mặt phố, mặt tiền",6.2 m,,"180,95 triệu/m²",,3,,,,ha-noi,"Bán nhà lô góc Phố 8-3, Hai Bà Trưng, 105m*4T, KD, ô tô đỗ cửa 19 tỷ",,"Phố Minh Khai, Phường Minh Khai, Quận Hai Bà Trưng, Hà NộiXem bản đồ",
35.2 m²,3 phòng,,,"Nhà ngõ, hẻm",,,"130,11 triệu/m²",,,,,,ha-noi,"Thông khắp ngả, ba gác tránh SH, cách phố 25m, bán nhà Đặng Tiến Đông",,"Phố Đặng Tiến Đông, Phường Trung Liệt, Quận Đống Đa, Hà NộiXem bản đồ",
58 m²,3 phòng,4 phòng,Đã có sổ,"Nhà mặt phố, mặt tiền",,,"103,45 triệu/m²",,5,,Nội thất cao cấp,,ha-noi,"Bán nhà Ái Mộ Bồ Đề 58m 5 tầng MT4m, 2 thoáng, gần hồ hơn 6 tỷ",,"Phố Ái Mộ, Phường Bồ Đề, Quận Long Biên, Hà NộiXem bản đồ",
32 m²,3 phòng,4 phòng,Đã có sổ,"Nhà mặt phố, mặt tiền",,,125 triệu/m²,,5,,Nội thất cao cấp,,ha-noi,"Cần bán nhà Nguyễn Văn Cừ 32m 5 tầng MT5m, ô tô, 2 thoáng hơn 4 tỷ",,"Đường Nguyễn Văn Cừ, Phường Gia Thụy, Quận Long Biên, Hà NộiXem bản đồ",
35 m²,3 phòng,4 phòng,Đã có sổ,"Nhà ngõ, hẻm",4 m,,100 triệu/m²,,5,,,,ha-noi,"CÓ 102! Bán nhà Mỹ Đình 2, lô góc, 2 thoáng, 35m, 5T, nhỉnh 3 tỷ.",,"Lê Đức Thọ, Phường Mỹ Đình 2, Quận Nam Từ Liêm, Hà NộiXem bản đồ",
46 m²,7 phòng,Nhiều hơn 6 phòng,Đã có sổ,"Nhà ngõ, hẻm",4.5998 m,,100 triệu/m²,,5,,,,ha-noi,"HÀNG ĐỘC HIẾM! Bán nhà dòng tiền Mỹ Đình, 46m_5T_7PN khép kín_4.x tỷ",,"Mỹ Đình, Phường Mỹ Đình 1, Quận Nam Từ Liêm, Hà NộiXem bản đồ",
70 m²,3 phòng,3 phòng,Đã có sổ,"Nhà ngõ, hẻm",,,"268,57 triệu/m²",,5,,Nội thất đầy đủ,,ha-noi,Bán nhà Cửa Bắc 70m2 nhà đẹp lô góc vị trí đẹp kinh doanh tốt 18.8 tỷ,,"Phố Cửa Bắc, Phường Quán Thánh, Quận Ba Đình, Hà NộiXem bản đồ",
35 m²,4 phòng,3 phòng,Đã có sổ,"Nhà mặt phố, mặt tiền",,,"211,43 triệu/m²",,4,,Nhà trống,,ha-noi,Bán nhà kinh doanh ô tô vào nhà Hồ Tùng Mậu Cầu Giấy giá chỉ hơn 7 tỷ,,"Hồ tùng mậu, Phường Mai Dịch, Quận Cầu Giấy, Hà NộiXem bản đồ",
45 m²,4 phòng,4 phòng,Đã có sổ,"Nhà ngõ, hẻm",,,"142,22 triệu/m²",Đông Nam,5,,,,ha-noi,"BÁN NHÀ NGÃ TƯ SỞ , NHÀ MỚI, 30M Ô TÔ, MẶT TIỀN RỘNG, NGÕ THẲNG GẦN HỒ",,"Đường Khương Trung, Phường Khương Trung, Quận Thanh Xuân, Hà NộiXem bản đồ",
36 m²,4 phòng,3 phòng,Đã có sổ,"Nhà ngõ, hẻm",,,"122,22 triệu/m²",Đông Nam,4,,,,ha-noi,"THANH XUÂN, OTÔ ĐỖ CỔNG ,SỔ VUÔNG ,TƯƠNG LAI 2.5 - LÔ GÓC 2 MẶT THOÁNG",,"Khương Trung, Phường Khương Trung, Quận Thanh Xuân, Hà NộiXem bản đồ",
54 m²,9 phòng,,,"Nhà ngõ, hẻm",,,"126,85 triệu/m²",,55,,,,ha-noi,"Siêu dòng tiền 600tr/năm,đường GIÁP NHẤT,THANH XUÂN,54m,5 tầng,5,85 tỷ",,"Đường Giáp Nhất, Phường Nhân Chính, Quận Thanh Xuân, Hà NộiXem bản đồ",
34 m²,3 phòng,4 phòng,Đã có sổ,"Nhà ngõ, hẻm",4 m,,"102,94 triệu/m²",,55,,,,ha-noi,"Bán Phương Canh,Từ Liêm, ngõ nông,gần Phố,ôtô,bãi gửi,34m²*5T*3.x tỷ",,"Phương Canh, Phường Phương Canh, Quận Nam Từ Liêm, Hà NộiXem bản đồ",
40 m²,3 phòng,,Đã có sổ,"Nhà mặt phố, mặt tiền",4.5 m,,"182,5 triệu/m²",,3,,Nội thất đầy đủ,,ha-noi,"BÁN NHÀ MẶT PHỐ CÙ CHÍNH LAN, ÔTÔ TRÁNH, VP KINH DOANH, DT 40M2 MT4,5M",,"PHỐ CÙ CHÍNH LAN, Phường Khương Mai, Quận Thanh Xuân, Hà NộiXem bản đồ",
45 m²,3 phòng,,Đã có sổ,"Nhà mặt phố, mặt tiền",,45 m²,"82,22 triệu/m²",,,,,,ha-noi,"Bán Nhà Dân Xây Thạch Bàn,Long Biên. Lô Góc, Ô tô, 45m 3 tỷ 75.",,"Cổ Linh, Phường Thạch Bàn, Quận Long Biên, Hà NộiXem bản đồ",
35 m²,4 phòng,4 phòng,,"Nhà mặt phố, mặt tiền",,35 m²,"191,43 triệu/m²",,6,,Nội thất đầy đủ,,ha-noi,BÁN NHÀ VŨ TRỌNG PHỤNG 6 TẦNG NHỈNH 6 TỶ 15M RA MẶT PHỐ,,"vũ trọng phụng, Phường Thanh Xuân Bắc, Quận Thanh Xuân, Hà NộiXem bản đồ",
36 m²,4 phòng,4 phòng,Đã có sổ,"Nhà mặt phố, mặt tiền",,,"172,22 triệu/m²",,5,,Nội thất đầy đủ,,ha-noi,"BÁN NHÀ HOÀNG VĂN THÁI LÔ GÓC 2 THOÁNG 20M RA OTO TRÁNH NHỈNH 6,2 TỶ.",,"hoàng văn thái, Phường Khương Trung, Quận Thanh Xuân, Hà NộiXem bản đồ",
78 m²,4 phòng,4 phòng,,"Nhà ngõ, hẻm",6 m,,"156,28 triệu/m²",,4,,Nhà trống,,ha-noi,SIÊU RẺ! Bán nhà Mỹ Đình Lê Đức Thọ 78m phân lô gara ô tô ở ngay,,"Đường Lê Đức Thọ, Phường Mỹ Đình 1, Quận Nam Từ Liêm, Hà NộiXem bản đồ",
52 m²,4 phòng,,,"Nhà ngõ, hẻm",,,"111,54 triệu/m²",,5,Hẻm xe hơi,,,ha-noi,"Nhà riêng Giải Phóng Thịnh Liệt 52m, 5T, gara, MT4.5m, kinh doanh đỉnh",,"Đường Giải Phóng, Phường Thịnh Liệt, Quận Hoàng Mai, Hà NộiXem bản đồ",
30 m²,3 phòng,4 phòng,Đã có sổ,"Nhà ngõ, hẻm",,,125 triệu/m²,,5,,Nội thất đầy đủ,,ha-noi,💥BÁN NHÀ HOÀNG MAI- LÔ GÓC- DÂN XÂY- NGÕ THÔNG- GIÁ CỰC ĐẸP💥,,"Đường Hoàng Mai, Phường Hoàng Văn Thụ, Quận Hoàng Mai, Hà NộiXem bản đồ",
34.7 m²,1 phòng,,Đã có sổ,"Nhà ngõ, hẻm",,34.7 m²,"64,84 triệu/m²",,1,,,,ha-noi,"Bán nhà ngõ 88 Giáp Nhị, 34,7m2, 2,25 tỷ - Sổ đỏ chính chủ",,"Ngõ 88 Phố Giáp Nhị, Phường Thịnh Liệt, Quận Hoàng Mai, Hà NộiXem bản đồ",
38 m²,4 phòng,3 phòng,Đã có sổ,"Nhà ngõ, hẻm",,,"90,79 triệu/m²",,4,,Nội thất cao cấp,,ha-noi,"Nhà Đại Từ - 38m2 x 4 tầng - về ở luôn - 3,45 tỷ - sổ đỏ chính chủ",,"đại từ, Phường Đại Kim, Quận Hoàng Mai, Hà NộiXem bản đồ",
50 m²,2 phòng,2 phòng,Đã có sổ,Nhà phố liền kề,,50 m²,23 triệu/m²,,2,,,,ha-noi,"chính chủ cần bán gấp nhà tt phố Minh khai 50m 1,15 tỷ",,"Minh Khai , Phường Minh Khai, Quận Hai Bà Trưng, Hà NộiXem bản đồ",
70 m²,6 phòng,6 phòng,Đã có sổ,"Nhà ngõ, hẻm",,,60 triệu/m²,,4,,Nội thất đầy đủ,,ha-noi,HIẾM! NHÀ LĨNH NAM 70M2 X 5 TẦNG LÔ GÓC GIÁ ĐẦU TƯ NGÕ BA GÁC TRÁNH,,"Lĩnh Nam, Phường Lĩnh Nam, Quận Hoàng Mai, Hà NộiXem bản đồ",
35 m²,3 phòng,4 phòng,Đã có sổ,"Nhà ngõ, hẻm",,,"194,29 triệu/m²",Đông,5,,,,ha-noi,"Anh Lâm Chính Chủ Nhờ Bán Căn Nhà Phố Kim Ngưu - Hai Bà Trưng, Ô Tô",,"Phố Kim Ngưu, Phường Thanh Lương, Quận Hai Bà Trưng, Hà NộiXem bản đồ",
37 m²,4 phòng,4 phòng,,"Nhà ngõ, hẻm",,,"98,65 triệu/m²",,,,,,ha-noi,"NHÀ LĨNH NAM 37M2 5 TẦNG, GẦN Ô TÔ, XÂY CẨN THẬN TỪNG CHI TIẾT",,"Lĩnh Nam, Phường Lĩnh Nam, Quận Hoàng Mai, Hà NộiXem bản đồ",
30 m²,3 phòng,,Đã có sổ,"Nhà ngõ, hẻm",,,"76,67 triệu/m²",,,,,,ha-noi,Bán nhà La Phù 30m2 5 tầng,,"đường la Phù, Xã La Phù, Huyện Hoài Đức, Hà NộiXem bản đồ",
31 m²,3 phòng,4 phòng,Đã có sổ,"Nhà ngõ, hẻm",,,"91,94 triệu/m²",,5,,Nội thất cao cấp,,ha-noi,"2,85 TỶ NHÀ YHÌNH LĨNH NAM 31M/5T NGÕ RỘNG GẦN PHỐ",,"LĨNH NAM, Phường Vĩnh Hưng, Quận Hoàng Mai, Hà NộiXem bản đồ",
50 m²,3 phòng,3 phòng,Giấy tờ khác,"Nhà ngõ, hẻm",,,44 triệu/m²,,4,,Nội thất đầy đủ,,ha-noi,"2,2 TỶ NHÀ MỚI ĐẸP DAN XÂY VĨNH HƯNG 50M 4TGẦN OTÔ",,"VĨNH HƯNG, Phường Vĩnh Hưng, Quận Hoàng Mai, Hà NộiXem bản đồ",
22 m²,2 phòng,,,"Nhà ngõ, hẻm",,,"35,45 triệu/m²",,,,,,ha-noi,BÁN NHÀ MỚI PHỐ VĨNH HƯNG-Ô TÔ ĐỖ CỔNG: 22M/ 2 TẦNG/ 2 NGỦ,,"Phố Vĩnh Hưng, Phường Vĩnh Hưng, Quận Hoàng Mai, Hà NộiXem bản đồ",
35 m²,3 phòng,,,"Nhà ngõ, hẻm",,,"105,71 triệu/m²",,,,,,ha-noi,Bán nhà mới đẹp Phương Canh Nam Từ Liêm 35m 5T. 20m ra oto. Chỉ 3.7 tỷ,,"Phương Canh, Phường Phương Canh, Quận Nam Từ Liêm, Hà NộiXem bản đồ",
35 m²,4 phòng,,Đã có sổ,"Nhà mặt phố, mặt tiền",,,80 triệu/m²,,,,,,ha-noi,💎CƠ HỘI! Bán nhà🏡 PHỐ 19/5 - VĂN QUÁN 35Mx4T - GIÁ CHỈ 2.9 TỶ,,"Đường 19/5, Phường Văn Quán, Quận Hà Đông, Hà NộiXem bản đồ",
47 m²,4 phòng,,,"Nhà ngõ, hẻm",,,"97,87 triệu/m²",,,,,,ha-noi,"BÁN NHÀ MỚI, Ô TÔ ĐỖ CỔNG TẠI TƯ ĐÌNH, LONG BIÊN",,"Tư ĐÌnh, Phường Long Biên, Quận Long Biên, Hà NộiXem bản đồ",
25 m²,3 phòng,3 phòng,Đã có sổ,"Nhà ngõ, hẻm",,25 m²,130 triệu/m²,,,,Nội thất cao cấp,,ha-noi,"BÁN NHÀ 5 TẦNG KIM GIANG, THANH LIỆT SÁT OTO NHỈNH 3 TỶ",,"Kim Giang, Phường Thanh Trì, Quận Hoàng Mai, Hà NộiXem bản đồ",
30 m²,4 phòng,3 phòng,Đã có sổ,"Nhà ngõ, hẻm",,,155 triệu/m²,,5,,Nội thất đầy đủ,,ha-noi,"Bán nhà đường Láng, ngõ rộng, siêu gần phố, 5 ngủ ở + cho thuê, 30m*5T",,"đường láng, Phường Láng Thượng, Quận Đống Đa, Hà NộiXem bản đồ",
108 m²,4 phòng,,Đã có sổ,"Nhà mặt phố, mặt tiền",4.1999 m,,"509,26 triệu/m²",,5,,,,ha-noi,"MẶT PHỐ CHÙA BỘC,ĐỐNG ĐA - KINH DOANH ĐẮC ĐỊA, VỈA HÈ RỘNG - 108m2x5T",,"Chùa Bộc, Phường Quang Trung, Quận Đống Đa, Hà NộiXem bản đồ",
45 m²,6 phòng,6 phòng,Đã có sổ,"Nhà mặt phố, mặt tiền",,,"255,56 triệu/m²",,5,,Nội thất cao cấp,,ha-noi,Nhà đẹp Cầu Giấy - Lô góc - Hai mặt ngõ xe tải tránh - Kinh doanh đỉnh,,"Nguyễn Khang, Phường Trung Hoà, Quận Cầu Giấy, Hà NộiXem bản đồ",
62 m²,6 phòng,5 phòng,Đã có sổ,"Nhà mặt phố, mặt tiền",,,"154,84 triệu/m²",,6,,Nội thất cao cấp,,ha-noi,Tôi cần bán LK phố MINH KHAI 62m2 THANG MÁY ôTô tránh vỉa hè căn góc,,"Minh Khai, Phường Minh Khai, Quận Hai Bà Trưng, Hà NộiXem bản đồ",
22 m²,1 phòng,1 phòng,Đang chờ sổ,"Nhà ngõ, hẻm",,,"113,64 triệu/m²",,1,,Nội thất đầy đủ,,ha-noi,"Bán nhà ngõ phố cổ, 53 hàng buồm",,"53, Phố Hàng Buồm, Phường Hàng Buồm, Quận Hoàn Kiếm, Hà NộiXem bản đồ",
38 m²,4 phòng,,,"Nhà ngõ, hẻm",,,"116,32 triệu/m²",,,,,,ha-noi,"HOT!! Mặt ngõ Trần Quốc Vượng 6m ô tô đỗ cổng,kinh doanh,38m2*5T",,"Trần Quốc Vượng, Phường Dịch Vọng Hậu, Quận Cầu Giấy, Hà NộiXem bản đồ",
35 m²,3 phòng,4 phòng,Đã có sổ,"Nhà ngõ, hẻm",,,"88,57 triệu/m²",Tây Nam,5,,,,ha-noi,🆙️ 3 TỶ 1 - NHÀ ĐƯỢC THIẾT KẾ CHI TIẾT - NỘI THẤT ĐẶT LÀM RIÊNG,,"Đường Cổ Linh, Phường Thạch Bàn, Quận Long Biên, Hà NộiXem bản đồ",
70 m²,4 phòng,,Đã có sổ,"Nhà ngõ, hẻm",,,"145,71 triệu/m²",,,"Hẻm xe hơi,Nở hậu",,,ha-noi,"BÁN NHÀ CẦU DIỄN, LÔ GÓC, Ô TÔ TRÁNH ĐỖ CỬA, KD, 5T, DT70M2, 10,2 TỶ",,"Hồ Tùng Mậu, Phường Cầu Diễn, Quận Nam Từ Liêm, Hà NộiXem bản đồ",
31 m²,3 phòng,4 phòng,Đã có sổ,"Nhà ngõ, hẻm",,,"109,68 triệu/m²",,4,,Nội thất đầy đủ,,ha-noi,Bán nhà đường đại đồng. Nhà dân xây.,,"Phố Đại Đồng, Phường Thanh Trì, Quận Hoàng Mai, Hà NộiXem bản đồ",
29 m²,2 phòng,,,"Nhà ngõ, hẻm",,,"113,79 triệu/m²",,,,,,ha-noi,Bán nhà ngõ 105 Láng Hạ diện tích 29m2 4 tầng giá 3.3 tỷ,,"Láng Hạ, Phường Láng Hạ, Quận Đống Đa, Hà NộiXem bản đồ",
45 m²,nhiều hơn 10 phòng,,,"Nhà ngõ, hẻm",,,"91,11 triệu/m²",,,,,,ha-noi,"Sinh lời mạnh mẽ! Toà CHDV gần ĐH Bách Kinh Xây, đối diện Times City",,"Phố Minh Khai, Phường Vĩnh Tuy, Quận Hai Bà Trưng, Hà NộiXem bản đồ",
45 m²,4 phòng,4 phòng,Đã có sổ,"Nhà ngõ, hẻm",,,"188,89 triệu/m²",,5,,Nội thất đầy đủ,,ha-noi,Bán nhà Vườn Hoa 1/6 - Hoàng Cầu. 45m2 - Nhỉnh 8 Tỷ. Nhà Lô góc - Ô TÔ,,"Phố Hoàng Cầu, Phường Ô Chợ Dừa, Quận Đống Đa, Hà NộiXem bản đồ",
40 m²,4 phòng,4 phòng,Đã có sổ,"Nhà mặt phố, mặt tiền",,40 m²,125 triệu/m²,,,,,,ha-noi,"Nhà Kim Ngưu.(mới quá. Rất hiếm. Ngõ thông),40m,5tầng,MT: 3.5m,giá 5tỷ",,"kim ngưu, Phường Thanh Nhàn, Quận Hai Bà Trưng, Hà NộiXem bản đồ",
27 m²,3 phòng,,Đã có sổ,"Nhà ngõ, hẻm",,,"122,22 triệu/m²",,4,,Nội thất cao cấp,,ha-noi,Bán nhà  Bạch Mai ngõ to rộng thoáng 27m2* 5T giá 3.3 tỷ Hai Bà Trưng,,"Bạch Mai, Phường Cầu Dền, Quận Hai Bà Trưng, Hà NộiXem bản đồ",
30 m²,2 phòng,2 phòng,Đã có sổ,"Nhà ngõ, hẻm",,48 m²,"98,33 triệu/m²",,,Nở hậu,,,ha-noi,NGÕ GIẾNG MỨT - BẠCH MAI - HAI BÀ TRƯNG !! Giá RẺ BẤT NGỜ CHẬM THÌ HÊT,,"Phố Bạch Mai, Phường Bạch Mai, Quận Hai Bà Trưng, Hà NộiXem bản đồ",
33 m²,3 phòng,3 phòng,Đã có sổ,Nhà phố liền kề,,,"80,3 triệu/m²",Đông Bắc,4,,,,ha-noi,"Bán Nhà Yên Nghĩa cách đường Quan Trung 30m rẽ vào giá chỉ 2,65",,"Yên Nghĩa, Phường Yên Nghĩa, Quận Hà Đông, Hà NộiXem bản đồ",
54 m²,4 phòng,,Đã có sổ,"Nhà mặt phố, mặt tiền",5 m,300 m²,250 triệu/m²,,7,,,,ha-noi,"lô góc, ô tô, thang máy,kinh doanh Cầu Giấy 54m 7 tầng MT 5m 13.5 tỷ",,"Cầu Giấy, Phường Quan Hoa, Quận Cầu Giấy, Hà NộiXem bản đồ",
102 m²,5 phòng,5 phòng,Đã có sổ,Nhà phố liền kề,,,"224,51 triệu/m²",,6,,Nội thất đầy đủ,,ha-noi,"Liền kề 102m mt5,2m 6 tầng thang máy tại Galaxy vạn phúc ở sướng, KD",,"Phố Tố Hữu, Phường Vạn Phúc, Quận Hà Đông, Hà NộiXem bản đồ",
100 m²,nhiều hơn 10 phòng,,,"Nhà ngõ, hẻm",,,270 triệu/m²,,,,,,ha-noi,Bán toà CHDV VIP phố THÁI HÀ 100m 9 tầng dòng tiền 2 tỷ /năm,,"Thái Hà, Phường Trung Tự, Quận Đống Đa, Hà NộiXem bản đồ",
35 m²,2 phòng,,,"Nhà ngõ, hẻm",,,"94,29 triệu/m²",,,,,,ha-noi,Bán nhà La Thành gần Ô Chợ Dừa diện tích 35 m2 3 tầng giá 3.3 tỷ,,"ngõ trại tóc, Phường Ô Chợ Dừa, Quận Đống Đa, Hà NộiXem bản đồ",
69 m²,5 phòng,,Đã có sổ,"Nhà ngõ, hẻm",,48 m²,"47,1 triệu/m²",,,"Hẻm xe hơi,Nở hậu",Nội thất cao cấp,,ha-noi,🆘️ HIẾM - nhà LÔ GÓC - Ô TÔ đỗ cổng - sát Hồ không khí TRONG LÀNH 💋,,"Nguyễn Khoái, Phường Thanh Trì, Quận Hoàng Mai, Hà NộiXem bản đồ",
66 m²,5 phòng,6 phòng,Đã có sổ,"Nhà ngõ, hẻm",,,150 triệu/m²,,7,,Nội thất cao cấp,,ha-noi,"Nhà đẹp, thang máy, 66m2, ở ngay cần bán tại phố Tôn Đức Thắng 9.9 tỷ.",,"Phố Tôn Đức Thắng, Phường Hàng Bột, Quận Đống Đa, Hà NộiXem bản đồ",
39 m²,4 phòng,5 phòng,Đã có sổ,"Nhà ngõ, hẻm",,,"141,03 triệu/m²",,6,,Nội thất đầy đủ,,ha-noi,NHÀ 6 TẦNG HÀO NAM-ĐỐNG ĐA-ĐẸP VỀ Ở LUÔN ĐÓN TẾT-NGÕ THÔNG RỘNG,,"Phố Hào Nam, Phường Ô Chợ Dừa, Quận Đống Đa, Hà NộiXem bản đồ",
55 m²,3 phòng,3 phòng,Đã có sổ,"Nhà mặt phố, mặt tiền",4.3 m,,400 triệu/m²,,,,,14 m,ha-noi,"Cần bán nhà mặt phố Thanh Nhàn – Hai Bà Trưng 55m2, ở kdoanh, 22 tỷ.",,"Phố Thanh Nhàn, Phường Thanh Nhàn, Quận Hai Bà Trưng, Hà NộiXem bản đồ",
48 m²,2 phòng,Nhiều hơn 6 phòng,Đã có sổ,"Nhà mặt phố, mặt tiền",,48 m²,"437,5 triệu/m²",,2,,,,ha-noi,"Cần bán gấp nhà mặt phố Phạm Huy Thông, Hồ Ngọc Khánh, Ba Đình, 21 tỷ.",,"Phạm Huy Thông, Phường Liễu Giai, Quận Ba Đình, Hà NộiXem bản đồ",
264 m²,4 phòng,4 phòng,Đã có sổ,Nhà biệt thự,,,"126,14 triệu/m²",,4,,Bàn giao thô,,ha-noi,"Biệt Thự AN Khang Vilas Khu A Dương Nội,264m mt13m đẳng cấp sống",,"Tố Hữu, Phường Dương Nội, Quận Hà Đông, Hà NộiXem bản đồ",
40 m²,3 phòng,,,"Nhà ngõ, hẻm",,40 m²,105 triệu/m²,,,,,,ha-noi,"Đại Hạ Giá_Khương Hạ, Lô Góc, KD, Ô to, thông, thoáng, 45m2*5T",,"Khương Hạ, Phường Khương Đình, Quận Thanh Xuân, Hà NộiXem bản đồ",
31 m²,2 phòng,2 phòng,Đã có sổ,"Nhà ngõ, hẻm",4 m,,100 triệu/m²,,4,,,,ha-noi,Nhà ngõ phố Bạch Mai 125m2 2 phòng ngủ,,"Phố Bạch Mai, Phường Trương Định, Quận Hai Bà Trưng, Hà NộiXem bản đồ",
40 m²,6 phòng,4 phòng,Đã có sổ,"Nhà ngõ, hẻm",,,140 triệu/m²,,5,,Nội thất đầy đủ,,ha-noi,"Bán nhà Phố Âu Cơ-Tứ Liên, 5 tầng, ngõ thông, ôtô, 40m2, chỉ 5.6 tỷ.",,"Âu Cơ, Phường Xuân La, Quận Tây Hồ, Hà NộiXem bản đồ",
35 m²,4 phòng,5 phòng,Đã có sổ,"Nhà ngõ, hẻm",4 m,,"84,29 triệu/m²",,,,Nội thất đầy đủ,,ha-noi,"BÁN NHÀ 5 TẦNG-SÁT VÁCH NGỌC LÂM-35M2-GẦN Ô TÔ-CHỈ 2,95TỶ",,"undefined, Phường Ngọc Lâm, Quận Long Biên, Hà NộiXem bản đồ",
63 m²,4 phòng,4 phòng,,"Nhà mặt phố, mặt tiền",4 m,,"131,75 triệu/m²",,55,,,15 m,ha-noi,"Bán nhà mới-kinh doanh Bồ Đề-Long Biên-63m2-ô tô-4tầng-8,3tỷ đẹp mê ly",,"Bồ Đề, Phường Bồ Đề, Quận Long Biên, Hà NộiXem bản đồ",
27 m²,3 phòng,,Đã có sổ,"Nhà ngõ, hẻm",,,"92,59 triệu/m²",,5,,Nội thất đầy đủ,,ha-noi,Đê La Thành 27m 5T 3PN 10m ra ô tô ngõ 2.5m giá 2.5 tỷ,,"Đê La Thành, Phường Hàng Bột, Quận Đống Đa, Hà NộiXem bản đồ",
16 m²,2 phòng,,,"Nhà ngõ, hẻm",,,"146,88 triệu/m²",,,,,,ha-noi,GẤP GẤP BÁN NHÀ MINH KHAI - HAI BÀ TRƯNG,,"Phố Minh Khai, Phường Minh Khai, Quận Hai Bà Trưng, Hà NộiXem bản đồ",
40 m²,3 phòng,3 phòng,,"Nhà ngõ, hẻm",3 m,,100 triệu/m²,,3,,,13 m,ha-noi,BÁN NHÀ LÔ GÓC SỔ ĐẸP TẠI PHỐ HÀO NAM ĐỐNG ĐA HÀ NỘI GIÁ NHỈNH 4 TỶ,,"Phố Hào Nam, Phường Ô Chợ Dừa, Quận Đống Đa, Hà NộiXem bản đồ",
55 m²,6 phòng,,Đã có sổ,"Nhà ngõ, hẻm",4.5 m,,"156,36 triệu/m²",,,"Hẻm xe hơi,Nở hậu",Nội thất cao cấp,,ha-noi,BÁN NHÀ NGUYỄN NGỌC NẠI 55m2 5T 6PN 8.6 tỷ NGÕ OTO CHO THUÊ VĂN PHÒNG,,"Nguyễn Ngọc Nại, Phường Khương Mai, Quận Thanh Xuân, Hà NộiXem bản đồ",
51 m²,4 phòng,3 phòng,Đã có sổ,"Nhà ngõ, hẻm",,,"108,82 triệu/m²",,4,,,,ha-noi,Cần Bán Nhà Măt Ngõ Đặng Văn Ngữ 51m2 X4 Tầng Nhà Đẹp Ở Luôn hơn 5 tỷ.,,"Đặng Văn Ngữ, Phường Nam Đồng, Quận Đống Đa, Hà NộiXem bản đồ",
38 m²,5 phòng,3 phòng,Đã có sổ,"Nhà ngõ, hẻm",4 m,,"104,74 triệu/m²",,5,,,,ha-noi,"Bán nhà Văn la giá rẻ 38m2, 5 tầng, mặt tiền 3.7m giá chào 3.98 tỷ",,"Phố Văn La, Phường Phú La, Quận Hà Đông, Hà NộiXem bản đồ",
35 m²,4 phòng,4 phòng,Đã có sổ,"Nhà ngõ, hẻm",,,"145,71 triệu/m²",,5,,Nội thất cao cấp,,ha-noi,"Bán nhà Dương Khuê, cạnh đại học thương mại, 35m, 5 tầng, 5 tỷ",,"dương khuê, Phường Mai Dịch, Quận Cầu Giấy, Hà NộiXem bản đồ",
40 m²,2 phòng,2 phòng,Đã có sổ,"Nhà ngõ, hẻm",,,"52,5 triệu/m²",,2,,Nội thất đầy đủ,,ha-noi,NHÀ DÂN CẦN TIỀN NHƯỢNG LẠI NHÀ 2 TẦNG 2.1tỷ - KIM CHUNG - HOÀI ĐỨC,,"Ngõ 55 Đường Đại Tự, Xã Kim Chung, Huyện Hoài Đức, Hà NộiXem bản đồ",
55 m²,6 phòng,6 phòng,Đã có sổ,"Nhà ngõ, hẻm",,,"189,09 triệu/m²",,6,,Nội thất đầy đủ,,ha-noi,"Lô góc 2 thoáng gần phố Khúc Thừa Dụ, 20m ô tô tránh",,"Khúc thừa dụ , Phường Dịch Vọng, Quận Cầu Giấy, Hà NộiXem bản đồ",
36 m²,4 phòng,,Đã có sổ,"Nhà ngõ, hẻm",,35 m²,"163,89 triệu/m²",,5,,Nội thất đầy đủ,,ha-noi,"Bán nhà Trần Thái Tông 5 tầng, ngõ rộng, gần CV Cầu giấy, nhỉnh 5 tỷ",,"trần thái tông, Phường Dịch Vọng Hậu, Quận Cầu Giấy, Hà NộiXem bản đồ",
