Diện tích đất:,Số phòng ngủ:,Số phòng vệ sinh:,Giấy tờ pháp lý:,Loại hình nhà ở:,Chiều ngang:,Diện tích sử dụng:,Giá/m2:,Hướng cửa chính:,Tổng số tầng:,Đặc điểm nhà/đất:,Tình trạng nội thất:,Chiều dài:,Location,Name,URL,District,Price
184 m²,3 phòng,4 phòng,Đã có sổ,"Nhà ngõ, hẻm",,,"61,41 triệu/m²",Đông Nam,3,,,,tp-ho-chi-minh,"CHÍNH CHỦ! Mt đường 10m đường số Đặng Văn Bi, giá đầu tư",,"Đặng Văn Bi, Phường Trường Thọ (Quận Thủ Đức cũ), Thành phố Thủ Đức, Tp Hồ Chí MinhXem bản đồ",
65 m²,2 phòng,1 phòng,Đã có sổ,"Nhà ngõ, hẻm",,,"69,23 triệu/m²",Tây Bắc,1,,,,tp-ho-chi-minh,Bán nhà 352/14 gò dầu phường tân Quý .tân phú,,"Gò Dầu, Phường Tân Quý, Quận Tân Phú, Tp Hồ Chí MinhXem bản đồ",
80 m²,3 phòng,2 phòng,Đã có sổ,"Nhà mặt phố, mặt tiền",4 m,,"98,75 triệu/m²",,,,Nội thất đầy đủ,,tp-ho-chi-minh,"***Bán nhà mặt tiền quận Tân Phú, nhánh mặt tiền Nguyễn Sơn, 4*20; 2MT",,"Hiền Vương, Phường Phú Thạnh, Quận Tân Phú, Tp Hồ Chí MinhXem bản đồ",
53.5 m²,8 phòng,Nhiều hơn 6 phòng,Đã có sổ,"Nhà ngõ, hẻm",,,"111,21 triệu/m²",,5,,Nội thất đầy đủ,,tp-ho-chi-minh,NHÀ 8 PN - DÒNG TIỀN 30tr - SỔ NỞ HẬU - 2 MẶT HẺM - NHỈNH 5 TỶ,,"Bùi Đình Tuý, Phường 12, Quận Bình Thạnh, Tp Hồ Chí MinhXem bản đồ",
53.5 m²,8 phòng,Nhiều hơn 6 phòng,Đã có sổ,"Nhà ngõ, hẻm",,,"111,21 triệu/m²",,5,,Nội thất đầy đủ,,tp-ho-chi-minh,NHÀ 8 PN - DÒNG TIỀN 30tr - SỔ NỞ HẬU - 2 MẶT HẺM - NHỈNH 5 TỶ,,"Bùi Đình Tuý, Phường 12, Quận Bình Thạnh, Tp Hồ Chí MinhXem bản đồ",
60 m²,5 phòng,6 phòng,Đã có sổ,"Nhà ngõ, hẻm",,,"85,83 triệu/m²",,55,,Nội thất cao cấp,,tp-ho-chi-minh,"Giá 100% Nhà Mới ở 256 Đường Mã Lò(4,5 x12m) Thiết Kế Hiện Đại Đẹp Mắt",,"Mã Lò, Phường Bình Trị Đông A, Quận Bình Tân, Tp Hồ Chí MinhXem bản đồ",
296.6 m²,3 phòng,2 phòng,Đã có sổ,"Nhà mặt phố, mặt tiền",,,"96,09 triệu/m²",Tây Nam,1,,,,tp-ho-chi-minh,"BÁN MẶT TIỀN VIEW SÔNG SÀI GÒN PHƯỜNG 27, QUẬN BÌNH THẠNH.TpHCM",,"137/8, Bình Quới, Phường 27, Quận Bình Thạnh, Tp Hồ Chí MinhXem bản đồ",
100 m²,3 phòng,2 phòng,Đã có sổ,"Nhà mặt phố, mặt tiền",4 m,,47 triệu/m²,,1,,,,tp-ho-chi-minh,👉🥳 giảm sốc 500tr còn 4tyr7 nhà mặt tiền 1 lầu 3phòng 🥳👈,,"🏕🥳 Bán Gấp Nhà Mặt Tiền 1lầu 3 Phòng Trung Chánh 🏕🥳, Xã Trung Chánh, Huyện Hóc Môn, Tp Hồ Chí MinhXem bản đồ",
60 m²,5 phòng,6 phòng,Đã có sổ,"Nhà mặt phố, mặt tiền",4 m,,"88,33 triệu/m²",,,,,15 m,tp-ho-chi-minh,"chỉ còn 1 căn nhà xinh 1 lửng 3 lầu tx21 Q12 giá 5,3 tỷ",,"Đường Thạnh Xuân 21, Phường Thạnh Xuân, Quận 12, Tp Hồ Chí MinhXem bản đồ",
79 m²,3 phòng,3 phòng,,"Nhà ngõ, hẻm",,,100 triệu/m²,Đông Nam,3,,Nội thất đầy đủ,,tp-ho-chi-minh,"Hiếm nhà 3 tầng 79m2 - DT: 3,9m x 20m - Hẻm xe hơi - Chu Văn An P.12",,"Chu Văn An, Phường 12, Quận Bình Thạnh, Tp Hồ Chí MinhXem bản đồ",
48 m²,2 phòng,2 phòng,Đã có sổ,"Nhà ngõ, hẻm",4 m,,"7,08 triệu/m²",,,,Nội thất đầy đủ,,tp-ho-chi-minh,"Bán Nhà Giá Ngộp , Diện Tích 4x12 , Có Sổ Hồng Riêng",,"Nguyễn Văn Bứa, Xã Xuân Thới Sơn, Huyện Hóc Môn, Tp Hồ Chí MinhXem bản đồ",
60 m²,2 phòng,1 phòng,Đã có sổ,"Nhà ngõ, hẻm",,,"36,67 triệu/m²",,1,,Nhà trống,,tp-ho-chi-minh,"Chỉ 2.2ty có ngay nhà SHR, ngay bx An Sương, Bà Điểm",,"Đường Nguyễn Thị Huê, Xã Bà Điểm, Huyện Hóc Môn, Tp Hồ Chí MinhXem bản đồ",
35.7 m²,2 phòng,2 phòng,Đã có sổ,"Nhà ngõ, hẻm",,,"48,74 triệu/m²",,1,,Nội thất đầy đủ,,tp-ho-chi-minh,"1.74TỶ_71,4M_2 PHÒNG NGỦ, HẺM THÔNG THOÁNG, SHR",,"Phạm Văn Hai, Phường 3, Quận Tân Bình, Tp Hồ Chí MinhXem bản đồ",
43.26 m²,2 phòng,2 phòng,Đã có sổ,"Nhà ngõ, hẻm",,,"46,23 triệu/m²",,1,,Nội thất đầy đủ,,tp-ho-chi-minh,"CHỦ GIẢM MẠNH 100TR CHO KHÁCH THIỆN CHÍ - 1 LẦU 2 PN - 87m2, SHR",,"Đoàn Văn Bơ, Phường 9, Quận 4, Tp Hồ Chí MinhXem bản đồ",
62 m²,3 phòng,3 phòng,Đã có sổ,"Nhà ngõ, hẻm",,,"88,71 triệu/m²",,2,,Nội thất đầy đủ,,tp-ho-chi-minh,"Big C Trường Chinh, 62M, 2 Tầng, 3 PN, Giáp Tân Bình, gần sân bay",,"Trường Chinh, Phường Tây Thạnh, Quận Tân Phú, Tp Hồ Chí MinhXem bản đồ",
462 m²,3 phòng,1 phòng,,"Nhà mặt phố, mặt tiền",,,"90,91 triệu/m²",Đông Nam,2,,,,tp-ho-chi-minh,Bán nhà mạt tiền ttn08 - quận 12,,"TTN08, Phường Tân Thới Nhất, Quận 12, Tp Hồ Chí MinhXem bản đồ",
60 m²,1 phòng,1 phòng,Đã có sổ,"Nhà ngõ, hẻm",6 m,,"156,5 triệu/m²",,1,,,,tp-ho-chi-minh,"☘️Nhà bán GẤP☘️ Lý Thái Tổ 59m2 Giá ☘️ 9,39 tỷ ☘️Q10.Thương lượng",,"Lý Thái Tổ, Phường 9, Quận 10, Tp Hồ Chí MinhXem bản đồ",
26 m²,3 phòng,3 phòng,Đã có sổ,"Nhà mặt phố, mặt tiền",,,"261,54 triệu/m²",Đông Nam,5,,,,tp-ho-chi-minh,"Bán gấp nhà mặt tiền đường 9M, tại số 4A Đường 50, F2, Q4, Giá 6.8 tỷ",,"4A, Đường số 50, Phường 2, Quận 4, Tp Hồ Chí MinhXem bản đồ",
30 m²,4 phòng,3 phòng,,"Nhà ngõ, hẻm",3.2999 m,,"79,33 triệu/m²",,2,,,9 m,tp-ho-chi-minh,"Nhà 360 Phạm Hữu Lầu- 1Trệt - 2Lầu - 4Phòng Ngủ- 3 WC ( 3,3m * 9m)",,"360, Phạm Hữu Lầu, Xã Phước Kiển, Huyện Nhà Bè, Tp Hồ Chí MinhXem bản đồ",
52 m²,1 phòng,,,"Nhà ngõ, hẻm",,,"36,54 triệu/m²",,,,,,tp-ho-chi-minh,BÁN NHÀ HẺM THÔNG HẬU GIANG QUẬN 6 ĐI ĐỊNH CƯ CANADA,,"Đường Hậu Giang, Phường 11, Quận 6, Tp Hồ Chí MinhXem bản đồ",
27 m²,2 phòng,1 phòng,Đã có sổ,"Nhà ngõ, hẻm",,,"90,74 triệu/m²",,1,,Nhà trống,,tp-ho-chi-minh,bán nhà 92/11 nguyễn sơn phường phú thọ hoà quận tân phú,,"92/11 , Hẻm 92 Nguyễn Sơn, Phường Phú Thọ Hòa, Quận Tân Phú, Tp Hồ Chí MinhXem bản đồ",
40 m²,2 phòng,2 phòng,,"Nhà mặt phố, mặt tiền",4 m,,"27,5 triệu/m²",,1,,,10 m,tp-ho-chi-minh,CHỦ CẦN BÁN CẦN RA GẤP TRẦN XUÂN SOẠN,,"Trần Xuân Soạn, Phường Tân Hưng, Quận 7, Tp Hồ Chí MinhXem bản đồ",
52.4 m²,3 phòng,3 phòng,Đã có sổ,"Nhà ngõ, hẻm",,,"50,95 triệu/m²",,2,,Nội thất đầy đủ,,tp-ho-chi-minh,🔥🔥BÁN NHÀ KHU VỰC SẦM UẤT NHẤT L🔥 TRẦN HƯNG ĐẠO P.CẦU KHO Q1🎉🎉🎉,,"Trần Hưng Ðạo, Phường Cầu Kho, Quận 1, Tp Hồ Chí MinhXem bản đồ",
50 m²,4 phòng,4 phòng,Đã có sổ,"Nhà ngõ, hẻm",,,"63,8 triệu/m²",,3,,Nội thất đầy đủ,,tp-ho-chi-minh,"CHỦ BÁN VỘI NHÀ VÕ VĂN TẦN,quận 3.Kẹt vốn kinh doanh nên bán lỗ.SHR",,"Đường Võ Văn Tần, Phường 5, Quận 3, Tp Hồ Chí MinhXem bản đồ",
170 m²,5 phòng,6 phòng,Đã có sổ,Nhà biệt thự,10 m,,"188,18 triệu/m²",,,,Nội thất cao cấp,,tp-ho-chi-minh,"Bán Biệt Thự 4 Tầng, 10x17m, Đường Nguyễn Thái Bình, Q. Tân Bình",,"Nguyễn Thái Bình, Phường 12, Quận Tân Bình, Tp Hồ Chí MinhXem bản đồ",
35 m²,2 phòng,2 phòng,,Nhà phố liền kề,3.5 m,,110 triệu/m²,,2,,,10 m,tp-ho-chi-minh,"Nhà mới siêu đẹp,1 trệt 2 lầu, 2PN,2WC,Sổ hồng đẹp,đã hoàn công đầy đủ",,"Đường số 2, Phường 16, Quận Gò Vấp, Tp Hồ Chí MinhXem bản đồ",
101.0998 m²,4 phòng,4 phòng,Đã có sổ,"Nhà ngõ, hẻm",,,"84,08 triệu/m²",,1,,Nội thất đầy đủ,,tp-ho-chi-minh,"Siêu phẩm Quận 10 – 101m2 ngang 5.7 hậu 10m công nhận đủ, chỉ 80tr/m2.",,"Đường Nguyễn Tri Phương, Phường 4, Quận 10, Tp Hồ Chí MinhXem bản đồ",
88 m²,3 phòng,,,"Nhà ngõ, hẻm",4.5 m,,"67,61 triệu/m²",,,"Hẻm xe hơi,Nở hậu",,20 m,tp-ho-chi-minh,"Nhà 1 sẹc Lê Đức Thọ-P16. DT 4,5x20m",,"Lê Đức Thọ, Phường 16, Quận Gò Vấp, Tp Hồ Chí MinhXem bản đồ",
495 m²,2 phòng,1 phòng,Đã có sổ,"Nhà ngõ, hẻm",10 m,,"8,08 triệu/m²",,,,,50 m,tp-ho-chi-minh,Hòa phú củ chi lô đất 500m. Thổ cư 200m giá bán 4ty,,"Mặt Tiền Đường Nhưa, Xã Hòa Phú, Huyện Củ Chi, Tp Hồ Chí MinhXem bản đồ",
120 m²,nhiều hơn 10 phòng,Nhiều hơn 6 phòng,Đã có sổ,"Nhà mặt phố, mặt tiền",,,"62,5 triệu/m²",,2,,Nội thất đầy đủ,,tp-ho-chi-minh,"Bán dãy trọ 15P, 120m2 Võ Văn Ngân, Thủ Đức",,"Đường Võ Văn Ngân, Phường Linh Chiểu (Quận Thủ Đức cũ), Thành phố Thủ Đức, Tp Hồ Chí MinhXem bản đồ",
40 m²,4 phòng,4 phòng,Đã có sổ,"Nhà mặt phố, mặt tiền",,,55 triệu/m²,,2,,Nhà trống,,tp-ho-chi-minh,Nhà Đẹp Siêu Rẻ q7,,"Le Văn Lương, Phường Tân Hưng, Quận 7, Tp Hồ Chí MinhXem bản đồ",
47.1 m²,3 phòng,3 phòng,Đã có sổ,"Nhà ngõ, hẻm",,,"66,88 triệu/m²",,2,,Nhà trống,,tp-ho-chi-minh,"🏡🏡🏡 BÁN NHÀ Mới 100% ngay Đ. ÔNG ÍCH KHIÊM, P.14, QUẬN 11🏡",,"Đường Ông Ích Khiêm, Phường 14, Quận 11, Tp Hồ Chí MinhXem bản đồ",
46 m²,3 phòng,2 phòng,Đã có sổ,"Nhà ngõ, hẻm",,,"57,61 triệu/m²",Đông Bắc,2,,,,tp-ho-chi-minh,"Nhà 1 trệt - lầu, đường Tam Châu ngay BV Thủ Đức. Giá 2,65 TL.",,"Đường Tam Châu, Phường Tam Bình (Quận Thủ Đức cũ), Thành phố Thủ Đức, Tp Hồ Chí MinhXem bản đồ",
60.7999 m²,3 phòng,,Đã có sổ,"Nhà ngõ, hẻm",,,"42,6 triệu/m²",,2,Hẻm xe hơi,,,tp-ho-chi-minh,"Nhà 1T2L Tôn Đản,P8,Q4,Giá 2 tỷ 590tr- Sổ riêng,hẻm ô tô",,"Tôn Đản, Phường 8, Quận 4, Tp Hồ Chí MinhXem bản đồ",
41 m²,2 phòng,2 phòng,,"Nhà ngõ, hẻm",4.0998 m,,"76,83 triệu/m²",,2,,,10.5 m,tp-ho-chi-minh,Nha sổ hồng riêng,,"Liên Khu 2/5, Phường Hiệp Thành, Quận 12, Tp Hồ Chí MinhXem bản đồ",
110 m²,3 phòng,4 phòng,Đã có sổ,"Nhà ngõ, hẻm",,,"52,73 triệu/m²",,2,,Nhà trống,,tp-ho-chi-minh,"Bán nhà riêng hẻm xe hơi 6m, Bình Tân, 2 tầng 110 m2, chỉ 5.8 tỷ",,"Đường Trương Phước Phan, Phường Bình Trị Đông, Quận Bình Tân, Tp Hồ Chí MinhXem bản đồ",
48.8 m²,4 phòng,,Đã có sổ,"Nhà ngõ, hẻm",,48.8 m²,"65,57 triệu/m²",,,Hẻm xe hơi,,,tp-ho-chi-minh,"🌸TUYỆT QUÁAA! 🌸 CHỦ BÁN NHÀ ĐẸP🌸 TẠI NHÀ TRẦN QUANG DIỆU,P14,Q3, SHR",,"Trần Quang Diệu, Phường 14, Quận 3, Tp Hồ Chí MinhXem bản đồ",
52 m²,4 phòng,,Đã có sổ,"Nhà ngõ, hẻm",,52 m²,"52,5 triệu/m²",,,Hẻm xe hơi,,,tp-ho-chi-minh,"🔥ĐẠPPP GIÁ CÒN 2TỶ730🔥 hẻm1/ Chu Văn An, P.12, Q. Bình Thạnh, SHR",,"Chu Văn An, Phường 12, Quận Bình Thạnh, Tp Hồ Chí MinhXem bản đồ",
286 m²,6 phòng,,,"Nhà mặt phố, mặt tiền",13 m,858 m²,"132,87 triệu/m²",,,,,22 m,tp-ho-chi-minh,Bán Biệt Thự Pháp Khu K300_Tân Bình 13 x 22m 3Tầng Gía chỉ 38 Tỷ TL,,"Đường Quách Văn Tuấn, Phường 12, Quận Tân Bình, Tp Hồ Chí MinhXem bản đồ",
32 m²,2 phòng,,,"Nhà ngõ, hẻm",,,"73,44 triệu/m²",,,,,,tp-ho-chi-minh,"CHÍNH CHỦ BÁN GẤP NHÀ ĐẸP GIÁ RẺ BÌNH TÂN. CHỈ 2,35 TỶ, BỚT LỘC",,"4, Phường Bình Hưng Hoà B, Quận Bình Tân, Tp Hồ Chí MinhXem bản đồ",
68 m²,4 phòng,5 phòng,Đã có sổ,"Nhà ngõ, hẻm",,,"98,53 triệu/m²",Tây,4,,,,tp-ho-chi-minh,"Chính Chủ Xây Dựng 4Tầng 4PN, 4x17 Không LG QH, Đường 8m Thông",,"Đường Lê Văn Quới, Phường Bình Hưng Hoà A, Quận Bình Tân, Tp Hồ Chí MinhXem bản đồ",
57 m²,4 phòng,4 phòng,Đã có sổ,Nhà phố liền kề,,,100 triệu/m²,Tây Nam,4,,,,tp-ho-chi-minh,NHÀ HIỆN ĐẠI THẠNH LỘC 41. HẠ TẦNG CHẤM HẾT,,"Thạnh Lộc 41, Phường Thạnh Lộc, Quận 12, Tp Hồ Chí MinhXem bản đồ",
24 m²,3 phòng,3 phòng,Đã có sổ,"Nhà ngõ, hẻm",4 m,,"56,25 triệu/m²",,2,,,,tp-ho-chi-minh,Nhà hẻm xe hơi đến nhà Huỳnh Tấn Phát TT Nhà Bè-4m X 6m- 3 tầng- 3pn,,"Huỳnh Tấn Phát, Thị trấn Nhà Bè, Huyện Nhà Bè, Tp Hồ Chí MinhXem bản đồ",
50 m²,2 phòng,2 phòng,Đã có sổ,Nhà phố liền kề,,,10 triệu/m²,Đông Nam,1,,,,tp-ho-chi-minh,NHÀ 550 TRIỆU 50M2 NGUYỄN VĂN BỨA HÓC MÔN,,"Nguyễn Văn Bứa, Xã Xuân Thới Sơn, Huyện Hóc Môn, Tp Hồ Chí MinhXem bản đồ",
47.2999 m²,4 phòng,3 phòng,Đã có sổ,"Nhà mặt phố, mặt tiền",4.3 m,,"63,43 triệu/m²",,,,Nội thất cao cấp,,tp-ho-chi-minh,ĐƯỜNG 6M_TRƯƠNG PHƯỚC PHAN_ 50 m2_ GIÁ 3ty69(TL),,"Tân Hoà Đông, Phường Bình Trị Đông, Quận Bình Tân, Tp Hồ Chí MinhXem bản đồ",
42.5998 m²,2 phòng,1 phòng,Đang chờ sổ,"Nhà mặt phố, mặt tiền",,,"34,04 triệu/m²",Nam,,,Nội thất đầy đủ,,tp-ho-chi-minh,Nhà Mặt Tiền,,"Đường Bắc Lân 2B, Xã Bà Điểm, Huyện Hóc Môn, Tp Hồ Chí MinhXem bản đồ",
1 m²,2 phòng,2 phòng,Đã có sổ,"Nhà ngõ, hẻm",,,"1,56 tỷ/m²",,1,,Nội thất cao cấp,,tp-ho-chi-minh,"Hàng hot! Nhà 106m2/2PN đường Xóm Đất, Giá chỉ 1,56 tỷ, SHR PL rõ ràng",,"Đường Xóm Đất, Phường 8, Quận 11, Tp Hồ Chí MinhXem bản đồ",
1 m²,3 phòng,3 phòng,Đã có sổ,"Nhà ngõ, hẻm",,,"1,99 tỷ/m²",,2,,Nội thất cao cấp,,tp-ho-chi-minh,Chưa từng có nhà HXH Đường Nguyễn Sỹ Sách giá chưa tới 2 tỷ 147m2/3PN,,"Nguyễn Sỹ Sách, Phường 15, Quận Tân Bình, Tp Hồ Chí MinhXem bản đồ",
48 m²,4 phòng,,Đã có sổ,"Nhà ngõ, hẻm",,,"93,75 triệu/m²",,,Hẻm xe hơi,,,tp-ho-chi-minh,"BÁN NHÀ 4 TẦNG -KHU GÒ XOÀI-BÌNH TÂN , 4 x 12M , CHỈ 4,5 TỶ TL",,"Gò Xoài, Phường Bình Hưng Hoà A, Quận Bình Tân, Tp Hồ Chí MinhXem bản đồ",
98 m²,4 phòng,,,"Nhà ngõ, hẻm",,,"59,18 triệu/m²",,,,,,tp-ho-chi-minh,"NHÀ BÁN 3 TẦNG 98M2(5.4 x17) , H7M HƯƠNG LỘ 2 -GẦN 4 XÃ CHỈ 5,8 TỶ TL",,"Hương Lộ 2, Phường Bình Trị Đông A, Quận Bình Tân, Tp Hồ Chí MinhXem bản đồ",
60 m²,2 phòng,2 phòng,Đã có sổ,"Nhà ngõ, hẻm",5 m,,"70,83 triệu/m²",,2,,,,tp-ho-chi-minh,𝐍𝐡à Đẹ𝐩 𝐐𝟕 𝐏𝐡ườ𝐧𝐠 𝐕𝐢𝐩 𝟓𝐱𝟏𝟐 𝟐𝐓Ầ𝐍𝐆 𝟒.𝟐𝟓𝐓ỷ.,,"Huỳnh Tấn Phát, Phường Tân Thuận Đông, Quận 7, Tp Hồ Chí MinhXem bản đồ",
41 m²,2 phòng,2 phòng,Đã có sổ,"Nhà mặt phố, mặt tiền",,,"79,76 triệu/m²",Tây Bắc,2,,,,tp-ho-chi-minh,Lâm Chí Vĩnh . Mặt Tiền Buôn Bán Dướ 3ty5.,,"Liên Khu 2-5, Phường Hiệp Thành, Quận 12, Tp Hồ Chí MinhXem bản đồ",
39 m²,3 phòng,,,"Nhà mặt phố, mặt tiền",4 m,,"161,54 triệu/m²",,4,,,9.75 m,tp-ho-chi-minh,MẶT TIỀN KINH DOANH-NĂM CHÂU-TÂN BÌNH-39M2-4 TẦNG-CHỈ 6.3 TỶ,,"Năm Châu, Phường 12, Quận Tân Bình, Tp Hồ Chí MinhXem bản đồ",
64 m²,4 phòng,3 phòng,,"Nhà mặt phố, mặt tiền",,,"76,56 triệu/m²",,,,,,tp-ho-chi-minh,"⚡️BÁN NHÀ Q8 4PN, 3WC MỚI XÂY, HẺM XE HƠI THUẬN TIỆN DI CHUYỂN",,"Phạm Thế Hiển, Phường 7, Quận 8, Tp Hồ Chí MinhXem bản đồ",
24 m²,2 phòng,2 phòng,Đã có sổ,"Nhà ngõ, hẻm",3 m,,125 triệu/m²,,2,,,,tp-ho-chi-minh,Nhà Nhỏ Q7 sát bên Lotte,,"Lê Văn Lương, Phường Tân Hưng, Quận 7, Tp Hồ Chí MinhXem bản đồ",
45 m²,2 phòng,2 phòng,Đã có sổ,"Nhà mặt phố, mặt tiền",,,"144,44 triệu/m²",,2,,Nhà trống,,tp-ho-chi-minh,"giảm 500Tr - Mặt Tiền đường Hiệp Bình, HBC, Thủ Đức - nhỉnh 6 tỷ",,"Đường Hiệp Bình, Phường Hiệp Bình Chánh (Quận Thủ Đức cũ), Thành phố Thủ Đức, Tp Hồ Chí MinhXem bản đồ",
65 m²,4 phòng,3 phòng,Đã có sổ,"Nhà ngõ, hẻm",8 m,,"58,46 triệu/m²",,2,,,,tp-ho-chi-minh,BÁN NHÀ 65M2 4 PHÒNG NGỦ HẺM 1041 TRẦN XUÂN SOẠN HẺM RỘNG,,"Trần Xuân Soạn, Phường Tân Hưng, Quận 7, Tp Hồ Chí MinhXem bản đồ",
64 m²,5 phòng,,Đã có sổ,"Nhà ngõ, hẻm",4.25 m,,"164,06 triệu/m²",,4,,Nội thất cao cấp,,tp-ho-chi-minh,"Bán nhà đẹp Phong thủy tốt - Dt 64m2 x 4tầng HXH. Chỉ 10,5 tỷ tl",,"Đường Nguyễn Văn Đậu, Phường 6, Quận Bình Thạnh, Tp Hồ Chí MinhXem bản đồ",
100 m²,4 phòng,5 phòng,,"Nhà ngõ, hẻm",5 m,,63 triệu/m²,,4,,,20 m,tp-ho-chi-minh,"Bán gấp nhà Huỳnh Tấn Phát Phú Xuân Nhà Bè 5x20m,100m2, 4tầng, 6tỷ3 tl",,"Huỳnh Tấn Phát, Xã Phú Xuân, Huyện Nhà Bè, Tp Hồ Chí MinhXem bản đồ",
61 m²,4 phòng,4 phòng,Đã có sổ,"Nhà ngõ, hẻm",,,"54,1 triệu/m²",,2,,Nội thất đầy đủ,,tp-ho-chi-minh,"Chỉ 3ty3 Sở hữu nhà 61m2 Hai Bà Trưng, Quận 3. Ngay Bệnh viện Mắt",,"Đường Hai Bà Trưng, Phường Võ Thị Sáu, Quận 3, Tp Hồ Chí MinhXem bản đồ",
100 m²,4 phòng,4 phòng,Đã có sổ,Nhà phố liền kề,,,170 triệu/m²,Tây Nam,4,,,,tp-ho-chi-minh,Mua Nhà Phố Biệt Thự CityLand Garden Hills _Gọi Thanh Tuyền,,"Phan Văn Trị, Phường 5, Quận Gò Vấp, Tp Hồ Chí MinhXem bản đồ",
72 m²,4 phòng,4 phòng,Đã có sổ,"Nhà ngõ, hẻm",,,"81,25 triệu/m²",Tây Bắc,,,Nội thất cao cấp,,tp-ho-chi-minh,"Nhà phố 4m x 18m góc 2 Mặt Tiền Huỳnh Thị Hai. P. Tân Chánh Hiệp,Q12",,"Nguyễn Ảnh Thủ, Phường Tân Chánh Hiệp, Quận 12, Tp Hồ Chí MinhXem bản đồ",
50 m²,4 phòng,4 phòng,Đã có sổ,"Nhà ngõ, hẻm",,,150 triệu/m²,,5,,Nội thất cao cấp,,tp-ho-chi-minh,"*Bán Nhà mới, HXH 6m đường Năm Châu_DT: 50m2, 5 Tầng - 7.5 Tỷ TL",,"Năm Châu, Phường 11, Quận Tân Bình, Tp Hồ Chí MinhXem bản đồ",
32 m²,3 phòng,,,"Nhà mặt phố, mặt tiền",,,"196,88 triệu/m²",,,,,,tp-ho-chi-minh,"Bán nhà mặt tiền ngay Ngã Tư Bảy Hiền,Tân Bình, 4 tầng, 3 phòng ngủ",,"Năm Châu, Phường 12, Quận Tân Bình, Tp Hồ Chí MinhXem bản đồ",
35 m²,4 phòng,3 phòng,Đã có sổ,"Nhà ngõ, hẻm",,,"125,71 triệu/m²",,4,,Nhà trống,,tp-ho-chi-minh,NGỘP BANK BÁN GẤP - CÁCH MẶT TIỀN 20M - 4 TẦNG - 2 SÂN THƯỢNG,,"Thông Tây Hội, Phường 10, Quận Gò Vấp, Tp Hồ Chí MinhXem bản đồ",
70 m²,4 phòng,3 phòng,Đã có sổ,"Nhà ngõ, hẻm",5 m,,"51,43 triệu/m²",,,,Nhà trống,,tp-ho-chi-minh,"Bán nhà 137/12/4d đông hưng thuận 6, phường đông hưng thuận, quận 12",,"Đong Hưng Thuận 6, Phương Đông Hưng Thuận, Quận 12, Phường Đông Hưng Thuận, Quận 12, Tp Hồ Chí MinhXem bản đồ",
155 m²,2 phòng,1 phòng,Đã có sổ,"Nhà mặt phố, mặt tiền",5 m,,"14,52 triệu/m²",Đông Nam,,,,,tp-ho-chi-minh,Nhà cần bán,,"Cây Trắc, Xã Phú Hòa Đông, Huyện Củ Chi, Tp Hồ Chí MinhXem bản đồ",
72 m²,3 phòng,3 phòng,Đã có sổ,"Nhà mặt phố, mặt tiền",,,"187,5 triệu/m²",,3,,Nội thất cao cấp,,tp-ho-chi-minh,"🍀Hot, MT Bình Phú 1 đối diện siêu thị Mega, DT 4x18 3 tầng giá 13,5 tỷ",,"Bình Phú 1, Phường 11, Quận 6, Tp Hồ Chí MinhXem bản đồ",
60 m²,5 phòng,5 phòng,Đã có sổ,"Nhà ngõ, hẻm",,,"98,33 triệu/m²",,4,,Nội thất cao cấp,,tp-ho-chi-minh,"Nhà mới xe tải tránh, 50m ra nguyễn Ảnh Thủ, quận 12, 60m2 x 4T, 5pn",,"Nguyễn Ảnh Thủ, Phường Hiệp Thành, Quận 12, Tp Hồ Chí MinhXem bản đồ",
114.5 m²,2 phòng,3 phòng,Đã có sổ,"Nhà ngõ, hẻm",,,"43,67 triệu/m²",,1,,Nhà trống,,tp-ho-chi-minh,"NHÀ MỚI HXH,114m2/2T, 50m ra trần thị năm ( TCH 10 ), Q 12, chỉ 5 tỷ.",,"trân thị năm, Phường Tân Chánh Hiệp, Quận 12, Tp Hồ Chí MinhXem bản đồ",
80 m²,5 phòng,4 phòng,Đã có sổ,"Nhà mặt phố, mặt tiền",5 m,,"106,25 triệu/m²",,3,,,,tp-ho-chi-minh,"Sốc nhà 4 tầng, đường số 5 Linh Chiểu 5x16 chỉ 8.5 tỷ, oto đậu nhà",,"Số 5, Phường Linh Chiểu (Quận Thủ Đức cũ), Thành phố Thủ Đức, Tp Hồ Chí MinhXem bản đồ",
60 m²,2 phòng,2 phòng,,"Nhà ngõ, hẻm",,,"111,67 triệu/m²",,,"Hẻm xe hơi,Nở hậu",,,tp-ho-chi-minh,"HXT TRƯỜNG CHINH- KHU BÀU CÁT- 60m2- NỞ HẬU- KHÔNG LỘ GIỚI 6,7 TỶ",,"Trường Chinh, Phường 14, Quận Tân Bình, Tp Hồ Chí MinhXem bản đồ",
80 m²,4 phòng,4 phòng,Đã có sổ,"Nhà mặt phố, mặt tiền",,,135 triệu/m²,,4,,Nội thất cao cấp,,tp-ho-chi-minh,"Bán nhà Mặt Tiền Đường Số 7 – Bình Phú 1, DT 4x20, Trệt 3 lầu, 10.8 tỷ",,"Đường số 7, Phường 11, Quận 6, Tp Hồ Chí MinhXem bản đồ",
31 m²,2 phòng,2 phòng,,"Nhà ngõ, hẻm",,,"109,68 triệu/m²",,2,,Nội thất cao cấp,,tp-ho-chi-minh,"CHỈ 3 TỶ MÀ HẺM XE HƠI,KHÔNG LỘ GIỚI,HƠN 30M2,ĐƯỜNG SỐ 59,P 14,GÒ VẤP",,"Đường Số 59, Phường 14, Quận Gò Vấp, Tp Hồ Chí MinhXem bản đồ",
26 m²,2 phòng,2 phòng,,"Nhà ngõ, hẻm",4 m,,"33,85 triệu/m²",Tây,,,,6.5 m,tp-ho-chi-minh,Bán nhà 1 lầu đường 234 ( 880tr ),,"Liên Ấp234, Xã Vĩnh Lộc A, Huyện Bình Chánh, Tp Hồ Chí MinhXem bản đồ",
41 m²,2 phòng,,Đã có sổ,"Nhà ngõ, hẻm",4 m,,"93,9 triệu/m²",,,Hẻm xe hơi,,11 m,tp-ho-chi-minh,Bán nhà hẻm xe hơi đường Hiệp Bình_Thủ Đức_41m2_Giá chỉ nhỉnh 3 tỷ,,"Đường Hiệp Bình, Phường Hiệp Bình Chánh (Quận Thủ Đức cũ), Thành phố Thủ Đức, Tp Hồ Chí MinhXem bản đồ",
50 m²,3 phòng,4 phòng,Đã có sổ,"Nhà ngõ, hẻm",,,100 triệu/m²,Bắc,3,,,,tp-ho-chi-minh,"Tân Phú (P-Tây Thạnh):50m2, trệt, 2 lầu, (3pn,4wc) hẻm xe hơi",,"Lê Trọng Tấn, Phường Tây Thạnh, Quận Tân Phú, Tp Hồ Chí MinhXem bản đồ",
25 m²,1 phòng,,Đã có sổ,"Nhà ngõ, hẻm",4.5 m,,156 triệu/m²,,2,,,6 m,tp-ho-chi-minh,"**Bán nhà ** hẻm 489/ Huỳnh Văn Bánh, Phường 13, Phú Nhuận",,"Đường Huỳnh Văn Bánh, Phường 13, Quận Phú Nhuận, Tp Hồ Chí MinhXem bản đồ",
93 m²,nhiều hơn 10 phòng,,Đã có sổ,"Nhà mặt phố, mặt tiền",,,"155,91 triệu/m²",,,,,,tp-ho-chi-minh,Sát Nguyễn Thị Minh Khai Q1 KS 6 tầng Thang máy đang cho thuê 15 phòng,,"Nguyễn Ngọc Phương, Phường 21, Quận Bình Thạnh, Tp Hồ Chí MinhXem bản đồ",
36 m²,2 phòng,2 phòng,Đã có sổ,"Nhà ngõ, hẻm",,,"77,78 triệu/m²",,2,,Nhà trống,,tp-ho-chi-minh,Nhà P4 GÒ VẤP kế BV175 36M2 Hẻm 3M 2.8 TỶ,,"Nguyễn Thái Sơn, Phường 4, Quận Gò Vấp, Tp Hồ Chí MinhXem bản đồ",
27 m²,2 phòng,3 phòng,Đã có sổ,"Nhà ngõ, hẻm",,,"87,04 triệu/m²",,3,,Nội thất đầy đủ,,tp-ho-chi-minh,"❌️❌️Nhà sổ hồng 2 lầu, hẻm xe hơi, nhà phố liền kề",,"Huỳnh Tấn Phát, Thị trấn Nhà Bè, Huyện Nhà Bè, Tp Hồ Chí MinhXem bản đồ",
27 m²,4 phòng,3 phòng,Đã có sổ,"Nhà ngõ, hẻm",,,"86,3 triệu/m²",,3,,Nội thất đầy đủ,,tp-ho-chi-minh,"❌️❌️Nhà đẹp sổ hồng 2 lầu, gần cầu Phú Xuân❌️❌️",,"Huỳnh Tấn Phát, Thị trấn Nhà Bè, Huyện Nhà Bè, Tp Hồ Chí MinhXem bản đồ",
34 m²,3 phòng,,,"Nhà ngõ, hẻm",,,"132,35 triệu/m²",,2,,,,tp-ho-chi-minh,NHÀ BÁN 34M2 - 3 TẦNG - TẶNG TOÀN BỘ NỘI THẤT - AN NINH- Q.GÒ VẤP,,"Nguyễn Văn Nghi, Phường 7, Quận Gò Vấp, Tp Hồ Chí MinhXem bản đồ",
243 m²,6 phòng,6 phòng,Đã có sổ,"Nhà ngõ, hẻm",,,"65,84 triệu/m²",Tây Nam,3,,,,tp-ho-chi-minh,"Bán nhà ngay Gigamall, Hiệp Bình Chánh, Thủ Đức, 240m2, 3 tầng, 16tỷ",,"Phạm Văn Đồng, Phường Hiệp Bình Chánh (Quận Thủ Đức cũ), Thành phố Thủ Đức, Tp Hồ Chí MinhXem bản đồ",
82 m²,4 phòng,,,"Nhà ngõ, hẻm",,,"91,46 triệu/m²",,,,,,tp-ho-chi-minh,"Bán nhà đẹp Lê Hồng Phong 5x16m, Cn 83m2 giá bán chỉ 7,8 tỷ còn TL",,"Lê Hồng Phong, Phường 2, Quận 10, Tp Hồ Chí MinhXem bản đồ",
37 m²,3 phòng,4 phòng,Đã có sổ,"Nhà ngõ, hẻm",,,"189,19 triệu/m²",,5,,Nhà trống,,tp-ho-chi-minh,🌹Bán Nhà!!! HXH 5 Tầng BTCT Khu VIP Nguyễn Thượng Hiền P5 BT 🌹,,"Đường Nguyễn Thượng Hiền, Phường 5, Quận Bình Thạnh, Tp Hồ Chí MinhXem bản đồ",
57 m²,3 phòng,3 phòng,,"Nhà mặt phố, mặt tiền",3 m,,"122,63 triệu/m²",,3,,,19 m,tp-ho-chi-minh,Bán nhà mặt tiền 297 thống nhất phường 11 GV,,"Đường Thống Nhât, Phường 11, Quận Gò Vấp, Tp Hồ Chí MinhXem bản đồ",
25 m²,2 phòng,3 phòng,Đã có sổ,"Nhà ngõ, hẻm",5.5 m,,212 triệu/m²,,5,,,,tp-ho-chi-minh,"Bán nhà MỚI Ở NGAY-HXH 4m Thiên Phước-Tân Binh Giá 5,3 tỷ",,"Thiên Phước, Phường 9, Quận Tân Bình, Tp Hồ Chí MinhXem bản đồ",
105 m²,3 phòng,2 phòng,Đã có sổ,"Nhà ngõ, hẻm",,,"56,1 triệu/m²",,2,,Nội thất cao cấp,,tp-ho-chi-minh,105m2 (4.2x25m) nhà 2T (3PN) khu hiếm bán Nguyễn Phúc Chu. Nhỉnh 5T,,"Đường Nguyễn Phúc Chu, Phường 15, Quận Tân Bình, Tp Hồ Chí MinhXem bản đồ",
72 m²,5 phòng,Nhiều hơn 6 phòng,,"Nhà mặt phố, mặt tiền",4 m,,"145,83 triệu/m²",,3,,,18 m,tp-ho-chi-minh,"Bán gấp nhà MT Cư Xá Nguyên Hồng ,P.11,BT 4x18 nhà 4T giá 10.5 tỷ",,"Nguyên Hồng, Phường 11, Quận Bình Thạnh, Tp Hồ Chí MinhXem bản đồ",
28 m²,4 phòng,3 phòng,Đã có sổ,"Nhà mặt phố, mặt tiền",,,"101,07 triệu/m²",,3,,Nội thất cao cấp,,tp-ho-chi-minh,"Bán căn nhà 4 phòng ngủ, mặt tiền giáp Tây Thạnh quận Tân Phú",,"Lê Trọng Tấn, Phường Tây Thạnh, Quận Tân Phú, Tp Hồ Chí MinhXem bản đồ",
48 m²,4 phòng,5 phòng,Đã có sổ,"Nhà ngõ, hẻm",,,"85,4 triệu/m²",,4,,Nội thất đầy đủ,,tp-ho-chi-minh,Đỉnh nhất tầm giá 4 Tỷ 48m2 4 Tầng 4 PNgủ gần MT chợ Phạm Văn Bạch,,"Phạm Văn Bạch, Phường 12, Quận Gò Vấp, Tp Hồ Chí MinhXem bản đồ",
75 m²,5 phòng,5 phòng,Đã có sổ,"Nhà ngõ, hẻm",,,"106,67 triệu/m²",,4,,Nội thất cao cấp,,tp-ho-chi-minh,"4 tầng, 5*15m, Trần Xuân Soạn, Quận 7, 8 Tỷ Tròn, Xe Hơi Vào nhà",,"Trần Xuân Soạn, Phường Tân Hưng, Quận 7, Tp Hồ Chí MinhXem bản đồ",
23 m²,3 phòng,3 phòng,Đã có sổ,"Nhà ngõ, hẻm",,,"236,96 triệu/m²",Nam,5,,,,tp-ho-chi-minh,🔴NHÀ bán mới 5 tầng hẻm 3.5m đường Bạch Vân P5Q5-Giá: 5tỷ450 TL,,"Bạch Vân, Phường 5, Quận 5, Tp Hồ Chí MinhXem bản đồ",
5.1999 m²,3 phòng,2 phòng,Đã có sổ,"Nhà ngõ, hẻm",,,"53,85 triệu/m²",,2,,Nội thất cao cấp,,tp-ho-chi-minh,"Cô Hai đi Mĩ bán gấp nhà 4x13m giá 280triệu 1 lầu, sổ hồng riêng",,"An Hạ, Xã Phạm Văn Hai, Huyện Bình Chánh, Tp Hồ Chí MinhXem bản đồ",
86 m²,4 phòng,4 phòng,Đã có sổ,"Nhà mặt phố, mặt tiền",,,"191,86 triệu/m²",Tây Bắc,3,,,,tp-ho-chi-minh,"nhà mặt tiền đẹp, tiện kinh doanh hoặc VP Công Ty",,"Luỹ Bán Bích, Phường Hiệp Tân, Quận Tân Phú, Tp Hồ Chí MinhXem bản đồ",
30 m²,3 phòng,5 phòng,Đã có sổ,"Nhà ngõ, hẻm",,,"193,33 triệu/m²",,5,,Nội thất đầy đủ,,tp-ho-chi-minh,SÁT QUẬN 1-NHÀ MỚI 5 TẦNG VÀO Ở NGAY-XVNT-QUẬN BÌNH THẠNH-CHỈ 5.8 TỶTL,,"Xô Viết Nghệ Tĩnh, Phường 21, Quận Bình Thạnh, Tp Hồ Chí MinhXem bản đồ",
90 m²,2 phòng,2 phòng,Đã có sổ,"Nhà ngõ, hẻm",,,"26,67 triệu/m²",,2,,Nội thất đầy đủ,,tp-ho-chi-minh,"CĂN NHÀ DT LỚN 4 X 25M, SONG HÀNH, QUẬN 12, 2 TẦNG, GIÁ RẺ BÈO CHỈ 2.4",,"Song Hành, Phường Trung Mỹ Tây, Quận 12, Tp Hồ Chí MinhXem bản đồ",
147 m²,1 phòng,1 phòng,Đã có sổ,"Nhà ngõ, hẻm",,,"30,61 triệu/m²",Nam,,,Bàn giao thô,,tp-ho-chi-minh,Nhà ở 7x21=147m và miếng đất sát bên 4x40=160m,,"2680/47 huỳnh tấn phát, Huỳnh Tấn Phát, Thị trấn Nhà Bè, Huyện Nhà Bè, Tp Hồ Chí MinhXem bản đồ",
61 m²,3 phòng,3 phòng,Đã có sổ,"Nhà ngõ, hẻm",5 m,,"48,69 triệu/m²",,,,Nội thất đầy đủ,,tp-ho-chi-minh,☘️ Liên Hệ 0869♥️799466 Bán Gấp nhà Đỗ Tấn Phong P9 QPhú Nhuận 2tỷ970,,"Đỗ Tấn Phong, Phường 9, Quận Phú Nhuận, Tp Hồ Chí MinhXem bản đồ",
