Diện tích đất:,Số phòng ngủ:,Số phòng vệ sinh:,Giấy tờ pháp lý:,Loại hình nhà ở:,Chiều ngang:,Diện tích sử dụng:,Giá/m2:,Hướng cửa chính:,Tổng số tầng:,Đặc điểm nhà/đất:,Tình trạng nội thất:,Chiều dài:,Location,Name,URL,District,Price
,2 phòng,2 phòng,,,,,"34,06 triệu/m²",,,,,,tp-ho-chi-minh,"BÁN GẤP 3 CĂN GÓC 2PN+ 69M2 FULL NỘI THẤT ĐẸP CỰC KÌ, GIÁ CỰC TỐT",,"Nguyễn Xiển, Phường Long Thạnh Mỹ (Quận 9 cũ), Thành phố Thủ Đức, Tp Hồ Chí MinhXem bản đồ",
,4 phòng,3 phòng,,,,,"30,26 triệu/m²",Tây Nam,,,,,tp-ho-chi-minh,Bán Căn hộ PenHouse 195M2 Phúc Yên 1; 4PN; 3WC; NT CƠ BẢN,,"33, Phan Huy ích, Phường 15, Quận Tân Bình, Tp Hồ Chí MinhXem bản đồ",
,2 phòng,,,,,,"36,17 triệu/m²",,,,,,tp-ho-chi-minh,Bán gấp căn hộ 47 m2 1PN+1 Vinhomes Grand Park rẻ nhất đã có sổ,,"Nguyễn Xiển, Phường Long Thạnh Mỹ (Quận 9 cũ), Thành phố Thủ Đức, Tp Hồ Chí MinhXem bản đồ",
,3 phòng,3 phòng,Đã có sổ,,,,"16,55 triệu/m²",,,,Nội thất đầy đủ,,tp-ho-chi-minh,"CHỦ CẦN BÁN GẤP CHCC SKY CENTER PHỔ QUANG 3PN 139m2 GIÁ 2,3 TỶ",,"16, Phổ Quang, Phường 2, Quận Tân Bình, Tp Hồ Chí MinhXem bản đồ",
,2 phòng,2 phòng,,,,,"35,71 triệu/m²",,,,,,tp-ho-chi-minh,BĐS PHÁT LỘC LAND CHUYÊN BÁN CĂN HỘ TẠI CELADON-CITY 1PN ĐẾN 4PN,,"số 88, N1, Phường Sơn Kỳ, Quận Tân Phú, Tp Hồ Chí MinhXem bản đồ",
,2 phòng,2 phòng,Đã có sổ,,,,"32,35 triệu/m²",,,,Nội thất đầy đủ,,tp-ho-chi-minh,CẦN BÁN GẤP CHCC CHARMINGTON LA POINTE Q10 68m2 2PN2Wc,,"Đường Cao Thắng, Phường 12, Quận 10, Tp Hồ Chí MinhXem bản đồ",
,2 phòng,,,,,,"87,23 triệu/m²",,,,,,tp-ho-chi-minh,Căn hộ Zenity Capital Land Trung Tâm Quận 1 giá chưa đến 100tr/m2,,"Mỹ Đình, Phường Cầu Kho, Quận 1, Tp Hồ Chí MinhXem bản đồ",
,2 phòng,1 phòng,,,,,"34,88 triệu/m²",Tây,,,,,tp-ho-chi-minh,Căn hộ mặt tiền Phạm Văn Đồng không kẹt xe Opal Boulevard,,"222/5, Phạm Văn Đồng, Phường Hiệp Bình Phước (Quận Thủ Đức cũ), Thành phố Thủ Đức, Tp Hồ Chí MinhXem bản đồ",
,1 phòng,1 phòng,,,,,34 triệu/m²,Tây Bắc,,,,,tp-ho-chi-minh,Chung Cư Ngọc Lan- 55m2- 1PN+ 1WC- View Sông Sài Gòn Rất Mát.,,"4, Phường Phú Thuận, Quận 7, Tp Hồ Chí MinhXem bản đồ",
,2 phòng,2 phòng,,,,,"34,24 triệu/m²",Đông,,,,,tp-ho-chi-minh,"Bán Căn Hộ The Art Giá Tốt chỉ 2,280ty TL",,"523a, Đỗ Xuân Hợp, Phường Phước Long B (Quận 9 cũ), Thành phố Thủ Đức, Tp Hồ Chí MinhXem bản đồ",
,2 phòng,2 phòng,Giấy tờ khác,,,,"39,74 triệu/m²",,,,Nội thất cao cấp,,tp-ho-chi-minh,"Chỉ trả trước 750 TRIỆU, trả góp 3 TRIỆU/tháng sở hữu 2PN/2WC",,"Võ Văn Kiệt, Phường An Lạc, Quận Bình Tân, Tp Hồ Chí MinhXem bản đồ",
,2 phòng,,,,,,"23,19 triệu/m²",,,,,,tp-ho-chi-minh,"LY HÔN BÁN GẤP CĂN HỘ OPAL GARDEN, THỦ ĐỨC-72M2-1TỶ670TRIỆU-SHR.",,"20, Phường Hiệp Bình Chánh (Quận Thủ Đức cũ), Thành phố Thủ Đức, Tp Hồ Chí MinhXem bản đồ",
,1 phòng,1 phòng,,,,,"83,65 triệu/m²",Đông Nam,,,,,tp-ho-chi-minh,💞BÁN GẤP CĂN 1PN - TÒA CENTRAL 2 - VINHOMES CENTRAL PARK BÌNH THẠNH💓,,"208, 208 Đường Điện Biên Phủ, Phường 22, Bình Thạnh, Hồ Chí Minh, Phường 22, Quận Bình Thạnh, Tp Hồ Chí MinhXem bản đồ",
,2 phòng,2 phòng,Đang chờ sổ,,,,"46,48 triệu/m²",,,,,,tp-ho-chi-minh,"Chính chủ cần bán gấp CH Celadon Tân Phú 71m2/2pn/3,3 tỷ và 3pn/117m2",,"số 88, N1, Phường Sơn Kỳ, Quận Tân Phú, Tp Hồ Chí MinhXem bản đồ",
,1 phòng,1 phòng,,,,,"36,4 triệu/m²",,,,,,tp-ho-chi-minh,"Bán nhanh căn 1PN+ nhà mới 1,820 tỷ",,"Thạnh Xuân 13, Phường Thạnh Xuân, Quận 12, Tp Hồ Chí MinhXem bản đồ",
,2 phòng,,,,,,"18,48 triệu/m²",,,,,,tp-ho-chi-minh,Cần Tiền BÁN GẤP CHUNG CƯ - Lữ Gia Plaza - Ngay Trung Tâm Quận 11,,"70, Lữ Gia, Phường 15, Quận 11, Tp Hồ Chí MinhXem bản đồ",
,3 phòng,,Đang chờ sổ,,,,"48,38 triệu/m²",,,,,,tp-ho-chi-minh,3PN 117M2 DIAMOND CELADON GIÁ CHỈ 5.660 TỶ (FULL),,"số 88, N1, Phường Sơn Kỳ, Quận Tân Phú, Tp Hồ Chí MinhXem bản đồ",
,nhiều hơn 10 phòng,Nhiều hơn 6 phòng,Đã có sổ,,,,"103,75 triệu/m²",,,,Nội thất đầy đủ,,tp-ho-chi-minh,"GV. CHDV 15P (19P) gần UBND P9, TN tới 90 triệu/th. 120m2, 6T, có Hầm.",,"Đường Nguyễn Văn Khối, Phường 9, Quận Gò Vấp, Tp Hồ Chí MinhXem bản đồ",
,2 phòng,2 phòng,,,,,"37,31 triệu/m²",,,,Nội thất cao cấp,,tp-ho-chi-minh,"️🎯Bán Nhanh Căn Hộ 2PN khu Ruby-Celadon City, Full nội thất sịn xò",,"số 88, N1, Phường Sơn Kỳ, Quận Tân Phú, Tp Hồ Chí MinhXem bản đồ",
,2 phòng,,,,,,"41,67 triệu/m²",Tây,,,,,tp-ho-chi-minh,Cần bán nhanh căn hộ thông 2 tầng full nội thất 4pn 300m2 giá 12.5ty,,"Nguyễn Hữu Thọ, Phường Tân Hưng, Quận 7, Tp Hồ Chí MinhXem bản đồ",
,2 phòng,2 phòng,,,,,"35,29 triệu/m²",,,,,,tp-ho-chi-minh,CẦN BÁN CHCC OPAL GARDEN CÓ SỔ HỒNG VIEW ĐẸP 2PN,,"Đường số 20, Phường Hiệp Bình Chánh (Quận Thủ Đức cũ), Thành phố Thủ Đức, Tp Hồ Chí MinhXem bản đồ",
,2 phòng,2 phòng,,,,,"41,86 triệu/m²",Nam,,,,,tp-ho-chi-minh,Cần bán căn hộ chung cư sổ hồng vĩnh viễn,,"354/42, Lý Thường Kiệt, Phường 14, Quận 10, Tp Hồ Chí MinhXem bản đồ",
,1 phòng,1 phòng,Đã có sổ,,,,"39,53 triệu/m²",,,,,,tp-ho-chi-minh,BÁN GẤP CĂN HỘ 1PN PHAN VĂN TRỊ,,"1109, Đường Phan Văn Trị, Phường 10, Quận Gò Vấp, Tp Hồ Chí MinhXem bản đồ",
,1 phòng,1 phòng,Đã có sổ,,,,"29,65 triệu/m²",,,,,,tp-ho-chi-minh,Căn hộ 57m2 conic skyway 1 phòng ngủ,,"Nguyễn Văn Linh, Xã Phong Phú, Huyện Bình Chánh, Tp Hồ Chí MinhXem bản đồ",
,1 phòng,1 phòng,Giấy tờ khác,,,,"48,48 triệu/m²",,,,,,tp-ho-chi-minh,Chính chủ Gửi ra hàng Studio Beverly gấp,,"Nguyễn Xiển, Phường Long Thạnh Mỹ (Quận 9 cũ), Thành phố Thủ Đức, Tp Hồ Chí MinhXem bản đồ",
,2 phòng,,Đã có sổ,,,,"26,83 triệu/m²",Tây Bắc,,,,,tp-ho-chi-minh,Hạ mạnh 150tr bán Phố Đông - 60m2 - 2PN - hướng Đông Nam cực mát,,"D6, Phường Phước Long B (Quận 9 cũ), Thành phố Thủ Đức, Tp Hồ Chí MinhXem bản đồ",
,3 phòng,,,,,,"35,45 triệu/m²",Tây Bắc,,,Nội thất cao cấp,,tp-ho-chi-minh,"Bán căn hộ Emerald Duplex 112m 3PN , full nội thất sịn giá 3 tỷ 970tr",,"số 88, N1, Phường Sơn Kỳ, Quận Tân Phú, Tp Hồ Chí MinhXem bản đồ",
,nhiều hơn 10 phòng,Nhiều hơn 6 phòng,Đã có sổ,,,,50 triệu/m²,,,,Nội thất đầy đủ,,tp-ho-chi-minh,"CHDV Nguyễn Kiệm, P3, GV",,"Nguyễn Kiệm, Phường 3, Quận Gò Vấp, Tp Hồ Chí MinhXem bản đồ",
,2 phòng,2 phòng,,,,,"36,76 triệu/m²",,,,,,tp-ho-chi-minh,(UPDATE) BÁN Q7 RIVERSIDE 1PN+ 2TỶ 2PN 2.5TỶ 3PN 3.5TỶ (ĐỦ/CHƯA NT),,"Số 4, Đào Trí, Phường Phú Thuận, Quận 7, Tp Hồ Chí MinhXem bản đồ",
,2 phòng,1 phòng,,,,,"42,5 triệu/m²",,,,,,tp-ho-chi-minh,CHUYỂN NHƯỢNG 2 CĂN HỘ AK6 - 56M2 VÀ 75M2,,"Võ Văn Kiệt, Phường An Lạc, Quận Bình Tân, Tp Hồ Chí MinhXem bản đồ",
,2 phòng,1 phòng,,,,,"37,12 triệu/m²",,,,,,tp-ho-chi-minh,"Chuyên giỏ hàng Pegasuite 2 26m2 1.1 tỷ, 62m2 2.5 tỷ, 84m2 3.25 tỷ",,"996, Tạ Quang Bửu, Phường 6, Quận 8, Tp Hồ Chí MinhXem bản đồ",
,2 phòng,1 phòng,Đã có sổ,,,,"25,79 triệu/m²",,,,Nội thất cao cấp,,tp-ho-chi-minh,CHỦ NHÀ BÁN RẺ CH FLORA NOVIA THỦ ĐỨC CHỈ 1T47 CÒN TL BỚT LỘC NHẸ,,"Đường Phạm Văn Đồng, phường Linh Tây, Thủ Đức, Tp.HCM, Phường Linh Tây (Quận Thủ Đức cũ), Thành phố Thủ Đức, Tp Hồ Chí MinhXem bản đồ",
,2 phòng,,,,,,"162,5 triệu/m²",,,,,,tp-ho-chi-minh,[ BÁN GẤP ] Căn hộ Chung cư Screc Tower Quận 3 Full NT - 88m2- 1 tỷ43,,"Trường Sa, Phường 12, Quận 3, Tp Hồ Chí MinhXem bản đồ",
,2 phòng,2 phòng,,,,,"34,24 triệu/m²",Tây Bắc,,,,,tp-ho-chi-minh,"Căn hộ The Art KDC Gia Hòa, 66m2 gồm 2pn-2wc giá sập sàn chỉ 2,26 tỷ",,"Đường Huy Cận, Phường Phước Long B (Quận 9 cũ), Thành phố Thủ Đức, Tp Hồ Chí MinhXem bản đồ",
,2 phòng,1 phòng,,,,,"42,86 triệu/m²",Đông Nam,,,,,tp-ho-chi-minh,CC 56m2 2PN 1WC The Golden Star Quận 7,,"58B, Nguyễn Thị Thập, Phường Bình Thuận, Quận 7, Tp Hồ Chí MinhXem bản đồ",
,1 phòng,1 phòng,Giấy tờ khác,,,,"17,07 triệu/m²",,,,,,tp-ho-chi-minh,căn hộ 1 phòng ngủ giá rẻ,,"Hẻm 117 Hồ Văn Long, Phường Tân Tạo, Quận Bình Tân, Tp Hồ Chí MinhXem bản đồ",
,2 phòng,1 phòng,,,,,"41,07 triệu/m²",Đông,,,,,tp-ho-chi-minh,"Bán căn 2 PN đã có sổ, Ful nội thất Khu Đô Thị Mizuki Park Gía 2.3 tỷ",,"Nguyễn Văn Linh, Xã Bình Hưng, Huyện Bình Chánh, Tp Hồ Chí MinhXem bản đồ",
,2 phòng,2 phòng,,,,,"32,43 triệu/m²",Tây,,,,,tp-ho-chi-minh,Bán CH Diamond Riverside P16 Q8 2PN 74m2,,"Võ Văn Kiệt, Phường 16, Quận 8, Tp Hồ Chí MinhXem bản đồ",
,3 phòng,1 phòng,,,,,"21,7 triệu/m²",,,,,,tp-ho-chi-minh,3pn 106m2 tại chung cư The Park Residence chỉ 2.3tỷ.,,"Nguyễn Hữu Thọ, Xã Phước Kiển, Huyện Nhà Bè, Tp Hồ Chí MinhXem bản đồ",
,2 phòng,1 phòng,,,,,"23,71 triệu/m²",Đông Bắc,,,,,tp-ho-chi-minh,"Căn hộ chung cu 73,8 hai phòng ngủ một tolet",,"Man Thiện, Phường Tăng Nhơn Phú A (Quận 9 cũ), Thành phố Thủ Đức, Tp Hồ Chí MinhXem bản đồ",
,2 phòng,,,,,,"33,33 triệu/m²",,,,,,tp-ho-chi-minh,Căn Hộ 2PN 2WC 72M2,,"Võ Văn Kiệt, Phường 16, Quận 8, Tp Hồ Chí MinhXem bản đồ",
,2 phòng,2 phòng,,,,,"40,91 triệu/m²",,,,,,tp-ho-chi-minh,CHÍNH CHỦ BÁN CHUNG CƯ CARILLON 7 2 PHÒNG ĐÃ CÓ SỔ,,"47, Tân Thới Hòa, Phường Tân Thới Hòa, Quận Tân Phú, Tp Hồ Chí MinhXem bản đồ",
,3 phòng,2 phòng,Giấy tờ khác,,,,"75,22 triệu/m²",,,,Nội thất đầy đủ,,tp-ho-chi-minh,BÁN GẤP CĂN HỘ CAO CẤP SALA - SADORA GIÁ CỰC KÌ NGỘP 8 Tỷ 8. 3PN 113m2,,"10, Mai Chí Thọ, Phường An Lợi Đông (Quận 2 cũ), Thành phố Thủ Đức, Tp Hồ Chí MinhXem bản đồ",
,2 phòng,,,,,,"30,6 triệu/m²",Tây Bắc,,,,,tp-ho-chi-minh,"chủ nhà tự rao bán Green Town Bình Tân 67m2 giá 2.05 tỷ , 2PN và 2wc",,"Lô 5, Bình Hưng Hòa B, Phường Bình Hưng Hoà B, Quận Bình Tân, Tp Hồ Chí MinhXem bản đồ",
,1 phòng,1 phòng,,,,,"27,19 triệu/m²",,,,,,tp-ho-chi-minh,"CẦN BÁN GẤP CH CONIC SKYWAY GIÁ TỪ 1,550 TỶ - 2 TỶ",,"Nguyễn Văn Linh, Xã Phong Phú, Huyện Bình Chánh, Tp Hồ Chí MinhXem bản đồ",
,2 phòng,2 phòng,,,,,"24,69 triệu/m²",,,,,,tp-ho-chi-minh,Chung cư Sinh Lợi 2pn 81m,,"KDC Trung Sơn - Him Lam, Nguyễn Văn Cừ, Xã Bình Hưng, Huyện Bình Chánh, Tp Hồ Chí MinhXem bản đồ",
,2 phòng,2 phòng,,,,,50 triệu/m²,Tây,,,,,tp-ho-chi-minh,CẦN BÁN GẤP SUNRISE CITY 2PN DT 76M GIÁ NGỘP CÔNG CHỨNG LIỀN,,"Nguyễn Hữu Thọ, Phường Tân Hưng, Quận 7, Tp Hồ Chí MinhXem bản đồ",
,2 phòng,2 phòng,,,,,"47,18 triệu/m²",,,,,,tp-ho-chi-minh,"Emerald 2PN-71m2, NT Cao Cấp, Giá 3.350 Tỷ ( bao sổ )",,"số 88, N1, Phường Sơn Kỳ, Quận Tân Phú, Tp Hồ Chí MinhXem bản đồ",
,1 phòng,1 phòng,,,,,37 triệu/m²,,,,,,tp-ho-chi-minh,"Bán nhanh căn Picity Q12, 1PN giá 1.85 tỷ bao sang nhượng",,"Thạnh Xuân 13, Phường Thạnh Xuân, Quận 12, Tp Hồ Chí MinhXem bản đồ",
,2 phòng,2 phòng,,,,,"34,33 triệu/m²",Nam,,,,,tp-ho-chi-minh,"Chuyển nhà lên quận 10 nên bán gấp căn 2pn diamond lầu 8 giá 2,480ty",,"Võ Văn Kiệt, Phường 16, Quận 8, Tp Hồ Chí MinhXem bản đồ",
,2 phòng,2 phòng,Đang chờ sổ,,,,"33,93 triệu/m²",,,,Nhà trống,,tp-ho-chi-minh,"CĂN HỘ WESTERN CAPITAL QUẬN 6, 2PN - 1.9TỶ, 3PN - 3.15TỶ, NHÀ MỚI 100%",,"Đường Lý Chiêu Hoàng, Phường 10, Quận 6, Tp Hồ Chí MinhXem bản đồ",
,2 phòng,2 phòng,,,,,25 triệu/m²,,,,,,tp-ho-chi-minh,"HEAVEN RIVERVIEW, CHUNG CƯ MỸ PHÚC, QUẬN 8, GIÁ RẺ, Ở NGAY CÁCH Q1 15P",,"Đường Võ Văn Kiệt, Phường 16, Quận 8, Tp Hồ Chí MinhXem bản đồ",
,2 phòng,2 phòng,Đã có sổ,,,,"25,92 triệu/m²",,,,,,tp-ho-chi-minh,"CHỦ GỬI BÁN GẤP CĂN CARILLO 7, TÂN PHÚ, 71M2, 1 TỶ 840, CÓ SỔ HỒNG",,"47, Tân Thới Hòa, Phường Tân Thới Hòa, Quận Tân Phú, Tp Hồ Chí MinhXem bản đồ",
,2 phòng,2 phòng,,,,,"28,44 triệu/m²",,,,,,tp-ho-chi-minh,"CẦN TIỀN BÁN CĂN HỘ SÀI GÒN AIRPORT PLAZA,TB, 90M2, 2TỶ560, CÓ SỔ HỒNG",,"Số 01, Bạch Đằng, Phường 2, Quận Tân Bình, Tp Hồ Chí MinhXem bản đồ",
,2 phòng,2 phòng,,,,,"66,67 triệu/m²",,,,,,tp-ho-chi-minh,Cần bán căn hộ Mizuki Park thêm sân vườn block Mp6-7-8,,"Nguyễn Văn Linh, Xã Bình Hưng, Huyện Bình Chánh, Tp Hồ Chí MinhXem bản đồ",
,2 phòng,2 phòng,,,,,"25,07 triệu/m²",,,,,,tp-ho-chi-minh,ĐI NƯỚC NGOÀI BÁN CH OPAL RIVERSIDE 71M2-2PN VIEW SÔNG THOÁNG MÁT,,"Đường số 10, Phường Hiệp Bình Chánh (Quận Thủ Đức cũ), Thành phố Thủ Đức, Tp Hồ Chí MinhXem bản đồ",
,3 phòng,3 phòng,,,,,"52,63 triệu/m²",,,,,,tp-ho-chi-minh,"Bán căn hộ penthouse 2 tầng 3PN Tòa nhà 328 Võ Văn Kiệt, Q.1: 8 tỷ TL",,"328, Đường Võ Văn Kiệt, Phường Cô Giang, Quận 1, Tp Hồ Chí MinhXem bản đồ",
,3 phòng,2 phòng,,,,,"17,87 triệu/m²",,,,,,tp-ho-chi-minh,THANH LÝ GẤP CH SKY9 Q9 SỔ HỒNG 3PN VIEW HỒ BƠI,,"Liên Phường, Phường Phú Hữu (Quận 9 cũ), Thành phố Thủ Đức, Tp Hồ Chí MinhXem bản đồ",
,2 phòng,2 phòng,Đã có sổ,,,,"39,55 triệu/m²",,,,Nhà trống,,tp-ho-chi-minh,"Cần bán căn hộ Safira Khang Điền 2pn2wc 67m2, nhà mới, nội thất CĐT",,"Võ Chí Công, Phường Phú Hữu (Quận 9 cũ), Thành phố Thủ Đức, Tp Hồ Chí MinhXem bản đồ",
,2 phòng,1 phòng,,,,,"25,38 triệu/m²",,,,Nhà trống,,tp-ho-chi-minh,KHÔNG CÓ NHU CẦU Ở CẦN BÁN GẤP CĂN HỘ GIA PHÚ,,"Hẻm 219 Đường Số 5, Phường Bình Hưng Hòa, Quận Bình Tân, Tp Hồ Chí MinhXem bản đồ",
,2 phòng,2 phòng,,,,,"73,24 triệu/m²",,,,,,tp-ho-chi-minh,"Hạ giá bán gấp 2PN, 2WC, View sông, Vinhomes Central Park",,"208, Nguyễn Hữu Cảnh, Phường 22, Quận Bình Thạnh, Tp Hồ Chí MinhXem bản đồ",
,2 phòng,2 phòng,,,,,"22,22 triệu/m²",,,,,,tp-ho-chi-minh,Cần bán gấp căn hộ 72m2 cc trương đình hội Q8 giá có thể thương lượng,,"45, Trương Đình Hội, Phường 16, Quận 8, Tp Hồ Chí MinhXem bản đồ",
,2 phòng,2 phòng,Đã có sổ,,,,"28,03 triệu/m²",,,,Nội thất cao cấp,,tp-ho-chi-minh,🔥🔥🔥CHUNG CƯ PHỐ ĐÔNG - QUẬN 9 - CỰC SHOCK - m2 - 2PN 2WC- CÓ SỔ HỒNG🔥🔥,,"D6, Phường Phước Long B (Quận 9 cũ), Thành phố Thủ Đức, Tp Hồ Chí MinhXem bản đồ",
,2 phòng,2 phòng,Đã có sổ,,,,"28,64 triệu/m²",,,,Nội thất cao cấp,,tp-ho-chi-minh,🔥🔥🔥CHUNG CƯ PHỐ ĐÔNG - QUẬN 9 - CỰC SHOCK - m2 - 2PN 2WC- CÓ SỔ HỒNG🔥🔥,,"D6, Phường Phước Long B (Quận 9 cũ), Thành phố Thủ Đức, Tp Hồ Chí MinhXem bản đồ",
,2 phòng,2 phòng,,,,,"74,77 triệu/m²",,,,,,tp-ho-chi-minh,"BÁN CĂN 2PN+, 2WC, HÀ ĐÔ CENTROSA QUẬN 10 GIÁ 8 TỶ, VIEW CÔNG VIÊN",,"Số 200, 12, Phường 12, Quận 10, Tp Hồ Chí MinhXem bản đồ",
,2 phòng,1 phòng,,,,,32 triệu/m²,Tây Bắc,,,,,tp-ho-chi-minh,Bán CH 1pn/2pn/3pn giá rẽ từ 1.15 tỷ > 2.05 tỷ,,"Liên Phường, Phường Phú Hữu (Quận 9 cũ), Thành phố Thủ Đức, Tp Hồ Chí MinhXem bản đồ",
,1 phòng,,Đang chờ sổ,,,,"30,93 triệu/m²",,,,Nhà trống,,tp-ho-chi-minh,"Căn hộ Nhân Phú, p. Tăng Nhơn Phú B, q.9, 1ty330",,"Đường Số 7, Phường Tăng Nhơn Phú B (Quận 9 cũ), Thành phố Thủ Đức, Tp Hồ Chí MinhXem bản đồ",
,2 phòng,2 phòng,,,,,44.915 đ/m²,,,,,,tp-ho-chi-minh,Cần tiền bán gấp tra nợ ngân hàng .bán rẻ 2t650,,"295, Tân Kỳ Tân Quý, Phường Tân Sơn Nhì, Quận Tân Phú, Tp Hồ Chí MinhXem bản đồ",
,2 phòng,,,,,,"24,12 triệu/m²",,,,,,tp-ho-chi-minh,"Bán căn hộ Saigon Asiana,Quận 6,68m2, 1 tỷ 640 triệu, SHR",,"Nguyễn Văn Luông, Phường 12, Quận 6, Tp Hồ Chí MinhXem bản đồ",
,2 phòng,,,,,,25 triệu/m²,,,,,,tp-ho-chi-minh,"Bán gấp căn hộ Copac-Quận 4, 90m2, 2 tỷ 250 triệu, SHR",,"Số 12, Tôn Đản, Phường 13, Quận 4, Tp Hồ Chí MinhXem bản đồ",
,2 phòng,1 phòng,,,,,"59,48 triệu/m²",,,,,,tp-ho-chi-minh,"Căn hộ chung cư Phan Xích Long mới đẹp, vị trí đắc địa",,"Phan Xích Long, Phường 7, Quận Phú Nhuận, Tp Hồ Chí MinhXem bản đồ",
,2 phòng,2 phòng,,,,,30 triệu/m²,,,,,,tp-ho-chi-minh,BÁN 4S LINH ĐÔNG 2PN 60M2 GIÁ THU HỒI VỐN 1.8 TỶ TƯ VẤN VAY BANK 70%,,"30, Phường Linh Đông (Quận Thủ Đức cũ), Thành phố Thủ Đức, Tp Hồ Chí MinhXem bản đồ",
,2 phòng,2 phòng,,,,,"26,49 triệu/m²",Đông,,,,,tp-ho-chi-minh,Căn Hộ V-Star Phú Thuận Quận 7- 2PN -2WC- Sổ Hồng Riêng,,"Gò Ô Môi, Phường Phú Thuận, Quận 7, Tp Hồ Chí MinhXem bản đồ",
,2 phòng,2 phòng,,,,,"29,23 triệu/m²",,,,,,tp-ho-chi-minh,"Bán căn hộ Lovera Vista khang điền. 65m2-2PN/2WC, giá 1.9ty, sổ Hồng",,"Trịnh Quang Nghị, Xã Phong Phú, Huyện Bình Chánh, Tp Hồ Chí MinhXem bản đồ",
,2 phòng,2 phòng,Đang chờ sổ,,,,"35,71 triệu/m²",,,,Nhà trống,,tp-ho-chi-minh,"Bán lại căn hộ Him Lam Phú An Quận 9, 70m2, 2pn-2wc, giá từ 2,5 tỷ",,"số 32, Phước Long A, Phường Phước Long A (Quận 9 cũ), Thành phố Thủ Đức, Tp Hồ Chí MinhXem bản đồ",
,2 phòng,2 phòng,Đã có sổ,,,,"38,89 triệu/m²",,,,,,tp-ho-chi-minh,Cập nhật căn 72m2 đã có sổ block MP1-2-3-4-5 Mizuki Park Bình Chánh,,"Nguyễn Văn Linh, Xã Bình Hưng, Huyện Bình Chánh, Tp Hồ Chí MinhXem bản đồ",
,2 phòng,2 phòng,,,,,"30,49 triệu/m²",Tây,,,,,tp-ho-chi-minh,Chung Cư An Viên -KDC Nam Long Q7- 82m2- 2PN- 2WC. Căn Góc Bancon Lớn.,,"Trần Trọng Cung, Phường Tân Thuận Đông, Quận 7, Tp Hồ Chí MinhXem bản đồ",
,2 phòng,2 phòng,,,,,"29,82 triệu/m²",,,,,,tp-ho-chi-minh,Bán chung cư Vision Trần Đại Nghĩa 60m .,,"Trần Đại Nghĩa, Phường Tân Tạo A, Quận Bình Tân, Tp Hồ Chí MinhXem bản đồ",
,2 phòng,2 phòng,,,,,"58,57 triệu/m²",,,,,,tp-ho-chi-minh,MASTERI THẢO ĐIỀN - 2PN - 4.1 TỶ - SỔ HỒNG,,"Xa Lộ Hà Nội, Phường Thảo Điền (Quận 2 cũ), Thành phố Thủ Đức, Tp Hồ Chí MinhXem bản đồ",
,1 phòng,,,,,,60 triệu/m²,,,,,,tp-ho-chi-minh,"The Beverly-CS mới:CK 8.5%, tặng xe hơi 560tr, NT330tr, FREE QL 5 năm",,"Nguyễn Xiển, Phường Long Thạnh Mỹ (Quận 9 cũ), Thành phố Thủ Đức, Tp Hồ Chí MinhXem bản đồ",
,3 phòng,2 phòng,,,,,"83,62 triệu/m²",,,,,,tp-ho-chi-minh,CĂN HỘ ZENITY - 3PN 116M2 - 9.7 TỶ - SỔ HỒNG,,"Mỹ Đình, Phường Cầu Kho, Quận 1, Tp Hồ Chí MinhXem bản đồ",
,3 phòng,2 phòng,,,,,"43,75 triệu/m²",,,,,,tp-ho-chi-minh,"Rao bán 3pn cơ bản dính tường , Emerald Tân Phú , Celadon city.",,"số 88, N1, Phường Sơn Kỳ, Quận Tân Phú, Tp Hồ Chí MinhXem bản đồ",
,2 phòng,,,,,,20 triệu/m²,,,,,,tp-ho-chi-minh,"Bán gấp CH Xi Grand Court Quận 10, DT 78m2, sổ hồng riêng- 1T56-78m2",,"90A, Lý Thường Kiệt, Phường 14, Quận 10, Tp Hồ Chí MinhXem bản đồ",
,2 phòng,,,,,,20 triệu/m²,,,,,,tp-ho-chi-minh,[ CẦN BÁN GẤP CH ] Sát Chợ Bà Chiểu BÁN CHU CƯ TECCO- Bình Thạnh 1T42,,"Nguyễn Thiện Thuật, Phường 24, Quận Bình Thạnh, Tp Hồ Chí MinhXem bản đồ",
,2 phòng,2 phòng,Đã có sổ,,,,"20,28 triệu/m²",,,,Nhà trống,,tp-ho-chi-minh,Hết Tiền Cần Bán Gấp Căn Hộ PRECIA.Q2,,"Nguyễn Thị Định, Phường An Phú (Quận 2 cũ), Thành phố Thủ Đức, Tp Hồ Chí MinhXem bản đồ",
,2 phòng,2 phòng,,,,,"45,07 triệu/m²",,,,,,tp-ho-chi-minh,"Bán căn 2PN-2WC Emerald view nội khu cực đẹp, tầng đep phong thủy",,"số 88, N1, Phường Sơn Kỳ, Quận Tân Phú, Tp Hồ Chí MinhXem bản đồ",
,2 phòng,2 phòng,,,,,"45,49 triệu/m²",,,,Nội thất cao cấp,,tp-ho-chi-minh,"✅ Bán Gấp Căn Hộ 2PN+2WC khu Emerald, View công viên, Full Nội Thất.",,"số 88, N1, Phường Sơn Kỳ, Quận Tân Phú, Tp Hồ Chí MinhXem bản đồ",
,2 phòng,1 phòng,Đang chờ sổ,,,,"44,53 triệu/m²",,,,Nội thất cao cấp,,tp-ho-chi-minh,"⚓ Bán Căn Hộ 2PN+1WC khu Emerald-Celadon City, view công viên.",,"số 88, N1, Phường Sơn Kỳ, Quận Tân Phú, Tp Hồ Chí MinhXem bản đồ",
,2 phòng,1 phòng,,,,,"33,9 triệu/m²",Đông Nam,,,,,tp-ho-chi-minh,Chủ nhà bán gấp căn 2pn1wc bếp rèm giá tốt,,"Nguyễn Xiển, Phường Long Thạnh Mỹ (Quận 9 cũ), Thành phố Thủ Đức, Tp Hồ Chí MinhXem bản đồ",
,3 phòng,2 phòng,Đã có sổ,,,,"40,82 triệu/m²",,,,Nội thất đầy đủ,,tp-ho-chi-minh,"Bán căn Ruby Đã có sổ, 98m2 3PN + 2WC + 1Kho, Full nội thất, Giá 4Tỷ",,"số 88, N1, Phường Sơn Kỳ, Quận Tân Phú, Tp Hồ Chí MinhXem bản đồ",
,2 phòng,2 phòng,,,,,"20,93 triệu/m²",,,,,,tp-ho-chi-minh,"Bán căn hộ 4S Linh Đông,Thủ Đức,75m2,Giá 1 tỷ 570 triệu",,"30, Phường Linh Đông (Quận Thủ Đức cũ), Thành phố Thủ Đức, Tp Hồ Chí MinhXem bản đồ",
,2 phòng,2 phòng,,,,,"20,88 triệu/m²",,,,,,tp-ho-chi-minh,"Căn hộ đủ nội thất Asiana Capella,Quận 6,DT 68m2,Giá 1 tỷ 420 triệu",,"Trần Văn Kiểu, Phường 10, Quận 6, Tp Hồ Chí MinhXem bản đồ",
,3 phòng,3 phòng,,,,,"117,35 triệu/m²",Tây Nam,,,,,tp-ho-chi-minh,🌏 BÁN CĂN HỘ 3PN 98M2 VIEW SÔNG 11.5 TỶ VINHOME CENTRAL PARK,,"208, 208 Đường Điện Biên Phủ, Phường 22, Bình Thạnh, Hồ Chí Minh, Phường 22, Quận Bình Thạnh, Tp Hồ Chí MinhXem bản đồ",
,1 phòng,1 phòng,,,,,"84,91 triệu/m²",Đông Bắc,,,,,tp-ho-chi-minh,BÁN CĂN HỘ 1PN LANDMARK 3 53M2 4.5 TỶ VINHOME CENTRAL PARK VIEW THOÁNG,,"208, 208 Đường Điện Biên Phủ, Phường 22, Bình Thạnh, Hồ Chí Minh, Phường 22, Quận Bình Thạnh, Tp Hồ Chí MinhXem bản đồ",
,2 phòng,2 phòng,Đã có sổ,,,,"30,16 triệu/m²",,,,,,tp-ho-chi-minh,Chủ Gộp bán STOWN THỦ ĐỨC 2PN 63m SỔ HỒNG SẴN,,"Bình Chiểu, Phường Bình Chiểu (Quận Thủ Đức cũ), Thành phố Thủ Đức, Tp Hồ Chí MinhXem bản đồ",
,2 phòng,2 phòng,,,,,"39,56 triệu/m²",,,,,,tp-ho-chi-minh,"Cần bán căn hộ The Art KDC Gia Hoà, Phước Long B,68m2/2,69 Tỷ",,"523A, 523A 523A Đỗ Xuân Hợp, Phường Phước Long B, Quận 9, Hồ Chí Minh, Phường Phước Long B (Quận 9 cũ), Thành phố Thủ Đức, Tp Hồ Chí MinhXem bản đồ",
,2 phòng,1 phòng,,,,,"30,4 triệu/m²",,,,,,tp-ho-chi-minh,Chính chủ bán căn chung cư Ehome3 2 phòng ngủ Q Bình Tân giá rẻ,,"Hồ Học Lãm, Phường An Lạc, Quận Bình Tân, Tp Hồ Chí MinhXem bản đồ",
,3 phòng,,,,,,"84,34 triệu/m²",,,,Nội thất cao cấp,,tp-ho-chi-minh,CẦN BÁN PENTHOUSE RIVERPARK RESIDENCE 332M2 GIÁ 28 TỶ,,"Tân Phong, Phường Tân Phong, Quận 7, Tp Hồ Chí MinhXem bản đồ",
,3 phòng,2 phòng,Đã có sổ,,,,"86,71 triệu/m²",,,,Nội thất cao cấp,,tp-ho-chi-minh,Sang xịn mịn với căn hộ 3PN có sân vườn rộng 173m2 giá 15 tỷ,,"290, An Dương Vương, Phường 4, Quận 5, Tp Hồ Chí MinhXem bản đồ",
,3 phòng,,Đã có sổ,,,,"55,08 triệu/m²",,,,Nội thất đầy đủ,,tp-ho-chi-minh,"Bán căn hộ Grand View B DT 115m2 3PN 2WC nhà mới decor, giá 6 tỷ 5",,"Nguyễn Đức Cảnh, Phường Tân Phong, Quận 7, Tp Hồ Chí MinhXem bản đồ",
