Diện tích đất:,Số phòng ngủ:,Số phòng vệ sinh:,Giấy tờ pháp lý:,Loại hình nhà ở:,Chiều ngang:,Diện tích sử dụng:,Giá/m2:,Hướng cửa chính:,Tổng số tầng:,Đặc điểm nhà/đất:,Tình trạng nội thất:,Chiều dài:,Location,Name,URL,District,Price
45 m²,3 phòng,3 phòng,Đã có sổ,,,,"103,33 triệu/m²",Tây Bắc,2,,,,tp-ho-chi-minh,Góc 2 Mặt Tiền 3 lầu 3pn 3wc Nguyễn Văn Khối P11 Gò Vấp,,"Đường Nguyễn Văn Khối, Phường 11, Quận Gò Vấp, Tp Hồ Chí MinhXem bản đồ",
60 m²,3 phòng,2 phòng,Đã có sổ,"Nhà ngõ, hẻm",,,40 triệu/m²,Đông,2,,,,tp-ho-chi-minh,"BÁN NHÀ CHỢ BẮP TRỊNH THỊ MIẾNG 60M2 ,2 TẦNG ,",,"Trần Thị Miếng, Xã Thới Tam Thôn, Huyện Hóc Môn, Tp Hồ Chí MinhXem bản đồ",
56 m²,4 phòng,4 phòng,Đã có sổ,"Nhà mặt phố, mặt tiền",,,"232,14 triệu/m²",,4,,Nội thất cao cấp,,tp-ho-chi-minh,Nhà mặt tiền Bình Thới 4x14. 1 trệt 3 lầu. pháp lí chuẩn,,"Cư Xá Bình Thới, Phường 8, Quận 11, Tp Hồ Chí MinhXem bản đồ",
32 m²,2 phòng,2 phòng,Đã có sổ,"Nhà ngõ, hẻm",2.5 m,,"117,19 triệu/m²",,1,,,,tp-ho-chi-minh,"Bán nhà hẻm 32m2, cách 10 căn ra đường Kênh Tân Hóa, quận Tân Phú",,"Kênh Tân Hóa, Phường Phú Thọ Hòa, Quận Tân Phú, Tp Hồ Chí MinhXem bản đồ",
132.9 m²,6 phòng,3 phòng,Đã có sổ,"Nhà mặt phố, mặt tiền",,,"230,25 triệu/m²",Đông Nam,1,,,,tp-ho-chi-minh,BÁN NHÀ MẶT TIỀN ĐƯỜNG BẮC HẢI Q.10,,"Bắc Hải, Phường 6, Quận 10, Tp Hồ Chí MinhXem bản đồ",
42 m²,2 phòng,2 phòng,Đã có sổ,"Nhà ngõ, hẻm",,,"47,62 triệu/m²",Đông Nam,1,,,,tp-ho-chi-minh,"Bán nhà ngay chợ Hiệp Thành (Q.12), nhà mới xây 1 lầu 2PN, DT 3,5x12m",,"Hiệp Thành 13, Phường Hiệp Thành, Quận 12, Tp Hồ Chí MinhXem bản đồ",
80 m²,4 phòng,5 phòng,,"Nhà mặt phố, mặt tiền",4 m,,"162,5 triệu/m²",,4,,Nhà trống,,tp-ho-chi-minh,"Giảm 3 tỷ bán nhà xe hơi ,Nguyễn Gia Trí, P25, Bình Thạnh 4x20m.T2LST",,"Xô Viết Nghệ Tĩnh, Phường 25, Quận Bình Thạnh, Tp Hồ Chí MinhXem bản đồ",
35 m²,2 phòng,2 phòng,Đã có sổ,"Nhà ngõ, hẻm",3.2 m,,100 triệu/m²,,,,Nội thất đầy đủ,,tp-ho-chi-minh,Nhà P3 Q Gò Vấp 35m2 2 tầng tặng nội thất cao cấp giá 3 tỷ 500 triệu,,"Nguyễn Văn Công, Phường 3, Quận Gò Vấp, Tp Hồ Chí MinhXem bản đồ",
219 m²,2 phòng,2 phòng,Đã có sổ,"Nhà mặt phố, mặt tiền",15 m,,"534,25 triệu/m²",,2,,,,tp-ho-chi-minh,"Bán nhà góc 2 Mặt tiền Cao Thắng Quận 3, (15x16m) CN:219.3m2 HĐT 350tr",,"Đường Cao Thắng, Phường 4, Quận 3, Tp Hồ Chí MinhXem bản đồ",
42 m²,5 phòng,,Đã có sổ,"Nhà ngõ, hẻm",9 m,,"114,29 triệu/m²",,,"Hẻm xe hơi,Nở hậu",,4.5 m,tp-ho-chi-minh,NHÀ NGANG 9M - VỊ TRÍ CỰC ĐẸP - SÁT MẶT TIỀN - XE HƠI ĐỔ CỬA - LÊ QU,,"Lê Quang Định, Phường 1, Quận Gò Vấp, Tp Hồ Chí MinhXem bản đồ",
56 m²,3 phòng,3 phòng,Đã có sổ,"Nhà ngõ, hẻm",,,"133,93 triệu/m²",,3,,Nhà trống,,tp-ho-chi-minh,"Nhà HXH 6m đường Hồng Lạc – 4.5 x 12m, 3 tầng, chỉ 7.5 tỷ TL",,"Hồng Lạc, Phường 10, Quận Tân Bình, Tp Hồ Chí MinhXem bản đồ",
60 m²,4 phòng,5 phòng,,"Nhà ngõ, hẻm",,,115 triệu/m²,,,Hẻm xe hơi,,,tp-ho-chi-minh,"BÌNH TÂN, GẦN LÊ VĂN QUỚI, 3 TẦNG, 4x15, ĐƯỜNG 6M THÔNG, CHỈ 6.X TỶ",,"Đường Lê Văn Quới, Phường Bình Hưng Hoà A, Quận Bình Tân, Tp Hồ Chí MinhXem bản đồ",
64.5998 m²,4 phòng,,Đã có sổ,"Nhà mặt phố, mặt tiền",3.9 m,,"337,46 triệu/m²",Đông,4,,,,tp-ho-chi-minh,Bán nhà MT đường hoa khu phan xích long 21 tỷ 8,,"đường hoa, Phường 7, Quận Phú Nhuận, Tp Hồ Chí MinhXem bản đồ",
110 m²,5 phòng,5 phòng,Đã có sổ,"Nhà mặt phố, mặt tiền",4 m,,"72,73 triệu/m²",,,,,26 m,tp-ho-chi-minh,"Nhà 4x26 ,3 tầng mặt tiền chính sau chợ Lạc Quang Tân Thới Nhất ,q12",,"Tân Thới Nhất 12, Phường Tân Thới Nhất, Quận 12, Tp Hồ Chí MinhXem bản đồ",
35 m²,3 phòng,,,"Nhà mặt phố, mặt tiền",,,"114,29 triệu/m²",,,,,,tp-ho-chi-minh,Mặt tiên Kinh Doanh - Đang Cho Thuê 14tr - HĐT 2 Năm_35m2 Chỉ 4 tỷ,,"Hoàng Sa, Phường 11, Quận 10, Tp Hồ Chí MinhXem bản đồ",
103 m²,5 phòng,5 phòng,Đã có sổ,"Nhà mặt phố, mặt tiền",,,"261,17 triệu/m²",,4,,Nội thất cao cấp,,tp-ho-chi-minh,Bán Nhà 5 Lầu 5x20m Mặt tiền quận 5 gần Đại Học Y Dược Giá rẻ,,"Đường Nguyễn Trãi, Phường 7, Quận 5, Tp Hồ Chí MinhXem bản đồ",
89 m²,6 phòng,4 phòng,Đã có sổ,"Nhà ngõ, hẻm",,,"78,65 triệu/m²",Đông Bắc,3,,,,tp-ho-chi-minh,"CHỈ NHỈNH 7 TỶ CÓ NGAY NHÀ 3 TẦNG TÂN PHÚ (4,4×19) HẺM 5M",,"Kênh 19/5, Phường Sơn Kỳ, Quận Tân Phú, Tp Hồ Chí MinhXem bản đồ",
40 m²,3 phòng,3 phòng,Đã có sổ,"Nhà ngõ, hẻm",,,"87,25 triệu/m²",,3,,Nội thất cao cấp,,tp-ho-chi-minh,NHỈNH 3 TỶ 35M2 NHÀ ĐẸP ĐÓN TẾT - NGUYỄN VĂN CÔNG PHƯỜNG 3 GÒ VẤP,,"Nguyễn Văn Công, Phường 3, Quận Gò Vấp, Tp Hồ Chí MinhXem bản đồ",
50 m²,2 phòng,2 phòng,Đã có sổ,"Nhà ngõ, hẻm",3.3 m,,98 triệu/m²,,,,,16 m,tp-ho-chi-minh,"Nhà 1 sẹc Hòa Hưng,Q10, 50M2, 2 Tầng, BTCT nhà mới, ở liền 4 TỶ 9.",,"Hoà Hưng, Phường 13, Quận 10, Tp Hồ Chí MinhXem bản đồ",
44 m²,2 phòng,,Đã có sổ,"Nhà ngõ, hẻm",3 m,,"57,95 triệu/m²",,1,,,10 m,tp-ho-chi-minh,nhà 1 trệt 1 lầu gần trường nguyễn hũu cầu ngã 4 tô ký,,"Đường Nguyễn Hữu Cầu, Xã Trung Chánh, Huyện Hóc Môn, Tp Hồ Chí MinhXem bản đồ",
113 m²,2 phòng,,Đã có sổ,"Nhà ngõ, hẻm",7 m,,"48,23 triệu/m²",,,"Hẻm xe hơi,Nở hậu",,19 m,tp-ho-chi-minh,"Bán đất tặng nhà SHR 6,8m x 19m. Hẻm nhựa 6m Đường Tân Thới Hiệp 07",,"Tân Thới Hiệp 07, Phường Tân Thới Hiệp, Quận 12, Tp Hồ Chí MinhXem bản đồ",
70 m²,4 phòng,6 phòng,Đã có sổ,"Nhà mặt phố, mặt tiền",,,360 triệu/m²,,4,,Nội thất cao cấp,,tp-ho-chi-minh,"MT ĐƯỜNG Lạc Long Quân,P8, Tân Bình, Ngay chợ vải, 4 lầu, giá 25,2 tỷ.",,"Đường Lạc Long Quân, Phường 8, Quận Tân Bình, Tp Hồ Chí MinhXem bản đồ",
72 m²,4 phòng,5 phòng,Đã có sổ,"Nhà mặt phố, mặt tiền",,,"104,17 triệu/m²",,4,,Nội thất đầy đủ,,tp-ho-chi-minh,"BÁN NHÀ KHU PHÂN LÔ TÊN LỬA - 4*18, 4 TẦNG - 7.5 TỶ",,"Tên Lửa, Phường Bình Trị Đông B, Quận Bình Tân, Tp Hồ Chí MinhXem bản đồ",
80 m²,6 phòng,6 phòng,,"Nhà mặt phố, mặt tiền",4 m,400 m²,150 triệu/m²,,,,,15 m,tp-ho-chi-minh,"Giảm 4 tỷ, bán nhà 315 Hai Bà Trưng Q1, 4x15 3 tầng, chốt 12tỷ",,"Đường Hai Bà Trưng, Phường Võ Thị Sáu, Quận 3, Tp Hồ Chí MinhXem bản đồ",
60 m²,3 phòng,,,"Nhà ngõ, hẻm",,,"86,67 triệu/m²",,,,,,tp-ho-chi-minh,"BÁN NHÀ HẺM 4M NGUYỄN SƠN, DT 4x15, CHỈ 5TỶ2",,"Nguyễn Sơn, Phường Phú Thọ Hòa, Quận Tân Phú, Tp Hồ Chí MinhXem bản đồ",
45 m²,3 phòng,3 phòng,,"Nhà ngõ, hẻm",3.7999 m,,"103,33 triệu/m²",,3,,,13.5 m,tp-ho-chi-minh,"Bán nhà góc 2 MT hẻm 6m Nguyễn Văn Khối, 3,8 x 13,5, giá 4.65 tỷ tl",,"Đường Nguyễn Văn Khối, Phường 11, Quận Gò Vấp, Tp Hồ Chí MinhXem bản đồ",
90 m²,4 phòng,2 phòng,Đã có sổ,"Nhà ngõ, hẻm",,,"83,33 triệu/m²",Đông,2,,,,tp-ho-chi-minh,Căn nhà điện tích tới 92m2 1 lầu đúc hẻm xe hơi mà hơn 7ty...,,"Thống Nhất, Phường 16, Quận Gò Vấp, Tp Hồ Chí MinhXem bản đồ",
50 m²,2 phòng,2 phòng,Đã có sổ,"Nhà ngõ, hẻm",4 m,,130 triệu/m²,,,,Nhà trống,,tp-ho-chi-minh,"CÓ 102! Bình Thạnh Lê Văn Duyệt Hẻm 7m 50m2, 2 mt 4m chỉ nhỉnh 6 tỷ",,"Lê văn duyệt, Phường 1, Quận Bình Thạnh, Tp Hồ Chí MinhXem bản đồ",
45 m²,4 phòng,4 phòng,,"Nhà ngõ, hẻm",4 m,120 m²,"137,78 triệu/m²",,,,,12 m,tp-ho-chi-minh,"**Bán nhà Gần chợ Bà Hoa, ngã tư bảy hiền, P11, Tân Bình; 4x12 - 2 lầu",,"Võ Thành Trang, Phường 11, Quận Tân Bình, Tp Hồ Chí MinhXem bản đồ",
52 m²,5 phòng,3 phòng,Đã có sổ,"Nhà ngõ, hẻm",,,"126,92 triệu/m²",,3,,Nội thất đầy đủ,,tp-ho-chi-minh,"*Bán nhà hẻm 107 Phạm Văn Hai, gần chợ Phạm Văn Hai, 4*13, 2 lầu",,"Bùi Thị Xuân, Phường 3, Quận Tân Bình, Tp Hồ Chí MinhXem bản đồ",
56.2 m²,3 phòng,3 phòng,Đã có sổ,"Nhà ngõ, hẻm",4 m,,"110,32 triệu/m²",,3,,,,tp-ho-chi-minh,Bán nhà hẻm ô tô Âu Dương Lân thông Phạm Thế Hiển P3 Q8,,"Âu Dương Lân, Phường 3, Quận 8, Tp Hồ Chí MinhXem bản đồ",
35 m²,3 phòng,2 phòng,Đã có sổ,"Nhà mặt phố, mặt tiền",,,"165,71 triệu/m²",Đông,2,,,,tp-ho-chi-minh,Nhà Mặt tiền Liên Tỉnh 5 P6Q8 giá 5tỷ8,,"Liên Tỉnh 5, Phường 6, Quận 8, Tp Hồ Chí MinhXem bản đồ",
78 m²,2 phòng,2 phòng,Đã có sổ,"Nhà ngõ, hẻm",,,"62,82 triệu/m²",,2,,Nội thất đầy đủ,,tp-ho-chi-minh,Q7 - huỳnh tấn phát . NHÀ ĐẸP ĐẦY ĐỦ NỘI THẤT - 78m2 CHỈ NHỈNH 4 tỷ,,"Đường Huỳnh Tấn Phát, Phường Phú Thuận, Quận 7, Tp Hồ Chí MinhXem bản đồ",
42 m²,4 phòng,3 phòng,Đã có sổ,"Nhà ngõ, hẻm",,,"118,57 triệu/m²",Đông Nam,2,,,,tp-ho-chi-minh,"nhà đẹp p12, Gò vấp đường Phan Huy Ích ,4 phòng ngủ, hẻm xe hơi",,"Đường Phan Huy Ích, Phường 12, Quận Gò Vấp, Tp Hồ Chí MinhXem bản đồ",
108 m²,7 phòng,Nhiều hơn 6 phòng,Đã có sổ,"Nhà ngõ, hẻm",,,"185,19 triệu/m²",,7,,Nội thất cao cấp,,tp-ho-chi-minh,"Bán Nhà Hẻm Xe Hơi Quận 1,3,5,10 - Phân Khúc 20 Tỷ",,"Hai Bà Trưng, Phường Bến Nghé, Quận 1, Tp Hồ Chí MinhXem bản đồ",
40 m²,2 phòng,2 phòng,,"Nhà mặt phố, mặt tiền",4 m,80 m²,"91,25 triệu/m²",,,,,10 m,tp-ho-chi-minh,Mặt tiền 285/ Lê Văn Qưới 4x9.5 1lầu 3tỷ 650 triệu,,"Lê Văn Qưới, Phường Bình Hưng Hoà A, Quận Bình Tân, Tp Hồ Chí MinhXem bản đồ",
126 m²,3 phòng,2 phòng,,"Nhà mặt phố, mặt tiền",6 m,,"8,89 triệu/m²",,,,,21 m,tp-ho-chi-minh,Ra gấp nhà 126m2 bán 1ty120 TL mạnh,,"An Phú Tây - Hưng Long, Xã An Phú Tây, Huyện Bình Chánh, Tp Hồ Chí MinhXem bản đồ",
44 m²,2 phòng,2 phòng,Đã có sổ,"Nhà ngõ, hẻm",4 m,,"63,64 triệu/m²",,,,Bàn giao thô,,tp-ho-chi-minh,"NHÀ HẺM 3M ĐƯỜNG SỐ 16 BHHA, (4X11M), CẤP 4, VUÔNG VỨC, CN ĐỦ",,"Đường số 16, Phường Bình Trị Đông A, Quận Bình Tân, Tp Hồ Chí MinhXem bản đồ",
45 m²,2 phòng,2 phòng,Đã có sổ,"Nhà ngõ, hẻm",,,"55,56 triệu/m²",Đông Bắc,2,,,,tp-ho-chi-minh,Bán nhà đường Nam Hòa 45m² một trệt một lầu giá 2.5 tỉ,,"Đường Nam Hoà, Phường Phước Long A (Quận 9 cũ), Thành phố Thủ Đức, Tp Hồ Chí MinhXem bản đồ",
57 m²,4 phòng,5 phòng,Đã có sổ,"Nhà ngõ, hẻm",,,"97,37 triệu/m²",,,"Hẻm xe hơi,Nở hậu",Nội thất cao cấp,,tp-ho-chi-minh,"Nhà phố 4,5m x 14m. Xây 1 lửng 3 lầu 1/ Hẻm 8m Nhuyễn Thị Xinh ( TA21)",,"Thới An 21, Phường Thới An, Quận 12, Tp Hồ Chí MinhXem bản đồ",
42 m²,2 phòng,,,"Nhà ngõ, hẻm",,,"76,19 triệu/m²",,,,,,tp-ho-chi-minh,"Bán nhà hẻm đường Xô Viết Nghệ Tĩnh, 42m2, giá rẻ",,"Xô Viết Nghệ Tĩnh, Phường 17, Quận Bình Thạnh, Tp Hồ Chí MinhXem bản đồ",
77 m²,5 phòng,,Đã có sổ,"Nhà mặt phố, mặt tiền",,300 m²,"94,68 triệu/m²",,,"Hẻm xe hơi,Nở hậu",Nội thất cao cấp,,tp-ho-chi-minh,Nhà phố nở hậu 5m x 18m.1 lửng 3 lầu Mặt tiền Đường 12m Tân Chánh Hiệp,,"Tân Chánh Hiệp, Phường Tân Chánh Hiệp, Quận 12, Tp Hồ Chí MinhXem bản đồ",
86 m²,5 phòng,5 phòng,Đã có sổ,"Nhà mặt phố, mặt tiền",4 m,,"70,35 triệu/m²",,,,Nội thất cao cấp,,tp-ho-chi-minh,Nhà phố 3 lầu 4m x 22m. Mặt tiền buôn bán Đường Tân Chánh Hiệp 26,,"Tân Chánh Hiệp 25, Phường Tân Chánh Hiệp, Quận 12, Tp Hồ Chí MinhXem bản đồ",
52 m²,3 phòng,3 phòng,Đã có sổ,"Nhà ngõ, hẻm",6.3 m,,"104,81 triệu/m²",,,,Nhà trống,,tp-ho-chi-minh,"Hưng phú p9q8 6,3 x 9 1 trệt lửng 2 lầu hẻm 3m thông thoáng",,"Đường Hưng Phú, Phường 9, Quận 8, Tp Hồ Chí MinhXem bản đồ",
100 m²,5 phòng,5 phòng,,"Nhà mặt phố, mặt tiền",4 m,,64 triệu/m²,Tây,2,,,,tp-ho-chi-minh,cần bán gap nhà mặt tiền quan 12,,"HT26, Phường Hiệp Thành, Quận 12, Tp Hồ Chí MinhXem bản đồ",
116 m²,1 phòng,,Đã có sổ,"Nhà ngõ, hẻm",4 m,,"40,52 triệu/m²",,,,,25 m,tp-ho-chi-minh,"Giảm 700 triệu 5,4 tỷ còn 4 tỷ 7 nhà cấp 4 TL19 q12",,"Đường Thạnh Lộc 19, Phường Thạnh Lộc, Quận 12, Tp Hồ Chí MinhXem bản đồ",
100 m²,9 phòng,Nhiều hơn 6 phòng,Đã có sổ,"Nhà mặt phố, mặt tiền",3.5999 m,,110 triệu/m²,,,,,28 m,tp-ho-chi-minh,"Nhà MT KD Nguyễn Trọng Lội, P4, Tân Bình, 100m2, 4 tầng, 11 tỷ",,"Nguyễn Trọng Lội, Phường 4, Quận Tân Bình, Tp Hồ Chí MinhXem bản đồ",
51 m²,3 phòng,3 phòng,,"Nhà ngõ, hẻm",,,"101,96 triệu/m²",,,Hẻm xe hơi,,,tp-ho-chi-minh,BÁN NHÀ 1 TRỆT 2 LẦU ĐƯỜNG 160. LÃ XUÂN OAI. Q9,,"160, Phường Tăng Nhơn Phú A (Quận 9 cũ), Thành phố Thủ Đức, Tp Hồ Chí MinhXem bản đồ",
100 m²,8 phòng,Nhiều hơn 6 phòng,Đã có sổ,"Nhà ngõ, hẻm",,,78 triệu/m²,Đông Bắc,3,,,,tp-ho-chi-minh,"Nhà 3 lầu cực đẹp, xe ô tô vào đến trước cửa nhà",,"380/81/14, Phạm Văn Chiêu, Phường 9, Quận Gò Vấp, Tp Hồ Chí MinhXem bản đồ",
152 m²,nhiều hơn 10 phòng,Nhiều hơn 6 phòng,Đã có sổ,"Nhà mặt phố, mặt tiền",,,"59,21 triệu/m²",Đông,1,,,,tp-ho-chi-minh,🌺Cần bán nhà trọ nền đôi KDC Nam Hùng Vương- An lạc 💰💰Giá bán : 9 tỷ,,"Đường số 2D, Phường An Lạc, Quận Bình Tân, Tp Hồ Chí MinhXem bản đồ",
100 m²,5 phòng,5 phòng,Đã có sổ,"Nhà mặt phố, mặt tiền",,,"82,9 triệu/m²",Tây Bắc,4,,,,tp-ho-chi-minh,"Nhà 104m2 Mặt Tiền Hiệp Thành 26 Quận 12, 4mx25m, Đúc 3 Lầu",,"Hiệp Thành 26, Phường Hiệp Thành, Quận 12, Tp Hồ Chí MinhXem bản đồ",
202 m²,3 phòng,3 phòng,Đã có sổ,"Nhà ngõ, hẻm",9.2 m,,"23,71 triệu/m²",,1,,,,tp-ho-chi-minh,Bán đất tặng nhà 9.2x22m nhỉnh 20tr/m2 gần Metro Tân Thới Hiệp Quận 12,,"Đường Quốc Lộ 1A, Phường Tân Thới Hiệp, Quận 12, Tp Hồ Chí MinhXem bản đồ",
56 m²,2 phòng,,,"Nhà ngõ, hẻm",,,"76,61 triệu/m²",,,,,,tp-ho-chi-minh,"56m nhà 2 tầng 3 phòng ngủ xe hơi đỗ cửa ngộp bank chỉ 4,29 tỷ",,"Đường Âu Cơ, Phường Tân Sơn Nhì, Quận Tân Phú, Tp Hồ Chí MinhXem bản đồ",
30 m²,1 phòng,1 phòng,,"Nhà ngõ, hẻm",35 m,,"24,67 triệu/m²",,,,,7 m,tp-ho-chi-minh,NHÀ.👍1 TRỆT 1 LẦU👍3.5M×7M.👍1 NGỦ.1WC.HẺM 3M.Q12,,"Đường Nguyễn Ảnh Thủ P.Hiệp Thành Q12, Phường Hiệp Thành, Quận 12, Tp Hồ Chí MinhXem bản đồ",
150 m²,6 phòng,,Đã có sổ,"Nhà ngõ, hẻm",4 m,,30 triệu/m²,,1,,,37 m,tp-ho-chi-minh,Chính chủ bán nhà THỐNG NHẤT-Sát HXH 2 mặt tiền 150M2,,"Đường Thống Nhất, Phường 15, Quận Gò Vấp, Tp Hồ Chí MinhXem bản đồ",
75 m²,2 phòng,2 phòng,Đã có sổ,"Nhà mặt phố, mặt tiền",3.9 m,,80 triệu/m²,,,,Nhà trống,,tp-ho-chi-minh,NHÀ TRỆT LỬNG MT TRẦN THỊ CỜ 3.9X19M SHR,,"Đường Trần Thị Cờ, Phường Thới An, Quận 12, Tp Hồ Chí MinhXem bản đồ",
67 m²,3 phòng,2 phòng,Đã có sổ,"Nhà ngõ, hẻm",,,"52,24 triệu/m²",Bắc,2,,,,tp-ho-chi-minh,<152TNPA> BÁN NHÀ HẺM – ĐƯỜNG LÃ XUÂN OAI – P. TĂNG NHƠN PHÚ A – KHU D,,"102, Phường Tăng Nhơn Phú A (Quận 9 cũ), Thành phố Thủ Đức, Tp Hồ Chí MinhXem bản đồ",
30 m²,2 phòng,,Đã có sổ,"Nhà ngõ, hẻm",4.3498 m,,"108,33 triệu/m²",Đông,,,,6.8 m,tp-ho-chi-minh,Vị trí đẹp Q10 chỉ 3.25 tỷ,,"Ngô Gia Tự, Phường 9, Quận 10, Tp Hồ Chí MinhXem bản đồ",
90 m²,5 phòng,,Đã có sổ,"Nhà ngõ, hẻm",5 m,,"106,67 triệu/m²",Đông,2,,,,tp-ho-chi-minh,Dãy trọ 1 trục Phạm Huy Thông 5x19 đường 8M,,"Hẻm 139 Phạm Huy Thông, Phường 6, Quận Gò Vấp, Tp Hồ Chí MinhXem bản đồ",
101 m²,5 phòng,5 phòng,,"Nhà mặt phố, mặt tiền",,,"188,12 triệu/m²",,2,,,,tp-ho-chi-minh,"NHÀ CẦN BÁN/ CHO THUÊ 4,6X22M - 1T,4L,TUM - MT NƠ TRANG LONG| 19 TỶ TL",,"Nơ Trang Long, Phường 13, Quận Bình Thạnh, Tp Hồ Chí MinhXem bản đồ",
33 m²,2 phòng,,,"Nhà ngõ, hẻm",,,"98,48 triệu/m²",,,"Hẻm xe hơi,Nở hậu",,,tp-ho-chi-minh,"1/ sát mặt tiền Ngô Gia Tự ,F9-Q10 (4,5x8m 1 lầu 2PN giá 3,25 tỷ )",,"Ngô Gia Tự, Phường 10, Quận 10, Tp Hồ Chí MinhXem bản đồ",
73 m²,4 phòng,,Đã có sổ,"Nhà mặt phố, mặt tiền",,,"116,44 triệu/m²",Đông Nam,5,,Nội thất đầy đủ,,tp-ho-chi-minh,8.5tỷ- Mở bán Nhà 5 tấm- Mặt Tiền Tl29 Trung tâm phường Thạnh Lộc- Q12,,"Thạnh Lộc 29, Phường Thạnh Lộc, Quận 12, Tp Hồ Chí MinhXem bản đồ",
40 m²,3 phòng,3 phòng,Đã có sổ,"Nhà mặt phố, mặt tiền",,,55 triệu/m²,,3,,Nội thất đầy đủ,,tp-ho-chi-minh,MẶt Tiền Hẻm 6m Nhựa- Nhà Sẵn 3Tầng Đường Liên Khu 5-6 Quận Bình Tân,,"Liên khu 5-6, Phường Bình Hưng Hoà B, Quận Bình Tân, Tp Hồ Chí MinhXem bản đồ",
40 m²,4 phòng,3 phòng,Đã có sổ,"Nhà ngõ, hẻm",,,"88,75 triệu/m²",,3,,Nội thất đầy đủ,,tp-ho-chi-minh,Bán Gấp Nhà 3 Tầng 4PN - Huỳnh Tấn Phát chỉ 3.x tỷ,,"Huỳnh Tấn Phát, Phường Phú Thuận, Quận 7, Tp Hồ Chí MinhXem bản đồ",
45 m²,3 phòng,3 phòng,Đã có sổ,"Nhà ngõ, hẻm",,,"10,3333333333 tỷ/m²",,2,,Nội thất cao cấp,,tp-ho-chi-minh,NHÀ MỚI ĐẸP NGUYỄN VĂN KHỐI 2LẦU 3PN FULL NỘI THẤT,,"Đường Nguyễn Văn Khối, Phường 11, Quận Gò Vấp, Tp Hồ Chí MinhXem bản đồ",
140 m²,3 phòng,3 phòng,,"Nhà ngõ, hẻm",8 m,,"34,14 triệu/m²",Tây Bắc,2,,,,tp-ho-chi-minh,"BÁN NHÀ CHÍNH CHỦ PHÙ HỢP KHO XƯỞNG, CĂN HỘ DỊCH VỤ",,"930/3/5, Quốc lộ 1, Phường Bình Trị Đông A, Quận Bình Tân, Tp Hồ Chí MinhXem bản đồ",
40 m²,4 phòng,4 phòng,Đã có sổ,"Nhà ngõ, hẻm",,,150 triệu/m²,,3,,Nội thất đầy đủ,,tp-ho-chi-minh,400tp. HẺM 8m - SÁT MẶT TIỀN-KINH DOANH ĐA NGHÀNH-VƯỜN LÀI -NHỈNH 6 TỶ,,"Vườn Lài, Phường Phú Thọ Hòa, Quận Tân Phú, Tp Hồ Chí MinhXem bản đồ",
58 m²,4 phòng,4 phòng,Đã có sổ,"Nhà mặt phố, mặt tiền",,,"28,97 triệu/m²",,3,,Nhà trống,,tp-ho-chi-minh,"Hai mặt tiền 5x12m Đường Nguyễn Văn Luông, P.12, Quận 6. Sổ hồng",,"Đường Nguyễn Văn Luông, Phường 12, Quận 6, Tp Hồ Chí MinhXem bản đồ",
28 m²,2 phòng,2 phòng,Đã có sổ,"Nhà ngõ, hẻm",,,"142,86 triệu/m²",,2,1,,,tp-ho-chi-minh,Bán Gấp Nhà Ngay Chợ Vườn Chuối. Trệt Lầu. 4 Tỷ TL,,"Vườn Chuối, Phường 4, Quận 3, Tp Hồ Chí MinhXem bản đồ",
136 m²,4 phòng,4 phòng,Đã có sổ,,,,"117,65 triệu/m²",Đông Nam,1,,,,tp-ho-chi-minh,Nhà cần bán,,"Võ Duy Ninh, Phường 22, Quận Bình Thạnh, Tp Hồ Chí MinhXem bản đồ",
48 m²,4 phòng,4 phòng,Đã có sổ,"Nhà ngõ, hẻm",4 m,,"160,42 triệu/m²",,5,,,,tp-ho-chi-minh,Bán nhà Tân Bình HẺM XE TẢI Lạc Long Quân 5 tầng 48m chỉ 7 tỷ 7,,"Lạc Long Quân, Phường 9, Quận Tân Bình, Tp Hồ Chí MinhXem bản đồ",
48 m²,2 phòng,2 phòng,Đã có sổ,"Nhà ngõ, hẻm",4 m,,"97,92 triệu/m²",,2,,,,tp-ho-chi-minh,CHỈ 4 TỶ 7 Có ngay nhà Tân Bình hẻm Lạc Long Quân 2 tầng 48m2,,"Lạc Long Quân, Phường 8, Quận Tân Bình, Tp Hồ Chí MinhXem bản đồ",
72 m²,6 phòng,6 phòng,Đã có sổ,"Nhà mặt phố, mặt tiền",,,"194,44 triệu/m²",,4,,Nội thất cao cấp,,tp-ho-chi-minh,"14 Tỷ - MTKD Tân Sơn Nhì, 4 x 19 Đúc 3 Lầu, Ngay Ngã 4 Nguyễn Cửu Đàm",,"Tân Sơn Nhì, Phường Tân Sơn Nhì, Quận Tân Phú, Tp Hồ Chí MinhXem bản đồ",
90 m²,6 phòng,6 phòng,Đã có sổ,"Nhà mặt phố, mặt tiền",,,"157,78 triệu/m²",,4,,Nội thất đầy đủ,,tp-ho-chi-minh,Kẹt bán gấp nhà 4 tầng mt Ni Sư Huỳnh Liên 4x22,,"Ni Sư Huỳnh Liên, Phường 10, Quận Tân Bình, Tp Hồ Chí MinhXem bản đồ",
22 m²,3 phòng,,Đã có sổ,"Nhà ngõ, hẻm",,,"95,45 triệu/m²",,,"Hẻm xe hơi,Nở hậu",Nội thất cao cấp,,tp-ho-chi-minh,"Chỉ 2.1 tỷ, Bán nhà gần Tân Kỳ Tân Quý, gần Aeonmall,22m2,nhà mới",,"Đường Tân Kỳ Tân Quý, Phường Tân Quý, Quận Tân Phú, Tp Hồ Chí MinhXem bản đồ",
53 m²,3 phòng,,,"Nhà ngõ, hẻm",,,"37,74 triệu/m²",,,Hẻm xe hơi,,,tp-ho-chi-minh,"NHÀ 4X13 NHỈNH 2 TỶ, HẺM XE HƠI, LIÊN KHU 5-6, BÌNH TÂN",,"Đường Liên Khu 5-6, Phường Bình Hưng Hòa, Quận Bình Tân, Tp Hồ Chí MinhXem bản đồ",
16 m²,1 phòng,,,"Nhà ngõ, hẻm",,16 m²,"128,13 triệu/m²",,,,,,tp-ho-chi-minh,nhà bán xe hơi đậu cửa.,,"Đường số 4, Phường 16, Quận Gò Vấp, Tp Hồ Chí MinhXem bản đồ",
60 m²,2 phòng,1 phòng,Đã có sổ,"Nhà ngõ, hẻm",4 m,,"77,5 triệu/m²",,,,,15 m,tp-ho-chi-minh,"Bán Nhà cấp 4 hẻm Ô Tô đường Đỗ Xuân Hợp, Phước Long B, Quận 9.",,"Đỗ Xuân Hợp, Phường Phước Long B (Quận 9 cũ), Thành phố Thủ Đức, Tp Hồ Chí MinhXem bản đồ",
84 m²,5 phòng,,Đã có sổ,"Nhà ngõ, hẻm",5 m,,75 triệu/m²,,4,,Nội thất đầy đủ,,tp-ho-chi-minh,BÁN NHÀ HXH HIỆP THÀNH - QUẬN 12 - 84M2 - 4 TẦNG - 6.3 TỶ CÓ TL,,"Hiệp Thành 31, Phường Hiệp Thành, Quận 12, Tp Hồ Chí MinhXem bản đồ",
144 m²,nhiều hơn 10 phòng,Nhiều hơn 6 phòng,Đã có sổ,"Nhà ngõ, hẻm",,,"114,58 triệu/m²",,4,,Nội thất đầy đủ,,tp-ho-chi-minh,KHÁCH SẠN 4 TẦNG -144M2(8x18) -MẶT TIỀN HẺM 20M -DÒNG TIỀN 90TR/THÁNG,,"Tân Quý, Phường Tân Quý, Quận Tân Phú, Tp Hồ Chí MinhXem bản đồ",
38 m²,4 phòng,3 phòng,Đã có sổ,"Nhà ngõ, hẻm",,,"89,47 triệu/m²",,3,,Nội thất đầy đủ,,tp-ho-chi-minh,"Bán Nhà Quận 7, Dt 38M2, CHỈ 3,4 TỶ, SHR, Lê Văn Lương, P. Tân Hưng.",,"Đường Lê Văn Lương, Phường Tân Hưng, Quận 7, Tp Hồ Chí MinhXem bản đồ",
92 m²,2 phòng,2 phòng,Đã có sổ,"Nhà mặt phố, mặt tiền",,,"53,26 triệu/m²",Nam,1,,,,tp-ho-chi-minh,Bán nhà sổ Hồng riêng mặt tiền đường Lê Thị ngay,,"Mặt Tiền Đường Lê Thị Ngay, Xã Vĩnh Lộc A, Huyện Bình Chánh, Tp Hồ Chí MinhXem bản đồ",
12 m²,1 phòng,1 phòng,,"Nhà ngõ, hẻm",3 m,,"139,92 triệu/m²",Nam,,,,4 m,tp-ho-chi-minh,Nhà nhỏ sổ hồng riêng Nguyễn Súy Tân Phú,,"Nguyễn Súy, Phường Tân Quý, Quận Tân Phú, Tp Hồ Chí MinhXem bản đồ",
53 m²,4 phòng,5 phòng,Đã có sổ,"Nhà ngõ, hẻm",5.3 m,,"130,19 triệu/m²",,,,,10 m,tp-ho-chi-minh,Q. TÂN BÌNH- TRƯỜNG CHINH -HXH 48M2 - 3 TẦNG- CHỈ 6 TỶ 9 .📐 5.3x10 =,,"Trường Chinh, Phường 14, Quận Tân Bình, Tp Hồ Chí MinhXem bản đồ",
80 m²,2 phòng,,Đã có sổ,"Nhà mặt phố, mặt tiền",5 m,,"10,75 triệu/m²",,2,,Nội thất đầy đủ,,tp-ho-chi-minh,Bán nhà chợ Bình chánh. 1 trệt 1 lầu( 80m2). Giá 860tr. Sổ hồng riêng,,"Đường số 18B, Xã Bình Chánh, Huyện Bình Chánh, Tp Hồ Chí MinhXem bản đồ",
81 m²,5 phòng,5 phòng,Đã có sổ,"Nhà ngõ, hẻm",5 m,,"57,41 triệu/m²",,,,,18 m,tp-ho-chi-minh,Nhà đường hương lộ 2 ngay BV bình tân (5x18m) 4 lầu 6pn,,"Đường Lê Văn Quới, Phường Bình Trị Đông A, Quận Bình Tân, Tp Hồ Chí MinhXem bản đồ",
48 m²,4 phòng,3 phòng,,"Nhà ngõ, hẻm",4 m,,"76,04 triệu/m²",Tây Bắc,2,,,,tp-ho-chi-minh,Nhà hẻm xe hơi đường phạm hùng xã bình Hưng huyện bình Chánh,,"Phạm hùng, Xã Bình Hưng, Huyện Bình Chánh, Tp Hồ Chí MinhXem bản đồ",
80 m²,4 phòng,5 phòng,Đã có sổ,"Nhà ngõ, hẻm",,,"84,38 triệu/m²",,4,,Nội thất đầy đủ,,tp-ho-chi-minh,"BÁN NHÀ ĐƯỜNG LÊ VĂN QUỚI, HẺM 8M - 4X20, 4 TẦNG – CHỈ 6.75 TỶ",,"Đường Lê Văn Quới, Phường Bình Hưng Hoà A, Quận Bình Tân, Tp Hồ Chí MinhXem bản đồ",
74.5 m²,4 phòng,,,"Nhà mặt phố, mặt tiền",,155.5 m²,"53,02 triệu/m²",,,Hẻm xe hơi,,,tp-ho-chi-minh,NHÀ RỘNG ĐẸP - CHÍNH CHỦ CHỐT LỖ 400 - THẠNH XUÂN QUẬN 12,,"Thạnh Xuân 38, Phường Thạnh Xuân, Quận 12, Tp Hồ Chí MinhXem bản đồ",
33 m²,3 phòng,4 phòng,Đã có sổ,"Nhà ngõ, hẻm",,,"269,7 triệu/m²",,4,,Nhà trống,,tp-ho-chi-minh,BÁN NHÀ HẺM XE HƠI VƯỜN CHUỐI QUẬN 3,,"Đường Vườn Chuối, Phường 4, Quận 3, Tp Hồ Chí MinhXem bản đồ",
159 m²,4 phòng,4 phòng,Đã có sổ,"Nhà mặt phố, mặt tiền",8 m,,"64,78 triệu/m²",,,,Nội thất đầy đủ,,tp-ho-chi-minh,10.3 Tỷ Có Ngay Mặt Tiền Liên Khu 45 Ngang 7.7m Dài 23m,,"Đường Liên khu 4-5, Phường Bình Hưng Hoà B, Quận Bình Tân, Tp Hồ Chí MinhXem bản đồ",
80 m²,2 phòng,2 phòng,Đã có sổ,"Nhà mặt phố, mặt tiền",,,"8,5 triệu/m²",Đông Nam,1,,,,tp-ho-chi-minh,"Nhà Bình chánh, sổ hồng riêng",,"Huỳnh Văn Trí, Xã Bình Chánh, Huyện Bình Chánh, Tp Hồ Chí MinhXem bản đồ",
55 m²,3 phòng,4 phòng,Đã có sổ,"Nhà mặt phố, mặt tiền",,,"86,36 triệu/m²",,,,,,tp-ho-chi-minh,"Bán nhà 1Trệt 1Lửng 2Lầu sân thượng, Đsố 1 Nguyễn Duy Trinh giá tốt",,"Đs 1 Nguyễn Duy Trinh, Phường Long Trường (Quận 9 cũ), Thành phố Thủ Đức, Tp Hồ Chí MinhXem bản đồ",
55 m²,3 phòng,,,"Nhà ngõ, hẻm",,,"90,91 triệu/m²",,,,,,tp-ho-chi-minh,"nhà 4,5x12 Nguyễn Văn Săng, Tân Sơn Nhì, Tân Phú, Hẻm oto, Nhỉnh 5tỷ",,"Đường Nguyễn Văn Săng, Phường Tân Sơn Nhì, Quận Tân Phú, Tp Hồ Chí MinhXem bản đồ",
36.3 m²,2 phòng,2 phòng,Đã có sổ,"Nhà ngõ, hẻm",4 m,,"82,64 triệu/m²",Đông Nam,,,,,tp-ho-chi-minh,"Q12 Cần bán nhà cấp bốn gát lửng dt :4*10 , hem xe hơi",,"Đường Hiệp Thành 45, Phường Hiệp Thành, Quận 12, Tp Hồ Chí MinhXem bản đồ",
48 m²,1 phòng,,Đã có sổ,"Nhà mặt phố, mặt tiền",4 m,48 m²,"142,71 triệu/m²",,,,,12 m,tp-ho-chi-minh,"nhà mặt tiền đường số 55, KDC Bình Phú giá chỉ 6ty850",,"Đường số 55, Phường 10, Quận 6, Tp Hồ Chí MinhXem bản đồ",
35 m²,4 phòng,3 phòng,Đã có sổ,"Nhà ngõ, hẻm",,,"125,71 triệu/m²",,3,,,,tp-ho-chi-minh,"Nhà 1 trệt,3 lầu, đường Quang Trung,phường 10,Gò Vấp.",,"Quang Trung, Phường 10, Quận Gò Vấp, Tp Hồ Chí MinhXem bản đồ",
62 m²,4 phòng,4 phòng,Đã có sổ,"Nhà ngõ, hẻm",4 m,,100 triệu/m²,,4,,,,tp-ho-chi-minh,"NHÀ VUÔNG VỨC HXH TỚI CỬA, PHƯỜNG 12, GÒ VẤP, 62M2 CHỈ 6,2 TỶ",,"Bùi Quang Là, Phường 12, Quận Gò Vấp, Tp Hồ Chí MinhXem bản đồ",
52 m²,2 phòng,2 phòng,,"Nhà ngõ, hẻm",4 m,,"64,42 triệu/m²",Bắc,1,,,,tp-ho-chi-minh,"Nhà BÁN GIÁ RẺ, Bình Tân, sát khu dân cư Vĩnh Lộc, tiếp tục hạ 100tr",,"Bình Thành, Phường Bình Hưng Hoà B, Quận Bình Tân, Tp Hồ Chí MinhXem bản đồ",
56 m²,3 phòng,4 phòng,Đã có sổ,Nhà phố liền kề,,,"125,89 triệu/m²",,5,,,,tp-ho-chi-minh,NHÀ BÁN HXH Q GÒ VẤP,,"PHẠM VĂN CHIÊU, Phường 14, Quận Gò Vấp, Tp Hồ Chí MinhXem bản đồ",
