Diện tích đất:,Số phòng ngủ:,Số phòng vệ sinh:,Giấy tờ pháp lý:,Loại hình nhà ở:,Chiều ngang:,Diện tích sử dụng:,Giá/m2:,Hướng cửa chính:,Tổng số tầng:,Đặc điểm nhà/đất:,Tình trạng nội thất:,Chiều dài:,Location,Name,URL,District,Price
,1 phòng,1 phòng,Đã có sổ,,,,"31,04 triệu/m²",,,,Nội thất đầy đủ,,ha-noi,"Chính chủ gửi bán 1 ngủ để lại full đồ.Tầng trung hướng mát, view đẹp.",,"Yên Viên, Thị trấn Trâu Quỳ, Huyện Gia Lâm, Hà NộiXem bản đồ",
,2 phòng,2 phòng,Đã có sổ,,,,"10,38 triệu/m²",,,,Nội thất cao cấp,,ha-noi,"CĐT BÁN CHUNG CƯ TRÍCH SÀI- VĂN CAO, view Hồ Tây",,"Trích Sài, Phường Bưởi, Quận Tây Hồ, Hà NộiXem bản đồ",
,1 phòng,1 phòng,Đã có sổ,,,,"31,04 triệu/m²",,,,Nội thất đầy đủ,,ha-noi,"Chính chủ gửi bán 1 ngủ để lại full đồ.Tầng trung hướng mát, view đẹp.",,"Yên Viên, Thị trấn Trâu Quỳ, Huyện Gia Lâm, Hà NộiXem bản đồ",
,2 phòng,2 phòng,,,,,"29,92 triệu/m²",Đông Bắc,,,,,ha-noi,"Căn hộ CC, 65m2, 2pn, Tecco Skyville Thanh Trì",,"Quang Lai, Xã Ngũ Hiệp, Huyện Thanh Trì, Hà NộiXem bản đồ",
,2 phòng,2 phòng,,,,,"29,92 triệu/m²",Đông Bắc,,,,,ha-noi,"Căn hộ CC, 65m2, 2pn, Tecco Skyville Thanh Trì",,"Quang Lai, Xã Ngũ Hiệp, Huyện Thanh Trì, Hà NộiXem bản đồ",
,2 phòng,2 phòng,Đã có sổ,,,,"10,38 triệu/m²",,,,Nội thất cao cấp,,ha-noi,"CĐT BÁN CHUNG CƯ TRÍCH SÀI- VĂN CAO, view Hồ Tây",,"Trích Sài, Phường Bưởi, Quận Tây Hồ, Hà NộiXem bản đồ",
,3 phòng,2 phòng,Đã có sổ,,,,"45,5 triệu/m²",,,,,,ha-noi,"Bán chung cư Hoa Đào 713 Lạc Long Quận 100m2, 3 ngủ, 2 vs nhỉnh 4 tỷ",,"713, Lạc Long Quân, Phường Phú Thượng, Quận Tây Hồ, Hà NộiXem bản đồ",
,1 phòng,,,,,,"26,76 triệu/m²",,,,Nội thất đầy đủ,,ha-noi,"CH XUÂN ĐỈNH - CV HÒA BÌNH 1PN, 34m , full đồ",,"Xuân Đỉnh, Phường Xuân Đỉnh, Quận Bắc Từ Liêm, Hà NộiXem bản đồ",
,2 phòng,2 phòng,,,,,"40,32 triệu/m²",,,,,,ha-noi,"cần bán căn 2 ngủ, nhà H hồ đền lừ, hoàng mai, sổ đỏ chính chủ",,"Lô 1 Đền Lừ 1, Phường Hoàng Văn Thụ, Quận Hoàng Mai, Hà NộiXem bản đồ",
,2 phòng,1 phòng,Đã có sổ,,,,"35,29 triệu/m²",,,,Nội thất cao cấp,,ha-noi,"Bán căn hộ C1 Hoàng Ngọc Phách, Đống Đa, 68m2, sổ đỏ, lô góc, 2 PN",,"Phố Hoàng Ngọc Phách, Phường Láng Hạ, Quận Đống Đa, Hà NộiXem bản đồ",
,2 phòng,1 phòng,,,,,"45,74 triệu/m²",,,,,,ha-noi,"Bán căn hộ chung cư CT3 khu đô thị Nghĩa Đô tài chính 2,X tỷ",,"Dự Án CT3, Phường Dịch Vọng, Quận Cầu Giấy, Hà NộiXem bản đồ",
,2 phòng,2 phòng,Đã có sổ,,,,"40,77 triệu/m²",,,,,,ha-noi,"BÁN CĂN HỘ CHUNG CƯ TẠI QUẬN CẦU GIẤY 65M 2 NGỦ 2,65 TỶ.",,"nguyễn chánh, Phường Trung Hoà, Quận Cầu Giấy, Hà NộiXem bản đồ",
,2 phòng,,,,,,"25,96 triệu/m²",,,,Nội thất đầy đủ,,ha-noi,"Bán căn hộ Trích Sài - Võng thị 52m, 2PN , Ven Hồ Tây , full đồ",,"lạc long quân, Phường Thụy Khuê, Quận Tây Hồ, Hà NộiXem bản đồ",
,3 phòng,3 phòng,,,,,"34,24 triệu/m²",,,,,,ha-noi,Căn hộ 3 ngủ khép kín tại Khu đô thị Mỹ Đình 125m full nội thất xịn sò,,"Mỹ Đình, Phường Mỹ Đình 1, Quận Nam Từ Liêm, Hà NộiXem bản đồ",
,2 phòng,2 phòng,,,,,"35,43 triệu/m²",Nam,,,,,ha-noi,Bán tt,,"Phố Nguyên Hồng, Phường Thành Công, Quận Ba Đình, Hà NộiXem bản đồ",
,3 phòng,2 phòng,Đã có sổ,,,,"28,57 triệu/m²",,,,,,ha-noi,"☆ CHỈ 3,6 TỶ SỞ HỮU CH 126M2 CC FADACON SỐ 10.TRẦN PHÚ – CĂN GÓC.",,"Số 10, Số 10 Đường Nguyễn Trãi, Phường Nguyễn Trãi, Quận Hà Đông, Hà NộiXem bản đồ",
,2 phòng,2 phòng,,,,,"12,73 triệu/m²",Đông Nam,,,,,ha-noi,BÁN GẤP_CHUNG CƯ A1 PHẠM VĂN ĐỒNG_CÔNG VIÊN HÒA BÌNH_BẮC TỪ LIÊM,,"Đường Phạm Văn Đồng, Phường Xuân Đỉnh, Quận Bắc Từ Liêm, Hà NộiXem bản đồ",
,3 phòng,2 phòng,,,,,"26,14 triệu/m²",,,,,,ha-noi,Chính chủ cần bán căn hộ chung cư ruby3 phúc lợi,,"321, undefined, Phường Phúc Lợi, Quận Long Biên, Hà NộiXem bản đồ",
,3 phòng,2 phòng,Đang chờ sổ,,,,"43,5 triệu/m²",,,,Nội thất đầy đủ,,ha-noi,"Bán chung cư Ngoại Giao Đoàn, ở luôn, view đẹp 100M2, 3PN, 4 Tỷ 35",,"đường Xuân Đỉnh, xã Xuân Đỉnh, Bắc Từ Liêm, Hà Nội, Phường Xuân Đỉnh, Quận Bắc Từ Liêm, Hà NộiXem bản đồ",
,nhiều hơn 10 phòng,,Đã có sổ,,,,"121,93 triệu/m²",,,,,,ha-noi,"Chỉ còn 1 căn! Toà CHDV gần ĐH Bách Kinh Xây 11PN, thang máy, ngõ ô tô",,"Định Công, Phường Định Công, Quận Hoàng Mai, Hà NộiXem bản đồ",
,1 phòng,1 phòng,,,,,"43,33 triệu/m²",Tây Nam,,,,,ha-noi,"Căn hộ SIÊU RẺ Vinhome Smart : Studio, 1PN, 2PN, 3PN",,"Đại Lộ Thăng Long, Phường Đại Mỗ, Quận Nam Từ Liêm, Hà NộiXem bản đồ",
,3 phòng,2 phòng,,,,,"32,53 triệu/m²",Tây Bắc,,,,,ha-noi,"Bán căn hộ 83m2- 3PN mặt phố Cầu Đơ , Q.Hà Đông",,"Đường Tô Hiệu, Phường Hà Cầu, Hà Đông, Hà Nội, Phường Hà Cầu, Quận Hà Đông, Hà NộiXem bản đồ",
,2 phòng,2 phòng,Đã có sổ,,,,"27,94 triệu/m²",,,,Nội thất đầy đủ,,ha-noi,"Cần bán gấp căn hộ 2PN 2VS giá chỉ 1,9 tỷ tại Vin Ocean Park",,"Yên Viên, Thị trấn Trâu Quỳ, Huyện Gia Lâm, Hà NộiXem bản đồ",
,2 phòng,1 phòng,Đã có sổ,,,,"27,5 triệu/m²",,,,Nhà trống,,ha-noi,"Tôi căn 2 phòng ngủ giá chỉ 1,65 tỷ tại Vinhomes Ocean Park",,"Yên Viên, Thị trấn Trâu Quỳ, Huyện Gia Lâm, Hà NộiXem bản đồ",
,2 phòng,2 phòng,Giấy tờ khác,,,,"41,86 triệu/m²",,,,,,ha-noi,Giảm Giá Sâu Pavilion P3 2PN2WC Góc 70m2 View Hồ - Vinhomes Ocean Park,,"Yên Viên, Thị trấn Trâu Quỳ, Huyện Gia Lâm, Hà NộiXem bản đồ",
,2 phòng,2 phòng,,,,,"34,75 triệu/m²",,,,,,ha-noi,"Bán chung cư CT9 Bộ Công An 66 Kim Giang 80m2, 2 ngủ, 2 vs chỉ 1.X tỷ",,"Kim Giang, Phường Đại Kim, Quận Hoàng Mai, Hà NộiXem bản đồ",
,2 phòng,2 phòng,Đã có sổ,,,,"29,1 triệu/m²",,,,Nhà trống,,ha-noi,"GIÁ SỐC BÁN Căn 2PN/2WC VIEW ĐẸP THÔNG THOÁNG,Giá 1 TỶ 950TR.TẠI VHOCP",,"Yên Viên, Thị trấn Trâu Quỳ, Huyện Gia Lâm, Hà NộiXem bản đồ",
,3 phòng,,Đã có sổ,,,,"46,15 triệu/m²",,,,,,ha-noi,BÁN CĂN HỘ CHUNG CƯ CAO CẤP ĐƯỜNG TRUNG KÍNH CẦU GIẤY 130M CHỈ 6 TỶ.,,"trần kim xuyến, Phường Yên Hoà, Quận Cầu Giấy, Hà NộiXem bản đồ",
,2 phòng,2 phòng,,,,,"31,43 triệu/m²",Tây Nam,,,,,ha-noi,"Căn hộ 70m2 2n2vs nội thất cao cấp Vinhomes Ocean Park . Giá 2,2 tỉ",,"Đại Dương, Thị trấn Trâu Quỳ, Huyện Gia Lâm, Hà NộiXem bản đồ",
,2 phòng,,Đã có sổ,,,,"30,83 triệu/m²",,,,,,ha-noi,Siêu hiếm! Tập thể 128C Đại La 60m2 chỉ 1.85 tỷ CTL,,"Đại La, Phường Đồng Nhân, Quận Hai Bà Trưng, Hà NộiXem bản đồ",
,3 phòng,2 phòng,,,,,"47,15 triệu/m²",Tây Nam,,,,,ha-noi,"căn hộ chung cư 123m2, 3pn -2vs. thanh toán 30% nhận nhà ngay",,"29, Phố Tố Hữu, Phường Trung Văn, Quận Nam Từ Liêm, Hà NộiXem bản đồ",
,1 phòng,1 phòng,,,,,"28,26 triệu/m²",Tây Nam,,,,,ha-noi,"Cần bán gấp căn hộ 1 ngủ, HH Linh Đàm, Hoàng Mai. Hỗ trợ cho vay 70%",,"Linh Đường, Phường Hoàng Liệt, Quận Hoàng Mai, Hà NộiXem bản đồ",
,2 phòng,1 phòng,Đã có sổ,,,,39 triệu/m²,,,,Nội thất đầy đủ,,ha-noi,"BÁN NHÀ CHUNG CƯ ĐỀN LỪ, 50M, 2 NGỦ, KHÁCH BẾP , GIÁ 1,95 TỶ, SỔ ĐỎ",,"Đền Lừ, Phường Hoàng Văn Thụ, Quận Hoàng Mai, Hà NộiXem bản đồ",
,2 phòng,1 phòng,Đã có sổ,,,,37 triệu/m²,,,,Nội thất đầy đủ,,ha-noi,"BÁN NHÀ TẬP THỂ GIẢI PHÓNG 2 NGỦ, VỆ SINH KHÉP KÍN, GIÁ 1,85 TỶ ,SỔ ĐỎ",,"Giải Phóng, Phường Giáp Bát, Quận Hoàng Mai, Hà NộiXem bản đồ",
,2 phòng,2 phòng,,,,,"12,73 triệu/m²",Đông Nam,,,,,ha-noi,BÁN GẤP_CHUNG CƯ A1 HOÀNG HOA THÁM_VĂN CAO_BA ĐÌNH_SỔ ĐỎ VĨNH VIỄN,,"HOÀNG HOA THÁM, Phường Ngọc Hà, Quận Ba Đình, Hà NộiXem bản đồ",
,2 phòng,2 phòng,,,,,"12,07 triệu/m²",Tây Bắc,,,,,ha-noi,GIÁ GỐC_BÁN CHUNG CƯ A2 HỌC VIỆN NGÂN HÀNG_CHÙA BỘC_ĐỐNG ĐA_CÓ SỔ ĐỎ,,"Chùa Bộc, Phường Quang Trung, Quận Đống Đa, Hà NộiXem bản đồ",
,1 phòng,1 phòng,,,,,"20,63 triệu/m²",,,,,,ha-noi,"Chung cư mini 279 Đội Cấn ngõ 2 ô tô chánh nhau, full nội thất, ở ngay",,"279, Đội  Cấn, Phường Ngọc Hà, Quận Ba Đình, Hà NộiXem bản đồ",
,2 phòng,,,,,,"41,15 triệu/m²",,,,,,ha-noi,THE ZEN PARK CHỈ 3.35 TỶ CĂN GÓC 2N+1 VIEW HỒ CÁ KOI TẦNG TRUNG VHOP,,"Yên Viên, Thị trấn Trâu Quỳ, Huyện Gia Lâm, Hà NộiXem bản đồ",
,1 phòng,1 phòng,,,,,"21,25 triệu/m²",,,,,,ha-noi,Chung cư H2 Minh Khai - Kim Ngưu ngay mặt đường,,"Kim Ngưu, Phường Thanh Nhàn, Quận Hai Bà Trưng, Hà NộiXem bản đồ",
,1 phòng,1 phòng,,,,,"17,14 triệu/m²",,,,,,ha-noi,CHÍNH CHỦ BÁN CCMN TRẦN QUÝ CÁP- PENHOUSE SÂN VƯỜN 30-45M2 SIÊU ĐẸP,,"Lê Duẩn, Phường Quang Trung, Quận Đống Đa, Hà NộiXem bản đồ",
,2 phòng,2 phòng,Đã có sổ,,,,"39,29 triệu/m²",,,,Nội thất cao cấp,,ha-noi,"Bán chung cư Võ Chí Công 126M2, 3PN, ở luôn, 4 Tỷ 95.",,"689, Lạc Long Quân, Phường Phú Thượng, Quận Tây Hồ, Hà NộiXem bản đồ",
,2 phòng,1 phòng,,,,,20 triệu/m²,,,,,,ha-noi,nhận nhà đón tết căn hộ 2pn giá từ 1 tỷ / 50m đủ đồ,,"tấy sơn, Phường Ô Chợ Dừa, Quận Đống Đa, Hà NộiXem bản đồ",
,1 phòng,1 phòng,Đã có sổ,,,,"31,61 triệu/m²",,,,,,ha-noi,CHÍNH CHỦ BÁN CĂN STUDIO GIÁ CHỈ 980 TR TẦNG TRUNG TẠI VHOP,,"Yên Viên, Thị trấn Trâu Quỳ, Huyện Gia Lâm, Hà NộiXem bản đồ",
,2 phòng,2 phòng,Đã có sổ,,,,50 triệu/m²,,,,Nội thất cao cấp,,ha-noi,"Bán chung cư Võ Chí Công, view Hồ Tây, 90m2, 2PN 2WC, 4 tỷ x",,"Võ Chí Công, Phường Phú Thượng, Quận Tây Hồ, Hà NộiXem bản đồ",
,2 phòng,,Đã có sổ,,,,"32,37 triệu/m²",,,,Nhà trống,,ha-noi,"Nhà thoáng 63m 2PN CT4B Xa La view nội khu mát, sổ đỏ CC,1,9 tỷ",,"Phố Xa La, Phường Phúc La, Quận Hà Đông, Hà NộiXem bản đồ",
,3 phòng,2 phòng,Đã có sổ,,,,"35,48 triệu/m²",Nam,,,,,ha-noi,"3 ngủ full đồ , nam từ liêm , giá cả quá hợp lý",,"Đại Mỗ, Phường Đại Mỗ, Quận Nam Từ Liêm, Hà NộiXem bản đồ",
,2 phòng,1 phòng,,,,,12 triệu/m²,Bắc,,,,,ha-noi,"Chung cư G3 Xã Đàn - Phạm Ngọc Thạch 36 - 55m, Full Nội Thất, Ở ngay",,"xã đàn, Phường Phương Liên, Quận Đống Đa, Hà NộiXem bản đồ",
,2 phòng,,,,,,"27,94 triệu/m²",,,,,,ha-noi,Bán căn hộ 2N2VS (tặng kèm nội thất) giá chỉ 1.9 tỷ tại Vinhomes OCP,,"Yên Viên, Thị trấn Trâu Quỳ, Huyện Gia Lâm, Hà NộiXem bản đồ",
,1 phòng,1 phòng,Đã có sổ,,,,"31,61 triệu/m²",,,,,,ha-noi,E cần tiền bán nhanh căn studio 31m2 gia chỉ 980tr tại Vin Ocean Park,,"Yên Viên, Thị trấn Trâu Quỳ, Huyện Gia Lâm, Hà NộiXem bản đồ",
,3 phòng,2 phòng,Đã có sổ,,,,"30,63 triệu/m²",,,,Nhà trống,,ha-noi,"KHÔNG CÓ NHU CẦU SỬ DỤNG CẦN BÁN CĂN 3PN2WC 80M2 CHỈ 2,45 TỶ TẠI VIN 1",,"Yên Viên, Thị trấn Trâu Quỳ, Huyện Gia Lâm, Hà NộiXem bản đồ",
,2 phòng,2 phòng,Đã có sổ,,,,"27,94 triệu/m²",,,,Nội thất đầy đủ,,ha-noi,"BÁN CẮT LỖ SÂU CĂN HỘ 2PN,2VS,68M FULL ĐỒ, VIEW THOÁNG CHỈ 1,9 TỶ .VOP",,"Yên Viên, Thị trấn Trâu Quỳ, Huyện Gia Lâm, Hà NộiXem bản đồ",
,1 phòng,1 phòng,Đã có sổ,,,,"29,36 triệu/m²",,,,Nhà trống,,ha-noi,"BÁN CẮT LỖ CĂN 1PN+,1VS, DT 47M, VIEW THOÁNG CHỈ 1,38 TỶ TẠI VIN.OCP.",,"Yên Viên, Thị trấn Trâu Quỳ, Huyện Gia Lâm, Hà NộiXem bản đồ",
,3 phòng,2 phòng,,,,,55 triệu/m²,Nam,,,,,ha-noi,BÁN CĂN HỘ CAO CẤP- TIME CITY- TẦNG CAO- FULL NỘI THẤT-VIEW SÔNG HỒNG,,"458, Minh Khai, Phường Vĩnh Tuy, Quận Hai Bà Trưng, Hà NộiXem bản đồ",
,3 phòng,2 phòng,,,,,"52,22 triệu/m²",Đông Nam,,,,,ha-noi,"Bán căn hộ siêu cao cấp dt 90m2-3n-2wc Full nt cao cấp giá 4,7 tỷ",,"Trần Văn Lai, Phường Mỹ Đình 2, Quận Nam Từ Liêm, Hà NộiXem bản đồ",
,2 phòng,2 phòng,Đã có sổ,,,,"37,5 triệu/m²",,,,,,ha-noi,"Bán căn 2PN 72m2 view thành phố, nhà đã sẵn sổ, giá net 2.7 tỷ bao phí",,"Lô CT-21B, Giang Biên, Phường Giang Biên, Quận Long Biên, Hà NộiXem bản đồ",
,2 phòng,2 phòng,Đã có sổ,,,,30 triệu/m²,,,,Nhà trống,,ha-noi,"Chỉ 2.1 tỷ nhận ngay căn góc 2N+1, 2VS đầy đủ nội thất, BC đông nam",,"Yên Viên, Thị trấn Trâu Quỳ, Huyện Gia Lâm, Hà NộiXem bản đồ",
,3 phòng,2 phòng,Đã có sổ,,,,"35,5 triệu/m²",,,,Nội thất đầy đủ,,ha-noi,"Căn hộ Nơ 7A bán đảo Linh Đàm, sổ đỏ 84,5m2",,"Phường Đại Kim, quận Hoàng Mai, Hà Nội., Phường Đại Kim, Quận Hoàng Mai, Hà NộiXem bản đồ",
,2 phòng,,,,,,"52,38 triệu/m²",,,,,,ha-noi,"Chủ Nhà Đổi Căn To, Bán Căn Góc 2PN S401, Tầng Thấp, Nội Thất Gỗ",,"Đại Mỗ, Phường Tây Mỗ, Quận Nam Từ Liêm, Hà NộiXem bản đồ",
,2 phòng,2 phòng,Đã có sổ,,,,"41,86 triệu/m²",,,,,,ha-noi,Chủ gửi bán căn 86m2 Tòa CT2 - ECOGREEN - nguyễn xiển- THANH trì,,"Nguyễn Xiển, Xã Tân Triều, Huyện Thanh Trì, Hà NộiXem bản đồ",
,2 phòng,2 phòng,,,,,"12,73 triệu/m²",Đông Nam,,,,,ha-noi,BÁN LỖ_CHUNG CƯ H1 HOÀNG HOA THÁM_VĂN CAO_BA ĐÌNH_CÓ SỔ HỒNG,,"Hoàng Hoa Thám, Phường Đội Cấn, Quận Ba Đình, Hà NộiXem bản đồ",
,2 phòng,1 phòng,,,,,35 triệu/m²,,,,,,ha-noi,Siêu hiếm ! Căn 2 ngủ Mipec giá chỉ 1.6x tỷ,,"Đường Phúc La, Phường Vạn Phúc, Quận Hà Đông, Hà NộiXem bản đồ",
,2 phòng,1 phòng,,,,,"43,08 triệu/m²",Đông Nam,,,,,ha-noi,CHÍNH CHỦ CẦN BÁN CĂN TẬP THỂ TẦNG 1 NGÃ TƯ SỞ - PHỐ VĨNH HỒ - KINH DO,,"71, Phố Vĩnh Hồ, Phường Ngã Tư Sở, Quận Đống Đa, Hà NộiXem bản đồ",
,2 phòng,2 phòng,,,,,"11,67 triệu/m²",Đông Nam,,,,,ha-noi,BÁN CHUNG CƯ E1 NGUYỄN AN NINH_PHỐ VỌNG_HOÀNG MAI,,"Phố Nguyễn An Ninh, Phường Tân Mai, Quận Hoàng Mai, Hà NộiXem bản đồ",
,1 phòng,1 phòng,,,,,"31,89 triệu/m²",Nam,,,,,ha-noi,"Căn hộ 47m2 1+PN tầng trung, hướng mát, view đẹp tại VH Ocean Park",,"Yên Viên, Thị trấn Trâu Quỳ, Huyện Gia Lâm, Hà NộiXem bản đồ",
,3 phòng,2 phòng,Đã có sổ,,,,"52,94 triệu/m²",,,,Nội thất cao cấp,,ha-noi,CHUNG CƯ 349 Vũ Tông Phan – 03 NGỦ - CĂN GÓC – 85M2 – NHỈNH 4 TỶ,,"349, Vũ Tông Phan, Phường Khương Đình, Quận Thanh Xuân, Hà NộiXem bản đồ",
,1 phòng,1 phòng,,,,,"31,23 triệu/m²",Đông Nam,,,,,ha-noi,"1,499tr Sở Hữu Căn 1N+1 48m2 Full Đồ Tại Vinhomes Ocean Park",,"Yên Viên, Thị trấn Trâu Quỳ, Huyện Gia Lâm, Hà NộiXem bản đồ",
,3 phòng,2 phòng,Đã có sổ,,,,"25,67 triệu/m²",,,,,,ha-noi,"Bán chung cư The Pride 120m2, 3 ngủ, 2vs, full nội thất chỉ nhỉnh 3 tỷ",,"Lê Văn Lương, Phường La Khê, Quận Hà Đông, Hà NộiXem bản đồ",
,3 phòng,2 phòng,Đã có sổ,,,,"31,25 triệu/m²",,,,Nhà trống,,ha-noi,Chung cư OSAKA COMPLEX Ngọc Hồi 80M2 - 3 Pn - 2 Wc nhà đẹp chỉ 2.5 tỷ,,"Ngõ 48, Hoàng Liệt, Phường Hoàng Liệt, Quận Hoàng Mai, Hà NộiXem bản đồ",
,2 phòng,1 phòng,Đã có sổ,,,,20 triệu/m²,,,,Nội thất cao cấp,,ha-noi,"Bán CĂN HỘ PHỐ THÁI HÀ - ĐỐNG ĐA, 980TR/CĂN",,"Thái Hà, Phường Trung Liệt, Quận Đống Đa, Hà NộiXem bản đồ",
,3 phòng,2 phòng,Đã có sổ,,,,"38,14 triệu/m²",,,,,,ha-noi,"Chỉ 3 tỷ sở hữu căn 3 ngủ tại tào 789 Mỹ Đình, full nội thất",,"Mỹ Đình, Phường Mỹ Đình 2, Quận Nam Từ Liêm, Hà NộiXem bản đồ",
,2 phòng,2 phòng,Đã có sổ,,,,"35,43 triệu/m²",,,,Nội thất đầy đủ,,ha-noi,Nhà đẹp ở luôn - Trung tâm Ba Đình - 2PN - Nhà mặt phố,,"Phố Thành Công, Phường Thành Công, Quận Ba Đình, Hà NộiXem bản đồ",
,2 phòng,,,,,,"37,2 triệu/m²",,,,,,ha-noi,Căn hộ mặt phố Vũ Trọng Phụng - Tầng 2 - 2PN - Toà nhà mặt phố,,"Vũ Trọng Phụng, Phường Thượng Đình, Quận Thanh Xuân, Hà NộiXem bản đồ",
,2 phòng,2 phòng,,,,,"25,82 triệu/m²",,,,,,ha-noi,Chính chủ nhờ em bán căn hộ HH Linh Đàm,,"Phố Linh Đường, Phường Hoàng Liệt, Quận Hoàng Mai, Hà NộiXem bản đồ",
,3 phòng,2 phòng,,,,,"49,55 triệu/m²",Đông Nam,,,,,ha-noi,"Bán Căn Hộ kĐT Nam Cường, 111M, Giá 5.5 Tỷ Bắc Từ Liêm ,Full Nội Thất",,"Đường Phạm Văn Đồng, Phường Cổ Nhuế 1, Quận Bắc Từ Liêm, Hà Nội, Phường Cổ Nhuế 1, Quận Bắc Từ Liêm, Hà NộiXem bản đồ",
,2 phòng,1 phòng,,,,,"12,5 triệu/m²",Tây,,,,,ha-noi,"Chung cư F3 Phú Thượng - Võ Chí Công 35 - 55m, Giảm 50tr Căn, Ở Ngay",,"Đường Võ Chí Công, Phường Phú Thượng, Quận Tây Hồ, Hà NộiXem bản đồ",
,2 phòng,1 phòng,Đã có sổ,,,,"27,5 triệu/m²",,,,Nhà trống,,ha-noi,"Bán gấp căn 2 phòng ngủ 1 vệ sinh chỉ 1,65 tỷ tại Vinhomes Ocean Park",,"Đường Trâu Quỳ, Thị trấn Trâu Quỳ, Huyện Gia Lâm, Hà NộiXem bản đồ",
,3 phòng,3 phòng,,,,,50 triệu/m²,,,,,,ha-noi,BÁN CĂN 3 NGỦ SA5 VIN SMART - PHONG CÁCH NHẬT - ĐẸP LUNG LINH - 4 TỈ,,"tây mỗ, Phường Tây Mỗ, Quận Nam Từ Liêm, Hà NộiXem bản đồ",
,2 phòng,2 phòng,Đã có sổ,,,,"65,65 triệu/m²",,,,,,ha-noi,Bán chung cư The Zei sổ đỏ 91.4m giá 6 tỷ,,"8, Lê Đức Thọ, Phường Mỹ Đình 2, Quận Nam Từ Liêm, Hà NộiXem bản đồ",
,2 phòng,2 phòng,,,,,"41,13 triệu/m²",Đông Bắc,,,,,ha-noi,"Nhận nhà đón Tết 2024 tại Intracom RiverSide View sông, Cầu Nhật Tân",,"Chung cư Intracom Riverside, Ngọc Chi, Xã Vĩnh Ngọc, Huyện Đông Anh, Hà NộiXem bản đồ",
,2 phòng,1 phòng,Đã có sổ,,,,"12,8 triệu/m²",,,,Nội thất cao cấp,,ha-noi,CHÍNH CHỦ_BÁN GẤP CHUNG CƯ 397 PHẠM VĂN ĐỒNG_XUÂN ĐỈNH 1-2P NGỦ_ở ngay,,"Đường Phạm Văn Đồng, Phường Xuân Đỉnh, Quận Bắc Từ Liêm, Hà NộiXem bản đồ",
,1 phòng,1 phòng,,,,,"20,31 triệu/m²",,,,,,ha-noi,Chung cư mini Xã Đàn - Trung Phụng gần đường ô tô,,"Phường Thổ Quan, Quận Đống Đa, Hà NộiXem bản đồ",
,1 phòng,1 phòng,,,,,"18,18 triệu/m²",,,,,,ha-noi,Chung cư mini Kim Mã - Ngọc Hà đủ nội thất ở ngay,,"Đường Kim Mã, Phường Kim Mã, Quận Ba Đình, Hà NộiXem bản đồ",
,2 phòng,2 phòng,,,,,"31,43 triệu/m²",Tây Nam,,,,,ha-noi,"2,199TR Sở Hữu Căn Hộ 2N2VS Góc 70m2 Full Đồ Tại Vinhomes Ocean Park",,"Yên Viên, Thị trấn Trâu Quỳ, Huyện Gia Lâm, Hà NộiXem bản đồ",
,2 phòng,2 phòng,Đang chờ sổ,,,,"43,57 triệu/m²",,,,Nội thất cao cấp,,ha-noi,"B.án ăn 2 ngủ 2wc + 1/ 70 m2 - Imperia smart city giá tốt 3,050 tỷ",,"Đại lộ Thăng Long, Phường Đại Mỗ, Quận Nam Từ Liêm, Hà NộiXem bản đồ",
,2 phòng,1 phòng,Đã có sổ,,,,"29,83 triệu/m²",,,,Nội thất cao cấp,,ha-noi,QUỸ CĂN BÁN LỖ 300TR CĂN 2PN+1 TẦNG ĐẸP THOÁNG TẠI VINHOMES OCEAN PARK,,"Yên Viên, Thị trấn Trâu Quỳ, Huyện Gia Lâm, Hà NộiXem bản đồ",
,2 phòng,1 phòng,,,,,"58,18 triệu/m²",,,,,,ha-noi,Bán chung cư The Garden Hill 99 Trần Bình,,"Phố Trần Bình, Phường Mỹ Đình 2, Quận Nam Từ Liêm, Hà NộiXem bản đồ",
,2 phòng,2 phòng,Đã có sổ,,,,"58,33 triệu/m²",,,,Nội thất đầy đủ,,ha-noi,"Bán CHCC số 6 Đội Nhân dt 108m2 thiết kế 2PN, 2WC giá 6,3 tỷ",,"Đội Nhân, Phường Đội Cấn, Quận Ba Đình, Hà NộiXem bản đồ",
,2 phòng,2 phòng,Đã có sổ,,,,75 triệu/m²,,,,,,ha-noi,Bán CHTT mặt phố Thái Thịnh- Đống Đa- 90m- 2ngủ 2wc- Ô tô- Nhà mới,,"Phố Thái Thịnh, Phường Trung Liệt, Quận Đống Đa, Hà NộiXem bản đồ",
,3 phòng,2 phòng,Đã có sổ,,,,"31,42 triệu/m²",,,,,,ha-noi,Bán gấp chung cư Nguyễn Cơ Thạch - Mỹ đình,,"Phố Nguyễn Cơ Thạch, Phường Mỹ Đình 2, Quận Nam Từ Liêm, Hà NộiXem bản đồ",
,2 phòng,2 phòng,,,,,"30,12 triệu/m²",Tây Bắc,,,,,ha-noi,Bán căn góc Tòa Nam xala Hà Đông,,"Khu đô thị Nam Xa La, Phường Phúc La, Quận Hà Đông, Hà NộiXem bản đồ",
,2 phòng,2 phòng,Đang chờ sổ,,,,"43,28 triệu/m²",,,,,,ha-noi,"bán căn hộ nho nhỏ đáng yêu và xin xắn , lại còn penhouse",,"Nguyễn Khuyến, Phường Văn Quán, Quận Hà Đông, Hà NộiXem bản đồ",
,2 phòng,,,,,,"27,39 triệu/m²",,,,,,ha-noi,"CH 69m, nội thất đẹp, thoáng rộng, lộc lá CC Sông Nhuệ",,"Cầu Bươu, Phường Kiến Hưng, Quận Hà Đông, Hà NộiXem bản đồ",
,3 phòng,2 phòng,Đã có sổ,,,,"34,36 triệu/m²",,,,,,ha-noi,BÁN GẤP CHUNG CƯ NGUYỄN CƠ THẠCH - MỸ ĐÌNH,,"Phố Nguyễn Cơ Thạch, Phường Mỹ Đình 1, Quận Nam Từ Liêm, Hà NộiXem bản đồ",
,3 phòng,2 phòng,Đã có sổ,,,,"41,33 triệu/m²",,,,Nội thất cao cấp,,ha-noi,Chủ nhà cần tiền bán gấp căn 3pn2wc full nội thất Vinhomes Smart City,,"Đại Mỗ, Phường Tây Mỗ, Quận Nam Từ Liêm, Hà NộiXem bản đồ",
,3 phòng,2 phòng,Đã có sổ,,,,40 triệu/m²,,,,,,ha-noi,chủ nhà cần tiền bán gấp căn 3pn2wc full nội thất sang trọng,,"Đại Mỗ, Phường Tây Mỗ, Quận Nam Từ Liêm, Hà NộiXem bản đồ",
,3 phòng,2 phòng,Đã có sổ,,,,"34,76 triệu/m²",,,,Nội thất cao cấp,,ha-noi,"Bán căn 3PN, Full nội thất, View đại học VinUnj",,"Yên Viên, Thị trấn Trâu Quỳ, Huyện Gia Lâm, Hà NộiXem bản đồ",
,1 phòng,1 phòng,,,,,"33,07 triệu/m²",,,,Nội thất đầy đủ,,ha-noi,STUDIO FULL ĐỒ GIÁ 1.24 TỶ BAO PHÍ 37.5M2 TẦNG TRUNG ĐỒ NHƯ HÌNH VHOP,,"Yên Viên, Thị trấn Trâu Quỳ, Huyện Gia Lâm, Hà NộiXem bản đồ",
