Diện tích đất:,Số phòng ngủ:,Số phòng vệ sinh:,Giấy tờ pháp lý:,Loại hình nhà ở:,Chiều ngang:,Diện tích sử dụng:,Giá/m2:,Hướng cửa chính:,Tổng số tầng:,Đặc điểm nhà/đất:,Tình trạng nội thất:,Chiều dài:,Location,Name,URL,District,Price
79 m²,3 phòng,2 phòng,,"Nhà ngõ, hẻm",4.15 m,,"91,14 triệu/m²",,,Hẻm xe hơi,,18 m,tp-ho-chi-minh,"Nhà ngộp 4.15x18.Thoại ngọc hầu, Hẻm xe tải. pháp lí chuẩn. Giá 7.2 tỷ",,"Đường Thoại Ngọc Hầu, Phường Phú Thạnh, Quận Tân Phú, Tp Hồ Chí MinhXem bản đồ",
60 m²,2 phòng,2 phòng,Đã có sổ,"Nhà ngõ, hẻm",,,"44,17 triệu/m²",Đông Bắc,2,,,,tp-ho-chi-minh,Nhà phố phạm văn hai,,"4b136/4, Thanh Niên, Xã Phạm Văn Hai, Huyện Bình Chánh, Tp Hồ Chí MinhXem bản đồ",
56 m²,5 phòng,5 phòng,Đã có sổ,"Nhà ngõ, hẻm",,,"223,21 triệu/m²",,4,,Nội thất cao cấp,,tp-ho-chi-minh,"Bán Gấp Nhà HXH Cách MT Phan Đăng Lưu 10m (4 x 14m) HĐT 40tr 12,5tỷ TL",,"Đường Phan Đăng Lưu, Phường 3, Quận Phú Nhuận, Tp Hồ Chí MinhXem bản đồ",
71 m²,6 phòng,,,"Nhà mặt phố, mặt tiền",,,"246,48 triệu/m²",,,Nở hậu,,,tp-ho-chi-minh,"NGỘP Bán Nhà MT Trần Hữu Trang DT: 4x17m nở hậu 7m 5Tầng chỉ 17,5tỷ TL",,"Trần Hữu Trang, Phường 11, Quận Phú Nhuận, Tp Hồ Chí MinhXem bản đồ",
72 m²,2 phòng,2 phòng,Đã có sổ,"Nhà ngõ, hẻm",,,"44,44 triệu/m²",,1,,Nhà trống,,tp-ho-chi-minh,"Nhà hẻm 4M 1 xẹc Ngắn Thạnh Lộc 29, Gần Ngã Tư Ga. DT. 4M x 18M.. đẹp",,"Thạnh Lộc 29, Phường Thạnh Lộc, Quận 12, Tp Hồ Chí MinhXem bản đồ",
80 m²,4 phòng,4 phòng,Đã có sổ,"Nhà mặt phố, mặt tiền",,,"168,75 triệu/m²",,4,,Nội thất đầy đủ,,tp-ho-chi-minh,"Bán nhà mặt tiền An Phú, Quận 2, 13.5 tỷ 4x20m, 4 tầng, Cao Đức Lân",,"Đường Cao Đức Lân, Phường An Phú (Quận 2 cũ), Thành phố Thủ Đức, Tp Hồ Chí MinhXem bản đồ",
35 m²,4 phòng,5 phòng,,"Nhà ngõ, hẻm",3.5 m,,"194,29 triệu/m²",,4,,,10 m,tp-ho-chi-minh,PHAN XÍCH LONG-QUẬN PHÚ NHUẬN-35M2(3.5X10)X 4 TẦNG BTCT-CHỈ 6.8 TỶ TL,,"PHAN XÍCH , Phường 2, Quận Phú Nhuận, Tp Hồ Chí MinhXem bản đồ",
40 m²,2 phòng,2 phòng,Đã có sổ,"Nhà ngõ, hẻm",,,"87,5 triệu/m²",,2,Hẻm xe hơi,,,tp-ho-chi-minh,NHÀ BÁN VƯỜN LÀI TÂN PHÚ 40M2 2 TẦNG CHỈ 3.X TỶ,,"Vườn Lài, Phường Phú Thọ Hòa, Quận Tân Phú, Tp Hồ Chí MinhXem bản đồ",
56 m²,5 phòng,4 phòng,Đã có sổ,"Nhà ngõ, hẻm",,,"83,57 triệu/m²",,4,,Nội thất đầy đủ,,tp-ho-chi-minh,"Bán nhà HXH5m đg số2, P. BHH, Q. Bình Tân. Dt: 4mx14m, 3 Lầu còn đẹp",,"Đường Số 2, Phường Bình Hưng Hòa, Quận Bình Tân, Tp Hồ Chí MinhXem bản đồ",
58 m²,4 phòng,3 phòng,Đã có sổ,"Nhà ngõ, hẻm",,,"105,17 triệu/m²",,3,,Nội thất cao cấp,,tp-ho-chi-minh,"Bán nhà HXH6m đường Gò Dầu, P. Tân Quý,. Dt: 4mx15m, 2 Lầu mới đẹp",,"Gò Dầu, Phường Tân Quý, Quận Tân Phú, Tp Hồ Chí MinhXem bản đồ",
58 m²,2 phòng,,,"Nhà ngõ, hẻm",,58 m²,"68,97 triệu/m²",,4,Hẻm xe hơi,,,tp-ho-chi-minh,TÂN BÌNH - NHĨNH 4 TỶ - HXH - LẠC LONG QUÂN - 4 TẦNG,,"Đường Lạc Long Quân, Phường 10, Quận Tân Bình, Tp Hồ Chí MinhXem bản đồ",
48 m²,4 phòng,4 phòng,Đã có sổ,"Nhà ngõ, hẻm",4.5 m,,"59,38 triệu/m²",,,,Nội thất cao cấp,,tp-ho-chi-minh,"Vợ chồng tôi cần bán gấp nhà Minh Phụng, Quận 6. Giá 2 tỷ 850 triệu",,"Minh Phụng, Phường 6, Quận 6, Tp Hồ Chí MinhXem bản đồ",
120 m²,4 phòng,3 phòng,Đã có sổ,"Nhà mặt phố, mặt tiền",,,"68,33 triệu/m²",,3,,Nội thất cao cấp,,tp-ho-chi-minh,"Bán nhà đẹp Đỗ Xuân Hợp, Quận 9, 3 Tầng, 120m2, xe hơi ngủ trong nhà",,"Đỗ Xuân Hợp, Phường Phước Long B (Quận 9 cũ), Thành phố Thủ Đức, Tp Hồ Chí MinhXem bản đồ",
37 m²,4 phòng,3 phòng,,"Nhà mặt phố, mặt tiền",3.5 m,,"229,73 triệu/m²",,3,,,11 m,tp-ho-chi-minh,"Bán Nhà MT 3 Tầng Ngay Bắc Hải, Q.Tân Bình, Chỉ 8,5 Tỷ.",,"Đất Thánh, Phường 6, Quận Tân Bình, Tp Hồ Chí MinhXem bản đồ",
60 m²,3 phòng,,,"Nhà ngõ, hẻm",5 m,,75 triệu/m²,,,"Hẻm xe hơi,Nở hậu",,,tp-ho-chi-minh,Nhà ĐẸP - Ngang 5m - Ở NGAY - HẺM XE TẢI - NƠ HẬU - 60m2 - 4.5 tỷ.Tl,,"Bình Trị Đông, Phường Bình Trị Đông, Quận Bình Tân, Tp Hồ Chí MinhXem bản đồ",
60 m²,6 phòng,,,"Nhà mặt phố, mặt tiền",,152 m²,"171,67 triệu/m²",,,,,,tp-ho-chi-minh,Bán nhà gần 40 TÔ HIẾN THÀNH Q10|158m2-2 tầng|10t3,,"Đường Tô Hiến Thành, Phường 15, Quận 10, Tp Hồ Chí MinhXem bản đồ",
80 m²,4 phòng,5 phòng,Đã có sổ,"Nhà mặt phố, mặt tiền",4 m,,"107,38 triệu/m²",Tây Nam,,,,,tp-ho-chi-minh,"Nhà Mới 3 Lầu 4M x 22M, Mặt Tiền Đường Trần Thị Cờ, P.Thới An",,"Đường Trần Thị Cờ, Phường Thới An, Quận 12, Tp Hồ Chí MinhXem bản đồ",
35 m²,2 phòng,,Đã có sổ,"Nhà ngõ, hẻm",5 m,,100 triệu/m²,,2,,Nội thất đầy đủ,,tp-ho-chi-minh,"BÁN NHÀ ĐƯỜNG HUỲNH TẤN PHÁT- QUẬN 7, 2 TẦNG, NGANG 5M ,GIÁ CHỈ 3.5TỶ",,"Huỳnh Tấn Phát, Phường Tân Thuận Tây, Quận 7, Tp Hồ Chí MinhXem bản đồ",
90 m²,nhiều hơn 10 phòng,Nhiều hơn 6 phòng,,"Nhà mặt phố, mặt tiền",4.2 m,550 m²,150 triệu/m²,,,,,22 m,tp-ho-chi-minh,"13.5 tỷ -Nhà MT 6 tầng Mặt tiền K300 4,2x22m MB & CHDV full NT 45tr/th",,"Hoàng Hoa Thám, Phường 12, Quận Tân Bình, Tp Hồ Chí MinhXem bản đồ",
45 m²,3 phòng,,,"Nhà ngõ, hẻm",5.5 m,150 m²,160 triệu/m²,,,,,10 m,tp-ho-chi-minh,"7,2 tỷ TL - Nhà 2MT 5 tầng NH 7m chợ Hoàng Hoa Thám 45m2 3PN view đẹp",,"Cầu vượt Cộng Hòa - Hoàng Hoa Thám, Phường 13, Quận Tân Bình, Tp Hồ Chí MinhXem bản đồ",
50 m²,2 phòng,2 phòng,Đã có sổ,"Nhà mặt phố, mặt tiền",,,94 triệu/m²,Tây Bắc,2,,,,tp-ho-chi-minh,"Bán Nhà Bình Hưng Hòa- Bình Tân 50m2 2 Tầng đúc giá rẻ 4,7 tỷ",,"Hương Lộ 3, Phường Bình Hưng Hòa, Quận Bình Tân, Tp Hồ Chí MinhXem bản đồ",
99 m²,4 phòng,4 phòng,Đã có sổ,"Nhà mặt phố, mặt tiền",,,"139,39 triệu/m²",,4,,Nội thất cao cấp,,tp-ho-chi-minh,"Nhà căn góc 2 mặt tiền Bình Phú 1, 5x20 (100m2) 3 tấm. Giá 13,8 tỷ TL",,"Bình Phú, Phường 11, Quận 6, Tp Hồ Chí MinhXem bản đồ",
89.3 m²,3 phòng,3 phòng,Đã có sổ,"Nhà mặt phố, mặt tiền",,,"99,66 triệu/m²",,3,,,,tp-ho-chi-minh,"Bán nhà Mt Dương Quảng Hàm, P5, giá tốt, tiện ở, kinh doanh, cho thuê",,"Dương Quảng Hàm, Phường 5, Quận Gò Vấp, Tp Hồ Chí MinhXem bản đồ",
15.1998 m²,3 phòng,,Đã có sổ,"Nhà ngõ, hẻm",,,"154,61 triệu/m²",,5,,Nhà trống,,tp-ho-chi-minh,"2,35 tỷ nhà đẹp dtsd 60m2, 5 tầng 3pn, Bạch Vân, Quận 5",,"Đường Bạch Vân, Phường 5, Quận 5, Tp Hồ Chí MinhXem bản đồ",
88 m²,3 phòng,5 phòng,Đã có sổ,"Nhà mặt phố, mặt tiền",5 m,,"104,55 triệu/m²",,4,,,,tp-ho-chi-minh,ĐƯỜNG XE TẢI 8M - 1 SẸT TRƯƠNG PHƯỚC PHAN - 5X18M - 88M² - 4 TẦNG,,"TRƯƠNG PHƯỚC PHAN, Phường Bình Trị Đông, Quận Bình Tân, Tp Hồ Chí MinhXem bản đồ",
53 m²,4 phòng,4 phòng,,"Nhà ngõ, hẻm",4 m,,"139,43 triệu/m²",,,,Nội thất cao cấp,13 m,tp-ho-chi-minh,👉 HXH-NHÀ ĐẸP LUNG LINH NGAY EMART GÒ VẤP- 53M2(4 *13M)- 4 TẦNG- A4🏠,,"Đường Phan Huy Ích, Phường 12, Quận Gò Vấp, Tp Hồ Chí MinhXem bản đồ",
60 m²,6 phòng,4 phòng,Đã có sổ,"Nhà ngõ, hẻm",,,"108,33 triệu/m²",Đông Bắc,4,,,,tp-ho-chi-minh,Nhỉnh 6 Tỷ - 60m2 - 6PN - Hẻm Xe máy - Bình Quới P. 27 Bình thạnh,,"Bình Quới, Phường 27, Quận Bình Thạnh, Tp Hồ Chí MinhXem bản đồ",
8 m²,2 phòng,,,"Nhà ngõ, hẻm",3 m,19 m²,"73,75 triệu/m²",,3,,,3 m,tp-ho-chi-minh,Nhà giá rẻ Q8. Sổ hồng riêng 590Tr,,"1130/22/4, Phạm Thế Hiển, Phường 8, Quận 8, Tp Hồ Chí MinhXem bản đồ",
60 m²,4 phòng,5 phòng,Đã có sổ,"Nhà mặt phố, mặt tiền",,,"113,33 triệu/m²",,3,,Nội thất cao cấp,,tp-ho-chi-minh,Hẻm xe hơi ngang khủng 6m Tặng hết nội Thất xin x,,"Đường Quang Trung, Phường 8, Quận Gò Vấp, Tp Hồ Chí MinhXem bản đồ",
330 m²,10 phòng,Nhiều hơn 6 phòng,,Nhà biệt thự,15 m,,"969,7 triệu/m²",,5,,,27 m,tp-ho-chi-minh,Cần Bán Gấp Biệt Thự Lâu Đài Đường Nguyễn Đình Chiểu P.DK Q1 Giá 320TY,,"Nguyễn Đình Chiểu, Phường Đa Kao, Quận 1, Tp Hồ Chí MinhXem bản đồ",
251 m²,3 phòng,,,"Nhà mặt phố, mặt tiền",,,"657,37 triệu/m²",,,Nở hậu,,,tp-ho-chi-minh,Nhà MT đường Nguyễn Đình Chiểu P.Đakao Q.1 DT:9.3x27 1 lầu Giá 165 Tỷ,,"Nguyễn Đình Chiểu, Phường Đa Kao, Quận 1, Tp Hồ Chí MinhXem bản đồ",
350 m²,nhiều hơn 10 phòng,,,"Nhà mặt phố, mặt tiền",,,"571,43 triệu/m²",,,,,,tp-ho-chi-minh,Bán nhà MT đường 3 tháng 2 Q.10 DT: 14x25 cn 350m2 1 lầu Giá 200 Tỉ TL,,"Đường 3 Tháng 2, Phường 14, Quận 10, Tp Hồ Chí MinhXem bản đồ",
85 m²,7 phòng,3 phòng,Đã có sổ,"Nhà mặt phố, mặt tiền",,,"105,76 triệu/m²",,2,,Nội thất đầy đủ,,tp-ho-chi-minh,"🌈 GIẢM 1,7 TỶ👉Chỉ 8 TỶ x-HXH 12M NGAY HÒA BÌNH, TÂN PHÚ- 85m2 ngang 8m",,"Đường Hòa Bình, Phường Hiệp Tân, Quận Tân Phú, Tp Hồ Chí MinhXem bản đồ",
100 m²,6 phòng,6 phòng,Đã có sổ,"Nhà ngõ, hẻm",8.3599 m,,75 triệu/m²,,1,,,,tp-ho-chi-minh,"CC Bán Đất tặng nhà 100m2, Ngang 8.36m x 13m. Tiện ích xây mới và CHDV",,"Phú Thuận, Phường Tân Phú, Quận 7, Tp Hồ Chí MinhXem bản đồ",
260 m²,6 phòng,,,Nhà biệt thự,13 m,,"442,31 triệu/m²",,,,,20 m,tp-ho-chi-minh,Bán Gấp Nhà BIỆT THỰ Trần Khắc Chân QUẬN 1- 115 TỶ,,"Đường Trần Khắc Chân, Phường Tân Định, Quận 1, Tp Hồ Chí MinhXem bản đồ",
320 m²,6 phòng,4 phòng,,"Nhà mặt phố, mặt tiền",16 m,,"546,88 triệu/m²",,6,,,10 m,tp-ho-chi-minh,Toà nhà MT Phan Đăng Lưu 16x18m Hầm 5 Tầng 175 tỷ,,"Đường Phan Đăng Lưu, Phường 5, Quận Phú Nhuận, Tp Hồ Chí MinhXem bản đồ",
165 m²,3 phòng,3 phòng,,"Nhà mặt phố, mặt tiền",6.2 m,,"666,67 triệu/m²",,5,,,27 m,tp-ho-chi-minh,"Bán Nhà MT Ngô Văn Năm P,Bến Nghé, Q1-DT 6,2x27=168m2 Giá 110 Tỷ TL",,"Đường Ngô Văn Năm, Phường Bến Nghé, Quận 1, Tp Hồ Chí MinhXem bản đồ",
200 m²,4 phòng,,,"Nhà mặt phố, mặt tiền",,,"1,175 tỷ/m²",,,,,,tp-ho-chi-minh,"Tòa nhà MTNam Kỳ Khởi Nghĩa Q1 DT:8,2x25m 2 Hầm 6 lầu Giá 235 Tỷ có TL",,"Nguyễn Thái Bình, Phường Nguyễn Thái Bình, Quận 1, Tp Hồ Chí MinhXem bản đồ",
203 m²,5 phòng,,,"Nhà mặt phố, mặt tiền",,,"418,72 triệu/m²",,,,,,tp-ho-chi-minh,"Mặt tiền đường Cộng Hòa P13 Q.Tân Bình 8.6mx26m hầm 7 lầu, giá 85 tỷ,",,"Cộng Hòa, Phường 13, Quận Tân Bình, Tp Hồ Chí MinhXem bản đồ",
95 m²,10 phòng,Nhiều hơn 6 phòng,Đã có sổ,"Nhà mặt phố, mặt tiền",,,"92,63 triệu/m²",Tây Nam,7,,,,tp-ho-chi-minh,nhà mặt tiền Tây Sơn ngộp bank dt 5.4*17.5 nhà 7tầng giá 8ty8 TL,,"Đường Tây Sơn, Phường Tân Quý, Quận Tân Phú, Tp Hồ Chí MinhXem bản đồ",
40 m²,3 phòng,3 phòng,Đã có sổ,"Nhà mặt phố, mặt tiền",,,250 triệu/m²,,4,,Nội thất cao cấp,,tp-ho-chi-minh,MT VĨNH VIỄN QUẬN 10 NGANG 5.5M. 4 TẦNG. HDT: 30TR/TH. GIÁ CHỈ 10 TỶ,,"vĩnh viễn, Phường 2, Quận 10, Tp Hồ Chí MinhXem bản đồ",
55 m²,4 phòng,5 phòng,Đã có sổ,"Nhà ngõ, hẻm",,,"145,45 triệu/m²",Tây Bắc,4,,,,tp-ho-chi-minh,"Bán Nhà Ngang 5.5M, Hẻm 6M Có Lề- Full Nội Thất",,"Hẻm 148 Đường số 59, Phường 14, Quận Gò Vấp, Tp Hồ Chí MinhXem bản đồ",
55 m²,3 phòng,3 phòng,Đã có sổ,"Nhà ngõ, hẻm",,,"90,73 triệu/m²",Tây,4,,,,tp-ho-chi-minh,Nhà Hồ Văn Long - Bình Hưng Hòa B - Chính Chủ,,"Hồ Văn Long, Phường Bình Hưng Hoà B, Quận Bình Tân, Tp Hồ Chí MinhXem bản đồ",
9 m²,2 phòng,2 phòng,Đã có sổ,"Nhà ngõ, hẻm",,,"155,56 triệu/m²",,2,,Nội thất đầy đủ,,tp-ho-chi-minh,"hẻm ba gác Phan Văn Trị Gò Vấp DTSD 17m2,1 tỷ4",,"Phan Văn Trị, Phường 10, Quận Gò Vấp, Tp Hồ Chí MinhXem bản đồ",
97.3 m²,4 phòng,5 phòng,Đã có sổ,Nhà biệt thự,,,"100,72 triệu/m²",Tây Bắc,4,,,,tp-ho-chi-minh,"BÁN BIỆT THỰ CAO CẤP, 4 LẦU, 4 PN , TỆN ÍCH HXH",,"Tân Chánh Hiệp 16, Phường Tân Chánh Hiệp, Quận 12, Tp Hồ Chí MinhXem bản đồ",
27 m²,2 phòng,2 phòng,,"Nhà ngõ, hẻm",4 m,,100 triệu/m²,,2,,,7 m,tp-ho-chi-minh,Cần bán nhà hẻm Trần Văn Quang P10 TB giá 2.7 tỷ hẻm gần 4M rộng đẹp,,"Trần Văn Quang, Phường 10, Quận Tân Bình, Tp Hồ Chí MinhXem bản đồ",
38 m²,2 phòng,2 phòng,,"Nhà ngõ, hẻm",3.85 m,,100 triệu/m²,,4,,,10.6 m,tp-ho-chi-minh,"Chỉ với 3,8 tỷ TL sở hữu ngay NNC Lý Tuệ Q.Tân Phú, 2 tầng,nhà mới 90%",,"Lý Tuệ, Phường Tân Quý, Quận Tân Phú, Tp Hồ Chí MinhXem bản đồ",
50 m²,2 phòng,2 phòng,Đã có sổ,"Nhà ngõ, hẻm",,,74 triệu/m²,,2,,Nội thất cao cấp,,tp-ho-chi-minh,Chủ Vỡ Nợ Bán Gấp Nhà Nguyễn Thiện Thuật 2Tầng 2Pn2Wc 50m2/3.7 Tỷ,,"Nguyễn Thiện Thuật, Phường 2, Quận 3, Tp Hồ Chí MinhXem bản đồ",
36 m²,3 phòng,3 phòng,Đã có sổ,"Nhà ngõ, hẻm",,,"106,94 triệu/m²",,3,,Nội thất cao cấp,,tp-ho-chi-minh,"Nhà Gò Vấp Trệt 2 lầu ST, 3PN, 3wc, Giá 3.85 tỷ. để lại nội thất",,"Đường Nguyễn Văn Nghi, Phường 5, Quận Gò Vấp, Tp Hồ Chí MinhXem bản đồ",
40 m²,4 phòng,,Đã có sổ,Nhà biệt thự,,160 m²,145 triệu/m²,,,,,,tp-ho-chi-minh,"SIÊU PHẨM BÁN GẤP CHO CON ĐI DU HỌC CHỈ 5,8TỶ",,"PHAN CHU TRINH, Phường 24, Quận Bình Thạnh, Tp Hồ Chí MinhXem bản đồ",
90 m²,2 phòng,,Đã có sổ,"Nhà mặt phố, mặt tiền",4.5 m,,"62,22 triệu/m²",,,,,20 m,tp-ho-chi-minh,Chính chủ 3 MT 4.5x20m 90m2 LG12M xe tải TTN1B,,"Tân Thới Nhất 1B, Phường Tân Thới Nhất, Quận 12, Tp Hồ Chí MinhXem bản đồ",
40 m²,2 phòng,2 phòng,Giấy tờ khác,"Nhà mặt phố, mặt tiền",,,"38,75 triệu/m²",,2,,Nội thất đầy đủ,,tp-ho-chi-minh,Nhà 1T. 1L. 2 mặt tiền. Bùi Công Trừng. ĐT. HocMon,,"Đường Bùi Công Trừng, Xã Đông Thạnh, Huyện Hóc Môn, Tp Hồ Chí MinhXem bản đồ",
74 m²,4 phòng,4 phòng,Đã có sổ,"Nhà mặt phố, mặt tiền",,,"87,7 triệu/m²",,4,,Nội thất cao cấp,,tp-ho-chi-minh,"MẶT TIỀN KINH DOANH NHÁNH LÊ VĂN KHƯƠNG QUẬN 12, 73M2, 4 TẦNG, Ở NGAY.",,"Lê Văn Khương, Phường Hiệp Thành, Quận 12, Tp Hồ Chí MinhXem bản đồ",
75 m²,2 phòng,,,"Nhà mặt phố, mặt tiền",5 m,,"118,53 triệu/m²",,,Hẻm xe hơi,,15 m,tp-ho-chi-minh,Bán nhà c4 hẻm xe hơi tương lai ra mặt tiền đường Lê Quang Định 5x15m,,"Lê Quang Định, Phường 11, Quận Bình Thạnh, Tp Hồ Chí MinhXem bản đồ",
110 m²,3 phòng,,,"Nhà mặt phố, mặt tiền",,,"80,91 triệu/m²",,,,,,tp-ho-chi-minh,"Nhà mặt tiền đường số Phường Tân Quy, DT đẹp 5.5 x 20m, giá chỉ 8.9 tỷ",,"Đường Số, Phường Tân Quy, Quận 7, Tp Hồ Chí MinhXem bản đồ",
82 m²,3 phòng,,,"Nhà mặt phố, mặt tiền",,,"81,71 triệu/m²",,,,,,tp-ho-chi-minh,"Nhà mặt tiền đường số 2 P Tân Quy Q7, DT đẹp 5.4m x 15m, chỉ #6tỷ 700",,"Đường Số 2, Phường Tân Quy, Quận 7, Tp Hồ Chí MinhXem bản đồ",
56 m²,3 phòng,3 phòng,Đã có sổ,"Nhà ngõ, hẻm",,,"47,32 triệu/m²",,3,,Nội thất đầy đủ,,tp-ho-chi-minh,"Kẹt tiền cần bán gấp nhà đường Trần Văn Quang, Tân Bình. Giá chỉ 2tỷ x",," Trần Văn Quang, Phường 10, Quận Tân Bình, Tp Hồ Chí MinhXem bản đồ",
67.4 m²,3 phòng,2 phòng,Đã có sổ,"Nhà ngõ, hẻm",,,"59,35 triệu/m²",Đông Bắc,1,,,,tp-ho-chi-minh,bán nhà đường âu cơ tân bình 5x10m giá 4 tỷ,,"âu cơ, Phường 15, Quận Tân Bình, Tp Hồ Chí MinhXem bản đồ",
50 m²,2 phòng,3 phòng,Đã có sổ,"Nhà mặt phố, mặt tiền",3.5 m,,40 triệu/m²,,,,Nội thất đầy đủ,,tp-ho-chi-minh,Bán nhà bình tân 50m2 giá 2 tỷ.sổ hồng riêng,,"Số 6, Phường Tân Tạo, Quận Bình Tân, Tp Hồ Chí MinhXem bản đồ",
46 m²,2 phòng,2 phòng,Đã có sổ,,,,"91,3 triệu/m²",Bắc,2,,,,tp-ho-chi-minh,"🏡Bán nhà mặt tiền hẻm 793 Khu Kiều Đàm,p Tân Hưng quận 7",,"79, TRần Xuân Soạn, Phường Tân Hưng, Quận 7, Tp Hồ Chí MinhXem bản đồ",
16 m²,2 phòng,1 phòng,Giấy tờ khác,"Nhà ngõ, hẻm",5.5 m,,"36,88 triệu/m²",,,,Nhà trống,,tp-ho-chi-minh,CHÍNH CHỦ CẦN BÁN NHÀ NHỎ XINH SAU LƯNG BẾN XE NGÃ TƯ GA GIÁ 590TR,,"Hà Huy Giáp, Phường Thạnh Lộc, Quận 12, Tp Hồ Chí MinhXem bản đồ",
50 m²,2 phòng,2 phòng,Đã có sổ,"Nhà ngõ, hẻm",4 m,,86 triệu/m²,,1,,,,tp-ho-chi-minh,Bán nhà 1 trệt 1 lầu thuộc 1 sẹc sông vàm thuật vườn lài,,"Hẻm 140 Đường Vườn Lài, Phường An Phú Đông, Quận 12, Tp Hồ Chí MinhXem bản đồ",
60 m²,3 phòng,2 phòng,Đã có sổ,"Nhà ngõ, hẻm",,,75 triệu/m²,Nam,2,,,,tp-ho-chi-minh,"5 x 12 Trệt + Lầu Bình Trị Đông 4,5 tỷ Thương Lượng",,"1/ hẻm 6m thông , Đường Bình Trị Đông, Phường Bình Trị Đông, Quận Bình Tân, Tp Hồ Chí MinhXem bản đồ",
28 m²,2 phòng,1 phòng,Đã có sổ,"Nhà ngõ, hẻm",,,"60,71 triệu/m²",,1,,Nhà trống,,tp-ho-chi-minh,nhà 1 lầu Nở hậu có cửa sau,,"An Dương Vương , Phường 16, Quận 8, Tp Hồ Chí MinhXem bản đồ",
48 m²,3 phòng,3 phòng,Đã có sổ,"Nhà ngõ, hẻm",,,"82,29 triệu/m²",,3,,Nội thất đầy đủ,,tp-ho-chi-minh,Chợ Nguyễn Sơn_DT 6 x 8 Trệt 2 Lầu đẹp Hẻm thoáng_3 Tỷ 5 hơn,,"Phú Thọ Hoà, Phường Phú Thọ Hòa, Quận Tân Phú, Tp Hồ Chí MinhXem bản đồ",
56 m²,2 phòng,2 phòng,Đã có sổ,"Nhà ngõ, hẻm",4 m,,"91,07 triệu/m²",,,,,14 m,tp-ho-chi-minh,HẺM NHỰA 5M THÔNG THOẠI NGỌC HẦU(4X14M) GIÁ 5.1 TỶ GẦN NGUYỄN SƠN,,"Đường Thoại Ngọc Hầu, Phường Phú Thạnh, Quận Tân Phú, Tp Hồ Chí MinhXem bản đồ",
63 m²,4 phòng,5 phòng,Đã có sổ,"Nhà mặt phố, mặt tiền",,,"88,89 triệu/m²",Tây Nam,,,,,tp-ho-chi-minh,"bán nhà p phú hữu Q9 3 lầu hướng Tây Nam sổ hồng 5,6 tỷ",,"Gò Cát, Phường Phú Hữu (Quận 9 cũ), Thành phố Thủ Đức, Tp Hồ Chí MinhXem bản đồ",
210 m²,1 phòng,1 phòng,Đã có sổ,"Nhà ngõ, hẻm",,,"80,95 triệu/m²",Tây Nam,,,Bàn giao thô,,tp-ho-chi-minh,đất đường Đặng Thuỳ Trâm - Bình Lợi p13 Bình Thạnh 11x20 -210m2,,"Đường Đặng Thùy Trâm, Phường 13, Quận Bình Thạnh, Tp Hồ Chí MinhXem bản đồ",
36 m²,3 phòng,2 phòng,Đã có sổ,"Nhà ngõ, hẻm",,,55 triệu/m²,,2,,Nội thất đầy đủ,,tp-ho-chi-minh,"☘️BÁN NHÀ 2 LẦU GIÁ 1,980 Tỷ HUỲNH TẤN PHÁT NHÀ BÈ",,"Huỳnh Tấn Phát, Xã Phú Xuân, Huyện Nhà Bè, Tp Hồ Chí MinhXem bản đồ",
350 m²,nhiều hơn 10 phòng,Nhiều hơn 6 phòng,Đã có sổ,"Nhà mặt phố, mặt tiền",,,"194,29 triệu/m²",,7,,Nội thất cao cấp,,tp-ho-chi-minh,GIA ĐÌNH ĐI ĐỊNH CƯ NƯỚC NGOÀI CẦN BÁN GẤP CHDV DÒNG TIỀN ỔN ĐỊNH,,"Đường 53, Phường Tân Quy, Quận 7, Tp Hồ Chí MinhXem bản đồ",
90 m²,4 phòng,3 phòng,,"Nhà ngõ, hẻm",,,"143,33 triệu/m²",,,,,,tp-ho-chi-minh,"Bán nhà ngay đường Thành Thái – Cư Xá Đồng Tiến, 90m2, 12.9 Tỷ TL.",,"Thành Thái, Phường 14, Quận 10, Tp Hồ Chí MinhXem bản đồ",
26 m²,2 phòng,3 phòng,Đã có sổ,"Nhà ngõ, hẻm",,,"153,85 triệu/m²",,3,,Nhà trống,,tp-ho-chi-minh,"Vip.! Nhà Nguyễn Tri Phương Q.10, 2 Lầu.!",,"Nguyễn Tri Phương, Phường 9, Quận 10, Tp Hồ Chí MinhXem bản đồ",
76 m²,4 phòng,3 phòng,,"Nhà ngõ, hẻm",4.2 m,,"108,55 triệu/m²",Tây Nam,3,,,,tp-ho-chi-minh,"Nhà 1T2L 4,2 x 18 hẻm 8m Nguyễn Văn Khối, không lộ giới",,"Đường Nguyễn Văn Khối, Phường 9, Quận Gò Vấp, Tp Hồ Chí MinhXem bản đồ",
60 m²,2 phòng,2 phòng,,"Nhà mặt phố, mặt tiền",9.6998 m,120 m²,105 triệu/m²,,,,,6 m,tp-ho-chi-minh,"NHÀ GÓC 2 MẶT TIỀN KINH DOANH PHAN ANH, LÔ GÓC 9M7 X 6M CÔNG NHẬN ĐỦ",,"Đường Phan Anh, Phường Tân Thới Hòa, Quận Tân Phú, Tp Hồ Chí MinhXem bản đồ",
65 m²,2 phòng,2 phòng,Đã có sổ,"Nhà ngõ, hẻm",,,"59,23 triệu/m²",,2,,Nội thất đầy đủ,,tp-ho-chi-minh,NHÀ ĐẸP Q7 - 65m2- NGAY MT HẺM - 4x16- KO QH-CHỈ 3.85ty,,"Đường Chuyên Dùng Chính, Phường Phú Mỹ, Quận 7, Tp Hồ Chí MinhXem bản đồ",
84 m²,10 phòng,Nhiều hơn 6 phòng,Đã có sổ,"Nhà ngõ, hẻm",4 m,,"79,17 triệu/m²",,,,,21 m,tp-ho-chi-minh,"Bán nhà trọ đường Hương Lộ 2, 4 tấm,10p,6ty650",,"Hương Lộ 2, Phường Bình Trị Đông, Quận Bình Tân, Tp Hồ Chí MinhXem bản đồ",
45 m²,2 phòng,1 phòng,Đã có sổ,"Nhà ngõ, hẻm",,,50 triệu/m²,,2,,Nhà trống,,tp-ho-chi-minh,Nhà cấp 4.+ngang 4mx9m+2 phòng ngủ+đường tam đông tam thôn.,,"Tam Đông, Xã Thới Tam Thôn, Huyện Hóc Môn, Tp Hồ Chí MinhXem bản đồ",
80 m²,2 phòng,2 phòng,Đã có sổ,"Nhà mặt phố, mặt tiền",,,"162,5 triệu/m²",,2,,Nội thất đầy đủ,,tp-ho-chi-minh,Cực Sốc hơn 13 tỷ có nhà MT sát Nguyễn Hữu Cảnh - 4 x 19m - XD 6 tầng.,,"Ngô Tất Tố, Phường 22, Quận Bình Thạnh, Tp Hồ Chí MinhXem bản đồ",
68 m²,4 phòng,5 phòng,Đã có sổ,"Nhà ngõ, hẻm",,,"120,59 triệu/m²",,5,,Nội thất cao cấp,,tp-ho-chi-minh,⭕️ NHÀ ĐẸP KHU PHÂN LÔ ĐỒNG BỘ 100 CĂN SANG TRỌNG Ô TÔ ĐỖ CỬA,,"68, Đường Phan Huy Ích, Phường 12, Quận Gò Vấp, Tp Hồ Chí MinhXem bản đồ",
160 m²,nhiều hơn 10 phòng,,,"Nhà ngõ, hẻm",,,"146,88 triệu/m²",,,,,,tp-ho-chi-minh,"Bán Căn hộ 20p HẺM 6M sát MT Bạch Đằng (8X20) P24_Bthạnh, HĐT: 65tr/th",,"Bạch Đằng, Phường 24, Quận Bình Thạnh, Tp Hồ Chí MinhXem bản đồ",
55 m²,2 phòng,2 phòng,Đã có sổ,"Nhà ngõ, hẻm",,,"74,36 triệu/m²",Đông Bắc,2,,,,tp-ho-chi-minh,"Nhỉn 4.T.Ỉ, Nhà Hàng Xanh Giáp Q1, 2 Tầng, Ngang 4.5m",,"Xô Viết Nghệ Tĩnh, Phường 21, Quận Bình Thạnh, Tp Hồ Chí MinhXem bản đồ",
60 m²,4 phòng,5 phòng,Đã có sổ,"Nhà ngõ, hẻm",,,115 triệu/m²,Đông Nam,,,Nội thất cao cấp,,tp-ho-chi-minh,"Nhà HXH P8,Q. Gò Vấp 60m2 4PN+5WC nội thất cao cấp giá 6 tỷ 900tr",,"Đường Quang Trung, Phường 8, Quận Gò Vấp, Tp Hồ Chí MinhXem bản đồ",
67 m²,5 phòng,,,"Nhà ngõ, hẻm",5 m,230 m²,"85,07 triệu/m²",,4,,,14 m,tp-ho-chi-minh,Bán nhà 5tấm 5x14 Lê Văn Quới - Đất Mới hẻm xe hơi tiện ở + kịnh doanh,,"lê văn quới, Phường Bình Trị Đông, Quận Bình Tân, Tp Hồ Chí MinhXem bản đồ",
17.5 m²,1 phòng,1 phòng,Giấy tờ khác,"Nhà ngõ, hẻm",3.5 m,,"31,43 triệu/m²",,,,Nhà trống,,tp-ho-chi-minh,Bán nhà hẻm 103/ 122 Nguyễn thị thập quận 7,,"Đường Nguyễn Thị Thập, Phường Tân Phú, Quận 7, Tp Hồ Chí MinhXem bản đồ",
49.2 m²,3 phòng,4 phòng,Đã có sổ,"Nhà ngõ, hẻm",,,"99,59 triệu/m²",Tây Nam,3,,,,tp-ho-chi-minh,[HIẾM] GIẢM MẠNH 500TRIỆU NHÀ ĐẸP 3 TẦNG HẺM OTO LÃ XUÂN OAI,,"Đường Lã Xuân Oai, Phường Tăng Nhơn Phú A (Quận 9 cũ), Thành phố Thủ Đức, Tp Hồ Chí MinhXem bản đồ",
36 m²,2 phòng,,Đã có sổ,"Nhà ngõ, hẻm",4.5 m,,"90,28 triệu/m²",,2,,,8 m,tp-ho-chi-minh,Tôi bán nhà quận 10 hẻm Ngô Gia Tự 2 tầng 36m chỉ 3.25 tỷ,,"Ngô Gia Tự, Phường 9, Quận 10, Tp Hồ Chí MinhXem bản đồ",
107.3 m²,2 phòng,,Đã có sổ,"Nhà ngõ, hẻm",,,"44,73 triệu/m²",,1,,,,tp-ho-chi-minh,"🌸Bán nhà chính chủ một đời, Htp, phường Tân Phú, q7 Diện tích: 107,3 m",,"Huỳnh Tấn Phát, Phường Tân Phú, Quận 7, Tp Hồ Chí MinhXem bản đồ",
36 m²,2 phòng,2 phòng,Đã có sổ,"Nhà ngõ, hẻm",,,"80,53 triệu/m²",,2,,Nội thất đầy đủ,,tp-ho-chi-minh,Bán nhà Đỗ Xuân Hợp - Phước Bình - 36M2 - Nhà 2 Tầng - Hẻm Xe Hơi,,"Đường Đỗ Xuân Hợp, Phường Phước Bình (Quận 9 cũ), Thành phố Thủ Đức, Tp Hồ Chí MinhXem bản đồ",
79 m²,2 phòng,1 phòng,Đã có sổ,"Nhà ngõ, hẻm",,,"107,47 triệu/m²",Tây Nam,1,,,,tp-ho-chi-minh,"NHÀ CẤP 4 ĐƯỜNG HỮU NGHỊ P.BÌNH THỌ 93,6M2 NGANG 5,3M HẺM XE TẢI",,"Hữu Nghị, Phường Bình Thọ (Quận Thủ Đức cũ), Thành phố Thủ Đức, Tp Hồ Chí MinhXem bản đồ",
48 m²,4 phòng,3 phòng,Đã có sổ,"Nhà ngõ, hẻm",,,"93,75 triệu/m²",,4,,,,tp-ho-chi-minh,CHỈ HƠN 4 TỶ NHÀ 4 TẦNG - NGUYỄN MINH CHÂU TÂN PHÚ - 4 x 12 - 4 PNGỦ.,,"Nguyễn Minh Châu, Phường Phú Trung, Quận Tân Phú, Tp Hồ Chí MinhXem bản đồ",
80 m²,4 phòng,5 phòng,Đã có sổ,"Nhà mặt phố, mặt tiền",,,"121,25 triệu/m²",,55,,Nội thất cao cấp,,tp-ho-chi-minh,"BÁN NHÀ ĐƯỜNG 55 KHU TÊN LỬA 5X16, 5 TÀNG - CHỈ 9.7 TỶ",,"Đường số 55, Phường Tân Tạo, Quận Bình Tân, Tp Hồ Chí MinhXem bản đồ",
62 m²,4 phòng,4 phòng,Đã có sổ,"Nhà mặt phố, mặt tiền",4 m,,"98,39 triệu/m²",,4,,,,tp-ho-chi-minh,"LỖ 1.5 TỶ BÁN GẤP CĂN GÓC KHU ĐỒNG BỘ MT QL13, SỔ RIÊNG, GIÁ QUÁ TỐT",,"Quốc lộ 13, Phường Hiệp Bình Phước (Quận Thủ Đức cũ), Thành phố Thủ Đức, Tp Hồ Chí MinhXem bản đồ",
95 m²,2 phòng,2 phòng,Đã có sổ,"Nhà ngõ, hẻm",,,"58,95 triệu/m²",,1,,Nội thất đầy đủ,,tp-ho-chi-minh,"Bán Nhà Cấp 4 Mặt Tiền Vành Đai 2 - Chợ Thủ Đức - 95M2 - Chỉ 5,x Tỷ",,"40, Phường Linh Đông (Quận Thủ Đức cũ), Thành phố Thủ Đức, Tp Hồ Chí MinhXem bản đồ",
84 m²,6 phòng,,,"Nhà mặt phố, mặt tiền",6 m,,"190,48 triệu/m²",,3,,,14 m,tp-ho-chi-minh,"Nhà MTNB Cư Xá Đô Thành - Nguyễn Đình Chiểu, Q.3 - 4 tầng mới đẹp",,"Đường sô, Phường 4, Quận 3, Tp Hồ Chí MinhXem bản đồ",
32 m²,4 phòng,,Đã có sổ,"Nhà ngõ, hẻm",3.5 m,,"85,31 triệu/m²",,3,,,9 m,tp-ho-chi-minh,"Nhà 3 lầu , sân thượng , dt 3,5x9m , SHR , Hẻm xe hơi Nguyễn Thị Tú",,"Đường Nguyễn Thị Tú, Phường Bình Hưng Hoà B, Quận Bình Tân, Tp Hồ Chí MinhXem bản đồ",
90 m²,5 phòng,5 phòng,,"Nhà mặt phố, mặt tiền",5 m,,"183,33 triệu/m²",,4,,,18 m,tp-ho-chi-minh,Nhà MT đường D1 rộng 20 m p phú mỷ q7,,"Đường D 1, Phường Phú Mỹ, Quận 7, Tp Hồ Chí MinhXem bản đồ",
30 m²,2 phòng,2 phòng,Đã có sổ,"Nhà ngõ, hẻm",3.4 m,,"118,33 triệu/m²",,2,,,,tp-ho-chi-minh,Nhỉnh 3 Tỷ nhà Mới Đẹp HXH LT 30m2 2 Tầng Full Nội Thất chợ Xóm Mới,,"Phạm Văn Chiêu, Phường 16, Quận Gò Vấp, Tp Hồ Chí MinhXem bản đồ",
160 m²,2 phòng,3 phòng,Đã có sổ,"Nhà mặt phố, mặt tiền",7.5 m,,"62,5 triệu/m²",Tây,,,,,tp-ho-chi-minh,✅GÓC NGANG( 7.5x21)XÂY BIỆT THỰ KHU NB GÒ DẦU GIÁ 10 TỶ,,"Đường Gò Dầu, Phường Tân Quý, Quận Tân Phú, Tp Hồ Chí MinhXem bản đồ",
72 m²,2 phòng,,,"Nhà ngõ, hẻm",4 m,,75 triệu/m²,,,Hẻm xe hơi,,18 m,tp-ho-chi-minh,"Nhà 2 tầng HXH Lê Đức Thọ, DT: 4m x 18m",,"Lê Đức Thọ, Phường 13, Quận Gò Vấp, Tp Hồ Chí MinhXem bản đồ",
80 m²,4 phòng,5 phòng,Đã có sổ,"Nhà mặt phố, mặt tiền",,,"173,75 triệu/m²",,4,,Nội thất đầy đủ,,tp-ho-chi-minh,"Nhà Mt Tên Lửa 4tầng 4*20 mới tinh chỉ 13,9tỷ",,"Đường Tên Lửa, Phường Bình Trị Đông B, Quận Bình Tân, Tp Hồ Chí MinhXem bản đồ",
