Diện tích đất:,Số phòng ngủ:,Số phòng vệ sinh:,Giấy tờ pháp lý:,Loại hình nhà ở:,Chiều ngang:,Diện tích sử dụng:,Giá/m2:,Hướng cửa chính:,Tổng số tầng:,Đặc điểm nhà/đất:,Tình trạng nội thất:,Chiều dài:,Location,Name,URL,District,Price
40 m²,nhiều hơn 10 phòng,Nhiều hơn 6 phòng,Đã có sổ,"Nhà ngõ, hẻm",4 m,,125 triệu/m²,,,,,10 m,ha-noi,"Nhà phố Thái hà ,mới đẹp lung linh lô góc,ở Sướng ,40 m- 5 tỷ",,"Tây Sơn, Phường Ngã Tư Sở, Quận Đống Đa, Hà NộiXem bản đồ",
85 m²,4 phòng,4 phòng,Đã có sổ,"Nhà mặt phố, mặt tiền",,,"170,59 triệu/m²",,5,,Nội thất đầy đủ,,ha-noi,Bán nhà mặt phố Việt Hưng 85m2 vị trí đẹp oto tránh đỗ 14.5 tỷ,,"Phố Việt Hưng, Phường Việt Hưng, Quận Long Biên, Hà NộiXem bản đồ",
47 m²,3 phòng,3 phòng,Đã có sổ,"Nhà ngõ, hẻm",,,"77,66 triệu/m²",,3,,Nhà trống,,ha-noi,"Có 1 0 2, chỉ nhỉnh 77 triệu /1m2, giá rẻ hơn đất ,47m2× 3 tầng,",,"Chợ Khâm Thiên, Phường Trung Phụng, Quận Đống Đa, Hà NộiXem bản đồ",
62 m²,6 phòng,,,"Nhà ngõ, hẻm",,,"217,74 triệu/m²",,7,,,,ha-noi,"BÁN GẤP NHÀ CẦU GIẤY 62M OTO, THANG MÁY GIÁ NHỈNH 13 TỶ",,"Cầu Giấy, Phường Nghĩa Tân, Quận Cầu Giấy, Hà NộiXem bản đồ",
28 m²,2 phòng,3 phòng,Đã có sổ,"Nhà mặt phố, mặt tiền",,55 m²,100 triệu/m²,,3,,,,ha-noi,"Bán nhà mặt ngõ 88 Giáp Nhị, ô tô đỗ cửa, sổ đỏ kinh doanh, 2,8 tỷ",,"Ngõ 88 Phố Giáp Nhị, Phường Thịnh Liệt, Quận Hoàng Mai, Hà NộiXem bản đồ",
25 m²,2 phòng,3 phòng,Đã có sổ,"Nhà mặt phố, mặt tiền",,,108 triệu/m²,,3,,Nội thất đầy đủ,,ha-noi,"Bán nhà mặt ngõ 1277 Giải Phóng, ô tô đỗ cửa kinh doanh, sổ đỏ, 2,7 tỷ",,"Ngõ 1277 Giải Phóng, Phường Hoàng Liệt, Quận Hoàng Mai, Hà NộiXem bản đồ",
35 m²,3 phòng,3 phòng,Đã có sổ,"Nhà ngõ, hẻm",,35 m²,"72,86 triệu/m²",,4,,,,ha-noi,BÁN CĂN SIÊU MẪU TẢ THANH OAI,,"Uỷ Ban Xã Thanh Oai, Xã Tả Thanh Oai, Huyện Thanh Trì, Hà NộiXem bản đồ",
800 m²,nhiều hơn 10 phòng,,Đã có sổ,"Nhà mặt phố, mặt tiền",25 m,,"31,25 triệu/m²",,3,Hẻm xe hơi,,,ha-noi,"Bán nhà xưởng 800m 3 tầng mặt tiền 12m tại KCN Từ Liêm, Trịnh Văn Bô",,"Phố Trịnh Văn Bô, Phường Phương Canh, Quận Nam Từ Liêm, Hà NộiXem bản đồ",
45 m²,5 phòng,,,"Nhà ngõ, hẻm",,,"136,67 triệu/m²",,6,,,,ha-noi,"ANH PHONG NHỜ BÁN HỘ NHÀ TÂY HÒI 45M FULL ĐỒ,THANG MÁY,GIÁ NHỈNH 6 TỶ",,"Lạc Long Quân, Phường Bưởi, Quận Tây Hồ, Hà NộiXem bản đồ",
40 m²,3 phòng,,Đã có sổ,"Nhà ngõ, hẻm",,40 m²,"148,75 triệu/m²",,5,,,,ha-noi,"Nóng bỏng tay! Cầu Giấy, ngõ to thông, ô tô đỗ cổng, 40m2*5T",,"Cầu giấy, Phường Quan Hoa, Quận Cầu Giấy, Hà NộiXem bản đồ",
88 m²,6 phòng,Nhiều hơn 6 phòng,Đã có sổ,"Nhà mặt phố, mặt tiền",6 m,,"431,82 triệu/m²",,5,,,,ha-noi,"BÁN GẤP NHÀ MP TRUNG KÍNH, 88M2×5 TẦNG, MT 5.5M, 38 TỶ",,"trung kính, Phường Trung Hoà, Quận Cầu Giấy, Hà NộiXem bản đồ",
46 m²,4 phòng,5 phòng,Đã có sổ,"Nhà ngõ, hẻm",,,200 triệu/m²,,7,,Nội thất cao cấp,,ha-noi,"NHÀ ĐẸP PHỐ PHÙNG CHÍ KIÊN 46M2, 7 TẦNG THANG MÁY, GARA 2 Ô TÔ",,"Phùng Chí Kiên, Phường Nghĩa Đô, Quận Cầu Giấy, Hà NộiXem bản đồ",
35 m²,2 phòng,2 phòng,Đã có sổ,"Nhà ngõ, hẻm",,,"51,43 triệu/m²",Tây Nam,3,,,,ha-noi,cực hiếm nhà 3 tầng tại Kim Chung - gia chỉ hơn 1 tỷ,,"Ngõ 71 Đường Kim Chung, Xã Kim Chung, Huyện Hoài Đức, Hà NộiXem bản đồ",
34 m²,3 phòng,4 phòng,Đã có sổ,"Nhà ngõ, hẻm",,,"117,65 triệu/m²",,5,,Nội thất cao cấp,,ha-noi,"4tỷ Nhà Mới Kim Mã,Ba Đình_34m2 5T Mặt Tiền Rộng,50m Phố,Ba Gác Đỗ cửa",,"Phố Kim Mã, Phường Kim Mã, Quận Ba Đình, Hà NộiXem bản đồ",
45 m²,4 phòng,4 phòng,Đã có sổ,"Nhà ngõ, hẻm",,,"192,22 triệu/m²",,6,,Nội thất đầy đủ,,ha-noi,"Chính chủ nhờ Bán Phân Lô Vĩnh Phúc, Ba Đình 6 tầng Thang máy, mới",,"Vĩnh Phúc, Phường Vĩnh Phúc, Quận Ba Đình, Hà NộiXem bản đồ",
65 m²,7 phòng,6 phòng,Đã có sổ,"Nhà mặt phố, mặt tiền",,,"352,31 triệu/m²",,7,,Nội thất đầy đủ,,ha-noi,Chính chủ Nhờ bán mặt Phố Nguyễn Đình Hoàn 65m2 x7 tầng giá 22.x tỷ,,"Nguyễn Đình Hoàn, Phường Nghĩa Đô, Quận Cầu Giấy, Hà NộiXem bản đồ",
50 m²,4 phòng,Nhiều hơn 6 phòng,,"Nhà ngõ, hẻm",5 m,350 m²,192 triệu/m²,,7,,,,ha-noi,"ô tô, kinh doanh, thang máy, Khương Đình, 50m 7 tầng MT 5m 9.6 tỷ",,"Khương Đình, Phường Khương Đình, Quận Thanh Xuân, Hà NộiXem bản đồ",
39 m²,3 phòng,5 phòng,Đã có sổ,"Nhà ngõ, hẻm",3.9 m,,"128,21 triệu/m²",,5,,,,ha-noi,"Bán nhà cách mặt phố 10m Triều khúc,Thanh Xuân 39m 5 tầng MT 3.9m 5 tỷ",,"Triều Khúc, Phường Thanh Xuân Bắc, Quận Thanh Xuân, Hà NộiXem bản đồ",
142.2 m²,4 phòng,4 phòng,,Nhà biệt thự,,,"169,9 triệu/m²",,4,,Bàn giao thô,,ha-noi,"Biệt thự Sao Biển Đông Nam, đường thông giá 24.16 tỷ tại Vin Gia Lâm",,"Sao Biển, Xã Dương Xá, Huyện Gia Lâm, Hà NộiXem bản đồ",
30 m²,2 phòng,3 phòng,Đã có sổ,"Nhà ngõ, hẻm",,,110 triệu/m²,,3,,Nhà trống,,ha-noi,Bán nhà đẹp ở luôn ngõ Trần Khát Chân,,"Trần Khát Chân, Phường Minh Khai, Quận Hai Bà Trưng, Hà NộiXem bản đồ",
254 m²,5 phòng,,Đã có sổ,Nhà biệt thự,12.5 m,,"169,29 triệu/m²",,5,,Nội thất đầy đủ,,ha-noi,"Biệt Thự trong Bán đảo Linh Đàm 254m mt12,5m 5tầng đẳng cấp,an sinh,KD",,"Phố Linh Đường, Phường Hoàng Liệt, Quận Hoàng Mai, Hà NộiXem bản đồ",
39 m²,4 phòng,3 phòng,Đã có sổ,"Nhà ngõ, hẻm",,,"102,56 triệu/m²",,5,,Nhà trống,,ha-noi,"Bán nhà mới Kim Giang sát Linh Làm, ô tô, Kinh doanh, VP tốt 39m2 * 5T",,"Kim Giang, Phường Đại Kim, Quận Hoàng Mai, Hà NộiXem bản đồ",
32 m²,3 phòng,4 phòng,Đã có sổ,"Nhà ngõ, hẻm",,,100 triệu/m²,,4,,Nội thất đầy đủ,,ha-noi,"BÁN NHÀ TRỊNH VĂN BÔ 32M2, 4 TẦNG, 10 Ô TÔ ĐỖ 3 TỶ 2",,"Phố Hòe Thị, Phường Phương Canh, Quận Nam Từ Liêm, Hà NộiXem bản đồ",
90 m²,4 phòng,,,Nhà phố liền kề,,,"155,56 triệu/m²",,,,,,ha-noi,💥 TRUNG TÂM BA ĐÌNH 90m2 x 4 TẦNG - CHỈ NHỈNH 14 TỶ. SIÊU PHẨM TT BA Đ,,"Đội Nhân, Phường Cống Vị, Quận Ba Đình, Hà NộiXem bản đồ",
39 m²,3 phòng,,Đã có sổ,"Nhà ngõ, hẻm",,,"115,38 triệu/m²",,4,Hẻm xe hơi,,,ha-noi,BÁN NHÀ VẠN PHÚC_LÔ GÓC_Ô TÔ VÀO NHÀ_NHÀ ĐẸP DÂN XÂY_DT39M_GIÁ 4.5 TỶ,,"Đường Vạn Phúc, Phường Vạn Phúc, Quận Hà Đông, Hà NộiXem bản đồ",
32 m²,3 phòng,,,"Nhà ngõ, hẻm",,,"160,94 triệu/m²",,,,,,ha-noi,"Mặt ngõ,kinh doanh nhỏ,phố QUAN NHÂN,THANH XUÂN,32m,5 tầng,giá 5,15 tỷ",,"Phố Quan Nhân, Phường Nhân Chính, Quận Thanh Xuân, Hà NộiXem bản đồ",
80 m²,4 phòng,3 phòng,Đã có sổ,"Nhà ngõ, hẻm",,,185 triệu/m²,,4,,Nội thất đầy đủ,,ha-noi,"ĐẸP QUÁ PHẠM NGỌC THẠCH - 2 mặt ngõ Ôtô tránh – KD đỉnh – Chỉ 14,8 tỷ",,"Phố Phạm Ngọc Thạch, Phường Trung Tự, Quận Đống Đa, Hà NộiXem bản đồ",
35 m²,3 phòng,,,"Nhà ngõ, hẻm",,,"78,57 triệu/m²",,,,,,ha-noi,"Cực gấp! Nhà Đại Mỗ, 50m oto, ngõ thông, gần chợ, 35m2*3T, chỉ 2.75 tỷ",,"Đường Đại Mỗ, Phường Đại Mỗ, Quận Nam Từ Liêm, Hà NộiXem bản đồ",
52 m²,4 phòng,4 phòng,Đã có sổ,"Nhà ngõ, hẻm",,,"107,69 triệu/m²",,5,,Nội thất cao cấp,,ha-noi,"BÁN NHÀ PHỐ KIM NGƯU , GÂN PHỐ LÒ ĐÚC 5 TẦNG 4 NGỦ RỘNG, Ở CỰC SƯỚNG",,"Phố Kim Ngưu, Phường Thanh Lương, Quận Hai Bà Trưng, Hà NộiXem bản đồ",
35.5 m²,4 phòng,,,"Nhà mặt phố, mặt tiền",,,"118,31 triệu/m²",,,,,,ha-noi,"Phố Đống Đa, 3 thoáng, ngõ thông, kinh doanh, 35.5m2*5T",,"Xã Đàn, Phường Hàng Bột, Quận Đống Đa, Hà NộiXem bản đồ",
35 m²,3 phòng,4 phòng,Đã có sổ,"Nhà ngõ, hẻm",,,"132,86 triệu/m²",,5,,Nội thất đầy đủ,,ha-noi,"Rẻ thật sự ! Bán nhà KVực Chùa Láng, 2 mặt thoáng, ở ngay, 35m*5T",,"Chùa Láng, Phường Láng Thượng, Quận Đống Đa, Hà NộiXem bản đồ",
35 m²,3 phòng,4 phòng,Đã có sổ,"Nhà ngõ, hẻm",,,"134,29 triệu/m²",,5,,Nội thất đầy đủ,,ha-noi,"Không thể kìm lòng ! Bán nhà Kvực Nguyễn Khang,mới đẹp,ở ngay, 35m2*5T",,"Nguyễn Khang, Phường Trung Hoà, Quận Cầu Giấy, Hà NộiXem bản đồ",
35 m²,3 phòng,2 phòng,Đã có sổ,"Nhà mặt phố, mặt tiền",,,"97,14 triệu/m²",,3,,Nội thất đầy đủ,,ha-noi,"Chính Chủ Cần Bán Nhà, Đường Ngô Quyền Hà Đông, Dt 35m2",,"Đường Ngô Quyền, Phường Quang Trung, Quận Hà Đông, Hà NộiXem bản đồ",
75 m²,4 phòng,,Đã có sổ,Nhà phố liền kề,5 m,,"185,33 triệu/m²",,,,Nội thất đầy đủ,,ha-noi,NHÀ SIÊU ĐẸP KHU ĐÔ THỊ VẠN PHÚC - HÀ ĐÔNG - Ô TÔ ĐỖ CỬA 75M2,,"VAN PHÚC HÀ ĐÔNG HÀ NỘI, Phường Vạn Phúc, Quận Hà Đông, Hà NộiXem bản đồ",
56 m²,2 phòng,2 phòng,Đã có sổ,"Nhà ngõ, hẻm",,,"86,61 triệu/m²",,2,,,,ha-noi,Gia Đình Tôi cần bán nhà mặt ngõ Thông Phong 56m2 x2 nhỉnh hơn 4 tỷ,,"Phố Tôn Đức Thắng, Phường Hàng Bột, Quận Đống Đa, Hà NộiXem bản đồ",
40 m²,4 phòng,,Đã có sổ,"Nhà mặt phố, mặt tiền",,,115 triệu/m²,,,Hẻm xe hơi,Nội thất cao cấp,,ha-noi,BÁN NHÀ CÙ CHÍNH LAN 40m2 5T 4.6 Tỷ PHÂN LÔ GARA OTO TRÁNH DÂN TRÍ CAO,,"Cù Chính Lan, Phường Khương Mai, Quận Thanh Xuân, Hà NộiXem bản đồ",
51 m²,4 phòng,2 phòng,Đã có sổ,"Nhà ngõ, hẻm",,,"133,33 triệu/m²",,4,,Nội thất đầy đủ,,ha-noi,Trung tâm giải trí khu vực Đống Đa 4 tầng 51m2,,"Phố Thái Hà, Phường Trung Liệt, Quận Đống Đa, Hà NộiXem bản đồ",
35 m²,3 phòng,3 phòng,Đã có sổ,"Nhà ngõ, hẻm",,,"81,43 triệu/m²",Tây Nam,4,,,,ha-noi,Bán nhà 4T*35m2.Gác lửng hiện đại.Taxi đậu cửa.Phú lương-HĐ-Nhỉnh 2 tỷ,,"undefined, Phường Phú Lương, Quận Hà Đông, Hà NộiXem bản đồ",
44 m²,5 phòng,3 phòng,Đã có sổ,"Nhà ngõ, hẻm",38 m,,"87,5 triệu/m²",,,,Nội thất đầy đủ,,ha-noi,Bán nhà ngõ 148 Xuân Phương,,"Ngõ 148 Đường Xuân Phương, Phường Xuân Phương, Quận Nam Từ Liêm, Hà NộiXem bản đồ",
35 m²,3 phòng,,Đã có sổ,"Nhà ngõ, hẻm",,,"91,43 triệu/m²",,3,,,,ha-noi,BÁN NHÀ NGÔ QUYỀN_QUANG TRUNG_HÀ ĐÔNG_GẦN ÔTÔ_GIÁ ĐẦU TƯ 3.2 TỶ_DT 35M,,"Đường Ngô Quyền, Phường Quang Trung, Quận Hà Đông, Hà NộiXem bản đồ",
46 m²,4 phòng,,Đã có sổ,"Nhà ngõ, hẻm",3.5 m,,"180,43 triệu/m²",,6,,,,ha-noi,"NHÀ CHIẾN THẮNG HÀ ĐÔNG, 46M, 6T, MT3,5M, GIÁ 8,3 TỶ",,"PHỐ CHIẾN THẮNG, Phường Văn Quán, Quận Hà Đông, Hà NộiXem bản đồ",
30 m²,4 phòng,4 phòng,Đã có sổ,"Nhà ngõ, hẻm",,,"106,67 triệu/m²",,5,,Nhà trống,,ha-noi,Nhà ngay bến xe Yên Nghĩa 30m2 xây 5 tầng ô tô vào giá 3.2 tỷ,,"Thanh Lãm , Phường Phú Lãm, Quận Hà Đông, Hà NộiXem bản đồ",
35 m²,4 phòng,,Đã có sổ,"Nhà mặt phố, mặt tiền",,,"142,86 triệu/m²",,,,,,ha-noi,"BÁN NHÀ ĐỐC NGỮ, Ô TÔ, KINH DOANH, 35Mx5T, MT4M, 5 TỶ",,"Đốc Ngữ, Phường Cống Vị, Quận Ba Đình, Hà NộiXem bản đồ",
35 m²,2 phòng,,,"Nhà mặt phố, mặt tiền",,,"22,86 triệu/m²",,,,,,ha-noi,"BÁN NHÀ ĐẠI MỖ, PLÔ ÔTÔ, FULL NỘI THẤT, 800 TRIỆU.",,"Đại Mỗ, Phường Đại Mỗ, Quận Nam Từ Liêm, Hà NộiXem bản đồ",
60 m²,4 phòng,3 phòng,Đã có sổ,"Nhà mặt phố, mặt tiền",,,80 triệu/m²,Đông Nam,5,,,,ha-noi,CHÍNH CHỦ CẦN BÁN GẤP NHÀ TT THANH TRÌ NGÕ NÔNG GẦN PHỐ 2 THOÁNG,,"Ngọc Hồi, Xã Tam Hiệp, Huyện Thanh Trì, Hà NộiXem bản đồ",
45 m²,3 phòng,4 phòng,Đã có sổ,"Nhà mặt phố, mặt tiền",,,"148,89 triệu/m²",Tây Nam,6,,,,ha-noi,CHÍNH CHỦ BÁN NHÀ KIM GIANG 6 TẦNG THANG MÁY GARA Ô TÔ HƠN 6 TỶ,,"Kim Giang, Phường Hoàng Liệt, Quận Hoàng Mai, Hà NộiXem bản đồ",
45 m²,4 phòng,3 phòng,,"Nhà ngõ, hẻm",,,"82,22 triệu/m²",Tây Nam,4,,Nội thất cao cấp,,ha-noi,"BÁN NHÀ LINH ĐÀM, 7 CHỖ ĐỖ CỬA, DIỆN TÍCH RỘNG, Ở SƯỚNG NHỈNH 3 TỶ",,"Bằng Liệt, Phường Hoàng Liệt, Quận Hoàng Mai, Hà NộiXem bản đồ",
90 m²,4 phòng,3 phòng,Đang chờ sổ,Nhà phố liền kề,,,"138,89 triệu/m²",Nam,4,,,,ha-noi,CHÍNH CHỦ BÁN NHÀ KĐT TÂY NAM LINH ĐÀM-LÔ GÓC-Ô TÔ-NỘI THẤT NHẬP KHẨU.,,"Bùi Quốc Khái, Phường Hoàng Liệt, Quận Hoàng Mai, Hà NộiXem bản đồ",
36 m²,3 phòng,4 phòng,,"Nhà ngõ, hẻm",,,125 triệu/m²,Đông,5,,Nội thất đầy đủ,,ha-noi,ROYAL CITY-THANH XUÂN- NGUYỄN TRÃI- NHÀ MỚI-LÔ GÓC-36M2- 4 TẦNG-4 TỶ,,"Đường Nguyễn Trãi, Phường Thanh Xuân Trung, Quận Thanh Xuân, Hà NộiXem bản đồ",
45 m²,4 phòng,4 phòng,Đã có sổ,"Nhà mặt phố, mặt tiền",,,"113,33 triệu/m²",,5,,Nội thất cao cấp,,ha-noi,NGÃ TƯ SỞ KHƯƠNG TRUNG THANH XUÂN 45m2 5 tầng mặt ngõ thông 5 tỷ 1 TL,,"Khương Trung, Phường Khương Trung, Quận Thanh Xuân, Hà NộiXem bản đồ",
30 m²,3 phòng,4 phòng,Đã có sổ,"Nhà ngõ, hẻm",,,90 triệu/m²,,4,,Nhà trống,,ha-noi,"Bán nhà 5T Thụy Phương, gần Hồ, gần ô tô, giá rẻ 2,7 tỷ",,"Đường Thụy Phương, Phường Thụy Phương, Quận Bắc Từ Liêm, Hà NộiXem bản đồ",
40 m²,4 phòng,4 phòng,Đã có sổ,"Nhà ngõ, hẻm",,,85 triệu/m²,,5,,Nhà trống,,ha-noi,"Bán nhà Thụy phương căn góc 2 mặt thoáng, 40m2, 4PN, gần ô tô, gần Hồ",,"Đường Thụy Phương, Đông Ngạc, Phường Đông Ngạc, Quận Bắc Từ Liêm, Hà NộiXem bản đồ",
28 m²,2 phòng,3 phòng,Đã có sổ,"Nhà ngõ, hẻm",,,"112,5 triệu/m²",,4,,Nội thất đầy đủ,,ha-noi,"tôi cần bán nhà Tây Sơn, Đống Đa, Lô Góc, oto đỗ cửa",,"Phố Tây Sơn, Phường Quang Trung, Quận Đống Đa, Hà NộiXem bản đồ",
96 m²,5 phòng,4 phòng,Đã có sổ,"Nhà mặt phố, mặt tiền",,300 m²,"213,54 triệu/m²",,3,,,,ha-noi,"Bán nhà tô vĩnh diện. Vỉa hè oto tránh. 3 mặt oto,96m 2x tỷ",,"Tô Vĩnh Diện, Phường Khương Đình, Quận Thanh Xuân, Hà NộiXem bản đồ",
35 m²,3 phòng,4 phòng,,"Nhà mặt phố, mặt tiền",,,"162,86 triệu/m²",,,,,,ha-noi,Bán nhà 5 tầng mặt phố cực đẹp kinh doanh và ở cực Vip Định Công Hạ,,"Định Công Thượng, Phường Định Công, Quận Hoàng Mai, Hà NộiXem bản đồ",
30.7999 m²,1 phòng,1 phòng,Đã có sổ,"Nhà ngõ, hẻm",319 m,,"92,53 triệu/m²",Đông Nam,,,,,ha-noi,"Cần bán nhà cấp 4 , ngõ 72/72 tân ấp ,ba đình, hà nội",,"Tân Ấp ,Ngõ 71/72 P,Phúc Xá ,Bà Đình Hn, Phường Phúc Xá, Quận Ba Đình, Hà NộiXem bản đồ",
60 m²,8 phòng,Nhiều hơn 6 phòng,Đã có sổ,"Nhà mặt phố, mặt tiền",,,280 triệu/m²,,9,,Nội thất cao cấp,,ha-noi,"[ Hiếm ] Hoàng Quốc Việt, Cầu Giấy - Phân Lô - KD - Đường 2 Ô Tô",,"Hoàng Quốc Việt, Phường Nghĩa Đô, Quận Cầu Giấy, Hà NộiXem bản đồ",
118 m²,nhiều hơn 10 phòng,Nhiều hơn 6 phòng,Đã có sổ,"Nhà mặt phố, mặt tiền",5.4 m,,"330,51 triệu/m²",,8,,,,ha-noi,"lô góc 3 thoáng 1 nhà ra mặt phố 118m2 mặt tiền 5,4M",,"Phố Hoàng Cầu, Phường Trung Liệt, Quận Đống Đa, Hà NộiXem bản đồ",
38 m²,7 phòng,,,"Nhà ngõ, hẻm",,38 m²,"114,47 triệu/m²",,,,,,ha-noi,"Giá Sập Sàn! Bán nhà Định Công Thượng, dòng tiền 350 triệu/năm, 4x tỷ",,"Định Công Thượng, Phường Khương Trung, Quận Thanh Xuân, Hà NộiXem bản đồ",
38 m²,7 phòng,,,"Nhà ngõ, hẻm",,38 m²,"114,47 triệu/m²",,,,,,ha-noi,"Bán nhà dòng tiền, CCMN, Thanh Xuân, 38m2, 7PN khép kín, Nhỉnh 4 tỷ",,"Định Công Thượng, Phường Khương Trung, Quận Thanh Xuân, Hà NộiXem bản đồ",
25 m²,3 phòng,,,"Nhà mặt phố, mặt tiền",,25 m²,238 triệu/m²,,,,,,ha-noi,MẶT PHỐ PHẠM HUY THÔNG - Ô TÔ TRÁNH - KINH DOANH MỌI LOẠI HÌNH,,"Phố Phạm Huy Thông, Phường Ngọc Khánh, Quận Ba Đình, Hà NộiXem bản đồ",
48.7 m²,5 phòng,,Đã có sổ,"Nhà mặt phố, mặt tiền",,,"75,98 triệu/m²",,4,Nở hậu,,,ha-noi,SIÊU PHẨM GẦN HỒ PHÚ DIỄN NGÕ NÔNG Ô TÔ ĐỖ CỔNG VÀI MÉT RA Ô TÔ TRÁNH,,"Đường Nguyễn Đạo An, Phường Phú Diễn, Quận Bắc Từ Liêm, Hà NộiXem bản đồ",
45 m²,3 phòng,3 phòng,Đã có sổ,"Nhà mặt phố, mặt tiền",,,"266,67 triệu/m²",,4,,Nội thất đầy đủ,,ha-noi,"Bán nhà Phân Lô Đầm Trấu, DT 45m x 4 tầng, mặt tiền 3.9m, gara ô tô",,"Đầm Trấu, Phường Bạch Đằng, Quận Hai Bà Trưng, Hà NộiXem bản đồ",
80 m²,4 phòng,Nhiều hơn 6 phòng,Đã có sổ,"Nhà mặt phố, mặt tiền",,,"437,5 triệu/m²",,8,,Nội thất cao cấp,,ha-noi,"Mặt phố Trần Bình 80m, 8 Tầng, MT 5m. Vỉa hè, Kinh doanh tốt. 35 Tỷ.",,"Trần Bình, Phường Mai Dịch, Quận Cầu Giấy, Hà NộiXem bản đồ",
35 m²,3 phòng,4 phòng,Đã có sổ,"Nhà ngõ, hẻm",,,"128,57 triệu/m²",,4,,,,ha-noi,"Bán Nhà Xuân Đỉnh DT 35m2 x 4,5 tầng, Mặt tiền 3.5, giá 4.5 x tỷ",,"Xuân Đỉnh, Phường Xuân Đỉnh, Quận Bắc Từ Liêm, Hà NộiXem bản đồ",
33 m²,4 phòng,,Đã có sổ,"Nhà ngõ, hẻm",,,"106,06 triệu/m²",,5,,,,ha-noi,"Nhà Đẹp Đông Ngạc! Ở sướng - Sát phố -DT 33mx 5 tầng - mt 3.8, giá 3xt",,"Phố Nhật Tảo, Phường Đông Ngạc, Quận Bắc Từ Liêm, Hà NộiXem bản đồ",
22 m²,3 phòng,3 phòng,Giấy tờ khác,"Nhà ngõ, hẻm",,,"84,09 triệu/m²",,4,,Nhà trống,,ha-noi,"Bán nhà Tân Mai 22m² x 4 tầng, 03 ngủ rộng, giá bán 1.850 tỷ",,"Ngõ 147, Tân Mai, Phường Tân Mai, Quận Hoàng Mai, Hà NộiXem bản đồ",
35 m²,4 phòng,3 phòng,Đã có sổ,"Nhà ngõ, hẻm",,,"117,14 triệu/m²",,6,,,,ha-noi,Cần Bán Nhà Mặt Ngõ Phố Trần Quý Cáp 35m2 X6 Tầng Nhà Đẹp Hơn 4 tỷ.,,"Trần Quý Cáp, Phường Quốc Tử Giám, Quận Đống Đa, Hà NộiXem bản đồ",
40 m²,4 phòng,3 phòng,Đã có sổ,"Nhà ngõ, hẻm",,,100 triệu/m²,,4,,Nội thất đầy đủ,,ha-noi,"Bán gấp nhà Nguyễn Lân, Thanh Xuân, 42m2x4T, 4 ngủ, ở ngay, chỉ 4 tỷ.",,"Nguyễn Lân, Phường Phương Liệt, Quận Thanh Xuân, Hà NộiXem bản đồ",
135 m²,6 phòng,6 phòng,Đã có sổ,"Nhà mặt phố, mặt tiền",,,"296,3 triệu/m²",,9,,Nội thất cao cấp,,ha-noi,"Nhà phố Bạch Mai, Hai Bà Trưng,135m2x9T thang máy xịn,KD sầm uất,40 tỷ",,"Bạch Mai, Phường Bạch Mai, Quận Hai Bà Trưng, Hà NộiXem bản đồ",
45 m²,6 phòng,4 phòng,Đã có sổ,Nhà phố liền kề,,,140 triệu/m²,,5,,Nội thất đầy đủ,,ha-noi,BÁN NHÀ CẦU GIẤY- 45M2-5 TẦNG- NHỈNH 6 TỶ- NHÀ MỚI- GẦN PHỐ- NGÕ RỘNG,,"Yên Hoà, Phường Yên Hoà, Quận Cầu Giấy, Hà NộiXem bản đồ",
75 m²,5 phòng,5 phòng,Đã có sổ,"Nhà ngõ, hẻm",,,280 triệu/m²,,6,,Nội thất cao cấp,,ha-noi,Bán Nhà Khu 72Ha-Gara 2 Ô tô-Thang Máy-Khu Phân Lô Dân Trí Cao,,"Ngõ 6 Vĩnh Phúc, Phường Vĩnh Phúc, Quận Ba Đình, Hà NộiXem bản đồ",
42 m²,4 phòng,5 phòng,Đã có sổ,"Nhà ngõ, hẻm",,,"176,19 triệu/m²",,5,,Nội thất cao cấp,,ha-noi,"GIẢM 500TR ! Nhà Quan Nhân, ôtô đỗ cửa, 2 thoáng, 42m chỉ có 7.4 tỷ.",,"Quan Nhân, Phường Nhân Chính, Quận Thanh Xuân, Hà NộiXem bản đồ",
42 m²,4 phòng,4 phòng,Đã có sổ,"Nhà mặt phố, mặt tiền",4.5 m,,"176,19 triệu/m²",,,,,9.3 m,ha-noi,"GIẢM 500TR ! Nhà phố Quan Nhân, ô tô đỗ cửa, 2 mặt thoáng mát, vị trí",,"Quan Nhân, Phường Nhân Chính, Quận Thanh Xuân, Hà NộiXem bản đồ",
36 m²,3 phòng,,Đã có sổ,"Nhà ngõ, hẻm",3.7 m,,"120,83 triệu/m²",,4,,Nội thất đầy đủ,,ha-noi,"Nhỉnh 4 tỷ nhà Lê Văn Lương, ngõ rộng, gần phố, thoáng đẹp 36m*4T",,"Lê Văn Lương, Phường Trung Hoà, Quận Cầu Giấy, Hà NộiXem bản đồ",
38 m²,4 phòng,,Đã có sổ,"Nhà ngõ, hẻm",,,"135,53 triệu/m²",,4,,,,ha-noi,NHÀ ĐẸP - PHÂN LÔ - GẦN PHỐ - GẦN Ô TÔ - TIỆN ÍCH NHIỀU - AN SINH ĐỈNH,,"Phố Minh Khai, Phường Minh Khai, Quận Hai Bà Trưng, Hà NộiXem bản đồ",
250 m²,5 phòng,,,"Nhà mặt phố, mặt tiền",,,"39,6 triệu/m²",,,,,,ha-noi,"giảm 500tr mặt chợ Văn La Văn Phú 5 tầng KD vô đối, nhỉnh 9 tỷ",,"Văn La, Phường Phú La, Quận Hà Đông, Hà NộiXem bản đồ",
45 m²,4 phòng,,,"Nhà mặt phố, mặt tiền",,,"157,78 triệu/m²",,,,,,ha-noi,"Rẻ CC bán gấp MP Trần Đăng Ninh KD 45mx3 tầng, 7 tỷ",,"Trần đăng ninh, Phường Hà Cầu, Quận Hà Đông, Hà NộiXem bản đồ",
44 m²,4 phòng,4 phòng,Đã có sổ,"Nhà ngõ, hẻm",4 m,,"97,27 triệu/m²",,4,,,,ha-noi,"Bán nhà Kim Giang DT: 42m2 x 4 T, gần phố, đẹp, ở luôn, giá 4.08 tỷ",,"Kim Giang, Xã Thanh Liệt, Huyện Thanh Trì, Hà NộiXem bản đồ",
50 m²,5 phòng,,Đã có sổ,"Nhà ngõ, hẻm",,,82 triệu/m²,,4,Nở hậu,Nội thất cao cấp,,ha-noi,"CẮT LỖ KIM GIANG 50M X 4T, BTCT, NGÕ THOÁNG, GẦN PHỐ, Ở NGAY, 4 TỶ 15",,"Kim Giang, Phường Đại Kim, Quận Hoàng Mai, Hà NộiXem bản đồ",
40 m²,4 phòng,,Đã có sổ,"Nhà ngõ, hẻm",5 m,,"168,75 triệu/m²",,5,,Nội thất cao cấp,,ha-noi,BÁN NHÀ ĐẸP ĐỐNG ĐA ĐÓN TẾT 40m NGÕ THÔNG LÔ GÓC CỰC HIẾM Ạ,,"Phố Láng Hạ, Phường Láng Hạ, Quận Đống Đa, Hà NộiXem bản đồ",
39 m²,4 phòng,3 phòng,Đã có sổ,"Nhà ngõ, hẻm",,,"122,82 triệu/m²",,5,,Nội thất đầy đủ,,ha-noi,"Có 102! Nhà đường Láng, ngõ rộng, sát phố, ngõ thông, ở ngay 39m2*4T",,"Phố Chùa Láng, Phường Láng Thượng, Quận Đống Đa, Hà NộiXem bản đồ",
60 m²,3 phòng,2 phòng,Đã có sổ,"Nhà ngõ, hẻm",,,150 triệu/m²,,3,,,,ha-noi,"Nhà ngõ rộng kinh doanh tốt, vài bước là ra mặt phố đường đôi Tân Mai",,"Tân Mai, Phường Tân Mai, Quận Hoàng Mai, Hà NộiXem bản đồ",
63 m²,4 phòng,4 phòng,Đã có sổ,Nhà phố liền kề,,,"165,87 triệu/m²",,4,,Nội thất đầy đủ,,ha-noi,"Liền Kề Văn Phú 63m 4tầng mt5m vị trí cực đẹp, Kinh doanh,an sinh dỉnh",,"Phố Văn La, Phường Phú La, Quận Hà Đông, Hà NộiXem bản đồ",
91 m²,nhiều hơn 10 phòng,Nhiều hơn 6 phòng,,"Nhà ngõ, hẻm",4.3 m,,"225,27 triệu/m²",,7,,,21.2 m,ha-noi,BÁN CĂN HỘ MINI PHỐ DƯƠNG QUẢNG HÀM _7TANG THANG MÁY 18PN _DT 150T/T,,"dương quang hàm, Phường Trung Hoà, Quận Cầu Giấy, Hà NộiXem bản đồ",
45 m²,4 phòng,,Đã có sổ,"Nhà mặt phố, mặt tiền",5 m,,"130,67 triệu/m²",,4,,Nội thất cao cấp,,ha-noi,Tôi bán nhà phố Hoàng Quốc Việt 45m2 4T gara ôtô ngõ thông Kinh Doanh,,"Hoàng Quốc Việt, Phường Nghĩa Tân, Quận Cầu Giấy, Hà NộiXem bản đồ",
36 m²,7 phòng,4 phòng,Đã có sổ,"Nhà ngõ, hẻm",,,"131,94 triệu/m²",Đông Nam,5,,,,ha-noi,"Chính chủ bán nhà số 2 nhà C,tt bưu điện 60 ngõ Thổ Quan ,ĐĐa ,HN",,"Khâm Thiên, Phường Thổ Quan, Quận Đống Đa, Hà NộiXem bản đồ",
35 m²,10 phòng,,Đã có sổ,"Nhà ngõ, hẻm",,35 m²,"132,86 triệu/m²",,6,,Nội thất đầy đủ,,ha-noi,"Cực hiếm! Láng Hạ 6 tầng lơ lửng, oto 20m, chỉ một ngoặt ra phố 35m2",,"Láng Hạ, Phường Láng Hạ, Quận Đống Đa, Hà NộiXem bản đồ",
64 m²,4 phòng,4 phòng,Đã có sổ,"Nhà ngõ, hẻm",,,"139,06 triệu/m²",,5,,,,ha-noi,"Chính chủ cần tiền bán gấp nhà GẦN PHỐ THẠCH BẠN DT64M2, MT5.5M.",,"Thạch bàn, Phường Thạch Bàn, Quận Long Biên, Hà NộiXem bản đồ",
45 m²,3 phòng,3 phòng,Đã có sổ,"Nhà ngõ, hẻm",,,"165,56 triệu/m²",,4,,Nội thất đầy đủ,,ha-noi,"Bán nhà phân lô,kinh doanh,VŨ TÔNG PHAN,THANH XUÂN,45M,4 tầng,7,45 tỷ",,"Đường Vũ Tông Phan, Phường Khương Trung, Quận Thanh Xuân, Hà NộiXem bản đồ",
105 m²,5 phòng,5 phòng,Đã có sổ,"Nhà ngõ, hẻm",5 m,,180 triệu/m²,,,,,21 m,ha-noi,"Bán nhà phố Láng Hạ, gara, ô chờ TM, ở vip, Kd Vp, 105m, mt 5m, 18.9",,"Láng Hạ, Phường Láng Thượng, Quận Đống Đa, Hà NộiXem bản đồ",
62 m²,3 phòng,,Đã có sổ,"Nhà ngõ, hẻm",,62 m²,"74,19 triệu/m²",,3,"Hẻm xe hơi,Nở hậu",,,ha-noi,"Cực Hiếm, Bán Nhà Lê Trọng Tấn 62M,Giá Chỉ Hơn 4 tỷ.",,"Lê Trọng Tấn, Phường Khương Mai, Quận Thanh Xuân, Hà NộiXem bản đồ",
55 m²,4 phòng,,,"Nhà ngõ, hẻm",,,"136,36 triệu/m²",,4,,,,ha-noi,"Bán nhà nguyên căn ngõ 35 Cát Linh, ô tô đỗ, cách phố 20m 58m2 7.5 tỷ",,"Phố Cát Linh, Phường Cát Linh, Quận Đống Đa, Hà NộiXem bản đồ",
36 m²,3 phòng,,Đã có sổ,"Nhà ngõ, hẻm",,36 m²,"73,61 triệu/m²",,,,,,ha-noi,"Chỉ với 2 tỷ , Cầu Cốc, ngõ thoáng, 40m ra oto tránh, 36m2.",,"Đường Phú Diễn, Phường Phú Diễn, Quận Bắc Từ Liêm, Hà NộiXem bản đồ",
27 m²,3 phòng,3 phòng,Đã có sổ,"Nhà ngõ, hẻm",,,"101,85 triệu/m²",,4,,,,ha-noi,"NHÀ MỚI ĐÔNG THIÊN-VĨNH HƯNG SÁT Ô TÔ 27m/4 TẦNG /2,75 TỶ",,"Vĩnh Hưng, Phường Vĩnh Hưng, Quận Hoàng Mai, Hà NộiXem bản đồ",
44 m²,6 phòng,6 phòng,Đã có sổ,"Nhà ngõ, hẻm",,,"154,55 triệu/m²",,6,,Nội thất cao cấp,,ha-noi,MỸ ĐÌNH / NAM TỪ LIÊM - NHÀ MỚI 2 THOÁNG - SÁT Ô TÔ TRÁNH - GIÁ TỐT,,"Đường Phú Mỹ, Phường Mỹ Đình 2, Quận Nam Từ Liêm, Hà NộiXem bản đồ",
45 m²,4 phòng,3 phòng,,"Nhà ngõ, hẻm",4.2 m,,"177,78 triệu/m²",,55,Hẻm xe hơi,,,ha-noi,"Phân lô,GARA ô tô,đường NGUYỄN QUÝ ĐỨC,THANH XUÂN,45m,5 tầng,giá 8 tỷ.",,"Đường Nguyễn Quý Đức, Phường Thanh Xuân Bắc, Quận Thanh Xuân, Hà NộiXem bản đồ",
45 m²,3 phòng,,,"Nhà ngõ, hẻm",,,"175,56 triệu/m²",,,Hẻm xe hơi,,,ha-noi,"Siêu phẩm 6 tầng Thang Máy, 45m,phố KHƯƠNG TRUNG,THANH XUÂN,giá 7,9 tỷ",,"Đường Khương Trung, Phường Hạ Đình, Quận Thanh Xuân, Hà NộiXem bản đồ",
35 m²,3 phòng,4 phòng,Đã có sổ,"Nhà ngõ, hẻm",,,"96,57 triệu/m²",,5,,,,ha-noi,"BÁN NHÀ MỚI ĐẸP Ở ĐÊ TRẦN KHÁT CHÂN-10M RA Ô TÔ 35M*5T*3NGỦ GIÁ 3,38 T",,"Đê Trần Khát Chân, Phường Thanh Lương, Quận Hai Bà Trưng, Hà NộiXem bản đồ",
60 m²,6 phòng,,Đã có sổ,Nhà biệt thự,4.1999 m,,400 triệu/m²,,5,,Nội thất đầy đủ,,ha-noi,BIỆT THỰ QUAN CHỨC KHU GIẢNG VÕ- 60m2- VỈA HÈ- OTO ĐỖ NGÀY ĐÊM- 24 TỶ,,"Phố Giảng Võ, Phường Cát Linh, Quận Đống Đa, Hà NộiXem bản đồ",
