Diện tích đất:,Số phòng ngủ:,Số phòng vệ sinh:,Giấy tờ pháp lý:,Loại hình nhà ở:,Chiều ngang:,Diện tích sử dụng:,Giá/m2:,Hướng cửa chính:,Tổng số tầng:,Đặc điểm nhà/đất:,Tình trạng nội thất:,Chiều dài:,Location,Name,URL,District,Price
39 m²,3 phòng,4 phòng,Đã có sổ,"Nhà ngõ, hẻm",,,"99,49 triệu/m²",,5,,Nội thất đầy đủ,,ha-noi,"Bán nhà quang Tiến-Đại Mỗ-Từ Liêm- 39m-gần ô tô-dân xây-3 ngủ, 4vs",,"Đường Quang Tiến, Phường Đại Mỗ, Quận Nam Từ Liêm, Hà NộiXem bản đồ",
45 m²,2 phòng,,Đã có sổ,"Nhà ngõ, hẻm",,,"73,33 triệu/m²",,,,,,ha-noi,Siêu Hiếm Trần Cung 30m ra ô tô tránh giá nhỉnh 3 tỷ,,"Trần Cung, Phường Cổ Nhuế 1, Quận Bắc Từ Liêm, Hà NộiXem bản đồ",
74 m²,4 phòng,5 phòng,Đã có sổ,"Nhà mặt phố, mặt tiền",,,"202,7 triệu/m²",Đông,6,,,,ha-noi,"Bán Nhà Mặt Phố Kim Đồng, Trương Định 6 Tầng Thang Máy, Cho Thuê, KD.",,"Phố Kim Đồng, Phường Giáp Bát, Quận Hoàng Mai, Hà NộiXem bản đồ",
37.2999 m²,3 phòng,,,"Nhà ngõ, hẻm",,,"121,98 triệu/m²",,,,,,ha-noi,"Căn góc, Đẹp đón Tết, Ngõ ba gác phi, Cách phố 25m bán nhà Hào Nam",,"Phố Hào Nam, Phường Ô Chợ Dừa, Quận Đống Đa, Hà NộiXem bản đồ",
20 m²,2 phòng,2 phòng,Giấy tờ khác,Nhà phố liền kề,,,"82,5 triệu/m²",,4,,,,ha-noi,"Chủ cần tiền bán gấp nhà phố Hồng mai bất chấp đầu tư 1,65 tỷ",,"Phố Hồng Mai, Phường Bạch Mai, Quận Hai Bà Trưng, Hà NộiXem bản đồ",
40 m²,4 phòng,3 phòng,Đã có sổ,"Nhà ngõ, hẻm",,,"146,25 triệu/m²",,5,,Nội thất đầy đủ,,ha-noi,"Bán nhà Đội Cấn 40m2 x6T mt,4m ảnh thật",,"Đội Cấn, Phường Đội Cấn, Quận Ba Đình, Hà NộiXem bản đồ",
38 m²,5 phòng,4 phòng,Đã có sổ,"Nhà mặt phố, mặt tiền",,,"114,47 triệu/m²",,5,Hẻm xe hơi,,,ha-noi,"KHUYẾN LƯƠNG Ô TÔ ĐỖ TRÁNH TRƯỚC CỬA 38m/5 TẦNG/ 5 NGỦ/ 4,35 TỶ",,"Khuyến Lương, Phường Trần Phú, Quận Hoàng Mai, Hà NộiXem bản đồ",
35.2 m²,3 phòng,4 phòng,Đã có sổ,"Nhà ngõ, hẻm",,,"107,95 triệu/m²",,5,,,,ha-noi,"THANH LÂN-NAM DƯ NHÀ MỚI Ô TÔ ĐỖ CỬA 35,2m/5 TẦNG 3,8 TỶ",,"Phố Thanh Lân, Phường Lĩnh Nam, Quận Hoàng Mai, Hà NộiXem bản đồ",
37 m²,4 phòng,,,"Nhà ngõ, hẻm",,,"121,62 triệu/m²",,,,,,ha-noi,"Ở ngay! Lô góc Bùi Xương Trạch, ô tô qua nhà , 3 thoáng, nhà mới đẹp",,"Bùi Xương Trạch, Phường Khương Đình, Quận Thanh Xuân, Hà NộiXem bản đồ",
33 m²,4 phòng,4 phòng,Đã có sổ,"Nhà ngõ, hẻm",,,"75,76 triệu/m²",,,,Nội thất cao cấp,,ha-noi,⚡️⚡️PHẢI NHANH!! Bán nhà🏛LÔ GÓC - DÂN XÂY - KĐT Hà Trì 33m x 4 tầng🌳p,,"Hà Trì, Phường Hà Cầu, Quận Hà Đông, Hà NộiXem bản đồ",
37 m²,6 phòng,5 phòng,Đã có sổ,"Nhà ngõ, hẻm",,,"91,89 triệu/m²",,5,,Nội thất cao cấp,,ha-noi,Nhỉnh 3 tỷ nhà Phú Diễn- gần trường Tài Nguyên-37m2-5 tầng- oto cổng,,"Đường Phú Diễn, Phường Phú Diễn, Quận Bắc Từ Liêm, Hà NộiXem bản đồ",
44 m²,5 phòng,,Đã có sổ,"Nhà ngõ, hẻm",,,"151,14 triệu/m²",,,,,,ha-noi,"44 M x 5 TẦNG PHỐ PHÁO ĐÀI LÁNG , NHÀ RẤT ĐẸP Ô TÔ ĐỖ CÁCH 10M .",,"PHÁO ĐÀI LÁNG, Phường Láng Thượng, Quận Đống Đa, Hà NộiXem bản đồ",
33 m²,3 phòng,,Đã có sổ,"Nhà ngõ, hẻm",3.3 m,,"99,39 triệu/m²",Tây Bắc,3,,,,ha-noi,"Bán nhà Thanh Liệt, Thanh Trì. Vị trí đẹp",,"Thanh Liệt Thanh Trì, Xã Thanh Liệt, Huyện Thanh Trì, Hà NộiXem bản đồ",
83 m²,5 phòng,5 phòng,Đã có sổ,"Nhà mặt phố, mặt tiền",,,"95,18 triệu/m²",,6,,Nội thất cao cấp,,ha-noi,"Bán nhà Tây Trà chỉ nhỉnh 7 tỷ ,ôtô 9 chỗ vào nhà ,thang máy, lô góc",,"Tây Trà, Phường Trần Phú, Quận Hoàng Mai, Hà NộiXem bản đồ",
48 m²,3 phòng,4 phòng,Đã có sổ,"Nhà ngõ, hẻm",,200 m²,"145,83 triệu/m²",,5,,,,ha-noi,"NHÀ ĐẸP ĐÓN XUÂN -LINH QUANG- ĐỐNG ĐA ,HÀ NỘI. 40M/48mT2 5 TẦNG 7.2 TỶ",,"Linh Quang, Phường Văn Chương, Quận Đống Đa, Hà NộiXem bản đồ",
40 m²,4 phòng,,Đã có sổ,"Nhà ngõ, hẻm",,,"137,5 triệu/m²",,,,,,ha-noi,"Nhà mặt ngõ Hào Nam, ngõ thông kinh doanh 44m2 5.5 tỷ",,"Phố Hào Nam, Phường Ô Chợ Dừa, Quận Đống Đa, Hà NộiXem bản đồ",
60 m²,3 phòng,1 phòng,Đã có sổ,"Nhà ngõ, hẻm",,,"43,33 triệu/m²",,2,,Nội thất cao cấp,,ha-noi,🔥DỪNG LẠI !! 🌳Bán nhà⚡️ KĐT An Hưng 60m2🌱KINH DOANH - Ô TÔ ĐỖ CỬA🏖,,"Lê Trọng Tấn, Phường Dương Nội, Quận Hà Đông, Hà NộiXem bản đồ",
31 m²,3 phòng,3 phòng,Đã có sổ,"Nhà ngõ, hẻm",,,"175,81 triệu/m²",,4,,Nội thất đầy đủ,,ha-noi,NGUYỄN NGỌC NẠI 1 NHÀ RA Ô TÔ TRÁNH. GIÁ 5 TỶ 45,,"Nguyễn Ngọc Nại, Phường Khương Mai, Quận Thanh Xuân, Hà NộiXem bản đồ",
50 m²,5 phòng,,,"Nhà ngõ, hẻm",,50 m²,100 triệu/m²,,5,,,,ha-noi,⚡️LÔ GÓC đường Mỹ Đình sát PHẠM HÙNG chỉ 5 tỷ⚡️,,"Ngách 16 Ngõ 394 Đường Mỹ Đình, Phường Mỹ Đình 1, Quận Nam Từ Liêm, Hà NộiXem bản đồ",
230 m²,6 phòng,5 phòng,Đã có sổ,Nhà biệt thự,,,"82,61 triệu/m²",Tây Nam,3,,,,ha-noi,CHÍNH CHỦ BÁN CẮT LỖ BIỆT THỰ DT 230m-6 PN-KĐT PHÚ LƯƠNG-HÀ ĐÔNG,,"Đường Lê Trọng Tấn, Phường Phú Lương, Quận Hà Đông, Hà Nội, Phường Phú Lương, Quận Hà Đông, Hà NộiXem bản đồ",
30 m²,3 phòng,4 phòng,Đã có sổ,"Nhà ngõ, hẻm",,,210 triệu/m²,,5,,Nội thất cao cấp,,ha-noi,6.3 TỶ PHÙNG CHÍ KIÊN_ Ô TÔ QUA_ GẦN PHỐ_ NHÀ ĐẸP ĐÓN TẾT,,"Phùng Chí Kiên, Phường Nghĩa Tân, Quận Cầu Giấy, Hà NộiXem bản đồ",
60 m²,6 phòng,5 phòng,,Nhà phố liền kề,,60 m²,"208,33 triệu/m²",,,,,,ha-noi,HỘ KHẨU HAI BÀ - NHÀ MỚI - PHÂN LÔ - THANG MÁY - Ô TÔ TRÁNH - VỈA HÈ,,"Trần Đại Nghĩa, Phường Bách Khoa, Quận Hai Bà Trưng, Hà NộiXem bản đồ",
50 m²,5 phòng,,,"Nhà ngõ, hẻm",,65 m²,238 triệu/m²,,6,"Hẻm xe hơi,Nở hậu",,,ha-noi,"CẦU GIẤY MỚI 6 T, THANG MÁY, VIU TRƯỜNG HỌC THOÁNG VĨNH VIỄN 11.6 TỶ",,"TRẦN CUNG, Phường Nghĩa Tân, Quận Cầu Giấy, Hà NộiXem bản đồ",
35 m²,4 phòng,4 phòng,Đã có sổ,"Nhà ngõ, hẻm",,,"137,14 triệu/m²",,5,,Nội thất đầy đủ,,ha-noi,"Thụy Khuê, Tây Hồ gần phố nhà đẹp ở luôn.",,"Thụy Khuê , Phường Thụy Khuê, Quận Tây Hồ, Hà NộiXem bản đồ",
38 m²,5 phòng,6 phòng,Đã có sổ,"Nhà mặt phố, mặt tiền",,,"171,05 triệu/m²",Đông Bắc,5,,,,ha-noi,"BÁN NHÀ 5TẦNG- LÔ GÓC- TÂN MAI- ĐỀN LỪ- HOÀNG MAI- Ô TÔ TRÁNH- 6,5 TỶ",,"Phố Tân Mai, Phường Tân Mai, Quận Hoàng Mai, Hà NộiXem bản đồ",
40 m²,3 phòng,4 phòng,Đã có sổ,"Nhà ngõ, hẻm",,,"132,5 triệu/m²",,5,,Nội thất cao cấp,,ha-noi,"NHÀ CẦU GIẤY, 40m2 MỚI CỨNG, Ô TÔ ĐỖ CỔNG, 50m Ra Phố, Ngõ Thông 4m",,"Cầu Giấy, Phường Dịch Vọng Hậu, Quận Cầu Giấy, Hà NộiXem bản đồ",
40 m²,4 phòng,5 phòng,Đã có sổ,"Nhà ngõ, hẻm",,,"133,75 triệu/m²",,6,"Hẻm xe hơi,Nở hậu",,,ha-noi,"Bán gấp nhà Tư Đình, 40m2, 6T thang máy, ô tô đỗ cửa, chỉ 5.35 tỷ",,"Tư Đình, Phường Long Biên, Quận Long Biên, Hà NộiXem bản đồ",
55 m²,5 phòng,,Đã có sổ,"Nhà ngõ, hẻm",,55 m²,"132,73 triệu/m²",,4,,Nội thất đầy đủ,,ha-noi,"BÁN NHÀ RIÊNG, NGÕ KD TẠI ĐÌNH THÔN, DIỆN TÍCH 55M,4 TẦNG, GIÁ 7.3 TỶ",,"Đường Đình Thôn, Phường Mỹ Đình 1, Quận Nam Từ Liêm, Hà NộiXem bản đồ",
31 m²,3 phòng,3 phòng,Đã có sổ,"Nhà ngõ, hẻm",,,"87,74 triệu/m²",Tây Nam,5,,,,ha-noi,"BÁN CĂN LÔ GÓC 4,5 TẦNG GÁC LỬNG - ĐẸP MÊ LY",,"Đường Vạn Xuân, Xã Kim Chung, Huyện Hoài Đức, Hà NộiXem bản đồ",
48.7999 m²,6 phòng,5 phòng,Đã có sổ,"Nhà ngõ, hẻm",,,"297,13 triệu/m²",,7,,Nội thất cao cấp,,ha-noi,"Nhà Khúc Thừa Dụ,Cầu Giấy, gara ô tô kinh doanh, 7T thang máy, 48,8m2",,"Khúc Thừa Dụ , Phường Dịch Vọng, Quận Cầu Giấy, Hà NộiXem bản đồ",
130 m²,10 phòng,,Đã có sổ,"Nhà mặt phố, mặt tiền",3.7999 m,,"147,69 triệu/m²",,5,,,,ha-noi,"130m, 5 tầng, 19.2 tỷ mặt phố Giải Phóng",,"Đường Giải Phóng, Phường Giáp Bát, Quận Hoàng Mai, Hà NộiXem bản đồ",
38 m²,4 phòng,4 phòng,Đã có sổ,"Nhà ngõ, hẻm",,,"92,11 triệu/m²",Tây Bắc,6,,,,ha-noi,cực phẩm 6 tầng ô tô 7 chỗ vào nhà tại Bắc Từ Liêm - giá nhỉnh 3 tỷ,,"Đường văn tiế, Phường Minh Khai, Quận Bắc Từ Liêm, Hà NộiXem bản đồ",
42 m²,4 phòng,,,Nhà phố liền kề,,,"166,67 triệu/m²",,,,,,ha-noi,💥 THUỴ KHUÊ 42m2 x 6 TẦNG THANG MÁY - CHỈ 7.2 TỶ. NHÀ MỚI ĐẸP - 06 TẦ,,"Thuỵ Khuê, Phường Thụy Khuê, Quận Tây Hồ, Hà NộiXem bản đồ",
55 m²,4 phòng,,,Nhà phố liền kề,,,"145,45 triệu/m²",,,,,,ha-noi,THUỴ KHUÊ 55m2 x 7 TẦNG THANG MÁY - CHỈ NHỈNH 8 TỶ. SIÊU PHẨM 7T THANG,,"Thuỵ Khuê, Phường Thụy Khuê, Quận Tây Hồ, Hà NộiXem bản đồ",
39 m²,3 phòng,,Đã có sổ,"Nhà ngõ, hẻm",,,"105,13 triệu/m²",,5,"Hẻm xe hơi,Nở hậu",Nội thất đầy đủ,,ha-noi,"205 Xuân Đỉnh,Đại sứ quán Hàn, oto tránh 23m, ngõ thông, KD, 39m*5T",,"Xuân Đỉnh, Phường Xuân Đỉnh, Quận Bắc Từ Liêm, Hà NộiXem bản đồ",
43 m²,3 phòng,,Đã có sổ,"Nhà ngõ, hẻm",,,"83,72 triệu/m²",,4,Hẻm xe hơi,Nội thất đầy đủ,,ha-noi,"Nhà đẹp Xuân Đỉnh, ngõ oto tránh, dân xây, mới đẹp 43m*4T",,"Xuân Đỉnh, Phường Xuân Đỉnh, Quận Bắc Từ Liêm, Hà NộiXem bản đồ",
58 m²,4 phòng,4 phòng,Đã có sổ,"Nhà ngõ, hẻm",,,100 triệu/m²,,5,,Nội thất đầy đủ,,ha-noi,ANH TUẤN SANG ĐỨC ĐỊNH CƯ CẦN BÁN GẤP NHÀ TÂY HỒ 58m2x5 Tầng Giá 5 tỷ,,"Đường Thụy Khuê, Phường Thụy Khuê, Quận Tây Hồ, Hà NộiXem bản đồ",
71 m²,5 phòng,4 phòng,Đã có sổ,"Nhà ngõ, hẻm",,,"183,1 triệu/m²",,4,,Nội thất đầy đủ,,ha-noi,HOÀNG QUỐC VIỆT 75m2 x5 tầng nhỉnh 13tỷ-Ô TÔ TRÁNH-2 MẶT NGÕ THÔNG,,"106 hoàng quốc việt, Phường Nghĩa Tân, Quận Cầu Giấy, Hà NộiXem bản đồ",
33 m²,3 phòng,,Đã có sổ,"Nhà ngõ, hẻm",5.6 m,,"139,39 triệu/m²",,4,,Nội thất đầy đủ,,ha-noi,CỰC NGON! BÁN NHÀ LẠC LONG QUÂN- OTO 3 BƯỚC- ĐI BỘ RA HỒ TÂY- SỔ ĐẸP,,"Lạc Long Quân, Phường Nghĩa Đô, Quận Cầu Giấy, Hà NộiXem bản đồ",
71 m²,8 phòng,4 phòng,Đã có sổ,"Nhà mặt phố, mặt tiền",,,"377,46 triệu/m²",,4,,Nội thất đầy đủ,,ha-noi,"Bán Nhà Mặt Phố Hàng Khay Hoàn Kiếm 26,8 tỷ 70m2 4 tầng mặt 5m",,"Phố Hàng Khay, Phường Hàng Trống, Quận Hoàn Kiếm, Hà NộiXem bản đồ",
231 m²,4 phòng,5 phòng,Đã có sổ,Nhà biệt thự,,,"121,21 triệu/m²",,5,,Nội thất cao cấp,,ha-noi,"""Biệt Thự Sân Vườn Nghỉ Dưỡng Đẳng Cấp 135m2, 5 Tầng Gamuda Hoàng Mai""",,"Đường 3.7/11, Phường Trần Phú, Quận Hoàng Mai, Hà NộiXem bản đồ",
38 m²,1 phòng,,Đã có sổ,"Nhà ngõ, hẻm",4.5 m,38 m²,"55,26 triệu/m²",Đông Bắc,,,,,ha-noi,38m Đất thạch bàn tổ 13 giá 2.1. mặt tiền 4.5m. ô tô sát nhà. sổ đẹp,,"Ngọc Trì, Phường Thạch Bàn, Quận Long Biên, Hà NộiXem bản đồ",
100 m²,nhiều hơn 10 phòng,,,"Nhà ngõ, hẻm",,,168 triệu/m²,,,,,,ha-noi,"CCMN XUÂN ĐỈNH 100m x 7 tầng x 20 Phòng, siêu dòng tiền, chỉ 1x tỷ",,"Đường Xuân Đỉnh, Phường Xuân Đỉnh, Quận Bắc Từ Liêm, Hà NộiXem bản đồ",
40 m²,4 phòng,4 phòng,Đã có sổ,"Nhà ngõ, hẻm",,,"131,25 triệu/m²",,5,,,,ha-noi,Gia đình tôi cần bán nhà mặt ngõ phố Hà Kế Tấn 40m2 X5 tầng hơn 5 tỷ.,,"Hà Kế Tấn, Phường Phương Liệt, Quận Thanh Xuân, Hà NộiXem bản đồ",
36 m²,4 phòng,4 phòng,Đã có sổ,"Nhà ngõ, hẻm",,,"120,83 triệu/m²",,5,,Nội thất cao cấp,,ha-noi,NHÀ MỚI XÂY 36M2 -PHỐ TRẦN CUNG- 5 TẦNG – 4 NGỦ - NGÕ THÔNG CÁC NGẢ.,,"Đường Trần Cung, Phường Cổ Nhuế 1, Quận Bắc Từ Liêm, Hà NộiXem bản đồ",
35 m²,3 phòng,4 phòng,Đã có sổ,"Nhà ngõ, hẻm",,,"85,71 triệu/m²",,5,,Nội thất cao cấp,,ha-noi,"BÁN NHÀ TRONG NGÕ 139 TAM TRINH - GẦN OTO, GẦN PHỐ, GẦN CẦU MAI ĐÔNG",,"Đường Tam Trinh, Phường Mai Động, Quận Hoàng Mai, Hà NộiXem bản đồ",
199 m²,2 phòng,2 phòng,Đã có sổ,"Nhà mặt phố, mặt tiền",,,"211,06 triệu/m²",,3,,Nội thất đầy đủ,,ha-noi,Bán nhà mặt phố - vỉa hè - 5 phút lên Hồ Gươm. KD.199m2 x 3T cũ.42 tỷ,,"Phố Vân Đồn, Phường Bạch Đằng, Quận Hai Bà Trưng, Hà NộiXem bản đồ",
95 m²,5 phòng,6 phòng,,"Nhà mặt phố, mặt tiền",,550 m²,"536,84 triệu/m²",,6,,Nội thất cao cấp,,ha-noi,"Bán nhà mặt phố Trần Kim Xuyến: 95m2, 1 nổi, 5 tầng",,"Trần Kim Xuyến, Phường Yên Hoà, Quận Cầu Giấy, Hà NộiXem bản đồ",
160 m²,4 phòng,4 phòng,Đã có sổ,Nhà biệt thự,,,"149,88 triệu/m²",,3,,Nội thất đầy đủ,,ha-noi,"Bán nhà Lý Nam Đế, DT 160m x 3 tầng, mặt tiền 7m,dòng tiền 100tr/tháng",,"Lý Nam Đế, Phường Cửa Đông, Quận Hoàn Kiếm, Hà NộiXem bản đồ",
41 m²,3 phòng,,,"Nhà mặt phố, mặt tiền",,41 m²,"73,17 triệu/m²",,,,,,ha-noi,"Bán nhà Phố Trạm, Long Biên. Sát cầu Vĩnh Tuy, Aeon, 41m, 3 tỷ.",,"Phố Trạm, Phường Long Biên, Quận Long Biên, Hà NộiXem bản đồ",
30 m²,3 phòng,2 phòng,Đã có sổ,"Nhà mặt phố, mặt tiền",48 m,,"106,67 triệu/m²",,3,,,,ha-noi,BÁN NHÀ THỤY KHUÊ .NHỈNH 3 TỶ .5 M OTO SỔ ĐỎ ĐẸP,,"Thụy Khuê, Phường Thụy Khuê, Quận Tây Hồ, Hà NộiXem bản đồ",
36 m²,5 phòng,3 phòng,Đã có sổ,"Nhà mặt phố, mặt tiền",63 m,,"216,67 triệu/m²",,5,,,,ha-noi,NHỈNH 7 TỶ NHÀ MẶT PHỐ PHẠM VĂN ĐỒNG .VỈA HÈ KINH DOANH,,"Phạm Văn Đồng, Phường Cổ Nhuế 2, Quận Bắc Từ Liêm, Hà NộiXem bản đồ",
15 m²,3 phòng,3 phòng,Đã có sổ,"Nhà ngõ, hẻm",,,"166,67 triệu/m²",,5,,Nội thất cao cấp,,ha-noi,Sốc. Nhỉnh 2 tỷ nhà sổ đỏ sát phố cổ. 5T. 3PN. 3WC. Hai Bà Trưng. Sđcc,,"Trần khát Chân, Phường Phạm Đình Hổ, Quận Hai Bà Trưng, Hà NộiXem bản đồ",
38 m²,3 phòng,,,"Nhà mặt phố, mặt tiền",,,"310,53 triệu/m²",,,,,,ha-noi,bán nhà mặt phố THỤY KHUÊ dt38 4 tầng view Hồ Tây giá 11.8 tỷ,,"thụy khuê, Phường Thụy Khuê, Quận Tây Hồ, Hà NộiXem bản đồ",
40 m²,3 phòng,,Đã có sổ,"Nhà ngõ, hẻm",4 m,,70 triệu/m²,,4,,,10 m,ha-noi,NHÀ YÊN NGHĨA ÔTÔ ĐỖ CỬA NGÕ THÔNG 40M 4T 2.8TỶ,,"Phố Yên Lộ, Phường Yên Nghĩa, Quận Hà Đông, Hà NộiXem bản đồ",
22 m²,3 phòng,3 phòng,Đã có sổ,"Nhà ngõ, hẻm",,,"156,82 triệu/m²",,5,,Nhà trống,,ha-noi,Nhỉnh 3 tỷ có ngay nhà Nguyễn Trãi sát Ngã Tư Sở 5 tầng 3 ngủ ở ngay.,,"Nguyễn Trãi, Phường Nhân Chính, Quận Thanh Xuân, Hà NộiXem bản đồ",
38 m²,2 phòng,3 phòng,Giấy tờ khác,"Nhà ngõ, hẻm",,,"55,26 triệu/m²",,4,,Nội thất đầy đủ,,ha-noi,"Bán nhà 4 tầng, đẹp, ngõ 125, phố Bùi Xương Trạch. Giá rẻ.",,"Bùi Xương Trạch, Phường Khương Đình, Quận Thanh Xuân, Hà NộiXem bản đồ",
35 m²,3 phòng,3 phòng,,"Nhà ngõ, hẻm",3.5 m,,"127,14 triệu/m²",,5,,Nội thất đầy đủ,,ha-noi,NHÀ MỚI XÂY NGÕ PHỐ HOÀNG MAI-GẦN TRUNG TÂM-TRƯỜNG-CHỢ-OTO-DT36M2x5T,,"Đường Hoàng Mai, Phường Hoàng Văn Thụ, Quận Hoàng Mai, Hà NộiXem bản đồ",
90 m²,5 phòng,6 phòng,Đã có sổ,"Nhà mặt phố, mặt tiền",,,500 triệu/m²,,5,,Nội thất cao cấp,,ha-noi,"Bán nhà 5 tầng thang máy phố Khâm Thiên, kd ngân hàng giá 45 tỷ",,"Khâm Thiên, Phường Khâm Thiên, Quận Đống Đa, Hà NộiXem bản đồ",
50 m²,10 phòng,Nhiều hơn 6 phòng,Đã có sổ,"Nhà ngõ, hẻm",,,188 triệu/m²,,6,,Nội thất cao cấp,,ha-noi,"Căn Hộ Dòng Tiền 60tr/T .Phố Kim Ngưu ,6 Tầng Thang Máy ,10 p full đồ",,"Kim Ngưu, Phường Thanh Lương, Quận Hai Bà Trưng, Hà NộiXem bản đồ",
45 m²,3 phòng,3 phòng,Đã có sổ,"Nhà ngõ, hẻm",,,"188,89 triệu/m²",,5,,Nội thất đầy đủ,,ha-noi,"Bán nhà Phùng Khoang ô tô dừng tránh đỗ, 45m2, 8.5 tỷ",,"Phố Phùng Khoang, Phường Trung Văn, Quận Nam Từ Liêm, Hà NộiXem bản đồ",
47.5 m²,4 phòng,3 phòng,Đã có sổ,"Nhà ngõ, hẻm",,,"98,95 triệu/m²",,3,,Nội thất đầy đủ,,ha-noi,BÁN NHÀ 47M2 * 4T_CÁCH MẶT PHỐ 35M_1 NGOẶT VÀO NHÀ_NHỈNH 4 TỶ_XÃ ĐÀN,,"Phố Xã Đàn, Phường Nam Đồng, Quận Đống Đa, Hà NộiXem bản đồ",
35 m²,3 phòng,4 phòng,Đã có sổ,"Nhà ngõ, hẻm",,,"108,57 triệu/m²",,5,,Nội thất cao cấp,,ha-noi,"NHÀ THỤY KHUÊ 35M2,5 TẦNG, NGÕ RỘNG 3M, THÔNG TỨ TUNG, 200M RA HỒ TÂY",,"Đường Thụy Khuê, Phường Bưởi, Quận Tây Hồ, Hà NộiXem bản đồ",
55 m²,6 phòng,5 phòng,Đã có sổ,"Nhà ngõ, hẻm",,,"181,82 triệu/m²",,5,,Nội thất cao cấp,,ha-noi,"NHÀ PHÂN LÔ TRẦN QUỐC HOÀN,MẶT NGÕ KINH DOANH, GARA Ô Tô 7 CHỖ,ĐẸP MÊ",,"Trần Quốc Hoàn, Phường Dịch Vọng Hậu, Quận Cầu Giấy, Hà NộiXem bản đồ",
15 m²,3 phòng,3 phòng,Đã có sổ,"Nhà ngõ, hẻm",3 m,,70 triệu/m²,,4,,,,ha-noi,"Bán nhà Trong ngõ phố Trung Phụng đi - Ngõ chợ Khâm Thiên, nhà dân xây",,"Ngõ Chợ Khâm Thiên, Phường Trung Phụng, Quận Đống Đa, Hà NộiXem bản đồ",
62 m²,3 phòng,,Đã có sổ,"Nhà ngõ, hẻm",3.6 m,,"74,19 triệu/m²",,3,,Nội thất đầy đủ,,ha-noi,"HIẾM! BÁN NHÀ PHỐ LÊ TRỌNG TẤN, SÁT HỒ, ÔTÔ ĐỖ, NHÀ ĐẸP Ở NGAY, DT62M",,"LÊ TRỌNG TẤN, Phường Khương Mai, Quận Thanh Xuân, Hà NộiXem bản đồ",
39 m²,4 phòng,4 phòng,Đã có sổ,"Nhà ngõ, hẻm",,,"115,38 triệu/m²",,5,,Nội thất đầy đủ,,ha-noi,"BÁN NHÀ LÊ QUANG ĐẠO 39M2, 5 TẦNG, 10M RA ĐƯỜNG Ô TÔ, 4.5 TỶ",,"Đường Lê Quang Đạo, Phường Phú Đô, Quận Nam Từ Liêm, Hà NộiXem bản đồ",
22 m²,3 phòng,3 phòng,Đã có sổ,"Nhà ngõ, hẻm",,,"163,64 triệu/m²",,4,,Nội thất cao cấp,,ha-noi,"Nhỉnh 3 tỷ nhà 4 tầng đẹp nội thất xịn, TT Q.Hai Bà tiện ích cực tốt",,"Bạch Mai, Phường Cầu Dền, Quận Hai Bà Trưng, Hà NộiXem bản đồ",
78 m²,6 phòng,6 phòng,Đã có sổ,Nhà phố liền kề,,,"211,54 triệu/m²",Đông Bắc,7,,,,ha-noi,"Biệt Thự Liền Kề Phố Việt Hưng, Long Biên. 7 Tầng Thang Máy.",,"Phố Việt Hưng, Phường Việt Hưng, Quận Long Biên, Hà NộiXem bản đồ",
33 m²,3 phòng,,Đã có sổ,Nhà phố liền kề,,,"143,94 triệu/m²",,5,"Hẻm xe hơi,Nở hậu",,,ha-noi,TT HÀ ĐÔNG - LÔ GÓC - ÔTÔ ĐỖ CỬA - NHÀ MỚI - KINH DOANH - 2 THOÁNG,,"Phố Phan Đình Giót, Phường La Khê, Quận Hà Đông, Hà NộiXem bản đồ",
36 m²,4 phòng,5 phòng,Đã có sổ,"Nhà ngõ, hẻm",,36 m²,"160,28 triệu/m²",,,,,,ha-noi,NHÀ XUÂN LA - THANG MÁY - 2 MẶT THOÁNG TÂY HỒ - NGÕ THÔNG TỨ TUNG,,"Đường Xuân La, Phường Xuân La, Quận Tây Hồ, Hà NộiXem bản đồ",
60 m²,4 phòng,3 phòng,Đã có sổ,"Nhà ngõ, hẻm",,,"126,67 triệu/m²",,4,,Nội thất đầy đủ,,ha-noi,"Nhà dân xây Ngã Tư Sở, 60m2 x 4 tầng, Giá chỉ 7,6 tỷ",,"Khương Trung, Phường Khương Trung, Quận Thanh Xuân, Hà NộiXem bản đồ",
50 m²,2 phòng,2 phòng,Đã có sổ,"Nhà mặt phố, mặt tiền",,,137 triệu/m²,Đông,2,,,,ha-noi,"""GẦN ĐẠI SIÊU THỊ AEON MALL, PHÂN LÔ Ô TÔ TRÁNH VỈA HÈ RỘNG.",,"KĐT Dương Nội, Phường Dương Nội, Quận Hà Đông, Hà NộiXem bản đồ",
26 m²,2 phòng,2 phòng,Đã có sổ,"Nhà ngõ, hẻm",,,100 triệu/m²,,3,,,,ha-noi,KIM MÃ NGÕ XE BA GÁC GẦN PHỐ,,"Kim Mã, Phường Kim Mã, Quận Ba Đình, Hà NộiXem bản đồ",
33 m²,3 phòng,3 phòng,Đã có sổ,"Nhà ngõ, hẻm",,,"77,27 triệu/m²",Bắc,4,,,,ha-noi,"Nhà xây độc lập, ngõ thông - ôtô qua 33m2x4 tầng gần bến xe Yên Nghĩa",,"Quang Trung, Phường Yên Nghĩa, Quận Hà Đông, Hà NộiXem bản đồ",
36 m²,4 phòng,,Đã có sổ,"Nhà ngõ, hẻm",,,125 triệu/m²,,,,,,ha-noi,"Bán gấp! Nhà Nguyễn Văn Trỗi, dân xây, 10m ô tô tránh, 36m, 4T 4.5 tỷ",,"Nguyễn Văn Trỗi, Phường Phương Liệt, Quận Thanh Xuân, Hà NộiXem bản đồ",
30 m²,3 phòng,,Đã có sổ,"Nhà ngõ, hẻm",,,"98,33 triệu/m²",,3,"Hẻm xe hơi,Nở hậu",Nội thất cao cấp,,ha-noi,"BÁN NHÀ MINH KHAI, 30M2, 3 TẦNG, GIÁ 2,95 TỶ, KD , GẦN PHỐ.",,"Phố Minh Khai, Phường Minh Khai, Quận Hai Bà Trưng, Hà NộiXem bản đồ",
37 m²,4 phòng,,Đã có sổ,"Nhà ngõ, hẻm",,,"187,84 triệu/m²",,,,,,ha-noi,HOT. XUÂN LA. 5 TẦNG THANG MÁY. NGÕ THÔNG. 2 THOÁNG. KINH DOANH.,,"Xuân La, Phường Xuân La, Quận Tây Hồ, Hà NộiXem bản đồ",
35 m²,3 phòng,4 phòng,Đã có sổ,"Nhà ngõ, hẻm",,,"141,43 triệu/m²",,5,,Nội thất cao cấp,,ha-noi,"BA ĐÌNH_NGỌC HÀ_NHÀ ĐẸP Ở LUÔN_30 RA Ô TÔ_DT 35M_5T_GIÁ 4,95 TỶ",,"NGỌC HÀ, Phường Ngọc Hà, Quận Ba Đình, Hà NộiXem bản đồ",
52 m²,5 phòng,5 phòng,Đã có sổ,"Nhà ngõ, hẻm",,,250 triệu/m²,,5,,Nội thất cao cấp,,ha-noi,Nhà 5 tầng Trần Quang Diệu gara ô tô nội thất luxury giá 13 tỷ,,"Phố Trần Quang Diệu, Phường Ô Chợ Dừa, Quận Đống Đa, Hà NộiXem bản đồ",
60 m²,5 phòng,,,Nhà phố liền kề,,,"166,67 triệu/m²",,,,,,ha-noi,🧨🧨🧨 TRẦN QUỐC HOÀN 60m2 x 5 TẦNG - NHỈNH 10 TỶ. NHÀ DÂN XÂY - SỔ VUÔNG,,"Trần Quốc Hoàn, Phường Dịch Vọng Hậu, Quận Cầu Giấy, Hà NộiXem bản đồ",
23 m²,3 phòng,4 phòng,Đã có sổ,"Nhà ngõ, hẻm",,,"117,39 triệu/m²",,5,,Nội thất đầy đủ,,ha-noi,Tôi cần bán nhà Nguyễn Lương Bằng-Đống Đa-DT16/23m-5T-Giá 2.7tỷ -Hiếm,,"Phố Nguyễn Lương Bằng, Phường Nam Đồng, Quận Đống Đa, Hà NộiXem bản đồ",
80 m²,5 phòng,5 phòng,Đã có sổ,"Nhà mặt phố, mặt tiền",,,"218,75 triệu/m²",Đông Bắc,5,,,,ha-noi,80m2 CẦU GIẤY- Ô TÔ TRÁNH -VỈA HÈ -KINH DOANH- 2 THOÁNG -NHÀ SIÊU ĐẸP,,"Phùng chí Kiên, Phường Nghĩa Đô, Quận Cầu Giấy, Hà NộiXem bản đồ",
36 m²,4 phòng,4 phòng,Đã có sổ,"Nhà ngõ, hẻm",,,"119,44 triệu/m²",,5,,Nhà trống,,ha-noi,"Tôn Thất Tùng- Trường Chinh ! Vài bước ra Đại Học Y Hà Nội , Nhà Đẹp ở",,"Phố Tôn Thất Tùng, Phường Khương Thượng, Quận Đống Đa, Hà NộiXem bản đồ",
37 m²,8 phòng,Nhiều hơn 6 phòng,Đã có sổ,"Nhà ngõ, hẻm",,,"133,24 triệu/m²",,6,,Nội thất đầy đủ,,ha-noi,"Đẹp mà lại rẻ! Bán nhà KVực Kim Mã, sát phố, gần ô tô, 37m*6T*4,93 tỷ",,"Kim Mã, Phường Ngọc Khánh, Quận Ba Đình, Hà NộiXem bản đồ",
59 m²,6 phòng,5 phòng,,"Nhà ngõ, hẻm",,59 m²,"115,25 triệu/m²",,,"Nở hậu,Hẻm xe hơi",,,ha-noi,"Đội Cấn ngõ thông, gần phố nhà rất đẹp chủ muốn bán gấp",,"Đội cấn, Phường Ngọc Hà, Quận Ba Đình, Hà NộiXem bản đồ",
33 m²,3 phòng,,Đã có sổ,"Nhà ngõ, hẻm",3.7999 m,,"89,39 triệu/m²",,4,,Nội thất đầy đủ,,ha-noi,"SIÊU HIẾM TRUNG TÂM QUẬN BA ĐÌNH,60M RA MẶT PHỐ KIM MÃ CHỈ 2,9 TỶ",,"Phố Kim Mã, Phường Kim Mã, Quận Ba Đình, Hà NộiXem bản đồ",
25 m²,5 phòng,3 phòng,Đã có sổ,"Nhà ngõ, hẻm",35 m,,140 triệu/m²,,5,,,,ha-noi,BÁN NHÀ VÕNG THỊ .NGÕ NÔNG OTO LÝ THUẾT,,"Võng Thị, Phường Thụy Khuê, Quận Tây Hồ, Hà NộiXem bản đồ",
33 m²,3 phòng,4 phòng,Đã có sổ,"Nhà ngõ, hẻm",,,"130,3 triệu/m²",,5,,Nội thất đầy đủ,,ha-noi,"NHÀ RIÊNG MỄ TRÌ, 40M RA MẶT PHỐ, NGÕ BA GÁC TO, GIÁ RẺ",,"Mễ Trì Hạ, Phường Mễ Trì, Quận Nam Từ Liêm, Hà NộiXem bản đồ",
45 m²,3 phòng,,Đã có sổ,"Nhà ngõ, hẻm",4.1999 m,,130 triệu/m²,,5,,Nội thất cao cấp,,ha-noi,ĐIỂM 10- XUẤT SẮC - BÁN NHÀ CẦU GIẤY- SỔ 43M2 X 5 TẦNG - 7 CHỖ ĐỖ CỔNG,,"CẦU GIẤY, Phường Quan Hoa, Quận Cầu Giấy, Hà NộiXem bản đồ",
45 m²,4 phòng,4 phòng,Đã có sổ,"Nhà ngõ, hẻm",,,"91,11 triệu/m²",,6,,Nội thất đầy đủ,,ha-noi,"BÁN NHÀ PHƯƠNG CANH 45M2, 4 TẦNG, NHÀ MỚI ĐẸP 4TỶ1",,"Đường Xuân Phương, Phường Phương Canh, Quận Nam Từ Liêm, Hà NộiXem bản đồ",
50 m²,6 phòng,,Đã có sổ,"Nhà ngõ, hẻm",,,212 triệu/m²,,,Hẻm xe hơi,Nhà trống,,ha-noi,"Bán nhà Tây Sơn - Đống Đa. Ô tô đậu cửa, kinh doanh đỉnh, dân trí cao.",,"Tây Sơn, Phường Láng Thượng, Quận Đống Đa, Hà NộiXem bản đồ",
47.5 m²,4 phòng,3 phòng,Đã có sổ,"Nhà ngõ, hẻm",,,"98,95 triệu/m²",,4,,Nội thất đầy đủ,,ha-noi,BÁN GẤP_NGÃ TƯ XÃ ĐÀN_TRUNG PHỤNG_35m RA MẶT PHỐ_47m2 * 4T_Ở NGAY,,"Ngõ 514 Xã Đàn, Phường Nam Đồng, Quận Đống Đa, Hà NộiXem bản đồ",
61 m²,3 phòng,4 phòng,Đã có sổ,"Nhà mặt phố, mặt tiền",,,"122,95 triệu/m²",,5,,Nội thất cao cấp,,ha-noi,"Cần bán nhà Thạch Bàn view hồ, ô tô tránh 61m 5 tầng MT6m hơn 7 tỷ",,"Đường Thạch Bàn, Phường Thạch Bàn, Quận Long Biên, Hà NộiXem bản đồ",
32 m²,3 phòng,4 phòng,Đã có sổ,"Nhà ngõ, hẻm",,,"118,75 triệu/m²",,5,,,,ha-noi,NHÀ YÊN NGHĨA MẶT NGÕ ÔTÔ KINH DOANH 32M 5T 3.8TỶ,,"Phố Yên Lộ, Phường Yên Nghĩa, Quận Hà Đông, Hà NộiXem bản đồ",
36 m²,4 phòng,,Đã có sổ,"Nhà ngõ, hẻm",,36 m²,"163,89 triệu/m²",,,Hẻm xe hơi,Nội thất đầy đủ,,ha-noi,"Bán nhà Trần Thái Tông 5 tầng, ngõ rộng, gần CV Cầu giấy, nhỉnh 5 tỷ",,"trần thái tông, Phường Dịch Vọng Hậu, Quận Cầu Giấy, Hà NộiXem bản đồ",
52 m²,4 phòng,5 phòng,Đã có sổ,"Nhà ngõ, hẻm",,,"98,08 triệu/m²",,6,,Nội thất đầy đủ,,ha-noi,"BÁN NHÀ BA ĐÍNH, DÂN XÂY, NGÕ TRƯỚC NHÀ 3M, GẦN PHỐ, 52M, CHỈ CÓ 5 TỶ.",,"Phố Vĩnh Phúc, Phường Vĩnh Phúc, Quận Ba Đình, Hà NộiXem bản đồ",
37 m²,4 phòng,4 phòng,Đã có sổ,"Nhà ngõ, hẻm",,,"126,22 triệu/m²",,5,,Nội thất cao cấp,,ha-noi,"Bán gấp nhà ngõ 36 Đào Tấn, 37m2, 4x9m, 3 thoáng, 4.67 tỷ.",,"Phố Đào Tấn, Phường Cống Vị, Quận Ba Đình, Hà NộiXem bản đồ",
38 m²,5 phòng,5 phòng,Đã có sổ,"Nhà ngõ, hẻm",,,"131,58 triệu/m²",,5,,Nội thất cao cấp,,ha-noi,"Bán gấp nhà ngõ 97 Văn Cao, ô tô, kinh doanh nhỏ, lô góc, 38m2, 5 tỷ.",,"97 văn cao, Phường Cống Vị, Quận Ba Đình, Hà NộiXem bản đồ",
55 m²,6 phòng,6 phòng,Đã có sổ,"Nhà ngõ, hẻm",,,100 triệu/m²,,5,,Nội thất đầy đủ,,ha-noi,"BÁN NHÀ ĐỘI CẤN, NHÀ XÂY MỚI ĐÓN TẾT, GẦN PHỐ, 55M2, NHỈNH 5 TỶ.",,"Ngõ 279 Phố Đội Cấn, Phường Đội Cấn, Quận Ba Đình, Hà NộiXem bản đồ",
